Time Lapsed,Temperature
0.000,29.29
0.003,29.27
0.005,29.29
0.006,29.27
0.006,29.32
0.008,29.27
0.008,29.29
0.010,29.32
0.092,29.27
0.179,29.29
0.278,29.27
0.378,29.3
0.486,29.29
0.584,29.3
0.689,29.3
0.788,29.33
0.898,29.29
0.996,29.3
1.096,29.33
1.199,29.27
1.271,29.3
1.391,29.3
1.474,29.32
1.574,29.29
1.648,29.33
1.810,29.3
1.932,29.29
1.959,29.32
2.109,29.29
2.219,29.27
2.253,29.3
2.356,29.3
2.452,29.3
2.552,29.29
2.660,29.29
2.758,29.3
2.859,29.32
2.962,29.29
3.065,29.29
3.143,29.29
3.244,29.32
3.359,29.3
3.451,29.25
3.552,29.32
3.655,29.3
3.770,29.33
3.864,29.3
3.961,29.3
4.059,29.29
4.167,29.3
4.271,29.3
4.371,29.3
4.459,29.33
4.577,29.32
4.680,29.3
4.780,29.32
4.891,29.33
4.988,29.27
5.087,29.32
5.195,29.29
5.293,29.32
5.395,29.29
5.493,29.3
5.606,29.3
5.702,29.33
5.805,29.32
5.930,29.27
5.947,29.3
6.043,29.3
6.143,29.27
6.243,29.29
6.341,29.32
6.442,29.25
6.545,29.3
6.636,29.32
56.734,29.29
56.861,29.32
56.947,29.29
57.057,29.35
57.153,29.29
57.238,29.29
57.336,29.32
57.449,29.3
57.545,29.32
57.643,29.3
57.741,29.3
57.861,29.27
57.957,29.27
58.057,29.27
58.180,29.32
58.273,29.27
58.396,29.33
58.471,29.3
58.570,29.3
58.673,29.3
58.768,29.32
58.869,29.33
59.008,29.3
59.082,29.27
59.185,29.3
59.287,29.3
59.393,29.29
59.494,29.33
59.606,29.29
59.699,29.29
59.728,29.24
59.900,29.33
59.929,29.3
60.040,29.29
60.141,29.33
60.238,29.27
60.339,29.27
60.447,29.33
60.547,29.32
60.623,29.32
60.729,29.3
60.837,29.25
60.925,29.3
61.027,29.3
61.131,29.33
61.233,29.29
61.327,29.29
61.442,29.32
61.552,29.27
61.648,29.3
61.744,29.3
61.854,29.3
61.951,29.27
62.052,29.27
62.177,29.3
62.270,29.27
62.364,29.3
62.461,29.29
62.589,29.33
62.667,29.29
62.771,29.27
62.912,29.27
62.984,29.25
63.079,29.3
63.187,29.29
63.290,29.3
63.320,29.27
63.415,29.27
63.594,29.29
63.623,29.3
63.724,29.29
63.824,29.27
63.925,29.3
64.015,29.29
64.128,29.27
64.226,29.29
64.327,29.29
64.425,29.27
64.533,29.29
64.633,29.3
64.751,29.27
64.831,29.3
64.935,29.27
65.055,29.3
65.130,29.27
65.231,29.3
65.332,29.27
65.432,29.3
65.530,29.29
65.635,29.32
65.739,29.29
65.854,29.29
65.942,29.29
66.043,29.24
66.146,29.27
66.263,29.3
66.364,29.29
66.459,29.29
66.557,29.29
66.658,29.3
116.761,29.3
116.864,29.29
116.966,29.27
117.070,29.29
117.192,29.25
117.229,29.27
117.376,29.24
117.407,29.33
117.505,29.3
117.619,29.3
117.712,29.27
117.810,29.29
117.912,29.3
118.008,29.29
118.125,29.29
118.219,29.3
118.322,29.25
118.427,29.27
118.506,29.27
118.609,29.29
118.707,29.29
118.815,29.29
118.913,29.27
119.015,29.27
119.109,29.27
119.229,29.25
119.326,29.27
119.423,29.27
119.528,29.29
119.636,29.29
119.739,29.27
119.842,29.27
119.939,29.27
120.045,29.24
120.150,29.3
120.263,29.27
120.353,29.3
120.457,29.27
120.559,29.29
120.675,29.24
120.756,29.27
120.856,29.24
120.962,29.27
120.998,29.25
121.165,29.3
121.195,29.22
121.295,29.27
121.398,29.27
121.496,29.24
121.599,29.27
121.699,29.27
121.804,29.24
121.905,29.22
122.008,29.24
122.101,29.24
122.212,29.27
122.293,29.29
122.396,29.25
122.511,29.25
122.597,29.27
122.721,29.25
122.834,29.24
122.908,29.27
123.011,29.29
123.111,29.25
123.212,29.24
123.315,29.29
123.420,29.25
123.521,29.25
123.614,29.24
123.726,29.22
123.827,29.27
123.939,29.3
124.032,29.29
124.136,29.29
124.238,29.24
124.349,29.24
124.445,29.27
124.543,29.25
124.648,29.22
124.746,29.25
124.851,29.24
124.883,29.25
125.038,29.22
125.160,29.25
125.187,29.27
125.285,29.25
125.408,29.27
125.494,29.22
125.591,29.24
125.689,29.24
125.798,29.25
125.881,29.25
125.984,29.25
126.109,29.24
126.187,29.24
126.298,29.22
126.402,29.21
126.510,29.22
126.601,29.27
126.702,29.25
176.800,29.27
176.908,29.27
177.011,29.25
177.109,29.27
177.214,29.27
177.317,29.21
177.420,29.24
177.521,29.24
177.621,29.25
177.726,29.24
177.824,29.22
177.930,29.24
178.027,29.24
178.128,29.22
178.229,29.24
178.346,29.25
178.435,29.27
178.538,29.21
178.641,29.27
178.758,29.21
178.788,29.22
178.875,29.24
179.084,29.25
179.160,29.22
179.187,29.21
179.285,29.25
179.381,29.24
179.472,29.27
179.592,29.25
179.690,29.24
179.790,29.25
179.891,29.22
179.972,29.22
180.077,29.24
180.185,29.22
180.278,29.24
180.385,29.25
180.511,29.24
180.597,29.22
180.687,29.21
180.792,29.22
180.891,29.24
180.996,29.24
181.121,29.24
181.201,29.25
181.302,29.22
181.398,29.24
181.508,29.22
181.611,29.24
181.724,29.24
181.798,29.21
181.918,29.24
182.025,29.21
182.123,29.24
182.244,29.21
182.315,29.19
182.434,29.21
182.462,29.25
182.635,29.24
182.662,29.27
182.782,29.21
182.866,29.24
182.964,29.24
183.062,29.21
183.158,29.21
183.261,29.21
183.373,29.21
183.464,29.21
183.562,29.24
183.660,29.24
183.768,29.21
183.861,29.21
183.994,29.21
184.076,29.24
184.179,29.22
184.280,29.22
184.403,29.21
184.484,29.24
184.597,29.22
184.685,29.21
184.788,29.24
184.888,29.22
185.006,29.27
185.099,29.21
185.199,29.22
185.258,29.21
185.402,29.24
185.464,29.21
185.564,29.24
185.668,29.19
185.809,29.19
185.915,29.22
185.952,29.19
186.116,29.21
186.153,29.21
186.253,29.21
186.351,29.21
186.459,29.21
186.555,29.22
186.655,29.24
476.755,29.19
476.869,29.19
476.966,29.21
477.062,29.21
477.168,29.19
477.248,29.19
477.371,29.21
477.447,29.22
477.552,29.21
477.653,29.21
477.756,29.19
477.856,29.21
477.967,29.22
478.060,29.19
478.182,29.17
478.271,29.19
478.385,29.17
478.469,29.25
478.572,29.19
478.680,29.17
478.802,29.21
478.878,29.17
479.006,29.21
479.094,29.19
479.190,29.16
479.250,29.19
479.393,29.21
479.496,29.16
479.559,29.21
479.668,29.21
479.775,29.17
479.842,29.22
479.942,29.21
480.043,29.21
480.211,29.19
480.320,29.17
480.347,29.21
480.445,29.19
480.548,29.17
480.653,29.19
480.750,29.17
480.842,29.19
480.961,29.17
481.037,29.21
481.143,29.19
481.253,29.19
481.344,29.17
481.445,29.19
481.543,29.17
481.646,29.19
481.748,29.21
481.851,29.17
481.944,29.21
482.055,29.21
482.158,29.19
482.258,29.21
482.361,29.17
482.464,29.21
482.572,29.16
482.680,29.21
482.773,29.19
482.873,29.21
482.976,29.17
483.092,29.17
483.187,29.17
483.287,29.21
483.388,29.19
483.493,29.19
483.542,29.17
483.714,29.17
483.798,29.21
483.854,29.17
483.961,29.19
484.038,29.17
484.204,29.19
484.233,29.17
484.339,29.21
484.434,29.16
484.542,29.19
484.643,29.21
484.744,29.21
484.844,29.19
484.929,29.16
485.028,29.17
485.125,29.19
485.253,29.17
485.332,29.16
485.432,29.17
485.537,29.17
485.638,29.19
485.743,29.16
485.842,29.17
485.945,29.17
486.055,29.14
486.153,29.14
486.256,29.16
486.354,29.17
486.466,29.19
486.565,29.17
486.663,29.16
536.766,29.16
536.866,29.17
536.969,29.16
537.094,29.17
537.180,29.17
537.283,29.16
537.388,29.19
537.501,29.17
537.584,29.16
537.719,29.14
537.722,29.17
537.824,29.16
537.918,29.17
538.018,29.17
538.128,29.17
538.229,29.14
538.336,29.21
538.432,29.17
538.611,29.14
538.638,29.14
538.736,29.16
538.815,29.17
538.927,29.16
539.018,29.16
539.121,29.17
539.222,29.17
539.339,29.14
539.435,29.17
539.533,29.17
539.633,29.17
539.736,29.17
539.822,29.16
539.939,29.14
540.030,29.14
540.114,29.16
540.238,29.17
540.327,29.19
540.449,29.16
540.555,29.14
540.658,29.13
540.768,29.13
540.864,29.11
540.964,29.14
541.096,29.13
541.177,29.13
541.209,29.13
541.307,29.16
541.474,29.13
541.577,29.16
541.709,29.14
541.712,29.14
541.809,29.14
541.910,29.14
542.015,29.16
542.118,29.14
542.236,29.14
542.326,29.16
542.405,29.14
542.525,29.14
542.625,29.16
542.728,29.14
542.805,29.16
542.908,29.14
543.016,29.1
543.116,29.14
543.219,29.14
543.337,29.13
543.425,29.13
543.525,29.14
543.625,29.11
543.750,29.14
543.817,29.14
543.900,29.14
544.003,29.16
544.109,29.14
544.212,29.17
544.347,29.16
544.454,29.14
544.579,29.16
544.653,29.13
544.761,29.13
544.863,29.14
544.967,29.13
545.062,29.16
545.175,29.14
545.268,29.14
545.297,29.11
545.396,29.14
545.498,29.13
545.609,29.13
545.707,29.16
545.802,29.16
545.910,29.11
546.011,29.1
546.106,29.13
546.212,29.14
546.310,29.13
546.415,29.13
546.523,29.1
546.594,29.13
596.717,29.14
596.812,29.14
596.908,29.13
597.013,29.16
597.106,29.13
597.209,29.13
597.315,29.13
597.425,29.13
597.523,29.13
597.621,29.11
597.748,29.1
597.827,29.11
597.932,29.11
598.054,29.11
598.130,29.14
598.233,29.13
598.337,29.11
598.440,29.13
598.506,29.1
598.643,29.11
598.753,29.14
598.853,29.1
598.949,29.11
599.084,29.08
599.087,29.13
599.263,29.1
599.292,29.11
599.388,29.11
599.484,29.13
599.584,29.14
599.690,29.13
599.795,29.08
599.891,29.1
600.000,29.13
600.099,29.14
600.195,29.11
600.320,29.11
600.391,29.11
600.489,29.1
600.592,29.1
600.721,29.11
600.793,29.08
600.898,29.13
601.003,29.11
601.103,29.11
601.211,29.11
601.315,29.1
601.423,29.13
601.513,29.11
601.646,29.11
601.726,29.08
601.834,29.1
601.929,29.11
602.033,29.11
602.128,29.08
602.231,29.11
602.334,29.11
602.435,29.08
602.533,29.11
602.636,29.08
602.741,29.08
602.842,29.08
602.945,29.13
603.047,29.08
603.076,29.11
603.260,29.11
603.278,29.08
603.378,29.08
603.479,29.11
603.582,29.1
603.695,29.11
603.793,29.13
603.895,29.06
603.996,29.11
604.077,29.1
604.173,29.11
604.277,29.11
604.380,29.1
604.472,29.08
604.574,29.08
604.675,29.13
604.775,29.1
604.893,29.06
604.991,29.08
605.099,29.08
605.199,29.05
605.305,29.08
605.408,29.08
605.510,29.06
605.609,29.06
605.709,29.05
605.832,29.08
605.925,29.08
606.021,29.1
606.119,29.1
606.219,29.08
606.331,29.08
606.432,29.1
606.533,29.08
606.569,29.08
656.734,29.08
656.766,29.08
656.945,29.08
656.976,29.11
657.064,29.08
657.170,29.1
657.271,29.08
657.371,29.08
657.472,29.08
657.577,29.08
657.670,29.08
657.780,29.1
657.863,29.1
657.991,29.06
658.084,29.08
658.175,29.1
658.273,29.1
658.381,29.06
658.481,29.08
658.579,29.05
658.680,29.08
658.812,29.05
658.893,29.05
658.989,29.08
659.089,29.05
659.192,29.05
659.293,29.05
659.396,29.05
659.532,29.08
659.606,29.06
659.702,29.05
659.804,29.06
659.918,29.06
660.016,29.06
660.118,29.08
660.214,29.11
660.317,29.05
660.420,29.05
660.521,29.05
660.609,29.06
660.653,29.06
660.832,29.03
660.861,29.06
661.035,29.06
661.062,29.08
661.162,29.05
661.266,29.08
661.373,29.05
661.472,29.06
661.574,29.06
661.648,29.05
661.780,29.03
661.854,29.05
661.957,29.05
662.081,29.06
662.172,29.05
662.268,29.05
662.373,29.08
662.493,29.03
662.574,29.05
662.670,29.06
662.775,29.06
662.883,29.05
662.979,29.05
663.082,29.03
663.185,29.06
663.293,29.06
663.356,29.05
663.459,29.08
663.567,29.06
663.695,29.03
663.800,29.05
663.918,29.05
664.006,29.05
664.109,29.03
664.212,29.03
664.329,29.02
664.418,29.0
664.445,29.05
664.543,29.02
664.653,29.02
664.753,29.08
664.854,29.05
664.957,29.02
665.059,29.02
665.157,29.03
665.265,29.05
665.344,29.03
665.442,29.05
665.548,29.02
665.646,29.02
665.755,29.05
665.849,29.02
665.952,29.05
666.055,29.05
666.168,29.02
666.287,29.05
666.361,29.05
666.462,29.02
666.570,29.06
666.665,29.05
716.768,29.02
716.856,29.03
716.976,29.05
717.077,29.02
717.180,29.03
717.282,29.05
717.385,29.05
717.503,29.0
717.592,29.02
717.653,29.02
717.760,29.05
717.886,29.03
718.005,29.03
718.033,29.06
718.204,29.05
718.231,29.02
718.410,29.02
718.439,29.02
718.540,29.02
718.636,29.05
718.744,29.02
718.844,29.05
718.944,29.02
719.033,29.03
719.131,29.02
719.233,29.0
719.331,29.0
719.437,28.99
719.565,29.0
719.638,29.02
719.744,29.0
719.842,29.03
719.949,28.99
720.047,29.03
720.165,29.03
720.253,29.0
720.353,28.99
720.454,29.06
720.577,28.99
720.665,29.02
720.763,28.97
720.866,29.02
720.972,29.05
721.072,29.03
721.172,29.02
721.278,29.0
721.381,29.0
721.481,28.99
721.586,29.0
721.689,29.05
721.795,29.03
721.822,29.0
721.922,29.02
722.028,29.02
722.128,29.03
722.226,29.0
722.327,29.0
722.437,29.02
722.530,29.02
722.638,29.03
722.739,28.97
722.839,28.99
722.937,28.99
723.020,29.0
723.123,28.99
723.224,28.99
723.324,29.0
723.423,29.03
723.516,28.99
723.636,28.99
723.736,28.97
723.841,28.99
723.937,28.95
724.045,28.99
724.143,28.99
724.251,29.0
724.351,29.0
724.454,29.0
724.574,28.99
724.653,28.99
724.785,29.0
724.858,29.0
724.942,28.99
725.062,29.05
725.165,29.02
725.268,28.99
725.312,28.99
725.474,28.99
725.577,28.99
725.680,29.0
725.717,29.02
725.815,28.95
725.913,29.0
726.010,28.95
726.114,28.97
726.212,28.99
726.320,29.0
726.413,28.99
726.523,28.99
726.628,28.99
776.726,28.95
776.824,28.95
776.935,28.95
777.008,28.95
777.114,29.0
777.228,28.99
777.315,28.99
777.418,28.99
777.523,28.95
777.628,28.97
777.731,28.99
777.834,28.99
777.932,28.99
778.030,28.95
778.136,29.0
778.251,28.94
778.344,29.02
778.445,28.95
778.552,28.99
778.662,28.97
778.761,28.99
778.859,29.0
778.986,28.99
779.060,28.95
779.165,28.94
779.270,28.94
779.371,28.94
779.479,28.94
779.510,28.95
779.606,28.99
779.775,28.94
779.805,28.94
779.902,29.0
780.003,28.95
780.113,28.97
780.214,28.97
780.312,28.95
780.413,28.94
780.525,28.92
780.599,28.95
780.697,28.97
780.798,28.92
780.915,28.99
781.013,28.95
781.111,28.95
781.214,28.99
781.310,28.95
781.413,28.92
781.515,28.95
781.626,28.95
781.746,29.0
781.804,28.99
781.932,28.95
782.015,28.92
782.099,28.97
782.221,28.95
782.337,28.95
782.410,29.0
782.530,28.95
782.660,28.92
782.729,28.95
782.849,28.94
782.947,28.94
783.072,28.94
783.153,28.95
783.255,28.92
783.358,28.91
783.396,28.97
783.491,28.94
783.591,28.95
783.687,28.97
783.793,28.91
783.898,28.95
783.994,28.94
784.099,28.89
784.202,28.95
784.302,28.94
784.385,28.94
784.498,28.92
784.591,28.89
784.690,28.88
784.793,28.97
784.910,28.94
785.006,28.94
785.104,28.92
785.204,28.95
785.288,28.92
785.408,28.94
785.506,28.94
785.601,28.94
785.685,28.94
785.815,28.92
785.912,28.89
786.028,28.92
786.128,28.92
786.233,28.94
786.337,28.91
786.415,28.86
786.540,28.92
786.636,28.89
1076.721,28.91
1076.841,28.92
1076.940,28.91
1077.035,28.91
1077.140,28.92
1077.246,28.91
1077.280,28.91
1077.378,28.92
1077.476,28.89
1077.579,28.91
1077.682,28.91
1077.863,28.97
1077.891,28.89
1077.989,28.92
1078.094,28.92
1078.177,28.92
1078.295,28.94
1078.376,28.88
1078.479,28.86
1078.584,28.88
1078.687,28.92
1078.783,28.92
1078.881,28.88
1078.998,28.89
1079.094,28.91
1079.194,28.89
1079.275,28.91
1079.400,28.91
1079.501,28.89
1079.643,28.91
1079.709,28.92
1079.807,28.89
1079.869,28.92
1079.978,28.92
1080.084,28.92
1080.195,28.92
1080.298,28.89
1080.423,28.91
1080.511,28.84
1080.621,28.91
1080.668,28.89
1080.770,28.86
1080.866,28.86
1081.035,28.89
1081.158,28.91
1081.253,28.89
1081.280,28.89
1081.378,28.88
1081.481,28.89
1081.582,28.89
1081.685,28.92
1081.782,28.89
1081.881,28.88
1081.981,28.88
1082.067,28.91
1082.260,28.89
1082.266,28.91
1082.369,28.88
1082.479,28.89
1082.608,28.89
1082.677,28.89
1082.804,28.89
1082.866,28.83
1082.994,28.92
1083.077,28.88
1083.190,28.89
1083.319,28.89
1083.369,28.86
1083.496,28.89
1083.596,28.88
1083.685,28.86
1083.795,28.89
1083.898,28.89
1084.006,28.89
1084.104,28.84
1084.204,28.86
1084.309,28.86
1084.447,28.91
1084.523,28.89
1084.619,28.84
1084.733,28.86
1084.760,28.86
1084.859,28.89
1084.957,28.88
1085.057,28.92
1085.155,28.89
1085.265,28.89
1085.364,28.89
1085.464,28.86
1085.567,28.86
1085.667,28.86
1085.771,28.88
1085.858,28.81
1085.962,28.89
1086.062,28.88
1086.160,28.89
1086.268,28.83
1086.368,28.89
1086.467,28.89
1086.570,28.89
1086.670,28.89
1136.771,28.88
1136.873,28.89
1136.993,28.88
1137.103,28.86
1137.180,28.91
1137.263,28.89
1137.405,28.84
1137.489,28.86
1137.550,28.84
1137.695,28.86
1137.798,28.89
1137.900,28.83
1137.967,28.81
1138.069,28.84
1138.212,28.89
1138.310,28.86
1138.378,28.89
1138.484,28.89
1138.543,28.83
1138.646,28.83
1138.744,28.84
1138.854,28.83
1138.940,28.84
1139.045,28.84
1139.143,28.83
1139.241,28.86
1139.349,28.83
1139.444,28.88
1139.567,28.86
1139.653,28.83
1139.750,28.83
1139.854,28.88
1139.979,28.86
1140.055,28.81
1140.184,28.86
1140.261,28.88
1140.344,28.84
1140.466,28.86
1140.569,28.84
1140.670,28.86
1140.766,28.86
1140.868,28.86
1140.969,28.86
1141.079,28.84
1141.179,28.86
1141.277,28.81
1141.378,28.81
1141.481,28.83
1141.547,28.84
1141.695,28.8
1141.792,28.84
1141.854,28.83
1141.957,28.84
1142.062,28.83
1142.138,28.83
1142.239,28.86
1142.341,28.86
1142.440,28.86
1142.530,28.8
1142.631,28.81
1142.751,28.81
1142.849,28.86
1142.945,28.81
1143.042,28.84
1143.143,28.84
1143.241,28.83
1143.334,28.8
1143.439,28.84
1143.532,28.83
1143.631,28.86
1143.736,28.84
1143.844,28.88
1143.942,28.81
1144.043,28.8
1144.148,28.83
1144.251,28.88
1144.351,28.83
1144.459,28.83
1144.555,28.8
1144.658,28.84
1144.760,28.83
1144.861,28.76
1144.972,28.83
1145.079,28.8
1145.168,28.81
1145.273,28.83
1145.381,28.8
1145.491,28.8
1145.587,28.83
1145.685,28.84
1145.783,28.81
1145.893,28.83
1145.922,28.81
1146.097,28.81
1146.126,28.81
1146.229,28.81
1146.329,28.8
1146.430,28.81
1146.609,28.8
1146.640,28.8
1196.738,28.81
1196.841,28.8
1196.940,28.8
1197.018,28.84
1197.123,28.81
1197.219,28.8
1197.329,28.81
1197.429,28.76
1197.530,28.81
1197.652,28.8
1197.741,28.8
1197.842,28.73
1197.940,28.86
1198.038,28.78
1198.141,28.81
1198.239,28.76
1198.342,28.78
1198.454,28.8
1198.550,28.83
1198.653,28.76
1198.758,28.8
1198.864,28.8
1198.959,28.8
1199.059,28.84
1199.165,28.81
1199.263,28.8
1199.366,28.78
1199.491,28.78
1199.577,28.8
1199.679,28.76
1199.805,28.83
1199.810,28.76
1199.923,28.8
1200.087,28.8
1200.116,28.8
1200.224,28.8
1200.324,28.78
1200.420,28.8
1200.525,28.8
1200.619,28.78
1200.722,28.8
1200.829,28.81
1200.927,28.76
1201.008,28.75
1201.108,28.8
1201.212,28.75
1201.326,28.73
1201.415,28.8
1201.516,28.8
1201.619,28.81
1201.739,28.78
1201.837,28.78
1201.932,28.75
1202.033,28.8
1202.136,28.76
1202.209,28.78
1202.337,28.8
1202.439,28.75
1202.548,28.76
1202.650,28.8
1202.753,28.75
1202.839,28.78
1202.964,28.76
1203.016,28.75
1203.165,28.78
1203.263,28.78
1203.368,28.78
1203.471,28.76
1203.572,28.78
1203.603,28.76
1203.702,28.78
1203.800,28.76
1203.900,28.78
1204.006,28.75
1204.111,28.78
1204.214,28.75
1204.312,28.76
1204.410,28.76
1204.510,28.76
1204.635,28.78
1204.697,28.76
1204.819,28.75
1204.896,28.75
1205.003,28.78
1205.101,28.78
1205.204,28.75
1205.310,28.8
1205.413,28.78
1205.510,28.76
1205.614,28.78
1205.736,28.75
1205.822,28.76
1205.923,28.76
1206.043,28.78
1206.148,28.76
1206.260,28.8
1206.337,28.73
1206.435,28.75
1206.501,28.73
1206.638,28.76
1256.739,28.76
1256.844,28.76
1256.949,28.76
1257.023,28.76
1257.150,28.75
1257.253,28.76
1257.354,28.76
1257.489,28.7
1257.491,28.73
1257.599,28.76
1257.695,28.76
1257.795,28.73
1257.891,28.73
1258.008,28.73
1258.104,28.73
1258.202,28.78
1258.310,28.75
1258.403,28.75
1258.498,28.7
1258.609,28.76
1258.687,28.76
1258.793,28.75
1258.891,28.78
1258.993,28.72
1259.097,28.73
1259.226,28.73
1259.300,28.72
1259.412,28.73
1259.508,28.75
1259.606,28.73
1259.717,28.75
1259.824,28.73
1259.945,28.73
1260.025,28.72
1260.119,28.73
1260.256,28.75
1260.332,28.75
1260.430,28.73
1260.559,28.72
1260.633,28.7
1260.701,28.75
1260.839,28.7
1260.940,28.73
1261.048,28.73
1261.148,28.75
1261.253,28.73
1261.337,28.7
1261.440,28.72
1261.491,28.7
1261.587,28.69
1261.685,28.73
1261.788,28.7
1261.886,28.72
1261.984,28.69
1262.097,28.75
1262.175,28.7
1262.293,28.75
1262.395,28.72
1262.472,28.72
1262.579,28.75
1262.679,28.72
1262.788,28.73
1262.893,28.7
1262.993,28.72
1263.087,28.72
1263.195,28.76
1263.295,28.76
1263.400,28.72
1263.498,28.73
1263.601,28.72
1263.702,28.73
1263.822,28.69
1263.912,28.72
1264.040,28.73
1264.118,28.7
1264.233,28.73
1264.327,28.69
1264.425,28.7
1264.527,28.7
1264.626,28.72
1264.729,28.72
1264.832,28.73
1264.888,28.7
1265.045,28.73
1265.072,28.72
1265.168,28.72
1265.341,28.7
1265.371,28.73
1265.474,28.7
1265.572,28.72
1265.682,28.69
1265.780,28.7
1265.883,28.75
1265.981,28.72
1266.070,28.7
1266.168,28.7
1266.265,28.7
1266.369,28.7
1266.467,28.75
1266.570,28.67
1266.673,28.7
1316.773,28.72
1316.878,28.7
1316.983,28.72
1317.091,28.73
1317.190,28.7
1317.288,28.7
1317.396,28.72
1317.523,28.73
1317.601,28.7
1317.697,28.72
1317.802,28.7
1317.908,28.7
1318.011,28.7
1318.108,28.69
1318.233,28.72
1318.320,28.69
1318.418,28.72
1318.515,28.69
1318.618,28.7
1318.719,28.73
1318.856,28.67
1318.858,28.69
1318.967,28.69
1319.059,28.69
1319.155,28.73
1319.256,28.69
1319.364,28.7
1319.467,28.67
1319.570,28.7
1319.653,28.7
1319.771,28.69
1319.871,28.65
1319.962,28.67
1320.067,28.67
1320.173,28.7
1320.256,28.72
1320.359,28.7
1320.481,28.7
1320.572,28.69
1320.670,28.67
1320.771,28.67
1320.876,28.7
1320.972,28.67
1321.079,28.69
1321.184,28.69
1321.285,28.69
1321.385,28.67
1321.486,28.69
1321.589,28.67
1321.694,28.69
1321.795,28.69
1321.930,28.67
1322.003,28.69
1322.101,28.69
1322.202,28.64
1322.317,28.67
1322.347,28.7
1322.515,28.69
1322.543,28.67
1322.714,28.67
1322.748,28.67
1322.846,28.67
1322.945,28.67
1323.045,28.67
1323.146,28.69
1323.244,28.67
1323.353,28.67
1323.442,28.67
1323.562,28.67
1323.658,28.7
1323.746,28.67
1323.854,28.67
1323.945,28.65
1324.050,28.69
1324.155,28.67
1324.253,28.67
1324.361,28.67
1324.479,28.65
1324.570,28.67
1324.641,28.67
1324.768,28.64
1324.846,28.64
1324.974,28.67
1325.074,28.65
1325.173,28.67
1325.285,28.62
1325.383,28.64
1325.486,28.67
1325.587,28.69
1325.695,28.67
1325.793,28.67
1325.888,28.64
1325.993,28.65
1326.092,28.7
1326.199,28.69
1326.317,28.65
1326.334,28.65
1326.503,28.7
1326.533,28.67
1326.635,28.65
1376.822,28.69
1376.849,28.67
1376.947,28.69
1377.052,28.64
1377.148,28.65
1377.250,28.64
1377.347,28.65
1377.447,28.67
1377.530,28.67
1377.653,28.69
1377.761,28.64
1377.839,28.65
1377.940,28.65
1378.059,28.65
1378.153,28.67
1378.251,28.65
1378.346,28.64
1378.435,28.64
1378.565,28.67
1378.655,28.64
1378.761,28.64
1378.863,28.65
1378.984,28.64
1379.062,28.67
1379.172,28.64
1379.256,28.61
1379.369,28.67
1379.472,28.65
1379.577,28.65
1379.677,28.65
1379.785,28.69
1379.888,28.64
1379.991,28.64
1380.086,28.65
1380.187,28.64
1380.290,28.65
1380.427,28.64
1380.430,28.65
1380.527,28.62
1380.631,28.67
1380.728,28.64
1380.837,28.64
1380.939,28.67
1381.035,28.67
1381.141,28.64
1381.246,28.62
1381.324,28.65
1381.427,28.64
1381.530,28.65
1381.630,28.64
1381.728,28.61
1381.829,28.62
1381.962,28.64
1382.065,28.62
1382.138,28.62
1382.243,28.64
1382.342,28.61
1382.447,28.62
1382.565,28.62
1382.653,28.62
1382.751,28.65
1382.851,28.61
1382.930,28.64
1383.067,28.59
1383.162,28.62
1383.261,28.64
1383.371,28.67
1383.467,28.64
1383.570,28.62
1383.633,28.62
1383.778,28.62
1383.878,28.59
1383.979,28.65
1384.111,28.61
1384.114,28.64
1384.212,28.64
1384.400,28.62
1384.417,28.64
1384.516,28.62
1384.616,28.62
1384.712,28.64
1384.812,28.64
1384.910,28.59
1385.030,28.61
1385.109,28.64
1385.211,28.62
1385.339,28.67
1385.415,28.64
1385.513,28.61
1385.616,28.61
1385.721,28.64
1385.822,28.62
1385.915,28.62
1386.030,28.64
1386.128,28.59
1386.239,28.59
1386.339,28.61
1386.437,28.61
1386.545,28.61
1386.652,28.59
1676.751,28.62
1676.847,28.64
1676.974,28.61
1677.050,28.64
1677.153,28.64
1677.255,28.61
1677.386,28.64
1677.491,28.61
1677.570,28.61
1677.711,28.61
1677.778,28.62
1677.805,28.64
1677.903,28.61
1678.003,28.61
1678.106,28.61
1678.207,28.61
1678.310,28.62
1678.410,28.61
1678.515,28.61
1678.611,28.64
1678.717,28.62
1678.812,28.61
1678.920,28.59
1678.996,28.64
1679.099,28.59
1679.224,28.64
1679.302,28.61
1679.398,28.64
1679.516,28.58
1679.616,28.61
1679.717,28.61
1679.815,28.59
1679.923,28.59
1680.030,28.62
1680.152,28.58
1680.224,28.64
1680.327,28.61
1680.430,28.61
1680.533,28.61
1680.650,28.59
1680.741,28.59
1680.847,28.61
1680.949,28.61
1681.016,28.58
1681.150,28.59
1681.255,28.59
1681.356,28.61
1681.459,28.61
1681.555,28.58
1681.658,28.61
1681.689,28.61
1681.805,28.58
1681.893,28.59
1681.994,28.61
1682.101,28.61
1682.189,28.61
1682.295,28.61
1682.403,28.61
1682.516,28.58
1682.589,28.64
1682.707,28.58
1682.793,28.61
1682.886,28.61
1682.996,28.61
1683.094,28.59
1683.224,28.61
1683.329,28.58
1683.400,28.59
1683.510,28.59
1683.621,28.61
1683.712,28.58
1683.812,28.59
1683.910,28.59
1684.030,28.59
1684.119,28.61
1684.219,28.61
1684.326,28.56
1684.427,28.61
1684.533,28.59
1684.631,28.58
1684.729,28.59
1684.841,28.59
1684.940,28.59
1685.047,28.61
1685.106,28.59
1685.212,28.59
1685.317,28.58
1685.417,28.59
1685.481,28.58
1685.684,28.58
1685.685,28.59
1685.785,28.59
1685.891,28.58
1685.989,28.56
1686.087,28.59
1686.192,28.58
1686.295,28.59
1686.393,28.58
1686.476,28.59
1686.579,28.59
1686.677,28.58
1736.780,28.54
1736.880,28.59
1736.983,28.61
1737.092,28.56
1737.189,28.58
1737.295,28.61
1737.393,28.59
1737.500,28.59
1737.601,28.58
1737.707,28.59
1737.810,28.58
1737.908,28.56
1738.030,28.59
1738.119,28.58
1738.214,28.56
1738.315,28.54
1738.415,28.58
1738.518,28.54
1738.623,28.56
1738.726,28.54
1738.856,28.54
1738.886,28.56
1739.038,28.54
1739.094,28.54
1739.195,28.56
1739.271,28.59
1739.366,28.59
1739.467,28.58
1739.565,28.58
1739.687,28.58
1739.773,28.58
1739.866,28.58
1739.976,28.56
1740.077,28.54
1740.175,28.58
1740.261,28.56
1740.366,28.56
1740.466,28.54
1740.567,28.54
1740.677,28.58
1740.778,28.58
1740.876,28.58
1740.984,28.54
1741.082,28.54
1741.182,28.54
1741.293,28.48
1741.418,28.54
1741.491,28.53
1741.599,28.54
1741.706,28.58
1741.827,28.53
1741.908,28.56
1742.032,28.58
1742.116,28.56
1742.212,28.54
1742.339,28.58
1742.412,28.56
1742.469,28.58
1742.614,28.54
1742.685,28.51
1742.826,28.56
1742.854,28.54
1742.961,28.56
1743.057,28.58
1743.229,28.56
1743.253,28.53
1743.356,28.54
1743.459,28.54
1743.565,28.54
1743.672,28.54
1743.770,28.51
1743.876,28.53
1743.954,28.54
1744.050,28.54
1744.173,28.51
1744.278,28.54
1744.364,28.56
1744.462,28.53
1744.560,28.54
1744.665,28.51
1744.770,28.56
1744.869,28.54
1744.976,28.58
1745.082,28.54
1745.179,28.54
1745.275,28.54
1745.378,28.54
1745.486,28.54
1745.591,28.56
1745.692,28.56
1745.795,28.54
1745.891,28.54
1745.994,28.53
1746.114,28.58
1746.231,28.51
1746.302,28.48
1746.413,28.56
1746.525,28.53
1746.609,28.51
1796.714,28.54
1796.744,28.58
1796.851,28.53
1796.947,28.53
1797.047,28.51
1797.153,28.53
1797.251,28.54
1797.351,28.58
1797.452,28.53
1797.555,28.53
1797.660,28.51
1797.741,28.54
1797.846,28.54
1797.956,28.56
1798.042,28.48
1798.175,28.56
1798.241,28.53
1798.349,28.53
1798.445,28.53
1798.562,28.51
1798.655,28.5
1798.768,28.54
1798.841,28.51
1798.972,28.53
1799.067,28.54
1799.168,28.53
1799.266,28.54
1799.378,28.53
1799.467,28.54
1799.582,28.54
1799.682,28.54
1799.793,28.53
1799.886,28.53
1799.988,28.54
1800.089,28.48
1800.204,28.5
1800.326,28.53
1800.398,28.56
1800.500,28.53
1800.601,28.5
1800.712,28.5
1800.741,28.53
1800.839,28.53
1800.942,28.53
1801.038,28.51
1801.146,28.53
1801.261,28.5
1801.349,28.54
1801.447,28.53
1801.550,28.53
1801.653,28.48
1801.751,28.51
1801.837,28.53
1801.937,28.53
1802.042,28.5
1802.146,28.53
1802.248,28.53
1802.361,28.53
1802.452,28.51
1802.550,28.5
1802.652,28.47
1802.746,28.5
1802.864,28.48
1802.961,28.51
1803.062,28.51
1803.168,28.5
1803.293,28.51
1803.366,28.51
1803.474,28.5
1803.603,28.51
1803.680,28.48
1803.778,28.53
1803.878,28.5
1803.981,28.51
1804.114,28.5
1804.199,28.53
1804.312,28.5
1804.390,28.51
1804.500,28.51
1804.525,28.48
1804.635,28.43
1804.733,28.53
1804.829,28.51
1804.935,28.51
1805.040,28.54
1805.141,28.5
1805.239,28.51
1805.339,28.5
1805.435,28.51
1805.527,28.54
1805.630,28.5
1805.722,28.53
1805.834,28.48
1805.930,28.48
1806.035,28.51
1806.125,28.53
1806.228,28.5
1806.332,28.51
1806.449,28.5
1806.545,28.48
1806.650,28.48
1856.773,28.5
1856.851,28.48
1856.949,28.5
1857.045,28.5
1857.155,28.5
1857.251,28.5
1857.354,28.51
1857.469,28.53
1857.577,28.5
1857.701,28.48
1857.777,28.5
1857.876,28.51
1857.967,28.48
1858.079,28.48
1858.179,28.48
1858.285,28.48
1858.314,28.5
1858.412,28.45
1858.510,28.51
1858.611,28.47
1858.722,28.48
1858.824,28.5
1858.922,28.48
1859.021,28.47
1859.126,28.48
1859.207,28.48
1859.310,28.48
1859.413,28.47
1859.516,28.5
1859.616,28.45
1859.714,28.47
1859.822,28.48
1859.920,28.48
1860.025,28.47
1860.126,28.48
1860.229,28.5
1860.331,28.5
1860.447,28.5
1860.537,28.48
1860.643,28.48
1860.739,28.48
1860.859,28.51
1860.954,28.48
1861.052,28.47
1861.108,28.51
1861.217,28.48
1861.319,28.48
1861.462,28.45
1861.560,28.5
1861.635,28.51
1861.795,28.45
1861.800,28.5
1861.976,28.43
1862.005,28.43
1862.101,28.51
1862.207,28.48
1862.309,28.42
1862.408,28.48
1862.513,28.48
1862.609,28.45
1862.695,28.45
1862.798,28.51
1862.915,28.45
1863.020,28.45
1863.106,28.48
1863.202,28.48
1863.300,28.45
1863.403,28.43
1863.505,28.45
1863.606,28.48
1863.714,28.47
1863.847,28.48
1863.920,28.47
1864.016,28.45
1864.123,28.45
1864.221,28.47
1864.332,28.45
1864.430,28.45
1864.535,28.5
1864.631,28.45
1864.733,28.47
1864.856,28.42
1864.942,28.43
1865.040,28.47
1865.146,28.45
1865.271,28.45
1865.297,28.48
1865.410,28.48
1865.516,28.48
1865.592,28.48
1865.719,28.45
1865.795,28.48
1865.898,28.47
1865.994,28.48
1866.097,28.45
1866.192,28.45
1866.298,28.45
1866.400,28.48
1866.503,28.47
1866.606,28.47
1866.694,28.47
1916.807,28.45
1916.886,28.47
1916.986,28.43
1917.106,28.43
1917.204,28.45
1917.300,28.48
1917.403,28.47
1917.496,28.45
1917.603,28.47
1917.702,28.43
1917.805,28.45
1917.913,28.39
1918.013,28.47
1918.121,28.42
1918.214,28.45
1918.317,28.43
1918.420,28.43
1918.555,28.43
1918.623,28.42
1918.719,28.45
1918.837,28.39
1918.944,28.45
1919.043,28.43
1919.146,28.47
1919.177,28.47
1919.349,28.45
1919.445,28.42
1919.555,28.43
1919.582,28.45
1919.677,28.45
1919.778,28.45
1919.876,28.4
1920.072,28.43
1920.099,28.45
1920.194,28.43
1920.295,28.45
1920.393,28.42
1920.491,28.47
1920.592,28.45
1920.673,28.4
1920.780,28.43
1920.886,28.45
1920.986,28.45
1921.106,28.42
1921.194,28.42
1921.320,28.43
1921.391,28.4
1921.491,28.43
1921.613,28.4
1921.685,28.43
1921.782,28.45
1921.908,28.43
1922.013,28.45
1922.109,28.39
1922.212,28.42
1922.320,28.45
1922.418,28.42
1922.521,28.42
1922.619,28.42
1922.746,28.43
1922.824,28.4
1922.942,28.42
1923.033,28.4
1923.130,28.43
1923.234,28.39
1923.359,28.4
1923.378,28.42
1923.538,28.42
1923.567,28.43
1923.677,28.42
1923.780,28.42
1923.878,28.43
1923.986,28.4
1924.076,28.43
1924.177,28.42
1924.280,28.42
1924.385,28.39
1924.469,28.43
1924.570,28.4
1924.668,28.39
1924.780,28.45
1924.873,28.42
1924.991,28.39
1925.089,28.4
1925.192,28.42
1925.288,28.39
1925.391,28.42
1925.516,28.4
1925.597,28.4
1925.690,28.4
1925.761,28.45
1925.903,28.43
1925.974,28.4
1926.074,28.42
1926.195,28.43
1926.336,28.39
1926.415,28.4
1926.483,28.39
1926.618,28.42
1976.717,28.37
1976.820,28.39
1976.922,28.42
1977.030,28.42
1977.057,28.39
1977.155,28.45
1977.322,28.4
1977.423,28.4
1977.472,28.42
1977.557,28.39
1977.660,28.43
1977.761,28.39
1977.866,28.4
1977.967,28.39
1978.087,28.4
1978.153,28.39
1978.255,28.4
1978.356,28.35
1978.456,28.39
1978.564,28.45
1978.660,28.42
1978.761,28.42
1978.868,28.35
1978.967,28.4
1979.072,28.39
1979.190,28.43
1979.278,28.4
1979.376,28.37
1979.479,28.39
1979.603,28.4
1979.692,28.37
1979.792,28.4
1979.888,28.39
1979.949,28.39
1980.048,28.39
1980.155,28.37
1980.292,28.37
1980.408,28.39
1980.467,28.45
1980.604,28.4
1980.677,28.4
1980.810,28.39
1980.915,28.39
1980.942,28.39
1981.052,28.39
1981.145,28.39
1981.244,28.4
1981.344,28.42
1981.462,28.37
1981.562,28.35
1981.662,28.43
1981.763,28.43
1981.841,28.39
1981.942,28.35
1982.043,28.35
1982.141,28.43
1982.251,28.35
1982.356,28.39
1982.459,28.43
1982.552,28.39
1982.662,28.39
1982.765,28.35
1982.866,28.39
1983.072,28.35
1983.074,28.4
1983.173,28.39
1983.278,28.39
1983.376,28.37
1983.474,28.42
1983.574,28.4
1983.677,28.34
1983.780,28.35
1983.883,28.34
1984.011,28.39
1984.087,28.37
1984.195,28.35
1984.334,28.35
1984.396,28.37
1984.451,28.39
1984.601,28.39
1984.665,28.37
1984.768,28.4
1984.836,28.35
1984.942,28.35
1985.038,28.39
1985.138,28.35
1985.236,28.39
1985.339,28.35
1985.437,28.35
1985.550,28.35
1985.646,28.35
1985.743,28.34
1985.849,28.39
1985.930,28.39
1986.033,28.35
1986.133,28.39
1986.241,28.35
1986.339,28.37
1986.442,28.37
1986.545,28.39
1986.653,28.35
2276.755,28.34
2276.859,28.37
2276.954,28.35
2277.057,28.32
2277.160,28.4
2277.275,28.35
2277.373,28.35
2277.471,28.34
2277.570,28.35
2277.687,28.32
2277.783,28.39
2277.880,28.34
2277.979,28.35
2278.081,28.35
2278.185,28.35
2278.293,28.32
2278.324,28.35
2278.423,28.35
2278.520,28.34
2278.623,28.37
2278.797,28.35
2278.824,28.37
2278.935,28.35
2279.033,28.29
2279.138,28.34
2279.233,28.39
2279.339,28.34
2279.444,28.37
2279.525,28.35
2279.619,28.35
2279.750,28.34
2279.847,28.34
2279.927,28.26
2280.057,28.39
2280.128,28.34
2280.258,28.29
2280.332,28.32
2280.439,28.35
2280.538,28.31
2280.652,28.34
2280.773,28.34
2280.851,28.35
2280.951,28.34
2281.050,28.34
2281.162,28.32
2281.256,28.32
2281.363,28.35
2281.461,28.32
2281.564,28.32
2281.685,28.29
2281.771,28.31
2281.876,28.32
2281.979,28.34
2282.097,28.31
2282.180,28.34
2282.282,28.35
2282.388,28.32
2282.420,28.26
2282.520,28.32
2282.616,28.31
2282.716,28.32
2282.815,28.32
2282.913,28.31
2283.006,28.32
2283.104,28.34
2283.209,28.32
2283.305,28.32
2283.430,28.31
2283.521,28.31
2283.616,28.35
2283.712,28.32
2283.815,28.31
2283.935,28.32
2284.030,28.34
2284.109,28.31
2284.207,28.35
2284.315,28.35
2284.437,28.34
2284.537,28.35
2284.643,28.35
2284.741,28.31
2284.814,28.35
2284.915,28.32
2285.048,28.32
2285.148,28.34
2285.243,28.32
2285.359,28.31
2285.452,28.29
2285.557,28.26
2285.662,28.32
2285.768,28.32
2285.864,28.31
2285.964,28.32
2286.070,28.29
2286.114,28.31
2286.202,28.29
2286.307,28.37
2286.405,28.32
2286.503,28.35
2286.613,28.32
2336.711,28.34
2336.888,28.31
2336.915,28.32
2336.998,28.31
2337.101,28.26
2337.199,28.31
2337.305,28.26
2337.403,28.32
2337.506,28.28
2337.609,28.32
2337.706,28.28
2337.809,28.29
2337.932,28.31
2338.018,28.32
2338.116,28.29
2338.221,28.28
2338.344,28.28
2338.423,28.29
2338.528,28.31
2338.626,28.31
2338.736,28.34
2338.832,28.32
2338.937,28.28
2338.996,28.29
2339.138,28.31
2339.207,28.31
2339.349,28.31
2339.452,28.29
2339.520,28.31
2339.653,28.29
2339.724,28.34
2339.788,28.31
2339.957,28.31
2339.986,28.32
2340.138,28.32
2340.199,28.29
2340.297,28.28
2340.396,28.31
2340.506,28.26
2340.606,28.32
2340.706,28.28
2340.783,28.28
2340.883,28.29
2340.988,28.26
2341.087,28.31
2341.187,28.29
2341.290,28.29
2341.393,28.29
2341.496,28.26
2341.611,28.31
2341.699,28.29
2341.802,28.28
2341.937,28.29
2342.020,28.28
2342.121,28.31
2342.217,28.28
2342.346,28.24
2342.418,28.31
2342.521,28.32
2342.630,28.26
2342.726,28.29
2342.827,28.26
2342.927,28.28
2343.038,28.31
2343.141,28.26
2343.236,28.26
2343.347,28.26
2343.449,28.28
2343.548,28.28
2343.577,28.29
2343.677,28.24
2343.780,28.29
2343.883,28.29
2343.984,28.32
2344.087,28.26
2344.180,28.28
2344.293,28.29
2344.391,28.26
2344.488,28.28
2344.589,28.32
2344.687,28.32
2344.783,28.29
2344.880,28.28
2344.989,28.28
2345.086,28.28
2345.182,28.31
2345.287,28.28
2345.393,28.28
2345.488,28.29
2345.596,28.24
2345.697,28.24
2345.798,28.28
2345.871,28.31
2345.991,28.26
2346.082,28.31
2346.204,28.24
2346.307,28.26
2346.430,28.28
2346.511,28.26
2346.621,28.29
2396.722,28.29
2396.824,28.26
2396.923,28.24
2397.028,28.26
2397.126,28.29
2397.165,28.23
2397.331,28.28
2397.432,28.26
2397.462,28.26
2397.565,28.23
2397.662,28.26
2397.768,28.28
2397.880,28.26
2397.981,28.26
2398.077,28.24
2398.180,28.28
2398.266,28.31
2398.364,28.26
2398.484,28.24
2398.562,28.24
2398.663,28.29
2398.766,28.31
2398.868,28.24
2398.971,28.23
2399.079,28.29
2399.180,28.23
2399.283,28.24
2399.386,28.28
2399.508,28.21
2399.584,28.28
2399.694,28.26
2399.790,28.23
2399.900,28.23
2400.001,28.26
2400.104,28.26
2400.167,28.24
2400.273,28.24
2400.429,28.29
2400.483,28.26
2400.616,28.24
2400.719,28.23
2400.815,28.26
2400.925,28.24
2400.954,28.28
2401.052,28.26
2401.163,28.24
2401.256,28.26
2401.351,28.26
2401.454,28.28
2401.560,28.23
2401.663,28.26
2401.761,28.23
2401.863,28.26
2401.966,28.23
2402.067,28.28
2402.150,28.26
2402.265,28.24
2402.353,28.23
2402.452,28.21
2402.555,28.23
2402.677,28.24
2402.783,28.23
2402.861,28.21
2402.957,28.24
2403.070,28.23
2403.168,28.26
2403.273,28.21
2403.378,28.2
2403.483,28.23
2403.586,28.28
2403.685,28.31
2403.782,28.28
2403.888,28.24
2403.994,28.21
2404.103,28.21
2404.192,28.23
2404.295,28.26
2404.398,28.24
2404.515,28.23
2404.542,28.23
2404.709,28.26
2404.839,28.18
2404.915,28.23
2404.942,28.23
2405.045,28.21
2405.141,28.21
2405.246,28.24
2405.344,28.23
2405.445,28.26
2405.540,28.21
2405.641,28.26
2405.761,28.21
2405.861,28.26
2405.940,28.21
2406.038,28.26
2406.148,28.26
2406.244,28.21
2406.376,28.21
2406.449,28.21
2406.548,28.2
2406.650,28.23
2456.744,28.24
2456.864,28.24
2456.961,28.26
2457.087,28.24
2457.168,28.23
2457.270,28.26
2457.376,28.23
2457.479,28.23
2457.582,28.24
2457.677,28.23
2457.785,28.23
2457.888,28.21
2457.988,28.21
2458.086,28.23
2458.190,28.28
2458.293,28.2
2458.393,28.23
2458.513,28.23
2458.599,28.18
2458.702,28.24
2458.729,28.21
2458.927,28.23
2458.930,28.17
2459.038,28.23
2459.136,28.21
2459.250,28.21
2459.342,28.18
2459.445,28.2
2459.542,28.18
2459.638,28.15
2459.746,28.23
2459.847,28.21
2459.949,28.13
2460.033,28.24
2460.138,28.18
2460.241,28.24
2460.351,28.2
2460.440,28.2
2460.540,28.21
2460.631,28.24
2460.763,28.23
2460.858,28.23
2460.956,28.18
2461.025,28.21
2461.125,28.2
2461.263,28.17
2461.364,28.2
2461.467,28.23
2461.570,28.18
2461.670,28.18
2461.773,28.2
2461.871,28.21
2461.969,28.2
2462.067,28.21
2462.190,28.18
2462.278,28.18
2462.383,28.2
2462.488,28.18
2462.601,28.18
2462.628,28.21
2462.724,28.18
2462.820,28.17
2462.925,28.15
2463.030,28.2
2463.131,28.2
2463.231,28.21
2463.334,28.2
2463.434,28.23
2463.538,28.18
2463.614,28.18
2463.728,28.18
2463.827,28.2
2463.925,28.17
2464.033,28.15
2464.136,28.2
2464.234,28.2
2464.332,28.18
2464.440,28.15
2464.543,28.18
2464.648,28.2
2464.761,28.15
2464.853,28.2
2464.952,28.15
2465.055,28.21
2465.173,28.18
2465.251,28.18
2465.359,28.18
2465.457,28.17
2465.523,28.2
2465.631,28.17
2465.768,28.2
2465.869,28.2
2465.976,28.17
2466.077,28.15
2466.177,28.18
2466.275,28.18
2466.371,28.17
2466.479,28.18
2466.511,28.12
2466.623,28.18
2466.709,28.23
2516.814,28.17
2516.913,28.18
2517.010,28.15
2517.123,28.2
2517.204,28.18
2517.334,28.15
2517.413,28.18
2517.511,28.18
2517.608,28.15
2517.724,28.18
2517.822,28.18
2517.917,28.21
2518.023,28.2
2518.119,28.15
2518.222,28.17
2518.326,28.15
2518.437,28.17
2518.532,28.17
2518.631,28.2
2518.701,28.15
2518.847,28.18
2518.944,28.2
2519.020,28.18
2519.141,28.17
2519.251,28.17
2519.351,28.2
2519.449,28.15
2519.552,28.18
2519.655,28.15
2519.751,28.17
2519.854,28.18
2519.952,28.17
2520.003,28.13
2520.099,28.2
2520.197,28.17
2520.298,28.15
2520.396,28.17
2520.500,28.18
2520.687,28.15
2520.712,28.17
2520.815,28.15
2520.893,28.21
2521.008,28.17
2521.097,28.17
2521.199,28.2
2521.327,28.17
2521.420,28.13
2521.498,28.13
2521.609,28.18
2521.706,28.17
2521.812,28.15
2521.915,28.17
2522.011,28.18
2522.111,28.15
2522.222,28.15
2522.317,28.18
2522.420,28.15
2522.527,28.13
2522.628,28.2
2522.728,28.17
2522.846,28.15
2522.935,28.2
2523.038,28.13
2523.096,28.18
2523.212,28.15
2523.305,28.18
2523.407,28.18
2523.545,28.15
2523.621,28.18
2523.751,28.15
2523.854,28.15
2523.956,28.13
2523.989,28.15
2524.084,28.17
2524.185,28.15
2524.285,28.15
2524.390,28.12
2524.491,28.13
2524.594,28.17
2524.685,28.12
2524.800,28.18
2524.903,28.18
2525.001,28.12
2525.094,28.17
2525.216,28.12
2525.290,28.13
2525.393,28.17
2525.496,28.18
2525.599,28.15
2525.697,28.12
2525.798,28.12
2525.900,28.12
2526.040,28.17
2526.113,28.15
2526.209,28.13
2526.310,28.17
2526.413,28.13
2526.521,28.15
2526.618,28.09
2576.724,28.15
2576.822,28.09
2576.934,28.12
2577.033,28.17
2577.092,28.13
2577.199,28.13
2577.334,28.15
2577.408,28.12
2577.542,28.17
2577.643,28.12
2577.753,28.17
2577.783,28.13
2577.878,28.17
2577.991,28.15
2578.096,28.12
2578.187,28.18
2578.288,28.12
2578.385,28.13
2578.494,28.13
2578.591,28.15
2578.694,28.12
2578.771,28.15
2578.873,28.15
2578.974,28.15
2579.092,28.12
2579.184,28.15
2579.280,28.13
2579.383,28.13
2579.484,28.13
2579.594,28.17
2579.694,28.13
2579.795,28.17
2579.896,28.13
2579.996,28.12
2580.099,28.15
2580.202,28.12
2580.312,28.12
2580.410,28.12
2580.511,28.15
2580.614,28.12
2580.714,28.15
2580.819,28.09
2580.930,28.15
2581.021,28.1
2581.155,28.15
2581.229,28.15
2581.344,28.1
2581.371,28.12
2581.535,28.09
2581.638,28.13
2581.665,28.13
2581.766,28.09
2581.863,28.12
2581.966,28.15
2582.069,28.12
2582.172,28.1
2582.273,28.13
2582.376,28.13
2582.464,28.15
2582.560,28.12
2582.660,28.13
2582.768,28.13
2582.866,28.09
2582.969,28.12
2583.077,28.1
2583.180,28.12
2583.275,28.09
2583.371,28.15
2583.471,28.12
2583.587,28.1
2583.717,28.05
2583.793,28.1
2583.915,28.12
2583.996,28.1
2584.097,28.12
2584.199,28.1
2584.307,28.09
2584.403,28.15
2584.511,28.12
2584.614,28.1
2584.743,28.12
2584.815,28.13
2584.920,28.12
2585.023,28.09
2585.052,28.1
2585.228,28.1
2585.255,28.12
2585.364,28.09
2585.451,28.09
2585.555,28.13
2585.660,28.12
2585.753,28.12
2585.856,28.09
2585.949,28.1
2586.077,28.09
2586.170,28.13
2586.277,28.13
2586.349,28.09
2586.449,28.12
2586.555,28.1
2586.653,28.1
2876.760,28.12
2876.864,28.07
2876.961,28.13
2877.084,28.12
2877.177,28.12
2877.288,28.1
2877.351,28.09
2877.452,28.09
2877.589,28.07
2877.667,28.1
2877.746,28.12
2877.883,28.13
2877.986,28.1
2878.087,28.15
2878.195,28.1
2878.297,28.12
2878.369,28.09
2878.506,28.1
2878.603,28.1
2878.692,28.1
2878.744,28.09
2878.905,28.09
2879.016,28.1
2879.111,28.12
2879.212,28.1
2879.241,28.12
2879.341,28.1
2879.451,28.09
2879.554,28.09
2879.650,28.09
2879.751,28.09
2879.839,28.13
2879.959,28.12
2880.057,28.07
2880.158,28.1
2880.238,28.09
2880.339,28.09
2880.445,28.07
2880.555,28.04
2880.648,28.09
2880.756,28.09
2880.858,28.07
2880.966,28.09
2881.062,28.12
2881.160,28.09
2881.265,28.1
2881.354,28.07
2881.437,28.07
2881.589,28.09
2881.655,28.09
2881.782,28.07
2881.878,28.09
2882.000,28.07
2882.087,28.12
2882.190,28.09
2882.287,28.1
2882.391,28.09
2882.494,28.1
2882.594,28.09
2882.697,28.09
2882.729,28.07
2882.900,28.07
2882.932,28.05
2883.028,28.09
2883.130,28.12
2883.231,28.09
2883.337,28.07
2883.427,28.07
2883.540,28.07
2883.643,28.07
2883.743,28.05
2883.837,28.07
2883.935,28.09
2884.030,28.07
2884.128,28.09
2884.231,28.07
2884.332,28.07
2884.430,28.07
2884.528,28.07
2884.663,28.05
2884.741,28.09
2884.844,28.09
2884.947,28.05
2885.052,28.09
2885.153,28.05
2885.263,28.07
2885.342,28.07
2885.466,28.05
2885.570,28.09
2885.675,28.09
2885.773,28.07
2885.871,28.09
2885.972,28.05
2886.074,28.05
2886.177,28.1
2886.283,28.07
2886.383,28.07
2886.491,28.07
2886.520,28.07
2886.616,28.04
2936.734,28.09
2936.822,28.02
2936.923,28.07
2937.016,28.07
2937.125,28.05
2937.226,28.05
2937.326,28.07
2937.429,28.09
2937.538,28.07
2937.616,28.07
2937.714,28.05
2937.834,28.05
2937.923,28.07
2938.020,28.05
2938.130,28.07
2938.248,28.09
2938.332,28.09
2938.437,28.05
2938.540,28.05
2938.641,28.09
2938.741,28.05
2938.844,28.05
2938.949,28.09
2939.052,28.07
2939.152,28.05
2939.248,28.05
2939.349,28.09
2939.415,28.07
2939.521,28.05
2939.630,28.05
2939.766,28.02
2939.866,28.05
2939.964,28.04
2940.086,28.05
2940.175,28.04
2940.278,28.09
2940.378,28.04
2940.408,28.05
2940.508,28.05
2940.606,28.05
2940.706,28.02
2940.807,28.05
2940.912,28.07
2941.018,28.05
2941.197,28.05
2941.224,28.05
2941.324,28.07
2941.425,28.05
2941.511,28.07
2941.611,28.07
2941.714,28.02
2941.810,28.04
2941.923,28.05
2942.018,28.05
2942.116,28.05
2942.219,28.02
2942.324,28.05
2942.423,28.09
2942.528,28.02
2942.628,28.02
2942.734,28.04
2942.832,28.05
2942.940,28.07
2943.043,28.04
2943.141,28.02
2943.243,28.05
2943.349,28.05
2943.447,28.05
2943.548,28.04
2943.655,28.05
2943.761,28.05
2943.859,28.09
2943.964,28.04
2944.084,28.05
2944.101,28.02
2944.197,28.05
2944.300,28.04
2944.396,28.01
2944.498,28.05
2944.613,28.09
2944.699,28.05
2944.819,28.05
2944.908,28.07
2945.016,28.05
2945.094,28.02
2945.214,28.04
2945.300,28.02
2945.402,28.04
2945.498,28.02
2945.603,28.02
2945.709,28.04
2945.810,28.07
2945.922,28.05
2946.010,28.02
2946.114,28.02
2946.214,28.01
2946.334,28.02
2946.417,28.04
2946.513,28.02
2946.621,28.02
2996.734,28.02
2996.827,28.02
2996.927,28.05
2997.030,28.01
2997.133,28.04
2997.234,28.04
2997.339,28.01
2997.440,28.04
2997.543,28.02
2997.646,28.02
2997.760,28.02
2997.851,28.05
2997.952,28.02
2998.055,27.99
2998.084,28.02
2998.194,28.02
2998.283,28.05
2998.391,28.01
2998.494,27.99
2998.597,28.02
2998.699,28.04
2998.800,28.04
2998.898,28.04
2999.003,28.04
2999.104,28.04
2999.199,28.01
2999.297,27.99
2999.391,28.05
2999.481,28.02
2999.597,28.07
2999.697,28.02
2999.795,28.05
2999.898,27.99
3000.008,28.01
3000.106,28.02
3000.206,28.01
3000.332,28.02
3000.420,28.01
3000.518,28.04
3000.614,28.02
3000.699,28.1
3000.820,28.04
3000.923,28.04
3001.025,28.04
3001.133,28.05
3001.236,28.02
3001.334,28.05
3001.440,28.01
3001.476,28.05
3001.640,28.02
3001.741,28.01
3001.851,27.99
3001.880,28.04
3001.979,28.01
3002.077,28.02
3002.194,28.02
3002.290,28.02
3002.386,28.01
3002.491,28.01
3002.582,28.02
3002.672,28.01
3002.773,27.99
3002.876,27.99
3002.976,28.02
3003.072,28.02
3003.195,28.05
3003.271,28.01
3003.381,28.02
3003.483,28.02
3003.587,28.07
3003.687,28.04
3003.768,28.02
3003.915,27.99
3004.006,27.99
3004.097,28.02
3004.199,27.99
3004.271,28.01
3004.418,28.02
3004.486,28.02
3004.608,28.01
3004.712,27.96
3004.812,27.99
3004.910,27.99
3005.018,27.98
3005.119,28.01
3005.222,28.02
3005.326,28.02
3005.432,28.01
3005.523,28.01
3005.635,28.02
3005.662,27.99
3005.844,27.99
3005.861,28.02
3005.967,28.01
3006.065,27.99
3006.168,28.01
3006.280,28.04
3006.376,28.01
3006.474,28.02
3006.579,27.99
3006.668,28.01
3056.761,27.99
3056.866,28.02
3056.964,28.01
3057.069,28.01
3057.177,27.99
3057.273,27.98
3057.383,27.98
3057.479,27.98
3057.579,27.99
3057.682,28.02
3057.792,27.98
3057.888,27.99
3057.991,28.02
3058.094,28.02
3058.192,27.99
3058.317,27.99
3058.415,28.01
3058.503,28.02
3058.601,27.99
3058.704,27.98
3058.760,27.99
3058.868,27.98
3058.967,27.98
3059.114,27.99
3059.153,27.99
3059.256,27.96
3059.425,28.02
3059.452,27.99
3059.565,27.98
3059.653,28.01
3059.761,27.99
3059.940,28.01
3059.969,27.99
3060.067,28.01
3060.163,28.01
3060.255,27.98
3060.349,27.99
3060.445,27.96
3060.548,27.99
3060.665,27.99
3060.761,28.01
3060.861,27.99
3060.961,27.99
3061.060,28.02
3061.162,27.99
3061.260,27.99
3061.366,27.96
3061.471,27.98
3061.574,27.96
3061.675,28.01
3061.778,28.01
3061.880,27.99
3061.983,27.96
3062.092,28.02
3062.185,27.96
3062.290,27.99
3062.391,27.99
3062.503,27.99
3062.599,27.99
3062.699,27.96
3062.800,27.98
3062.905,28.02
3063.005,27.98
3063.109,27.99
3063.141,27.96
3063.314,27.98
3063.341,27.99
3063.445,27.99
3063.564,27.94
3063.650,27.98
3063.750,27.98
3063.851,27.98
3063.954,28.01
3064.057,27.99
3064.157,27.98
3064.256,27.96
3064.342,27.99
3064.439,27.94
3064.547,27.98
3064.663,27.96
3064.748,28.01
3064.854,27.99
3064.954,27.96
3065.077,27.98
3065.160,28.02
3065.258,27.99
3065.400,27.96
3065.456,27.98
3065.574,27.98
3065.673,28.01
3065.778,27.96
3065.883,27.99
3065.979,27.99
3066.082,27.98
3066.189,27.96
3066.283,27.98
3066.393,27.99
3066.501,28.01
3066.599,27.96
3066.694,27.96
3116.802,27.94
3116.831,27.94
3116.937,27.94
3117.035,27.94
3117.135,27.96
3117.238,27.94
3117.334,27.98
3117.437,28.02
3117.535,27.96
3117.636,27.99
3117.739,27.94
3117.842,27.96
3117.923,27.96
3118.028,27.96
3118.126,27.96
3118.228,27.96
3118.339,27.91
3118.435,27.99
3118.535,27.96
3118.623,27.93
3118.751,27.94
3118.842,27.96
3118.945,27.98
3119.048,27.98
3119.152,27.94
3119.256,27.93
3119.361,27.96
3119.459,27.96
3119.565,27.98
3119.687,27.99
3119.756,27.98
3119.878,27.93
3119.974,27.96
3120.072,27.96
3120.182,27.93
3120.285,27.94
3120.380,27.93
3120.516,27.96
3120.591,27.94
3120.619,27.98
3120.724,27.94
3120.820,27.94
3120.934,27.94
3121.020,27.99
3121.121,27.99
3121.222,27.94
3121.327,27.96
3121.425,27.96
3121.535,27.93
3121.717,27.98
3121.719,27.98
3121.842,27.93
3121.915,27.94
3122.018,27.94
3122.125,27.93
3122.222,27.96
3122.347,27.98
3122.430,27.96
3122.533,27.91
3122.640,27.96
3122.748,27.94
3122.837,27.93
3122.947,27.94
3123.077,27.93
3123.160,27.93
3123.280,27.96
3123.354,27.94
3123.410,27.94
3123.559,27.94
3123.660,27.94
3123.763,27.94
3123.826,27.93
3123.957,27.96
3124.079,27.94
3124.106,27.93
3124.263,27.96
3124.307,27.96
3124.474,27.94
3124.506,27.94
3124.609,27.96
3124.706,27.93
3124.807,27.93
3124.917,27.93
3125.023,27.93
3125.123,27.93
3125.202,27.96
3125.322,27.96
3125.423,27.9
3125.525,27.93
3125.604,27.94
3125.712,27.93
3125.807,27.96
3125.907,27.96
3126.101,27.93
3126.108,27.96
3126.222,27.98
3126.320,27.9
3126.425,27.96
3126.523,27.88
3126.628,27.93
3176.729,27.96
3176.836,27.91
3176.935,27.96
3177.038,27.91
3177.160,27.96
3177.239,27.94
3177.342,27.96
3177.454,27.93
3177.527,27.94
3177.609,27.93
3177.709,27.91
3177.856,27.93
3177.927,27.9
3178.057,27.94
3178.131,27.93
3178.199,27.9
3178.369,27.9
3178.396,27.93
3178.494,27.91
3178.675,27.91
3178.701,27.93
3178.798,27.93
3178.900,27.93
3178.998,27.93
3179.111,27.94
3179.209,27.93
3179.310,27.9
3179.408,27.91
3179.501,27.9
3179.599,27.94
3179.702,27.91
3179.810,27.93
3179.905,27.93
3180.013,27.96
3180.099,27.9
3180.217,27.93
3180.320,27.91
3180.420,27.96
3180.518,27.91
3180.621,27.88
3180.721,27.94
3180.834,27.9
3180.929,27.93
3181.035,27.91
3181.138,27.91
3181.246,27.93
3181.342,27.91
3181.437,27.91
3181.538,27.88
3181.643,27.9
3181.744,27.93
3181.805,27.91
3181.910,27.87
3181.986,27.93
3182.087,27.91
3182.185,27.88
3182.363,27.9
3182.386,27.9
3182.486,27.94
3182.582,27.93
3182.684,27.87
3182.783,27.9
3182.883,27.91
3183.010,27.88
3183.082,27.88
3183.182,27.93
3183.280,27.9
3183.407,27.91
3183.486,27.9
3183.589,27.93
3183.690,27.88
3183.819,27.9
3183.902,27.93
3184.003,27.9
3184.099,27.88
3184.211,27.96
3184.310,27.88
3184.412,27.93
3184.510,27.9
3184.619,27.93
3184.717,27.87
3184.817,27.9
3184.922,27.91
3185.028,27.9
3185.126,27.9
3185.244,27.93
3185.334,27.9
3185.430,27.88
3185.535,27.93
3185.611,27.93
3185.675,27.9
3185.775,27.9
3185.944,27.93
3185.979,27.91
3186.074,27.88
3186.202,27.94
3186.283,27.9
3186.385,27.93
3186.488,27.9
3186.592,27.87
3476.763,27.9
3476.770,27.9
3476.873,27.9
3476.976,27.87
3477.082,27.93
3477.180,27.9
3477.285,27.91
3477.381,27.87
3477.494,27.91
3477.591,27.9
3477.689,27.9
3477.790,27.87
3477.895,27.9
3477.993,27.9
3478.094,27.93
3478.195,27.88
3478.298,27.9
3478.400,27.9
3478.506,27.91
3478.609,27.88
3478.714,27.87
3478.810,27.9
3478.920,27.9
3479.015,27.9
3479.116,27.85
3479.219,27.9
3479.332,27.9
3479.429,27.87
3479.528,27.85
3479.630,27.9
3479.734,27.9
3479.763,27.88
3479.861,27.85
3479.962,27.9
3480.065,27.85
3480.170,27.87
3480.268,27.85
3480.388,27.9
3480.479,27.88
3480.579,27.87
3480.677,27.88
3480.780,27.9
3480.869,27.93
3480.966,27.87
3481.065,27.9
3481.170,27.88
3481.270,27.88
3481.380,27.87
3481.491,27.9
3481.579,27.88
3481.685,27.87
3481.780,27.9
3481.903,27.88
3481.974,27.87
3482.092,27.85
3482.192,27.87
3482.297,27.9
3482.393,27.88
3482.513,27.88
3482.604,27.93
3482.707,27.87
3482.805,27.9
3482.905,27.85
3483.010,27.87
3483.111,27.82
3483.222,27.87
3483.251,27.88
3483.354,27.87
3483.452,27.83
3483.554,27.87
3483.650,27.85
3483.765,27.9
3483.861,27.87
3483.962,27.88
3484.065,27.87
3484.158,27.88
3484.261,27.87
3484.366,27.88
3484.454,27.85
3484.550,27.85
3484.646,27.85
3484.756,27.83
3484.854,27.85
3484.959,27.85
3485.055,27.87
3485.165,27.83
3485.277,27.85
3485.373,27.82
3485.469,27.87
3485.579,27.88
3485.675,27.88
3485.773,27.85
3485.878,27.87
3485.979,27.85
3486.084,27.85
3486.184,27.85
3486.268,27.85
3486.388,27.83
3486.491,27.83
3486.592,27.87
3486.704,27.87
3536.802,27.83
3536.900,27.87
3537.006,27.8
3537.043,27.83
3537.140,27.83
3537.317,27.83
3537.344,27.85
3537.440,27.8
3537.543,27.83
3537.648,27.87
3537.739,27.85
3537.853,27.82
3537.951,27.85
3538.050,27.82
3538.152,27.83
3538.255,27.88
3538.337,27.8
3538.439,27.88
3538.543,27.83
3538.643,27.85
3538.744,27.85
3538.847,27.85
3538.956,27.87
3539.052,27.87
3539.153,27.83
3539.255,27.85
3539.342,27.8
3539.449,27.83
3539.535,27.82
3539.636,27.85
3539.758,27.79
3539.844,27.83
3539.989,27.83
3540.042,27.82
3540.167,27.83
3540.258,27.87
3540.381,27.82
3540.478,27.85
3540.596,27.87
3540.690,27.83
3540.800,27.87
3540.896,27.79
3541.006,27.82
3541.097,27.85
3541.126,27.87
3541.305,27.83
3541.337,27.83
3541.437,27.83
3541.535,27.82
3541.633,27.8
3541.736,27.82
3541.827,27.87
3541.947,27.87
3542.043,27.83
3542.150,27.85
3542.226,27.83
3542.327,27.83
3542.429,27.85
3542.540,27.8
3542.636,27.85
3542.761,27.85
3542.839,27.83
3542.954,27.88
3543.050,27.83
3543.146,27.83
3543.251,27.85
3543.351,27.83
3543.454,27.88
3543.535,27.79
3543.663,27.83
3543.763,27.85
3543.824,27.79
3543.927,27.83
3544.079,27.8
3544.141,27.83
3544.263,27.8
3544.375,27.83
3544.469,27.79
3544.570,27.82
3544.623,27.82
3544.724,27.8
3544.817,27.83
3544.989,27.83
3545.018,27.83
3545.116,27.82
3545.217,27.8
3545.322,27.82
3545.423,27.83
3545.527,27.83
3545.630,27.82
3545.731,27.82
3545.826,27.83
3545.915,27.8
3546.015,27.82
3546.133,27.8
3546.219,27.8
3546.320,27.83
3546.423,27.82
3546.527,27.8
3546.630,27.82
3596.729,27.83
3596.827,27.82
3596.940,27.82
3597.048,27.8
3597.146,27.8
3597.246,27.82
3597.354,27.85
3597.449,27.8
3597.550,27.8
3597.663,27.83
3597.763,27.83
3597.824,27.8
3597.930,27.79
3598.097,27.79
3598.131,27.8
3598.207,27.8
3598.307,27.82
3598.442,27.83
3598.565,27.8
3598.616,27.79
3598.707,27.82
3598.873,27.82
3598.923,27.79
3599.018,27.79
3599.131,27.88
3599.216,27.79
3599.314,27.79
3599.417,27.8
3599.523,27.77
3599.601,27.8
3599.702,27.79
3599.802,27.79
3599.912,27.79
3600.008,27.82
3600.111,27.79
3600.236,27.82
3600.324,27.83
3600.423,27.82
3600.518,27.82
3600.601,27.8
3600.716,27.8
3600.836,27.79
3600.930,27.8
3601.040,27.8
3601.140,27.77
3601.236,27.83
3601.337,27.76
3601.452,27.82
3601.547,27.82
3601.645,27.82
3601.748,27.79
3601.851,27.8
3601.957,27.82
3602.070,27.8
3602.157,27.74
3602.260,27.8
3602.364,27.8
3602.395,27.79
3602.506,27.77
3602.601,27.8
3602.712,27.79
3602.807,27.76
3602.896,27.77
3602.994,27.77
3603.108,27.8
3603.204,27.82
3603.307,27.79
3603.405,27.79
3603.503,27.77
3603.611,27.8
3603.709,27.79
3603.812,27.82
3603.910,27.77
3604.003,27.76
3604.104,27.8
3604.216,27.77
3604.320,27.77
3604.422,27.79
3604.520,27.8
3604.650,27.79
3604.726,27.79
3604.824,27.74
3604.923,27.83
3605.011,27.79
3605.128,27.79
3605.229,27.77
3605.332,27.76
3605.434,27.79
3605.537,27.77
3605.638,27.76
3605.748,27.83
3605.844,27.79
3605.945,27.8
3606.048,27.76
3606.158,27.8
3606.187,27.82
3606.285,27.79
3606.483,27.82
3606.501,27.79
3606.597,27.8
3606.694,27.79
3656.792,27.77
3656.896,27.74
3656.994,27.77
3657.101,27.77
3657.219,27.79
3657.280,27.76
3657.391,27.77
3657.501,27.79
3657.584,27.77
3657.687,27.8
3657.793,27.82
3657.891,27.83
3657.996,27.82
3658.097,27.8
3658.192,27.77
3658.319,27.77
3658.405,27.8
3658.506,27.77
3658.609,27.74
3658.687,27.79
3658.820,27.8
3658.918,27.77
3659.021,27.76
3659.123,27.8
3659.222,27.74
3659.326,27.74
3659.427,27.8
3659.488,27.8
3659.633,27.76
3659.734,27.8
3659.839,27.77
3659.940,27.74
3660.043,27.76
3660.070,27.76
3660.182,27.79
3660.278,27.76
3660.375,27.74
3660.476,27.79
3660.569,27.77
3660.690,27.76
3660.788,27.79
3660.893,27.76
3660.974,27.76
3661.070,27.77
3661.168,27.77
3661.282,27.8
3661.381,27.77
3661.484,27.74
3661.579,27.74
3661.712,27.77
3661.785,27.8
3661.890,27.74
3661.994,27.77
3662.070,27.74
3662.194,27.83
3662.297,27.76
3662.430,27.77
3662.501,27.76
3662.564,27.77
3662.667,27.77
3662.768,27.74
3662.869,27.77
3662.979,27.76
3663.097,27.77
3663.195,27.77
3663.320,27.77
3663.417,27.77
3663.464,27.76
3663.562,27.79
3663.729,27.71
3663.832,27.74
3663.876,27.76
3664.037,27.74
3664.065,27.76
3664.163,27.74
3664.266,27.77
3664.369,27.79
3664.469,27.76
3664.569,27.74
3664.658,27.77
3664.777,27.74
3664.880,27.79
3664.959,27.77
3665.060,27.74
3665.163,27.77
3665.263,27.76
3665.373,27.77
3665.469,27.76
3665.565,27.77
3665.668,27.77
3665.775,27.74
3665.878,27.79
3665.981,27.72
3666.084,27.76
3666.180,27.71
3666.288,27.72
3666.405,27.69
3666.496,27.74
3666.597,27.79
3666.699,27.71
3716.815,27.79
3716.913,27.74
3716.971,27.74
3717.070,27.79
3717.177,27.74
3717.253,27.74
3717.407,27.74
3717.459,27.72
3717.554,27.74
3717.650,27.77
3717.756,27.79
3717.920,27.74
3717.971,27.77
3718.062,27.72
3718.165,27.77
3718.266,27.71
3718.344,27.72
3718.464,27.76
3718.550,27.74
3718.653,27.74
3718.751,27.74
3718.849,27.74
3718.947,27.76
3719.055,27.76
3719.155,27.77
3719.261,27.74
3719.344,27.72
3719.464,27.77
3719.560,27.71
3719.668,27.71
3719.780,27.76
3719.878,27.74
3719.976,27.71
3720.081,27.69
3720.180,27.71
3720.283,27.72
3720.386,27.74
3720.491,27.74
3720.589,27.72
3720.694,27.77
3720.815,27.71
3720.896,27.69
3721.000,27.74
3721.101,27.72
3721.182,27.74
3721.246,27.71
3721.410,27.76
3721.437,27.74
3721.550,27.71
3721.641,27.71
3721.753,27.76
3721.859,27.74
3721.945,27.71
3722.047,27.69
3722.143,27.72
3722.255,27.74
3722.354,27.72
3722.449,27.74
3722.554,27.74
3722.653,27.72
3722.741,27.72
3722.844,27.71
3722.945,27.74
3723.065,27.76
3723.160,27.76
3723.256,27.72
3723.356,27.71
3723.456,27.74
3723.559,27.74
3723.655,27.71
3723.755,27.76
3723.866,27.74
3723.969,27.71
3724.070,27.69
3724.173,27.74
3724.275,27.69
3724.378,27.74
3724.489,27.72
3724.538,27.76
3724.640,27.69
3724.788,27.76
3724.903,27.72
3724.930,27.72
3725.059,27.72
3725.163,27.72
3725.226,27.69
3725.342,27.69
3725.435,27.74
3725.547,27.74
3725.638,27.71
3725.733,27.68
3725.829,27.74
3725.961,27.74
3726.027,27.71
3726.146,27.74
3726.234,27.74
3726.327,27.74
3726.437,27.71
3726.533,27.71
3726.635,27.74
3776.739,27.69
3776.837,27.71
3776.932,27.68
3777.064,27.72
3777.153,27.71
3777.248,27.71
3777.347,27.71
3777.449,27.74
3777.554,27.71
3777.658,27.71
3777.758,27.72
3777.869,27.71
3777.964,27.68
3778.067,27.68
3778.168,27.68
3778.280,27.69
3778.371,27.71
3778.476,27.68
3778.601,27.64
3778.680,27.69
3778.782,27.68
3778.900,27.69
3778.918,27.74
3779.089,27.66
3779.116,27.71
3779.214,27.72
3779.336,27.69
3779.420,27.69
3779.523,27.69
3779.633,27.64
3779.719,27.68
3779.822,27.64
3779.927,27.72
3780.035,27.66
3780.131,27.68
3780.229,27.68
3780.324,27.68
3780.415,27.68
3780.523,27.72
3780.619,27.64
3780.738,27.71
3780.831,27.69
3780.932,27.68
3781.033,27.68
3781.150,27.69
3781.246,27.69
3781.342,27.71
3781.474,27.68
3781.555,27.69
3781.655,27.66
3781.758,27.68
3781.839,27.71
3781.957,27.68
3782.067,27.68
3782.160,27.66
3782.273,27.69
3782.369,27.68
3782.467,27.68
3782.576,27.64
3782.614,27.66
3782.775,27.64
3782.878,27.69
3782.905,27.64
3783.011,27.68
3783.106,27.68
3783.221,27.68
3783.310,27.71
3783.423,27.66
3783.518,27.68
3783.606,27.68
3783.699,27.68
3783.812,27.66
3783.917,27.66
3784.018,27.69
3784.103,27.68
3784.209,27.68
3784.302,27.68
3784.415,27.66
3784.503,27.69
3784.608,27.64
3784.719,27.71
3784.798,27.68
3784.932,27.68
3785.003,27.72
3785.148,27.68
3785.234,27.71
3785.337,27.66
3785.442,27.66
3785.559,27.64
3785.646,27.68
3785.704,27.64
3785.849,27.68
3785.952,27.64
3786.052,27.66
3786.153,27.64
3786.248,27.66
3786.359,27.64
3786.412,27.68
3786.511,27.68
3786.668,27.64
3786.694,27.69
4076.793,27.64
4076.903,27.68
4077.008,27.68
4077.099,27.68
4077.207,27.68
4077.290,27.68
4077.396,27.66
4077.500,27.66
4077.604,27.69
4077.690,27.66
4077.793,27.64
4077.910,27.74
4078.006,27.68
4078.111,27.64
4078.209,27.64
4078.315,27.68
4078.417,27.69
4078.500,27.68
4078.604,27.64
4078.722,27.69
4078.827,27.68
4078.912,27.63
4079.054,27.66
4079.133,27.63
4079.234,27.68
4079.334,27.68
4079.430,27.66
4079.533,27.66
4079.648,27.66
4079.744,27.66
4079.842,27.68
4079.944,27.64
4080.045,27.68
4080.148,27.69
4080.251,27.64
4080.293,27.71
4080.383,27.68
4080.489,27.68
4080.584,27.69
4080.684,27.68
4080.788,27.66
4080.890,27.66
4080.993,27.64
4081.097,27.68
4081.197,27.71
4081.298,27.66
4081.396,27.64
4081.479,27.63
4081.582,27.64
4081.690,27.68
4081.785,27.66
4081.893,27.63
4081.978,27.68
4082.082,27.63
4082.187,27.64
4082.293,27.66
4082.393,27.68
4082.496,27.61
4082.584,27.66
4082.702,27.64
4082.804,27.66
4082.913,27.64
4083.011,27.64
4083.111,27.68
4083.234,27.66
4083.322,27.63
4083.418,27.64
4083.527,27.64
4083.645,27.64
4083.672,27.64
4083.858,27.64
4083.939,27.64
4084.040,27.68
4084.140,27.63
4084.173,27.66
4084.344,27.64
4084.376,27.68
4084.472,27.63
4084.574,27.64
4084.677,27.63
4084.785,27.63
4084.883,27.61
4084.988,27.66
4085.072,27.64
4085.175,27.64
4085.270,27.68
4085.371,27.63
4085.483,27.63
4085.579,27.6
4085.682,27.61
4085.805,27.66
4085.891,27.61
4085.969,27.63
4086.074,27.64
4086.173,27.64
4086.285,27.64
4086.386,27.61
4086.472,27.64
4086.577,27.61
4086.697,27.6
4136.793,27.61
4136.910,27.64
4136.991,27.61
4137.111,27.61
4137.207,27.61
4137.320,27.61
4137.418,27.63
4137.513,27.64
4137.614,27.61
4137.667,27.6
4137.822,27.63
4137.923,27.63
4137.974,27.66
4138.057,27.64
4138.179,27.6
4138.270,27.61
4138.378,27.66
4138.469,27.64
4138.570,27.61
4138.670,27.6
4138.770,27.63
4138.876,27.63
4138.954,27.61
4139.057,27.61
4139.162,27.61
4139.261,27.61
4139.364,27.61
4139.479,27.63
4139.572,27.6
4139.670,27.63
4139.775,27.6
4139.893,27.6
4139.989,27.58
4140.087,27.68
4140.184,27.58
4140.287,27.61
4140.408,27.61
4140.491,27.64
4140.550,27.61
4140.695,27.61
4140.763,27.63
4140.869,27.58
4140.994,27.63
4141.094,27.6
4141.185,27.66
4141.317,27.6
4141.398,27.63
4141.447,27.61
4141.636,27.58
4141.729,27.58
4141.758,27.58
4141.854,27.6
4141.957,27.55
4142.052,27.61
4142.153,27.61
4142.261,27.6
4142.347,27.6
4142.467,27.55
4142.548,27.61
4142.643,27.64
4142.751,27.6
4142.858,27.61
4142.957,27.61
4143.050,27.6
4143.155,27.61
4143.266,27.63
4143.363,27.63
4143.459,27.64
4143.567,27.66
4143.665,27.58
4143.766,27.63
4143.866,27.6
4143.972,27.66
4144.097,27.64
4144.177,27.61
4144.258,27.55
4144.391,27.63
4144.444,27.61
4144.543,27.63
4144.648,27.61
4144.751,27.58
4144.859,27.58
4144.964,27.61
4145.043,27.64
4145.141,27.58
4145.241,27.63
4145.405,27.61
4145.437,27.61
4145.540,27.6
4145.635,27.57
4145.751,27.57
4145.839,27.63
4145.940,27.63
4146.037,27.63
4146.140,27.61
4146.236,27.58
4146.337,27.6
4146.437,27.57
4146.537,27.58
4146.653,27.61
4196.736,27.57
4196.853,27.61
4196.951,27.61
4197.047,27.61
4197.146,27.58
4197.243,27.58
4197.353,27.6
4197.454,27.57
4197.565,27.55
4197.658,27.6
4197.785,27.6
4197.864,27.66
4197.978,27.61
4198.076,27.6
4198.172,27.61
4198.271,27.58
4198.376,27.6
4198.478,27.61
4198.579,27.58
4198.682,27.61
4198.785,27.6
4198.896,27.6
4198.925,27.64
4199.092,27.58
4199.204,27.58
4199.229,27.6
4199.332,27.61
4199.427,27.57
4199.535,27.61
4199.631,27.57
4199.728,27.57
4199.839,27.61
4199.934,27.58
4200.033,27.61
4200.136,27.6
4200.222,27.63
4200.322,27.53
4200.435,27.61
4200.528,27.55
4200.621,27.55
4200.731,27.58
4200.827,27.52
4200.944,27.6
4201.042,27.53
4201.141,27.55
4201.241,27.57
4201.354,27.58
4201.447,27.58
4201.550,27.57
4201.652,27.57
4201.755,27.64
4201.858,27.53
4201.976,27.55
4202.065,27.57
4202.163,27.57
4202.271,27.6
4202.342,27.58
4202.476,27.6
4202.572,27.58
4202.675,27.6
4202.780,27.57
4202.881,27.61
4202.993,27.61
4203.021,27.58
4203.187,27.58
4203.216,27.61
4203.315,27.58
4203.415,27.58
4203.518,27.6
4203.621,27.6
4203.729,27.58
4203.812,27.57
4203.930,27.57
4204.030,27.58
4204.133,27.58
4204.226,27.58
4204.322,27.58
4204.425,27.57
4204.548,27.53
4204.623,27.55
4204.714,27.58
4204.842,27.53
4204.915,27.6
4205.023,27.5
4205.125,27.53
4205.221,27.55
4205.327,27.55
4205.447,27.55
4205.545,27.58
4205.653,27.53
4205.739,27.55
4205.837,27.52
4205.956,27.58
4206.065,27.6
4206.168,27.55
4206.263,27.52
4206.386,27.57
4206.403,27.58
4206.503,27.58
4206.670,27.57
4256.753,27.55
4256.875,27.52
4256.903,27.6
4257.001,27.57
4257.121,27.55
4257.211,27.57
4257.317,27.58
4257.413,27.52
4257.513,27.55
4257.619,27.53
4257.717,27.57
4257.822,27.55
4257.905,27.55
4258.003,27.52
4258.104,27.5
4258.224,27.57
4258.312,27.53
4258.413,27.52
4258.513,27.55
4258.635,27.55
4258.734,27.55
4258.831,27.52
4258.927,27.52
4259.028,27.58
4259.109,27.57
4259.216,27.55
4259.295,27.57
4259.442,27.57
4259.500,27.58
4259.606,27.58
4259.739,27.57
4259.839,27.55
4259.937,27.49
4260.082,27.49
4260.145,27.57
4260.253,27.52
4260.358,27.55
4260.472,27.57
4260.501,27.55
4260.601,27.57
4260.697,27.55
4260.797,27.53
4260.896,27.55
4260.994,27.53
4261.091,27.57
4261.211,27.57
4261.309,27.52
4261.405,27.53
4261.491,27.52
4261.608,27.58
4261.706,27.6
4261.790,27.52
4261.898,27.52
4262.018,27.55
4262.097,27.58
4262.204,27.55
4262.310,27.57
4262.407,27.57
4262.506,27.53
4262.608,27.52
4262.746,27.52
4262.814,27.52
4262.915,27.55
4263.001,27.52
4263.106,27.52
4263.184,27.57
4263.287,27.53
4263.393,27.57
4263.493,27.5
4263.599,27.55
4263.701,27.53
4263.837,27.57
4263.940,27.5
4264.043,27.53
4264.148,27.53
4264.248,27.53
4264.282,27.53
4264.447,27.53
4264.496,27.57
4264.579,27.55
4264.682,27.5
4264.783,27.53
4264.881,27.52
4264.988,27.52
4265.091,27.55
4265.206,27.57
4265.300,27.52
4265.398,27.57
4265.476,27.47
4265.596,27.57
4265.694,27.52
4265.790,27.49
4265.893,27.49
4265.994,27.55
4266.091,27.52
4266.195,27.53
4266.309,27.46
4266.396,27.53
4266.481,27.52
4266.584,27.49
4316.719,27.49
4316.775,27.55
4316.918,27.52
4316.981,27.49
4317.084,27.52
4317.207,27.5
4317.298,27.52
4317.423,27.55
4317.543,27.53
4317.611,27.52
4317.736,27.52
4317.822,27.52
4317.873,27.49
4317.969,27.52
4318.069,27.52
4318.170,27.55
4318.271,27.55
4318.366,27.49
4318.469,27.5
4318.582,27.49
4318.677,27.5
4318.778,27.52
4318.881,27.5
4318.967,27.52
4319.065,27.52
4319.187,27.49
4319.271,27.49
4319.366,27.49
4319.474,27.49
4319.581,27.53
4319.687,27.5
4319.780,27.52
4319.890,27.46
4319.984,27.46
4320.096,27.46
4320.195,27.49
4320.298,27.44
4320.396,27.46
4320.496,27.52
4320.597,27.47
4320.679,27.52
4320.802,27.52
4320.925,27.53
4320.959,27.52
4321.130,27.47
4321.173,27.5
4321.275,27.52
4321.375,27.5
4321.484,27.46
4321.560,27.5
4321.658,27.53
4321.827,27.5
4321.895,27.5
4321.994,27.5
4322.072,27.49
4322.236,27.47
4322.266,27.47
4322.369,27.57
4322.467,27.53
4322.557,27.52
4322.673,27.46
4322.771,27.42
4322.869,27.47
4322.969,27.49
4323.064,27.5
4323.160,27.47
4323.260,27.53
4323.361,27.49
4323.464,27.46
4323.565,27.53
4323.658,27.5
4323.771,27.5
4323.873,27.49
4323.976,27.53
4324.077,27.52
4324.180,27.49
4324.282,27.44
4324.393,27.46
4324.488,27.49
4324.589,27.47
4324.692,27.49
4324.805,27.46
4324.903,27.47
4325.000,27.46
4325.057,27.49
4325.204,27.5
4325.315,27.52
4325.376,27.49
4325.451,27.52
4325.584,27.49
4325.707,27.5
4325.758,27.49
4325.864,27.5
4325.949,27.49
4326.050,27.5
4326.158,27.46
4326.253,27.49
4326.354,27.44
4326.464,27.49
4326.560,27.5
4326.643,27.47
4376.748,27.53
4376.853,27.49
4376.966,27.49
4377.057,27.5
4377.160,27.46
4377.256,27.42
4377.378,27.42
4377.462,27.5
4377.560,27.47
4377.658,27.47
4377.770,27.47
4377.866,27.49
4377.969,27.46
4378.072,27.49
4378.180,27.47
4378.278,27.52
4378.378,27.49
4378.481,27.52
4378.584,27.52
4378.694,27.5
4378.804,27.49
4378.893,27.5
4378.993,27.49
4379.096,27.46
4379.217,27.44
4379.244,27.5
4379.403,27.49
4379.511,27.47
4379.538,27.5
4379.643,27.49
4379.748,27.52
4379.846,27.44
4379.986,27.46
4380.043,27.5
4380.138,27.53
4380.248,27.5
4380.332,27.46
4380.432,27.44
4380.554,27.44
4380.641,27.44
4380.734,27.44
4380.837,27.52
4380.945,27.47
4381.052,27.49
4381.150,27.5
4381.248,27.47
4381.347,27.44
4381.449,27.5
4381.552,27.46
4381.663,27.47
4381.788,27.53
4381.861,27.47
4381.964,27.49
4382.067,27.49
4382.168,27.42
4382.271,27.49
4382.366,27.47
4382.479,27.47
4382.601,27.49
4382.680,27.49
4382.783,27.52
4382.891,27.47
4382.996,27.46
4383.023,27.47
4383.121,27.47
4383.307,27.46
4383.334,27.52
4383.430,27.44
4383.535,27.42
4383.633,27.44
4383.736,27.46
4383.839,27.46
4383.949,27.49
4384.028,27.46
4384.126,27.47
4384.239,27.44
4384.342,27.47
4384.439,27.49
4384.533,27.5
4384.625,27.53
4384.728,27.47
4384.854,27.47
4384.927,27.49
4385.052,27.42
4385.143,27.46
4385.248,27.49
4385.347,27.47
4385.437,27.47
4385.545,27.49
4385.653,27.46
4385.751,27.47
4385.854,27.49
4385.964,27.5
4386.065,27.49
4386.185,27.44
4386.265,27.47
4386.359,27.46
4386.467,27.46
4386.570,27.46
4386.673,27.39
4676.783,27.44
4676.814,27.44
4676.913,27.46
4677.008,27.47
4677.185,27.44
4677.219,27.42
4677.324,27.44
4677.423,27.44
4677.518,27.42
4677.623,27.49
4677.724,27.42
4677.807,27.47
4677.925,27.49
4678.013,27.46
4678.126,27.49
4678.212,27.46
4678.312,27.44
4678.427,27.49
4678.523,27.47
4678.619,27.46
4678.728,27.49
4678.815,27.46
4678.915,27.46
4679.028,27.46
4679.141,27.46
4679.236,27.49
4679.336,27.41
4679.467,27.46
4679.552,27.44
4679.650,27.46
4679.744,27.42
4679.873,27.42
4679.951,27.49
4680.055,27.49
4680.163,27.42
4680.268,27.46
4680.364,27.49
4680.494,27.42
4680.597,27.46
4680.599,27.47
4680.704,27.46
4680.908,27.47
4680.979,27.42
4681.008,27.41
4681.104,27.42
4681.202,27.42
4681.298,27.49
4681.413,27.42
4681.510,27.44
4681.611,27.46
4681.712,27.42
4681.805,27.46
4681.900,27.47
4681.998,27.47
4682.101,27.42
4682.202,27.47
4682.305,27.46
4682.400,27.41
4682.511,27.46
4682.614,27.42
4682.714,27.42
4682.819,27.39
4682.920,27.47
4683.016,27.42
4683.136,27.47
4683.236,27.46
4683.329,27.42
4683.425,27.42
4683.548,27.46
4683.646,27.42
4683.744,27.42
4683.839,27.44
4683.952,27.44
4684.052,27.44
4684.148,27.44
4684.251,27.44
4684.356,27.46
4684.412,27.47
4684.559,27.49
4684.667,27.47
4684.692,27.42
4684.793,27.44
4684.896,27.46
4685.000,27.44
4685.094,27.47
4685.197,27.49
4685.300,27.44
4685.386,27.46
4685.506,27.41
4685.606,27.39
4685.685,27.44
4685.800,27.41
4685.888,27.46
4685.991,27.47
4686.119,27.42
4686.219,27.44
4686.298,27.44
4686.395,27.46
4686.513,27.46
4686.611,27.42
4736.717,27.42
4736.822,27.41
4736.900,27.47
4736.983,27.44
4737.091,27.41
4737.224,27.46
4737.332,27.44
4737.434,27.46
4737.545,27.42
4737.640,27.42
4737.736,27.44
4737.836,27.47
4737.959,27.42
4738.042,27.42
4738.143,27.39
4738.253,27.42
4738.282,27.41
4738.380,27.46
4738.484,27.42
4738.579,27.44
4738.695,27.44
4738.780,27.41
4738.881,27.42
4738.988,27.39
4739.097,27.41
4739.194,27.42
4739.295,27.39
4739.385,27.41
4739.474,27.42
4739.577,27.42
4739.677,27.46
4739.795,27.39
4739.893,27.42
4739.991,27.42
4740.087,27.46
4740.192,27.42
4740.295,27.41
4740.396,27.41
4740.486,27.41
4740.599,27.41
4740.702,27.38
4740.804,27.46
4740.908,27.38
4741.008,27.41
4741.103,27.39
4741.222,27.38
4741.268,27.44
4741.376,27.44
4741.486,27.41
4741.633,27.42
4741.702,27.46
4741.820,27.39
4741.873,27.39
4742.025,27.42
4742.074,27.42
4742.229,27.41
4742.280,27.39
4742.364,27.44
4742.484,27.38
4742.582,27.39
4742.692,27.41
4742.783,27.38
4742.876,27.41
4742.978,27.39
4743.084,27.44
4743.167,27.39
4743.263,27.38
4743.364,27.44
4743.471,27.39
4743.569,27.39
4743.680,27.41
4743.793,27.41
4743.886,27.42
4743.988,27.39
4744.086,27.42
4744.160,27.42
4744.293,27.41
4744.396,27.42
4744.494,27.42
4744.603,27.42
4744.699,27.36
4744.807,27.39
4744.900,27.42
4745.006,27.44
4745.104,27.41
4745.158,27.44
4745.309,27.41
4745.420,27.41
4745.516,27.33
4745.631,27.42
4745.719,27.44
4745.822,27.42
4745.893,27.39
4746.043,27.38
4746.072,27.42
4746.162,27.38
4746.258,27.41
4746.366,27.42
4746.454,27.46
4746.574,27.39
4746.672,27.36
4796.766,27.38
4796.851,27.42
4796.972,27.38
4797.050,27.42
4797.168,27.39
4797.265,27.42
4797.361,27.39
4797.469,27.39
4797.565,27.47
4797.665,27.39
4797.768,27.39
4797.881,27.44
4797.978,27.47
4798.077,27.36
4798.180,27.39
4798.288,27.35
4798.385,27.38
4798.484,27.39
4798.572,27.36
4798.690,27.46
4798.793,27.44
4798.893,27.39
4799.008,27.36
4799.104,27.39
4799.204,27.42
4799.307,27.42
4799.349,27.39
4799.508,27.35
4799.611,27.38
4799.717,27.39
4799.746,27.39
4799.849,27.39
4799.942,27.38
4800.042,27.41
4800.160,27.42
4800.241,27.36
4800.351,27.39
4800.462,27.41
4800.542,27.38
4800.662,27.39
4800.746,27.36
4800.847,27.38
4800.942,27.39
4801.054,27.41
4801.155,27.39
4801.258,27.38
4801.361,27.42
4801.461,27.38
4801.557,27.41
4801.660,27.39
4801.761,27.41
4801.880,27.39
4801.969,27.41
4802.067,27.38
4802.170,27.41
4802.290,27.39
4802.388,27.36
4802.484,27.42
4802.581,27.41
4802.687,27.44
4802.787,27.38
4802.888,27.33
4802.981,27.39
4803.094,27.36
4803.195,27.39
4803.298,27.41
4803.400,27.36
4803.503,27.38
4803.604,27.36
4803.635,27.38
4803.741,27.39
4803.837,27.42
4803.935,27.41
4804.043,27.41
4804.153,27.33
4804.231,27.36
4804.344,27.41
4804.451,27.36
4804.550,27.39
4804.628,27.41
4804.731,27.38
4804.864,27.39
4804.935,27.38
4805.032,27.39
4805.133,27.38
4805.231,27.41
4805.354,27.39
4805.449,27.39
4805.555,27.36
4805.645,27.36
4805.746,27.36
4805.851,27.38
4805.967,27.36
4806.062,27.33
4806.165,27.39
4806.288,27.38
4806.378,27.39
4806.474,27.39
4806.572,27.42
4806.658,27.38
4856.778,27.38
4856.822,27.39
4856.923,27.38
4857.025,27.41
4857.190,27.36
4857.300,27.41
4857.329,27.38
4857.425,27.38
4857.523,27.39
4857.631,27.39
4857.734,27.33
4857.827,27.39
4857.932,27.39
4858.040,27.36
4858.126,27.41
4858.222,27.39
4858.322,27.42
4858.418,27.36
4858.540,27.41
4858.633,27.38
4858.734,27.36
4858.836,27.36
4858.918,27.41
4859.037,27.36
4859.133,27.36
4859.236,27.38
4859.339,27.39
4859.432,27.38
4859.530,27.38
4859.641,27.38
4859.768,27.33
4859.844,27.38
4859.964,27.38
4860.057,27.35
4860.158,27.39
4860.261,27.38
4860.376,27.36
4860.472,27.38
4860.567,27.38
4860.701,27.39
4860.775,27.39
4860.873,27.42
4860.976,27.39
4861.067,27.35
4861.182,27.36
4861.211,27.41
4861.307,27.36
4861.489,27.39
4861.523,27.38
4861.619,27.39
4861.719,27.39
4861.827,27.36
4861.923,27.41
4862.025,27.38
4862.109,27.39
4862.214,27.38
4862.312,27.36
4862.410,27.41
4862.538,27.38
4862.616,27.35
4862.719,27.41
4862.820,27.42
4862.927,27.35
4863.027,27.39
4863.148,27.39
4863.204,27.36
4863.307,27.36
4863.427,27.36
4863.530,27.38
4863.645,27.36
4863.751,27.39
4863.853,27.36
4863.951,27.38
4864.050,27.39
4864.146,27.39
4864.263,27.33
4864.375,27.38
4864.469,27.41
4864.570,27.38
4864.597,27.38
4864.741,27.41
4864.805,27.36
4864.903,27.36
4865.003,27.33
4865.111,27.35
4865.204,27.36
4865.304,27.33
4865.405,27.36
4865.508,27.35
4865.609,27.35
4865.712,27.33
4865.815,27.35
4865.917,27.38
4865.994,27.38
4866.097,27.39
4866.212,27.39
4866.304,27.36
4866.403,27.28
4866.511,27.36
4866.623,27.38
4916.722,27.36
4916.819,27.38
4916.917,27.35
4917.003,27.36
4917.121,27.38
4917.212,27.31
4917.314,27.39
4917.400,27.42
4917.520,27.38
4917.609,27.33
4917.726,27.35
4917.802,27.39
4917.940,27.36
4918.054,27.36
4918.138,27.35
4918.241,27.35
4918.290,27.35
4918.435,27.35
4918.486,27.35
4918.658,27.36
4918.687,27.33
4918.861,27.36
4918.895,27.38
4918.991,27.36
4919.089,27.33
4919.192,27.33
4919.290,27.36
4919.386,27.38
4919.521,27.31
4919.604,27.36
4919.706,27.36
4919.800,27.33
4919.902,27.35
4919.994,27.35
4920.091,27.36
4920.195,27.39
4920.300,27.36
4920.398,27.38
4920.527,27.36
4920.621,27.33
4920.712,27.35
4920.810,27.42
4920.910,27.38
4921.033,27.36
4921.106,27.36
4921.219,27.35
4921.329,27.36
4921.430,27.33
4921.528,27.35
4921.636,27.36
4921.738,27.33
4921.842,27.35
4921.967,27.35
4922.038,27.33
4922.141,27.28
4922.241,27.36
4922.344,27.31
4922.459,27.35
4922.476,27.38
4922.650,27.35
4922.682,27.38
4922.778,27.36
4922.896,27.33
4922.994,27.35
4923.092,27.31
4923.195,27.36
4923.293,27.36
4923.391,27.38
4923.479,27.33
4923.584,27.35
4923.687,27.31
4923.777,27.36
4923.891,27.36
4923.972,27.36
4924.074,27.36
4924.182,27.33
4924.295,27.36
4924.386,27.35
4924.486,27.33
4924.589,27.36
4924.709,27.28
4924.775,27.33
4924.893,27.36
4924.978,27.33
4925.079,27.36
4925.202,27.35
4925.283,27.31
4925.415,27.35
4925.513,27.33
4925.621,27.31
4925.712,27.36
4925.768,27.35
4925.918,27.33
4925.969,27.31
4926.072,27.33
4926.202,27.39
4926.278,27.36
4926.378,27.36
4926.523,27.33
4926.572,27.33
4926.668,27.35
4976.765,27.31
4976.869,27.36
4976.984,27.35
4977.079,27.35
4977.177,27.36
4977.283,27.28
4977.366,27.33
4977.464,27.33
4977.567,27.35
4977.673,27.31
4977.771,27.33
4977.883,27.31
4977.986,27.33
4978.082,27.35
4978.190,27.33
4978.292,27.3
4978.386,27.33
4978.489,27.36
4978.592,27.33
4978.709,27.33
4978.805,27.31
4978.903,27.31
4979.001,27.31
4979.121,27.36
4979.239,27.3
4979.310,27.36
4979.410,27.33
4979.481,27.33
4979.555,27.3
4979.655,27.31
4979.760,27.36
4979.856,27.31
4980.038,27.33
4980.065,27.35
4980.229,27.38
4980.256,27.39
4980.356,27.3
4980.545,27.36
4980.562,27.38
4980.662,27.31
4980.765,27.33
4980.866,27.33
4980.957,27.36
4981.055,27.36
4981.150,27.36
4981.253,27.31
4981.356,27.3
4981.459,27.35
4981.560,27.31
4981.670,27.33
4981.768,27.35
4981.866,27.35
4981.969,27.35
4982.072,27.33
4982.175,27.3
4982.277,27.31
4982.383,27.36
4982.467,27.35
4982.589,27.3
4982.687,27.31
4982.795,27.33
4982.849,27.36
4982.949,27.35
4983.116,27.3
4983.163,27.33
4983.260,27.33
4983.366,27.36
4983.444,27.35
4983.574,27.3
4983.709,27.33
4983.780,27.39
4983.851,27.36
4983.957,27.35
4984.109,27.39
4984.162,27.31
4984.246,27.31
4984.349,27.35
4984.445,27.31
4984.552,27.27
4984.655,27.33
4984.741,27.3
4984.844,27.36
4984.954,27.31
4985.047,27.35
4985.153,27.33
4985.250,27.33
4985.366,27.31
4985.454,27.3
4985.587,27.31
4985.665,27.31
4985.768,27.31
4985.866,27.33
4985.964,27.3
4986.067,27.27
4986.170,27.36
4986.270,27.33
4986.354,27.35
4986.469,27.3
4986.545,27.28
4986.648,27.3
5276.751,27.35
5276.856,27.3
5276.981,27.3
5277.089,27.31
5277.204,27.33
5277.298,27.33
5277.396,27.31
5277.500,27.38
5277.606,27.33
5277.636,27.31
5277.731,27.3
5277.834,27.28
5277.940,27.3
5278.037,27.33
5278.136,27.33
5278.319,27.33
5278.329,27.31
5278.449,27.35
5278.547,27.31
5278.631,27.33
5278.728,27.33
5278.829,27.27
5278.932,27.33
5279.040,27.3
5279.136,27.3
5279.239,27.33
5279.364,27.33
5279.449,27.33
5279.548,27.33
5279.650,27.3
5279.753,27.3
5279.854,27.31
5279.957,27.33
5280.059,27.33
5280.168,27.36
5280.268,27.35
5280.366,27.35
5280.469,27.31
5280.579,27.3
5280.675,27.31
5280.731,27.31
5280.878,27.3
5280.940,27.33
5281.043,27.28
5281.152,27.31
5281.224,27.3
5281.329,27.33
5281.430,27.31
5281.614,27.3
5281.673,27.3
5281.731,27.31
5281.829,27.3
5281.937,27.33
5282.023,27.31
5282.121,27.3
5282.219,27.31
5282.341,27.33
5282.422,27.33
5282.525,27.35
5282.621,27.36
5282.721,27.27
5282.824,27.3
5282.927,27.33
5283.040,27.27
5283.131,27.3
5283.233,27.3
5283.336,27.31
5283.451,27.3
5283.548,27.3
5283.646,27.33
5283.748,27.31
5283.849,27.28
5283.949,27.31
5284.052,27.31
5284.141,27.28
5284.258,27.33
5284.359,27.27
5284.462,27.3
5284.565,27.27
5284.626,27.27
5284.736,27.28
5284.812,27.31
5284.969,27.28
5285.067,27.33
5285.118,27.33
5285.288,27.27
5285.317,27.33
5285.417,27.3
5285.513,27.3
5285.614,27.33
5285.728,27.31
5285.827,27.36
5285.923,27.3
5286.027,27.31
5286.126,27.28
5286.228,27.33
5286.307,27.33
5286.415,27.31
5286.515,27.31
5286.614,27.31
5336.714,27.31
5336.827,27.33
5336.923,27.3
5337.023,27.3
5337.126,27.31
5337.226,27.28
5337.329,27.3
5337.449,27.33
5337.542,27.33
5337.636,27.25
5337.739,27.31
5337.817,27.31
5337.944,27.27
5338.047,27.28
5338.109,27.27
5338.217,27.3
5338.317,27.3
5338.464,27.3
5338.569,27.33
5338.667,27.28
5338.771,27.31
5338.875,27.27
5338.989,27.3
5339.089,27.28
5339.180,27.3
5339.206,27.31
5339.312,27.28
5339.413,27.3
5339.508,27.35
5339.606,27.3
5339.699,27.27
5339.798,27.28
5339.915,27.31
5340.023,27.28
5340.099,27.33
5340.197,27.31
5340.300,27.28
5340.413,27.28
5340.511,27.31
5340.609,27.3
5340.709,27.3
5340.812,27.27
5340.915,27.27
5341.016,27.3
5341.126,27.3
5341.214,27.33
5341.322,27.28
5341.425,27.27
5341.537,27.3
5341.613,27.25
5341.692,27.3
5341.800,27.28
5341.939,27.28
5342.008,27.31
5342.109,27.28
5342.248,27.3
5342.312,27.27
5342.386,27.3
5342.510,27.27
5342.596,27.3
5342.748,27.27
5342.800,27.28
5342.885,27.35
5342.984,27.31
5343.089,27.25
5343.209,27.28
5343.300,27.28
5343.467,27.31
5343.498,27.28
5343.596,27.31
5343.697,27.3
5343.785,27.28
5343.883,27.28
5343.986,27.27
5344.087,27.3
5344.190,27.31
5344.293,27.3
5344.396,27.31
5344.501,27.27
5344.599,27.27
5344.704,27.27
5344.798,27.23
5344.908,27.25
5345.008,27.31
5345.111,27.28
5345.214,27.27
5345.317,27.31
5345.420,27.25
5345.545,27.27
5345.635,27.3
5345.733,27.27
5345.785,27.33
5345.903,27.31
5345.993,27.23
5346.101,27.33
5346.180,27.3
5346.312,27.23
5346.442,27.27
5346.540,27.3
5346.662,27.31
5346.685,27.3
5396.780,27.3
5396.876,27.27
5396.981,27.3
5397.089,27.3
5397.184,27.28
5397.292,27.23
5397.371,27.3
5397.491,27.27
5397.592,27.28
5397.672,27.28
5397.785,27.28
5397.880,27.28
5397.979,27.3
5398.082,27.28
5398.185,27.28
5398.288,27.3
5398.390,27.27
5398.474,27.28
5398.594,27.28
5398.719,27.27
5398.778,27.3
5398.891,27.27
5398.989,27.3
5399.087,27.31
5399.173,27.28
5399.302,27.3
5399.405,27.27
5399.508,27.27
5399.623,27.22
5399.692,27.28
5399.814,27.3
5399.896,27.25
5399.969,27.3
5400.146,27.27
5400.175,27.27
5400.310,27.28
5400.373,27.3
5400.469,27.27
5400.567,27.3
5400.680,27.27
5400.783,27.3
5400.878,27.28
5400.981,27.3
5401.074,27.28
5401.175,27.3
5401.282,27.33
5401.381,27.25
5401.484,27.27
5401.562,27.27
5401.660,27.27
5401.793,27.3
5401.873,27.28
5401.972,27.27
5402.077,27.27
5402.194,27.27
5402.290,27.27
5402.391,27.27
5402.597,27.27
5402.699,27.23
5402.795,27.25
5402.898,27.27
5403.001,27.33
5403.109,27.25
5403.209,27.23
5403.305,27.25
5403.405,27.25
5403.508,27.27
5403.621,27.25
5403.709,27.27
5403.815,27.31
5403.918,27.31
5404.030,27.3
5404.060,27.27
5404.157,27.23
5404.253,27.28
5404.354,27.3
5404.496,27.33
5404.557,27.28
5404.660,27.28
5404.770,27.23
5404.864,27.33
5404.967,27.28
5405.064,27.27
5405.158,27.3
5405.256,27.28
5405.354,27.28
5405.457,27.23
5405.570,27.22
5405.663,27.25
5405.761,27.23
5405.869,27.25
5405.967,27.25
5406.070,27.27
5406.195,27.3
5406.283,27.25
5406.381,27.23
5406.479,27.28
5406.559,27.27
5406.692,27.28
5456.792,27.31
5456.890,27.27
5457.000,27.3
5457.094,27.23
5457.195,27.3
5457.298,27.27
5457.408,27.33
5457.505,27.27
5457.611,27.28
5457.707,27.28
5457.810,27.28
5457.912,27.3
5458.030,27.3
5458.048,27.27
5458.145,27.28
5458.246,27.27
5458.347,27.27
5458.442,27.25
5458.550,27.27
5458.652,27.25
5458.765,27.31
5458.847,27.27
5458.942,27.23
5459.050,27.31
5459.146,27.27
5459.239,27.27
5459.346,27.23
5459.442,27.27
5459.559,27.27
5459.663,27.27
5459.763,27.27
5459.868,27.27
5459.964,27.3
5460.074,27.27
5460.168,27.25
5460.280,27.23
5460.376,27.3
5460.472,27.3
5460.574,27.25
5460.679,27.25
5460.780,27.25
5460.881,27.28
5460.969,27.28
5461.086,27.31
5461.189,27.27
5461.290,27.3
5461.336,27.3
5461.496,27.25
5461.599,27.23
5461.704,27.28
5461.744,27.27
5461.839,27.27
5461.937,27.27
5462.035,27.23
5462.141,27.27
5462.239,27.3
5462.349,27.27
5462.440,27.25
5462.528,27.23
5462.628,27.31
5462.729,27.25
5462.829,27.25
5462.935,27.25
5463.042,27.27
5463.143,27.22
5463.229,27.23
5463.331,27.3
5463.445,27.25
5463.543,27.27
5463.633,27.27
5463.726,27.22
5463.849,27.25
5463.954,27.27
5464.057,27.25
5464.158,27.23
5464.278,27.28
5464.351,27.3
5464.457,27.23
5464.567,27.22
5464.689,27.27
5464.773,27.28
5464.873,27.28
5464.978,27.27
5465.082,27.23
5465.180,27.23
5465.290,27.3
5465.386,27.22
5465.423,27.25
5465.518,27.25
5465.695,27.23
5465.792,27.23
5465.829,27.25
5465.925,27.25
5466.035,27.22
5466.140,27.25
5466.236,27.23
5466.332,27.27
5466.420,27.27
5466.527,27.31
5466.625,27.23
5516.726,27.3
5516.851,27.28
5516.932,27.23
5517.033,27.25
5517.136,27.27
5517.229,27.27
5517.332,27.27
5517.430,27.27
5517.530,27.23
5517.640,27.22
5517.739,27.22
5517.859,27.27
5517.952,27.25
5518.038,27.3
5518.163,27.23
5518.260,27.25
5518.364,27.2
5518.467,27.27
5518.572,27.23
5518.650,27.23
5518.761,27.25
5518.861,27.28
5518.972,27.23
5519.055,27.23
5519.179,27.25
5519.278,27.25
5519.312,27.25
5519.423,27.22
5519.518,27.25
5519.609,27.25
5519.712,27.25
5519.809,27.23
5519.910,27.27
5520.025,27.27
5520.116,27.3
5520.226,27.27
5520.326,27.27
5520.432,27.27
5520.525,27.25
5520.609,27.27
5520.712,27.27
5520.815,27.23
5520.937,27.25
5521.018,27.22
5521.116,27.23
5521.234,27.23
5521.332,27.23
5521.430,27.27
5521.533,27.28
5521.626,27.23
5521.736,27.28
5521.839,27.23
5521.940,27.27
5522.045,27.23
5522.146,27.27
5522.248,27.27
5522.363,27.23
5522.452,27.25
5522.554,27.2
5522.658,27.23
5522.775,27.28
5522.805,27.27
5522.969,27.27
5522.998,27.28
5523.097,27.22
5523.206,27.23
5523.304,27.27
5523.410,27.27
5523.511,27.23
5523.606,27.23
5523.699,27.22
5523.876,27.27
5523.903,27.2
5523.996,27.28
5524.119,27.25
5524.201,27.27
5524.298,27.28
5524.417,27.25
5524.494,27.23
5524.611,27.25
5524.707,27.27
5524.809,27.27
5524.910,27.23
5525.025,27.25
5525.123,27.23
5525.221,27.2
5525.320,27.23
5525.423,27.25
5525.528,27.23
5525.628,27.28
5525.739,27.23
5525.837,27.23
5525.935,27.22
5526.038,27.22
5526.148,27.27
5526.244,27.25
5526.342,27.25
5526.451,27.23
5526.548,27.25
5526.652,27.25
5576.773,27.27
5576.790,27.23
5576.957,27.27
5577.057,27.25
5577.138,27.22
5577.190,27.23
5577.290,27.23
5577.400,27.27
5577.508,27.27
5577.586,27.23
5577.687,27.2
5577.797,27.23
5577.898,27.23
5578.001,27.22
5578.089,27.22
5578.187,27.23
5578.290,27.23
5578.386,27.23
5578.500,27.27
5578.609,27.27
5578.699,27.23
5578.795,27.28
5578.918,27.27
5578.996,27.23
5579.109,27.23
5579.212,27.22
5579.314,27.25
5579.415,27.27
5579.518,27.2
5579.621,27.22
5579.724,27.28
5579.829,27.23
5579.937,27.25
5580.040,27.25
5580.131,27.23
5580.243,27.27
5580.346,27.2
5580.449,27.27
5580.550,27.23
5580.579,27.23
5580.677,27.23
5580.780,27.23
5580.883,27.2
5580.981,27.27
5581.079,27.17
5581.184,27.27
5581.275,27.25
5581.381,27.27
5581.476,27.2
5581.574,27.23
5581.695,27.23
5581.795,27.28
5581.891,27.27
5581.986,27.2
5582.086,27.25
5582.180,27.22
5582.287,27.25
5582.386,27.27
5582.489,27.23
5582.591,27.25
5582.697,27.22
5582.797,27.23
5582.896,27.23
5583.018,27.23
5583.106,27.23
5583.229,27.23
5583.307,27.22
5583.386,27.25
5583.523,27.27
5583.619,27.25
5583.717,27.23
5583.824,27.23
5583.923,27.2
5584.025,27.23
5584.126,27.25
5584.234,27.23
5584.268,27.2
5584.366,27.2
5584.537,27.2
5584.638,27.22
5584.667,27.23
5584.766,27.2
5584.869,27.2
5584.976,27.25
5585.082,27.23
5585.182,27.23
5585.270,27.22
5585.369,27.2
5585.466,27.23
5585.596,27.22
5585.662,27.2
5585.783,27.25
5585.869,27.23
5585.983,27.22
5586.082,27.25
5586.180,27.23
5586.277,27.2
5586.371,27.25
5586.481,27.23
5586.584,27.22
5586.697,27.22
3476.797,27.25
3476.898,27.23
3476.996,27.2
3477.131,27.2
3477.207,27.2
3477.304,27.23
3477.432,27.25
3477.506,27.22
3477.619,27.2
3477.716,27.23
3477.797,27.2
3477.915,27.2
3478.018,27.23
3478.119,27.23
3478.167,27.23
3478.315,27.28
3478.366,27.2
3478.464,27.2
3478.560,27.22
3478.655,27.25
3478.758,27.22
3478.859,27.22
3478.969,27.23
3479.065,27.2
3479.168,27.22
3479.268,27.2
3479.356,27.23
3479.457,27.19
3479.562,27.2
3479.655,27.23
3479.758,27.27
3479.866,27.22
3479.951,27.19
3480.055,27.2
3480.207,27.2
3480.266,27.2
3480.373,27.2
3480.452,27.23
3480.577,27.2
3480.673,27.23
3480.782,27.2
3480.881,27.25
3480.983,27.19
3481.121,27.23
3481.192,27.25
3481.295,27.27
3481.398,27.2
3481.518,27.22
3481.545,27.2
3481.704,27.2
3481.807,27.2
3481.910,27.23
3482.011,27.19
3482.113,27.22
3482.216,27.27
3482.253,27.2
3482.349,27.2
3482.447,27.22
3482.550,27.2
3482.653,27.22
3482.755,27.22
3482.854,27.22
3482.944,27.22
3483.060,27.22
3483.160,27.17
3483.263,27.23
3483.378,27.27
3483.452,27.2
3483.555,27.2
3483.677,27.23
3483.751,27.25
3483.863,27.2
3483.967,27.22
3484.060,27.23
3484.138,27.23
3484.266,27.22
3484.390,27.2
3484.481,27.2
3484.577,27.22
3484.655,27.23
3484.739,27.22
3484.847,27.2
3484.981,27.25
3485.084,27.2
3485.192,27.23
3485.263,27.23
3485.390,27.2
3485.486,27.22
3485.538,27.23
3485.638,27.25
3485.733,27.2
3485.903,27.19
3486.008,27.25
3486.038,27.22
3486.136,27.22
3486.251,27.22
3486.339,27.2
3486.439,27.2
3486.543,27.22
3486.643,27.22
3536.746,27.2
3536.849,27.2
3536.949,27.22
3537.028,27.22
3537.131,27.17
3537.233,27.22
3537.354,27.27
3537.442,27.22
3537.540,27.23
3537.641,27.23
3537.763,27.2
3537.839,27.23
3537.959,27.2
3538.057,27.22
3538.157,27.2
3538.258,27.19
3538.361,27.22
3538.454,27.2
3538.567,27.22
3538.668,27.2
3538.788,27.23
3538.871,27.22
3538.974,27.22
3539.077,27.22
3539.190,27.17
3539.233,27.23
3539.383,27.23
3539.488,27.23
3539.601,27.2
3539.631,27.2
3539.729,27.2
3539.837,27.19
3539.925,27.2
3540.025,27.22
3540.123,27.22
3540.226,27.22
3540.329,27.19
3540.440,27.2
3540.520,27.22
3540.619,27.19
3540.726,27.23
3540.827,27.19
3540.920,27.22
3541.030,27.2
3541.116,27.23
3541.238,27.17
3541.341,27.19
3541.442,27.22
3541.540,27.22
3541.636,27.23
3541.739,27.2
3541.851,27.2
3541.947,27.22
3542.045,27.22
3542.148,27.2
3542.251,27.2
3542.354,27.2
3542.457,27.2
3542.523,27.2
3542.667,27.19
3542.763,27.19
3542.866,27.19
3542.978,27.19
3543.072,27.2
3543.175,27.2
3543.278,27.17
3543.376,27.19
3543.481,27.17
3543.603,27.2
3543.618,27.2
3543.716,27.19
3543.815,27.2
3543.922,27.2
3544.013,27.2
3544.130,27.17
3544.231,27.2
3544.337,27.2
3544.422,27.2
3544.520,27.2
3544.626,27.22
3544.728,27.2
3544.827,27.2
3544.929,27.19
3545.018,27.17
3545.114,27.22
3545.207,27.19
3545.317,27.17
3545.437,27.17
3545.508,27.19
3545.652,27.22
3545.722,27.17
3545.849,27.25
3545.922,27.22
3546.043,27.16
3546.143,27.17
3546.248,27.23
3546.347,27.19
3546.449,27.19
3546.540,27.19
3546.655,27.2
3596.758,27.19
3596.859,27.2
3596.961,27.19
3597.065,27.19
3597.158,27.19
3597.209,27.22
3597.305,27.19
3597.400,27.17
3597.587,27.19
3597.611,27.22
3597.712,27.2
3597.807,27.2
3597.920,27.2
3598.011,27.19
3598.097,27.22
3598.216,27.2
3598.302,27.16
3598.402,27.17
3598.503,27.2
3598.603,27.19
3598.707,27.2
3598.815,27.19
3598.908,27.17
3599.011,27.19
3599.114,27.19
3599.202,27.2
3599.322,27.23
3599.432,27.22
3599.525,27.2
3599.596,27.22
3599.717,27.22
3599.800,27.2
3599.902,27.2
3600.023,27.2
3600.146,27.2
3600.260,27.2
3600.332,27.2
3600.423,27.22
3600.545,27.19
3600.653,27.2
3600.746,27.23
3600.854,27.2
3600.952,27.17
3600.993,27.17
3601.092,27.22
3601.190,27.2
3601.290,27.22
3601.391,27.19
3601.491,27.2
3601.594,27.17
3601.711,27.22
3601.798,27.16
3601.900,27.17
3602.003,27.17
3602.097,27.19
3602.194,27.2
3602.292,27.2
3602.391,27.22
3602.491,27.19
3602.594,27.16
3602.697,27.2
3602.812,27.2
3602.885,27.17
3602.991,27.19
3603.099,27.23
3603.199,27.19
3603.320,27.2
3603.412,27.2
3603.521,27.19
3603.609,27.2
3603.697,27.2
3603.815,27.2
3603.935,27.22
3604.006,27.17
3604.128,27.19
3604.231,27.19
3604.324,27.19
3604.471,27.22
3604.543,27.23
3604.643,27.17
3604.739,27.19
3604.780,27.2
3604.878,27.2
3604.994,27.19
3605.077,27.2
3605.190,27.19
3605.288,27.22
3605.386,27.17
3605.491,27.17
3605.587,27.19
3605.687,27.16
3605.797,27.19
3605.878,27.19
3605.976,27.17
3606.097,27.2
3606.185,27.2
3606.283,27.17
3606.383,27.2
3606.506,27.2
3606.587,27.17
3606.690,27.17
3656.792,27.22
3656.900,27.17
3657.006,27.16
3657.101,27.17
3657.202,27.17
3657.312,27.25
3657.408,27.19
3657.516,27.2
3657.611,27.17
3657.712,27.16
3657.817,27.17
3657.934,27.17
3658.028,27.19
3658.126,27.19
3658.185,27.19
3658.344,27.19
3658.373,27.19
3658.471,27.2
3658.574,27.17
3658.668,27.17
3658.771,27.19
3658.935,27.19
3658.986,27.19
3659.072,27.2
3659.175,27.16
3659.273,27.16
3659.376,27.19
3659.479,27.19
3659.582,27.19
3659.682,27.19
3659.771,27.16
3659.871,27.19
3659.969,27.2
3660.070,27.16
3660.182,27.23
3660.278,27.17
3660.376,27.17
3660.472,27.17
3660.616,27.17
3660.692,27.2
3660.790,27.19
3660.873,27.22
3661.000,27.19
3661.101,27.19
3661.180,27.19
3661.265,27.17
3661.364,27.19
3661.510,27.2
3661.574,27.19
3661.716,27.19
3661.844,27.19
3661.888,27.19
3662.021,27.19
3662.116,27.2
3662.212,27.19
3662.263,27.17
3662.368,27.16
3662.459,27.2
3662.555,27.19
3662.709,27.2
3662.778,27.2
3662.859,27.2
3662.956,27.17
3663.079,27.14
3663.170,27.16
3663.266,27.2
3663.371,27.16
3663.472,27.14
3663.554,27.2
3663.653,27.17
3663.755,27.16
3663.856,27.16
3663.959,27.19
3664.062,27.17
3664.182,27.2
3664.273,27.17
3664.371,27.16
3664.474,27.16
3664.592,27.17
3664.677,27.17
3664.778,27.17
3664.891,27.17
3664.986,27.17
3665.087,27.16
3665.185,27.2
3665.283,27.17
3665.393,27.19
3665.496,27.22
3665.599,27.17
3665.702,27.16
3665.798,27.17
3665.907,27.14
3666.018,27.2
3666.111,27.23
3666.212,27.16
3666.315,27.16
3666.454,27.17
3666.457,27.17
3666.552,27.22
3666.658,27.17
3716.753,27.2
3716.847,27.2
3716.949,27.16
3717.045,27.2
3717.143,27.2
3717.263,27.17
3717.359,27.17
3717.461,27.19
3717.557,27.14
3717.652,27.17
3717.748,27.17
3717.859,27.19
3717.962,27.16
3718.059,27.17
3718.168,27.14
3718.270,27.2
3718.366,27.19
3718.472,27.2
3718.592,27.17
3718.680,27.17
3718.780,27.19
3718.878,27.19
3718.976,27.17
3719.077,27.14
3719.184,27.2
3719.295,27.19
3719.396,27.2
3719.491,27.19
3719.592,27.17
3719.695,27.16
3719.739,27.14
3719.898,27.16
3719.945,27.2
3720.033,27.2
3720.206,27.12
3720.234,27.17
3720.332,27.2
3720.452,27.19
3720.537,27.17
3720.638,27.17
3720.741,27.17
3720.841,27.14
3720.947,27.17
3721.060,27.19
3721.133,27.22
3721.231,27.14
3721.334,27.17
3721.437,27.16
3721.530,27.17
3721.646,27.19
3721.741,27.17
3721.847,27.17
3721.942,27.17
3722.062,27.17
3722.160,27.2
3722.266,27.17
3722.358,27.17
3722.459,27.17
3722.552,27.16
3722.702,27.17
3722.775,27.12
3722.878,27.17
3723.001,27.2
3723.076,27.14
3723.177,27.16
3723.278,27.2
3723.381,27.14
3723.484,27.17
3723.586,27.23
3723.790,27.14
3723.793,27.17
3723.844,27.17
3723.934,27.2
3724.033,27.17
3724.126,27.2
3724.239,27.19
3724.326,27.23
3724.437,27.16
3724.542,27.2
3724.636,27.17
3724.721,27.17
3724.839,27.17
3724.935,27.19
3725.037,27.16
3725.130,27.19
3725.229,27.16
3725.327,27.16
3725.435,27.17
3725.540,27.16
3725.643,27.17
3725.739,27.2
3725.834,27.17
3725.945,27.16
3726.050,27.16
3726.146,27.14
3726.251,27.12
3726.353,27.16
3726.452,27.19
3726.560,27.14
3726.677,27.16
3776.760,27.16
3776.863,27.17
3776.967,27.14
3777.087,27.17
3777.163,27.16
3777.273,27.17
3777.373,27.14
3777.412,27.2
3777.581,27.22
3777.684,27.17
3777.711,27.17
3777.824,27.16
3777.920,27.14
3778.015,27.12
3778.114,27.17
3778.216,27.12
3778.320,27.17
3778.422,27.17
3778.515,27.16
3778.611,27.14
3778.744,27.16
3778.824,27.17
3778.925,27.2
3779.008,27.12
3779.106,27.14
3779.251,27.16
3779.324,27.14
3779.417,27.14
3779.516,27.14
3779.614,27.19
3779.731,27.17
3779.829,27.16
3779.951,27.14
3780.037,27.16
3780.146,27.16
3780.244,27.16
3780.351,27.16
3780.447,27.17
3780.545,27.17
3780.650,27.12
3780.763,27.12
3780.891,27.17
3780.964,27.14
3781.062,27.19
3781.165,27.12
3781.266,27.11
3781.369,27.12
3781.452,27.17
3781.508,27.12
3781.609,27.17
3781.709,27.16
3781.822,27.17
3781.907,27.17
3782.016,27.14
3782.119,27.17
3782.212,27.14
3782.298,27.17
3782.398,27.16
3782.520,27.14
3782.601,27.14
3782.707,27.14
3782.810,27.14
3782.923,27.14
3783.016,27.14
3783.109,27.16
3783.204,27.17
3783.337,27.16
3783.408,27.17
3783.520,27.16
3783.616,27.14
3783.707,27.17
3783.826,27.16
3783.923,27.17
3784.025,27.14
3784.138,27.14
3784.238,27.14
3784.334,27.17
3784.440,27.14
3784.538,27.17
3784.638,27.19
3784.761,27.14
3784.792,27.14
3784.893,27.12
3784.996,27.14
3785.092,27.14
3785.197,27.16
3785.300,27.16
3785.396,27.14
3785.496,27.19
3785.594,27.16
3785.692,27.11
3785.805,27.16
3785.898,27.17
3785.994,27.14
3786.089,27.16
3786.189,27.12
3786.307,27.16
3786.385,27.16
3786.496,27.14
3786.599,27.16
3786.692,27.17
4076.795,27.16
4076.898,27.16
4077.010,27.14
4077.108,27.17
4077.209,27.14
4077.334,27.12
4077.410,27.16
4077.513,27.17
4077.619,27.17
4077.702,27.11
4077.820,27.19
4077.923,27.19
4078.027,27.16
4078.138,27.12
4078.192,27.16
4078.292,27.14
4078.393,27.16
4078.503,27.14
4078.609,27.16
4078.714,27.16
4078.824,27.14
4078.957,27.14
4078.981,27.16
4079.146,27.17
4079.195,27.17
4079.295,27.17
4079.391,27.12
4079.489,27.14
4079.589,27.16
4079.687,27.16
4079.785,27.16
4079.905,27.16
4079.978,27.17
4080.074,27.17
4080.177,27.16
4080.287,27.11
4080.390,27.17
4080.486,27.17
4080.584,27.14
4080.687,27.16
4080.783,27.16
4080.900,27.12
4081.010,27.12
4081.096,27.17
4081.201,27.14
4081.307,27.12
4081.420,27.14
4081.518,27.16
4081.614,27.12
4081.709,27.12
4081.814,27.14
4081.915,27.14
4082.037,27.16
4082.111,27.17
4082.246,27.16
4082.334,27.12
4082.496,27.16
4082.498,27.14
4082.572,27.14
4082.728,27.17
4082.780,27.17
4082.869,27.14
4082.984,27.14
4083.067,27.14
4083.187,27.14
4083.283,27.12
4083.378,27.14
4083.476,27.14
4083.582,27.14
4083.668,27.14
4083.785,27.12
4083.886,27.16
4083.972,27.17
4084.069,27.12
4084.168,27.11
4084.271,27.14
4084.386,27.16
4084.488,27.14
4084.582,27.14
4084.707,27.14
4084.783,27.16
4084.888,27.11
4084.986,27.12
4085.099,27.19
4085.195,27.17
4085.295,27.12
4085.420,27.16
4085.464,27.14
4085.606,27.11
4085.709,27.16
4085.785,27.16
4085.920,27.11
4086.021,27.11
4086.116,27.12
4086.226,27.14
4086.324,27.14
4086.422,27.14
4086.521,27.16
4086.562,27.14
4086.660,27.17
4136.758,27.17
4136.935,27.12
4136.967,27.16
4137.094,27.16
4137.163,27.16
4137.258,27.12
4137.371,27.14
4137.476,27.17
4137.565,27.14
4137.668,27.14
4137.768,27.14
4137.876,27.17
4137.957,27.14
4138.060,27.16
4138.158,27.12
4138.258,27.17
4138.358,27.19
4138.472,27.16
4138.567,27.17
4138.673,27.14
4138.771,27.12
4138.881,27.12
4138.989,27.17
4139.118,27.17
4139.195,27.17
4139.295,27.11
4139.393,27.12
4139.506,27.11
4139.603,27.17
4139.701,27.16
4139.802,27.16
4139.902,27.16
4140.008,27.17
4140.103,27.17
4140.216,27.14
4140.314,27.11
4140.417,27.14
4140.444,27.17
4140.619,27.12
4140.655,27.17
4140.751,27.14
4140.849,27.14
4140.956,27.12
4141.052,27.16
4141.148,27.14
4141.270,27.16
4141.342,27.16
4141.442,27.11
4141.540,27.14
4141.665,27.12
4141.753,27.14
4141.849,27.14
4141.949,27.11
4142.057,27.16
4142.160,27.14
4142.268,27.14
4142.351,27.14
4142.462,27.12
4142.577,27.12
4142.660,27.12
4142.770,27.14
4142.856,27.14
4142.978,27.16
4143.086,27.14
4143.185,27.11
4143.282,27.12
4143.383,27.17
4143.505,27.14
4143.597,27.09
4143.699,27.12
4143.797,27.17
4143.915,27.11
4143.998,27.12
4144.099,27.11
4144.204,27.14
4144.239,27.14
4144.334,27.14
4144.435,27.12
4144.535,27.14
4144.641,27.12
4144.739,27.12
4144.842,27.14
4144.945,27.16
4145.048,27.14
4145.152,27.16
4145.234,27.14
4145.342,27.12
4145.435,27.17
4145.535,27.14
4145.638,27.14
4145.753,27.16
4145.853,27.17
4145.954,27.11
4146.077,27.14
4146.153,27.16
4146.256,27.14
4146.354,27.11
4146.454,27.12
4146.579,27.14
4146.670,27.14
4196.771,27.17
4196.829,27.11
4196.937,27.14
4197.040,27.14
4197.141,27.14
4197.275,27.14
4197.347,27.12
4197.451,27.16
4197.589,27.16
4197.660,27.11
4197.790,27.14
4197.915,27.14
4197.932,27.11
4198.021,27.12
4198.128,27.12
4198.226,27.14
4198.331,27.14
4198.427,27.14
4198.530,27.14
4198.648,27.14
4198.739,27.16
4198.839,27.14
4198.937,27.12
4199.025,27.14
4199.128,27.11
4199.226,27.17
4199.326,27.17
4199.435,27.16
4199.537,27.12
4199.633,27.12
4199.753,27.17
4199.844,27.14
4199.947,27.12
4200.043,27.14
4200.163,27.14
4200.246,27.12
4200.356,27.14
4200.452,27.14
4200.557,27.14
4200.655,27.14
4200.756,27.16
4200.861,27.14
4200.967,27.14
4201.072,27.12
4201.170,27.12
4201.273,27.11
4201.371,27.14
4201.472,27.14
4201.591,27.12
4201.680,27.11
4201.782,27.12
4201.812,27.14
4201.912,27.16
4202.025,27.12
4202.123,27.16
4202.224,27.14
4202.324,27.14
4202.430,27.14
4202.506,27.17
4202.616,27.16
4202.714,27.14
4202.820,27.14
4202.917,27.14
4203.013,27.12
4203.113,27.12
4203.209,27.12
4203.339,27.11
4203.427,27.11
4203.525,27.12
4203.628,27.12
4203.728,27.14
4203.839,27.14
4203.934,27.12
4204.038,27.12
4204.136,27.11
4204.239,27.12
4204.342,27.12
4204.445,27.11
4204.548,27.14
4204.652,27.14
4204.751,27.11
4204.854,27.12
4204.967,27.14
4205.065,27.14
4205.162,27.16
4205.265,27.14
4205.302,27.11
4205.472,27.17
4205.570,27.11
4205.679,27.09
4205.704,27.11
4205.807,27.12
4205.912,27.11
4206.000,27.11
4206.114,27.09
4206.219,27.12
4206.320,27.11
4206.410,27.12
4206.523,27.14
4206.609,27.14
4206.707,27.11
4256.807,27.12
4256.895,27.14
4257.021,27.09
4257.106,27.16
4257.209,27.14
4257.312,27.12
4257.413,27.14
4257.516,27.12
4257.621,27.12
4257.724,27.11
4257.861,27.14
4257.934,27.16
4258.028,27.14
4258.126,27.12
4258.248,27.16
4258.344,27.12
4258.442,27.14
4258.543,27.14
4258.646,27.11
4258.750,27.11
4258.847,27.11
4258.951,27.14
4259.052,27.11
4259.155,27.09
4259.258,27.11
4259.361,27.12
4259.391,27.14
4259.489,27.14
4259.589,27.14
4259.699,27.11
4259.795,27.11
4259.895,27.11
4259.996,27.09
4260.087,27.09
4260.209,27.12
4260.307,27.12
4260.410,27.14
4260.491,27.11
4260.589,27.12
4260.689,27.14
4260.792,27.14
4260.896,27.09
4261.000,27.11
4261.109,27.11
4261.214,27.09
4261.310,27.08
4261.393,27.12
4261.511,27.12
4261.601,27.11
4261.685,27.11
4261.809,27.12
4261.925,27.09
4262.021,27.11
4262.119,27.12
4262.217,27.12
4262.304,27.08
4262.423,27.11
4262.510,27.11
4262.613,27.11
4262.677,27.12
4262.842,27.14
4262.937,27.11
4262.983,27.09
4263.079,27.09
4263.244,27.08
4263.295,27.14
4263.388,27.11
4263.484,27.11
4263.589,27.11
4263.690,27.12
4263.795,27.11
4263.891,27.12
4263.988,27.12
4264.084,27.09
4264.180,27.11
4264.277,27.09
4264.376,27.11
4264.496,27.09
4264.616,27.11
4264.690,27.11
4264.820,27.08
4264.891,27.11
4264.993,27.11
4265.094,27.08
4265.195,27.09
4265.300,27.11
4265.410,27.11
4265.506,27.11
4265.599,27.12
4265.719,27.14
4265.820,27.08
4265.922,27.11
4266.013,27.09
4266.116,27.14
4266.250,27.08
4266.334,27.09
4266.430,27.11
4266.530,27.06
4266.628,27.11
4316.731,27.12
4316.839,27.08
4316.866,27.09
4316.996,27.08
4317.072,27.11
4317.175,27.09
4317.283,27.14
4317.427,27.12
4317.476,27.11
4317.574,27.08
4317.677,27.11
4317.783,27.09
4317.878,27.11
4317.974,27.09
4318.074,27.09
4318.172,27.09
4318.271,27.12
4318.375,27.08
4318.496,27.11
4318.579,27.09
4318.680,27.12
4318.788,27.11
4318.861,27.08
4318.988,27.09
4319.089,27.11
4319.190,27.09
4319.300,27.12
4319.398,27.12
4319.503,27.08
4319.599,27.11
4319.702,27.11
4319.812,27.11
4319.915,27.11
4320.011,27.08
4320.119,27.09
4320.222,27.11
4320.332,27.12
4320.427,27.11
4320.523,27.12
4320.633,27.11
4320.658,27.11
4320.766,27.09
4320.864,27.11
4320.962,27.11
4321.067,27.11
4321.172,27.09
4321.271,27.08
4321.373,27.08
4321.457,27.11
4321.579,27.11
4321.673,27.14
4321.755,27.12
4321.858,27.09
4321.959,27.08
4322.059,27.08
4322.168,27.11
4322.261,27.08
4322.368,27.08
4322.469,27.09
4322.581,27.06
4322.677,27.08
4322.773,27.06
4322.868,27.08
4322.961,27.12
4323.067,27.08
4323.150,27.11
4323.288,27.11
4323.391,27.06
4323.486,27.08
4323.589,27.09
4323.684,27.12
4323.773,27.08
4323.903,27.06
4324.010,27.11
4324.047,27.11
4324.211,27.09
4324.310,27.11
4324.444,27.08
4324.609,27.11
4324.660,27.08
4324.760,27.06
4324.856,27.09
4324.957,27.11
4325.057,27.11
4325.153,27.11
4325.255,27.11
4325.358,27.08
4325.439,27.09
4325.548,27.09
4325.645,27.11
4325.746,27.14
4325.871,27.09
4325.947,27.11
4326.050,27.09
4326.155,27.11
4326.261,27.08
4326.361,27.11
4326.464,27.08
4326.581,27.09
4326.673,27.09
4376.780,27.08
4376.876,27.12
4376.947,27.08
4377.035,27.09
4377.136,27.06
4377.315,27.08
4377.342,27.11
4377.445,27.08
4377.548,27.05
4377.650,27.12
4377.760,27.09
4377.910,27.11
4377.937,27.11
4378.094,27.06
4378.195,27.09
4378.295,27.09
4378.347,27.08
4378.440,27.08
4378.538,27.08
4378.638,27.08
4378.734,27.12
4378.829,27.08
4378.949,27.08
4379.047,27.09
4379.153,27.09
4379.228,27.08
4379.327,27.08
4379.434,27.06
4379.533,27.11
4379.636,27.11
4379.741,27.11
4379.849,27.08
4379.951,27.06
4380.050,27.06
4380.148,27.09
4380.256,27.11
4380.354,27.06
4380.457,27.06
4380.557,27.05
4380.665,27.06
4380.766,27.08
4380.864,27.09
4380.989,27.06
4381.079,27.11
4381.173,27.09
4381.275,27.09
4381.378,27.06
4381.472,27.08
4381.579,27.03
4381.682,27.11
4381.724,27.09
4381.822,27.12
4381.994,27.06
4382.030,27.09
4382.119,27.09
4382.221,27.09
4382.324,27.08
4382.422,27.12
4382.528,27.09
4382.631,27.08
4382.719,27.05
4382.826,27.11
4382.929,27.09
4383.030,27.08
4383.116,27.09
4383.219,27.11
4383.315,27.11
4383.425,27.08
4383.521,27.11
4383.660,27.09
4383.719,27.11
4383.841,27.06
4383.944,27.11
4384.040,27.08
4384.148,27.08
4384.244,27.09
4384.354,27.08
4384.452,27.11
4384.555,27.11
4384.665,27.08
4384.758,27.08
4384.863,27.11
4384.969,27.11
4385.077,27.11
4385.175,27.08
4385.270,27.11
4385.371,27.08
4385.472,27.09
4385.577,27.08
4385.679,27.09
4385.709,27.08
4385.815,27.09
4385.910,27.06
4386.010,27.08
4386.190,27.11
4386.219,27.06
4386.319,27.08
4386.420,27.06
4386.527,27.09
4386.626,27.12
4676.724,27.09
4676.822,27.11
4676.908,27.08
4677.010,27.06
4677.114,27.08
4677.236,27.11
4677.324,27.09
4677.420,27.06
4677.523,27.09
4677.604,27.09
4677.716,27.09
4677.829,27.08
4677.915,27.08
4678.021,27.06
4678.123,27.06
4678.224,27.09
4678.304,27.09
4678.403,27.08
4678.548,27.09
4678.618,27.09
4678.751,27.09
4678.824,27.08
4678.947,27.08
4679.028,27.08
4679.099,27.08
4679.263,27.09
4679.364,27.06
4679.459,27.06
4679.508,27.08
4679.677,27.05
4679.707,27.08
4679.810,27.09
4679.913,27.08
4680.010,27.05
4680.111,27.09
4680.214,27.03
4680.310,27.03
4680.413,27.08
4680.498,27.06
4680.594,27.08
4680.694,27.08
4680.805,27.08
4680.913,27.11
4681.008,27.08
4681.106,27.08
4681.214,27.06
4681.324,27.09
4681.420,27.08
4681.521,27.06
4681.616,27.08
4681.722,27.05
4681.824,27.06
4681.949,27.11
4682.013,27.05
4682.133,27.09
4682.233,27.08
4682.331,27.08
4682.400,27.05
4682.508,27.08
4682.641,27.08
4682.711,27.08
4682.854,27.08
4682.927,27.09
4683.070,27.08
4683.189,27.08
4683.190,27.08
4683.373,27.08
4683.402,27.08
4683.486,27.08
4683.601,27.06
4683.697,27.09
4683.793,27.08
4683.896,27.06
4683.991,27.08
4684.089,27.06
4684.185,27.08
4684.290,27.09
4684.385,27.08
4684.493,27.06
4684.589,27.05
4684.699,27.06
4684.797,27.05
4684.902,27.08
4684.998,27.06
4685.099,27.05
4685.202,27.09
4685.320,27.08
4685.407,27.06
4685.510,27.03
4685.618,27.05
4685.734,27.06
4685.815,27.05
4685.918,27.06
4686.021,27.06
4686.126,27.06
4686.226,27.09
4686.332,27.08
4686.423,27.08
4686.535,27.09
4686.635,27.09
4736.738,27.06
4736.839,27.06
4736.945,27.08
4737.054,27.08
4737.082,27.05
4737.185,27.05
4737.282,27.06
4737.383,27.08
4737.484,27.08
4737.574,27.05
4737.690,27.08
4737.792,27.08
4737.896,27.06
4737.994,27.06
4738.074,27.06
4738.189,27.06
4738.275,27.06
4738.376,27.09
4738.479,27.09
4738.574,27.09
4738.687,27.06
4738.788,27.08
4738.896,27.05
4738.996,27.06
4739.074,27.0
4739.197,27.05
4739.304,27.08
4739.432,27.06
4739.506,27.08
4739.609,27.05
4739.707,27.06
4739.802,27.03
4739.910,27.08
4740.015,27.06
4740.099,27.09
4740.222,27.05
4740.320,27.09
4740.422,27.06
4740.525,27.06
4740.630,27.09
4740.726,27.08
4740.766,27.06
4740.937,27.09
4740.964,27.09
4741.064,27.05
4741.167,27.08
4741.271,27.09
4741.369,27.05
4741.479,27.05
4741.569,27.08
4741.680,27.05
4741.782,27.08
4741.883,27.06
4741.962,27.05
4742.062,27.03
4742.170,27.08
4742.273,27.05
4742.375,27.08
4742.474,27.05
4742.576,27.05
4742.670,27.06
4742.778,27.09
4742.864,27.05
4742.984,27.03
4743.087,27.08
4743.175,27.08
4743.278,27.05
4743.364,27.06
4743.466,27.05
4743.570,27.03
4743.673,27.05
4743.819,27.06
4743.885,27.03
4744.010,27.11
4744.111,27.08
4744.219,27.08
4744.322,27.11
4744.418,27.05
4744.510,27.08
4744.554,27.03
4744.650,27.06
4744.755,27.05
4744.935,27.08
4744.962,27.08
4745.060,27.09
4745.158,27.08
4745.268,27.05
4745.371,27.06
4745.469,27.03
4745.567,27.06
4745.657,27.05
4745.753,27.01
4745.856,27.01
4745.954,27.05
4746.059,27.06
4746.160,27.05
4746.258,27.05
4746.347,27.08
4746.466,27.08
4746.567,27.05
4746.670,27.06
4796.760,27.05
4796.881,27.06
4796.979,27.11
4797.084,27.09
4797.182,27.05
4797.292,27.08
4797.388,27.06
4797.494,27.08
4797.594,27.06
4797.697,27.08
4797.817,27.06
4797.898,27.05
4798.005,27.08
4798.106,27.05
4798.231,27.06
4798.312,27.05
4798.373,27.05
4798.449,27.05
4798.552,27.05
4798.646,27.06
4798.756,27.08
4798.858,27.06
4798.949,27.05
4799.050,27.05
4799.150,27.03
4799.250,27.06
4799.361,27.08
4799.442,27.06
4799.538,27.03
4799.653,27.01
4799.743,27.06
4799.839,27.05
4799.942,27.05
4800.067,27.05
4800.160,27.05
4800.256,27.05
4800.356,27.05
4800.461,27.06
4800.562,27.06
4800.663,27.03
4800.773,27.06
4800.876,27.03
4800.972,27.06
4801.081,27.05
4801.182,27.05
4801.280,27.06
4801.332,27.08
4801.493,27.05
4801.592,27.05
4801.694,27.06
4801.790,27.06
4801.903,27.03
4801.934,27.05
4802.037,27.08
4802.228,27.05
4802.305,27.05
4802.334,27.05
4802.434,27.03
4802.533,27.08
4802.633,27.05
4802.738,27.06
4802.837,27.06
4803.021,27.06
4803.048,27.05
4803.146,27.06
4803.248,27.06
4803.331,27.03
4803.442,27.05
4803.540,27.03
4803.640,27.05
4803.743,27.05
4803.839,27.03
4803.935,27.03
4804.064,27.05
4804.153,27.05
4804.251,27.06
4804.353,27.05
4804.476,27.03
4804.557,27.05
4804.658,27.06
4804.761,27.05
4804.871,27.05
4804.967,27.05
4805.074,27.01
4805.175,27.06
4805.278,27.03
4805.398,27.05
4805.476,27.05
4805.579,27.03
4805.684,27.05
4805.792,27.05
4805.822,27.03
4805.927,27.05
4806.092,27.05
4806.121,27.03
4806.217,27.06
4806.337,27.06
4806.425,27.03
4806.521,27.03
4806.638,27.05
4856.734,27.0
4856.837,27.03
4856.935,27.05
4857.028,27.06
4857.131,27.05
4857.228,27.06
4857.320,26.98
4857.417,27.05
4857.525,27.06
4857.633,27.03
4857.739,27.05
4857.832,27.05
4857.940,27.05
4858.043,27.05
4858.152,27.08
4858.251,27.01
4858.351,27.05
4858.451,27.05
4858.560,27.09
4858.658,27.05
4858.758,27.06
4858.842,27.05
4858.961,27.06
4859.060,27.0
4859.163,27.06
4859.261,27.05
4859.368,27.05
4859.462,27.0
4859.579,27.03
4859.680,27.05
4859.778,27.03
4859.807,27.05
4859.989,27.05
4860.018,27.01
4860.114,27.03
4860.217,27.03
4860.312,27.05
4860.427,27.03
4860.518,27.01
4860.619,27.03
4860.722,27.05
4860.810,27.08
4860.910,27.06
4861.010,27.05
4861.125,27.03
4861.248,27.06
4861.315,27.05
4861.417,27.03
4861.518,27.01
4861.626,27.05
4861.724,27.03
4861.826,27.01
4861.923,27.01
4862.023,27.05
4862.150,27.03
4862.236,27.03
4862.334,27.06
4862.442,27.05
4862.562,27.08
4862.635,27.01
4862.756,27.05
4862.854,27.03
4862.954,27.0
4863.048,27.05
4863.158,27.0
4863.260,27.05
4863.298,27.05
4863.464,27.05
4863.557,27.01
4863.670,27.03
4863.697,27.06
4863.804,27.03
4863.900,27.0
4864.011,27.05
4864.103,26.98
4864.199,27.03
4864.305,27.05
4864.400,27.01
4864.496,27.03
4864.597,27.03
4864.724,27.01
4864.800,27.01
4864.905,27.05
4865.010,27.01
4865.099,27.05
4865.234,27.01
4865.307,27.01
4865.415,27.0
4865.503,27.01
4865.614,27.05
4865.717,27.05
4865.824,27.03
4865.927,27.05
4866.030,27.01
4866.104,27.05
4866.236,27.03
4866.295,27.05
4866.403,27.08
4866.503,27.05
4866.606,27.03
4916.741,27.01
4916.812,27.06
4916.945,27.01
4917.048,27.06
4917.145,27.03
4917.241,27.08
4917.295,27.05
4917.388,27.01
4917.484,27.01
4917.587,27.03
4917.687,27.03
4917.788,27.06
4917.886,27.01
4917.991,27.01
4918.103,27.03
4918.204,27.05
4918.283,27.01
4918.398,26.98
4918.486,27.0
4918.584,27.05
4918.687,27.05
4918.810,27.03
4918.893,27.05
4918.994,27.03
4919.097,27.03
4919.202,27.05
4919.302,27.05
4919.403,27.01
4919.506,27.05
4919.614,27.01
4919.712,27.03
4919.812,27.03
4919.918,27.01
4920.015,27.01
4920.136,27.0
4920.236,27.03
4920.283,27.01
4920.391,27.03
4920.498,27.0
4920.646,27.03
4920.702,27.01
4920.829,27.03
4920.944,27.01
4921.043,27.01
4921.146,27.05
4921.173,27.01
4921.349,27.0
4921.378,27.01
4921.481,27.01
4921.584,27.01
4921.680,27.01
4921.777,27.01
4921.873,27.01
4921.996,27.03
4922.074,27.01
4922.185,27.05
4922.283,27.01
4922.380,27.03
4922.484,27.0
4922.581,27.01
4922.682,27.01
4922.807,27.03
4922.878,27.01
4922.981,27.05
4923.084,27.05
4923.173,27.0
4923.297,27.01
4923.398,27.03
4923.494,27.0
4923.603,27.0
4923.706,27.01
4923.807,27.0
4923.910,27.0
4924.023,27.0
4924.119,26.98
4924.221,27.0
4924.322,27.03
4924.420,27.06
4924.525,27.0
4924.648,27.03
4924.663,27.0
4924.831,27.0
4924.930,27.03
4925.011,27.01
4925.065,26.98
4925.168,27.03
4925.265,26.98
4925.381,27.01
4925.474,27.03
4925.577,27.05
4925.673,27.01
4925.773,27.0
4925.878,27.03
4925.981,27.0
4926.082,27.05
4926.162,27.01
4926.266,27.01
4926.373,27.01
4926.481,27.01
4926.559,26.97
4926.660,27.03
4976.782,27.01
4976.895,27.01
4976.967,27.0
4977.059,27.03
4977.185,27.01
4977.290,27.03
4977.396,27.05
4977.498,27.01
4977.584,27.01
4977.701,27.06
4977.802,27.03
4977.923,27.0
4978.008,27.01
4978.106,27.01
4978.216,27.05
4978.322,27.03
4978.415,26.98
4978.511,27.0
4978.626,27.01
4978.655,27.0
4978.756,27.01
4978.932,27.03
4978.962,26.98
4979.055,27.01
4979.163,27.01
4979.260,26.98
4979.361,27.03
4979.464,27.01
4979.565,27.03
4979.665,26.98
4979.766,27.01
4979.849,27.0
4979.954,27.0
4980.055,27.01
4980.158,27.05
4980.261,27.0
4980.361,26.97
4980.462,27.0
4980.570,27.05
4980.667,27.0
4980.771,27.0
4980.895,27.0
4980.983,27.01
4981.081,27.01
4981.180,27.01
4981.258,26.98
4981.361,27.01
4981.447,27.01
4981.548,27.0
4981.652,27.01
4981.751,27.0
4981.896,26.98
4981.964,27.01
4982.089,27.01
4982.173,27.0
4982.295,27.01
4982.380,27.01
4982.483,27.01
4982.542,27.01
4982.655,27.0
4982.753,27.0
4982.907,27.01
4982.959,27.01
4983.050,27.0
4983.150,27.0
4983.244,27.01
4983.347,27.0
4983.466,27.03
4983.540,27.0
4983.636,27.01
4983.760,27.01
4983.846,27.0
4983.954,27.0
4984.050,27.0
4984.152,27.01
4984.253,26.97
4984.356,27.01
4984.454,27.0
4984.569,26.98
4984.668,26.98
4984.768,26.98
4984.866,26.98
4984.981,26.98
4985.079,27.0
4985.180,26.98
4985.305,27.0
4985.376,27.03
4985.483,26.98
4985.587,27.0
4985.668,27.0
4985.795,27.01
4985.891,27.01
4986.003,27.0
4986.094,27.01
4986.192,26.98
4986.295,26.97
4986.408,26.98
4986.503,26.97
4986.532,27.0
4986.633,27.0
5276.734,27.01
5276.842,26.98
5276.940,27.0
5277.050,27.01
5277.140,26.97
5277.233,27.0
5277.334,26.98
5277.434,27.03
5277.552,27.0
5277.657,27.0
5277.734,26.98
5277.832,27.01
5277.935,27.05
5278.037,27.01
5278.133,27.01
5278.248,26.97
5278.332,27.0
5278.452,27.0
5278.552,27.0
5278.657,27.0
5278.753,26.97
5278.856,26.97
5278.979,27.0
5279.067,27.03
5279.170,27.01
5279.270,27.01
5279.344,27.01
5279.481,26.95
5279.579,27.01
5279.685,27.01
5279.782,26.98
5279.883,26.98
5279.986,27.0
5280.079,27.01
5280.130,27.01
5280.226,27.0
5280.393,27.0
5280.423,26.98
5280.518,27.0
5280.623,27.0
5280.726,27.0
5280.817,27.0
5280.932,27.01
5281.035,26.97
5281.118,27.01
5281.228,26.97
5281.322,27.0
5281.423,27.0
5281.565,27.03
5281.614,26.98
5281.714,27.0
5281.837,26.98
5281.934,26.98
5282.016,27.01
5282.114,26.98
5282.212,26.97
5282.344,26.98
5282.430,26.98
5282.540,26.98
5282.643,27.0
5282.761,27.0
5282.858,27.0
5282.954,27.0
5283.081,27.0
5283.158,26.97
5283.263,26.98
5283.376,27.03
5283.427,26.98
5283.572,27.01
5283.670,26.98
5283.771,26.98
5283.812,27.01
5283.910,27.01
5284.006,27.03
5284.111,26.98
5284.209,26.98
5284.312,27.0
5284.422,27.01
5284.505,27.01
5284.616,26.98
5284.719,27.01
5284.805,27.05
5284.915,27.0
5285.037,27.01
5285.111,27.01
5285.239,27.01
5285.309,26.97
5285.408,27.0
5285.521,27.0
5285.630,26.97
5285.726,27.01
5285.824,26.98
5285.925,27.0
5286.032,27.01
5286.131,26.98
5286.229,27.0
5286.342,26.98
5286.423,26.98
5286.501,26.97
5286.606,27.0
5336.753,27.0
5336.812,27.03
5336.910,27.01
5337.076,27.0
5337.128,26.95
5337.253,26.98
5337.349,26.98
5337.402,26.95
5337.579,27.0
5337.653,26.98
5337.704,26.98
5337.859,26.95
5337.988,26.98
5338.013,27.05
5338.109,27.01
5338.204,26.95
5338.307,26.98
5338.412,27.05
5338.510,27.01
5338.594,26.97
5338.697,27.0
5338.793,26.97
5338.915,27.0
5339.005,27.0
5339.106,26.97
5339.229,26.97
5339.327,26.98
5339.398,26.97
5339.516,26.97
5339.609,26.98
5339.719,27.01
5339.826,27.01
5339.923,26.98
5340.016,27.0
5340.123,27.01
5340.244,27.01
5340.351,27.01
5340.430,26.98
5340.489,27.0
5340.592,27.0
5340.751,26.98
5340.800,26.98
5340.910,26.98
5341.042,27.01
5341.163,26.98
5341.246,26.98
5341.344,27.03
5341.447,27.0
5341.488,27.01
5341.652,26.97
5341.753,27.0
5341.805,27.05
5341.891,27.01
5341.994,26.98
5342.089,27.0
5342.192,26.98
5342.290,27.0
5342.395,26.95
5342.501,27.01
5342.591,27.0
5342.685,26.98
5342.785,26.98
5342.888,27.0
5343.001,26.94
5343.101,27.0
5343.197,27.0
5343.324,26.98
5343.405,26.98
5343.505,27.0
5343.609,26.98
5343.704,26.97
5343.810,26.97
5343.913,26.98
5344.015,26.98
5344.104,26.97
5344.224,26.95
5344.324,26.98
5344.427,26.98
5344.523,26.95
5344.630,27.0
5344.731,26.98
5344.841,26.98
5344.942,27.0
5345.037,26.97
5345.136,26.97
5345.239,26.98
5345.347,27.0
5345.373,26.97
5345.472,26.98
5345.574,26.97
5345.684,26.98
5345.785,27.01
5345.896,26.98
5345.976,27.0
5346.074,26.98
5346.175,26.98
5346.271,27.0
5346.376,27.0
5346.479,27.0
5346.582,26.95
5346.675,26.98
5396.783,26.98
5396.868,26.95
5396.998,27.03
5397.087,26.97
5397.209,26.98
5397.282,26.95
5397.391,26.98
5397.494,27.0
5397.597,26.98
5397.697,26.95
5397.807,26.97
5397.907,27.0
5398.016,26.98
5398.109,26.95
5398.216,26.98
5398.315,26.97
5398.415,26.97
5398.520,26.98
5398.621,27.0
5398.726,27.01
5398.837,27.0
5398.927,26.98
5399.028,26.98
5399.136,26.95
5399.165,26.98
5399.273,26.95
5399.369,26.98
5399.467,26.97
5399.572,26.97
5399.670,26.98
5399.770,26.95
5399.881,26.95
5399.976,26.98
5400.079,27.0
5400.165,26.98
5400.273,26.97
5400.375,26.95
5400.462,27.01
5400.579,27.0
5400.675,26.97
5400.763,26.98
5400.886,26.98
5400.979,26.98
5401.087,26.97
5401.180,26.95
5401.288,27.0
5401.385,26.97
5401.481,26.97
5401.581,27.0
5401.675,27.01
5401.798,26.98
5401.896,27.01
5401.994,26.97
5402.101,26.98
5402.214,26.97
5402.314,26.94
5402.420,26.97
5402.520,27.0
5402.552,26.98
5402.719,26.97
5402.751,26.97
5402.851,26.95
5403.028,26.98
5403.060,26.98
5403.160,26.97
5403.271,26.98
5403.363,26.98
5403.464,27.03
5403.564,26.94
5403.662,26.98
5403.763,26.95
5403.866,26.98
5403.983,26.97
5404.048,26.98
5404.155,27.0
5404.256,27.01
5404.349,26.95
5404.461,27.0
5404.560,26.92
5404.663,26.98
5404.763,26.97
5404.869,26.97
5404.969,26.95
5405.084,26.92
5405.177,26.98
5405.280,26.98
5405.378,26.98
5405.496,26.98
5405.592,26.95
5405.648,26.98
5405.753,26.95
5405.859,26.97
5405.959,26.95
5406.067,26.94
5406.197,26.97
5406.300,26.94
5406.413,26.97
5406.440,27.01
5406.599,26.98
5406.650,26.92
5456.815,26.95
5456.844,26.98
5456.947,26.97
5457.045,26.97
5457.153,26.94
5457.248,27.01
5457.359,26.94
5457.457,27.0
5457.557,26.97
5457.657,26.98
5457.744,26.92
5457.839,26.94
5457.939,26.98
5458.042,26.95
5458.143,26.98
5458.248,26.94
5458.354,26.95
5458.461,26.98
5458.560,27.01
5458.660,26.98
5458.760,26.95
5458.871,26.98
5458.967,27.01
5459.072,26.95
5459.170,26.95
5459.271,26.98
5459.381,26.97
5459.434,26.95
5459.589,26.94
5459.643,26.94
5459.790,26.98
5459.907,26.95
5460.003,26.98
5460.030,26.98
5460.131,27.0
5460.229,26.97
5460.386,26.98
5460.437,26.97
5460.535,26.95
5460.630,26.95
5460.734,26.97
5460.834,26.95
5460.940,26.92
5461.035,26.95
5461.136,26.98
5461.239,26.94
5461.332,26.95
5461.442,26.95
5461.525,26.97
5461.631,26.95
5461.744,26.97
5461.829,27.01
5461.930,26.95
5462.038,26.97
5462.136,26.94
5462.241,26.95
5462.369,26.94
5462.444,26.94
5462.548,26.95
5462.648,26.97
5462.751,26.98
5462.847,26.97
5462.956,26.95
5463.067,26.97
5463.195,26.95
5463.271,26.95
5463.376,26.94
5463.479,26.94
5463.584,26.92
5463.682,26.92
5463.778,26.98
5463.905,26.98
5463.984,26.94
5464.081,26.95
5464.138,26.95
5464.226,26.97
5464.388,26.95
5464.418,26.95
5464.523,26.97
5464.640,26.95
5464.717,26.94
5464.820,26.95
5464.918,26.94
5465.042,26.98
5465.114,26.95
5465.214,26.95
5465.312,26.95
5465.413,26.97
5465.513,26.97
5465.616,26.95
5465.741,26.97
5465.824,26.92
5465.937,26.98
5466.052,26.9
5466.153,26.98
5466.233,26.97
5466.344,26.94
5466.447,26.92
5466.547,26.97
5466.673,26.97
5516.753,26.95
5516.856,27.0
5516.961,26.98
5517.059,26.98
5517.165,26.98
5517.265,26.97
5517.388,26.97
5517.461,26.97
5517.579,26.95
5517.667,27.0
5517.768,26.97
5517.885,26.95
5517.913,26.95
5518.015,26.94
5518.114,26.92
5518.214,26.92
5518.315,26.92
5518.410,26.98
5518.511,26.98
5518.613,26.95
5518.707,26.98
5518.861,26.92
5518.910,26.95
5519.099,26.94
5519.101,26.98
5519.217,26.98
5519.312,26.98
5519.418,26.97
5519.503,26.97
5519.603,26.98
5519.717,26.95
5519.829,26.97
5519.925,26.97
5520.023,26.97
5520.123,26.97
5520.250,26.98
5520.347,26.97
5520.442,26.98
5520.535,26.94
5520.636,26.98
5520.743,26.95
5520.841,26.94
5520.947,26.97
5521.050,26.95
5521.150,26.95
5521.258,26.97
5521.353,26.95
5521.457,26.95
5521.576,26.95
5521.667,26.92
5521.694,26.97
5521.868,26.95
5521.896,26.92
5522.013,26.95
5522.094,26.94
5522.204,26.95
5522.300,26.95
5522.400,26.95
5522.503,26.94
5522.604,26.94
5522.726,26.95
5522.792,26.98
5522.898,26.92
5523.021,26.97
5523.092,26.98
5523.201,26.95
5523.307,26.98
5523.405,27.0
5523.506,26.97
5523.614,26.95
5523.717,26.95
5523.829,26.98
5523.895,26.94
5524.016,27.01
5524.118,26.98
5524.194,26.92
5524.329,26.95
5524.388,26.97
5524.494,26.95
5524.606,26.95
5524.724,26.94
5524.834,26.92
5524.937,26.97
5525.043,26.95
5525.140,26.97
5525.244,26.92
5525.366,26.98
5525.449,26.95
5525.570,26.94
5525.665,26.95
5525.682,26.95
5525.788,26.95
5525.885,26.95
5525.988,26.94
5526.101,26.92
5526.197,26.95
5526.293,26.94
5526.400,26.97
5526.479,26.97
5526.601,26.97
5526.682,26.98
5576.790,26.98
5576.881,26.94
5576.984,26.97
5577.087,26.97
5577.199,26.95
5577.298,26.98
5577.393,26.98
5577.501,27.0
5577.614,26.98
5577.714,26.97
5577.810,26.95
5577.915,26.97
5578.013,26.94
5578.111,26.95
5578.238,26.98
5578.329,26.95
5578.423,26.97
5578.521,26.98
5578.623,26.95
5578.728,26.95
5578.827,26.98
5578.930,26.95
5578.974,26.94
5579.141,26.94
5579.236,26.98
5579.339,26.97
5579.381,26.94
5579.476,26.95
5579.574,26.95
5579.672,26.97
5579.777,26.97
5579.890,26.9
5579.974,26.92
5580.074,26.95
5580.192,26.95
5580.298,26.98
5580.388,26.95
5580.474,26.94
5580.569,26.95
5580.689,26.92
5580.778,26.94
5580.880,26.97
5580.978,26.92
5581.074,26.94
5581.175,26.95
5581.293,26.95
5581.413,26.94
5581.489,26.92
5581.592,26.94
5581.695,26.97
5581.798,26.92
5581.913,26.95
5582.003,26.95
5582.104,26.95
5582.226,26.92
5582.324,26.92
5582.420,26.95
5582.516,26.97
5582.616,26.9
5582.719,26.94
5582.822,26.95
5582.923,26.95
5583.015,26.94
5583.060,26.94
5583.231,26.95
5583.332,26.97
5583.435,26.94
5583.464,26.95
5583.562,26.95
5583.663,26.9
5583.775,26.95
5583.876,26.92
5583.972,26.94
5584.074,26.92
5584.160,26.94
5584.258,26.95
5584.359,26.9
5584.461,26.97
5584.560,26.95
5584.672,26.97
5584.802,26.95
5584.875,26.95
5584.964,26.95
5585.074,26.97
5585.175,26.95
5585.278,26.9
5585.400,26.94
5585.474,26.94
5585.587,26.97
5585.694,26.94
5585.793,26.94
5585.895,26.94
5586.000,26.92
5586.099,26.94
5586.201,26.89
5586.322,26.94
5586.418,26.92
5586.516,26.95
5586.621,26.94
5876.734,26.92
5876.807,26.94
5876.952,26.9
5876.954,26.97
5877.059,26.94
5877.150,26.92
5877.253,26.92
5877.359,26.92
5877.464,26.94
5877.565,26.9
5877.663,26.92
5877.768,26.94
5877.864,26.95
5877.966,26.92
5878.067,26.95
5878.185,26.95
5878.248,26.97
5878.371,26.92
5878.452,26.97
5878.572,26.89
5878.668,26.94
5878.765,26.95
5878.863,26.97
5878.949,26.92
5879.052,26.94
5879.153,26.92
5879.263,26.97
5879.347,26.9
5879.467,26.94
5879.552,26.95
5879.675,26.92
5879.777,26.92
5879.871,26.97
5879.998,26.95
5880.082,26.94
5880.185,26.92
5880.305,26.95
5880.410,26.92
5880.437,26.92
5880.604,26.9
5880.706,26.9
5880.802,26.95
5880.910,26.97
5880.940,26.97
5881.037,26.95
5881.138,26.92
5881.243,26.89
5881.344,26.94
5881.467,26.94
5881.557,26.94
5881.655,26.95
5881.753,26.92
5881.837,26.89
5881.972,26.9
5882.045,26.95
5882.141,26.94
5882.251,26.94
5882.346,26.92
5882.447,26.92
5882.570,26.95
5882.660,26.92
5882.756,26.97
5882.856,26.9
5882.937,26.94
5883.032,26.95
5883.133,26.94
5883.233,26.95
5883.332,26.9
5883.440,26.92
5883.572,26.92
5883.645,26.92
5883.748,26.95
5883.849,26.94
5883.974,26.95
5884.057,26.92
5884.197,26.9
5884.270,26.9
5884.407,26.95
5884.486,26.95
5884.528,26.97
5884.699,26.92
5884.728,26.9
5884.844,26.92
5884.940,26.9
5885.047,26.92
5885.143,26.87
5885.241,26.95
5885.337,26.9
5885.435,26.9
5885.533,26.94
5885.628,26.95
5885.726,26.94
5885.827,26.94
5885.929,26.94
5886.030,26.9
5886.133,26.95
5886.246,26.92
5886.337,26.95
5886.442,26.95
5886.543,26.92
5886.657,26.95
5936.755,26.92
5936.853,26.95
5936.952,26.94
5937.072,26.95
5937.168,26.92
5937.263,26.95
5937.322,26.94
5937.467,26.94
5937.525,26.92
5937.668,26.94
5937.743,26.94
5937.875,26.92
5937.978,26.92
5938.028,26.97
5938.177,26.9
5938.275,26.94
5938.327,26.92
5938.415,26.9
5938.516,26.92
5938.618,26.95
5938.721,26.94
5938.819,26.9
5938.930,26.95
5939.028,26.92
5939.126,26.94
5939.231,26.94
5939.331,26.92
5939.427,26.95
5939.523,26.95
5939.623,26.94
5939.719,26.89
5939.820,26.9
5939.923,26.89
5940.033,26.92
5940.133,26.89
5940.229,26.94
5940.332,26.94
5940.434,26.92
5940.545,26.94
5940.655,26.94
5940.741,26.9
5940.847,26.92
5940.957,26.95
5941.067,26.97
5941.187,26.9
5941.261,26.97
5941.366,26.95
5941.459,26.9
5941.560,26.94
5941.663,26.94
5941.758,26.92
5941.868,26.89
5941.971,26.92
5942.081,26.95
5942.170,26.9
5942.278,26.9
5942.302,26.94
5942.405,26.89
5942.516,26.94
5942.616,26.89
5942.721,26.95
5942.817,26.94
5942.903,26.89
5943.018,26.94
5943.121,26.95
5943.228,26.92
5943.312,26.94
5943.413,26.97
5943.500,26.92
5943.608,26.92
5943.704,26.92
5943.804,26.97
5943.923,26.95
5944.008,26.92
5944.130,26.9
5944.226,26.92
5944.331,26.89
5944.437,26.9
5944.535,26.94
5944.633,26.9
5944.744,26.9
5944.842,26.95
5944.940,26.95
5945.065,26.94
5945.155,26.94
5945.253,26.9
5945.354,26.95
5945.452,26.92
5945.554,26.92
5945.655,26.98
5945.758,26.95
5945.800,26.94
5945.964,26.9
5945.998,26.97
5946.096,26.92
5946.194,26.94
5946.295,26.94
5946.398,26.92
5946.501,26.9
5946.603,26.92
5946.706,26.92
5996.807,26.9
5996.903,26.92
5997.013,26.97
5997.091,26.94
5997.192,26.94
5997.315,26.95
5997.410,26.89
5997.508,26.94
5997.603,26.94
5997.714,26.92
5997.815,26.9
5997.908,26.92
5998.005,26.92
5998.116,26.94
5998.194,26.92
5998.342,26.95
5998.422,26.92
5998.505,26.94
5998.626,26.92
5998.690,26.9
5998.798,26.92
5998.925,26.92
5999.011,26.92
5999.152,26.89
5999.214,26.92
5999.336,26.92
5999.435,26.94
5999.548,26.9
5999.643,26.95
5999.744,26.94
5999.793,26.9
5999.890,26.92
5999.981,26.92
6000.103,26.94
6000.255,26.94
6000.283,26.92
6000.402,26.94
6000.500,26.92
6000.601,26.94
6000.702,26.9
6000.800,26.94
6000.880,26.95
6000.989,26.95
6001.086,26.94
6001.187,26.9
6001.314,26.89
6001.402,26.92
6001.498,26.92
6001.597,26.92
6001.680,26.94
6001.800,26.92
6001.905,26.95
6002.018,26.9
6002.119,26.92
6002.216,26.89
6002.312,26.87
6002.417,26.92
6002.528,26.9
6002.626,26.94
6002.724,26.9
6002.827,26.94
6002.927,26.92
6003.030,26.9
6003.148,26.86
6003.234,26.9
6003.337,26.9
6003.440,26.9
6003.562,26.92
6003.643,26.95
6003.675,26.94
6003.771,26.9
6003.886,26.92
6003.979,26.94
6004.079,26.92
6004.170,26.92
6004.293,26.89
6004.371,26.9
6004.491,26.9
6004.574,26.92
6004.670,26.89
6004.778,26.95
6004.885,26.92
6004.989,26.95
6005.069,26.9
6005.180,26.94
6005.273,26.89
6005.402,26.9
6005.489,26.94
6005.584,26.94
6005.684,26.9
6005.795,26.89
6005.888,26.87
6005.972,26.92
6006.089,26.92
6006.204,26.9
6006.300,26.94
6006.386,26.89
6006.501,26.94
6006.597,26.92
6056.717,26.89
6056.827,26.89
6056.905,26.87
6057.023,26.89
6057.119,26.89
6057.239,26.89
6057.268,26.9
6057.364,26.9
6057.461,26.9
6057.562,26.92
6057.673,26.92
6057.771,26.89
6057.866,26.95
6057.967,26.95
6058.070,26.92
6058.175,26.92
6058.297,26.92
6058.361,26.97
6058.459,26.92
6058.560,26.89
6058.663,26.9
6058.788,26.89
6058.869,26.94
6058.972,26.87
6059.074,26.89
6059.177,26.92
6059.277,26.92
6059.396,26.87
6059.484,26.9
6059.587,26.95
6059.692,26.94
6059.765,26.89
6059.898,26.92
6059.996,26.89
6060.096,26.9
6060.202,26.92
6060.300,26.92
6060.359,26.89
6060.500,26.87
6060.570,26.94
6060.714,26.92
6060.773,26.92
6060.915,26.92
6060.986,26.9
6061.050,26.92
6061.153,26.87
6061.258,26.92
6061.356,26.92
6061.459,26.94
6061.552,26.92
6061.670,26.92
6061.763,26.89
6061.869,26.87
6061.971,26.92
6062.060,26.89
6062.160,26.87
6062.280,26.9
6062.349,26.9
6062.452,26.9
6062.552,26.86
6062.658,26.9
6062.760,26.92
6062.861,26.94
6062.964,26.87
6063.074,26.94
6063.168,26.92
6063.271,26.87
6063.373,26.9
6063.486,26.87
6063.584,26.87
6063.707,26.86
6063.782,26.87
6063.876,26.9
6063.986,26.9
6064.089,26.94
6064.175,26.9
6064.253,26.9
6064.356,26.9
6064.464,26.86
6064.543,26.92
6064.641,26.95
6064.743,26.87
6064.844,26.94
6065.003,26.89
6065.054,26.84
6065.138,26.94
6065.238,26.89
6065.347,26.87
6065.447,26.9
6065.545,26.89
6065.646,26.9
6065.736,26.92
6065.856,26.89
6065.957,26.87
6066.035,26.9
6066.138,26.95
6066.239,26.94
6066.341,26.92
6066.452,26.87
6066.548,26.86
6066.648,26.92
6116.751,26.89
6116.861,26.89
6116.956,26.89
6117.060,26.86
6117.160,26.94
6117.263,26.92
6117.373,26.92
6117.484,26.9
6117.572,26.9
6117.673,26.89
6117.775,26.94
6117.895,26.89
6117.989,26.89
6118.043,26.92
6118.141,26.89
6118.244,26.89
6118.347,26.9
6118.449,26.87
6118.530,26.89
6118.633,26.89
6118.731,26.89
6118.913,26.89
6118.969,26.92
6119.028,26.86
6119.136,26.87
6119.234,26.87
6119.344,26.86
6119.437,26.87
6119.540,26.87
6119.643,26.87
6119.733,26.87
6119.831,26.95
6119.934,26.9
6120.057,26.89
6120.123,26.89
6120.226,26.94
6120.334,26.87
6120.422,26.89
6120.540,26.94
6120.641,26.92
6120.744,26.9
6120.861,26.9
6120.979,26.92
6121.052,26.92
6121.160,26.87
6121.293,26.86
6121.364,26.86
6121.464,26.9
6121.572,26.86
6121.670,26.92
6121.770,26.89
6121.893,26.92
6121.981,26.92
6122.081,26.89
6122.180,26.87
6122.260,26.89
6122.385,26.89
6122.491,26.9
6122.520,26.86
6122.630,26.9
6122.719,26.87
6122.826,26.89
6122.927,26.87
6123.021,26.86
6123.133,26.89
6123.234,26.89
6123.408,26.9
6123.437,26.89
6123.528,26.87
6123.626,26.89
6123.729,26.86
6123.817,26.86
6123.913,26.9
6124.016,26.86
6124.143,26.89
6124.229,26.92
6124.329,26.89
6124.432,26.9
6124.533,26.9
6124.631,26.92
6124.731,26.94
6124.841,26.86
6124.923,26.89
6125.023,26.89
6125.146,26.86
6125.246,26.87
6125.388,26.89
6125.437,26.86
6125.569,26.87
6125.660,26.87
6125.795,26.9
6125.866,26.87
6125.981,26.89
6126.008,26.89
6126.175,26.87
6126.273,26.86
6126.378,26.9
6126.405,26.87
6126.582,26.87
6126.609,26.89
6126.707,26.84
6176.810,26.89
6176.913,26.87
6177.094,26.89
6177.123,26.92
6177.222,26.86
6177.322,26.9
6177.405,26.9
6177.503,26.87
6177.613,26.9
6177.712,26.9
6177.820,26.87
6177.915,26.89
6178.016,26.89
6178.141,26.92
6178.231,26.92
6178.327,26.89
6178.425,26.89
6178.508,26.84
6178.646,26.89
6178.741,26.86
6178.841,26.89
6178.945,26.87
6179.042,26.89
6179.143,26.89
6179.202,26.87
6179.310,26.9
6179.442,26.89
6179.516,26.9
6179.628,26.89
6179.750,26.89
6179.849,26.89
6179.902,26.86
6180.001,26.9
6180.157,26.86
6180.207,26.87
6180.390,26.92
6180.395,26.87
6180.513,26.94
6180.599,26.87
6180.714,26.87
6180.876,26.86
6180.907,26.94
6181.003,26.89
6181.104,26.9
6181.226,26.89
6181.297,26.87
6181.398,26.89
6181.518,26.89
6181.592,26.89
6181.712,26.89
6181.817,26.89
6181.905,26.87
6182.021,26.89
6182.143,26.86
6182.206,26.86
6182.319,26.89
6182.425,26.89
6182.552,26.9
6182.611,26.87
6182.733,26.86
6182.829,26.89
6182.930,26.87
6183.035,26.84
6183.136,26.89
6183.238,26.87
6183.329,26.86
6183.451,26.89
6183.547,26.86
6183.657,26.94
6183.751,26.86
6183.853,26.89
6183.949,26.86
6184.067,26.86
6184.094,26.89
6184.190,26.86
6184.290,26.92
6184.390,26.9
6184.503,26.92
6184.599,26.86
6184.697,26.87
6184.802,26.9
6184.900,26.9
6185.003,26.89
6185.099,26.89
6185.195,26.86
6185.295,26.89
6185.393,26.9
6185.491,26.86
6185.582,26.86
6185.695,26.89
6185.790,26.86
6185.903,26.89
6186.003,26.89
6186.099,26.89
6186.199,26.92
6186.319,26.89
6186.418,26.87
6186.513,26.89
6186.638,26.92
6186.709,26.9
6476.831,26.89
6476.927,26.87
6477.028,26.9
6477.130,26.9
6477.231,26.89
6477.329,26.9
6477.435,26.89
6477.540,26.87
6477.641,26.9
6477.744,26.89
6477.775,26.86
6477.875,26.89
6477.978,26.89
6478.087,26.87
6478.184,26.9
6478.278,26.89
6478.381,26.89
6478.500,26.89
6478.574,26.79
6478.675,26.86
6478.798,26.86
6478.885,26.84
6478.989,26.87
6479.109,26.89
6479.187,26.9
6479.271,26.9
6479.391,26.86
6479.481,26.89
6479.592,26.87
6479.689,26.86
6479.790,26.9
6479.902,26.86
6479.979,26.89
6480.101,26.86
6480.199,26.87
6480.314,26.87
6480.413,26.84
6480.510,26.89
6480.604,26.89
6480.706,26.86
6480.815,26.87
6480.918,26.9
6481.020,26.89
6481.123,26.86
6481.226,26.87
6481.331,26.89
6481.371,26.9
6481.464,26.92
6481.562,26.89
6481.665,26.9
6481.761,26.86
6481.863,26.89
6481.966,26.87
6482.072,26.9
6482.175,26.89
6482.273,26.87
6482.376,26.86
6482.472,26.87
6482.560,26.94
6482.658,26.87
6482.763,26.87
6482.864,26.86
6482.967,26.92
6483.067,26.87
6483.170,26.86
6483.278,26.87
6483.376,26.9
6483.472,26.87
6483.574,26.87
6483.684,26.89
6483.785,26.87
6483.886,26.86
6483.989,26.92
6484.060,26.87
6484.160,26.89
6484.310,26.87
6484.366,26.9
6484.466,26.9
6484.572,26.89
6484.724,26.94
6484.770,26.89
6484.854,26.9
6484.952,26.89
6485.116,26.92
6485.214,26.92
6485.312,26.89
6485.412,26.9
6485.454,26.84
6485.557,26.89
6485.658,26.92
6485.832,26.89
6485.861,26.89
6485.966,26.82
6486.047,26.89
6486.173,26.89
6486.256,26.84
6486.353,26.92
6486.457,26.9
6486.587,26.86
6486.660,26.89
6536.783,26.89
6536.858,26.86
6536.959,26.86
6537.062,26.87
6537.163,26.89
6537.251,26.87
6537.369,26.89
6537.462,26.87
6537.574,26.89
6537.687,26.87
6537.785,26.9
6537.883,26.86
6538.011,26.89
6538.092,26.89
6538.145,26.89
6538.290,26.79
6538.400,26.86
6538.456,26.89
6538.559,26.89
6538.660,26.92
6538.744,26.86
6538.839,26.86
6538.942,26.9
6539.045,26.89
6539.202,26.84
6539.255,26.87
6539.337,26.9
6539.457,26.9
6539.554,26.87
6539.650,26.89
6539.748,26.89
6539.849,26.89
6539.949,26.89
6540.043,26.89
6540.153,26.86
6540.236,26.89
6540.337,26.87
6540.442,26.86
6540.582,26.86
6540.653,26.87
6540.750,26.82
6540.854,26.89
6540.971,26.89
6541.067,26.86
6541.167,26.86
6541.261,26.84
6541.364,26.87
6541.466,26.89
6541.567,26.87
6541.660,26.86
6541.773,26.86
6541.873,26.86
6541.976,26.92
6542.072,26.87
6542.182,26.82
6542.285,26.92
6542.396,26.89
6542.500,26.89
6542.599,26.86
6542.628,26.84
6542.807,26.87
6542.837,26.82
6542.932,26.89
6543.028,26.89
6543.131,26.84
6543.238,26.89
6543.344,26.89
6543.445,26.87
6543.545,26.86
6543.648,26.86
6543.746,26.86
6543.923,26.89
6543.927,26.89
6544.027,26.87
6544.131,26.89
6544.234,26.89
6544.344,26.86
6544.442,26.84
6544.540,26.94
6544.646,26.9
6544.729,26.84
6544.832,26.9
6544.940,26.84
6545.038,26.86
6545.143,26.82
6545.246,26.89
6545.334,26.82
6545.449,26.86
6545.548,26.89
6545.706,26.86
6545.755,26.87
6545.876,26.87
6545.972,26.89
6546.072,26.89
6546.185,26.87
6546.280,26.87
6546.380,26.89
6546.484,26.86
6546.586,26.87
6546.706,26.84
6596.807,26.92
6596.824,26.84
6596.918,26.87
6597.018,26.86
6597.119,26.86
6597.217,26.87
6597.326,26.89
6597.427,26.86
6597.543,26.9
6597.614,26.87
6597.736,26.87
6597.812,26.87
6597.932,26.87
6598.033,26.86
6598.131,26.82
6598.228,26.87
6598.334,26.84
6598.459,26.87
6598.532,26.86
6598.643,26.86
6598.717,26.89
6598.837,26.86
6598.940,26.89
6599.057,26.89
6599.133,26.89
6599.277,26.82
6599.380,26.87
6599.423,26.86
6599.543,26.86
6599.631,26.84
6599.790,26.86
6599.834,26.86
6599.954,26.89
6600.006,26.82
6600.141,26.82
6600.271,26.84
6600.380,26.82
6600.407,26.87
6600.508,26.87
6600.672,26.82
6600.724,26.86
6600.820,26.82
6600.917,26.84
6601.013,26.84
6601.114,26.79
6601.216,26.84
6601.320,26.81
6601.423,26.89
6601.535,26.84
6601.608,26.87
6601.707,26.87
6601.809,26.86
6601.912,26.9
6602.020,26.87
6602.123,26.82
6602.226,26.89
6602.320,26.92
6602.432,26.87
6602.533,26.82
6602.628,26.84
6602.731,26.82
6602.832,26.87
6602.934,26.89
6603.055,26.9
6603.148,26.87
6603.268,26.84
6603.344,26.84
6603.420,26.89
6603.557,26.86
6603.653,26.86
6603.753,26.89
6603.856,26.84
6603.959,26.82
6604.018,26.82
6604.096,26.87
6604.202,26.89
6604.302,26.84
6604.407,26.86
6604.493,26.92
6604.594,26.86
6604.699,26.84
6604.795,26.89
6604.915,26.86
6605.013,26.9
6605.109,26.87
6605.211,26.9
6605.302,26.84
6605.396,26.84
6605.494,26.86
6605.597,26.87
6605.699,26.86
6605.802,26.84
6605.903,26.89
6606.013,26.86
6606.119,26.86
6606.219,26.86
6606.317,26.89
6606.427,26.86
6606.528,26.86
6606.626,26.89
6656.734,26.84
6656.834,26.87
6656.937,26.86
6657.042,26.84
6657.141,26.84
6657.241,26.87
6657.342,26.86
6657.440,26.82
6657.543,26.82
6657.646,26.87
6657.746,26.86
6657.849,26.86
6657.952,26.84
6658.006,26.89
6658.157,26.86
6658.199,26.86
6658.287,26.82
6658.383,26.89
6658.488,26.84
6658.599,26.87
6658.702,26.86
6658.802,26.82
6658.898,26.86
6659.001,26.86
6659.103,26.86
6659.180,26.87
6659.300,26.87
6659.396,26.82
6659.488,26.86
6659.584,26.79
6659.712,26.87
6659.787,26.89
6659.888,26.82
6659.979,26.84
6660.079,26.87
6660.199,26.86
6660.300,26.82
6660.403,26.84
6660.515,26.87
6660.614,26.89
6660.719,26.81
6660.817,26.84
6660.920,26.87
6661.023,26.84
6661.138,26.86
6661.228,26.82
6661.332,26.87
6661.427,26.86
6661.550,26.89
6661.577,26.84
6661.741,26.86
6661.844,26.86
6661.875,26.87
6661.972,26.86
6662.072,26.84
6662.192,26.86
6662.288,26.9
6662.385,26.84
6662.481,26.86
6662.581,26.86
6662.685,26.82
6662.788,26.89
6662.890,26.86
6662.976,26.86
6663.074,26.86
6663.182,26.86
6663.288,26.84
6663.388,26.89
6663.494,26.87
6663.594,26.84
6663.712,26.86
6663.775,26.89
6663.896,26.89
6664.003,26.81
6664.123,26.81
6664.199,26.87
6664.300,26.84
6664.403,26.87
6664.516,26.81
6664.613,26.84
6664.719,26.86
6664.839,26.86
6664.915,26.82
6665.016,26.84
6665.119,26.86
6665.226,26.89
6665.324,26.84
6665.420,26.86
6665.548,26.86
6665.565,26.82
6665.660,26.89
6665.837,26.86
6665.871,26.82
6665.961,26.86
6666.065,26.86
6666.167,26.87
6666.285,26.86
6666.376,26.86
6666.474,26.82
6666.577,26.82
6666.680,26.86
6716.758,26.89
6716.859,26.86
6716.962,26.87
6717.065,26.82
6717.167,26.82
6717.268,26.84
6717.388,26.87
6717.476,26.86
6717.581,26.87
6717.697,26.86
6717.822,26.86
6717.896,26.82
6717.972,26.82
6718.089,26.86
6718.163,26.82
6718.295,26.81
6718.366,26.84
6718.489,26.87
6718.574,26.86
6718.695,26.82
6718.795,26.82
6718.900,26.87
6719.001,26.86
6719.054,26.86
6719.226,26.86
6719.312,26.86
6719.440,26.82
6719.513,26.81
6719.565,26.84
6719.660,26.82
6719.761,26.86
6719.863,26.84
6719.959,26.82
6720.070,26.84
6720.170,26.84
6720.275,26.9
6720.371,26.87
6720.469,26.84
6720.548,26.86
6720.652,26.84
6720.763,26.82
6720.861,26.86
6720.962,26.82
6721.086,26.86
6721.163,26.86
6721.263,26.84
6721.373,26.84
6721.498,26.84
6721.570,26.82
6721.673,26.87
6721.797,26.86
6721.891,26.87
6721.986,26.84
6722.084,26.84
6722.207,26.84
6722.288,26.86
6722.390,26.87
6722.491,26.82
6722.601,26.84
6722.701,26.84
6722.763,26.86
6722.866,26.84
6722.969,26.87
6723.047,26.86
6723.146,26.82
6723.315,26.86
6723.339,26.87
6723.437,26.86
6723.559,26.82
6723.658,26.82
6723.755,26.81
6723.854,26.82
6723.957,26.82
6724.042,26.81
6724.138,26.82
6724.236,26.81
6724.336,26.84
6724.437,26.84
6724.540,26.81
6724.641,26.86
6724.736,26.84
6724.875,26.84
6724.949,26.84
6725.052,26.87
6725.155,26.86
6725.256,26.86
6725.359,26.86
6725.471,26.81
6725.565,26.82
6725.667,26.86
6725.768,26.86
6725.883,26.81
6725.979,26.82
6726.104,26.82
6726.177,26.86
6726.280,26.86
6726.383,26.86
6726.496,26.84
6726.574,26.84
6726.643,26.81
6776.820,26.82
6776.851,26.84
6776.959,26.86
6777.035,26.79
6777.133,26.82
6777.239,26.82
6777.332,26.84
6777.439,26.86
6777.528,26.84
6777.724,26.82
6777.728,26.82
6777.846,26.86
6777.944,26.82
6778.045,26.89
6778.126,26.87
6778.226,26.86
6778.369,26.87
6778.435,26.87
6778.533,26.84
6778.657,26.84
6778.728,26.84
6778.847,26.82
6778.947,26.82
6779.055,26.81
6779.148,26.82
6779.261,26.81
6779.359,26.84
6779.457,26.82
6779.557,26.84
6779.660,26.82
6779.761,26.82
6779.881,26.86
6779.994,26.79
6780.069,26.84
6780.172,26.84
6780.275,26.86
6780.376,26.82
6780.479,26.87
6780.582,26.82
6780.616,26.86
6780.719,26.84
6780.890,26.84
6780.917,26.86
6781.030,26.81
6781.128,26.86
6781.229,26.86
6781.324,26.82
6781.425,26.86
6781.527,26.84
6781.641,26.81
6781.721,26.82
6781.820,26.81
6781.918,26.86
6782.028,26.84
6782.155,26.82
6782.221,26.82
6782.322,26.84
6782.415,26.84
6782.547,26.82
6782.621,26.86
6782.741,26.84
6782.834,26.82
6782.937,26.86
6783.043,26.86
6783.143,26.81
6783.244,26.89
6783.349,26.84
6783.449,26.82
6783.559,26.82
6783.662,26.86
6783.766,26.84
6783.864,26.89
6783.972,26.81
6784.076,26.81
6784.177,26.87
6784.293,26.84
6784.310,26.86
6784.483,26.86
6784.516,26.82
6784.613,26.86
6784.707,26.84
6784.837,26.86
6784.915,26.84
6785.027,26.84
6785.116,26.84
6785.212,26.82
6785.315,26.87
6785.418,26.89
6785.521,26.86
6785.604,26.84
6785.712,26.84
6785.805,26.87
6785.922,26.82
6786.047,26.86
6786.153,26.84
6786.207,26.82
6786.307,26.84
6786.418,26.84
6786.542,26.84
6786.606,26.87
7076.726,26.84
7076.822,26.84
7076.934,26.82
7077.033,26.87
7077.131,26.84
7077.231,26.86
7077.344,26.84
7077.442,26.82
7077.540,26.82
7077.648,26.84
7077.744,26.79
7077.847,26.84
7077.967,26.81
7078.057,26.82
7078.163,26.81
7078.266,26.86
7078.298,26.89
7078.403,26.84
7078.501,26.82
7078.599,26.86
7078.701,26.89
7078.798,26.82
7078.900,26.84
7079.001,26.87
7079.106,26.82
7079.207,26.82
7079.295,26.84
7079.395,26.86
7079.505,26.86
7079.601,26.81
7079.697,26.86
7079.900,26.82
7079.903,26.86
7080.006,26.86
7080.109,26.87
7080.217,26.82
7080.312,26.82
7080.413,26.84
7080.515,26.79
7080.638,26.86
7080.699,26.84
7080.856,26.82
7080.923,26.87
7081.055,26.84
7081.141,26.86
7081.234,26.84
7081.344,26.82
7081.405,26.86
7081.530,26.86
7081.641,26.86
7081.724,26.82
7081.854,26.86
7081.951,26.81
7082.054,26.82
7082.153,26.81
7082.185,26.82
7082.292,26.86
7082.400,26.84
7082.484,26.82
7082.586,26.86
7082.689,26.82
7082.788,26.84
7082.893,26.82
7082.996,26.84
7083.111,26.82
7083.185,26.79
7083.283,26.86
7083.381,26.79
7083.503,26.86
7083.623,26.82
7083.695,26.79
7083.793,26.87
7083.893,26.84
7083.996,26.86
7084.092,26.86
7084.216,26.84
7084.304,26.84
7084.412,26.82
7084.511,26.86
7084.626,26.84
7084.722,26.86
7084.844,26.84
7084.918,26.86
7085.021,26.84
7085.123,26.89
7085.228,26.79
7085.283,26.86
7085.388,26.82
7085.489,26.82
7085.597,26.82
7085.738,26.82
7085.817,26.86
7085.940,26.82
7086.054,26.86
7086.072,26.82
7086.239,26.86
7086.275,26.86
7086.396,26.86
7086.488,26.84
7086.584,26.86
7086.682,26.79
7136.785,26.84
7136.873,26.81
7136.998,26.82
7137.092,26.82
7137.172,26.84
7137.273,26.82
7137.375,26.86
7137.478,26.86
7137.592,26.82
7137.716,26.81
7137.790,26.84
7137.898,26.81
7138.003,26.82
7138.099,26.82
7138.202,26.82
7138.300,26.87
7138.408,26.81
7138.483,26.78
7138.584,26.86
7138.672,26.84
7138.809,26.82
7138.912,26.84
7138.991,26.82
7139.079,26.78
7139.180,26.79
7139.283,26.84
7139.388,26.82
7139.464,26.79
7139.569,26.82
7139.670,26.84
7139.822,26.82
7139.875,26.86
7140.028,26.84
7140.114,26.86
7140.168,26.86
7140.266,26.82
7140.363,26.84
7140.486,26.84
7140.560,26.84
7140.680,26.79
7140.783,26.89
7140.873,26.86
7140.971,26.81
7141.067,26.86
7141.165,26.82
7141.268,26.82
7141.371,26.84
7141.472,26.82
7141.574,26.87
7141.682,26.86
7141.782,26.81
7141.881,26.84
7141.984,26.82
7142.092,26.82
7142.190,26.86
7142.302,26.78
7142.393,26.79
7142.501,26.82
7142.599,26.82
7142.712,26.81
7142.807,26.82
7142.864,26.86
7142.972,26.84
7143.072,26.84
7143.172,26.81
7143.271,26.82
7143.376,26.81
7143.476,26.86
7143.552,26.82
7143.655,26.81
7143.770,26.82
7143.854,26.82
7143.969,26.82
7144.072,26.82
7144.162,26.81
7144.256,26.82
7144.364,26.82
7144.464,26.86
7144.555,26.82
7144.655,26.82
7144.751,26.82
7144.873,26.81
7145.089,26.82
7145.091,26.84
7145.163,26.82
7145.271,26.81
7145.376,26.86
7145.472,26.84
7145.569,26.82
7145.679,26.82
7145.778,26.82
7145.875,26.86
7145.976,26.86
7146.087,26.84
7146.187,26.84
7146.285,26.82
7146.386,26.81
7146.489,26.84
7146.592,26.81
7146.709,26.84
7196.798,26.79
7196.898,26.81
7197.001,26.82
7197.121,26.82
7197.148,26.82
7197.309,26.82
7197.412,26.82
7197.445,26.79
7197.614,26.87
7197.643,26.86
7197.741,26.82
7197.844,26.84
7197.945,26.82
7198.048,26.86
7198.152,26.82
7198.253,26.79
7198.342,26.79
7198.444,26.81
7198.548,26.81
7198.652,26.81
7198.755,26.89
7198.839,26.82
7198.959,26.81
7199.055,26.78
7199.153,26.86
7199.248,26.82
7199.351,26.84
7199.494,26.78
7199.592,26.84
7199.648,26.84
7199.775,26.84
7199.871,26.84
7199.991,26.82
7200.074,26.82
7200.175,26.82
7200.278,26.81
7200.386,26.86
7200.484,26.79
7200.584,26.81
7200.689,26.79
7200.795,26.79
7200.902,26.82
7200.996,26.82
7201.121,26.82
7201.138,26.79
7201.234,26.79
7201.334,26.82
7201.439,26.79
7201.540,26.82
7201.633,26.87
7201.744,26.82
7201.854,26.81
7201.930,26.86
7202.037,26.78
7202.131,26.81
7202.248,26.82
7202.344,26.82
7202.442,26.82
7202.540,26.82
7202.633,26.82
7202.756,26.87
7202.829,26.81
7202.959,26.82
7203.043,26.79
7203.146,26.81
7203.248,26.84
7203.324,26.82
7203.461,26.82
7203.562,26.82
7203.658,26.84
7203.763,26.82
7203.861,26.82
7203.957,26.81
7204.059,26.87
7204.170,26.78
7204.271,26.79
7204.373,26.82
7204.476,26.79
7204.579,26.79
7204.673,26.79
7204.724,26.84
7204.820,26.82
7204.952,26.81
7205.028,26.84
7205.131,26.86
7205.229,26.82
7205.319,26.84
7205.439,26.79
7205.528,26.81
7205.636,26.81
7205.736,26.86
7205.832,26.89
7205.935,26.84
7206.021,26.82
7206.119,26.79
7206.226,26.82
7206.320,26.82
7206.422,26.84
7206.525,26.86
7206.633,26.82
7256.729,26.82
7256.832,26.82
7256.935,26.81
7257.048,26.84
7257.148,26.84
7257.246,26.86
7257.342,26.84
7257.456,26.81
7257.552,26.84
7257.653,26.82
7257.753,26.84
7257.856,26.79
7257.959,26.86
7258.060,26.82
7258.172,26.81
7258.273,26.81
7258.369,26.82
7258.425,26.82
7258.530,26.81
7258.675,26.84
7258.739,26.81
7258.881,26.82
7258.912,26.82
7259.015,26.84
7259.108,26.86
7259.229,26.82
7259.320,26.84
7259.425,26.82
7259.520,26.81
7259.619,26.82
7259.722,26.79
7259.814,26.82
7259.910,26.82
7260.016,26.81
7260.114,26.82
7260.214,26.84
7260.314,26.82
7260.422,26.84
7260.525,26.82
7260.619,26.82
7260.722,26.86
7260.827,26.81
7260.927,26.81
7261.043,26.86
7261.133,26.82
7261.236,26.82
7261.332,26.79
7261.457,26.81
7261.554,26.82
7261.655,26.82
7261.778,26.79
7261.849,26.82
7261.952,26.84
7262.072,26.82
7262.157,26.81
7262.261,26.82
7262.361,26.81
7262.420,26.82
7262.530,26.81
7262.604,26.82
7262.761,26.82
7262.812,26.84
7262.905,26.81
7263.001,26.84
7263.101,26.81
7263.204,26.81
7263.312,26.79
7263.408,26.79
7263.513,26.84
7263.614,26.79
7263.704,26.79
7263.800,26.81
7263.905,26.81
7264.000,26.81
7264.106,26.82
7264.206,26.81
7264.310,26.82
7264.422,26.81
7264.521,26.84
7264.619,26.87
7264.717,26.82
7264.832,26.79
7264.930,26.82
7265.032,26.79
7265.133,26.82
7265.229,26.84
7265.341,26.81
7265.452,26.82
7265.537,26.84
7265.648,26.82
7265.746,26.82
7265.864,26.84
7265.945,26.82
7266.048,26.81
7266.152,26.86
7266.187,26.84
7266.356,26.82
7266.457,26.82
7266.554,26.82
7266.592,26.82
7266.694,26.84
7316.788,26.82
7316.891,26.81
7316.993,26.82
7317.099,26.84
7317.202,26.82
7317.314,26.82
7317.385,26.78
7317.506,26.79
7317.586,26.81
7317.702,26.82
7317.800,26.79
7317.900,26.81
7317.988,26.82
7318.089,26.79
7318.199,26.87
7318.295,26.81
7318.395,26.82
7318.496,26.86
7318.614,26.84
7318.711,26.81
7318.804,26.82
7318.915,26.82
7319.018,26.81
7319.131,26.82
7319.222,26.81
7319.336,26.82
7319.432,26.84
7319.538,26.79
7319.638,26.81
7319.736,26.79
7319.837,26.81
7319.939,26.81
7320.042,26.81
7320.145,26.84
7320.275,26.82
7320.278,26.79
7320.383,26.82
7320.481,26.82
7320.597,26.82
7320.682,26.82
7320.782,26.79
7320.883,26.81
7320.989,26.82
7321.089,26.84
7321.192,26.86
7321.293,26.81
7321.376,26.82
7321.484,26.82
7321.577,26.82
7321.702,26.82
7321.782,26.82
7321.918,26.86
7322.021,26.79
7322.089,26.81
7322.187,26.81
7322.304,26.87
7322.398,26.82
7322.510,26.79
7322.601,26.79
7322.714,26.81
7322.815,26.84
7322.915,26.79
7323.011,26.79
7323.113,26.81
7323.216,26.79
7323.327,26.84
7323.423,26.84
7323.538,26.81
7323.626,26.82
7323.728,26.81
7323.831,26.78
7323.949,26.86
7323.976,26.84
7324.067,26.82
7324.241,26.79
7324.273,26.79
7324.369,26.78
7324.472,26.79
7324.579,26.82
7324.673,26.82
7324.785,26.81
7324.866,26.82
7324.971,26.81
7325.076,26.78
7325.163,26.79
7325.263,26.82
7325.376,26.81
7325.489,26.79
7325.560,26.78
7325.682,26.82
7325.787,26.79
7325.883,26.76
7325.981,26.81
7326.077,26.81
7326.195,26.82
7326.288,26.82
7326.388,26.86
7326.494,26.82
7326.594,26.81
7326.690,26.84
7376.798,26.82
7376.915,26.79
7377.011,26.79
7377.108,26.81
7377.214,26.78
7377.322,26.79
7377.423,26.81
7377.518,26.81
7377.626,26.81
7377.657,26.82
7377.753,26.82
7377.858,26.79
7377.972,26.82
7378.055,26.79
7378.155,26.82
7378.256,26.79
7378.361,26.79
7378.464,26.78
7378.564,26.81
7378.655,26.81
7378.756,26.81
7378.856,26.82
7378.952,26.82
7379.062,26.81
7379.167,26.86
7379.263,26.79
7379.368,26.81
7379.462,26.82
7379.574,26.81
7379.648,26.82
7379.787,26.82
7379.875,26.84
7379.974,26.78
7380.097,26.79
7380.197,26.82
7380.250,26.79
7380.347,26.79
7380.451,26.82
7380.557,26.79
7380.660,26.79
7380.766,26.79
7380.888,26.76
7380.967,26.82
7381.089,26.82
7381.182,26.79
7381.300,26.81
7381.400,26.84
7381.451,26.81
7381.545,26.81
7381.646,26.82
7381.743,26.79
7381.849,26.81
7381.947,26.84
7382.060,26.81
7382.162,26.81
7382.256,26.81
7382.359,26.79
7382.440,26.84
7382.560,26.79
7382.665,26.86
7382.748,26.84
7382.846,26.78
7382.944,26.82
7383.054,26.79
7383.148,26.81
7383.263,26.79
7383.356,26.82
7383.462,26.84
7383.557,26.79
7383.662,26.79
7383.763,26.81
7383.873,26.81
7383.969,26.79
7384.045,26.79
7384.197,26.79
7384.287,26.81
7384.383,26.81
7384.479,26.78
7384.608,26.79
7384.685,26.79
7385.488,26.79
7385.489,26.82
7385.489,26.82
7385.572,26.76
7385.717,26.78
7385.741,26.78
7385.836,26.78
7385.942,26.79
7386.033,26.79
7386.145,26.79
7386.241,26.82
7386.347,26.79
7386.444,26.81
7386.535,26.81
7386.631,26.76
7676.741,26.78
7676.842,26.73
7676.942,26.81
7677.040,26.82
7677.133,26.81
7677.246,26.81
7677.347,26.79
7677.442,26.81
7677.552,26.79
7677.655,26.82
7677.756,26.82
7677.871,26.79
7677.962,26.81
7678.065,26.76
7678.160,26.79
7678.282,26.78
7678.376,26.79
7678.474,26.79
7678.574,26.82
7678.679,26.84
7678.775,26.82
7678.885,26.79
7678.986,26.76
7679.087,26.87
7679.192,26.82
7679.293,26.79
7679.396,26.79
7679.427,26.84
7679.527,26.79
7679.633,26.79
7679.734,26.81
7679.842,26.81
7679.923,26.79
7680.033,26.79
7680.119,26.81
7680.241,26.79
7680.351,26.86
7680.442,26.79
7680.537,26.79
7680.635,26.79
7680.756,26.81
7680.831,26.82
7680.930,26.81
7681.040,26.81
7681.136,26.81
7681.248,26.82
7681.344,26.82
7681.444,26.81
7681.545,26.86
7681.655,26.76
7681.751,26.79
7681.854,26.82
7681.957,26.79
7682.059,26.82
7682.162,26.73
7682.283,26.81
7682.369,26.76
7682.469,26.76
7682.577,26.79
7682.692,26.79
7682.777,26.79
7682.886,26.79
7682.915,26.79
7683.089,26.79
7683.116,26.81
7683.212,26.79
7683.319,26.82
7683.413,26.82
7683.515,26.78
7683.616,26.82
7683.719,26.82
7683.817,26.76
7683.913,26.81
7684.011,26.78
7684.119,26.82
7684.209,26.76
7684.329,26.81
7684.427,26.81
7684.528,26.79
7684.618,26.81
7684.716,26.79
7684.822,26.79
7684.925,26.79
7685.021,26.78
7685.121,26.78
7685.231,26.79
7685.334,26.79
7685.430,26.76
7685.532,26.78
7685.631,26.79
7685.751,26.79
7685.853,26.81
7685.957,26.81
7686.045,26.81
7686.146,26.78
7686.256,26.76
7686.368,26.79
7686.466,26.76
7686.562,26.76
7686.665,26.76
7736.760,26.84
7736.804,26.78
7736.903,26.79
7737.001,26.81
7737.106,26.76
7737.202,26.81
7737.302,26.76
7737.425,26.81
7737.511,26.79
7737.611,26.78
7737.712,26.78
7737.817,26.78
7737.920,26.81
7738.020,26.81
7738.116,26.81
7738.204,26.79
7738.305,26.79
7738.413,26.81
7738.528,26.76
7738.623,26.79
7738.719,26.81
7738.820,26.79
7738.895,26.78
7739.030,26.76
7739.126,26.78
7739.234,26.76
7739.327,26.81
7739.403,26.81
7739.511,26.82
7739.592,26.79
7739.697,26.79
7739.849,26.76
7739.903,26.78
7740.079,26.76
7740.113,26.78
7740.217,26.79
7740.290,26.79
7740.427,26.76
7740.559,26.78
7740.660,26.78
7740.778,26.79
7740.805,26.79
7740.896,26.78
7740.996,26.78
7741.099,26.76
7741.206,26.76
7741.304,26.84
7741.398,26.79
7741.491,26.79
7741.613,26.78
7741.709,26.81
7741.809,26.81
7741.888,26.76
7741.986,26.78
7742.094,26.79
7742.204,26.78
7742.298,26.76
7742.400,26.78
7742.503,26.79
7742.616,26.78
7742.712,26.79
7742.810,26.79
7742.913,26.79
7743.015,26.78
7743.116,26.79
7743.221,26.79
7743.322,26.76
7743.425,26.79
7743.538,26.79
7743.635,26.76
7743.741,26.78
7743.841,26.79
7743.937,26.79
7744.042,26.76
7744.081,26.78
7744.243,26.79
7744.344,26.78
7744.452,26.81
7744.479,26.79
7744.581,26.81
7744.687,26.76
7744.798,26.79
7744.881,26.79
7744.983,26.79
7745.092,26.79
7745.190,26.76
7745.280,26.78
7745.383,26.79
7745.511,26.81
7745.574,26.79
7745.692,26.76
7745.780,26.79
7745.881,26.76
7745.994,26.79
7746.119,26.76
7746.190,26.78
7746.300,26.78
7746.398,26.79
7746.496,26.76
7746.613,26.78
7796.714,26.79
7796.837,26.81
7796.910,26.78
7796.979,26.78
7797.113,26.76
7797.212,26.79
7797.315,26.79
7797.418,26.79
7797.520,26.76
7797.621,26.76
7797.714,26.79
7797.827,26.79
7797.947,26.76
7798.032,26.78
7798.136,26.79
7798.238,26.86
7798.339,26.79
7798.369,26.78
7798.474,26.76
7798.570,26.78
7798.682,26.76
7798.780,26.75
7798.886,26.79
7798.984,26.79
7799.081,26.79
7799.185,26.78
7799.285,26.79
7799.386,26.76
7799.466,26.76
7799.576,26.81
7799.672,26.78
7799.771,26.79
7799.875,26.81
7799.991,26.78
7800.079,26.79
7800.167,26.78
7800.288,26.78
7800.386,26.79
7800.476,26.78
7800.584,26.73
7800.699,26.76
7800.766,26.79
7800.888,26.76
7800.976,26.82
7801.077,26.79
7801.197,26.78
7801.310,26.76
7801.390,26.76
7801.505,26.78
7801.599,26.79
7801.721,26.79
7801.758,26.78
7801.859,26.76
7801.957,26.76
7802.126,26.78
7802.168,26.81
7802.265,26.78
7802.363,26.78
7802.462,26.79
7802.562,26.76
7802.665,26.79
7802.766,26.78
7802.861,26.79
7802.972,26.79
7803.060,26.79
7803.160,26.79
7803.271,26.76
7803.369,26.78
7803.467,26.79
7803.570,26.73
7803.677,26.79
7803.775,26.79
7803.878,26.78
7803.971,26.78
7804.092,26.79
7804.177,26.78
7804.278,26.81
7804.381,26.84
7804.484,26.76
7804.586,26.79
7804.699,26.76
7804.790,26.76
7804.854,26.78
7804.959,26.78
7805.109,26.78
7805.163,26.78
7805.263,26.75
7805.369,26.76
7805.478,26.76
7805.599,26.79
7805.653,26.78
7805.800,26.78
7805.910,26.79
7806.011,26.79
7806.060,26.79
7806.217,26.78
7806.248,26.76
7806.359,26.76
7806.454,26.78
7806.562,26.79
7806.665,26.76
7856.763,26.78
7856.861,26.81
7856.947,26.78
7857.045,26.81
7857.145,26.75
7857.241,26.78
7857.351,26.76
7857.454,26.81
7857.557,26.76
7857.657,26.75
7857.760,26.79
7857.863,26.78
7857.966,26.78
7858.074,26.78
7858.170,26.78
7858.271,26.76
7858.373,26.78
7858.510,26.79
7858.586,26.79
7858.680,26.78
7858.785,26.76
7858.893,26.76
7858.989,26.79
7859.109,26.76
7859.194,26.75
7859.290,26.76
7859.356,26.76
7859.521,26.79
7859.604,26.76
7859.668,26.76
7859.744,26.76
7859.844,26.76
7859.942,26.78
7860.055,26.78
7860.150,26.81
7860.241,26.79
7860.354,26.76
7860.437,26.79
7860.646,26.78
7860.648,26.76
7860.746,26.76
7860.847,26.73
7860.945,26.79
7861.030,26.79
7861.146,26.79
7861.243,26.78
7861.356,26.76
7861.456,26.76
7861.552,26.76
7861.653,26.76
7861.755,26.76
7861.856,26.76
7861.957,26.78
7862.048,26.76
7862.163,26.76
7862.266,26.79
7862.369,26.79
7862.471,26.75
7862.572,26.76
7862.692,26.76
7862.783,26.81
7862.880,26.79
7862.983,26.76
7863.084,26.76
7863.195,26.79
7863.226,26.76
7863.324,26.75
7863.425,26.76
7863.597,26.79
7863.626,26.81
7863.724,26.78
7863.826,26.75
7863.927,26.76
7864.038,26.73
7864.135,26.75
7864.256,26.76
7864.341,26.78
7864.442,26.76
7864.543,26.75
7864.643,26.79
7864.722,26.78
7864.824,26.79
7864.927,26.79
7865.032,26.78
7865.133,26.76
7865.234,26.76
7865.332,26.76
7865.447,26.76
7865.545,26.73
7865.665,26.78
7865.722,26.76
7865.836,26.76
7865.937,26.76
7866.016,26.78
7866.125,26.76
7866.234,26.75
7866.356,26.7
7866.464,26.78
7866.550,26.76
7866.670,26.79
7916.780,26.78
7916.907,26.75
7916.966,26.71
7917.016,26.82
7917.114,26.76
7917.217,26.78
7917.315,26.73
7917.418,26.75
7917.516,26.79
7917.631,26.76
7917.726,26.75
7917.827,26.79
7917.929,26.78
7918.028,26.76
7918.128,26.76
7918.231,26.78
7918.331,26.78
7918.432,26.75
7918.511,26.76
7918.616,26.75
7918.716,26.78
7918.820,26.79
7918.923,26.76
7919.033,26.76
7919.131,26.75
7919.229,26.76
7919.331,26.75
7919.442,26.76
7919.540,26.79
7919.640,26.78
7919.741,26.76
7919.854,26.76
7919.954,26.75
7920.050,26.75
7920.150,26.75
7920.253,26.78
7920.354,26.76
7920.457,26.79
7920.525,26.81
7920.668,26.75
7920.726,26.78
7920.824,26.79
7920.969,26.79
7921.040,26.75
7921.175,26.73
7921.280,26.76
7921.309,26.73
7921.403,26.76
7921.523,26.78
7921.604,26.79
7921.716,26.73
7921.815,26.71
7921.915,26.76
7922.015,26.79
7922.121,26.75
7922.199,26.75
7922.302,26.76
7922.408,26.75
7922.506,26.78
7922.608,26.76
7922.704,26.76
7922.812,26.78
7922.915,26.78
7923.018,26.79
7923.119,26.78
7923.224,26.75
7923.326,26.73
7923.464,26.81
7923.537,26.79
7923.643,26.76
7923.744,26.75
7923.853,26.81
7923.952,26.78
7924.052,26.75
7924.148,26.73
7924.255,26.76
7924.353,26.76
7924.459,26.79
7924.542,26.76
7924.657,26.79
7924.758,26.76
7924.859,26.78
7924.962,26.75
7925.067,26.76
7925.096,26.76
7925.192,26.78
7925.302,26.76
7925.402,26.76
7925.500,26.76
7925.601,26.78
7925.692,26.79
7925.790,26.78
7925.898,26.78
7926.013,26.75
7926.101,26.75
7926.190,26.78
7926.288,26.79
7926.405,26.75
7926.500,26.76
7926.619,26.76
7926.695,26.73
7976.817,26.75
7976.912,26.76
7977.013,26.76
7977.116,26.79
7977.217,26.75
7977.319,26.76
7977.423,26.76
7977.555,26.78
7977.626,26.78
7977.728,26.76
7977.851,26.75
7977.932,26.76
7978.035,26.75
7978.138,26.75
7978.263,26.78
7978.342,26.76
7978.445,26.75
7978.547,26.76
7978.586,26.78
7978.753,26.76
7978.780,26.73
7978.976,26.76
7978.979,26.78
7979.087,26.73
7979.185,26.78
7979.288,26.75
7979.398,26.78
7979.496,26.76
7979.596,26.76
7979.689,26.73
7979.777,26.79
7979.878,26.75
7979.981,26.75
7980.101,26.73
7980.185,26.75
7980.288,26.76
7980.391,26.75
7980.498,26.73
7980.594,26.75
7980.699,26.78
7980.809,26.76
7980.880,26.71
7981.011,26.75
7981.082,26.75
7981.202,26.78
7981.344,26.76
7981.417,26.75
7981.528,26.76
7981.619,26.73
7981.716,26.76
7981.834,26.75
7981.937,26.75
7982.033,26.78
7982.133,26.75
7982.234,26.73
7982.337,26.76
7982.440,26.78
7982.540,26.76
7982.628,26.75
7982.675,26.78
7982.771,26.73
7982.871,26.78
7982.996,26.76
7983.079,26.76
7983.180,26.75
7983.282,26.71
7983.386,26.76
7983.484,26.75
7983.587,26.7
7983.667,26.76
7983.775,26.75
7983.873,26.71
7983.974,26.73
7984.097,26.71
7984.189,26.79
7984.287,26.78
7984.385,26.76
7984.464,26.73
7984.567,26.76
7984.677,26.73
7984.780,26.76
7984.864,26.75
7984.964,26.78
7985.089,26.76
7985.202,26.75
7985.305,26.73
7985.408,26.76
7985.505,26.73
7985.586,26.79
7985.707,26.76
7985.802,26.76
7985.935,26.73
7986.023,26.76
7986.125,26.79
7986.229,26.76
7986.322,26.76
7986.369,26.78
7986.467,26.73
7986.564,26.76
7986.670,26.76
8276.766,26.79
8276.866,26.76
8276.967,26.82
8277.087,26.73
8277.158,26.76
8277.260,26.75
8277.356,26.79
8277.456,26.75
8277.596,26.76
8277.670,26.78
8277.775,26.73
8277.875,26.78
8278.000,26.79
8278.082,26.76
8278.187,26.76
8278.287,26.78
8278.381,26.73
8278.481,26.76
8278.582,26.73
8278.684,26.75
8278.785,26.75
8278.888,26.75
8278.991,26.79
8279.094,26.76
8279.195,26.73
8279.312,26.76
8279.408,26.73
8279.464,26.71
8279.616,26.75
8279.652,26.76
8279.748,26.78
8279.851,26.73
8279.952,26.75
8280.052,26.76
8280.160,26.73
8280.347,26.73
8280.364,26.76
8280.449,26.76
8280.569,26.78
8280.655,26.76
8280.760,26.73
8280.859,26.76
8280.979,26.75
8281.081,26.71
8281.173,26.75
8281.251,26.76
8281.347,26.75
8281.451,26.73
8281.557,26.76
8281.655,26.79
8281.756,26.75
8281.863,26.79
8281.961,26.76
8282.064,26.73
8282.209,26.76
8282.268,26.73
8282.371,26.73
8282.472,26.73
8282.594,26.79
8282.677,26.73
8282.775,26.75
8282.920,26.75
8282.988,26.76
8283.087,26.71
8283.190,26.73
8283.285,26.73
8283.396,26.76
8283.498,26.78
8283.601,26.75
8283.704,26.73
8283.805,26.78
8283.908,26.75
8284.021,26.76
8284.040,26.73
8284.214,26.73
8284.243,26.7
8284.351,26.76
8284.457,26.76
8284.557,26.73
8284.655,26.79
8284.756,26.76
8284.856,26.76
8284.942,26.82
8285.038,26.76
8285.168,26.78
8285.241,26.73
8285.342,26.73
8285.445,26.75
8285.535,26.75
8285.655,26.71
8285.761,26.75
8285.859,26.76
8285.974,26.76
8286.057,26.75
8286.160,26.76
8286.270,26.76
8286.332,26.76
8286.457,26.76
8286.543,26.76
8286.660,26.75
8336.782,26.76
8336.910,26.75
8336.979,26.75
8337.082,26.73
8337.177,26.79
8337.304,26.75
8337.383,26.78
8337.508,26.76
8337.533,26.76
8337.628,26.7
8337.795,26.75
8337.824,26.73
8338.003,26.73
8338.030,26.76
8338.131,26.78
8338.231,26.81
8338.334,26.78
8338.430,26.75
8338.543,26.76
8338.631,26.73
8338.724,26.78
8338.842,26.75
8338.925,26.75
8339.032,26.73
8339.131,26.76
8339.236,26.76
8339.334,26.76
8339.437,26.75
8339.533,26.71
8339.643,26.76
8339.744,26.78
8339.949,26.75
8339.952,26.76
8340.050,26.78
8340.146,26.75
8340.268,26.73
8340.358,26.75
8340.459,26.76
8340.582,26.76
8340.667,26.75
8340.768,26.81
8340.871,26.75
8340.922,26.75
8341.076,26.71
8341.185,26.75
8341.280,26.73
8341.344,26.76
8341.418,26.73
8341.523,26.75
8341.623,26.76
8341.783,26.76
8341.822,26.75
8341.925,26.76
8342.028,26.71
8342.131,26.75
8342.233,26.76
8342.329,26.73
8342.415,26.73
8342.521,26.75
8342.619,26.76
8342.716,26.75
8342.842,26.75
8342.956,26.78
8343.028,26.73
8343.128,26.76
8343.233,26.76
8343.332,26.75
8343.435,26.71
8343.533,26.73
8343.646,26.75
8343.739,26.76
8343.842,26.71
8343.945,26.75
8344.057,26.71
8344.153,26.73
8344.251,26.71
8344.356,26.75
8344.454,26.79
8344.557,26.75
8344.677,26.76
8344.761,26.76
8344.864,26.75
8344.929,26.75
8345.091,26.79
8345.135,26.75
8345.211,26.76
8345.312,26.73
8345.413,26.75
8345.572,26.76
8345.626,26.75
8345.707,26.73
8345.805,26.75
8345.905,26.76
8346.016,26.76
8346.111,26.76
8346.219,26.73
8346.315,26.75
8346.420,26.76
8346.518,26.78
8346.604,26.73
8346.707,26.71
8396.810,26.75
8396.952,26.73
8397.025,26.76
8397.126,26.75
8397.253,26.73
8397.324,26.75
8397.425,26.75
8397.545,26.76
8397.618,26.73
8397.731,26.73
8397.834,26.73
8397.935,26.75
8398.047,26.78
8398.148,26.73
8398.256,26.73
8398.378,26.76
8398.449,26.73
8398.560,26.73
8398.662,26.79
8398.765,26.73
8398.866,26.73
8398.895,26.71
8399.062,26.75
8399.165,26.73
8399.192,26.73
8399.320,26.78
8399.396,26.79
8399.503,26.76
8399.601,26.7
8399.707,26.78
8399.824,26.73
8399.893,26.73
8399.989,26.78
8400.118,26.78
8400.190,26.78
8400.305,26.78
8400.395,26.73
8400.513,26.75
8400.599,26.75
8400.721,26.73
8400.810,26.73
8400.927,26.81
8401.010,26.73
8401.131,26.78
8401.202,26.71
8401.337,26.78
8401.410,26.7
8401.511,26.73
8401.635,26.73
8401.731,26.75
8401.827,26.76
8401.930,26.75
8402.032,26.73
8402.146,26.71
8402.244,26.73
8402.339,26.75
8402.442,26.75
8402.543,26.76
8402.658,26.73
8402.684,26.75
8402.788,26.75
8402.952,26.73
8403.057,26.73
8403.084,26.73
8403.199,26.76
8403.295,26.79
8403.398,26.78
8403.500,26.79
8403.596,26.73
8403.695,26.75
8403.800,26.75
8403.888,26.76
8403.986,26.71
8404.082,26.75
8404.182,26.76
8404.278,26.73
8404.402,26.75
8404.500,26.71
8404.601,26.73
8404.680,26.76
8404.785,26.71
8404.930,26.76
8405.013,26.79
8405.114,26.78
8405.195,26.73
8405.309,26.73
8405.445,26.76
8405.533,26.75
8405.606,26.73
8405.704,26.75
8405.800,26.73
8405.924,26.73
8406.025,26.76
8406.108,26.76
8406.222,26.71
8406.322,26.71
8406.373,26.75
8406.530,26.75
8406.680,26.73
8406.684,26.73
8456.851,26.75
8456.876,26.78
8456.972,26.73
8457.074,26.73
8457.174,26.76
8457.288,26.75
8457.385,26.75
8457.486,26.75
8457.587,26.76
8457.687,26.75
8457.775,26.75
8457.875,26.76
8457.978,26.79
8458.074,26.73
8458.175,26.75
8458.278,26.76
8458.393,26.73
8458.486,26.73
8458.586,26.73
8458.689,26.75
8458.790,26.75
8458.891,26.73
8459.013,26.71
8459.097,26.78
8459.201,26.75
8459.304,26.75
8459.424,26.73
8459.516,26.73
8459.614,26.71
8459.714,26.76
8459.819,26.76
8459.917,26.71
8459.969,26.76
8460.114,26.73
8460.224,26.75
8460.337,26.73
8460.368,26.78
8460.530,26.73
8460.597,26.75
8460.673,26.76
8460.773,26.73
8460.876,26.75
8460.978,26.73
8461.067,26.76
8461.163,26.76
8461.261,26.75
8461.378,26.73
8461.476,26.71
8461.586,26.76
8461.670,26.76
8461.768,26.73
8461.871,26.75
8461.976,26.75
8462.069,26.81
8462.172,26.75
8462.376,26.73
8462.380,26.76
8462.489,26.76
8462.586,26.7
8462.690,26.76
8462.783,26.76
8462.878,26.78
8462.994,26.75
8463.099,26.73
8463.197,26.78
8463.297,26.73
8463.422,26.75
8463.511,26.73
8463.604,26.76
8463.707,26.73
8463.788,26.71
8463.910,26.71
8464.013,26.73
8464.116,26.76
8464.157,26.73
8464.320,26.73
8464.423,26.78
8464.449,26.73
8464.549,26.76
8464.650,26.75
8464.753,26.76
8464.856,26.76
8464.959,26.78
8465.060,26.73
8465.163,26.75
8465.258,26.75
8465.354,26.73
8465.459,26.76
8465.557,26.73
8465.670,26.75
8465.765,26.73
8465.869,26.73
8465.969,26.73
8466.062,26.73
8466.153,26.71
8466.266,26.78
8466.361,26.73
8466.451,26.75
8466.572,26.73
8466.668,26.73
8516.798,26.73
8516.900,26.73
8517.003,26.75
8517.097,26.71
8517.189,26.7
8517.290,26.73
8517.400,26.73
8517.533,26.7
8517.606,26.76
8517.704,26.73
8517.802,26.75
8517.905,26.75
8518.006,26.73
8518.108,26.73
8518.211,26.71
8518.241,26.73
8518.415,26.73
8518.444,26.75
8518.542,26.73
8518.648,26.73
8518.756,26.75
8518.837,26.71
8518.962,26.73
8519.040,26.7
8519.145,26.73
8519.241,26.71
8519.347,26.73
8519.442,26.7
8519.552,26.75
8519.670,26.76
8519.748,26.76
8519.849,26.71
8519.952,26.75
8520.037,26.71
8520.157,26.71
8520.260,26.75
8520.361,26.73
8520.435,26.73
8520.577,26.73
8520.636,26.73
8520.771,26.78
8520.849,26.75
8520.969,26.75
8521.070,26.73
8521.158,26.71
8521.283,26.75
8521.386,26.7
8521.481,26.7
8521.596,26.78
8521.694,26.73
8521.799,26.76
8521.918,26.76
8522.000,26.73
8522.027,26.68
8522.204,26.75
8522.241,26.76
8522.334,26.75
8522.437,26.7
8522.535,26.73
8522.631,26.75
8522.729,26.73
8522.829,26.76
8522.930,26.73
8523.023,26.73
8523.136,26.73
8523.231,26.73
8523.346,26.73
8523.434,26.73
8523.537,26.71
8523.640,26.75
8523.756,26.73
8523.851,26.73
8523.949,26.71
8524.049,26.79
8524.152,26.73
8524.251,26.78
8524.342,26.71
8524.457,26.73
8524.525,26.71
8524.628,26.7
8524.771,26.73
8524.841,26.76
8524.969,26.76
8525.072,26.75
8525.182,26.73
8525.277,26.79
8525.380,26.76
8525.476,26.78
8525.569,26.73
8525.619,26.76
8525.798,26.73
8525.827,26.7
8525.918,26.75
8526.023,26.73
8526.126,26.71
8526.229,26.71
8526.329,26.73
8526.435,26.73
8526.533,26.75
8526.652,26.71
8576.714,26.75
8576.812,26.75
8576.915,26.76
8577.018,26.76
8577.126,26.73
8577.229,26.78
8577.334,26.75
8577.437,26.7
8577.533,26.75
8577.631,26.71
8577.729,26.75
8577.847,26.75
8577.942,26.75
8578.045,26.76
8578.123,26.76
8578.255,26.73
8578.356,26.71
8578.452,26.71
8578.559,26.71
8578.611,26.76
8578.717,26.75
8578.827,26.75
8578.929,26.73
8579.030,26.71
8579.131,26.76
8579.271,26.75
8579.344,26.76
8579.466,26.76
8579.518,26.75
8579.616,26.76
8579.722,26.73
8579.807,26.71
8579.925,26.75
8580.003,26.71
8580.114,26.75
8580.216,26.76
8580.327,26.73
8580.410,26.75
8580.508,26.73
8580.614,26.7
8580.717,26.75
8580.815,26.73
8580.920,26.71
8581.021,26.73
8581.106,26.75
8581.226,26.73
8581.326,26.73
8581.429,26.76
8581.525,26.73
8581.626,26.71
8581.724,26.71
8581.841,26.78
8581.937,26.73
8582.037,26.73
8582.138,26.7
8582.241,26.73
8582.342,26.76
8582.445,26.75
8582.547,26.73
8582.657,26.71
8582.761,26.76
8582.859,26.73
8582.900,26.71
8582.994,26.73
8583.094,26.73
8583.199,26.73
8583.300,26.76
8583.395,26.78
8583.530,26.7
8583.594,26.73
8583.704,26.73
8583.807,26.75
8583.908,26.73
8584.003,26.71
8584.101,26.76
8584.199,26.76
8584.314,26.73
8584.391,26.71
8584.494,26.73
8584.614,26.68
8584.709,26.75
8584.805,26.7
8584.903,26.73
8585.000,26.71
8585.108,26.71
8585.221,26.71
8585.322,26.7
8585.420,26.73
8585.516,26.71
8585.614,26.73
8585.722,26.75
8585.839,26.73
8585.935,26.73
8586.033,26.73
8586.131,26.71
8586.251,26.73
8586.346,26.73
8586.442,26.75
8586.545,26.7
8586.646,26.71
8876.746,26.73
8876.805,26.7
8876.886,26.76
8876.988,26.68
8877.087,26.68
8877.184,26.7
8877.282,26.73
8877.385,26.71
8877.486,26.71
8877.582,26.73
8877.699,26.7
8877.793,26.75
8877.896,26.76
8877.998,26.73
8878.089,26.75
8878.202,26.71
8878.280,26.75
8878.412,26.73
8878.498,26.73
8878.594,26.75
8878.690,26.71
8878.780,26.73
8878.896,26.73
8878.993,26.73
8879.099,26.71
8879.238,26.71
8879.310,26.71
8879.415,26.73
8879.520,26.68
8879.611,26.75
8879.716,26.73
8879.827,26.7
8879.929,26.71
8880.030,26.75
8880.128,26.71
8880.250,26.76
8880.339,26.71
8880.432,26.76
8880.535,26.73
8880.636,26.73
8880.741,26.71
8880.842,26.71
8880.871,26.76
8880.986,26.76
8881.089,26.73
8881.185,26.71
8881.285,26.73
8881.378,26.76
8881.488,26.7
8881.589,26.73
8881.668,26.75
8881.788,26.71
8881.876,26.75
8881.991,26.73
8882.086,26.75
8882.206,26.73
8882.312,26.7
8882.386,26.71
8882.498,26.73
8882.574,26.73
8882.675,26.75
8882.775,26.71
8882.907,26.76
8882.981,26.73
8883.065,26.71
8883.189,26.76
8883.271,26.67
8883.391,26.73
8883.479,26.7
8883.601,26.7
8883.709,26.7
8883.805,26.7
8883.925,26.71
8884.005,26.76
8884.128,26.7
8884.226,26.71
8884.342,26.68
8884.366,26.71
8884.528,26.68
8884.631,26.75
8884.734,26.71
8884.763,26.76
8884.861,26.71
8884.961,26.71
8885.074,26.7
8885.170,26.71
8885.270,26.75
8885.449,26.71
8885.478,26.71
8885.577,26.7
8885.679,26.7
8885.763,26.76
8885.875,26.73
8885.972,26.71
8886.069,26.71
8886.175,26.75
8886.273,26.7
8886.378,26.73
8886.498,26.73
8886.587,26.73
8886.680,26.73
8936.790,26.73
8936.864,26.71
8936.994,26.75
8937.091,26.73
8937.233,26.7
8937.293,26.73
8937.415,26.76
8937.518,26.73
8937.601,26.7
8937.665,26.73
8937.809,26.7
8937.908,26.71
8938.011,26.75
8938.074,26.76
8938.152,26.7
8938.253,26.73
8938.361,26.73
8938.515,26.71
8938.614,26.73
8938.667,26.73
8938.809,26.76
8938.863,26.75
8938.959,26.7
8939.070,26.71
8939.150,26.73
8939.270,26.73
8939.366,26.71
8939.462,26.67
8939.559,26.75
8939.657,26.71
8939.751,26.73
8939.871,26.73
8939.957,26.76
8940.069,26.73
8940.172,26.71
8940.261,26.75
8940.364,26.73
8940.467,26.71
8940.584,26.73
8940.680,26.73
8940.785,26.7
8940.908,26.7
8940.979,26.75
8941.089,26.71
8941.189,26.79
8941.297,26.71
8941.391,26.73
8941.491,26.7
8941.594,26.7
8941.695,26.73
8941.817,26.73
8941.841,26.76
8941.957,26.73
8942.045,26.75
8942.143,26.75
8942.266,26.7
8942.425,26.7
8942.457,26.73
8942.538,26.7
8942.641,26.75
8942.746,26.73
8942.837,26.73
8942.959,26.73
8943.040,26.73
8943.136,26.73
8943.238,26.71
8943.344,26.78
8943.481,26.71
8943.543,26.7
8943.643,26.71
8943.739,26.71
8943.856,26.71
8943.959,26.71
8944.055,26.7
8944.153,26.71
8944.234,26.76
8944.359,26.76
8944.462,26.71
8944.557,26.71
8944.670,26.7
8944.766,26.75
8944.866,26.7
8944.949,26.71
8945.084,26.68
8945.180,26.7
8945.280,26.75
8945.386,26.76
8945.484,26.75
8945.587,26.71
8945.690,26.75
8945.736,26.73
8945.895,26.71
8945.998,26.73
8946.027,26.71
8946.128,26.7
8946.304,26.73
8946.332,26.71
8946.445,26.76
8946.533,26.7
8946.635,26.73
8996.739,26.73
8996.832,26.78
8996.929,26.73
8997.045,26.75
8997.153,26.73
8997.226,26.73
8997.329,26.75
8997.430,26.73
8997.521,26.73
8997.646,26.71
8997.741,26.7
8997.839,26.78
8997.934,26.75
8998.055,26.78
8998.150,26.75
8998.258,26.75
8998.361,26.73
8998.424,26.71
8998.548,26.75
8998.668,26.7
8998.736,26.73
8998.856,26.73
8998.956,26.73
8999.072,26.73
8999.170,26.75
8999.273,26.73
8999.359,26.75
8999.472,26.73
8999.523,26.73
8999.625,26.7
8999.728,26.73
8999.883,26.71
8999.998,26.75
9000.025,26.75
9000.126,26.71
9000.222,26.73
9000.329,26.73
9000.432,26.73
9000.532,26.73
9000.614,26.73
9000.717,26.71
9000.829,26.7
9000.918,26.75
9001.016,26.73
9001.118,26.73
9001.243,26.76
9001.322,26.71
9001.425,26.73
9001.565,26.7
9001.630,26.71
9001.731,26.76
9001.842,26.75
9001.937,26.73
9002.028,26.73
9002.111,26.73
9002.244,26.7
9002.346,26.73
9002.418,26.68
9002.542,26.68
9002.668,26.73
9002.741,26.71
9002.886,26.7
9002.959,26.76
9003.055,26.71
9003.106,26.71
9003.302,26.7
9003.361,26.7
9003.472,26.71
9003.592,26.71
9003.670,26.7
9003.768,26.7
9003.810,26.73
9003.908,26.73
9004.016,26.67
9004.190,26.73
9004.217,26.7
9004.315,26.73
9004.418,26.7
9004.503,26.7
9004.614,26.71
9004.711,26.73
9004.812,26.7
9004.915,26.71
9005.013,26.7
9005.111,26.73
9005.214,26.73
9005.315,26.73
9005.418,26.71
9005.528,26.73
9005.623,26.68
9005.726,26.73
9005.827,26.75
9005.930,26.68
9006.032,26.7
9006.133,26.7
9006.236,26.71
9006.344,26.73
9006.442,26.71
9006.562,26.75
9006.658,26.7
9056.778,26.73
9056.859,26.71
9056.962,26.73
9057.077,26.7
9057.096,26.73
9057.270,26.71
9057.300,26.73
9057.396,26.73
9057.569,26.7
9057.606,26.7
9057.702,26.75
9057.812,26.75
9057.903,26.7
9058.001,26.71
9058.099,26.71
9058.207,26.7
9058.309,26.73
9058.398,26.71
9058.508,26.71
9058.594,26.7
9058.689,26.75
9058.817,26.73
9058.888,26.71
9059.003,26.75
9059.116,26.7
9059.217,26.75
9059.327,26.73
9059.400,26.71
9059.523,26.7
9059.625,26.7
9059.707,26.75
9059.829,26.73
9059.924,26.71
9060.033,26.73
9060.131,26.73
9060.229,26.73
9060.324,26.75
9060.430,26.7
9060.538,26.71
9060.648,26.75
9060.753,26.7
9060.844,26.7
9060.949,26.7
9061.050,26.71
9061.165,26.71
9061.194,26.71
9061.290,26.71
9061.386,26.7
9061.489,26.75
9061.587,26.68
9061.690,26.71
9061.790,26.75
9061.902,26.67
9062.001,26.75
9062.097,26.7
9062.280,26.73
9062.282,26.73
9062.381,26.7
9062.484,26.73
9062.589,26.68
9062.679,26.7
9062.780,26.71
9062.913,26.7
9063.001,26.73
9063.099,26.71
9063.195,26.71
9063.297,26.7
9063.396,26.7
9063.518,26.7
9063.619,26.73
9063.714,26.7
9063.824,26.73
9063.925,26.73
9064.023,26.68
9064.130,26.73
9064.234,26.71
9064.334,26.71
9064.437,26.75
9064.474,26.73
9064.635,26.68
9064.736,26.7
9064.839,26.7
9064.942,26.68
9065.043,26.7
9065.072,26.68
9065.187,26.67
9065.283,26.68
9065.380,26.7
9065.479,26.7
9065.574,26.67
9065.692,26.76
9065.773,26.68
9065.898,26.73
9065.991,26.7
9066.086,26.75
9066.180,26.7
9066.271,26.7
9066.373,26.68
9066.471,26.7
9066.570,26.68
9066.677,26.71
9116.783,26.71
9116.896,26.71
9117.005,26.73
9117.091,26.73
9117.194,26.73
9117.265,26.73
9117.413,26.7
9117.501,26.73
9117.613,26.7
9117.707,26.73
9117.809,26.7
9117.912,26.73
9118.013,26.73
9118.101,26.73
9118.217,26.71
9118.320,26.71
9118.525,26.71
9118.528,26.7
9118.626,26.7
9118.753,26.68
9118.837,26.68
9118.878,26.73
9118.959,26.71
9119.072,26.73
9119.172,26.76
9119.275,26.71
9119.371,26.73
9119.479,26.73
9119.618,26.73
9119.675,26.7
9119.768,26.71
9119.869,26.73
9119.959,26.7
9120.077,26.7
9120.172,26.76
9120.266,26.75
9120.380,26.71
9120.479,26.7
9120.577,26.7
9120.682,26.7
9120.761,26.71
9120.885,26.75
9120.983,26.73
9121.087,26.75
9121.197,26.76
9121.300,26.7
9121.412,26.68
9121.498,26.73
9121.597,26.71
9121.707,26.75
9121.822,26.75
9121.905,26.68
9122.016,26.7
9122.113,26.75
9122.214,26.75
9122.315,26.7
9122.418,26.73
9122.518,26.71
9122.555,26.68
9122.655,26.73
9122.751,26.71
9122.856,26.71
9122.957,26.75
9123.055,26.73
9123.163,26.7
9123.271,26.71
9123.361,26.71
9123.452,26.73
9123.567,26.71
9123.660,26.7
9123.751,26.73
9123.849,26.73
9123.981,26.71
9124.064,26.71
9124.163,26.71
9124.268,26.73
9124.351,26.71
9124.466,26.73
9124.577,26.71
9124.682,26.7
9124.763,26.71
9124.873,26.68
9124.976,26.73
9125.087,26.7
9125.182,26.7
9125.283,26.7
9125.386,26.7
9125.496,26.76
9125.597,26.68
9125.695,26.7
9125.795,26.7
9125.898,26.71
9126.001,26.73
9126.126,26.73
9126.204,26.73
9126.315,26.73
9126.344,26.73
9126.442,26.7
9126.555,26.73
9126.646,26.73
9176.820,26.73
9176.847,26.73
9176.947,26.73
9177.050,26.71
9177.158,26.75
9177.239,26.73
9177.342,26.75
9177.449,26.73
9177.538,26.71
9177.658,26.7
9177.756,26.7
9177.853,26.7
9177.956,26.71
9178.049,26.7
9178.160,26.73
9178.258,26.71
9178.356,26.68
9178.462,26.67
9178.570,26.73
9178.668,26.73
9178.766,26.71
9178.856,26.7
9178.978,26.7
9179.074,26.73
9179.175,26.7
9179.278,26.71
9179.385,26.7
9179.523,26.68
9179.584,26.71
9179.697,26.73
9179.795,26.71
9179.908,26.75
9179.935,26.71
9180.030,26.7
9180.197,26.71
9180.229,26.71
9180.403,26.68
9180.430,26.73
9180.528,26.7
9180.633,26.7
9180.744,26.71
9180.841,26.71
9181.018,26.73
9181.048,26.71
9181.138,26.7
9181.241,26.7
9181.334,26.71
9181.467,26.75
9181.538,26.7
9181.636,26.65
9181.741,26.7
9181.839,26.7
9181.940,26.7
9182.035,26.7
9182.136,26.71
9182.256,26.76
9182.353,26.71
9182.452,26.7
9182.554,26.7
9182.657,26.71
9182.758,26.73
9182.873,26.7
9182.972,26.71
9183.070,26.7
9183.173,26.68
9183.278,26.71
9183.376,26.71
9183.486,26.71
9183.582,26.7
9183.680,26.73
9183.783,26.73
9183.905,26.68
9183.924,26.73
9184.020,26.7
9184.202,26.73
9184.226,26.73
9184.327,26.68
9184.420,26.68
9184.516,26.7
9184.641,26.71
9184.739,26.71
9184.815,26.7
9184.917,26.67
9185.021,26.73
9185.121,26.7
9185.219,26.7
9185.320,26.75
9185.420,26.68
9185.523,26.7
9185.626,26.7
9185.743,26.75
9185.832,26.7
9185.934,26.71
9186.035,26.7
9186.177,26.71
9186.251,26.75
9186.354,26.73
9186.447,26.7
9186.550,26.7
9186.650,26.68
21476.771,26.7
21476.844,26.7
21476.959,26.7
21477.060,26.73
21477.162,26.7
21477.263,26.73
21477.386,26.71
21477.410,26.71
21477.581,26.71
21477.673,26.67
21477.785,26.73
21477.812,26.73
21477.913,26.7
21478.016,26.71
21478.111,26.7
21478.209,26.7
21478.317,26.7
21478.415,26.7
21478.596,26.71
21478.623,26.7
21478.722,26.71
21478.824,26.73
21478.903,26.7
21479.006,26.7
21479.121,26.73
21479.217,26.73
21479.315,26.71
21479.418,26.73
21479.528,26.73
21479.625,26.71
21479.722,26.7
21479.829,26.68
21479.935,26.7
21480.062,26.7
21480.103,26.73
21480.211,26.71
21480.337,26.75
21480.434,26.71
21480.565,26.7
21480.638,26.7
21480.746,26.67
21480.842,26.68
21480.959,26.7
21481.052,26.71
21481.165,26.71
21481.268,26.7
21481.304,26.73
21481.474,26.73
21481.501,26.68
21481.598,26.68
21481.707,26.73
21481.809,26.7
21481.907,26.7
21482.016,26.7
21482.101,26.71
21482.204,26.73
21482.402,26.7
21482.405,26.73
21482.498,26.71
21482.616,26.7
21482.692,26.7
21482.795,26.73
21482.905,26.7
21483.000,26.71
21483.092,26.73
21483.204,26.7
21483.295,26.7
21483.396,26.73
21483.511,26.73
21483.601,26.73
21483.723,26.68
21483.790,26.71
21483.922,26.7
21484.018,26.71
21484.119,26.71
21484.214,26.71
21484.320,26.7
21484.420,26.71
21484.562,26.7
21484.626,26.7
21484.741,26.71
21484.844,26.75
21484.945,26.68
21485.050,26.71
21485.158,26.7
21485.251,26.75
21485.353,26.71
21485.456,26.71
21485.484,26.7
21485.667,26.73
21485.685,26.71
21485.793,26.65
21485.891,26.71
21485.994,26.68
21486.082,26.75
21486.185,26.7
21486.283,26.71
21486.400,26.7
21486.493,26.7
21486.589,26.7
21486.694,26.7
21536.788,26.7
21536.890,26.7
21536.993,26.7
21537.094,26.7
21537.207,26.71
21537.299,26.67
21537.388,26.71
21537.505,26.68
21537.579,26.71
21537.680,26.73
21537.812,26.7
21537.920,26.73
21538.027,26.67
21538.128,26.68
21538.236,26.7
21538.332,26.7
21538.435,26.7
21538.540,26.71
21538.648,26.73
21538.724,26.7
21538.777,26.67
21538.940,26.7
21539.042,26.67
21539.143,26.7
21539.246,26.68
21539.275,26.71
21539.381,26.71
21539.483,26.71
21539.655,26.67
21539.682,26.67
21539.785,26.73
21539.885,26.71
21539.986,26.71
21540.076,26.71
21540.175,26.71
21540.275,26.7
21540.371,26.73
21540.489,26.73
21540.589,26.73
21540.685,26.7
21540.783,26.7
21540.883,26.67
21540.986,26.7
21541.089,26.68
21541.190,26.67
21541.277,26.71
21541.396,26.7
21541.501,26.73
21541.591,26.7
21541.677,26.7
21541.797,26.7
21541.913,26.68
21541.988,26.73
21542.119,26.7
21542.192,26.73
21542.300,26.7
21542.424,26.68
21542.523,26.73
21542.648,26.68
21542.665,26.67
21542.831,26.7
21542.932,26.71
21543.015,26.68
21543.062,26.67
21543.239,26.7
21543.266,26.7
21543.385,26.71
21543.472,26.68
21543.570,26.7
21543.674,26.68
21543.761,26.68
21543.866,26.68
21543.964,26.68
21544.082,26.71
21544.163,26.7
21544.268,26.7
21544.391,26.67
21544.486,26.68
21544.570,26.7
21544.673,26.71
21544.783,26.68
21544.898,26.67
21544.979,26.67
21545.082,26.7
21545.222,26.67
21545.298,26.65
21545.420,26.68
21545.494,26.68
21545.589,26.7
21545.679,26.67
21545.763,26.68
21545.866,26.7
21545.976,26.68
21546.106,26.71
21546.207,26.7
21546.322,26.7
21546.408,26.71
21546.533,26.7
21546.562,26.7
21546.660,26.73
21596.758,26.7
21596.854,26.68
21597.020,26.65
21597.057,26.68
21597.172,26.7
21597.268,26.7
21597.364,26.7
21597.462,26.73
21597.565,26.71
21597.667,26.71
21597.768,26.68
21597.864,26.7
21597.959,26.67
21598.062,26.67
21598.160,26.67
21598.258,26.65
21598.359,26.7
21598.462,26.71
21598.572,26.67
21598.675,26.64
21598.778,26.7
21598.896,26.67
21598.974,26.67
21599.077,26.67
21599.179,26.68
21599.261,26.67
21599.386,26.68
21599.491,26.71
21599.587,26.67
21599.701,26.68
21599.793,26.68
21599.895,26.65
21599.998,26.65
21600.113,26.65
21600.143,26.67
21600.305,26.7
21600.418,26.67
21600.445,26.71
21600.543,26.68
21600.646,26.7
21600.756,26.67
21600.854,26.7
21600.949,26.7
21601.040,26.67
21601.145,26.67
21601.250,26.7
21601.353,26.67
21601.538,26.7
21601.543,26.68
21601.655,26.68
21601.748,26.68
21601.859,26.68
21601.974,26.7
21602.055,26.7
21602.180,26.73
21602.239,26.67
21602.361,26.68
21602.462,26.7
21602.572,26.7
21602.660,26.7
21602.763,26.68
21602.864,26.73
21602.983,26.7
21603.077,26.7
21603.175,26.67
21603.273,26.68
21603.376,26.67
21603.473,26.68
21603.581,26.67
21603.672,26.71
21603.785,26.71
21603.890,26.68
21603.991,26.67
21604.094,26.7
21604.197,26.67
21604.299,26.7
21604.415,26.67
21604.503,26.7
21604.530,26.7
21604.707,26.73
21604.734,26.7
21604.844,26.7
21604.944,26.7
21605.043,26.67
21605.143,26.68
21605.246,26.71
21605.342,26.67
21605.451,26.7
21605.533,26.7
21605.638,26.65
21605.734,26.68
21605.834,26.7
21605.947,26.7
21606.050,26.7
21606.128,26.67
21606.244,26.71
21606.341,26.7
21606.440,26.68
21606.542,26.65
21606.630,26.68
21656.750,26.67
21656.859,26.67
21656.954,26.7
21657.052,26.65
21657.175,26.67
21657.273,26.68
21657.393,26.68
21657.474,26.7
21657.570,26.7
21657.668,26.7
21657.785,26.7
21657.883,26.67
21657.979,26.7
21658.108,26.67
21658.190,26.73
21658.219,26.68
21658.396,26.71
21658.422,26.71
21658.530,26.68
21658.636,26.71
21658.731,26.7
21658.817,26.67
21658.920,26.65
21659.018,26.7
21659.146,26.68
21659.231,26.7
21659.327,26.71
21659.427,26.68
21659.523,26.67
21659.623,26.67
21659.724,26.68
21659.827,26.7
21659.920,26.7
21660.038,26.68
21660.135,26.67
21660.246,26.68
21660.339,26.68
21660.442,26.73
21660.545,26.67
21660.657,26.68
21660.741,26.7
21660.864,26.7
21660.972,26.7
21661.067,26.67
21661.163,26.67
21661.261,26.67
21661.327,26.67
21661.434,26.68
21661.535,26.7
21661.609,26.71
21661.773,26.71
21661.875,26.7
21661.972,26.7
21662.070,26.67
21662.128,26.67
21662.209,26.68
21662.312,26.73
21662.423,26.67
21662.518,26.67
21662.616,26.67
21662.716,26.68
21662.817,26.7
21662.929,26.71
21663.028,26.67
21663.123,26.68
21663.228,26.7
21663.317,26.71
21663.418,26.67
21663.518,26.7
21663.640,26.68
21663.719,26.7
21663.822,26.68
21663.930,26.67
21664.033,26.71
21664.128,26.67
21664.231,26.68
21664.334,26.71
21664.447,26.68
21664.543,26.7
21664.650,26.71
21664.744,26.7
21664.844,26.65
21664.947,26.68
21665.067,26.64
21665.157,26.7
21665.256,26.7
21665.366,26.7
21665.432,26.7
21665.498,26.67
21665.673,26.68
21665.699,26.73
21665.800,26.67
21665.898,26.7
21666.006,26.7
21666.103,26.68
21666.209,26.7
21666.305,26.71
21666.405,26.73
21666.508,26.7
21666.599,26.7
21666.702,26.7
21716.829,26.67
21716.903,26.71
21716.996,26.7
21717.116,26.7
21717.204,26.7
21717.315,26.68
21717.415,26.71
21717.518,26.68
21717.613,26.67
21717.712,26.67
21717.815,26.68
21717.910,26.7
21718.018,26.67
21718.116,26.68
21718.244,26.68
21718.320,26.67
21718.449,26.68
21718.543,26.67
21718.641,26.67
21718.741,26.67
21718.829,26.7
21718.951,26.7
21719.043,26.67
21719.153,26.67
21719.190,26.7
21719.290,26.65
21719.388,26.68
21719.493,26.7
21719.587,26.67
21719.690,26.67
21719.788,26.7
21719.891,26.73
21719.989,26.7
21720.091,26.67
21720.212,26.67
21720.283,26.67
21720.383,26.67
21720.503,26.67
21720.606,26.67
21720.684,26.67
21720.785,26.7
21720.898,26.67
21720.989,26.67
21721.101,26.67
21721.201,26.7
21721.314,26.68
21721.403,26.7
21721.501,26.65
21721.592,26.7
21721.726,26.75
21721.810,26.67
21721.910,26.64
21722.008,26.68
21722.118,26.67
21722.229,26.64
21722.334,26.65
21722.424,26.7
21722.537,26.67
21722.636,26.71
21722.739,26.7
21722.859,26.7
21722.937,26.67
21723.047,26.67
21723.153,26.68
21723.243,26.67
21723.344,26.65
21723.457,26.73
21723.488,26.64
21723.586,26.68
21723.758,26.67
21723.790,26.67
21723.886,26.7
21723.986,26.68
21724.084,26.67
21724.192,26.73
21724.278,26.67
21724.375,26.7
21724.473,26.68
21724.582,26.7
21724.675,26.7
21724.799,26.71
21724.880,26.65
21724.989,26.65
21725.074,26.73
21725.179,26.65
21725.290,26.67
21725.400,26.68
21725.474,26.68
21725.598,26.65
21725.724,26.68
21725.790,26.68
21725.910,26.65
21726.016,26.68
21726.136,26.67
21726.212,26.7
21726.315,26.7
21726.417,26.71
21726.528,26.67
21726.633,26.68
21776.736,26.68
21776.827,26.67
21776.869,26.67
21777.030,26.67
21777.133,26.7
21777.238,26.68
21777.268,26.67
21777.364,26.68
21777.467,26.65
21777.584,26.67
21777.680,26.65
21777.778,26.65
21777.873,26.67
21777.984,26.67
21778.079,26.68
21778.182,26.67
21778.283,26.67
21778.361,26.71
21778.464,26.7
21778.574,26.68
21778.679,26.67
21778.782,26.67
21778.880,26.65
21778.986,26.68
21779.089,26.67
21779.185,26.67
21779.288,26.67
21779.396,26.68
21779.491,26.68
21779.594,26.67
21779.695,26.68
21779.805,26.7
21779.907,26.65
21780.001,26.7
21780.101,26.7
21780.170,26.7
21780.280,26.7
21780.400,26.7
21780.513,26.62
21780.614,26.65
21780.717,26.7
21780.837,26.65
21780.864,26.7
21780.959,26.68
21781.057,26.65
21781.160,26.64
21781.261,26.68
21781.359,26.68
21781.457,26.67
21781.560,26.65
21781.655,26.65
21781.753,26.7
21781.853,26.7
21781.973,26.7
21782.074,26.7
21782.150,26.7
21782.270,26.68
21782.366,26.65
21782.467,26.67
21782.564,26.67
21782.663,26.67
21782.765,26.68
21782.869,26.7
21782.971,26.7
21783.072,26.7
21783.175,26.71
21783.285,26.67
21783.408,26.67
21783.483,26.7
21783.577,26.68
21783.697,26.67
21783.795,26.67
21783.891,26.71
21784.030,26.71
21784.097,26.68
21784.194,26.67
21784.302,26.67
21784.361,26.65
21784.469,26.67
21784.547,26.67
21784.646,26.7
21784.744,26.67
21784.908,26.68
21785.011,26.67
21785.062,26.67
21785.160,26.7
21785.255,26.68
21785.353,26.67
21785.462,26.67
21785.559,26.67
21785.655,26.7
21785.758,26.68
21785.851,26.71
21785.949,26.67
21786.047,26.7
21786.155,26.65
21786.256,26.65
21786.354,26.68
21786.456,26.7
21786.557,26.7
21786.665,26.67
22076.768,26.7
22076.864,26.7
22076.973,26.71
22077.097,26.68
22077.168,26.68
22077.271,26.7
22077.373,26.67
22077.469,26.67
22077.587,26.68
22077.690,26.67
22077.785,26.68
22077.891,26.68
22077.993,26.67
22078.092,26.64
22078.214,26.68
22078.295,26.67
22078.354,26.68
22078.501,26.68
22078.626,26.67
22078.674,26.68
22078.775,26.67
22078.900,26.7
22078.949,26.68
22079.038,26.71
22079.133,26.7
22079.243,26.67
22079.339,26.67
22079.435,26.67
22079.535,26.68
22079.636,26.7
22079.753,26.68
22079.849,26.7
22079.934,26.71
22080.052,26.68
22080.141,26.68
22080.239,26.7
22080.342,26.67
22080.488,26.65
22080.562,26.68
22080.657,26.68
22080.756,26.7
22080.856,26.68
22080.959,26.68
22081.060,26.68
22081.160,26.65
22081.273,26.67
22081.376,26.68
22081.471,26.68
22081.572,26.67
22081.675,26.67
22081.773,26.64
22081.891,26.68
22081.993,26.67
22082.092,26.68
22082.190,26.7
22082.300,26.65
22082.398,26.68
22082.430,26.68
22082.530,26.67
22082.626,26.67
22082.726,26.68
22082.832,26.65
22082.939,26.68
22083.038,26.67
22083.140,26.65
22083.222,26.7
22083.425,26.7
22083.427,26.68
22083.527,26.67
22083.631,26.68
22083.726,26.67
22083.837,26.65
22083.937,26.68
22084.033,26.7
22084.138,26.7
22084.234,26.64
22084.329,26.71
22084.432,26.7
22084.532,26.67
22084.636,26.68
22084.756,26.68
22084.873,26.67
22084.951,26.67
22085.045,26.64
22085.163,26.67
22085.266,26.67
22085.366,26.71
22085.467,26.67
22085.567,26.68
22085.670,26.67
22085.770,26.67
22085.881,26.68
22085.976,26.67
22086.077,26.67
22086.114,26.64
22086.214,26.7
22086.322,26.68
22086.420,26.68
22086.521,26.68
22086.619,26.67
22136.714,26.67
22136.817,26.64
22136.925,26.68
22137.035,26.67
22137.130,26.68
22137.231,26.67
22137.329,26.65
22137.424,26.67
22137.525,26.7
22137.628,26.65
22137.724,26.7
22137.837,26.65
22137.934,26.67
22138.013,26.68
22138.135,26.67
22138.253,26.67
22138.326,26.67
22138.442,26.64
22138.548,26.67
22138.645,26.7
22138.744,26.68
22138.871,26.65
22138.944,26.68
22139.055,26.67
22139.160,26.7
22139.251,26.6
22139.354,26.64
22139.457,26.67
22139.567,26.65
22139.670,26.64
22139.793,26.67
22139.868,26.68
22139.979,26.68
22140.081,26.67
22140.109,26.67
22140.204,26.7
22140.307,26.68
22140.408,26.7
22140.513,26.65
22140.611,26.67
22140.707,26.67
22140.820,26.67
22140.920,26.65
22141.023,26.64
22141.118,26.64
22141.222,26.67
22141.300,26.64
22141.403,26.65
22141.516,26.65
22141.618,26.67
22141.717,26.67
22141.812,26.67
22141.927,26.68
22142.021,26.67
22142.141,26.67
22142.223,26.68
22142.305,26.67
22142.413,26.64
22142.498,26.67
22142.640,26.65
22142.709,26.67
22142.812,26.65
22142.957,26.7
22143.018,26.65
22143.136,26.65
22143.236,26.7
22143.351,26.67
22143.459,26.67
22143.555,26.68
22143.655,26.71
22143.695,26.67
22143.795,26.65
22143.893,26.65
22144.065,26.67
22144.098,26.68
22144.201,26.7
22144.298,26.67
22144.410,26.68
22144.506,26.67
22144.603,26.67
22144.704,26.67
22144.795,26.68
22144.898,26.65
22144.993,26.67
22145.094,26.65
22145.192,26.7
22145.317,26.67
22145.395,26.67
22145.498,26.68
22145.609,26.67
22145.707,26.68
22145.829,26.62
22145.910,26.67
22145.989,26.7
22146.096,26.67
22146.244,26.67
22146.329,26.65
22146.390,26.67
22146.516,26.7
22146.604,26.65
22196.741,26.64
22196.900,26.65
22196.957,26.68
22197.021,26.68
22197.148,26.67
22197.244,26.67
22197.369,26.67
22197.444,26.65
22197.547,26.67
22197.648,26.67
22197.692,26.65
22197.853,26.67
22197.881,26.67
22197.979,26.64
22198.082,26.67
22198.184,26.68
22198.288,26.71
22198.391,26.67
22198.496,26.62
22198.598,26.68
22198.699,26.64
22198.793,26.68
22198.881,26.64
22198.981,26.65
22199.082,26.67
22199.207,26.64
22199.288,26.64
22199.388,26.7
22199.528,26.68
22199.596,26.71
22199.719,26.7
22199.790,26.68
22199.902,26.65
22200.008,26.67
22200.096,26.67
22200.182,26.67
22200.312,26.65
22200.408,26.67
22200.510,26.67
22200.631,26.67
22200.714,26.67
22200.834,26.67
22200.939,26.68
22201.045,26.68
22201.077,26.67
22201.258,26.67
22201.354,26.67
22201.516,26.67
22201.562,26.67
22201.609,26.67
22201.741,26.68
22201.942,26.64
22202.052,26.65
22202.082,26.65
22202.123,26.65
22202.239,26.68
22202.337,26.65
22202.476,26.68
22202.506,26.64
22202.606,26.65
22202.684,26.62
22202.788,26.65
22202.896,26.64
22202.996,26.64
22203.113,26.67
22203.192,26.65
22203.288,26.65
22203.396,26.68
22203.508,26.7
22203.597,26.65
22203.675,26.67
22203.819,26.68
22203.912,26.64
22204.351,26.67
22204.413,26.68
22204.670,26.64
22204.859,26.67
22204.915,26.65
22204.947,26.67
22205.040,26.67
22205.125,26.65
22205.260,26.64
22205.366,26.6
22205.472,26.7
22205.538,26.65
22205.626,26.67
22205.667,26.65
22205.793,26.67
22205.886,26.68
22205.966,26.67
22206.092,26.64
22206.170,26.64
22206.278,26.7
22206.356,26.67
22206.467,26.65
22206.564,26.67
22206.672,26.67
22256.800,26.64
22256.888,26.64
22256.983,26.67
22257.092,26.68
22257.187,26.7
22257.295,26.64
22257.391,26.67
22257.501,26.65
22257.596,26.65
22257.690,26.67
22257.812,26.64
22257.907,26.67
22257.988,26.65
22258.099,26.65
22258.160,26.67
22258.271,26.67
22258.408,26.68
22258.471,26.65
22258.614,26.68
22258.677,26.68
22258.820,26.67
22258.893,26.68
22259.020,26.65
22259.131,26.65
22259.163,26.67
22259.322,26.64
22259.369,26.67
22259.457,26.65
22259.569,26.65
22259.665,26.67
22259.760,26.65
22259.871,26.64
22259.962,26.67
22260.057,26.67
22260.150,26.64
22260.261,26.68
22260.356,26.67
22260.454,26.65
22260.570,26.7
22260.679,26.65
22260.775,26.67
22260.869,26.65
22260.994,26.67
22261.089,26.65
22261.180,26.67
22261.398,26.65
22261.462,26.62
22261.521,26.67
22261.631,26.64
22261.722,26.67
22261.846,26.67
22261.910,26.68
22262.033,26.68
22262.111,26.64
22262.168,26.65
22262.310,26.65
22262.405,26.65
22262.437,26.65
22262.606,26.67
22262.653,26.67
22262.810,26.7
22262.922,26.68
22263.018,26.67
22263.049,26.67
22263.155,26.67
22263.251,26.64
22263.346,26.65
22263.457,26.67
22263.552,26.67
22263.643,26.65
22263.751,26.68
22263.863,26.65
22263.944,26.65
22264.035,26.68
22264.146,26.67
22264.253,26.68
22264.347,26.67
22264.457,26.7
22264.552,26.68
22264.646,26.65
22264.768,26.64
22264.863,26.64
22264.974,26.67
22265.084,26.67
22265.182,26.67
22265.246,26.65
22265.381,26.65
22265.445,26.67
22265.554,26.65
22265.663,26.7
22265.770,26.67
22265.881,26.64
22265.974,26.64
22266.070,26.67
22266.199,26.68
22266.315,26.64
22266.415,26.65
22266.494,26.67
22266.606,26.65
22266.699,26.68
22316.746,26.64
22316.836,26.64
22316.930,26.64
22317.040,26.65
22317.152,26.68
22317.246,26.65
22317.337,26.65
22317.447,26.68
22317.543,26.7
22317.638,26.64
22317.731,26.65
22317.834,26.7
22317.967,26.64
22318.028,26.67
22318.138,26.64
22318.239,26.67
22318.366,26.65
22318.454,26.64
22318.545,26.64
22318.658,26.64
22318.750,26.67
22318.861,26.65
22318.949,26.62
22319.062,26.65
22319.170,26.67
22319.248,26.62
22319.375,26.67
22319.469,26.65
22319.560,26.67
22319.640,26.64
22319.913,26.64
22319.929,26.64
22319.974,26.67
22320.016,26.64
22320.190,26.65
22320.300,26.64
22320.380,26.6
22320.427,26.64
22320.533,26.7
22320.643,26.67
22320.738,26.67
22320.981,26.65
22321.023,26.67
22321.163,26.64
22321.503,26.62
22321.655,26.68
22321.670,26.64
22321.756,26.67
22321.839,26.67
22321.967,26.67
22322.028,26.67
22322.130,26.67
22322.226,26.65
22322.320,26.67
22322.432,26.67
22322.542,26.67
22322.636,26.67
22322.729,26.65
22322.854,26.65
22322.979,26.67
22323.091,26.64
22323.153,26.67
22323.258,26.65
22323.353,26.67
22323.464,26.68
22323.560,26.7
22323.623,26.67
22323.793,26.67
22323.809,26.67
22323.935,26.67
22324.077,26.67
22324.204,26.65
22324.246,26.67
22324.326,26.65
22324.422,26.68
22324.533,26.68
22324.611,26.65
22324.723,26.65
22324.826,26.62
22324.920,26.65
22325.016,26.65
22325.126,26.68
22325.207,26.64
22325.327,26.65
22325.423,26.67
22325.516,26.64
22325.628,26.65
22325.707,26.67
22325.829,26.67
22325.924,26.64
22326.035,26.64
22326.131,26.64
22326.226,26.68
22326.336,26.67
22326.440,26.65
22326.535,26.65
22326.631,26.65
22376.726,26.67
22376.837,26.67
22376.940,26.64
22377.052,26.62
22377.148,26.62
22377.243,26.67
22377.339,26.64
22377.476,26.65
22377.552,26.67
22377.663,26.67
22377.761,26.62
22377.886,26.65
22377.900,26.64
22378.006,26.65
22378.101,26.65
22378.197,26.67
22378.307,26.65
22378.402,26.65
22378.543,26.67
22378.621,26.64
22378.714,26.64
22378.810,26.64
22378.903,26.65
22378.998,26.65
22379.101,26.64
22379.195,26.67
22379.322,26.65
22379.418,26.65
22379.511,26.65
22379.619,26.7
22379.714,26.62
22379.807,26.67
22379.918,26.65
22380.045,26.64
22380.109,26.65
22380.233,26.67
22380.329,26.64
22380.408,26.64
22380.537,26.67
22380.625,26.65
22380.748,26.65
22380.842,26.65
22380.937,26.64
22381.050,26.65
22381.153,26.65
22381.248,26.67
22381.342,26.65
22381.454,26.64
22381.564,26.68
22381.597,26.65
22381.766,26.64
22381.876,26.65
22381.891,26.64
22381.986,26.64
22382.097,26.68
22382.190,26.64
22382.283,26.67
22382.395,26.65
22382.505,26.65
22382.582,26.67
22382.711,26.64
22382.815,26.67
22382.895,26.67
22382.989,26.64
22383.084,26.64
22383.209,26.6
22383.285,26.62
22383.395,26.67
22383.489,26.6
22383.584,26.64
22383.711,26.62
22383.802,26.65
22383.898,26.64
22384.008,26.68
22384.101,26.67
22384.229,26.62
22384.319,26.64
22384.413,26.67
22384.523,26.67
22384.619,26.64
22384.729,26.65
22384.864,26.65
22384.945,26.71
22385.040,26.65
22385.135,26.67
22385.244,26.64
22385.339,26.64
22385.447,26.64
22385.559,26.64
22385.653,26.67
22385.748,26.65
22385.844,26.68
22385.876,26.67
22385.996,26.67
22386.091,26.67
22386.187,26.67
22386.280,26.62
22386.390,26.65
22386.496,26.67
22386.592,26.7
22386.687,26.7
22676.815,26.67
22676.878,26.62
22677.000,26.65
22677.079,26.62
22677.187,26.67
22677.282,26.64
22677.393,26.68
22677.488,26.64
22677.628,26.68
22677.707,26.7
22677.770,26.67
22677.896,26.64
22677.976,26.65
22678.126,26.67
22678.190,26.64
22678.302,26.65
22678.427,26.6
22678.493,26.64
22678.628,26.64
22678.724,26.64
22678.834,26.68
22678.929,26.67
22679.025,26.67
22679.128,26.62
22679.224,26.67
22679.334,26.65
22679.430,26.62
22679.540,26.67
22679.679,26.67
22679.773,26.64
22679.868,26.67
22679.994,26.67
22680.091,26.65
22680.180,26.7
22680.290,26.64
22680.369,26.6
22680.466,26.67
22680.574,26.64
22680.665,26.67
22680.773,26.67
22680.869,26.67
22680.979,26.65
22681.059,26.64
22681.170,26.6
22681.275,26.64
22681.369,26.67
22681.481,26.7
22681.591,26.62
22681.687,26.67
22681.793,26.64
22681.888,26.64
22681.984,26.67
22682.094,26.68
22682.204,26.64
22682.310,26.65
22682.405,26.67
22682.533,26.67
22682.611,26.64
22682.707,26.65
22682.810,26.64
22682.922,26.64
22683.016,26.67
22683.128,26.64
22683.224,26.6
22683.271,26.64
22683.452,26.65
22683.469,26.67
22683.564,26.67
22683.658,26.67
22683.753,26.65
22683.876,26.65
22683.971,26.67
22684.067,26.64
22684.177,26.65
22684.271,26.68
22684.376,26.67
22684.456,26.64
22684.567,26.64
22684.662,26.65
22684.773,26.67
22684.866,26.65
22684.973,26.64
22685.082,26.64
22685.179,26.62
22685.305,26.62
22685.386,26.62
22685.506,26.64
22685.584,26.62
22685.680,26.67
22685.790,26.62
22685.886,26.64
22685.949,26.65
22686.101,26.6
22686.165,26.68
22686.277,26.62
22686.420,26.64
22686.491,26.64
22686.586,26.67
22736.712,26.64
22736.809,26.64
22736.920,26.67
22737.025,26.67
22737.119,26.65
22737.214,26.65
22737.246,26.68
22737.341,26.67
22737.467,26.67
22737.557,26.64
22737.652,26.64
22737.748,26.64
22737.859,26.64
22737.954,26.68
22738.049,26.62
22738.170,26.67
22738.248,26.67
22738.359,26.64
22738.454,26.67
22738.549,26.64
22738.653,26.65
22738.748,26.67
22738.859,26.67
22738.939,26.64
22739.050,26.64
22739.155,26.6
22739.266,26.62
22739.361,26.67
22739.457,26.67
22739.552,26.68
22739.672,26.65
22739.750,26.64
22739.846,26.65
22740.025,26.64
22740.081,26.67
22740.192,26.6
22740.300,26.64
22740.364,26.67
22740.459,26.67
22740.616,26.6
22740.633,26.65
22740.768,26.68
22740.910,26.65
22741.006,26.68
22741.038,26.64
22741.228,26.65
22741.263,26.68
22741.349,26.67
22741.444,26.64
22741.554,26.64
22741.650,26.64
22741.744,26.64
22741.849,26.65
22741.945,26.67
22742.060,26.62
22742.150,26.64
22742.261,26.64
22742.351,26.62
22742.478,26.6
22742.540,26.67
22742.652,26.64
22742.748,26.62
22742.866,26.67
22742.947,26.65
22743.057,26.64
22743.152,26.64
22743.263,26.65
22743.356,26.64
22743.479,26.6
22743.574,26.6
22743.685,26.65
22743.780,26.64
22743.876,26.64
22743.981,26.64
22744.077,26.68
22744.187,26.64
22744.299,26.64
22744.346,26.62
22744.483,26.6
22744.594,26.65
22744.704,26.64
22744.736,26.64
22744.895,26.64
22744.927,26.67
22745.030,26.6
22745.126,26.64
22745.234,26.64
22745.347,26.62
22745.442,26.6
22745.533,26.6
22745.628,26.62
22745.723,26.65
22745.834,26.64
22745.930,26.6
22746.033,26.65
22746.126,26.67
22746.238,26.64
22746.332,26.64
22746.445,26.65
22746.538,26.64
22746.643,26.64
22796.739,26.64
22796.866,26.67
22796.961,26.64
22797.055,26.67
22797.155,26.64
22797.226,26.65
22797.349,26.6
22797.451,26.6
22797.552,26.6
22797.663,26.64
22797.763,26.65
22797.864,26.64
22797.962,26.62
22798.008,26.6
22798.158,26.64
22798.212,26.65
22798.381,26.64
22798.410,26.64
22798.510,26.64
22798.723,26.64
22798.726,26.68
22798.820,26.62
22798.908,26.64
22799.018,26.65
22799.114,26.65
22799.224,26.64
22799.320,26.67
22799.403,26.64
22799.501,26.64
22799.611,26.65
22799.719,26.65
22799.822,26.67
22799.924,26.62
22800.010,26.64
22800.114,26.67
22800.214,26.64
22800.312,26.64
22800.413,26.65
22800.537,26.62
22800.621,26.62
22800.723,26.62
22800.820,26.64
22800.945,26.6
22801.042,26.68
22801.140,26.67
22801.239,26.67
22801.344,26.64
22801.445,26.62
22801.549,26.67
22801.636,26.6
22801.756,26.62
22801.795,26.65
22801.898,26.64
22802.069,26.65
22802.097,26.64
22802.195,26.6
22802.295,26.65
22802.396,26.64
22802.570,26.64
22802.596,26.65
22802.697,26.67
22802.810,26.6
22802.905,26.64
22803.005,26.64
22803.108,26.6
22803.209,26.68
22803.310,26.67
22803.413,26.67
22803.498,26.62
22803.599,26.67
22803.701,26.65
22803.805,26.64
22803.913,26.68
22804.013,26.67
22804.091,26.64
22804.209,26.6
22804.320,26.6
22804.418,26.67
22804.501,26.64
22804.621,26.67
22804.689,26.64
22804.814,26.65
22804.900,26.67
22805.001,26.62
22805.106,26.67
22805.226,26.65
22805.312,26.67
22805.447,26.64
22805.550,26.67
22805.653,26.67
22805.750,26.64
22805.856,26.62
22805.885,26.67
22806.062,26.64
22806.089,26.62
22806.187,26.62
22806.292,26.67
22806.388,26.64
22806.484,26.65
22806.589,26.62
22806.690,26.67
22856.783,26.67
22856.895,26.67
22857.000,26.64
22857.104,26.65
22857.217,26.64
22857.280,26.64
22857.391,26.67
22857.491,26.65
22857.591,26.64
22857.690,26.62
22857.793,26.67
22857.883,26.65
22857.998,26.62
22858.109,26.64
22858.209,26.62
22858.305,26.64
22858.391,26.65
22858.493,26.64
22858.577,26.62
22858.680,26.64
22858.788,26.62
22858.920,26.64
22859.032,26.64
22859.099,26.59
22859.221,26.68
22859.320,26.6
22859.427,26.6
22859.543,26.64
22859.641,26.65
22859.738,26.67
22859.834,26.62
22859.885,26.64
22859.983,26.62
22860.092,26.65
22860.175,26.64
22860.278,26.64
22860.381,26.62
22860.481,26.67
22860.586,26.65
22860.684,26.67
22860.787,26.67
22860.871,26.64
22860.993,26.65
22861.070,26.65
22861.192,26.64
22861.278,26.67
22861.378,26.67
22861.479,26.65
22861.604,26.65
22861.684,26.67
22861.788,26.64
22861.888,26.64
22862.003,26.6
22862.104,26.62
22862.207,26.64
22862.299,26.64
22862.410,26.65
22862.511,26.62
22862.611,26.68
22862.744,26.65
22862.819,26.6
22862.895,26.65
22863.030,26.64
22863.086,26.65
22863.162,26.65
22863.263,26.65
22863.366,26.64
22863.521,26.62
22863.631,26.64
22863.734,26.65
22863.766,26.65
22863.871,26.62
22863.967,26.64
22864.070,26.67
22864.167,26.62
22864.268,26.67
22864.366,26.65
22864.469,26.65
22864.569,26.64
22864.695,26.67
22864.768,26.62
22864.869,26.65
22864.962,26.64
22865.062,26.64
22865.165,26.6
22865.280,26.64
22865.376,26.64
22865.478,26.64
22865.576,26.65
22865.677,26.64
22865.780,26.65
22865.883,26.62
22865.986,26.65
22866.087,26.64
22866.190,26.64
22866.293,26.67
22866.407,26.62
22866.506,26.64
22866.601,26.65
22866.706,26.65
22916.804,26.68
22916.873,26.67
22916.979,26.6
22917.118,26.62
22917.185,26.59
22917.305,26.6
22917.358,26.64
22917.464,26.64
22917.614,26.6
22917.667,26.64
22917.751,26.64
22917.854,26.6
22917.954,26.65
22918.077,26.7
22918.175,26.64
22918.251,26.64
22918.351,26.62
22918.478,26.65
22918.570,26.67
22918.652,26.64
22918.748,26.6
22918.875,26.65
22918.967,26.65
22919.089,26.59
22919.190,26.64
22919.278,26.65
22919.375,26.65
22919.479,26.65
22919.582,26.64
22919.646,26.6
22919.805,26.65
22919.876,26.67
22919.979,26.67
22920.106,26.65
22920.185,26.67
22920.310,26.62
22920.380,26.7
22920.491,26.64
22920.594,26.64
22920.695,26.64
22920.822,26.6
22920.902,26.64
22920.959,26.62
22921.116,26.64
22921.209,26.64
22921.310,26.59
22921.341,26.65
22921.440,26.67
22921.554,26.6
22921.687,26.64
22921.741,26.65
22921.849,26.59
22921.945,26.64
22922.040,26.64
22922.136,26.64
22922.236,26.65
22922.339,26.62
22922.447,26.65
22922.540,26.64
22922.641,26.62
22922.758,26.6
22922.847,26.65
22922.961,26.65
22923.052,26.62
22923.153,26.62
22923.255,26.67
22923.364,26.65
22923.462,26.65
22923.569,26.62
22923.687,26.68
22923.741,26.67
22923.878,26.64
22923.973,26.65
22924.074,26.65
22924.177,26.65
22924.278,26.64
22924.381,26.64
22924.491,26.57
22924.597,26.64
22924.694,26.64
22924.793,26.62
22924.834,26.6
22924.996,26.64
22925.101,26.62
22925.126,26.62
22925.315,26.65
22925.344,26.65
22925.442,26.65
22925.549,26.65
22925.638,26.64
22925.739,26.67
22925.848,26.64
22925.927,26.64
22926.023,26.64
22926.133,26.65
22926.233,26.64
22926.332,26.67
22926.440,26.67
22926.540,26.65
22926.626,26.62
22976.748,26.62
22976.841,26.65
22976.942,26.65
22977.045,26.6
22977.141,26.67
22977.224,26.65
22977.364,26.65
22977.429,26.6
22977.530,26.64
22977.650,26.67
22977.751,26.65
22977.847,26.64
22977.969,26.65
22978.098,26.65
22978.160,26.67
22978.270,26.65
22978.319,26.64
22978.418,26.62
22978.586,26.64
22978.685,26.64
22978.778,26.62
22978.876,26.62
22978.927,26.6
22979.025,26.64
22979.121,26.65
22979.224,26.65
22979.327,26.62
22979.425,26.67
22979.613,26.68
22979.616,26.65
22979.739,26.65
22979.815,26.67
22979.935,26.64
22980.021,26.62
22980.121,26.64
22980.219,26.67
22980.320,26.65
22980.427,26.67
22980.527,26.64
22980.628,26.6
22980.739,26.67
22980.837,26.64
22980.935,26.64
22981.038,26.67
22981.148,26.64
22981.246,26.65
22981.329,26.64
22981.449,26.65
22981.516,26.65
22981.618,26.62
22981.722,26.64
22981.827,26.64
22981.929,26.64
22982.052,26.67
22982.185,26.64
22982.258,26.64
22982.361,26.67
22982.412,26.64
22982.511,26.62
22982.611,26.64
22982.707,26.64
22982.805,26.64
22982.922,26.65
22983.020,26.62
22983.116,26.65
22983.214,26.65
22983.315,26.62
22983.425,26.68
22983.505,26.62
22983.611,26.6
22983.724,26.67
22983.802,26.65
22983.905,26.67
22984.021,26.62
22984.116,26.64
22984.212,26.62
22984.315,26.64
22984.417,26.6
22984.520,26.67
22984.625,26.62
22984.724,26.64
22984.827,26.64
22984.930,26.64
22985.030,26.7
22985.135,26.6
22985.236,26.64
22985.347,26.59
22985.449,26.65
22985.543,26.6
22985.646,26.64
22985.750,26.6
22985.861,26.64
22985.959,26.65
22986.064,26.62
22986.094,26.67
22986.224,26.67
22986.302,26.65
22986.456,26.62
22986.508,26.64
22986.597,26.62
22986.692,26.65
23276.812,26.64
23276.918,26.65
23277.011,26.68
23277.108,26.64
23277.206,26.65
23277.309,26.65
23277.412,26.65
23277.498,26.64
23277.596,26.62
23277.697,26.64
23277.795,26.64
23277.888,26.65
23278.045,26.67
23278.104,26.65
23278.207,26.64
23278.309,26.6
23278.432,26.67
23278.513,26.65
23278.616,26.67
23278.717,26.62
23278.822,26.6
23278.927,26.62
23279.025,26.62
23279.121,26.68
23279.231,26.67
23279.332,26.65
23279.435,26.6
23279.545,26.62
23279.641,26.6
23279.753,26.65
23279.859,26.64
23279.898,26.65
23280.059,26.67
23280.086,26.64
23280.185,26.64
23280.297,26.65
23280.395,26.65
23280.484,26.64
23280.592,26.64
23280.692,26.64
23280.800,26.67
23280.891,26.64
23280.996,26.64
23281.094,26.67
23281.199,26.67
23281.302,26.64
23281.381,26.62
23281.484,26.62
23281.626,26.62
23281.711,26.65
23281.800,26.67
23281.896,26.62
23281.994,26.67
23282.097,26.65
23282.199,26.62
23282.302,26.65
23282.391,26.6
23282.476,26.62
23282.576,26.64
23282.702,26.67
23282.814,26.59
23282.898,26.64
23283.020,26.65
23283.113,26.62
23283.226,26.62
23283.322,26.64
23283.424,26.62
23283.523,26.65
23283.626,26.64
23283.731,26.64
23283.832,26.67
23283.932,26.64
23284.045,26.64
23284.074,26.62
23284.172,26.64
23284.283,26.64
23284.376,26.64
23284.476,26.62
23284.572,26.64
23284.697,26.64
23284.770,26.65
23284.888,26.64
23284.988,26.64
23285.091,26.62
23285.170,26.62
23285.273,26.64
23285.386,26.64
23285.476,26.62
23285.579,26.59
23285.680,26.62
23285.797,26.64
23285.893,26.67
23285.989,26.6
23286.091,26.65
23286.199,26.64
23286.295,26.64
23286.398,26.64
23286.486,26.64
23286.611,26.6
23336.711,26.64
23336.817,26.64
23336.945,26.65
23336.973,26.64
23337.070,26.62
23337.174,26.67
23337.280,26.6
23337.386,26.62
23337.462,26.64
23337.562,26.64
23337.731,26.64
23337.761,26.65
23337.925,26.6
23338.028,26.64
23338.077,26.64
23338.170,26.65
23338.271,26.6
23338.366,26.65
23338.462,26.62
23338.560,26.6
23338.692,26.65
23338.771,26.64
23338.880,26.65
23338.959,26.56
23339.060,26.62
23339.179,26.62
23339.273,26.65
23339.371,26.65
23339.473,26.64
23339.572,26.64
23339.675,26.6
23339.795,26.64
23339.890,26.62
23339.986,26.64
23340.086,26.6
23340.207,26.65
23340.288,26.65
23340.391,26.67
23340.501,26.64
23340.601,26.62
23340.699,26.62
23340.800,26.6
23340.896,26.62
23341.008,26.6
23341.109,26.62
23341.204,26.62
23341.317,26.62
23341.415,26.62
23341.518,26.6
23341.582,26.65
23341.658,26.64
23341.760,26.64
23341.856,26.62
23341.951,26.64
23342.067,26.64
23342.165,26.65
23342.251,26.67
23342.368,26.64
23342.469,26.6
23342.567,26.6
23342.663,26.62
23342.761,26.64
23342.853,26.64
23342.951,26.65
23343.045,26.6
23343.146,26.62
23343.268,26.6
23343.373,26.6
23343.472,26.64
23343.570,26.64
23343.677,26.67
23343.775,26.62
23343.883,26.6
23343.979,26.64
23344.089,26.6
23344.207,26.64
23344.295,26.6
23344.391,26.6
23344.486,26.67
23344.589,26.6
23344.692,26.65
23344.795,26.62
23344.896,26.62
23344.940,26.62
23345.101,26.6
23345.195,26.6
23345.310,26.65
23345.410,26.64
23345.516,26.64
23345.547,26.6
23345.646,26.64
23345.744,26.64
23345.844,26.65
23345.945,26.64
23346.043,26.6
23346.150,26.6
23346.256,26.64
23346.344,26.65
23346.457,26.64
23346.549,26.67
23346.652,26.62
23396.739,26.65
23396.837,26.6
23396.937,26.59
23397.037,26.59
23397.145,26.62
23397.255,26.6
23397.354,26.62
23397.451,26.64
23397.560,26.62
23397.658,26.68
23397.760,26.57
23397.849,26.62
23397.974,26.64
23398.072,26.64
23398.173,26.64
23398.293,26.62
23398.390,26.6
23398.488,26.59
23398.584,26.64
23398.685,26.65
23398.788,26.6
23398.896,26.64
23398.983,26.64
23399.096,26.62
23399.190,26.64
23399.241,26.64
23399.415,26.64
23399.442,26.64
23399.538,26.59
23399.638,26.64
23399.741,26.62
23399.842,26.62
23399.939,26.64
23400.043,26.64
23400.131,26.62
23400.231,26.65
23400.324,26.64
23400.454,26.65
23400.537,26.62
23400.631,26.62
23400.743,26.6
23400.846,26.64
23400.932,26.64
23401.050,26.62
23401.143,26.62
23401.224,26.65
23401.349,26.65
23401.452,26.64
23401.557,26.6
23401.645,26.64
23401.741,26.62
23401.864,26.64
23401.967,26.6
23402.065,26.64
23402.163,26.6
23402.293,26.65
23402.373,26.62
23402.469,26.6
23402.577,26.64
23402.679,26.6
23402.783,26.6
23402.908,26.62
23402.988,26.62
23403.027,26.65
23403.116,26.64
23403.217,26.64
23403.317,26.62
23403.420,26.64
23403.521,26.64
23403.625,26.65
23403.728,26.6
23403.829,26.62
23403.932,26.59
23404.035,26.62
23404.128,26.62
23404.217,26.6
23404.317,26.6
23404.420,26.6
23404.543,26.62
23404.636,26.64
23404.712,26.57
23404.837,26.64
23404.935,26.62
23405.020,26.64
23405.123,26.6
23405.229,26.59
23405.342,26.6
23405.454,26.59
23405.513,26.6
23405.616,26.6
23405.721,26.6
23405.842,26.64
23405.930,26.56
23406.065,26.62
23406.170,26.62
23406.266,26.62
23406.351,26.64
23406.472,26.62
23406.572,26.64
23406.665,26.64
23456.770,26.64
23456.810,26.6
23456.910,26.59
23457.011,26.65
23457.113,26.6
23457.209,26.6
23457.320,26.64
23457.506,26.64
23457.510,26.6
23457.608,26.62
23457.706,26.64
23457.810,26.59
23457.913,26.6
23458.015,26.64
23458.111,26.62
23458.217,26.6
23458.312,26.59
23458.408,26.64
23458.540,26.6
23458.623,26.6
23458.721,26.62
23458.824,26.64
23458.925,26.6
23459.021,26.6
23459.131,26.64
23459.273,26.64
23459.337,26.6
23459.439,26.64
23459.501,26.65
23459.643,26.6
23459.758,26.6
23459.854,26.64
23459.915,26.64
23460.052,26.62
23460.123,26.62
23460.246,26.62
23460.300,26.6
23460.398,26.64
23460.555,26.62
23460.606,26.6
23460.788,26.64
23460.814,26.64
23460.903,26.64
23461.001,26.6
23461.111,26.64
23461.209,26.64
23461.307,26.65
23461.408,26.59
23461.510,26.65
23461.606,26.62
23461.704,26.62
23461.800,26.62
23461.896,26.64
23461.998,26.6
23462.101,26.62
23462.214,26.64
23462.305,26.65
23462.408,26.64
23462.513,26.6
23462.626,26.6
23462.726,26.62
23462.817,26.64
23462.920,26.65
23463.021,26.62
23463.125,26.59
23463.228,26.62
23463.329,26.62
23463.430,26.65
23463.533,26.6
23463.636,26.6
23463.739,26.6
23463.792,26.6
23463.952,26.64
23464.050,26.67
23464.113,26.62
23464.187,26.64
23464.288,26.64
23464.383,26.64
23464.489,26.62
23464.592,26.6
23464.697,26.65
23464.856,26.6
23464.885,26.67
23464.983,26.64
23465.101,26.64
23465.197,26.62
23465.298,26.6
23465.396,26.64
23465.481,26.64
23465.591,26.64
23465.690,26.64
23465.788,26.65
23465.888,26.62
23465.998,26.65
23466.099,26.65
23466.197,26.6
23466.302,26.64
23466.402,26.62
23466.505,26.62
23466.625,26.59
23516.712,26.64
23516.812,26.62
23516.924,26.64
23517.037,26.59
23517.130,26.6
23517.233,26.6
23517.363,26.6
23517.427,26.64
23517.528,26.64
23517.633,26.6
23517.724,26.62
23517.773,26.64
23517.939,26.62
23518.040,26.64
23518.143,26.6
23518.207,26.64
23518.283,26.59
23518.378,26.62
23518.486,26.67
23518.577,26.6
23518.677,26.65
23518.775,26.64
23518.873,26.6
23518.971,26.64
23519.070,26.64
23519.197,26.65
23519.268,26.59
23519.371,26.64
23519.474,26.64
23519.577,26.64
23519.679,26.64
23519.783,26.6
23519.986,26.59
23519.988,26.59
23520.089,26.62
23520.190,26.6
23520.299,26.6
23520.388,26.64
23520.500,26.59
23520.601,26.64
23520.711,26.65
23520.836,26.64
23520.912,26.64
23521.035,26.65
23521.121,26.62
23521.216,26.6
23521.327,26.62
23521.445,26.62
23521.532,26.64
23521.633,26.67
23521.662,26.6
23521.768,26.62
23521.935,26.6
23521.962,26.65
23522.060,26.65
23522.160,26.6
23522.261,26.64
23522.364,26.64
23522.466,26.62
23522.648,26.62
23522.673,26.64
23522.773,26.6
23522.871,26.62
23522.973,26.62
23523.057,26.6
23523.177,26.6
23523.283,26.62
23523.366,26.57
23523.462,26.64
23523.574,26.59
23523.672,26.64
23523.766,26.59
23523.876,26.62
23523.974,26.57
23524.092,26.64
23524.160,26.6
23524.278,26.62
23524.388,26.6
23524.489,26.59
23524.587,26.59
23524.709,26.6
23524.787,26.62
23524.908,26.67
23525.003,26.62
23525.121,26.6
23525.222,26.6
23525.322,26.64
23525.417,26.6
23525.516,26.6
23525.621,26.62
23525.652,26.64
23525.810,26.6
23525.849,26.65
23526.025,26.64
23526.055,26.65
23526.153,26.64
23526.255,26.6
23526.358,26.64
23526.459,26.59
23526.547,26.62
23526.665,26.64
23576.768,26.64
23576.847,26.6
23576.957,26.62
23577.054,26.64
23577.160,26.6
23577.282,26.59
23577.371,26.6
23577.466,26.62
23577.570,26.64
23577.665,26.6
23577.777,26.64
23577.878,26.6
23577.981,26.6
23578.074,26.64
23578.199,26.6
23578.305,26.65
23578.398,26.6
23578.498,26.65
23578.552,26.59
23578.690,26.62
23578.795,26.6
23578.861,26.62
23578.996,26.64
23579.038,26.6
23579.143,26.59
23579.238,26.62
23579.396,26.62
23579.447,26.62
23579.611,26.6
23579.714,26.65
23579.743,26.62
23579.854,26.64
23579.957,26.6
23580.052,26.64
23580.148,26.59
23580.248,26.62
23580.346,26.6
23580.442,26.6
23580.537,26.64
23580.658,26.64
23580.736,26.6
23580.839,26.6
23580.957,26.6
23581.045,26.67
23581.148,26.67
23581.251,26.64
23581.369,26.6
23581.464,26.6
23581.567,26.65
23581.660,26.59
23581.761,26.6
23581.868,26.65
23581.966,26.64
23582.057,26.6
23582.170,26.6
23582.273,26.62
23582.376,26.64
23582.478,26.64
23582.574,26.64
23582.697,26.64
23582.795,26.64
23582.890,26.67
23582.989,26.59
23583.092,26.62
23583.206,26.65
23583.234,26.59
23583.331,26.6
23583.427,26.64
23583.528,26.6
23583.633,26.59
23583.733,26.6
23583.844,26.62
23583.935,26.64
23584.028,26.6
23584.133,26.59
23584.263,26.59
23584.326,26.62
23584.434,26.64
23584.535,26.62
23584.631,26.62
23584.736,26.64
23584.844,26.64
23584.949,26.64
23585.043,26.62
23585.152,26.62
23585.250,26.6
23585.366,26.6
23585.456,26.62
23585.560,26.64
23585.660,26.65
23585.734,26.62
23585.858,26.62
23585.969,26.64
23586.067,26.6
23586.174,26.62
23586.270,26.6
23586.371,26.6
23586.473,26.6
23586.516,26.6
23586.677,26.65
23876.731,26.6
23876.881,26.6
23876.945,26.6
23877.021,26.6
23877.116,26.64
23877.228,26.6
23877.314,26.64
23877.418,26.6
23877.516,26.62
23877.619,26.57
23877.724,26.59
23877.814,26.6
23877.940,26.6
23878.033,26.59
23878.133,26.65
23878.229,26.62
23878.331,26.59
23878.432,26.6
23878.520,26.64
23878.616,26.64
23878.717,26.6
23878.810,26.64
23878.934,26.64
23879.042,26.67
23879.135,26.62
23879.236,26.59
23879.358,26.64
23879.457,26.59
23879.567,26.64
23879.645,26.6
23879.748,26.64
23879.851,26.59
23879.959,26.65
23880.059,26.6
23880.143,26.62
23880.261,26.64
23880.366,26.6
23880.467,26.64
23880.579,26.6
23880.608,26.64
23880.773,26.6
23880.880,26.62
23880.920,26.57
23881.032,26.62
23881.184,26.64
23881.214,26.57
23881.314,26.62
23881.415,26.64
23881.518,26.6
23881.614,26.62
23881.717,26.56
23881.805,26.64
23881.932,26.64
23882.003,26.64
23882.138,26.62
23882.212,26.59
23882.320,26.62
23882.415,26.6
23882.515,26.64
23882.608,26.56
23882.719,26.6
23882.807,26.57
23882.927,26.62
23883.025,26.6
23883.128,26.64
23883.241,26.64
23883.337,26.6
23883.452,26.6
23883.542,26.64
23883.641,26.64
23883.744,26.62
23883.864,26.6
23883.957,26.64
23884.055,26.59
23884.152,26.57
23884.256,26.64
23884.356,26.6
23884.459,26.6
23884.562,26.6
23884.597,26.62
23884.699,26.6
23884.799,26.59
23884.896,26.64
23884.994,26.62
23885.097,26.62
23885.204,26.6
23885.290,26.65
23885.403,26.59
23885.508,26.59
23885.609,26.64
23885.702,26.62
23885.800,26.59
23885.898,26.6
23885.998,26.65
23886.098,26.62
23886.209,26.6
23886.288,26.6
23886.391,26.65
23886.491,26.6
23886.599,26.62
23886.697,26.64
23936.814,26.6
23936.910,26.62
23937.013,26.62
23937.126,26.64
23937.202,26.6
23937.320,26.6
23937.420,26.6
23937.538,26.6
23937.636,26.65
23937.736,26.62
23937.832,26.6
23937.940,26.59
23938.043,26.64
23938.146,26.6
23938.273,26.6
23938.359,26.59
23938.388,26.59
23938.484,26.64
23938.597,26.64
23938.697,26.57
23938.785,26.6
23938.893,26.57
23938.998,26.6
23939.101,26.62
23939.202,26.59
23939.295,26.6
23939.400,26.64
23939.500,26.62
23939.579,26.62
23939.699,26.65
23939.793,26.57
23939.890,26.6
23939.989,26.62
23940.091,26.6
23940.192,26.64
23940.295,26.6
23940.398,26.62
23940.501,26.6
23940.604,26.62
23940.706,26.64
23940.800,26.64
23940.875,26.62
23940.976,26.64
23941.082,26.64
23941.229,26.59
23941.288,26.62
23941.412,26.64
23941.494,26.64
23941.601,26.6
23941.729,26.62
23941.826,26.65
23941.876,26.67
23942.038,26.6
23942.158,26.62
23942.229,26.64
23942.271,26.62
23942.383,26.62
23942.479,26.6
23942.576,26.62
23942.684,26.6
23942.780,26.6
23942.880,26.6
23942.981,26.57
23943.087,26.59
23943.187,26.62
23943.270,26.64
23943.375,26.62
23943.471,26.6
23943.572,26.59
23943.675,26.6
23943.785,26.6
23943.886,26.62
23943.986,26.64
23944.086,26.57
23944.177,26.6
23944.300,26.6
23944.400,26.64
23944.494,26.6
23944.597,26.6
23944.702,26.59
23944.810,26.64
23944.913,26.6
23945.008,26.59
23945.146,26.6
23945.219,26.6
23945.327,26.6
23945.425,26.65
23945.527,26.59
23945.623,26.62
23945.733,26.6
23945.761,26.6
23945.858,26.62
23945.964,26.6
23946.070,26.57
23946.168,26.64
23946.266,26.6
23946.383,26.57
23946.467,26.64
23946.567,26.6
23946.682,26.6
23996.775,26.6
23996.861,26.59
23996.959,26.59
23997.072,26.57
23997.155,26.62
23997.260,26.6
23997.361,26.62
23997.464,26.62
23997.586,26.57
23997.682,26.59
23997.756,26.62
23997.858,26.6
23997.961,26.57
23998.067,26.6
23998.197,26.6
23998.261,26.62
23998.386,26.6
23998.483,26.64
23998.589,26.59
23998.685,26.6
23998.785,26.59
23998.886,26.6
23999.032,26.62
23999.104,26.62
23999.204,26.6
23999.307,26.6
23999.410,26.6
23999.506,26.64
23999.621,26.57
23999.719,26.6
23999.751,26.65
23999.856,26.62
23999.957,26.59
24000.060,26.6
24000.158,26.6
24000.253,26.6
24000.356,26.57
24000.445,26.6
24000.565,26.6
24000.662,26.6
24000.746,26.62
24000.866,26.64
24000.945,26.59
24001.048,26.6
24001.162,26.59
24001.258,26.6
24001.356,26.62
24001.459,26.6
24001.574,26.6
24001.674,26.57
24001.770,26.6
24001.871,26.62
24001.954,26.57
24002.079,26.6
24002.158,26.57
24002.244,26.64
24002.349,26.6
24002.452,26.62
24002.560,26.64
24002.658,26.62
24002.798,26.6
24002.900,26.67
24002.974,26.6
24003.096,26.6
24003.192,26.6
24003.295,26.6
24003.403,26.6
24003.500,26.57
24003.606,26.62
24003.636,26.6
24003.812,26.62
24003.837,26.62
24003.940,26.6
24004.055,26.67
24004.157,26.6
24004.236,26.6
24004.356,26.59
24004.442,26.59
24004.554,26.57
24004.655,26.6
24004.734,26.64
24004.846,26.6
24004.942,26.62
24005.042,26.6
24005.143,26.59
24005.251,26.6
24005.351,26.64
24005.452,26.6
24005.545,26.64
24005.655,26.59
24005.758,26.6
24005.873,26.59
24005.962,26.6
24006.065,26.6
24006.162,26.6
24006.280,26.59
24006.378,26.6
24006.476,26.59
24006.577,26.59
24006.680,26.65
24056.782,26.59
24056.878,26.62
24057.016,26.6
24057.089,26.6
24057.152,26.59
24057.226,26.62
24057.339,26.56
24057.489,26.6
24057.540,26.64
24057.645,26.57
24057.741,26.59
24057.831,26.65
24057.929,26.64
24058.030,26.6
24058.141,26.57
24058.246,26.64
24058.344,26.6
24058.466,26.59
24058.523,26.64
24058.628,26.57
24058.729,26.6
24058.854,26.6
24058.934,26.62
24059.035,26.59
24059.146,26.6
24059.250,26.59
24059.347,26.62
24059.452,26.62
24059.560,26.62
24059.685,26.62
24059.753,26.57
24059.864,26.59
24059.957,26.6
24060.060,26.57
24060.163,26.64
24060.280,26.64
24060.366,26.6
24060.469,26.64
24060.570,26.57
24060.690,26.59
24060.744,26.62
24060.817,26.59
24060.915,26.62
24061.015,26.62
24061.185,26.64
24061.214,26.6
24061.381,26.59
24061.422,26.6
24061.525,26.62
24061.621,26.64
24061.721,26.59
24061.824,26.6
24061.915,26.6
24062.030,26.6
24062.118,26.6
24062.234,26.6
24062.322,26.59
24062.427,26.6
24062.530,26.62
24062.619,26.57
24062.722,26.6
24062.853,26.64
24062.910,26.6
24063.016,26.59
24063.126,26.6
24063.234,26.59
24063.329,26.6
24063.439,26.62
24063.560,26.62
24063.631,26.6
24063.717,26.59
24063.839,26.6
24063.923,26.57
24064.048,26.59
24064.148,26.59
24064.266,26.6
24064.366,26.6
24064.494,26.62
24064.559,26.62
24064.690,26.6
24064.707,26.6
24064.807,26.6
24064.903,26.59
24065.055,26.59
24065.119,26.59
24065.222,26.62
24065.317,26.62
24065.423,26.6
24065.516,26.59
24065.616,26.62
24065.702,26.59
24065.817,26.6
24065.905,26.6
24066.006,26.59
24066.106,26.62
24066.206,26.6
24066.315,26.64
24066.418,26.6
24066.528,26.6
24066.641,26.64
24116.726,26.62
24116.822,26.62
24116.920,26.6
24117.023,26.64
24117.125,26.6
24117.228,26.65
24117.332,26.6
24117.432,26.64
24117.557,26.57
24117.628,26.6
24117.748,26.6
24117.799,26.59
24117.949,26.64
24118.040,26.62
24118.114,26.62
24118.222,26.57
24118.364,26.57
24118.449,26.62
24118.494,26.62
24118.653,26.62
24118.748,26.62
24118.800,26.59
24118.896,26.62
24118.993,26.6
24119.099,26.6
24119.209,26.62
24119.307,26.59
24119.408,26.59
24119.489,26.6
24119.611,26.6
24119.709,26.57
24119.895,26.62
24119.898,26.59
24120.005,26.6
24120.104,26.59
24120.202,26.6
24120.300,26.6
24120.402,26.59
24120.503,26.62
24120.619,26.65
24120.719,26.6
24120.815,26.62
24120.937,26.57
24121.016,26.6
24121.119,26.6
24121.221,26.6
24121.349,26.6
24121.425,26.59
24121.528,26.6
24121.631,26.64
24121.741,26.59
24121.841,26.6
24121.944,26.6
24122.049,26.64
24122.086,26.6
24122.244,26.6
24122.348,26.59
24122.452,26.6
24122.552,26.6
24122.581,26.62
24122.685,26.57
24122.799,26.64
24122.898,26.6
24122.986,26.6
24123.099,26.6
24123.212,26.62
24123.337,26.59
24123.388,26.6
24123.510,26.6
24123.584,26.59
24123.679,26.59
24123.782,26.6
24123.883,26.59
24123.994,26.6
24124.094,26.57
24124.190,26.62
24124.293,26.64
24124.395,26.59
24124.498,26.59
24124.616,26.62
24124.702,26.6
24124.805,26.62
24124.907,26.59
24125.023,26.59
24125.113,26.57
24125.216,26.6
24125.310,26.62
24125.418,26.6
24125.521,26.62
24125.623,26.57
24125.712,26.6
24125.829,26.64
24125.930,26.6
24126.033,26.6
24126.136,26.6
24126.239,26.6
24126.341,26.59
24126.369,26.6
24126.476,26.6
24126.572,26.6
24126.673,26.64
24176.775,26.64
24176.886,26.59
24176.981,26.6
24177.082,26.59
24177.185,26.6
24177.273,26.59
24177.369,26.56
24177.476,26.6
24177.570,26.65
24177.685,26.52
24177.787,26.6
24177.869,26.57
24178.003,26.59
24178.069,26.6
24178.165,26.57
24178.288,26.62
24178.366,26.57
24178.467,26.62
24178.569,26.6
24178.673,26.57
24178.777,26.6
24178.881,26.57
24178.983,26.57
24179.087,26.6
24179.209,26.64
24179.305,26.59
24179.405,26.57
24179.508,26.6
24179.650,26.6
24179.729,26.59
24179.827,26.59
24179.935,26.62
24179.964,26.6
24180.060,26.6
24180.244,26.59
24180.273,26.59
24180.373,26.57
24180.540,26.6
24180.567,26.59
24180.665,26.59
24180.768,26.59
24180.859,26.64
24180.974,26.6
24181.074,26.6
24181.177,26.6
24181.271,26.6
24181.366,26.57
24181.472,26.59
24181.565,26.57
24181.665,26.59
24181.768,26.59
24181.871,26.57
24181.962,26.57
24182.082,26.6
24182.187,26.6
24182.287,26.62
24182.381,26.62
24182.484,26.62
24182.579,26.62
24182.719,26.6
24182.753,26.6
24182.898,26.57
24182.962,26.6
24183.109,26.62
24183.175,26.57
24183.295,26.62
24183.398,26.59
24183.501,26.6
24183.550,26.6
24183.648,26.59
24183.817,26.64
24183.913,26.62
24184.013,26.6
24184.064,26.59
24184.168,26.64
24184.253,26.57
24184.354,26.6
24184.454,26.59
24184.560,26.6
24184.663,26.6
24184.761,26.56
24184.864,26.6
24184.947,26.6
24185.050,26.62
24185.157,26.59
24185.268,26.62
24185.356,26.57
24185.454,26.59
24185.560,26.62
24185.682,26.57
24185.763,26.62
24185.871,26.57
24185.969,26.6
24186.074,26.64
24186.172,26.6
24186.273,26.59
24186.395,26.59
24186.488,26.59
24186.587,26.62
24186.692,26.57
24476.800,26.59
24476.900,26.6
24476.998,26.6
24477.106,26.62
24477.155,26.59
24477.258,26.6
24477.361,26.59
24477.518,26.59
24477.594,26.56
24477.645,26.62
24477.750,26.62
24477.844,26.6
24477.937,26.59
24478.038,26.6
24478.136,26.6
24478.243,26.6
24478.364,26.59
24478.435,26.56
24478.621,26.6
24478.655,26.59
24478.734,26.6
24478.832,26.59
24478.945,26.57
24479.038,26.6
24479.141,26.59
24479.244,26.59
24479.358,26.62
24479.449,26.62
24479.550,26.64
24479.653,26.6
24479.756,26.59
24479.858,26.62
24479.961,26.64
24480.045,26.6
24480.165,26.59
24480.268,26.6
24480.371,26.59
24480.484,26.64
24480.579,26.59
24480.638,26.62
24480.783,26.6
24480.846,26.65
24480.949,26.64
24481.027,26.62
24481.194,26.6
24481.292,26.62
24481.388,26.59
24481.489,26.57
24481.542,26.57
24481.690,26.59
24481.743,26.6
24481.839,26.6
24481.932,26.64
24482.030,26.64
24482.138,26.6
24482.253,26.59
24482.322,26.6
24482.423,26.62
24482.523,26.57
24482.623,26.6
24482.739,26.6
24482.836,26.62
24482.932,26.62
24483.033,26.57
24483.136,26.64
24483.246,26.6
24483.356,26.62
24483.442,26.6
24483.550,26.6
24483.655,26.6
24483.766,26.62
24483.866,26.64
24483.964,26.57
24484.065,26.59
24484.168,26.59
24484.271,26.57
24484.373,26.62
24484.425,26.6
24484.567,26.6
24484.665,26.62
24484.765,26.64
24484.871,26.6
24484.969,26.6
24485.021,26.57
24485.192,26.62
24485.278,26.59
24485.388,26.59
24485.415,26.64
24485.513,26.59
24485.628,26.6
24485.724,26.62
24485.827,26.59
24485.927,26.6
24486.013,26.57
24486.114,26.62
24486.214,26.59
24486.332,26.6
24486.430,26.6
24486.525,26.6
24486.623,26.6
24536.729,26.64
24536.829,26.59
24536.927,26.64
24537.030,26.6
24537.141,26.64
24537.236,26.6
24537.332,26.6
24537.442,26.59
24537.540,26.57
24537.641,26.59
24537.766,26.62
24537.859,26.62
24537.957,26.59
24538.055,26.59
24538.153,26.56
24538.255,26.6
24538.359,26.57
24538.459,26.62
24538.570,26.6
24538.621,26.64
24538.773,26.59
24538.805,26.59
24538.972,26.62
24539.074,26.62
24539.177,26.62
24539.209,26.59
24539.302,26.6
24539.405,26.57
24539.520,26.59
24539.604,26.59
24539.704,26.62
24539.805,26.59
24539.910,26.62
24540.020,26.6
24540.103,26.64
24540.214,26.6
24540.337,26.6
24540.410,26.6
24540.545,26.59
24540.621,26.6
24540.714,26.59
24540.827,26.6
24540.927,26.6
24541.030,26.57
24541.116,26.6
24541.214,26.62
24541.336,26.59
24541.442,26.6
24541.530,26.6
24541.635,26.6
24541.736,26.59
24541.876,26.57
24541.949,26.6
24542.049,26.6
24542.148,26.6
24542.250,26.6
24542.354,26.6
24542.454,26.6
24542.542,26.64
24542.658,26.6
24542.761,26.62
24542.864,26.6
24542.967,26.62
24542.998,26.57
24543.101,26.62
24543.195,26.62
24543.302,26.64
24543.405,26.62
24543.528,26.59
24543.604,26.65
24543.717,26.6
24543.792,26.57
24543.912,26.6
24544.011,26.57
24544.098,26.59
24544.197,26.54
24544.298,26.57
24544.403,26.6
24544.513,26.59
24544.603,26.57
24544.697,26.6
24544.795,26.6
24544.898,26.64
24545.013,26.6
24545.114,26.59
24545.229,26.59
24545.295,26.57
24545.423,26.6
24545.501,26.59
24545.623,26.57
24545.722,26.6
24545.824,26.57
24545.917,26.59
24546.038,26.59
24546.135,26.6
24546.285,26.59
24546.334,26.6
24546.386,26.57
24546.552,26.57
24546.586,26.59
24596.758,26.6
24596.787,26.6
24596.883,26.65
24596.991,26.6
24597.089,26.57
24597.187,26.56
24597.381,26.6
24597.383,26.64
24597.479,26.6
24597.579,26.6
24597.689,26.6
24597.788,26.62
24597.888,26.65
24597.984,26.57
24598.099,26.59
24598.197,26.62
24598.322,26.6
24598.393,26.59
24598.494,26.6
24598.598,26.59
24598.699,26.57
24598.802,26.59
24598.891,26.6
24598.994,26.59
24599.081,26.62
24599.202,26.6
24599.288,26.6
24599.410,26.59
24599.525,26.6
24599.614,26.59
24599.723,26.57
24599.822,26.62
24599.944,26.59
24600.037,26.59
24600.070,26.64
24600.261,26.59
24600.278,26.6
24600.373,26.6
24600.469,26.59
24600.574,26.6
24600.672,26.6
24600.771,26.6
24600.875,26.57
24600.996,26.6
24601.070,26.59
24601.174,26.56
24601.364,26.57
24601.378,26.56
24601.474,26.57
24601.581,26.6
24601.675,26.64
24601.782,26.6
24601.873,26.6
24601.974,26.6
24602.099,26.6
24602.180,26.57
24602.283,26.64
24602.391,26.57
24602.510,26.6
24602.591,26.59
24602.692,26.6
24602.797,26.57
24602.903,26.57
24603.000,26.6
24603.133,26.6
24603.206,26.6
24603.315,26.59
24603.413,26.6
24603.513,26.6
24603.614,26.6
24603.717,26.57
24603.856,26.62
24603.859,26.64
24603.962,26.64
24604.062,26.62
24604.163,26.64
24604.266,26.57
24604.371,26.6
24604.478,26.57
24604.574,26.62
24604.672,26.62
24604.778,26.6
24604.878,26.6
24604.978,26.64
24605.072,26.59
24605.168,26.6
24605.278,26.62
24605.356,26.56
24605.459,26.6
24605.560,26.62
24605.663,26.6
24605.773,26.59
24605.863,26.59
24606.006,26.59
24606.081,26.59
24606.199,26.62
24606.280,26.6
24606.378,26.62
24606.452,26.57
24606.584,26.6
24606.697,26.6
24656.797,26.57
24656.875,26.6
24656.994,26.62
24657.098,26.6
24657.199,26.6
24657.315,26.6
24657.413,26.62
24657.508,26.6
24657.611,26.57
24657.709,26.57
24657.807,26.59
24657.915,26.62
24658.021,26.59
24658.050,26.6
24658.223,26.59
24658.251,26.6
24658.347,26.62
24658.456,26.6
24658.560,26.6
24658.658,26.57
24658.760,26.59
24658.844,26.6
24658.967,26.62
24659.047,26.64
24659.145,26.6
24659.266,26.6
24659.366,26.57
24659.476,26.57
24659.560,26.56
24659.667,26.6
24659.765,26.6
24659.861,26.64
24659.983,26.6
24660.059,26.62
24660.185,26.6
24660.273,26.59
24660.373,26.56
24660.469,26.57
24660.596,26.6
24660.690,26.64
24660.785,26.62
24660.888,26.6
24660.998,26.59
24661.094,26.57
24661.192,26.59
24661.285,26.57
24661.407,26.6
24661.510,26.62
24661.540,26.57
24661.741,26.59
24661.746,26.59
24661.839,26.59
24661.937,26.57
24662.045,26.62
24662.143,26.62
24662.239,26.57
24662.353,26.6
24662.457,26.62
24662.535,26.6
24662.731,26.62
24662.773,26.59
24662.832,26.56
24662.934,26.6
24663.037,26.62
24663.146,26.6
24663.243,26.56
24663.344,26.6
24663.491,26.56
24663.550,26.59
24663.652,26.6
24663.758,26.57
24663.856,26.6
24663.971,26.56
24664.065,26.59
24664.146,26.6
24664.270,26.6
24664.336,26.6
24664.442,26.59
24664.562,26.62
24664.657,26.62
24664.787,26.6
24664.883,26.6
24664.959,26.57
24665.070,26.59
24665.190,26.6
24665.293,26.57
24665.329,26.57
24665.494,26.59
24665.596,26.59
24665.699,26.54
24665.741,26.62
24665.824,26.57
24665.927,26.59
24666.030,26.62
24666.140,26.6
24666.238,26.59
24666.430,26.62
24666.449,26.6
24666.542,26.64
24666.643,26.56
24716.722,26.6
24716.844,26.6
24716.927,26.59
24717.028,26.6
24717.131,26.59
24717.246,26.59
24717.324,26.59
24717.427,26.56
24717.533,26.59
24717.653,26.57
24717.751,26.59
24717.944,26.59
24717.951,26.6
24718.052,26.57
24718.165,26.6
24718.268,26.57
24718.373,26.54
24718.472,26.54
24718.574,26.57
24718.680,26.64
24718.778,26.57
24718.878,26.59
24719.003,26.59
24719.021,26.57
24719.114,26.6
24719.283,26.57
24719.385,26.6
24719.488,26.57
24719.516,26.57
24719.613,26.57
24719.782,26.59
24719.812,26.6
24719.920,26.57
24720.023,26.57
24720.130,26.64
24720.212,26.57
24720.317,26.59
24720.435,26.57
24720.518,26.62
24720.618,26.56
24720.719,26.59
24720.841,26.62
24720.920,26.59
24721.013,26.52
24721.126,26.59
24721.236,26.62
24721.331,26.56
24721.452,26.57
24721.525,26.57
24721.646,26.6
24721.744,26.59
24721.854,26.57
24721.954,26.54
24722.055,26.6
24722.155,26.57
24722.253,26.57
24722.354,26.6
24722.457,26.6
24722.559,26.56
24722.704,26.59
24722.706,26.56
24722.866,26.59
24722.969,26.57
24723.045,26.56
24723.111,26.57
24723.209,26.56
24723.307,26.6
24723.413,26.57
24723.508,26.59
24723.609,26.59
24723.709,26.59
24723.815,26.59
24723.920,26.62
24724.021,26.6
24724.119,26.57
24724.324,26.59
24724.327,26.59
24724.402,26.57
24724.518,26.54
24724.618,26.57
24724.719,26.59
24724.817,26.6
24724.927,26.57
24725.030,26.6
24725.150,26.59
24725.251,26.59
24725.324,26.6
24725.434,26.6
24725.513,26.57
24725.631,26.57
24725.734,26.56
24725.815,26.6
24725.898,26.6
24726.003,26.57
24726.106,26.62
24726.209,26.56
24726.310,26.57
24726.413,26.6
24726.552,26.56
24726.594,26.57
24776.766,26.65
24776.795,26.57
24776.952,26.54
24777.057,26.6
24777.158,26.6
24777.258,26.6
24777.312,26.57
24777.408,26.6
24777.503,26.6
24777.604,26.57
24777.707,26.59
24777.824,26.59
24777.913,26.59
24778.010,26.6
24778.089,26.54
24778.192,26.57
24778.305,26.57
24778.398,26.57
24778.500,26.62
24778.603,26.59
24778.695,26.57
24778.829,26.59
24778.927,26.59
24779.020,26.59
24779.121,26.6
24779.216,26.57
24779.337,26.57
24779.420,26.57
24779.521,26.54
24779.625,26.57
24779.739,26.57
24779.834,26.57
24779.932,26.6
24779.998,26.6
24780.104,26.6
24780.207,26.6
24780.331,26.57
24780.452,26.57
24780.483,26.6
24780.648,26.59
24780.765,26.57
24780.849,26.59
24780.881,26.57
24780.979,26.6
24781.101,26.62
24781.266,26.56
24781.305,26.6
24781.400,26.62
24781.498,26.59
24781.695,26.6
24781.697,26.59
24781.792,26.54
24781.886,26.59
24781.981,26.57
24782.092,26.6
24782.187,26.6
24782.299,26.57
24782.393,26.6
24782.494,26.57
24782.601,26.59
24782.692,26.6
24782.799,26.6
24782.902,26.57
24783.011,26.62
24783.108,26.57
24783.207,26.59
24783.310,26.57
24783.415,26.57
24783.516,26.6
24783.618,26.6
24783.702,26.57
24783.822,26.64
24783.925,26.57
24784.028,26.59
24784.141,26.59
24784.173,26.6
24784.339,26.59
24784.391,26.6
24784.540,26.6
24784.597,26.57
24784.672,26.56
24784.775,26.57
24784.878,26.62
24784.976,26.57
24785.084,26.6
24785.173,26.62
24785.293,26.59
24785.373,26.56
24785.479,26.54
24785.587,26.57
24785.685,26.59
24785.809,26.6
24785.873,26.6
24785.978,26.57
24786.076,26.57
24786.173,26.57
24786.275,26.56
24786.388,26.57
24786.486,26.6
24786.587,26.54
24786.689,26.59
25076.787,26.59
25076.896,26.56
25077.011,26.59
25077.101,26.6
25077.204,26.57
25077.304,26.6
25077.423,26.57
25077.521,26.57
25077.616,26.57
25077.714,26.62
25077.817,26.59
25077.920,26.64
25078.023,26.59
25078.114,26.57
25078.226,26.6
25078.337,26.57
25078.366,26.59
25078.535,26.59
25078.562,26.57
25078.670,26.64
25078.773,26.59
25078.875,26.59
25078.976,26.59
25079.072,26.57
25079.158,26.59
25079.258,26.6
25079.364,26.57
25079.466,26.54
25079.584,26.59
25079.662,26.64
25079.756,26.57
25079.854,26.57
25079.974,26.57
25080.069,26.64
25080.165,26.59
25080.266,26.59
25080.359,26.56
25080.481,26.57
25080.591,26.59
25080.690,26.57
25080.798,26.62
25080.893,26.59
25080.991,26.59
25081.098,26.57
25081.197,26.6
25081.297,26.57
25081.420,26.57
25081.506,26.57
25081.604,26.57
25081.707,26.57
25081.788,26.57
25081.853,26.57
25081.949,26.6
25082.116,26.57
25082.157,26.6
25082.246,26.6
25082.348,26.56
25082.451,26.56
25082.570,26.59
25082.653,26.57
25082.756,26.59
25082.866,26.6
25082.964,26.57
25083.064,26.54
25083.165,26.6
25083.258,26.56
25083.348,26.59
25083.449,26.62
25083.554,26.57
25083.670,26.59
25083.756,26.59
25083.859,26.57
25083.961,26.57
25084.062,26.57
25084.165,26.59
25084.268,26.6
25084.369,26.59
25084.457,26.59
25084.542,26.52
25084.643,26.6
25084.746,26.59
25084.883,26.59
25084.949,26.57
25085.050,26.57
25085.157,26.57
25085.261,26.57
25085.366,26.6
25085.506,26.59
25085.609,26.57
25085.706,26.59
25085.832,26.56
25085.849,26.59
25085.945,26.6
25086.043,26.6
25086.138,26.54
25086.236,26.59
25086.339,26.59
25086.445,26.57
25086.565,26.59
25086.650,26.57
25136.827,26.57
25136.856,26.62
25136.932,26.6
25137.042,26.56
25137.141,26.57
25137.239,26.56
25137.346,26.54
25137.442,26.57
25137.545,26.59
25137.670,26.59
25137.760,26.59
25137.859,26.57
25137.964,26.62
25138.035,26.62
25138.170,26.6
25138.266,26.57
25138.363,26.6
25138.473,26.57
25138.569,26.6
25138.672,26.57
25138.731,26.6
25138.876,26.57
25138.979,26.57
25139.042,26.59
25139.190,26.57
25139.290,26.57
25139.388,26.6
25139.508,26.56
25139.576,26.59
25139.695,26.57
25139.790,26.57
25139.918,26.59
25139.945,26.59
25140.038,26.59
25140.133,26.56
25140.241,26.6
25140.353,26.6
25140.435,26.59
25140.540,26.56
25140.626,26.59
25140.744,26.6
25140.824,26.59
25140.925,26.59
25141.043,26.59
25141.140,26.62
25141.239,26.59
25141.344,26.57
25141.435,26.6
25141.538,26.6
25141.641,26.59
25141.756,26.57
25141.851,26.6
25141.956,26.57
25142.079,26.57
25142.153,26.54
25142.265,26.57
25142.320,26.57
25142.445,26.6
25142.528,26.57
25142.628,26.57
25142.753,26.54
25142.834,26.57
25142.962,26.59
25143.042,26.57
25143.116,26.57
25143.248,26.57
25143.381,26.57
25143.478,26.57
25143.516,26.54
25143.616,26.6
25143.783,26.59
25143.836,26.57
25143.915,26.57
25144.030,26.6
25144.131,26.57
25144.234,26.59
25144.329,26.59
25144.429,26.54
25144.530,26.57
25144.650,26.57
25144.714,26.54
25144.815,26.54
25144.918,26.57
25145.028,26.6
25145.136,26.59
25145.234,26.57
25145.327,26.57
25145.430,26.6
25145.532,26.59
25145.633,26.57
25145.753,26.57
25145.839,26.57
25145.940,26.57
25146.043,26.59
25146.165,26.56
25146.248,26.57
25146.312,26.59
25146.418,26.59
25146.557,26.57
25146.677,26.57
25196.751,26.6
25196.864,26.57
25196.967,26.56
25197.067,26.54
25197.163,26.54
25197.266,26.57
25197.366,26.59
25197.417,26.56
25197.518,26.57
25197.616,26.57
25197.712,26.56
25197.807,26.56
25197.910,26.56
25198.003,26.59
25198.123,26.56
25198.222,26.59
25198.326,26.6
25198.417,26.56
25198.513,26.59
25198.611,26.6
25198.706,26.59
25198.817,26.57
25198.920,26.59
25199.013,26.56
25199.125,26.6
25199.226,26.6
25199.324,26.6
25199.432,26.6
25199.533,26.59
25199.636,26.57
25199.739,26.59
25199.839,26.57
25199.937,26.57
25200.040,26.57
25200.165,26.6
25200.253,26.57
25200.349,26.59
25200.447,26.59
25200.549,26.54
25200.601,26.57
25200.753,26.6
25200.814,26.57
25200.898,26.57
25201.023,26.57
25201.099,26.6
25201.199,26.57
25201.334,26.57
25201.408,26.54
25201.494,26.59
25201.606,26.56
25201.699,26.56
25201.797,26.59
25201.907,26.54
25202.001,26.57
25202.098,26.57
25202.192,26.59
25202.290,26.57
25202.393,26.57
25202.494,26.57
25202.598,26.59
25202.695,26.59
25202.805,26.57
25202.905,26.57
25203.008,26.59
25203.103,26.59
25203.214,26.57
25203.314,26.57
25203.418,26.59
25203.543,26.57
25203.616,26.57
25203.728,26.6
25203.839,26.59
25203.929,26.54
25204.030,26.57
25204.133,26.56
25204.273,26.57
25204.349,26.6
25204.449,26.57
25204.547,26.56
25204.645,26.56
25204.771,26.57
25204.851,26.57
25204.940,26.57
25204.981,26.6
25205.163,26.57
25205.192,26.59
25205.363,26.54
25205.390,26.57
25205.488,26.57
25205.584,26.56
25205.702,26.59
25205.782,26.54
25205.878,26.54
25205.984,26.6
25206.089,26.57
25206.182,26.54
25206.293,26.59
25206.410,26.6
25206.498,26.59
25206.599,26.52
25206.695,26.54
25256.777,26.56
25256.893,26.56
25257.021,26.56
25257.104,26.57
25257.216,26.59
25257.310,26.57
25257.412,26.57
25257.513,26.52
25257.626,26.57
25257.724,26.54
25257.820,26.59
25257.925,26.54
25258.025,26.59
25258.126,26.54
25258.223,26.57
25258.273,26.56
25258.442,26.6
25258.538,26.57
25258.662,26.54
25258.741,26.57
25258.868,26.57
25258.869,26.59
25258.984,26.59
25259.077,26.56
25259.175,26.54
25259.278,26.57
25259.380,26.56
25259.491,26.56
25259.589,26.57
25259.685,26.52
25259.788,26.56
25259.880,26.57
25259.986,26.59
25260.087,26.57
25260.184,26.62
25260.280,26.54
25260.380,26.6
25260.498,26.62
25260.567,26.54
25260.687,26.57
25260.793,26.57
25260.900,26.6
25260.994,26.57
25261.091,26.59
25261.199,26.57
25261.302,26.56
25261.398,26.59
25261.508,26.56
25261.599,26.56
25261.719,26.62
25261.817,26.59
25261.924,26.57
25262.018,26.57
25262.119,26.59
25262.217,26.6
25262.334,26.54
25262.364,26.57
25262.462,26.56
25262.562,26.57
25262.734,26.57
25262.765,26.52
25262.869,26.6
25262.972,26.57
25263.072,26.56
25263.175,26.57
25263.275,26.54
25263.358,26.62
25263.462,26.57
25263.565,26.57
25263.665,26.59
25263.761,26.54
25263.863,26.57
25263.964,26.59
25264.091,26.6
25264.173,26.57
25264.271,26.57
25264.383,26.6
25264.496,26.59
25264.567,26.57
25264.672,26.59
25264.773,26.56
25264.864,26.57
25264.957,26.54
25265.081,26.54
25265.170,26.54
25265.300,26.57
25265.396,26.57
25265.493,26.57
25265.621,26.56
25265.697,26.54
25265.814,26.54
25265.910,26.57
25266.011,26.59
25266.109,26.56
25266.217,26.57
25266.334,26.57
25266.351,26.56
25266.449,26.54
25266.548,26.57
25266.650,26.59
25316.768,26.54
25316.854,26.57
25316.957,26.56
25317.069,26.59
25317.165,26.59
25317.268,26.57
25317.349,26.57
25317.445,26.57
25317.549,26.52
25317.650,26.6
25317.753,26.6
25317.854,26.6
25317.959,26.56
25318.060,26.54
25318.170,26.54
25318.263,26.56
25318.366,26.57
25318.469,26.57
25318.584,26.52
25318.658,26.6
25318.763,26.57
25318.842,26.56
25318.944,26.59
25319.054,26.6
25319.177,26.57
25319.273,26.57
25319.400,26.59
25319.472,26.57
25319.596,26.57
25319.643,26.56
25319.810,26.56
25319.927,26.54
25320.011,26.57
25320.109,26.56
25320.138,26.6
25320.243,26.56
25320.344,26.56
25320.447,26.56
25320.543,26.54
25320.643,26.57
25320.744,26.6
25320.856,26.57
25320.935,26.56
25321.055,26.56
25321.158,26.57
25321.243,26.52
25321.339,26.56
25321.440,26.57
25321.550,26.6
25321.648,26.56
25321.746,26.56
25321.849,26.57
25321.957,26.56
25322.054,26.57
25322.150,26.56
25322.258,26.57
25322.363,26.57
25322.464,26.56
25322.533,26.57
25322.635,26.59
25322.739,26.54
25322.863,26.6
25322.994,26.6
25323.050,26.57
25323.155,26.57
25323.275,26.57
25323.385,26.56
25323.479,26.54
25323.579,26.52
25323.631,26.56
25323.788,26.54
25323.896,26.6
25324.023,26.57
25324.027,26.59
25324.143,26.57
25324.239,26.57
25324.336,26.57
25324.442,26.59
25324.538,26.59
25324.640,26.59
25324.739,26.57
25324.831,26.57
25324.927,26.54
25325.023,26.57
25325.155,26.57
25325.229,26.57
25325.331,26.57
25325.427,26.56
25325.545,26.51
25325.638,26.54
25325.739,26.59
25325.842,26.57
25325.952,26.57
25326.049,26.57
25326.143,26.56
25326.256,26.56
25326.375,26.56
25326.459,26.56
25326.567,26.56
25326.668,26.59
25376.726,26.56
25376.831,26.54
25376.932,26.56
25377.037,26.56
25377.140,26.57
25377.283,26.56
25377.378,26.54
25377.481,26.57
25377.577,26.57
25377.726,26.57
25377.788,26.54
25377.817,26.57
25377.915,26.57
25378.035,26.54
25378.118,26.57
25378.221,26.56
25378.319,26.56
25378.425,26.56
25378.530,26.59
25378.625,26.57
25378.734,26.57
25378.829,26.57
25378.922,26.57
25379.020,26.57
25379.143,26.56
25379.241,26.54
25379.324,26.54
25379.427,26.57
25379.528,26.57
25379.638,26.57
25379.736,26.6
25379.836,26.57
25379.930,26.57
25380.040,26.57
25380.165,26.54
25380.246,26.52
25380.358,26.54
25380.452,26.52
25380.554,26.59
25380.665,26.56
25380.707,26.57
25380.815,26.54
25380.925,26.57
25381.077,26.57
25381.108,26.57
25381.206,26.57
25381.305,26.56
25381.447,26.57
25381.569,26.57
25381.619,26.57
25381.768,26.56
25381.815,26.57
25381.907,26.57
25382.005,26.56
25382.180,26.56
25382.211,26.6
25382.304,26.59
25382.422,26.54
25382.506,26.59
25382.616,26.54
25382.714,26.54
25382.810,26.57
25382.915,26.54
25383.013,26.54
25383.114,26.6
25383.216,26.54
25383.327,26.57
25383.429,26.57
25383.530,26.57
25383.648,26.54
25383.736,26.56
25383.839,26.62
25383.940,26.56
25384.043,26.59
25384.146,26.59
25384.241,26.54
25384.342,26.59
25384.452,26.56
25384.552,26.59
25384.650,26.56
25384.753,26.54
25384.805,26.54
25384.956,26.57
25385.013,26.52
25385.101,26.57
25385.195,26.54
25385.295,26.52
25385.467,26.57
25385.498,26.54
25385.594,26.56
25385.712,26.54
25385.812,26.54
25385.915,26.57
25386.010,26.59
25386.111,26.56
25386.202,26.54
25386.300,26.57
25386.395,26.57
25386.494,26.56
25386.594,26.6
25386.702,26.6
25676.800,26.54
25676.913,26.59
25677.005,26.57
25677.106,26.6
25677.209,26.57
25677.326,26.57
25677.422,26.57
25677.518,26.57
25677.618,26.54
25677.721,26.57
25677.822,26.59
25677.949,26.56
25678.038,26.57
25678.140,26.57
25678.236,26.56
25678.336,26.56
25678.439,26.56
25678.540,26.59
25678.643,26.54
25678.751,26.6
25678.842,26.56
25678.949,26.54
25679.052,26.57
25679.163,26.54
25679.190,26.57
25679.287,26.56
25679.383,26.54
25679.486,26.59
25679.598,26.57
25679.697,26.54
25679.795,26.57
25679.900,26.56
25679.996,26.54
25680.094,26.56
25680.190,26.56
25680.293,26.56
25680.391,26.57
25680.489,26.54
25680.597,26.57
25680.699,26.57
25680.802,26.57
25680.898,26.59
25681.006,26.54
25681.104,26.57
25681.204,26.6
25681.324,26.57
25681.408,26.57
25681.513,26.54
25681.611,26.57
25681.690,26.57
25681.824,26.59
25681.923,26.59
25682.057,26.59
25682.126,26.57
25682.244,26.54
25682.329,26.57
25682.425,26.57
25682.538,26.57
25682.636,26.57
25682.738,26.56
25682.842,26.56
25682.942,26.56
25682.969,26.54
25683.070,26.59
25683.185,26.57
25683.277,26.56
25683.376,26.57
25683.479,26.56
25683.574,26.57
25683.668,26.57
25683.788,26.57
25683.898,26.54
25683.976,26.57
25684.072,26.57
25684.172,26.56
25684.287,26.54
25684.368,26.57
25684.467,26.6
25684.587,26.6
25684.674,26.54
25684.795,26.57
25684.885,26.6
25685.000,26.54
25685.084,26.54
25685.185,26.54
25685.280,26.57
25685.385,26.59
25685.506,26.56
25685.601,26.56
25685.699,26.56
25685.804,26.59
25685.912,26.59
25686.015,26.52
25686.101,26.54
25686.239,26.57
25686.266,26.54
25686.420,26.56
25686.469,26.52
25686.630,26.57
25736.733,26.57
25736.758,26.56
25736.861,26.57
25736.969,26.54
25737.072,26.59
25737.168,26.57
25737.275,26.57
25737.378,26.57
25737.481,26.57
25737.572,26.56
25737.660,26.57
25737.765,26.56
25737.868,26.57
25737.962,26.54
25738.062,26.56
25738.160,26.59
25738.277,26.59
25738.376,26.57
25738.474,26.6
25738.576,26.54
25738.697,26.6
25738.780,26.56
25738.876,26.56
25738.996,26.54
25739.087,26.54
25739.153,26.56
25739.255,26.6
25739.359,26.57
25739.464,26.57
25739.565,26.52
25739.711,26.56
25739.820,26.57
25739.891,26.6
25740.011,26.56
25740.111,26.59
25740.212,26.59
25740.310,26.56
25740.418,26.59
25740.511,26.54
25740.560,26.57
25740.658,26.56
25740.755,26.59
25740.853,26.57
25740.954,26.57
25741.057,26.57
25741.160,26.6
25741.248,26.56
25741.363,26.56
25741.464,26.6
25741.570,26.57
25741.660,26.54
25741.756,26.54
25741.854,26.56
25741.954,26.57
25742.055,26.57
25742.153,26.57
25742.261,26.54
25742.349,26.59
25742.467,26.56
25742.570,26.59
25742.677,26.57
25742.787,26.52
25742.863,26.56
25742.961,26.54
25743.084,26.56
25743.163,26.54
25743.244,26.57
25743.354,26.56
25743.496,26.57
25743.565,26.59
25743.685,26.59
25743.768,26.6
25743.844,26.57
25744.003,26.56
25744.097,26.57
25744.231,26.54
25744.310,26.52
25744.337,26.57
25744.445,26.59
25744.554,26.57
25744.658,26.57
25744.753,26.54
25744.854,26.57
25744.949,26.57
25745.050,26.57
25745.152,26.56
25745.255,26.54
25745.356,26.59
25745.439,26.62
25745.548,26.57
25745.658,26.56
25745.744,26.6
25745.846,26.57
25745.947,26.57
25746.049,26.54
25746.146,26.57
25746.261,26.54
25746.356,26.57
25746.461,26.57
25746.562,26.56
25746.665,26.59
25796.758,26.57
25796.873,26.54
25796.976,26.54
25797.076,26.57
25797.177,26.54
25797.278,26.54
25797.383,26.57
25797.494,26.6
25797.589,26.59
25797.690,26.57
25797.790,26.57
25797.905,26.57
25797.934,26.54
25798.030,26.54
25798.126,26.56
25798.229,26.57
25798.339,26.57
25798.440,26.57
25798.535,26.54
25798.643,26.6
25798.743,26.57
25798.826,26.57
25798.984,26.56
25799.037,26.56
25799.133,26.57
25799.224,26.54
25799.332,26.57
25799.430,26.56
25799.535,26.52
25799.635,26.56
25799.744,26.54
25799.841,26.56
25799.940,26.56
25800.065,26.57
25800.153,26.54
25800.250,26.54
25800.354,26.54
25800.434,26.54
25800.555,26.57
25800.658,26.54
25800.761,26.56
25800.873,26.54
25800.976,26.54
25801.076,26.57
25801.180,26.57
25801.283,26.56
25801.378,26.51
25801.486,26.56
25801.581,26.57
25801.690,26.54
25801.719,26.54
25801.815,26.56
25801.929,26.52
25802.092,26.57
25802.189,26.54
25802.231,26.54
25802.315,26.6
25802.418,26.54
25802.535,26.54
25802.614,26.56
25802.731,26.54
25802.829,26.52
25802.925,26.54
25803.030,26.56
25803.130,26.57
25803.229,26.6
25803.332,26.57
25803.447,26.56
25803.525,26.59
25803.619,26.52
25803.741,26.57
25803.832,26.54
25803.927,26.56
25804.028,26.52
25804.128,26.52
25804.250,26.59
25804.368,26.54
25804.440,26.56
25804.550,26.54
25804.648,26.56
25804.756,26.56
25804.844,26.52
25804.959,26.56
25805.062,26.52
25805.163,26.57
25805.266,26.54
25805.368,26.56
25805.471,26.54
25805.579,26.52
25805.618,26.59
25805.712,26.54
25805.810,26.54
25805.905,26.52
25806.015,26.56
25806.113,26.57
25806.216,26.59
25806.314,26.57
25806.424,26.54
25806.520,26.59
25806.621,26.56
25856.724,26.57
25856.802,26.54
25856.907,26.54
25857.015,26.57
25857.119,26.56
25857.199,26.52
25857.305,26.56
25857.415,26.59
25857.513,26.54
25857.613,26.57
25857.734,26.59
25857.800,26.54
25857.930,26.57
25858.025,26.52
25858.153,26.57
25858.221,26.57
25858.348,26.56
25858.445,26.57
25858.537,26.6
25858.646,26.54
25858.743,26.52
25858.861,26.51
25858.959,26.52
25859.057,26.56
25859.158,26.57
25859.260,26.54
25859.361,26.56
25859.395,26.52
25859.567,26.57
25859.668,26.54
25859.695,26.56
25859.797,26.54
25859.898,26.56
25860.013,26.57
25860.109,26.57
25860.207,26.57
25860.310,26.59
25860.424,26.56
25860.513,26.54
25860.592,26.56
25860.694,26.57
25860.820,26.54
25860.898,26.56
25861.001,26.54
25861.091,26.56
25861.204,26.57
25861.317,26.56
25861.415,26.57
25861.535,26.56
25861.616,26.57
25861.717,26.56
25861.827,26.57
25861.922,26.54
25862.033,26.56
25862.091,26.57
25862.238,26.57
25862.300,26.52
25862.400,26.56
25862.500,26.56
25862.603,26.57
25862.706,26.57
25862.810,26.56
25862.886,26.57
25863.040,26.59
25863.089,26.54
25863.243,26.54
25863.297,26.59
25863.385,26.54
25863.481,26.56
25863.601,26.54
25863.690,26.56
25863.790,26.57
25863.886,26.54
25864.001,26.54
25864.099,26.59
25864.199,26.54
25864.280,26.57
25864.398,26.54
25864.491,26.54
25864.594,26.57
25864.690,26.57
25864.798,26.57
25864.900,26.54
25865.005,26.59
25865.101,26.52
25865.206,26.56
25865.312,26.54
25865.413,26.54
25865.508,26.54
25865.609,26.51
25865.711,26.57
25865.814,26.54
25865.915,26.56
25866.018,26.52
25866.121,26.59
25866.236,26.57
25866.327,26.54
25866.427,26.57
25866.530,26.54
25866.648,26.54
25866.677,26.57
25916.837,26.57
25916.940,26.57
25916.973,26.56
25917.079,26.54
25917.177,26.51
25917.273,26.57
25917.386,26.56
25917.486,26.57
25917.582,26.57
25917.680,26.56
25917.770,26.57
25917.871,26.57
25917.989,26.57
25918.076,26.57
25918.168,26.59
25918.288,26.56
25918.381,26.59
25918.486,26.52
25918.584,26.54
25918.680,26.56
25918.777,26.56
25918.883,26.57
25919.011,26.57
25919.091,26.57
25919.175,26.56
25919.295,26.57
25919.396,26.56
25919.501,26.56
25919.614,26.56
25919.709,26.57
25919.807,26.57
25919.913,26.57
25920.023,26.56
25920.119,26.57
25920.217,26.54
25920.324,26.54
25920.422,26.54
25920.523,26.57
25920.648,26.59
25920.665,26.56
25920.761,26.56
25920.934,26.54
25920.959,26.54
25921.060,26.57
25921.163,26.56
25921.263,26.54
25921.383,26.57
25921.473,26.57
25921.574,26.56
25921.660,26.54
25921.773,26.57
25921.856,26.56
25921.966,26.54
25922.069,26.6
25922.170,26.57
25922.268,26.59
25922.376,26.59
25922.484,26.56
25922.572,26.57
25922.675,26.57
25922.778,26.56
25922.896,26.56
25922.994,26.59
25923.084,26.59
25923.187,26.54
25923.275,26.6
25923.359,26.52
25923.464,26.54
25923.586,26.57
25923.697,26.57
25923.802,26.57
25923.898,26.54
25924.000,26.6
25924.128,26.57
25924.211,26.57
25924.322,26.57
25924.415,26.57
25924.518,26.56
25924.619,26.57
25924.734,26.54
25924.761,26.54
25924.858,26.57
25924.957,26.57
25925.057,26.56
25925.155,26.54
25925.261,26.54
25925.359,26.56
25925.447,26.57
25925.569,26.56
25925.657,26.54
25925.753,26.57
25925.861,26.56
25925.957,26.57
25926.054,26.54
25926.160,26.54
25926.283,26.57
25926.361,26.56
25926.464,26.56
25926.572,26.52
25926.668,26.56
25976.770,26.54
25976.895,26.54
25976.984,26.56
25977.082,26.6
25977.189,26.57
25977.283,26.51
25977.385,26.54
25977.508,26.56
25977.545,26.57
25977.697,26.57
25977.795,26.56
25977.898,26.54
25977.956,26.52
25978.059,26.56
25978.160,26.57
25978.266,26.54
25978.408,26.56
25978.481,26.57
25978.543,26.56
25978.646,26.57
25978.756,26.56
25978.851,26.54
25978.954,26.54
25979.055,26.56
25979.165,26.59
25979.241,26.57
25979.339,26.57
25979.435,26.57
25979.538,26.52
25979.638,26.57
25979.741,26.56
25979.834,26.54
25979.945,26.54
25980.049,26.57
25980.150,26.57
25980.251,26.56
25980.354,26.56
25980.449,26.57
25980.570,26.56
25980.662,26.54
25980.768,26.57
25980.866,26.57
25980.981,26.57
25981.079,26.54
25981.175,26.54
25981.277,26.56
25981.378,26.57
25981.489,26.56
25981.586,26.56
25981.673,26.54
25981.783,26.54
25981.890,26.54
25981.993,26.57
25982.057,26.57
25982.133,26.54
25982.229,26.57
25982.331,26.51
25982.430,26.59
25982.543,26.56
25982.631,26.56
25982.748,26.59
25982.844,26.56
25982.930,26.56
25983.027,26.54
25983.143,26.59
25983.226,26.56
25983.324,26.59
25983.445,26.54
25983.532,26.51
25983.640,26.57
25983.738,26.54
25983.836,26.54
25983.945,26.54
25984.040,26.57
25984.143,26.56
25984.246,26.57
25984.358,26.54
25984.454,26.54
25984.554,26.57
25984.657,26.56
25984.758,26.52
25984.861,26.57
25984.981,26.6
25985.074,26.54
25985.175,26.54
25985.273,26.54
25985.347,26.56
25985.506,26.54
25985.579,26.54
25985.689,26.54
25985.719,26.56
25985.817,26.57
25985.917,26.54
25986.020,26.56
25986.128,26.57
25986.228,26.56
25986.319,26.54
25986.498,26.56
25986.528,26.54
25986.626,26.57
26276.729,26.59
26276.817,26.56
26276.935,26.54
26277.035,26.6
26277.130,26.56
26277.224,26.51
26277.324,26.57
26277.420,26.57
26277.513,26.54
26277.625,26.57
26277.721,26.56
26277.829,26.57
26277.930,26.54
26278.038,26.52
26278.138,26.56
26278.234,26.54
26278.334,26.57
26278.444,26.57
26278.545,26.54
26278.655,26.57
26278.761,26.57
26278.856,26.57
26278.957,26.56
26279.067,26.59
26279.165,26.54
26279.263,26.56
26279.366,26.57
26279.408,26.57
26279.572,26.54
26279.606,26.57
26279.756,26.52
26279.804,26.57
26279.981,26.54
26280.082,26.6
26280.125,26.56
26280.219,26.59
26280.317,26.56
26280.415,26.6
26280.516,26.54
26280.618,26.56
26280.707,26.57
26280.804,26.59
26280.912,26.57
26281.008,26.56
26281.106,26.56
26281.228,26.54
26281.317,26.56
26281.413,26.59
26281.538,26.57
26281.638,26.56
26281.712,26.57
26281.815,26.56
26281.898,26.56
26282.032,26.54
26282.104,26.52
26282.204,26.57
26282.329,26.54
26282.471,26.56
26282.549,26.57
26282.645,26.59
26282.753,26.56
26282.849,26.54
26282.981,26.57
26283.065,26.56
26283.155,26.56
26283.256,26.54
26283.361,26.54
26283.478,26.59
26283.505,26.56
26283.601,26.54
26283.697,26.57
26283.800,26.54
26283.898,26.57
26283.998,26.57
26284.101,26.57
26284.202,26.54
26284.305,26.56
26284.408,26.56
26284.508,26.56
26284.589,26.56
26284.690,26.54
26284.793,26.57
26284.903,26.59
26285.003,26.59
26285.104,26.54
26285.204,26.57
26285.315,26.54
26285.398,26.54
26285.498,26.57
26285.606,26.59
26285.704,26.56
26285.788,26.54
26285.920,26.59
26286.003,26.57
26286.116,26.56
26286.217,26.54
26286.307,26.57
26286.413,26.56
26286.543,26.54
26286.638,26.54
26336.741,26.57
26336.849,26.56
26336.947,26.54
26337.045,26.59
26337.152,26.54
26337.260,26.56
26337.288,26.57
26337.383,26.56
26337.498,26.57
26337.594,26.57
26337.695,26.57
26337.792,26.56
26337.888,26.57
26338.001,26.59
26338.098,26.54
26338.211,26.54
26338.300,26.57
26338.378,26.59
26338.479,26.56
26338.601,26.57
26338.697,26.57
26338.793,26.57
26338.890,26.57
26338.991,26.57
26339.079,26.54
26339.180,26.6
26339.312,26.57
26339.391,26.57
26339.498,26.54
26339.582,26.59
26339.724,26.57
26339.793,26.56
26339.913,26.54
26340.018,26.56
26340.118,26.57
26340.214,26.54
26340.322,26.57
26340.425,26.56
26340.528,26.57
26340.623,26.56
26340.724,26.54
26340.827,26.54
26340.929,26.57
26341.040,26.52
26341.150,26.57
26341.246,26.57
26341.273,26.57
26341.369,26.57
26341.473,26.56
26341.587,26.57
26341.685,26.57
26341.780,26.57
26341.885,26.57
26341.986,26.54
26342.089,26.54
26342.189,26.57
26342.277,26.56
26342.371,26.57
26342.473,26.59
26342.576,26.57
26342.690,26.59
26342.785,26.6
26342.883,26.59
26342.986,26.57
26343.094,26.59
26343.214,26.6
26343.293,26.59
26343.400,26.57
26343.498,26.52
26343.599,26.56
26343.675,26.54
26343.815,26.57
26343.910,26.52
26344.008,26.57
26344.133,26.57
26344.175,26.52
26344.283,26.52
26344.385,26.54
26344.527,26.59
26344.623,26.59
26344.751,26.56
26344.829,26.54
26344.869,26.57
26344.966,26.57
26345.062,26.54
26345.165,26.56
26345.261,26.57
26345.364,26.56
26345.467,26.56
26345.560,26.54
26345.657,26.56
26345.761,26.57
26345.858,26.57
26345.986,26.54
26346.067,26.6
26346.163,26.57
26346.295,26.54
26346.376,26.59
26346.476,26.57
26346.577,26.54
26346.662,26.59
26396.798,26.56
26396.876,26.54
26397.001,26.52
26397.074,26.56
26397.182,26.52
26397.285,26.6
26397.398,26.52
26397.494,26.56
26397.653,26.57
26397.655,26.56
26397.810,26.59
26397.863,26.54
26397.967,26.56
26398.094,26.54
26398.202,26.54
26398.253,26.56
26398.437,26.56
26398.500,26.52
26398.609,26.57
26398.711,26.59
26398.760,26.57
26398.937,26.57
26398.964,26.54
26399.060,26.59
26399.157,26.57
26399.263,26.57
26399.366,26.54
26399.462,26.56
26399.564,26.57
26399.646,26.56
26399.748,26.56
26399.846,26.56
26399.971,26.54
26400.060,26.56
26400.162,26.57
26400.258,26.54
26400.359,26.6
26400.461,26.57
26400.562,26.56
26400.665,26.54
26400.775,26.54
26400.871,26.57
26400.973,26.57
26401.074,26.57
26401.182,26.56
26401.278,26.54
26401.383,26.54
26401.484,26.54
26401.587,26.57
26401.690,26.57
26401.809,26.54
26401.895,26.54
26401.996,26.54
26402.101,26.57
26402.219,26.52
26402.246,26.57
26402.396,26.57
26402.447,26.54
26402.543,26.54
26402.638,26.59
26402.748,26.56
26402.849,26.51
26402.935,26.57
26403.049,26.54
26403.157,26.54
26403.253,26.57
26403.337,26.54
26403.432,26.6
26403.542,26.62
26403.645,26.56
26403.755,26.52
26403.851,26.54
26403.947,26.56
26404.057,26.54
26404.153,26.54
26404.251,26.6
26404.349,26.56
26404.454,26.52
26404.557,26.59
26404.660,26.6
26404.761,26.57
26404.864,26.56
26404.973,26.57
26405.067,26.54
26405.182,26.57
26405.280,26.59
26405.376,26.57
26405.484,26.56
26405.582,26.56
26405.707,26.56
26405.780,26.57
26405.896,26.57
26405.991,26.59
26406.092,26.56
26406.217,26.57
26406.236,26.57
26406.349,26.57
26406.427,26.57
26406.535,26.56
26406.633,26.57
26456.812,26.54
26456.839,26.54
26456.952,26.57
26457.043,26.6
26457.128,26.59
26457.228,26.59
26457.346,26.57
26457.440,26.54
26457.527,26.51
26457.628,26.57
26457.731,26.57
26457.853,26.57
26457.925,26.57
26458.055,26.54
26458.128,26.51
26458.246,26.57
26458.346,26.54
26458.467,26.57
26458.582,26.57
26458.685,26.57
26458.763,26.57
26458.861,26.57
26458.959,26.56
26459.055,26.54
26459.157,26.54
26459.275,26.57
26459.369,26.51
26459.469,26.54
26459.584,26.54
26459.685,26.54
26459.783,26.56
26459.893,26.59
26460.016,26.54
26460.018,26.56
26460.121,26.56
26460.222,26.57
26460.329,26.57
26460.427,26.56
26460.523,26.56
26460.630,26.56
26460.712,26.54
26460.836,26.59
26460.929,26.57
26461.020,26.54
26461.114,26.56
26461.212,26.57
26461.315,26.56
26461.427,26.56
26461.521,26.6
26461.623,26.57
26461.729,26.56
26461.819,26.57
26461.940,26.56
26462.035,26.6
26462.141,26.54
26462.239,26.56
26462.339,26.56
26462.435,26.59
26462.543,26.56
26462.670,26.56
26462.771,26.54
26462.878,26.57
26462.952,26.59
26463.048,26.57
26463.167,26.59
26463.268,26.54
26463.364,26.56
26463.466,26.6
26463.577,26.56
26463.611,26.59
26463.766,26.56
26463.815,26.57
26463.981,26.59
26464.006,26.59
26464.104,26.51
26464.302,26.51
26464.320,26.56
26464.415,26.59
26464.515,26.59
26464.618,26.57
26464.716,26.56
26464.819,26.54
26464.923,26.57
26465.001,26.57
26465.108,26.57
26465.231,26.56
26465.307,26.57
26465.405,26.57
26465.516,26.57
26465.604,26.59
26465.699,26.56
26465.829,26.57
26465.924,26.54
26465.996,26.57
26466.104,26.56
26466.207,26.54
26466.332,26.54
26466.440,26.57
26466.552,26.54
26466.646,26.59
26516.751,26.6
26516.876,26.57
26516.947,26.57
26517.070,26.56
26517.092,26.56
26517.263,26.56
26517.359,26.51
26517.459,26.56
26517.560,26.56
26517.667,26.56
26517.778,26.56
26517.807,26.54
26517.902,26.52
26518.005,26.6
26518.101,26.56
26518.199,26.56
26518.304,26.57
26518.388,26.59
26518.511,26.57
26518.609,26.54
26518.714,26.56
26518.792,26.57
26518.898,26.54
26518.994,26.57
26519.121,26.56
26519.192,26.57
26519.292,26.52
26519.407,26.57
26519.516,26.57
26519.589,26.54
26519.711,26.56
26519.815,26.57
26519.923,26.59
26520.021,26.57
26520.116,26.54
26520.228,26.59
26520.349,26.57
26520.420,26.57
26520.515,26.57
26520.616,26.6
26520.736,26.59
26520.847,26.57
26520.962,26.54
26521.042,26.6
26521.148,26.57
26521.246,26.6
26521.287,26.57
26521.381,26.56
26521.555,26.54
26521.581,26.57
26521.699,26.56
26521.783,26.56
26521.886,26.59
26521.989,26.52
26522.092,26.57
26522.194,26.56
26522.282,26.57
26522.388,26.57
26522.478,26.59
26522.579,26.56
26522.680,26.56
26522.800,26.57
26522.896,26.54
26522.998,26.57
26523.094,26.54
26523.194,26.54
26523.307,26.57
26523.407,26.54
26523.501,26.54
26523.582,26.57
26523.731,26.54
26523.787,26.59
26523.942,26.56
26524.016,26.59
26524.077,26.56
26524.177,26.54
26524.280,26.57
26524.383,26.57
26524.489,26.56
26524.636,26.57
26524.699,26.57
26524.832,26.57
26524.935,26.57
26525.028,26.54
26525.079,26.57
26525.234,26.54
26525.285,26.57
26525.375,26.57
26525.471,26.59
26525.572,26.56
26525.668,26.6
26525.766,26.57
26525.886,26.52
26525.966,26.54
26526.087,26.57
26526.185,26.56
26526.266,26.54
26526.366,26.56
26526.476,26.56
26526.574,26.56
26526.707,26.54
26576.798,26.56
26576.880,26.57
26577.006,26.54
26577.084,26.57
26577.165,26.54
26577.299,26.56
26577.398,26.54
26577.494,26.57
26577.601,26.57
26577.699,26.54
26577.795,26.57
26577.903,26.6
26578.013,26.59
26578.118,26.54
26578.214,26.52
26578.314,26.59
26578.376,26.57
26578.481,26.56
26578.636,26.56
26578.689,26.6
26578.765,26.57
26578.861,26.56
26579.048,26.56
26579.076,26.57
26579.157,26.57
26579.329,26.54
26579.371,26.59
26579.473,26.56
26579.572,26.54
26579.738,26.57
26579.753,26.59
26579.873,26.54
26579.961,26.56
26580.064,26.57
26580.155,26.57
26580.268,26.59
26580.395,26.57
26580.498,26.6
26580.576,26.59
26580.675,26.6
26580.783,26.57
26580.885,26.6
26580.981,26.6
26581.081,26.57
26581.180,26.57
26581.282,26.57
26581.385,26.56
26581.488,26.57
26581.619,26.57
26581.697,26.59
26581.817,26.57
26581.898,26.54
26582.000,26.57
26582.103,26.57
26582.206,26.57
26582.310,26.52
26582.400,26.57
26582.451,26.57
26582.547,26.57
26582.724,26.54
26582.751,26.54
26582.846,26.57
26582.945,26.56
26583.045,26.57
26583.160,26.54
26583.256,26.54
26583.359,26.52
26583.459,26.59
26583.560,26.57
26583.648,26.54
26583.780,26.54
26583.842,26.57
26583.945,26.56
26584.043,26.54
26584.150,26.57
26584.260,26.6
26584.356,26.57
26584.451,26.62
26584.560,26.59
26584.662,26.57
26584.783,26.57
26584.883,26.56
26584.969,26.59
26585.096,26.57
26585.168,26.6
26585.295,26.54
26585.391,26.56
26585.488,26.54
26585.584,26.56
26585.687,26.57
26585.812,26.54
26585.896,26.6
26585.993,26.57
26586.096,26.54
26586.197,26.59
26586.300,26.57
26586.403,26.59
26586.506,26.56
26586.611,26.59
26586.638,26.54
26876.746,26.57
26876.846,26.57
26876.947,26.57
26877.045,26.56
26877.133,26.52
26877.231,26.54
26877.353,26.52
26877.456,26.51
26877.538,26.51
26877.640,26.54
26877.743,26.57
26877.836,26.54
26877.939,26.59
26878.040,26.57
26878.143,26.54
26878.246,26.56
26878.349,26.57
26878.452,26.57
26878.557,26.57
26878.650,26.54
26878.750,26.57
26878.871,26.56
26878.969,26.56
26879.038,26.56
26879.158,26.56
26879.246,26.57
26879.373,26.56
26879.469,26.56
26879.582,26.57
26879.704,26.54
26879.783,26.57
26879.886,26.6
26880.028,26.54
26880.094,26.57
26880.192,26.59
26880.300,26.59
26880.329,26.54
26880.423,26.59
26880.523,26.54
26880.626,26.59
26880.726,26.57
26880.832,26.54
26880.934,26.57
26881.043,26.52
26881.133,26.56
26881.317,26.54
26881.320,26.54
26881.420,26.49
26881.543,26.56
26881.628,26.54
26881.723,26.54
26881.831,26.56
26881.935,26.54
26882.035,26.6
26882.138,26.6
26882.233,26.57
26882.342,26.54
26882.452,26.57
26882.550,26.51
26882.648,26.56
26882.736,26.56
26882.815,26.57
26882.923,26.59
26883.028,26.57
26883.152,26.57
26883.271,26.54
26883.380,26.56
26883.476,26.57
26883.574,26.52
26883.704,26.57
26883.768,26.51
26883.819,26.6
26883.920,26.59
26884.016,26.56
26884.118,26.56
26884.214,26.54
26884.320,26.57
26884.525,26.56
26884.527,26.57
26884.626,26.57
26884.728,26.57
26884.831,26.54
26884.930,26.59
26885.028,26.57
26885.126,26.57
26885.217,26.56
26885.317,26.57
26885.415,26.56
26885.518,26.59
26885.653,26.54
26885.726,26.57
26885.824,26.56
26885.907,26.56
26886.038,26.56
26886.136,26.59
26886.233,26.54
26886.344,26.54
26886.440,26.56
26886.516,26.57
26886.643,26.57
26936.756,26.56
26936.807,26.57
26936.952,26.54
26937.055,26.56
26937.121,26.56
26937.226,26.54
26937.349,26.57
26937.402,26.56
26937.555,26.54
26937.606,26.57
26937.790,26.56
26937.863,26.54
26937.913,26.54
26938.008,26.56
26938.113,26.54
26938.219,26.57
26938.317,26.57
26938.413,26.56
26938.503,26.6
26938.601,26.57
26938.699,26.6
26938.820,26.57
26938.896,26.52
26939.005,26.57
26939.101,26.59
26939.217,26.56
26939.305,26.54
26939.407,26.54
26939.511,26.56
26939.650,26.56
26939.724,26.56
26939.820,26.57
26939.920,26.57
26940.023,26.57
26940.146,26.54
26940.228,26.56
26940.329,26.54
26940.430,26.57
26940.525,26.54
26940.646,26.52
26940.729,26.54
26940.812,26.54
26940.945,26.59
26941.052,26.54
26941.141,26.57
26941.250,26.56
26941.347,26.56
26941.464,26.57
26941.491,26.56
26941.589,26.54
26941.755,26.54
26941.790,26.52
26941.900,26.54
26941.996,26.57
26942.098,26.56
26942.195,26.57
26942.300,26.57
26942.396,26.54
26942.523,26.56
26942.587,26.57
26942.707,26.52
26942.787,26.57
26942.891,26.54
26943.006,26.54
26943.101,26.56
26943.197,26.57
26943.302,26.6
26943.402,26.54
26943.503,26.57
26943.626,26.57
26943.709,26.54
26943.836,26.56
26943.918,26.57
26944.037,26.56
26944.118,26.52
26944.219,26.57
26944.361,26.59
26944.425,26.57
26944.528,26.6
26944.653,26.56
26944.690,26.52
26944.793,26.54
26944.900,26.56
26945.001,26.52
26945.143,26.56
26945.239,26.57
26945.339,26.52
26945.391,26.57
26945.489,26.56
26945.645,26.57
26945.695,26.54
26945.782,26.57
26945.898,26.57
26945.991,26.54
26946.094,26.54
26946.199,26.54
26946.282,26.57
26946.381,26.54
26946.489,26.57
26946.574,26.54
26946.677,26.56
26996.790,26.54
26996.885,26.6
26996.986,26.54
26997.082,26.56
26997.190,26.54
26997.302,26.52
26997.398,26.62
26997.498,26.56
26997.609,26.54
26997.712,26.57
26997.814,26.54
26997.913,26.54
26998.035,26.56
26998.111,26.56
26998.222,26.54
26998.327,26.54
26998.378,26.56
26998.521,26.59
26998.623,26.54
26998.726,26.54
26998.771,26.57
26998.942,26.57
26998.969,26.56
26999.140,26.57
26999.239,26.57
26999.339,26.59
26999.368,26.57
26999.466,26.56
26999.574,26.59
26999.680,26.57
26999.777,26.57
26999.875,26.52
26999.964,26.6
27000.084,26.54
27000.182,26.59
27000.265,26.54
27000.383,26.57
27000.572,26.59
27000.574,26.56
27000.679,26.57
27000.775,26.56
27000.876,26.57
27000.979,26.57
27001.089,26.57
27001.184,26.54
27001.285,26.54
27001.386,26.56
27001.491,26.57
27001.592,26.57
27001.687,26.59
27001.805,26.57
27001.910,26.56
27002.008,26.56
27002.123,26.56
27002.173,26.59
27002.273,26.56
27002.378,26.54
27002.483,26.51
27002.589,26.57
27002.712,26.57
27002.812,26.56
27002.925,26.57
27003.025,26.6
27003.055,26.54
27003.226,26.57
27003.256,26.57
27003.376,26.54
27003.471,26.56
27003.572,26.57
27003.670,26.59
27003.770,26.57
27003.871,26.57
27003.962,26.56
27004.065,26.54
27004.160,26.57
27004.256,26.52
27004.351,26.57
27004.469,26.57
27004.572,26.57
27004.665,26.57
27004.777,26.56
27004.903,26.57
27004.976,26.59
27005.109,26.59
27005.182,26.57
27005.290,26.57
27005.386,26.59
27005.496,26.6
27005.592,26.54
27005.670,26.52
27005.798,26.56
27005.881,26.54
27006.001,26.54
27006.072,26.59
27006.234,26.54
27006.305,26.57
27006.405,26.56
27006.508,26.57
27006.606,26.56
27006.704,26.54
27056.755,26.56
27056.856,26.56
27056.945,26.57
27057.049,26.57
27057.146,26.57
27057.250,26.59
27057.351,26.57
27057.456,26.56
27057.557,26.56
27057.660,26.54
27057.765,26.57
27057.861,26.51
27057.959,26.6
27058.043,26.52
27058.148,26.57
27058.273,26.56
27058.371,26.56
27058.467,26.59
27058.564,26.57
27058.662,26.57
27058.763,26.56
27058.864,26.57
27058.966,26.56
27059.074,26.57
27059.172,26.59
27059.273,26.57
27059.376,26.57
27059.478,26.57
27059.606,26.56
27059.704,26.56
27059.798,26.57
27059.888,26.54
27059.991,26.56
27060.054,26.57
27060.207,26.57
27060.238,26.52
27060.366,26.57
27060.442,26.56
27060.574,26.54
27060.633,26.59
27060.775,26.57
27060.834,26.56
27060.935,26.56
27061.038,26.54
27061.140,26.54
27061.354,26.54
27061.356,26.56
27061.432,26.57
27061.552,26.52
27061.636,26.57
27061.746,26.56
27061.844,26.57
27061.969,26.56
27062.047,26.56
27062.148,26.54
27062.246,26.54
27062.344,26.56
27062.449,26.56
27062.550,26.57
27062.677,26.52
27062.780,26.57
27062.858,26.57
27062.959,26.54
27063.064,26.56
27063.173,26.54
27063.270,26.59
27063.369,26.57
27063.479,26.54
27063.582,26.54
27063.680,26.54
27063.780,26.54
27063.883,26.59
27063.984,26.59
27064.086,26.56
27064.207,26.57
27064.226,26.57
27064.344,26.59
27064.496,26.56
27064.523,26.56
27064.641,26.56
27064.724,26.56
27064.827,26.57
27064.940,26.54
27065.035,26.52
27065.136,26.56
27065.236,26.57
27065.342,26.54
27065.418,26.54
27065.520,26.56
27065.625,26.54
27065.724,26.56
27065.827,26.56
27065.930,26.57
27066.045,26.56
27066.123,26.57
27066.236,26.57
27066.339,26.59
27066.457,26.56
27066.552,26.56
27066.648,26.54
27116.750,26.56
27116.851,26.57
27116.956,26.52
27117.064,26.54
27117.158,26.56
27117.260,26.52
27117.366,26.52
27117.466,26.56
27117.589,26.59
27117.677,26.57
27117.775,26.56
27117.881,26.57
27117.978,26.57
27118.087,26.59
27118.118,26.54
27118.216,26.57
27118.319,26.57
27118.423,26.56
27118.521,26.54
27118.616,26.57
27118.726,26.54
27118.827,26.54
27118.908,26.56
27119.037,26.54
27119.138,26.57
27119.209,26.52
27119.310,26.52
27119.423,26.56
27119.520,26.59
27119.640,26.51
27119.719,26.54
27119.829,26.54
27119.925,26.56
27120.025,26.57
27120.126,26.56
27120.229,26.54
27120.332,26.54
27120.452,26.56
27120.545,26.57
27120.645,26.54
27120.741,26.54
27120.864,26.56
27120.949,26.56
27121.050,26.54
27121.152,26.52
27121.261,26.57
27121.356,26.59
27121.459,26.56
27121.562,26.56
27121.665,26.51
27121.766,26.56
27121.868,26.57
27121.983,26.54
27122.011,26.59
27122.106,26.54
27122.204,26.56
27122.317,26.56
27122.417,26.54
27122.515,26.56
27122.611,26.54
27122.702,26.57
27122.802,26.56
27122.920,26.54
27123.027,26.49
27123.098,26.57
27123.202,26.57
27123.304,26.54
27123.405,26.54
27123.506,26.57
27123.611,26.56
27123.712,26.57
27123.814,26.59
27123.917,26.54
27124.021,26.57
27124.128,26.57
27124.223,26.56
27124.327,26.57
27124.429,26.52
27124.540,26.57
27124.640,26.51
27124.736,26.54
27124.839,26.59
27124.949,26.56
27125.008,26.59
27125.146,26.56
27125.275,26.54
27125.353,26.57
27125.452,26.52
27125.599,26.57
27125.670,26.57
27125.699,26.56
27125.793,26.56
27125.891,26.56
27125.996,26.56
27126.098,26.6
27126.195,26.56
27126.298,26.56
27126.403,26.56
27126.501,26.52
27126.606,26.54
27126.702,26.57
27176.788,26.59
27176.886,26.57
27176.989,26.6
27177.114,26.57
27177.195,26.54
27177.319,26.54
27177.398,26.54
27177.506,26.56
27177.604,26.56
27177.707,26.57
27177.815,26.54
27177.917,26.59
27178.013,26.56
27178.114,26.57
27178.217,26.52
27178.320,26.56
27178.423,26.56
27178.540,26.52
27178.628,26.54
27178.753,26.57
27178.832,26.56
27178.952,26.57
27178.979,26.54
27179.141,26.57
27179.275,26.52
27179.346,26.57
27179.415,26.51
27179.549,26.54
27179.577,26.57
27179.755,26.59
27179.783,26.59
27179.881,26.56
27179.984,26.56
27180.094,26.57
27180.192,26.52
27180.293,26.56
27180.376,26.56
27180.494,26.54
27180.596,26.56
27180.697,26.57
27180.790,26.54
27180.890,26.56
27180.984,26.54
27181.084,26.54
27181.187,26.57
27181.290,26.56
27181.425,26.54
27181.494,26.56
27181.597,26.54
27181.699,26.6
27181.802,26.57
27181.915,26.57
27182.013,26.54
27182.118,26.54
27182.221,26.56
27182.319,26.54
27182.425,26.56
27182.521,26.59
27182.655,26.56
27182.726,26.54
27182.834,26.57
27182.949,26.59
27182.967,26.52
27183.135,26.56
27183.261,26.56
27183.361,26.54
27183.398,26.54
27183.473,26.56
27183.567,26.57
27183.684,26.56
27183.775,26.56
27183.873,26.54
27183.976,26.6
27184.077,26.56
27184.180,26.6
27184.285,26.54
27184.366,26.57
27184.464,26.54
27184.567,26.54
27184.668,26.56
27184.788,26.52
27184.873,26.57
27185.001,26.54
27185.082,26.57
27185.172,26.6
27185.278,26.56
27185.378,26.56
27185.488,26.52
27185.591,26.57
27185.685,26.59
27185.795,26.56
27185.920,26.56
27186.001,26.57
27186.101,26.57
27186.206,26.59
27186.307,26.59
27186.410,26.62
27186.520,26.56
27186.626,26.56
25076.716,26.54
25076.820,26.56
25076.922,26.57
25077.037,26.56
25077.064,26.57
25077.158,26.56
25077.263,26.54
25077.359,26.6
25077.469,26.54
25077.564,26.57
25077.662,26.57
25077.765,26.54
25077.871,26.54
25077.954,26.54
25078.094,26.57
25078.152,26.57
25078.253,26.54
25078.356,26.57
25078.462,26.54
25078.572,26.56
25078.670,26.56
25078.768,26.56
25078.876,26.57
25078.974,26.57
25079.074,26.57
25079.197,26.57
25079.285,26.54
25079.383,26.54
25079.503,26.57
25079.609,26.56
25079.646,26.57
25079.746,26.57
25079.849,26.59
25080.001,26.52
25080.103,26.51
25080.160,26.56
25080.263,26.54
25080.369,26.54
25080.445,26.59
25080.547,26.57
25080.719,26.51
25080.746,26.59
25080.844,26.56
25081.035,26.59
25081.052,26.51
25081.148,26.51
25081.246,26.56
25081.349,26.54
25081.447,26.56
25081.557,26.56
25081.655,26.56
25081.771,26.57
25081.841,26.56
25081.940,26.54
25082.043,26.6
25082.177,26.54
25082.251,26.56
25082.349,26.57
25082.451,26.57
25082.552,26.57
25082.657,26.54
25082.758,26.56
25082.871,26.57
25082.964,26.54
25083.067,26.56
25083.167,26.56
25083.283,26.56
25083.381,26.56
25083.484,26.52
25083.581,26.57
25083.680,26.57
25083.782,26.54
25083.885,26.59
25084.011,26.54
25084.089,26.57
25084.194,26.57
25084.304,26.57
25084.396,26.57
25084.501,26.52
25084.603,26.6
25084.709,26.57
25084.750,26.56
25084.832,26.57
25084.932,26.54
25085.035,26.59
25085.143,26.56
25085.246,26.54
25085.344,26.57
25085.445,26.54
25085.535,26.54
25085.633,26.54
25085.738,26.56
25085.829,26.59
25085.935,26.57
25086.067,26.54
25086.143,26.57
25086.250,26.54
25086.344,26.54
25086.454,26.54
25086.555,26.54
25086.648,26.54
25136.753,26.56
25136.856,26.56
25136.959,26.57
25137.059,26.54
25137.160,26.57
25137.280,26.57
25137.371,26.59
25137.467,26.56
25137.572,26.56
25137.694,26.57
25137.777,26.57
25137.878,26.59
25137.984,26.54
25138.087,26.54
25138.184,26.54
25138.288,26.57
25138.391,26.56
25138.425,26.52
25138.521,26.56
25138.619,26.57
25138.726,26.57
25138.824,26.56
25138.927,26.54
25139.028,26.52
25139.121,26.57
25139.234,26.56
25139.336,26.57
25139.424,26.59
25139.528,26.54
25139.623,26.57
25139.721,26.54
25139.854,26.57
25139.929,26.59
25140.028,26.54
25140.138,26.57
25140.234,26.56
25140.336,26.59
25140.439,26.54
25140.540,26.54
25140.645,26.57
25140.746,26.56
25140.839,26.59
25140.957,26.57
25141.054,26.56
25141.157,26.52
25141.256,26.54
25141.369,26.56
25141.464,26.56
25141.574,26.54
25141.692,26.54
25141.712,26.54
25141.873,26.57
25141.976,26.57
25142.060,26.57
25142.180,26.52
25142.280,26.54
25142.383,26.52
25142.427,26.54
25142.525,26.51
25142.623,26.54
25142.719,26.51
25142.822,26.56
25143.000,26.57
25143.027,26.57
25143.111,26.51
25143.209,26.56
25143.315,26.56
25143.432,26.54
25143.530,26.51
25143.619,26.54
25143.716,26.57
25143.827,26.57
25143.920,26.54
25144.013,26.56
25144.114,26.57
25144.217,26.56
25144.326,26.54
25144.442,26.54
25144.508,26.56
25144.631,26.56
25144.741,26.54
25144.844,26.52
25144.942,26.56
25145.047,26.54
25145.158,26.54
25145.278,26.54
25145.368,26.56
25145.456,26.54
25145.554,26.57
25145.660,26.56
25145.778,26.48
25145.807,26.54
25145.969,26.56
25146.072,26.56
25146.101,26.56
25146.202,26.52
25146.300,26.57
25146.400,26.57
25146.503,26.54
25146.606,26.56
25146.709,26.57
25196.810,26.57
25196.917,26.54
25197.015,26.54
25197.118,26.56
25197.206,26.56
25197.322,26.56
25197.405,26.56
25197.503,26.56
25197.616,26.57
25197.714,26.54
25197.812,26.52
25197.913,26.54
25198.030,26.57
25198.126,26.59
25198.224,26.57
25198.322,26.54
25198.410,26.56
25198.491,26.54
25198.592,26.56
25198.744,26.57
25198.802,26.56
25198.939,26.54
25199.042,26.56
25199.118,26.52
25199.238,26.59
25199.358,26.57
25199.459,26.57
25199.528,26.54
25199.660,26.54
25199.689,26.54
25199.802,26.6
25199.890,26.59
25199.986,26.57
25200.087,26.52
25200.199,26.57
25200.300,26.57
25200.396,26.52
25200.511,26.56
25200.603,26.57
25200.704,26.57
25200.805,26.54
25200.883,26.57
25200.994,26.56
25201.089,26.57
25201.190,26.57
25201.293,26.54
25201.395,26.54
25201.498,26.52
25201.614,26.52
25201.709,26.56
25201.805,26.57
25201.907,26.52
25202.027,26.57
25202.125,26.54
25202.223,26.57
25202.320,26.57
25202.425,26.54
25202.523,26.57
25202.643,26.57
25202.726,26.56
25202.788,26.54
25202.893,26.54
25203.040,26.52
25203.145,26.56
25203.214,26.56
25203.342,26.57
25203.452,26.54
25203.545,26.54
25203.648,26.57
25203.677,26.57
25203.782,26.57
25203.890,26.54
25203.986,26.54
25204.084,26.52
25204.187,26.54
25204.287,26.6
25204.390,26.52
25204.478,26.51
25204.592,26.56
25204.673,26.57
25204.775,26.52
25204.878,26.54
25204.991,26.57
25205.087,26.51
25205.184,26.56
25205.290,26.56
25205.396,26.54
25205.493,26.54
25205.594,26.54
25205.702,26.59
25205.820,26.54
25205.903,26.52
25206.025,26.54
25206.116,26.57
25206.217,26.54
25206.344,26.52
25206.437,26.54
25206.467,26.54
25206.626,26.57
25256.723,26.57
25256.782,26.56
25256.890,26.57
25256.994,26.54
25257.094,26.57
25257.234,26.54
25257.305,26.57
25257.366,26.54
25257.538,26.59
25257.565,26.52
25257.665,26.56
25257.785,26.59
25257.863,26.56
25257.972,26.57
25258.070,26.57
25258.177,26.52
25258.273,26.57
25258.366,26.59
25258.467,26.54
25258.565,26.54
25258.668,26.57
25258.771,26.56
25258.871,26.56
25258.964,26.54
25259.074,26.57
25259.179,26.57
25259.280,26.54
25259.381,26.54
25259.484,26.52
25259.613,26.52
25259.699,26.51
25259.793,26.54
25259.893,26.56
25259.998,26.54
25260.111,26.54
25260.207,26.54
25260.305,26.57
25260.407,26.54
25260.508,26.57
25260.611,26.56
25260.714,26.54
25260.802,26.54
25260.918,26.54
25261.021,26.54
25261.123,26.54
25261.226,26.57
25261.251,26.57
25261.351,26.54
25261.461,26.54
25261.560,26.54
25261.652,26.56
25261.756,26.56
25261.859,26.57
25261.949,26.59
25262.067,26.54
25262.170,26.57
25262.273,26.54
25262.361,26.54
25262.457,26.57
25262.559,26.54
25262.660,26.56
25262.761,26.57
25262.864,26.54
25262.967,26.57
25263.076,26.56
25263.180,26.56
25263.278,26.54
25263.408,26.54
25263.488,26.56
25263.582,26.56
25263.692,26.56
25263.793,26.57
25263.896,26.54
25264.000,26.57
25264.109,26.56
25264.199,26.57
25264.297,26.54
25264.349,26.52
25264.476,26.51
25264.614,26.57
25264.643,26.54
25264.844,26.57
25264.913,26.56
25264.940,26.52
25265.118,26.59
25265.146,26.56
25265.244,26.54
25265.347,26.57
25265.447,26.56
25265.550,26.57
25265.655,26.54
25265.756,26.51
25265.844,26.52
25265.949,26.57
25266.047,26.54
25266.146,26.54
25266.244,26.56
25266.359,26.6
25266.447,26.57
25266.550,26.57
25266.645,26.54
25316.780,26.54
25316.853,26.56
25316.961,26.54
25317.062,26.51
25317.167,26.57
25317.268,26.56
25317.371,26.52
25317.476,26.52
25317.579,26.54
25317.677,26.56
25317.785,26.59
25317.883,26.57
25318.008,26.54
25318.086,26.54
25318.222,26.57
25318.293,26.56
25318.395,26.54
25318.494,26.51
25318.623,26.52
25318.701,26.51
25318.804,26.57
25318.832,26.52
25318.930,26.56
25319.052,26.52
25319.146,26.54
25319.255,26.52
25319.342,26.54
25319.442,26.52
25319.543,26.56
25319.648,26.57
25319.750,26.52
25319.827,26.54
25319.932,26.54
25320.035,26.56
25320.135,26.57
25320.246,26.57
25320.329,26.59
25320.435,26.59
25320.535,26.54
25320.625,26.56
25320.770,26.51
25320.844,26.57
25320.944,26.59
25321.057,26.54
25321.165,26.56
25321.263,26.59
25321.364,26.56
25321.466,26.57
25321.594,26.54
25321.672,26.51
25321.795,26.54
25321.876,26.57
25322.001,26.56
25322.076,26.57
25322.195,26.52
25322.285,26.56
25322.388,26.54
25322.513,26.56
25322.518,26.51
25322.630,26.54
25322.728,26.54
25322.824,26.54
25322.929,26.57
25323.025,26.56
25323.128,26.56
25323.231,26.54
25323.317,26.56
25323.437,26.54
25323.538,26.54
25323.641,26.57
25323.736,26.54
25323.822,26.57
25323.924,26.54
25324.033,26.56
25324.128,26.54
25324.231,26.54
25324.332,26.57
25324.444,26.54
25324.540,26.52
25324.643,26.54
25324.766,26.52
25324.856,26.57
25324.930,26.52
25325.055,26.59
25325.133,26.57
25325.278,26.52
25325.317,26.52
25325.418,26.56
25325.527,26.54
25325.628,26.51
25325.733,26.57
25325.832,26.54
25325.937,26.52
25326.013,26.54
25326.114,26.54
25326.256,26.52
25326.309,26.54
25326.405,26.56
25326.527,26.56
25326.628,26.54
25376.724,26.54
25376.827,26.54
25376.924,26.56
25377.021,26.54
25377.106,26.56
25377.204,26.52
25377.341,26.54
25377.413,26.56
25377.516,26.56
25377.619,26.54
25377.707,26.57
25377.822,26.52
25377.920,26.56
25378.043,26.56
25378.121,26.56
25378.229,26.56
25378.327,26.56
25378.467,26.54
25378.540,26.57
25378.638,26.54
25378.761,26.56
25378.842,26.56
25378.945,26.57
25379.045,26.54
25379.179,26.54
25379.250,26.57
25379.351,26.56
25379.410,26.54
25379.516,26.54
25379.616,26.56
25379.760,26.57
25379.822,26.54
25379.966,26.51
25380.025,26.56
25380.128,26.54
25380.238,26.54
25380.304,26.56
25380.407,26.57
25380.501,26.59
25380.603,26.57
25380.717,26.54
25380.814,26.56
25380.989,26.57
25381.013,26.57
25381.104,26.54
25381.202,26.56
25381.299,26.52
25381.398,26.54
25381.501,26.56
25381.628,26.57
25381.706,26.54
25381.820,26.56
25381.918,26.54
25382.015,26.52
25382.119,26.57
25382.228,26.56
25382.324,26.56
25382.447,26.56
25382.530,26.56
25382.626,26.6
25382.753,26.56
25382.853,26.54
25382.939,26.57
25383.035,26.57
25383.140,26.54
25383.263,26.54
25383.346,26.57
25383.471,26.59
25383.549,26.54
25383.587,26.52
25383.755,26.57
25383.822,26.54
25383.888,26.59
25383.991,26.54
25384.089,26.52
25384.207,26.54
25384.298,26.52
25384.402,26.54
25384.503,26.59
25384.690,26.56
25384.709,26.54
25384.785,26.54
25384.883,26.57
25384.984,26.52
25385.103,26.51
25385.201,26.54
25385.293,26.54
25385.391,26.51
25385.503,26.57
25385.603,26.54
25385.699,26.57
25385.804,26.57
25385.908,26.56
25386.006,26.51
25386.109,26.54
25386.212,26.57
25386.315,26.57
25386.442,26.56
25386.528,26.57
25386.621,26.59
25676.746,26.51
25676.824,26.57
25676.940,26.56
25677.035,26.54
25677.133,26.56
25677.234,26.54
25677.337,26.57
25677.440,26.56
25677.540,26.56
25677.645,26.54
25677.709,26.57
25677.773,26.57
25677.873,26.57
25677.998,26.56
25678.079,26.56
25678.182,26.56
25678.283,26.51
25678.371,26.56
25678.476,26.52
25678.572,26.57
25678.694,26.56
25678.773,26.56
25678.876,26.52
25679.101,26.54
25679.119,26.57
25679.192,26.57
25679.290,26.57
25679.386,26.57
25679.488,26.56
25679.592,26.52
25679.694,26.6
25679.795,26.57
25679.908,26.56
25680.003,26.57
25680.103,26.57
25680.204,26.57
25680.319,26.57
25680.417,26.56
25680.521,26.54
25680.616,26.56
25680.726,26.54
25680.827,26.52
25680.939,26.56
25681.033,26.52
25681.136,26.57
25681.165,26.54
25681.263,26.56
25681.373,26.59
25681.469,26.54
25681.638,26.52
25681.673,26.56
25681.768,26.54
25681.868,26.59
25681.969,26.56
25682.072,26.6
25682.175,26.56
25682.277,26.57
25682.380,26.51
25682.459,26.54
25682.559,26.54
25682.663,26.54
25682.800,26.57
25682.871,26.56
25682.969,26.51
25683.072,26.56
25683.187,26.56
25683.280,26.54
25683.378,26.57
25683.484,26.57
25683.586,26.57
25683.709,26.51
25683.773,26.56
25683.893,26.56
25683.994,26.56
25684.092,26.57
25684.201,26.54
25684.302,26.51
25684.403,26.56
25684.508,26.54
25684.614,26.56
25684.655,26.54
25684.812,26.54
25684.917,26.54
25685.025,26.54
25685.055,26.54
25685.153,26.57
25685.346,26.57
25685.364,26.56
25685.454,26.54
25685.555,26.56
25685.667,26.54
25685.761,26.54
25685.861,26.57
25685.964,26.56
25686.082,26.56
25686.148,26.59
25686.248,26.54
25686.356,26.56
25686.452,26.54
25686.560,26.56
25686.657,26.56
25736.758,26.56
25736.863,26.54
25736.964,26.54
25737.065,26.54
25737.185,26.54
25737.271,26.57
25737.396,26.52
25737.474,26.56
25737.597,26.54
25737.684,26.49
25737.793,26.57
25737.854,26.52
25737.989,26.52
25738.052,26.54
25738.158,26.56
25738.297,26.56
25738.366,26.52
25738.440,26.52
25738.542,26.54
25738.672,26.54
25738.741,26.52
25738.839,26.54
25738.945,26.52
25739.047,26.57
25739.146,26.57
25739.248,26.56
25739.435,26.56
25739.440,26.59
25739.559,26.54
25739.653,26.59
25739.758,26.54
25739.841,26.57
25739.937,26.54
25740.057,26.57
25740.138,26.54
25740.236,26.52
25740.344,26.54
25740.447,26.54
25740.582,26.57
25740.652,26.56
25740.756,26.59
25740.861,26.52
25740.971,26.56
25741.067,26.57
25741.165,26.56
25741.271,26.56
25741.378,26.54
25741.474,26.52
25741.594,26.54
25741.680,26.56
25741.777,26.54
25741.878,26.54
25741.983,26.51
25742.082,26.57
25742.211,26.56
25742.288,26.6
25742.329,26.56
25742.516,26.56
25742.597,26.56
25742.704,26.52
25742.739,26.57
25742.836,26.57
25742.937,26.57
25743.035,26.56
25743.135,26.57
25743.234,26.54
25743.337,26.56
25743.435,26.56
25743.543,26.59
25743.643,26.57
25743.746,26.54
25743.844,26.54
25743.927,26.56
25744.030,26.57
25744.131,26.57
25744.236,26.56
25744.339,26.56
25744.439,26.51
25744.564,26.57
25744.643,26.57
25744.746,26.49
25744.858,26.57
25744.951,26.57
25745.055,26.56
25745.150,26.57
25745.273,26.56
25745.361,26.54
25745.464,26.57
25745.577,26.57
25745.682,26.54
25745.778,26.54
25745.908,26.57
25746.003,26.54
25746.079,26.54
25746.182,26.56
25746.282,26.54
25746.386,26.57
25746.417,26.54
25746.589,26.57
25746.690,26.54
25796.793,26.54
25796.820,26.57
25796.918,26.56
25797.023,26.56
25797.133,26.57
25797.236,26.57
25797.329,26.54
25797.432,26.56
25797.520,26.57
25797.619,26.56
25797.716,26.54
25797.844,26.54
25797.932,26.56
25798.023,26.57
25798.126,26.52
25798.229,26.56
25798.329,26.52
25798.432,26.54
25798.543,26.56
25798.645,26.54
25798.743,26.54
25798.842,26.52
25798.969,26.57
25799.048,26.59
25799.172,26.52
25799.260,26.59
25799.356,26.57
25799.456,26.52
25799.559,26.56
25799.682,26.52
25799.768,26.52
25799.868,26.56
25799.976,26.56
25800.006,26.52
25800.114,26.54
25800.299,26.56
25800.378,26.56
25800.415,26.54
25800.511,26.57
25800.606,26.57
25800.719,26.56
25800.814,26.56
25800.915,26.56
25801.018,26.51
25801.119,26.54
25801.300,26.54
25801.304,26.57
25801.410,26.56
25801.518,26.51
25801.631,26.52
25801.712,26.56
25801.812,26.54
25801.930,26.54
25802.023,26.56
25802.128,26.59
25802.228,26.56
25802.347,26.57
25802.425,26.57
25802.528,26.54
25802.733,26.54
25802.736,26.57
25802.802,26.57
25802.937,26.51
25803.040,26.56
25803.143,26.56
25803.356,26.56
25803.371,26.54
25803.451,26.57
25803.548,26.56
25803.655,26.57
25803.768,26.51
25803.795,26.54
25803.986,26.52
25804.067,26.59
25804.170,26.56
25804.207,26.57
25804.304,26.56
25804.400,26.56
25804.500,26.56
25804.601,26.56
25804.702,26.52
25804.826,26.57
25804.912,26.56
25805.013,26.56
25805.092,26.54
25805.195,26.54
25805.300,26.54
25805.396,26.56
25805.498,26.59
25805.604,26.54
25805.702,26.54
25805.805,26.57
25805.927,26.59
25806.013,26.54
25806.136,26.57
25806.217,26.54
25806.342,26.57
25806.420,26.52
25806.491,26.54
25806.592,26.56
25856.731,26.51
25856.829,26.51
25856.930,26.57
25857.037,26.56
25857.145,26.56
25857.244,26.52
25857.341,26.57
25857.445,26.51
25857.650,26.59
25857.652,26.57
25857.766,26.51
25857.853,26.56
25857.956,26.57
25857.984,26.56
25858.084,26.57
25858.201,26.54
25858.305,26.57
25858.403,26.56
25858.501,26.56
25858.594,26.52
25858.702,26.57
25858.802,26.57
25858.900,26.57
25858.986,26.57
25859.084,26.51
25859.187,26.56
25859.287,26.54
25859.398,26.52
25859.498,26.54
25859.604,26.57
25859.699,26.54
25859.799,26.59
25859.903,26.54
25860.021,26.57
25860.116,26.54
25860.222,26.54
25860.339,26.56
25860.413,26.57
25860.516,26.54
25860.621,26.56
25860.724,26.57
25860.851,26.54
25860.925,26.59
25860.984,26.54
25861.143,26.56
25861.195,26.54
25861.339,26.56
25861.440,26.57
25861.479,26.57
25861.577,26.54
25861.766,26.54
25861.771,26.54
25861.876,26.54
25862.052,26.56
25862.074,26.6
25862.177,26.56
25862.288,26.54
25862.388,26.56
25862.484,26.56
25862.589,26.52
25862.670,26.51
25862.768,26.56
25862.873,26.59
25862.979,26.56
25863.077,26.56
25863.180,26.6
25863.282,26.56
25863.391,26.57
25863.494,26.56
25863.589,26.59
25863.689,26.52
25863.792,26.56
25863.896,26.57
25864.013,26.57
25864.103,26.57
25864.202,26.54
25864.307,26.62
25864.425,26.56
25864.523,26.54
25864.621,26.54
25864.717,26.52
25864.822,26.56
25864.918,26.54
25865.023,26.54
25865.123,26.54
25865.194,26.56
25865.351,26.52
25865.430,26.51
25865.533,26.54
25865.635,26.57
25865.663,26.52
25865.763,26.52
25865.875,26.56
25865.971,26.59
25866.072,26.57
25866.172,26.51
25866.263,26.56
25866.361,26.54
25866.464,26.54
25866.584,26.54
25866.660,26.54
25916.761,26.54
25916.866,26.57
25916.967,26.57
25917.094,26.57
25917.173,26.54
25917.275,26.56
25917.376,26.56
25917.478,26.57
25917.584,26.56
25917.690,26.52
25917.797,26.54
25917.896,26.54
25917.996,26.57
25918.099,26.52
25918.197,26.56
25918.299,26.57
25918.423,26.57
25918.501,26.56
25918.606,26.54
25918.707,26.57
25918.810,26.57
25918.912,26.57
25919.021,26.54
25919.055,26.56
25919.160,26.56
25919.273,26.56
25919.427,26.57
25919.457,26.56
25919.550,26.54
25919.648,26.54
25919.755,26.57
25919.861,26.59
25919.962,26.52
25920.150,26.56
25920.153,26.54
25920.261,26.56
25920.346,26.56
25920.449,26.57
25920.550,26.52
25920.673,26.57
25920.756,26.57
25920.853,26.57
25920.961,26.56
25921.065,26.54
25921.165,26.59
25921.268,26.59
25921.369,26.54
25921.476,26.56
25921.582,26.57
25921.680,26.57
25921.780,26.52
25921.881,26.54
25921.984,26.56
25922.104,26.56
25922.511,26.56
25922.601,26.6
25922.643,26.54
25922.743,26.57
25922.907,26.57
25923.011,26.57
25923.038,26.56
25923.214,26.54
25923.246,26.54
25923.342,26.57
25923.440,26.57
25923.623,26.57
25923.650,26.57
25923.756,26.57
25923.854,26.54
25923.937,26.59
25924.057,26.56
25924.136,26.54
25924.238,26.56
25924.348,26.54
25924.447,26.56
25924.547,26.57
25924.673,26.54
25924.741,26.57
25924.853,26.57
25924.940,26.56
25925.084,26.57
25925.143,26.57
25925.263,26.54
25925.364,26.57
25925.454,26.57
25925.533,26.54
25925.633,26.57
25925.736,26.56
25925.878,26.56
25925.986,26.54
25926.043,26.56
25926.185,26.56
25926.285,26.54
25926.388,26.57
25926.508,26.57
25926.594,26.56
25926.697,26.59
25976.798,26.57
25976.920,26.56
25977.001,26.54
25977.030,26.52
25977.126,26.57
25977.243,26.6
25977.334,26.56
25977.437,26.51
25977.616,26.56
25977.635,26.59
25977.733,26.57
25977.832,26.59
25977.932,26.56
25978.030,26.54
25978.140,26.54
25978.234,26.57
25978.347,26.57
25978.447,26.54
25978.552,26.52
25978.652,26.57
25978.760,26.59
25978.856,26.52
25978.952,26.54
25979.050,26.56
25979.153,26.57
25979.255,26.51
25979.358,26.56
25979.459,26.57
25979.570,26.6
25979.667,26.57
25979.766,26.57
25979.869,26.57
25979.935,26.57
25980.074,26.54
25980.146,26.59
25980.288,26.57
25980.356,26.59
25980.486,26.54
25980.594,26.59
25980.626,26.56
25980.728,26.56
25980.815,26.62
25980.917,26.59
25981.028,26.59
25981.125,26.54
25981.226,26.6
25981.327,26.54
25981.508,26.56
25981.535,26.59
25981.655,26.59
25981.714,26.57
25981.815,26.57
25981.918,26.6
25982.021,26.59
25982.123,26.57
25982.226,26.57
25982.327,26.52
25982.435,26.54
25982.545,26.6
25982.643,26.59
25982.756,26.56
25982.841,26.6
25982.942,26.59
25983.045,26.57
25983.168,26.59
25983.250,26.56
25983.349,26.54
25983.452,26.52
25983.560,26.6
25983.658,26.56
25983.766,26.54
25983.886,26.57
25983.964,26.59
25984.069,26.59
25984.170,26.59
25984.271,26.54
25984.373,26.54
25984.486,26.57
25984.513,26.6
25984.619,26.52
25984.714,26.59
25984.812,26.59
25984.910,26.54
25985.006,26.56
25985.197,26.57
25985.202,26.56
25985.302,26.59
25985.400,26.56
25985.501,26.57
25985.604,26.57
25985.721,26.6
25985.817,26.54
25985.918,26.54
25986.016,26.57
25986.116,26.54
25986.221,26.6
25986.320,26.57
25986.432,26.59
25986.523,26.59
25986.630,26.54
26276.731,26.56
26276.844,26.6
26276.945,26.57
26277.043,26.57
26277.140,26.59
26277.266,26.59
26277.344,26.57
26277.447,26.54
26277.548,26.57
26277.652,26.57
26277.753,26.59
26277.858,26.6
26277.900,26.56
26278.065,26.57
26278.094,26.56
26278.268,26.57
26278.310,26.56
26278.469,26.59
26278.500,26.57
26278.598,26.57
26278.704,26.57
26278.800,26.57
26278.905,26.57
26279.005,26.57
26279.109,26.57
26279.211,26.56
26279.290,26.57
26279.393,26.56
26279.500,26.6
26279.598,26.57
26279.699,26.59
26279.807,26.56
26279.905,26.57
26280.033,26.59
26280.109,26.57
26280.212,26.56
26280.314,26.56
26280.418,26.56
26280.518,26.59
26280.621,26.56
26280.724,26.57
26280.842,26.57
26280.940,26.57
26281.038,26.57
26281.133,26.6
26281.253,26.54
26281.337,26.54
26281.440,26.59
26281.543,26.57
26281.646,26.57
26281.751,26.57
26281.849,26.54
26281.954,26.6
26281.986,26.57
26282.084,26.6
26282.180,26.56
26282.283,26.54
26282.386,26.57
26282.493,26.56
26282.591,26.59
26282.679,26.54
26282.795,26.57
26282.898,26.57
26283.000,26.6
26283.092,26.54
26283.189,26.57
26283.293,26.57
26283.413,26.57
26283.501,26.54
26283.599,26.59
26283.702,26.57
26283.798,26.59
26283.907,26.54
26284.005,26.54
26284.103,26.59
26284.224,26.57
26284.310,26.57
26284.413,26.54
26284.479,26.64
26284.586,26.56
26284.690,26.54
26284.810,26.57
26284.929,26.56
26285.048,26.6
26285.114,26.57
26285.224,26.56
26285.336,26.57
26285.434,26.59
26285.535,26.59
26285.638,26.6
26285.741,26.57
26285.844,26.57
26285.873,26.59
26285.988,26.57
26286.077,26.54
26286.175,26.54
26286.278,26.57
26286.381,26.57
26286.560,26.56
26286.587,26.56
26336.773,26.57
26336.775,26.54
26336.876,26.62
26336.974,26.56
26337.089,26.59
26337.177,26.54
26337.277,26.57
26337.381,26.56
26337.501,26.57
26337.597,26.57
26337.694,26.57
26337.793,26.6
26337.893,26.6
26337.994,26.54
26338.097,26.57
26338.209,26.56
26338.309,26.56
26338.361,26.56
26338.506,26.57
26338.608,26.6
26338.672,26.59
26338.812,26.56
26338.932,26.56
26338.984,26.57
26339.086,26.56
26339.224,26.56
26339.339,26.54
26339.366,26.6
26339.462,26.56
26339.663,26.59
26339.736,26.56
26339.763,26.59
26339.940,26.57
26339.979,26.57
26340.067,26.56
26340.246,26.62
26340.273,26.57
26340.452,26.57
26340.478,26.6
26340.577,26.52
26340.657,26.56
26340.765,26.56
26340.863,26.54
26340.964,26.62
26341.065,26.56
26341.175,26.57
26341.277,26.57
26341.371,26.59
26341.500,26.56
26341.577,26.59
26341.682,26.52
26341.783,26.57
26341.913,26.59
26341.989,26.57
26342.092,26.57
26342.194,26.56
26342.304,26.57
26342.400,26.54
26342.501,26.56
26342.604,26.6
26342.712,26.57
26342.809,26.59
26342.910,26.57
26343.013,26.56
26343.136,26.57
26343.217,26.57
26343.275,26.6
26343.361,26.52
26343.457,26.57
26343.548,26.59
26343.668,26.56
26343.748,26.6
26343.932,26.59
26343.961,26.56
26344.070,26.57
26344.170,26.52
26344.359,26.54
26344.361,26.59
26344.445,26.57
26344.552,26.59
26344.652,26.57
26344.753,26.59
26344.854,26.57
26344.959,26.56
26345.059,26.57
26345.179,26.59
26345.265,26.57
26345.366,26.56
26345.472,26.57
26345.589,26.57
26345.690,26.59
26345.788,26.54
26345.883,26.56
26345.981,26.54
26346.084,26.56
26346.195,26.54
26346.288,26.57
26346.393,26.57
26346.494,26.57
26346.596,26.54
26346.697,26.59
26396.804,26.59
26396.903,26.56
26397.011,26.54
26397.049,26.54
26397.211,26.57
26397.243,26.6
26397.337,26.56
26397.445,26.59
26397.548,26.54
26397.655,26.57
26397.746,26.54
26397.927,26.57
26397.954,26.6
26398.052,26.56
26398.155,26.57
26398.244,26.59
26398.346,26.6
26398.444,26.6
26398.549,26.57
26398.643,26.59
26398.746,26.6
26398.848,26.57
26398.959,26.57
26399.057,26.57
26399.157,26.59
26399.260,26.57
26399.332,26.57
26399.454,26.6
26399.582,26.57
26399.670,26.59
26399.771,26.6
26399.873,26.57
26399.996,26.56
26400.077,26.57
26400.182,26.59
26400.283,26.59
26400.418,26.57
26400.493,26.59
26400.591,26.54
26400.692,26.57
26400.728,26.57
26400.898,26.57
26401.000,26.59
26401.028,26.59
26401.206,26.57
26401.234,26.57
26401.334,26.54
26401.445,26.54
26401.543,26.56
26401.641,26.57
26401.739,26.59
26401.834,26.59
26401.932,26.6
26402.030,26.57
26402.128,26.59
26402.228,26.57
26402.329,26.62
26402.434,26.56
26402.543,26.57
26402.638,26.57
26402.758,26.54
26402.842,26.56
26402.945,26.59
26403.045,26.6
26403.148,26.54
26403.261,26.52
26403.354,26.57
26403.424,26.56
26403.548,26.59
26403.672,26.59
26403.766,26.59
26403.866,26.56
26403.994,26.56
26404.084,26.6
26404.182,26.56
26404.278,26.6
26404.378,26.54
26404.481,26.6
26404.584,26.6
26404.685,26.59
26404.729,26.56
26404.817,26.59
26404.991,26.59
26405.025,26.57
26405.121,26.57
26405.222,26.57
26405.402,26.6
26405.430,26.59
26405.532,26.64
26405.635,26.59
26405.733,26.59
26405.829,26.57
26405.918,26.6
26406.018,26.56
26406.119,26.6
26406.266,26.59
26406.324,26.57
26406.425,26.59
26406.530,26.52
26406.631,26.59
26456.734,26.59
26456.837,26.56
26456.937,26.56
26457.045,26.57
26457.143,26.6
26457.246,26.57
26457.349,26.59
26457.449,26.57
26457.550,26.62
26457.668,26.56
26457.758,26.59
26457.859,26.57
26457.961,26.57
26458.081,26.54
26458.109,26.57
26458.270,26.57
26458.326,26.56
26458.474,26.57
26458.537,26.57
26458.643,26.59
26458.704,26.6
26458.883,26.57
26458.915,26.59
26459.098,26.57
26459.101,26.57
26459.295,26.57
26459.322,26.56
26459.420,26.62
26459.506,26.6
26459.695,26.6
26459.702,26.6
26459.807,26.57
26459.920,26.6
26460.013,26.57
26460.114,26.56
26460.241,26.59
26460.327,26.59
26460.425,26.57
26460.530,26.62
26460.623,26.59
26460.728,26.59
26460.829,26.59
26460.932,26.57
26461.035,26.54
26461.136,26.62
26461.239,26.57
26461.351,26.59
26461.444,26.6
26461.545,26.57
26461.648,26.57
26461.756,26.59
26461.853,26.59
26461.954,26.57
26462.081,26.59
26462.097,26.56
26462.214,26.57
26462.366,26.6
26462.393,26.57
26462.537,26.6
26462.594,26.56
26462.704,26.59
26462.812,26.57
26462.981,26.59
26463.008,26.6
26463.108,26.6
26463.209,26.57
26463.398,26.59
26463.400,26.57
26463.500,26.6
26463.594,26.6
26463.697,26.57
26463.800,26.6
26463.920,26.62
26464.008,26.59
26464.108,26.59
26464.207,26.6
26464.329,26.59
26464.427,26.64
26464.525,26.6
26464.625,26.6
26464.721,26.6
26464.824,26.59
26464.927,26.6
26465.028,26.57
26465.133,26.6
26465.233,26.6
26465.334,26.57
26465.437,26.59
26465.543,26.64
26465.652,26.59
26465.780,26.57
26465.785,26.6
26465.949,26.59
26466.013,26.57
26466.165,26.6
26466.194,26.6
26466.288,26.59
26466.386,26.6
26466.489,26.57
26466.582,26.6
26466.699,26.59
26516.798,26.57
26516.896,26.56
26516.998,26.57
26517.094,26.59
26517.179,26.57
26517.295,26.6
26517.390,26.6
26517.486,26.57
26517.592,26.57
26517.706,26.59
26517.800,26.6
26517.898,26.6
26518.003,26.62
26518.101,26.57
26518.202,26.6
26518.327,26.57
26518.415,26.6
26518.513,26.62
26518.613,26.59
26518.716,26.6
26518.819,26.57
26518.918,26.56
26519.021,26.59
26519.131,26.56
26519.226,26.59
26519.329,26.56
26519.432,26.57
26519.542,26.62
26519.570,26.57
26519.738,26.6
26519.839,26.59
26519.942,26.59
26519.971,26.56
26520.072,26.57
26520.189,26.57
26520.278,26.6
26520.385,26.57
26520.481,26.57
26520.576,26.59
26520.675,26.57
26520.771,26.59
26520.869,26.6
26520.967,26.59
26521.074,26.56
26521.172,26.6
26521.273,26.59
26521.381,26.56
26521.479,26.57
26521.582,26.56
26521.685,26.59
26521.787,26.6
26521.888,26.59
26522.005,26.64
26522.094,26.6
26522.197,26.57
26522.299,26.57
26522.388,26.57
26522.510,26.6
26522.609,26.64
26522.709,26.59
26522.810,26.57
26522.913,26.6
26523.018,26.57
26523.118,26.59
26523.224,26.57
26523.322,26.6
26523.425,26.6
26523.528,26.6
26523.630,26.6
26523.733,26.6
26523.760,26.6
26523.864,26.6
26523.961,26.59
26524.141,26.6
26524.167,26.59
26524.273,26.6
26524.449,26.59
26524.476,26.62
26524.662,26.59
26524.665,26.59
26524.761,26.6
26524.861,26.6
26524.962,26.59
26525.062,26.59
26525.165,26.59
26525.266,26.57
26525.376,26.59
26525.473,26.62
26525.574,26.57
26525.677,26.59
26525.785,26.57
26525.883,26.57
26525.986,26.6
26526.089,26.56
26526.190,26.6
26526.292,26.57
26526.415,26.57
26526.501,26.6
26526.599,26.6
26526.702,26.57
26576.822,26.6
26576.908,26.59
26576.976,26.6
26577.113,26.62
26577.184,26.6
26577.315,26.6
26577.420,26.59
26577.521,26.57
26577.564,26.56
26577.648,26.62
26577.748,26.57
26577.853,26.6
26577.954,26.57
26578.055,26.6
26578.153,26.64
26578.253,26.57
26578.366,26.59
26578.464,26.6
26578.545,26.62
26578.663,26.59
26578.763,26.6
26578.859,26.57
26578.954,26.6
26579.055,26.6
26579.160,26.6
26579.261,26.57
26579.364,26.6
26579.467,26.6
26579.569,26.6
26579.670,26.59
26579.773,26.59
26579.876,26.64
26579.978,26.56
26580.087,26.56
26580.184,26.6
26580.285,26.6
26580.388,26.6
26580.500,26.6
26580.594,26.64
26580.695,26.6
26580.798,26.6
26580.839,26.6
26581.005,26.62
26581.040,26.6
26581.138,26.57
26581.310,26.62
26581.337,26.57
26581.515,26.57
26581.555,26.59
26581.641,26.59
26581.743,26.59
26581.854,26.6
26581.949,26.59
26582.049,26.6
26582.152,26.62
26582.336,26.6
26582.339,26.57
26582.435,26.62
26582.538,26.62
26582.658,26.57
26582.746,26.6
26582.844,26.6
26582.947,26.57
26583.070,26.57
26583.146,26.57
26583.263,26.6
26583.361,26.57
26583.462,26.6
26583.562,26.6
26583.665,26.57
26583.768,26.6
26583.875,26.6
26583.974,26.6
26584.076,26.6
26584.177,26.62
26584.280,26.6
26584.383,26.64
26584.496,26.62
26584.597,26.59
26584.692,26.6
26584.790,26.64
26584.908,26.6
26584.937,26.64
26585.099,26.59
26585.133,26.64
26585.231,26.57
26585.329,26.59
26585.425,26.6
26585.532,26.6
26585.714,26.62
26585.726,26.6
26585.844,26.6
26585.942,26.64
26586.021,26.6
26586.123,26.6
26586.224,26.57
26586.334,26.62
26586.430,26.59
26586.532,26.6
26586.636,26.57
26876.746,26.64
26876.844,26.6
26876.942,26.65
26877.038,26.59
26877.160,26.62
26877.256,26.6
26877.351,26.57
26877.454,26.57
26877.562,26.6
26877.660,26.64
26877.758,26.64
26877.873,26.62
26877.972,26.57
26878.067,26.6
26878.174,26.6
26878.285,26.6
26878.383,26.57
26878.479,26.59
26878.584,26.62
26878.682,26.6
26878.785,26.64
26878.907,26.6
26878.923,26.64
26879.018,26.65
26879.195,26.62
26879.222,26.59
26879.342,26.6
26879.425,26.6
26879.528,26.62
26879.614,26.64
26879.734,26.62
26879.832,26.57
26879.912,26.6
26880.015,26.6
26880.125,26.6
26880.222,26.62
26880.322,26.59
26880.424,26.6
26880.543,26.6
26880.665,26.6
26880.771,26.64
26880.844,26.6
26880.942,26.62
26881.037,26.64
26881.155,26.64
26881.278,26.65
26881.351,26.6
26881.454,26.62
26881.549,26.62
26881.653,26.64
26881.763,26.56
26881.864,26.62
26881.957,26.59
26882.062,26.57
26882.163,26.64
26882.273,26.59
26882.371,26.62
26882.471,26.62
26882.598,26.64
26882.614,26.6
26882.702,26.64
26882.802,26.62
26882.925,26.67
26883.010,26.6
26883.190,26.59
26883.216,26.59
26883.329,26.6
26883.420,26.6
26883.523,26.6
26883.621,26.64
26883.724,26.62
26883.802,26.6
26883.905,26.6
26884.016,26.62
26884.109,26.6
26884.212,26.57
26884.315,26.62
26884.435,26.62
26884.521,26.62
26884.621,26.6
26884.724,26.62
26884.846,26.6
26884.940,26.6
26885.038,26.6
26885.138,26.64
26885.238,26.64
26885.341,26.62
26885.447,26.6
26885.543,26.6
26885.653,26.62
26885.756,26.6
26885.851,26.62
26885.956,26.62
26886.079,26.64
26886.160,26.6
26886.273,26.6
26886.363,26.64
26886.466,26.59
26886.494,26.64
26886.591,26.6
26886.706,26.6
26936.804,26.64
26936.903,26.62
26937.006,26.6
26937.106,26.6
26937.206,26.6
26937.310,26.59
26937.410,26.59
26937.515,26.62
26937.591,26.62
26937.694,26.6
26937.798,26.64
26937.898,26.64
26938.001,26.64
26938.109,26.59
26938.207,26.6
26938.310,26.57
26938.435,26.64
26938.521,26.64
26938.616,26.62
26938.719,26.6
26938.842,26.6
26938.893,26.6
26939.016,26.6
26939.104,26.57
26939.231,26.59
26939.332,26.62
26939.435,26.6
26939.535,26.64
26939.648,26.62
26939.751,26.6
26939.849,26.62
26939.947,26.59
26939.991,26.64
26940.153,26.62
26940.253,26.64
26940.283,26.6
26940.381,26.59
26940.489,26.65
26940.587,26.6
26940.682,26.64
26940.866,26.64
26940.895,26.64
26940.994,26.64
26941.092,26.6
26941.185,26.64
26941.290,26.62
26941.390,26.59
26941.484,26.64
26941.584,26.64
26941.689,26.62
26941.790,26.62
26941.896,26.62
26942.005,26.6
26942.101,26.64
26942.199,26.62
26942.322,26.6
26942.405,26.67
26942.525,26.62
26942.608,26.65
26942.712,26.6
26942.814,26.62
26942.930,26.62
26942.986,26.6
26943.121,26.6
26943.190,26.65
26943.298,26.64
26943.427,26.64
26943.530,26.6
26943.633,26.6
26943.734,26.64
26943.837,26.62
26943.940,26.64
26944.052,26.6
26944.084,26.57
26944.177,26.59
26944.280,26.62
26944.381,26.64
26944.476,26.6
26944.577,26.62
26944.680,26.6
26944.771,26.6
26944.869,26.62
26944.969,26.62
26945.168,26.65
26945.170,26.6
26945.271,26.6
26945.373,26.6
26945.476,26.65
26945.577,26.57
26945.682,26.64
26945.785,26.62
26945.895,26.62
26945.994,26.62
26946.091,26.59
26946.195,26.62
26946.304,26.64
26946.403,26.59
26946.501,26.65
26946.604,26.57
26946.706,26.6
26996.807,26.6
26996.929,26.6
26997.015,26.6
26997.114,26.59
26997.180,26.64
26997.341,26.62
26997.422,26.6
26997.523,26.57
26997.626,26.64
26997.665,26.62
26997.763,26.62
26997.934,26.64
26997.961,26.62
26998.079,26.64
26998.165,26.65
26998.263,26.64
26998.371,26.64
26998.474,26.6
26998.570,26.65
26998.674,26.67
26998.768,26.64
26998.856,26.62
26998.957,26.62
26999.065,26.64
26999.182,26.65
26999.265,26.62
26999.369,26.6
26999.471,26.64
26999.572,26.64
26999.675,26.64
26999.783,26.62
26999.888,26.6
26999.986,26.65
27000.084,26.64
27000.185,26.6
27000.288,26.64
27000.391,26.6
27000.494,26.62
27000.604,26.64
27000.699,26.64
27000.804,26.65
27000.903,26.6
27001.016,26.59
27001.113,26.68
27001.211,26.59
27001.312,26.64
27001.356,26.64
27001.518,26.6
27001.626,26.64
27001.655,26.62
27001.824,26.62
27001.853,26.62
27001.951,26.62
27002.074,26.6
27002.158,26.67
27002.256,26.64
27002.364,26.64
27002.464,26.64
27002.550,26.62
27002.650,26.62
27002.746,26.64
27002.851,26.6
27002.951,26.64
27003.052,26.67
27003.175,26.64
27003.261,26.62
27003.369,26.64
27003.466,26.65
27003.560,26.64
27003.668,26.62
27003.771,26.64
27003.873,26.59
27003.979,26.64
27004.079,26.62
27004.180,26.64
27004.292,26.64
27004.388,26.62
27004.488,26.62
27004.589,26.6
27004.694,26.6
27004.795,26.67
27004.896,26.64
27005.015,26.57
27005.101,26.64
27005.209,26.65
27005.238,26.67
27005.427,26.62
27005.511,26.62
27005.538,26.62
27005.638,26.6
27005.748,26.67
27005.848,26.62
27005.945,26.67
27006.126,26.62
27006.155,26.64
27006.253,26.64
27006.432,26.62
27006.435,26.65
27006.535,26.59
27006.638,26.62
27056.741,26.62
27056.851,26.64
27056.945,26.65
27057.047,26.64
27057.148,26.67
27057.263,26.6
27057.354,26.64
27057.457,26.6
27057.559,26.64
27057.631,26.62
27057.765,26.67
27057.866,26.6
27057.969,26.64
27058.072,26.62
27058.174,26.67
27058.295,26.62
27058.378,26.62
27058.483,26.62
27058.584,26.62
27058.690,26.64
27058.795,26.64
27058.891,26.64
27058.993,26.65
27059.101,26.62
27059.197,26.6
27059.302,26.62
27059.327,26.65
27059.447,26.62
27059.530,26.62
27059.633,26.64
27059.741,26.64
27059.913,26.67
27059.942,26.67
27060.042,26.65
27060.158,26.62
27060.224,26.62
27060.326,26.65
27060.427,26.67
27060.528,26.62
27060.648,26.6
27060.744,26.62
27060.839,26.62
27060.940,26.64
27061.040,26.65
27061.143,26.64
27061.265,26.67
27061.349,26.64
27061.451,26.65
27061.579,26.67
27061.675,26.62
27061.758,26.64
27061.900,26.64
27061.962,26.62
27062.065,26.67
27062.168,26.62
27062.273,26.6
27062.361,26.67
27062.476,26.64
27062.577,26.64
27062.680,26.64
27062.780,26.64
27062.878,26.65
27062.986,26.64
27063.018,26.6
27063.126,26.6
27063.216,26.6
27063.317,26.67
27063.415,26.64
27063.533,26.65
27063.630,26.65
27063.728,26.6
27063.834,26.68
27063.915,26.62
27064.025,26.65
27064.123,26.64
27064.216,26.67
27064.319,26.65
27064.418,26.65
27064.523,26.68
27064.640,26.64
27064.738,26.64
27064.834,26.62
27064.937,26.65
27065.045,26.64
27065.143,26.67
27065.241,26.62
27065.348,26.62
27065.449,26.64
27065.547,26.64
27065.673,26.65
27065.761,26.65
27065.861,26.67
27065.957,26.65
27066.082,26.65
27066.160,26.6
27066.263,26.64
27066.366,26.67
27066.408,26.65
27066.570,26.65
27066.673,26.64
27116.777,26.65
27116.820,26.62
27116.989,26.67
27117.016,26.64
27117.109,26.67
27117.209,26.64
27117.310,26.67
27117.413,26.64
27117.508,26.67
27117.619,26.67
27117.800,26.68
27117.802,26.62
27117.922,26.64
27118.016,26.64
27118.113,26.64
27118.211,26.67
27118.312,26.7
27118.413,26.67
27118.501,26.64
27118.611,26.64
27118.712,26.65
27118.834,26.62
27118.902,26.64
27119.023,26.67
27119.121,26.67
27119.241,26.64
27119.347,26.62
27119.432,26.64
27119.540,26.64
27119.638,26.65
27119.758,26.64
27119.856,26.6
27119.952,26.65
27120.052,26.65
27120.153,26.67
27120.251,26.67
27120.359,26.62
27120.462,26.64
27120.494,26.65
27120.594,26.68
27120.770,26.67
27120.871,26.64
27120.900,26.65
27120.998,26.65
27121.099,26.64
27121.207,26.64
27121.310,26.64
27121.393,26.62
27121.494,26.64
27121.594,26.64
27121.692,26.67
27121.792,26.64
27121.918,26.67
27122.008,26.67
27122.106,26.65
27122.202,26.64
27122.331,26.64
27122.415,26.65
27122.516,26.64
27122.618,26.67
27122.724,26.67
27122.817,26.65
27122.920,26.67
27123.021,26.64
27123.091,26.65
27123.234,26.65
27123.329,26.64
27123.432,26.65
27123.494,26.67
27123.592,26.68
27123.697,26.64
27123.804,26.6
27123.903,26.62
27124.003,26.62
27124.168,26.68
27124.212,26.65
27124.288,26.65
27124.395,26.6
27124.491,26.64
27124.584,26.67
27124.685,26.62
27124.783,26.7
27124.888,26.67
27124.998,26.65
27125.097,26.64
27125.273,26.64
27125.300,26.67
27125.395,26.62
27125.494,26.62
27125.594,26.64
27125.680,26.64
27125.788,26.67
27125.898,26.67
27126.005,26.67
27126.104,26.65
27126.204,26.64
27126.302,26.65
27126.402,26.62
27126.503,26.65
27126.608,26.67
27126.707,26.62
27176.815,26.64
27176.923,26.67
27177.021,26.6
27177.118,26.64
27177.219,26.64
27177.324,26.65
27177.430,26.67
27177.527,26.65
27177.630,26.64
27177.731,26.65
27177.842,26.65
27177.937,26.67
27178.038,26.65
27178.143,26.65
27178.244,26.6
27178.271,26.65
27178.447,26.67
27178.476,26.6
27178.653,26.65
27178.756,26.64
27178.783,26.65
27178.900,26.65
27178.988,26.67
27179.087,26.64
27179.190,26.64
27179.270,26.67
27179.381,26.64
27179.483,26.67
27179.606,26.64
27179.680,26.68
27179.780,26.67
27179.883,26.65
27180.003,26.65
27180.089,26.65
27180.189,26.65
27180.293,26.67
27180.415,26.65
27180.503,26.65
27180.577,26.65
27180.702,26.68
27180.805,26.7
27180.908,26.64
27181.008,26.64
27181.111,26.65
27181.214,26.65
27181.322,26.64
27181.422,26.65
27181.520,26.67
27181.623,26.64
27181.726,26.67
27181.842,26.67
27181.861,26.67
27182.033,26.68
27182.060,26.64
27182.255,26.67
27182.265,26.67
27182.364,26.67
27182.467,26.67
27182.577,26.67
27182.675,26.65
27182.775,26.64
27182.942,26.65
27182.961,26.64
27183.081,26.62
27183.160,26.64
27183.261,26.67
27183.366,26.64
27183.484,26.68
27183.569,26.67
27183.680,26.68
27183.775,26.67
27183.878,26.7
27183.988,26.67
27184.092,26.67
27184.155,26.67
27184.285,26.64
27184.388,26.67
27184.491,26.68
27184.594,26.68
27184.695,26.68
27184.797,26.65
27184.900,26.65
27185.010,26.65
27185.106,26.67
27185.243,26.64
27185.314,26.65
27185.412,26.65
27185.518,26.67
27185.555,26.67
27185.719,26.64
27185.827,26.65
27185.854,26.65
27185.952,26.67
27186.050,26.68
27186.155,26.67
27186.253,26.68
27186.364,26.68
27186.462,26.65
27186.564,26.67
27186.663,26.67
27476.770,26.67
27476.844,26.65
27476.949,26.67
27477.057,26.65
27477.153,26.64
27477.256,26.67
27477.359,26.65
27477.474,26.64
27477.572,26.67
27477.668,26.67
27477.768,26.67
27477.869,26.65
27477.973,26.67
27478.091,26.64
27478.177,26.65
27478.278,26.67
27478.375,26.68
27478.501,26.67
27478.587,26.67
27478.687,26.64
27478.746,26.67
27478.854,26.67
27478.962,26.67
27479.099,26.64
27479.201,26.64
27479.302,26.67
27479.413,26.67
27479.444,26.67
27479.604,26.68
27479.707,26.67
27479.758,26.67
27479.839,26.67
27479.954,26.67
27480.050,26.7
27480.148,26.67
27480.248,26.67
27480.342,26.71
27480.439,26.65
27480.540,26.65
27480.663,26.65
27480.736,26.67
27480.841,26.67
27480.942,26.67
27481.043,26.67
27481.146,26.65
27481.258,26.67
27481.354,26.64
27481.467,26.7
27481.565,26.7
27481.665,26.65
27481.763,26.62
27481.871,26.65
27481.969,26.71
27482.077,26.68
27482.177,26.65
27482.233,26.7
27482.337,26.67
27482.447,26.67
27482.550,26.68
27482.682,26.65
27482.756,26.67
27482.888,26.68
27482.989,26.67
27483.101,26.7
27483.130,26.67
27483.236,26.64
27483.329,26.7
27483.521,26.65
27483.604,26.67
27483.626,26.67
27483.810,26.67
27483.834,26.67
27483.942,26.71
27484.038,26.71
27484.217,26.68
27484.246,26.68
27484.337,26.68
27484.423,26.68
27484.525,26.68
27484.628,26.68
27484.750,26.7
27484.842,26.7
27484.942,26.67
27485.038,26.7
27485.141,26.67
27485.244,26.65
27485.346,26.67
27485.447,26.67
27485.549,26.67
27485.653,26.67
27485.755,26.67
27485.856,26.71
27485.959,26.68
27486.062,26.7
27486.175,26.65
27486.268,26.7
27486.329,26.67
27486.472,26.65
27486.587,26.68
27486.618,26.67
27536.778,26.7
27536.881,26.65
27536.984,26.65
27537.086,26.7
27537.187,26.65
27537.216,26.68
27537.315,26.71
27537.417,26.7
27537.518,26.67
27537.701,26.67
27537.731,26.71
27537.905,26.67
27537.934,26.68
27538.037,26.65
27538.212,26.65
27538.214,26.67
27538.314,26.67
27538.424,26.7
27538.521,26.7
27538.623,26.67
27538.746,26.67
27538.827,26.7
27538.927,26.67
27539.032,26.67
27539.133,26.68
27539.236,26.67
27539.347,26.68
27539.442,26.65
27539.552,26.68
27539.648,26.68
27539.748,26.7
27539.851,26.65
27539.957,26.68
27540.055,26.67
27540.167,26.68
27540.261,26.7
27540.363,26.68
27540.466,26.65
27540.586,26.68
27540.606,26.7
27540.771,26.7
27540.839,26.65
27540.996,26.65
27541.045,26.7
27541.113,26.65
27541.283,26.68
27541.317,26.68
27541.456,26.7
27541.594,26.7
27541.618,26.7
27541.717,26.68
27541.900,26.64
27541.903,26.73
27542.003,26.7
27542.113,26.7
27542.209,26.67
27542.309,26.7
27542.423,26.73
27542.513,26.68
27542.614,26.68
27542.712,26.67
27542.836,26.71
27542.934,26.71
27543.030,26.7
27543.128,26.73
27543.231,26.7
27543.332,26.65
27543.435,26.7
27543.537,26.65
27543.641,26.67
27543.743,26.67
27543.854,26.67
27543.947,26.65
27544.050,26.7
27544.153,26.71
27544.258,26.67
27544.356,26.67
27544.459,26.67
27544.560,26.67
27544.672,26.73
27544.702,26.65
27544.800,26.7
27544.896,26.7
27544.994,26.68
27545.111,26.7
27545.199,26.71
27545.378,26.68
27545.407,26.71
27545.506,26.68
27545.611,26.7
27545.690,26.7
27545.798,26.73
27545.898,26.7
27545.996,26.71
27546.097,26.68
27546.209,26.75
27546.309,26.67
27546.403,26.7
27546.508,26.68
27546.611,26.67
27596.712,26.68
27596.832,26.68
27596.920,26.73
27597.018,26.73
27597.121,26.65
27597.246,26.71
27597.326,26.65
27597.435,26.67
27597.533,26.7
27597.636,26.67
27597.739,26.65
27597.792,26.7
27597.942,26.71
27597.983,26.67
27598.146,26.67
27598.248,26.67
27598.349,26.67
27598.405,26.68
27598.555,26.67
27598.582,26.71
27598.697,26.67
27598.783,26.7
27598.964,26.7
27598.993,26.67
27599.081,26.71
27599.201,26.73
27599.280,26.68
27599.403,26.7
27599.491,26.7
27599.587,26.65
27599.687,26.68
27599.785,26.71
27599.890,26.67
27599.989,26.7
27600.096,26.67
27600.197,26.67
27600.295,26.67
27600.396,26.68
27600.508,26.7
27600.603,26.7
27600.704,26.67
27600.807,26.7
27600.920,26.71
27601.021,26.7
27601.119,26.7
27601.217,26.67
27601.320,26.68
27601.423,26.71
27601.523,26.7
27601.628,26.68
27601.731,26.7
27601.831,26.68
27601.932,26.68
27601.976,26.67
27602.138,26.71
27602.192,26.73
27602.445,26.68
27602.449,26.68
27602.474,26.68
27602.572,26.7
27602.675,26.67
27602.778,26.7
27602.878,26.71
27602.983,26.7
27603.079,26.71
27603.190,26.68
27603.290,26.73
27603.391,26.68
27603.493,26.67
27603.587,26.7
27603.684,26.7
27603.785,26.68
27603.885,26.75
27603.981,26.67
27604.086,26.73
27604.187,26.71
27604.293,26.68
27604.391,26.7
27604.491,26.7
27604.599,26.68
27604.701,26.73
27604.800,26.67
27604.918,26.73
27605.006,26.68
27605.109,26.67
27605.212,26.71
27605.332,26.7
27605.415,26.67
27605.527,26.7
27605.619,26.67
27605.722,26.71
27605.824,26.7
27605.927,26.68
27606.030,26.71
27606.060,26.7
27606.165,26.7
27606.261,26.73
27606.361,26.71
27606.467,26.73
27606.565,26.65
27606.695,26.7
27656.778,26.7
27656.907,26.73
27656.979,26.7
27657.077,26.71
27657.165,26.7
27657.263,26.7
27657.361,26.7
27657.464,26.71
27657.565,26.68
27657.668,26.7
27657.771,26.71
27657.873,26.68
27657.976,26.73
27658.079,26.71
27658.187,26.71
27658.293,26.71
27658.388,26.68
27658.489,26.71
27658.594,26.73
27658.702,26.7
27658.829,26.7
27658.903,26.7
27659.003,26.73
27659.109,26.73
27659.212,26.71
27659.327,26.71
27659.417,26.7
27659.515,26.68
27659.614,26.68
27659.738,26.68
27659.817,26.7
27659.923,26.7
27659.949,26.7
27660.062,26.67
27660.157,26.68
27660.258,26.68
27660.434,26.7
27660.449,26.7
27660.570,26.7
27660.665,26.7
27660.768,26.75
27660.866,26.71
27660.964,26.73
27661.049,26.7
27661.165,26.71
27661.253,26.7
27661.354,26.68
27661.457,26.73
27661.577,26.7
27661.675,26.67
27661.771,26.68
27661.868,26.68
27661.969,26.71
27662.067,26.7
27662.165,26.73
27662.278,26.7
27662.378,26.68
27662.481,26.7
27662.584,26.71
27662.689,26.7
27662.788,26.73
27662.891,26.7
27663.003,26.71
27663.094,26.73
27663.197,26.67
27663.300,26.71
27663.413,26.68
27663.445,26.73
27663.616,26.73
27663.650,26.67
27663.736,26.68
27663.837,26.73
27663.939,26.73
27664.042,26.7
27664.143,26.68
27664.246,26.67
27664.427,26.7
27664.435,26.71
27664.542,26.73
27664.638,26.73
27664.758,26.73
27664.841,26.67
27664.949,26.75
27665.043,26.7
27665.143,26.7
27665.251,26.67
27665.348,26.73
27665.452,26.7
27665.576,26.7
27665.665,26.71
27665.761,26.7
27665.859,26.68
27665.962,26.73
27666.089,26.7
27666.168,26.71
27666.270,26.73
27666.381,26.71
27666.481,26.7
27666.577,26.71
27666.679,26.67
27716.755,26.73
27716.908,26.7
27716.986,26.68
27717.089,26.7
27717.195,26.75
27717.298,26.71
27717.415,26.68
27717.427,26.73
27717.603,26.68
27717.630,26.67
27717.728,26.75
27717.847,26.71
27717.942,26.7
27718.043,26.7
27718.148,26.7
27718.226,26.71
27718.344,26.7
27718.445,26.71
27718.547,26.71
27718.625,26.71
27718.729,26.73
27718.831,26.7
27718.932,26.71
27719.038,26.73
27719.138,26.7
27719.253,26.71
27719.342,26.7
27719.445,26.71
27719.545,26.73
27719.663,26.68
27719.760,26.7
27719.859,26.73
27719.956,26.68
27720.082,26.7
27720.163,26.73
27720.263,26.7
27720.366,26.73
27720.467,26.75
27720.570,26.71
27720.778,26.71
27720.782,26.7
27720.888,26.71
27720.981,26.7
27721.052,26.7
27721.128,26.73
27721.288,26.67
27721.388,26.7
27721.417,26.73
27721.523,26.73
27721.623,26.73
27721.729,26.71
27721.822,26.71
27722.003,26.73
27722.033,26.73
27722.131,26.7
27722.233,26.73
27722.336,26.73
27722.415,26.71
27722.518,26.73
27722.628,26.75
27722.746,26.71
27722.822,26.71
27722.927,26.73
27723.033,26.7
27723.131,26.71
27723.256,26.71
27723.337,26.75
27723.437,26.7
27723.550,26.73
27723.660,26.7
27723.744,26.68
27723.849,26.7
27723.951,26.7
27724.097,26.71
27724.155,26.7
27724.256,26.71
27724.369,26.7
27724.471,26.73
27724.565,26.73
27724.665,26.7
27724.768,26.68
27724.873,26.7
27724.974,26.7
27725.082,26.71
27725.180,26.73
27725.207,26.7
27725.305,26.71
27725.435,26.7
27725.521,26.73
27725.619,26.71
27725.717,26.75
27725.908,26.7
27725.913,26.71
27726.101,26.68
27726.103,26.71
27726.204,26.68
27726.329,26.7
27726.402,26.71
27726.511,26.73
27726.613,26.73
27776.714,26.71
27776.815,26.73
27776.920,26.73
27777.023,26.73
27777.133,26.73
27777.233,26.71
27777.337,26.68
27777.432,26.75
27777.533,26.71
27777.638,26.7
27777.746,26.71
27777.842,26.73
27777.942,26.73
27778.074,26.71
27778.150,26.7
27778.251,26.73
27778.354,26.73
27778.457,26.68
27778.559,26.71
27778.663,26.73
27778.763,26.75
27778.805,26.7
27778.893,26.7
27778.993,26.75
27779.094,26.73
27779.197,26.68
27779.300,26.7
27779.503,26.73
27779.508,26.71
27779.608,26.76
27779.709,26.7
27779.829,26.76
27779.908,26.73
27779.994,26.71
27780.094,26.71
27780.199,26.73
27780.320,26.7
27780.402,26.7
27780.505,26.75
27780.606,26.7
27780.712,26.67
27780.810,26.71
27780.913,26.73
27781.008,26.76
27781.123,26.73
27781.219,26.7
27781.322,26.75
27781.425,26.76
27781.521,26.76
27781.625,26.75
27781.744,26.75
27781.834,26.73
27781.935,26.73
27782.040,26.71
27782.158,26.73
27782.185,26.75
27782.347,26.71
27782.449,26.68
27782.559,26.75
27782.589,26.7
27782.684,26.7
27782.782,26.73
27782.893,26.68
27782.991,26.7
27783.165,26.7
27783.260,26.73
27783.288,26.7
27783.383,26.7
27783.503,26.73
27783.582,26.73
27783.702,26.71
27783.780,26.73
27783.888,26.7
27783.994,26.71
27784.087,26.73
27784.190,26.7
27784.293,26.73
27784.386,26.76
27784.506,26.71
27784.606,26.76
27784.702,26.76
27784.804,26.71
27784.878,26.7
27785.008,26.71
27785.123,26.71
27785.175,26.73
27785.317,26.76
27785.420,26.75
27785.530,26.76
27785.604,26.73
27785.724,26.73
27785.831,26.73
27785.932,26.75
27786.035,26.7
27786.155,26.71
27786.174,26.71
27786.342,26.73
27786.442,26.71
27786.567,26.7
27786.648,26.7
27786.675,26.71
28076.775,26.7
28076.890,26.75
28076.972,26.7
28077.089,26.75
28077.187,26.73
28077.364,26.71
28077.369,26.75
28077.491,26.76
28077.574,26.73
28077.672,26.71
28077.773,26.71
28077.878,26.7
28077.993,26.76
28078.082,26.73
28078.184,26.73
28078.287,26.68
28078.405,26.76
28078.500,26.71
28078.597,26.73
28078.728,26.76
28078.802,26.73
28078.902,26.78
28078.964,26.73
28079.064,26.73
28079.207,26.75
28079.310,26.75
28079.376,26.71
28079.486,26.73
28079.584,26.73
28079.719,26.71
28079.831,26.73
28079.924,26.73
28079.996,26.7
28080.130,26.75
28080.241,26.78
28080.271,26.73
28080.403,26.73
28080.464,26.73
28080.567,26.75
28080.674,26.73
28080.775,26.73
28080.869,26.71
28080.973,26.73
28081.076,26.76
28081.175,26.73
28081.300,26.71
28081.358,26.75
28081.461,26.71
28081.569,26.71
28081.668,26.73
28081.773,26.71
28081.871,26.7
28081.973,26.73
28082.079,26.75
28082.175,26.73
28082.280,26.78
28082.402,26.73
28082.494,26.76
28082.591,26.76
28082.689,26.76
28082.815,26.7
28082.895,26.76
28082.996,26.75
28083.098,26.76
28083.207,26.76
28083.305,26.71
28083.400,26.75
28083.508,26.75
28083.619,26.78
28083.716,26.73
28083.815,26.73
28083.918,26.71
28084.016,26.75
28084.123,26.75
28084.185,26.73
28084.263,26.76
28084.366,26.75
28084.469,26.73
28084.572,26.78
28084.655,26.73
28084.753,26.76
28084.864,26.76
28084.974,26.75
28085.052,26.76
28085.150,26.75
28085.248,26.78
28085.353,26.75
28085.459,26.73
28085.557,26.71
28085.660,26.71
28085.763,26.75
28085.866,26.71
28085.981,26.73
28086.079,26.73
28086.170,26.71
28086.273,26.76
28086.375,26.78
28086.493,26.76
28086.589,26.73
28086.684,26.76
28136.785,26.73
28136.888,26.76
28137.000,26.73
28137.099,26.78
28137.197,26.73
28137.297,26.78
28137.400,26.76
28137.503,26.81
28137.548,26.78
28137.707,26.75
28137.809,26.75
28137.873,26.76
28137.939,26.76
28138.038,26.75
28138.140,26.73
28138.244,26.76
28138.349,26.75
28138.452,26.7
28138.650,26.71
28138.668,26.71
28138.756,26.73
28138.858,26.76
28138.935,26.75
28139.038,26.75
28139.141,26.78
28139.243,26.73
28139.344,26.75
28139.447,26.76
28139.550,26.76
28139.650,26.75
28139.755,26.76
28139.864,26.75
28139.962,26.75
28140.062,26.76
28140.163,26.76
28140.266,26.76
28140.371,26.73
28140.488,26.76
28140.577,26.76
28140.704,26.76
28140.778,26.76
28140.900,26.79
28140.984,26.73
28141.087,26.75
28141.190,26.73
28141.292,26.76
28141.400,26.79
28141.599,26.75
28141.609,26.79
28141.736,26.75
28141.739,26.76
28141.837,26.75
28142.008,26.78
28142.035,26.78
28142.135,26.76
28142.236,26.76
28142.324,26.79
28142.440,26.76
28142.543,26.75
28142.646,26.76
28142.736,26.76
28142.827,26.71
28142.930,26.75
28143.033,26.73
28143.135,26.76
28143.236,26.75
28143.339,26.75
28143.440,26.73
28143.543,26.78
28143.646,26.76
28143.748,26.73
28143.851,26.75
28143.952,26.73
28144.057,26.75
28144.128,26.79
28144.260,26.79
28144.388,26.78
28144.466,26.73
28144.574,26.75
28144.670,26.76
28144.773,26.71
28144.896,26.76
28144.986,26.75
28145.087,26.75
28145.119,26.73
28145.285,26.76
28145.381,26.73
28145.481,26.76
28145.633,26.73
28145.689,26.76
28145.719,26.75
28145.822,26.75
28145.923,26.73
28146.028,26.75
28146.128,26.73
28146.310,26.75
28146.317,26.75
28146.435,26.73
28146.513,26.76
28146.618,26.75
28196.736,26.75
28196.820,26.75
28196.923,26.76
28197.027,26.73
28197.148,26.71
28197.239,26.76
28197.342,26.76
28197.471,26.71
28197.540,26.81
28197.648,26.81
28197.744,26.73
28197.846,26.76
28197.949,26.73
28198.057,26.73
28198.162,26.76
28198.256,26.79
28198.364,26.78
28198.459,26.76
28198.574,26.73
28198.663,26.76
28198.788,26.75
28198.827,26.73
28198.986,26.73
28199.016,26.75
28199.135,26.75
28199.244,26.75
28199.307,26.75
28199.405,26.75
28199.508,26.75
28199.609,26.73
28199.711,26.76
28199.814,26.73
28199.922,26.75
28200.098,26.73
28200.126,26.76
28200.223,26.79
28200.320,26.76
28200.410,26.76
28200.516,26.76
28200.614,26.73
28200.712,26.75
28200.822,26.76
28200.918,26.71
28201.021,26.73
28201.226,26.76
28201.229,26.73
28201.326,26.75
28201.430,26.7
28201.532,26.73
28201.633,26.76
28201.736,26.79
28201.841,26.81
28201.949,26.75
28202.043,26.76
28202.146,26.76
28202.248,26.78
28202.351,26.78
28202.478,26.76
28202.555,26.76
28202.658,26.78
28202.758,26.71
28202.863,26.76
28202.984,26.75
28202.998,26.73
28203.096,26.76
28203.197,26.73
28203.295,26.73
28203.393,26.76
28203.500,26.7
28203.603,26.73
28203.719,26.81
28203.807,26.73
28203.910,26.76
28204.013,26.81
28204.092,26.78
28204.195,26.73
28204.297,26.75
28204.391,26.79
28204.501,26.76
28204.604,26.78
28204.704,26.78
28204.837,26.75
28204.910,26.81
28205.013,26.79
28205.119,26.76
28205.234,26.76
28205.331,26.78
28205.430,26.75
28205.525,26.75
28205.628,26.76
28205.729,26.76
28205.831,26.78
28205.932,26.76
28206.040,26.76
28206.138,26.73
28206.250,26.75
28206.336,26.79
28206.440,26.78
28206.548,26.78
28206.658,26.81
28256.753,26.75
28256.856,26.76
28256.883,26.79
28257.070,26.76
28257.104,26.78
28257.194,26.71
28257.292,26.76
28257.393,26.79
28257.503,26.79
28257.674,26.76
28257.702,26.76
28257.880,26.75
28257.881,26.79
28257.991,26.78
28258.091,26.76
28258.197,26.76
28258.295,26.76
28258.393,26.76
28258.520,26.76
28258.599,26.79
28258.699,26.71
28258.802,26.75
28258.908,26.79
28259.010,26.76
28259.109,26.73
28259.231,26.76
28259.315,26.76
28259.417,26.79
28259.518,26.75
28259.643,26.76
28259.724,26.81
28259.783,26.79
28259.937,26.78
28260.033,26.71
28260.092,26.78
28260.202,26.73
28260.337,26.78
28260.378,26.78
28260.474,26.75
28260.576,26.76
28260.674,26.73
28260.849,26.79
28260.876,26.76
28260.976,26.73
28261.092,26.76
28261.187,26.76
28261.283,26.76
28261.386,26.78
28261.479,26.79
28261.574,26.75
28261.673,26.75
28261.771,26.76
28261.875,26.78
28261.976,26.76
28262.077,26.79
28262.182,26.76
28262.283,26.76
28262.385,26.76
28262.496,26.79
28262.599,26.75
28262.699,26.75
28262.799,26.78
28262.907,26.76
28263.023,26.75
28263.101,26.78
28263.204,26.75
28263.317,26.73
28263.413,26.79
28263.479,26.76
28263.582,26.81
28263.721,26.78
28263.817,26.76
28263.922,26.78
28264.023,26.78
28264.119,26.75
28264.170,26.76
28264.337,26.73
28264.375,26.73
28264.467,26.79
28264.562,26.78
28264.663,26.78
28264.766,26.75
28264.866,26.76
28264.969,26.73
28265.072,26.76
28265.180,26.73
28265.278,26.78
28265.378,26.76
28265.479,26.75
28265.565,26.79
28265.662,26.79
28265.763,26.76
28265.890,26.75
28265.969,26.76
28266.081,26.78
28266.177,26.79
28266.285,26.76
28266.381,26.79
28266.483,26.78
28266.584,26.78
28266.690,26.76
28316.788,26.78
28316.891,26.79
28317.001,26.76
28317.106,26.78
28317.160,26.81
28317.266,26.78
28317.375,26.76
28317.506,26.75
28317.608,26.76
28317.728,26.79
28317.753,26.76
28317.913,26.73
28318.011,26.76
28318.052,26.75
28318.216,26.78
28318.324,26.79
28318.427,26.75
28318.462,26.76
28318.559,26.73
28318.658,26.76
28318.758,26.73
28318.854,26.71
28318.974,26.79
28319.047,26.76
28319.153,26.75
28319.251,26.78
28319.349,26.76
28319.451,26.7
28319.565,26.78
28319.663,26.75
28319.768,26.76
28319.890,26.76
28319.962,26.76
28320.065,26.75
28320.168,26.76
28320.270,26.78
28320.371,26.76
28320.476,26.79
28320.717,26.79
28320.719,26.78
28320.790,26.78
28320.908,26.76
28320.991,26.76
28321.101,26.78
28321.199,26.79
28321.295,26.76
28321.403,26.76
28321.501,26.76
28321.611,26.75
28321.663,26.76
28321.748,26.76
28321.873,26.75
28322.011,26.76
28322.114,26.82
28322.145,26.78
28322.239,26.78
28322.342,26.79
28322.459,26.76
28322.549,26.82
28322.726,26.79
28322.755,26.76
28322.854,26.75
28322.956,26.78
28323.128,26.76
28323.138,26.73
28323.239,26.75
28323.351,26.79
28323.449,26.78
28323.565,26.73
28323.751,26.79
28323.756,26.79
28323.854,26.76
28323.974,26.76
28324.074,26.75
28324.170,26.78
28324.268,26.79
28324.366,26.79
28324.469,26.76
28324.570,26.78
28324.675,26.73
28324.780,26.78
28324.878,26.76
28324.981,26.76
28325.082,26.78
28325.187,26.79
28325.288,26.78
28325.400,26.75
28325.491,26.78
28325.618,26.79
28325.697,26.78
28325.812,26.76
28325.844,26.76
28326.011,26.78
28326.037,26.79
28326.135,26.75
28326.234,26.79
28326.336,26.76
28326.437,26.79
28326.543,26.81
28376.722,26.76
28376.748,26.79
28376.935,26.78
28376.940,26.76
28377.037,26.79
28377.133,26.76
28377.239,26.76
28377.336,26.79
28377.437,26.81
28377.540,26.81
28377.650,26.79
28377.746,26.79
28377.853,26.75
28377.973,26.81
28378.030,26.81
28378.153,26.76
28378.258,26.81
28378.359,26.76
28378.484,26.79
28378.562,26.78
28378.673,26.78
28378.777,26.76
28378.871,26.76
28378.974,26.76
28379.079,26.76
28379.182,26.73
28379.280,26.76
28379.385,26.79
28379.489,26.81
28379.598,26.75
28379.621,26.79
28379.719,26.82
28379.836,26.84
28379.930,26.81
28380.028,26.75
28380.125,26.76
28380.223,26.78
28380.329,26.81
28380.432,26.78
28380.545,26.79
28380.623,26.81
28380.719,26.79
28380.817,26.79
28380.920,26.79
28381.030,26.81
28381.128,26.79
28381.228,26.79
28381.329,26.79
28381.432,26.78
28381.535,26.79
28381.650,26.82
28381.761,26.79
28381.842,26.76
28381.944,26.81
28382.062,26.79
28382.160,26.81
28382.261,26.79
28382.383,26.81
28382.437,26.78
28382.559,26.82
28382.660,26.76
28382.763,26.76
28382.864,26.79
28382.969,26.78
28383.070,26.79
28383.172,26.79
28383.283,26.79
28383.317,26.76
28383.415,26.82
28383.511,26.84
28383.606,26.82
28383.709,26.79
28383.898,26.81
28383.927,26.78
28384.023,26.76
28384.119,26.79
28384.221,26.81
28384.322,26.81
28384.503,26.78
28384.506,26.78
28384.606,26.78
28384.707,26.79
28384.810,26.79
28384.915,26.76
28385.025,26.76
28385.121,26.79
28385.219,26.79
28385.324,26.79
28385.432,26.79
28385.532,26.79
28385.630,26.78
28385.736,26.79
28385.799,26.78
28385.907,26.82
28386.008,26.75
28386.153,26.76
28386.212,26.81
28386.315,26.81
28386.469,26.81
28386.550,26.82
28386.653,26.76
28676.761,26.79
28676.863,26.81
28676.956,26.81
28677.064,26.82
28677.167,26.76
28677.207,26.78
28677.305,26.79
28677.403,26.76
28677.687,26.76
28677.690,26.78
28677.694,26.76
28677.814,26.79
28677.900,26.76
28678.011,26.79
28678.113,26.82
28678.190,26.78
28678.310,26.81
28678.407,26.78
28678.503,26.76
28678.603,26.84
28678.702,26.78
28678.804,26.78
28678.908,26.79
28679.010,26.79
28679.114,26.81
28679.214,26.79
28679.320,26.78
28679.420,26.76
28679.521,26.78
28679.623,26.82
28679.734,26.76
28679.891,26.76
28679.895,26.79
28680.033,26.81
28680.146,26.76
28680.244,26.76
28680.341,26.75
28680.442,26.79
28680.545,26.82
28680.648,26.78
28680.751,26.79
28680.853,26.82
28680.920,26.81
28681.049,26.75
28681.099,26.78
28681.204,26.79
28681.290,26.81
28681.388,26.79
28681.491,26.76
28681.594,26.81
28681.695,26.79
28681.799,26.76
28681.903,26.78
28681.984,26.78
28682.082,26.79
28682.192,26.79
28682.305,26.76
28682.391,26.81
28682.493,26.76
28682.592,26.79
28682.717,26.76
28682.799,26.82
28682.900,26.81
28683.001,26.76
28683.111,26.79
28683.207,26.76
28683.312,26.79
28683.413,26.79
28683.525,26.81
28683.625,26.78
28683.717,26.73
28683.826,26.79
28683.925,26.79
28684.027,26.79
28684.143,26.81
28684.231,26.79
28684.334,26.82
28684.440,26.76
28684.555,26.81
28684.584,26.76
28684.744,26.79
28684.847,26.78
28684.959,26.81
28684.989,26.76
28685.084,26.82
28685.177,26.82
28685.280,26.81
28685.383,26.78
28685.479,26.79
28685.657,26.79
28685.690,26.76
28685.771,26.81
28685.875,26.78
28685.981,26.79
28686.099,26.79
28686.175,26.81
28686.280,26.82
28686.393,26.81
28686.493,26.78
28686.591,26.82
28686.692,26.79
28736.792,26.78
28736.896,26.81
28737.000,26.81
28737.099,26.79
28737.201,26.76
28737.305,26.79
28737.407,26.76
28737.543,26.81
28737.618,26.78
28737.717,26.82
28737.819,26.82
28737.929,26.82
28738.025,26.76
28738.123,26.78
28738.231,26.81
28738.327,26.79
28738.430,26.79
28738.554,26.78
28738.567,26.79
28738.665,26.78
28738.761,26.81
28738.920,26.82
28738.971,26.79
28739.067,26.76
28739.170,26.79
28739.288,26.81
28739.386,26.82
28739.459,26.79
28739.560,26.82
28739.660,26.76
28739.761,26.79
28739.864,26.79
28739.979,26.81
28740.067,26.79
28740.163,26.79
28740.263,26.82
28740.393,26.84
28740.501,26.78
28740.579,26.81
28740.805,26.82
28740.807,26.82
28740.886,26.78
28740.991,26.79
28741.092,26.81
28741.195,26.82
28741.292,26.79
28741.400,26.81
28741.503,26.79
28741.606,26.84
28741.709,26.81
28741.810,26.81
28741.912,26.82
28742.016,26.76
28742.119,26.81
28742.229,26.79
28742.320,26.81
28742.425,26.78
28742.451,26.79
28742.550,26.76
28742.663,26.75
28742.761,26.79
28742.864,26.79
28742.964,26.78
28743.049,26.81
28743.148,26.79
28743.268,26.84
28743.349,26.82
28743.447,26.81
28743.554,26.78
28743.653,26.78
28743.768,26.79
28743.861,26.76
28743.986,26.78
28744.067,26.79
28744.165,26.79
28744.266,26.79
28744.369,26.81
28744.479,26.78
28744.574,26.79
28744.679,26.79
28744.802,26.82
28744.869,26.79
28744.988,26.79
28745.086,26.82
28745.190,26.82
28745.287,26.78
28745.395,26.79
28745.496,26.81
28745.604,26.76
28745.704,26.79
28745.805,26.82
28745.905,26.79
28745.944,26.79
28746.040,26.81
28746.136,26.81
28746.239,26.82
28746.339,26.82
28746.442,26.79
28746.550,26.79
28746.640,26.79
28796.748,26.78
28796.849,26.78
28796.954,26.82
28797.050,26.81
28797.157,26.79
28797.241,26.82
28797.339,26.79
28797.543,26.82
28797.545,26.78
28797.646,26.79
28797.750,26.79
28797.858,26.82
28797.952,26.82
28798.055,26.82
28798.158,26.82
28798.261,26.84
28798.381,26.81
28798.476,26.81
28798.569,26.79
28798.673,26.82
28798.795,26.84
28798.886,26.81
28798.986,26.79
28799.084,26.81
28799.182,26.79
28799.251,26.84
28799.351,26.81
28799.427,26.79
28799.592,26.79
28799.694,26.78
28799.797,26.81
28799.898,26.81
28800.015,26.79
28800.043,26.79
28800.141,26.79
28800.236,26.81
28800.342,26.79
28800.437,26.79
28800.618,26.79
28800.643,26.82
28800.726,26.79
28800.846,26.79
28800.923,26.82
28801.049,26.81
28801.135,26.78
28801.234,26.84
28801.332,26.78
28801.435,26.82
28801.538,26.81
28801.641,26.81
28801.741,26.86
28801.854,26.81
28801.949,26.78
28802.054,26.79
28802.152,26.84
28802.258,26.78
28802.359,26.79
28802.420,26.82
28802.564,26.82
28802.663,26.78
28802.766,26.79
28802.888,26.86
28802.974,26.79
28803.074,26.81
28803.170,26.79
28803.221,26.78
28803.380,26.78
28803.484,26.82
28803.584,26.82
28803.621,26.86
28803.716,26.78
28803.820,26.79
28803.927,26.78
28804.020,26.79
28804.121,26.81
28804.224,26.81
28804.327,26.84
28804.429,26.82
28804.530,26.84
28804.633,26.82
28804.724,26.79
28804.820,26.82
28804.922,26.81
28805.018,26.81
28805.136,26.86
28805.236,26.79
28805.334,26.76
28805.427,26.81
28805.530,26.84
28805.636,26.79
28805.734,26.84
28805.837,26.82
28805.912,26.84
28806.043,26.78
28806.145,26.79
28806.246,26.82
28806.349,26.79
28806.452,26.82
28806.564,26.78
28806.658,26.81
28856.760,26.84
28856.863,26.86
28856.973,26.81
28857.070,26.79
28857.168,26.84
28857.273,26.81
28857.385,26.82
28857.410,26.86
28857.506,26.79
28857.604,26.79
28857.785,26.79
28857.812,26.82
28857.910,26.79
28858.030,26.78
28858.121,26.82
28858.219,26.82
28858.300,26.82
28858.408,26.82
28858.513,26.81
28858.609,26.79
28858.704,26.81
28858.810,26.81
28858.910,26.84
28859.013,26.81
28859.133,26.81
28859.219,26.82
28859.322,26.82
28859.424,26.82
28859.545,26.84
28859.628,26.82
28859.729,26.79
28859.832,26.84
28859.937,26.81
28860.040,26.81
28860.148,26.89
28860.243,26.82
28860.354,26.84
28860.449,26.86
28860.549,26.81
28860.655,26.81
28860.753,26.82
28860.856,26.81
28860.978,26.82
28861.060,26.82
28861.094,26.86
28861.266,26.82
28861.293,26.81
28861.410,26.81
28861.508,26.81
28861.604,26.82
28861.707,26.81
28861.805,26.86
28861.903,26.86
28861.991,26.81
28862.187,26.81
28862.199,26.79
28862.298,26.78
28862.393,26.84
28862.494,26.82
28862.606,26.86
28862.702,26.84
28862.809,26.82
28862.903,26.86
28863.006,26.82
28863.109,26.86
28863.222,26.86
28863.319,26.86
28863.440,26.81
28863.543,26.86
28863.628,26.79
28863.731,26.81
28863.824,26.82
28863.929,26.79
28864.030,26.79
28864.133,26.84
28864.236,26.84
28864.347,26.86
28864.442,26.79
28864.543,26.79
28864.614,26.81
28864.748,26.82
28864.849,26.86
28864.920,26.84
28865.059,26.82
28865.084,26.86
28865.184,26.82
28865.283,26.82
28865.381,26.82
28865.489,26.82
28865.670,26.81
28865.697,26.81
28865.793,26.82
28865.898,26.82
28866.001,26.79
28866.077,26.81
28866.184,26.79
28866.283,26.82
28866.385,26.82
28866.486,26.82
28866.599,26.86
28866.697,26.79
28916.898,26.79
28916.900,26.84
28917.001,26.82
28917.103,26.82
28917.219,26.82
28917.310,26.81
28917.415,26.82
28917.511,26.86
28917.631,26.82
28917.731,26.84
28917.827,26.81
28917.927,26.82
28918.025,26.84
28918.126,26.82
28918.229,26.87
28918.331,26.82
28918.435,26.86
28918.501,26.84
28918.638,26.81
28918.741,26.79
28918.844,26.86
28918.873,26.82
28918.969,26.81
28919.081,26.86
28919.177,26.82
28919.277,26.86
28919.378,26.82
28919.469,26.82
28919.660,26.82
28919.690,26.86
28919.792,26.86
28919.976,26.82
28919.978,26.82
28920.074,26.82
28920.197,26.81
28920.282,26.82
28920.378,26.84
28920.481,26.82
28920.597,26.84
28920.692,26.79
28920.788,26.84
28920.898,26.86
28921.003,26.84
28921.101,26.81
28921.197,26.82
28921.307,26.82
28921.405,26.84
28921.506,26.82
28921.628,26.86
28921.717,26.86
28921.814,26.82
28921.915,26.82
28922.040,26.84
28922.072,26.86
28922.223,26.79
28922.283,26.81
28922.364,26.86
28922.496,26.81
28922.633,26.82
28922.667,26.82
28922.765,26.84
28922.864,26.84
28923.043,26.82
28923.069,26.84
28923.248,26.86
28923.275,26.81
28923.373,26.81
28923.467,26.79
28923.555,26.86
28923.663,26.84
28923.758,26.82
28923.878,26.82
28923.978,26.84
28924.074,26.82
28924.174,26.82
28924.271,26.82
28924.396,26.81
28924.478,26.82
28924.577,26.76
28924.687,26.84
28924.783,26.82
28924.885,26.79
28924.986,26.82
28925.089,26.82
28925.219,26.86
28925.305,26.79
28925.402,26.79
28925.506,26.79
28925.601,26.81
28925.716,26.81
28925.812,26.86
28925.908,26.81
28926.011,26.89
28926.113,26.86
28926.239,26.79
28926.317,26.82
28926.422,26.82
28926.523,26.82
28926.552,26.82
28926.648,26.84
28976.773,26.84
28976.853,26.82
28976.957,26.84
28977.059,26.86
28977.167,26.84
28977.346,26.81
28977.349,26.82
28977.444,26.79
28977.555,26.82
28977.652,26.82
28977.751,26.86
28977.875,26.86
28977.961,26.81
28978.062,26.87
28978.163,26.84
28978.265,26.82
28978.368,26.87
28978.469,26.81
28978.570,26.89
28978.682,26.84
28978.783,26.84
28978.885,26.84
28978.983,26.84
28979.086,26.82
28979.187,26.81
28979.290,26.86
28979.391,26.84
28979.494,26.87
28979.597,26.86
28979.714,26.82
28979.800,26.84
28979.903,26.84
28980.013,26.84
28980.040,26.84
28980.148,26.86
28980.246,26.87
28980.342,26.84
28980.449,26.89
28980.547,26.87
28980.650,26.89
28980.748,26.84
28980.848,26.84
28980.949,26.84
28981.052,26.82
28981.155,26.86
28981.258,26.81
28981.337,26.87
28981.440,26.84
28981.574,26.84
28981.643,26.86
28981.849,26.82
28981.851,26.86
28981.964,26.86
28982.062,26.86
28982.155,26.84
28982.258,26.89
28982.359,26.87
28982.462,26.82
28982.565,26.87
28982.697,26.87
28982.746,26.86
28982.873,26.89
28982.974,26.92
28983.079,26.86
28983.177,26.86
28983.283,26.86
28983.390,26.82
28983.484,26.86
28983.596,26.86
28983.694,26.84
28983.800,26.87
28983.829,26.87
28983.998,26.87
28984.125,26.86
28984.141,26.86
28984.239,26.84
28984.329,26.82
28984.432,26.86
28984.535,26.86
28984.717,26.84
28984.820,26.84
28984.831,26.82
28984.927,26.87
28985.023,26.86
28985.126,26.82
28985.226,26.86
28985.337,26.82
28985.432,26.86
28985.535,26.79
28985.638,26.81
28985.741,26.82
28985.842,26.81
28985.962,26.86
28986.049,26.84
28986.150,26.86
28986.258,26.84
28986.373,26.82
28986.429,26.82
28986.557,26.86
28986.662,26.84
29276.766,26.86
29276.866,26.86
29276.969,26.84
29277.079,26.86
29277.182,26.84
29277.283,26.81
29277.381,26.84
29277.479,26.84
29277.582,26.86
29277.685,26.82
29277.805,26.86
29277.815,26.86
29278.000,26.84
29278.028,26.86
29278.128,26.82
29278.234,26.81
29278.331,26.86
29278.427,26.82
29278.533,26.82
29278.628,26.86
29278.731,26.81
29278.810,26.87
29278.913,26.84
29279.016,26.84
29279.119,26.86
29279.244,26.86
29279.327,26.86
29279.425,26.9
29279.528,26.86
29279.640,26.82
29279.743,26.86
29279.844,26.82
29279.940,26.84
29280.049,26.84
29280.111,26.84
29280.244,26.84
29280.315,26.84
29280.415,26.86
29280.554,26.86
29280.653,26.86
29280.761,26.87
29280.859,26.82
29280.962,26.86
29281.065,26.82
29281.104,26.81
29281.268,26.86
29281.369,26.84
29281.478,26.82
29281.518,26.82
29281.680,26.82
29281.702,26.81
29281.804,26.84
29281.986,26.86
29282.013,26.86
29282.111,26.82
29282.209,26.84
29282.317,26.82
29282.418,26.81
29282.621,26.86
29282.626,26.86
29282.704,26.84
29282.805,26.86
29282.907,26.82
29283.013,26.86
29283.111,26.82
29283.216,26.86
29283.320,26.82
29283.425,26.87
29283.527,26.86
29283.626,26.84
29283.726,26.84
29283.829,26.86
29283.951,26.86
29284.074,26.86
29284.146,26.86
29284.202,26.87
29284.342,26.89
29284.461,26.84
29284.513,26.87
29284.650,26.82
29284.750,26.87
29284.822,26.86
29284.954,26.84
29285.057,26.84
29285.148,26.87
29285.271,26.87
29285.300,26.86
29285.396,26.84
29285.570,26.87
29285.672,26.86
29285.699,26.86
29285.804,26.89
29285.910,26.86
29286.013,26.87
29286.092,26.82
29286.212,26.84
29286.297,26.84
29286.395,26.87
29286.493,26.84
29286.594,26.86
29286.695,26.82
29336.799,26.86
29336.902,26.84
29337.010,26.89
29337.106,26.86
29337.209,26.81
29337.310,26.82
29337.425,26.86
29337.518,26.87
29337.619,26.86
29337.722,26.84
29337.822,26.86
29337.925,26.86
29338.027,26.87
29338.135,26.86
29338.231,26.87
29338.334,26.89
29338.457,26.84
29338.501,26.86
29338.641,26.87
29338.707,26.86
29338.868,26.86
29338.915,26.86
29339.050,26.87
29339.092,26.9
29339.192,26.86
29339.349,26.86
29339.402,26.82
29339.486,26.86
29339.589,26.9
29339.692,26.84
29339.869,26.89
29339.898,26.84
29339.996,26.87
29340.092,26.92
29340.177,26.84
29340.295,26.89
29340.383,26.86
29340.486,26.87
29340.591,26.86
29340.707,26.87
29340.805,26.87
29340.903,26.84
29341.001,26.81
29341.099,26.86
29341.202,26.86
29341.302,26.87
29341.407,26.82
29341.515,26.84
29341.611,26.84
29341.714,26.87
29341.815,26.82
29341.918,26.84
29342.021,26.86
29342.133,26.84
29342.228,26.86
29342.327,26.87
29342.440,26.86
29342.532,26.82
29342.636,26.84
29342.739,26.89
29342.839,26.87
29342.942,26.86
29342.969,26.89
29343.148,26.82
29343.175,26.86
29343.273,26.84
29343.376,26.82
29343.479,26.84
29343.604,26.89
29343.689,26.86
29343.787,26.82
29343.890,26.9
29343.967,26.84
29344.069,26.89
29344.194,26.86
29344.282,26.89
29344.381,26.86
29344.479,26.87
29344.574,26.84
29344.677,26.84
29344.785,26.89
29344.888,26.86
29344.984,26.84
29345.116,26.86
29345.195,26.81
29345.297,26.87
29345.400,26.84
29345.508,26.87
29345.606,26.86
29345.709,26.86
29345.810,26.82
29345.918,26.86
29346.018,26.87
29346.121,26.89
29346.219,26.86
29346.320,26.89
29346.424,26.82
29346.543,26.86
29346.560,26.84
29396.731,26.86
29396.761,26.82
29396.954,26.89
29396.961,26.89
29397.062,26.89
29397.163,26.87
29397.278,26.84
29397.373,26.87
29397.471,26.86
29397.576,26.86
29397.675,26.89
29397.778,26.87
29397.861,26.86
29397.961,26.86
29398.055,26.84
29398.163,26.87
29398.268,26.82
29398.380,26.89
29398.474,26.82
29398.574,26.82
29398.680,26.89
29398.792,26.86
29398.893,26.86
29398.989,26.84
29399.086,26.84
29399.189,26.89
29399.290,26.87
29399.395,26.87
29399.496,26.9
29399.598,26.86
29399.709,26.89
29399.905,26.9
29399.910,26.87
29400.010,26.86
29400.135,26.87
29400.217,26.89
29400.256,26.82
29400.631,26.84
29400.635,26.9
29400.636,26.86
29400.660,26.86
29400.758,26.9
29400.952,26.86
29400.967,26.89
29401.065,26.89
29401.158,26.84
29401.265,26.86
29401.364,26.87
29401.447,26.86
29401.545,26.87
29401.648,26.86
29401.755,26.89
29401.851,26.86
29401.954,26.84
29402.055,26.86
29402.168,26.86
29402.263,26.89
29402.364,26.86
29402.467,26.86
29402.570,26.9
29402.670,26.84
29402.790,26.87
29402.876,26.86
29402.978,26.84
29403.079,26.86
29403.201,26.87
29403.285,26.84
29403.353,26.89
29403.489,26.87
29403.594,26.87
29403.694,26.87
29403.800,26.86
29403.900,26.86
29403.940,26.87
29404.104,26.87
29404.216,26.9
29404.310,26.79
29404.339,26.89
29404.515,26.87
29404.540,26.86
29404.650,26.86
29404.748,26.89
29404.846,26.84
29404.945,26.89
29405.038,26.89
29405.138,26.86
29405.241,26.87
29405.363,26.9
29405.435,26.87
29405.538,26.82
29405.640,26.89
29405.743,26.89
29405.846,26.86
29405.956,26.9
29406.050,26.9
29406.153,26.89
29406.255,26.9
29406.366,26.89
29406.466,26.9
29406.572,26.84
29406.674,26.86
29456.771,26.86
29456.876,26.87
29456.973,26.82
29457.074,26.87
29457.199,26.9
29457.285,26.86
29457.383,26.87
29457.483,26.86
29457.587,26.86
29457.690,26.86
29457.797,26.86
29457.893,26.89
29457.935,26.87
29458.091,26.9
29458.199,26.86
29458.228,26.86
29458.329,26.89
29458.430,26.89
29458.532,26.9
29458.633,26.89
29458.744,26.9
29458.839,26.89
29458.942,26.89
29459.037,26.86
29459.123,26.86
29459.224,26.82
29459.326,26.89
29459.449,26.84
29459.540,26.89
29459.643,26.87
29459.736,26.9
29459.841,26.84
29459.940,26.86
29460.043,26.87
29460.146,26.89
29460.251,26.89
29460.349,26.81
29460.461,26.86
29460.559,26.89
29460.658,26.89
29460.761,26.89
29460.876,26.9
29460.966,26.86
29461.065,26.86
29461.170,26.86
29461.290,26.87
29461.315,26.84
29461.479,26.9
29461.579,26.89
29461.702,26.89
29461.729,26.87
29461.888,26.87
29461.917,26.9
29462.045,26.87
29462.116,26.89
29462.228,26.84
29462.361,26.9
29462.423,26.86
29462.525,26.89
29462.628,26.87
29462.712,26.89
29462.832,26.89
29462.912,26.89
29463.013,26.86
29463.123,26.89
29463.226,26.87
29463.324,26.89
29463.423,26.92
29463.525,26.86
29463.628,26.89
29463.724,26.87
29463.832,26.86
29463.935,26.86
29464.030,26.89
29464.135,26.92
29464.251,26.89
29464.346,26.9
29464.447,26.87
29464.550,26.86
29464.668,26.86
29464.768,26.84
29464.863,26.84
29464.962,26.89
29465.062,26.87
29465.163,26.87
29465.285,26.92
29465.366,26.92
29465.471,26.94
29465.572,26.89
29465.695,26.87
29465.778,26.89
29465.805,26.86
29465.988,26.9
29466.020,26.89
29466.111,26.9
29466.290,26.89
29466.320,26.86
29466.415,26.84
29466.516,26.89
29466.601,26.89
29516.731,26.87
29516.812,26.87
29516.903,26.82
29517.006,26.89
29517.125,26.92
29517.212,26.89
29517.314,26.89
29517.418,26.89
29517.535,26.89
29517.628,26.9
29517.724,26.89
29517.859,26.89
29517.922,26.9
29518.032,26.92
29518.133,26.87
29518.236,26.89
29518.337,26.87
29518.440,26.86
29518.550,26.92
29518.646,26.89
29518.748,26.89
29518.851,26.92
29518.959,26.89
29519.055,26.87
29519.158,26.89
29519.258,26.86
29519.371,26.87
29519.402,26.86
29519.500,26.89
29519.599,26.92
29519.695,26.9
29519.795,26.89
29519.898,26.89
29520.001,26.87
29520.101,26.9
29520.204,26.9
29520.307,26.87
29520.429,26.9
29520.489,26.89
29520.589,26.9
29520.694,26.9
29520.798,26.89
29520.905,26.89
29521.000,26.92
29521.104,26.84
29521.209,26.87
29521.307,26.89
29521.408,26.89
29521.533,26.89
29521.623,26.89
29521.719,26.89
29521.820,26.92
29521.944,26.92
29522.025,26.87
29522.126,26.87
29522.226,26.9
29522.337,26.89
29522.434,26.9
29522.537,26.86
29522.638,26.9
29522.685,26.92
29522.844,26.94
29522.947,26.9
29523.049,26.89
29523.153,26.87
29523.253,26.92
29523.371,26.9
29523.386,26.92
29523.484,26.9
29523.584,26.87
29523.687,26.9
29523.782,26.89
29523.880,26.87
29524.000,26.86
29524.106,26.9
29524.179,26.87
29524.280,26.89
29524.381,26.9
29524.481,26.89
29524.586,26.89
29524.687,26.89
29524.891,26.89
29524.893,26.86
29524.994,26.87
29525.097,26.89
29525.209,26.84
29525.302,26.9
29525.403,26.89
29525.478,26.87
29525.619,26.87
29525.721,26.86
29525.783,26.92
29525.915,26.87
29526.018,26.87
29526.121,26.89
29526.223,26.87
29526.324,26.92
29526.429,26.84
29526.530,26.87
29526.633,26.89
29526.679,26.92
29576.839,26.89
29576.940,26.92
29577.045,26.89
29577.084,26.89
29577.180,26.89
29577.275,26.89
29577.373,26.87
29577.481,26.89
29577.579,26.89
29577.690,26.87
29577.780,26.89
29577.893,26.92
29577.988,26.86
29578.089,26.94
29578.168,26.9
29578.270,26.89
29578.373,26.92
29578.474,26.9
29578.584,26.86
29578.682,26.9
29578.783,26.89
29578.885,26.92
29578.988,26.9
29579.089,26.89
29579.190,26.86
29579.302,26.89
29579.400,26.89
29579.500,26.89
29579.618,26.86
29579.704,26.89
29579.800,26.87
29579.910,26.84
29580.003,26.92
29580.114,26.89
29580.222,26.9
29580.319,26.89
29580.420,26.89
29580.527,26.87
29580.628,26.92
29580.728,26.89
29580.829,26.9
29580.861,26.92
29581.035,26.87
29581.064,26.92
29581.165,26.9
29581.344,26.9
29581.369,26.9
29581.479,26.92
29581.574,26.9
29581.679,26.92
29581.775,26.9
29581.866,26.92
29581.959,26.87
29582.065,26.89
29582.160,26.86
29582.265,26.9
29582.366,26.89
29582.473,26.9
29582.572,26.89
29582.674,26.89
29582.778,26.92
29582.886,26.89
29582.981,26.92
29583.084,26.89
29583.187,26.89
29583.292,26.86
29583.390,26.86
29583.494,26.9
29583.596,26.9
29583.704,26.9
29583.804,26.89
29583.903,26.9
29584.027,26.89
29584.116,26.9
29584.214,26.89
29584.312,26.95
29584.413,26.9
29584.520,26.9
29584.548,26.92
29584.680,26.89
29584.761,26.92
29584.848,26.86
29585.030,26.92
29585.064,26.89
29585.155,26.86
29585.258,26.92
29585.359,26.94
29585.462,26.92
29585.565,26.89
29585.652,26.89
29585.748,26.89
29585.866,26.9
29585.954,26.84
29586.052,26.89
29586.148,26.89
29586.278,26.92
29586.359,26.98
29586.464,26.92
29586.567,26.9
29586.670,26.95
29876.768,26.89
29876.871,26.9
29876.974,26.89
29877.081,26.87
29877.180,26.87
29877.282,26.89
29877.390,26.92
29877.489,26.9
29877.589,26.89
29877.726,26.9
29877.799,26.92
29877.896,26.89
29878.000,26.92
29878.114,26.86
29878.140,26.89
29878.310,26.92
29878.339,26.9
29878.439,26.89
29878.538,26.92
29878.638,26.87
29878.746,26.89
29878.842,26.92
29878.945,26.89
29879.126,26.9
29879.228,26.92
29879.236,26.89
29879.356,26.9
29879.454,26.86
29879.540,26.89
29879.638,26.92
29879.741,26.89
29879.842,26.89
29879.952,26.89
29880.048,26.89
29880.152,26.94
29880.378,26.94
29880.381,26.89
29880.457,26.9
29880.557,26.89
29880.660,26.94
29880.763,26.9
29880.866,26.92
29880.967,26.89
29881.079,26.89
29881.152,26.9
29881.275,26.92
29881.378,26.89
29881.462,26.94
29881.584,26.89
29881.684,26.89
29881.790,26.9
29881.896,26.9
29882.001,26.89
29882.025,26.9
29882.136,26.94
29882.224,26.89
29882.403,26.94
29882.430,26.9
29882.523,26.89
29882.633,26.9
29882.736,26.9
29882.847,26.9
29882.942,26.89
29883.043,26.92
29883.131,26.9
29883.222,26.94
29883.334,26.94
29883.432,26.9
29883.528,26.95
29883.630,26.92
29883.736,26.9
29883.836,26.92
29883.952,26.92
29884.040,26.87
29884.143,26.9
29884.246,26.92
29884.361,26.9
29884.427,26.89
29884.552,26.86
29884.685,26.87
29884.761,26.87
29884.859,26.89
29884.962,26.94
29885.065,26.84
29885.167,26.89
29885.268,26.89
29885.366,26.92
29885.472,26.89
29885.579,26.9
29885.677,26.94
29885.788,26.89
29885.883,26.94
29885.986,26.9
29886.013,26.92
29886.199,26.9
29886.231,26.89
29886.327,26.9
29886.424,26.92
29886.523,26.86
29886.613,26.89
29936.805,26.92
29936.834,26.92
29936.932,26.94
29937.011,26.92
29937.113,26.89
29937.217,26.94
29937.326,26.92
29937.425,26.89
29937.523,26.97
29937.625,26.9
29937.731,26.95
29937.829,26.92
29937.932,26.92
29938.038,26.92
29938.136,26.94
29938.258,26.89
29938.359,26.89
29938.444,26.87
29938.545,26.86
29938.648,26.9
29938.773,26.94
29938.853,26.92
29938.957,26.95
29939.057,26.87
29939.165,26.89
29939.263,26.9
29939.364,26.92
29939.467,26.92
29939.508,26.95
29939.604,26.9
29939.775,26.89
29939.802,26.92
29939.905,26.92
29940.011,26.89
29940.116,26.9
29940.223,26.95
29940.322,26.94
29940.423,26.95
29940.518,26.94
29940.611,26.92
29940.707,26.87
29940.807,26.94
29940.932,26.92
29941.013,26.92
29941.111,26.9
29941.233,26.89
29941.310,26.92
29941.418,26.92
29941.516,26.94
29941.618,26.92
29941.721,26.89
29941.822,26.89
29941.927,26.95
29942.035,26.92
29942.131,26.92
29942.233,26.87
29942.359,26.89
29942.445,26.87
29942.548,26.92
29942.646,26.9
29942.770,26.89
29942.856,26.92
29942.954,26.92
29943.052,26.92
29943.155,26.92
29943.258,26.9
29943.358,26.94
29943.427,26.9
29943.506,26.89
29943.665,26.94
29943.694,26.9
29943.792,26.9
29943.973,26.9
29944.001,26.92
29944.099,26.92
29944.202,26.95
29944.307,26.94
29944.405,26.9
29944.488,26.95
29944.606,26.94
29944.689,26.94
29944.793,26.94
29944.893,26.94
29945.018,26.92
29945.099,26.87
29945.202,26.9
29945.305,26.92
29945.410,26.9
29945.520,26.95
29945.618,26.9
29945.714,26.9
29945.822,26.87
29945.920,26.9
29946.021,26.9
29946.123,26.9
29946.226,26.89
29946.327,26.92
29946.447,26.94
29946.533,26.89
29946.636,26.92
29996.739,26.92
29996.859,26.95
29996.942,26.92
29997.045,26.9
29997.148,26.95
29997.260,26.89
29997.285,26.94
29997.381,26.9
29997.560,26.92
29997.592,26.9
29997.761,26.94
29997.790,26.94
29997.967,26.92
29997.994,26.94
29998.094,26.95
29998.197,26.87
29998.283,26.9
29998.376,26.94
29998.479,26.94
29998.581,26.92
29998.690,26.92
29998.787,26.95
29998.888,26.92
29999.018,26.92
29999.092,26.89
29999.197,26.89
29999.299,26.89
29999.400,26.92
29999.505,26.95
29999.604,26.92
29999.707,26.92
29999.820,26.9
29999.920,26.9
30000.021,26.89
30000.126,26.95
30000.221,26.94
30000.324,26.89
30000.424,26.92
30000.532,26.92
30000.628,26.94
30000.731,26.89
30000.856,26.92
30000.871,26.92
30001.038,26.92
30001.070,26.89
30001.243,26.87
30001.268,26.92
30001.369,26.95
30001.472,26.9
30001.589,26.92
30001.680,26.92
30001.780,26.9
30001.880,26.89
30001.984,26.92
30002.087,26.92
30002.187,26.92
30002.266,26.94
30002.371,26.95
30002.473,26.95
30002.574,26.92
30002.695,26.95
30002.778,26.9
30002.905,26.92
30002.984,26.92
30003.104,26.89
30003.201,26.94
30003.278,26.95
30003.393,26.94
30003.496,26.92
30003.603,26.9
30003.699,26.97
30003.805,26.92
30003.905,26.92
30004.010,26.92
30004.113,26.9
30004.239,26.89
30004.317,26.92
30004.420,26.95
30004.530,26.89
30004.623,26.9
30004.726,26.95
30004.827,26.92
30004.945,26.95
30004.974,26.92
30005.059,26.89
30005.158,26.89
30005.265,26.94
30005.376,26.89
30005.479,26.94
30005.574,26.89
30005.670,26.9
30005.773,26.87
30005.876,26.89
30005.957,26.92
30006.057,26.94
30006.158,26.92
30006.261,26.95
30006.369,26.94
30006.503,26.97
30006.576,26.92
30006.673,26.92
30056.780,26.94
30056.878,26.9
30056.978,26.94
30057.103,26.92
30057.184,26.92
30057.251,26.92
30057.388,26.95
30057.489,26.97
30057.616,26.94
30057.695,26.94
30057.802,26.94
30057.876,26.92
30058.003,26.98
30058.114,26.89
30058.177,26.92
30058.310,26.92
30058.413,26.87
30058.521,26.92
30058.548,26.89
30058.719,26.95
30058.820,26.94
30058.849,26.9
30058.962,26.92
30059.050,26.98
30059.146,26.9
30059.266,26.94
30059.353,26.94
30059.461,26.92
30059.547,26.94
30059.675,26.92
30059.744,26.92
30059.853,26.92
30059.951,26.87
30060.074,26.9
30060.153,26.92
30060.255,26.92
30060.361,26.9
30060.461,26.89
30060.562,26.94
30060.665,26.95
30060.778,26.9
30060.869,26.9
30060.972,26.92
30061.074,26.94
30061.190,26.94
30061.287,26.9
30061.386,26.92
30061.484,26.95
30061.592,26.89
30061.687,26.95
30061.792,26.92
30061.893,26.92
30061.996,26.9
30062.098,26.9
30062.201,26.89
30062.302,26.95
30062.405,26.94
30062.508,26.87
30062.616,26.94
30062.636,26.9
30062.736,26.9
30062.839,26.87
30062.945,26.95
30063.052,26.94
30063.146,26.95
30063.277,26.97
30063.332,26.92
30063.454,26.94
30063.554,26.89
30063.633,26.92
30063.736,26.94
30063.839,26.9
30063.940,26.94
30064.045,26.95
30064.153,26.95
30064.248,26.92
30064.351,26.95
30064.452,26.97
30064.565,26.92
30064.665,26.97
30064.761,26.92
30064.866,26.94
30064.964,26.89
30065.067,26.94
30065.190,26.92
30065.273,26.94
30065.373,26.95
30065.481,26.94
30065.599,26.9
30065.682,26.98
30065.788,26.97
30065.886,26.94
30065.993,26.94
30066.099,26.97
30066.130,26.95
30066.226,26.89
30066.423,26.95
30066.425,26.95
30066.525,26.95
30066.626,26.94
30116.731,26.9
30116.834,26.94
30116.935,26.98
30117.027,26.92
30117.141,26.94
30117.241,26.92
30117.439,26.97
30117.440,26.92
30117.537,26.9
30117.635,26.95
30117.731,26.94
30117.832,26.92
30117.934,26.94
30118.040,26.92
30118.141,26.89
30118.243,26.94
30118.344,26.94
30118.449,26.92
30118.552,26.94
30118.619,26.94
30118.723,26.89
30118.864,26.92
30118.925,26.92
30119.067,26.9
30119.138,26.89
30119.275,26.9
30119.369,26.94
30119.472,26.92
30119.599,26.94
30119.675,26.92
30119.719,26.97
30119.814,26.94
30119.917,26.94
30120.086,26.9
30120.116,26.92
30120.212,26.95
30120.332,26.92
30120.420,26.9
30120.520,26.95
30120.709,26.94
30120.717,26.95
30120.812,26.95
30120.940,26.92
30121.011,26.97
30121.138,26.95
30121.212,26.95
30121.314,26.92
30121.435,27.01
30121.521,26.94
30121.621,26.9
30121.724,26.97
30121.847,26.92
30121.930,26.92
30122.030,26.89
30122.133,26.95
30122.241,26.94
30122.339,26.95
30122.449,26.89
30122.542,26.89
30122.655,26.98
30122.758,26.92
30122.853,26.94
30122.952,26.94
30123.055,26.89
30123.160,26.94
30123.275,27.0
30123.364,26.92
30123.464,26.94
30123.567,26.95
30123.687,26.95
30123.716,26.92
30123.896,26.95
30123.952,26.94
30124.008,26.94
30124.103,26.92
30124.204,26.95
30124.307,26.97
30124.410,26.92
30124.513,26.95
30124.616,26.94
30124.716,26.95
30124.819,26.92
30124.898,26.95
30124.998,26.95
30125.111,26.97
30125.204,26.94
30125.307,26.94
30125.408,26.95
30125.521,26.94
30125.616,26.95
30125.723,26.94
30125.819,26.97
30125.922,26.95
30126.033,26.95
30126.131,26.94
30126.229,26.92
30126.331,26.9
30126.434,26.97
30126.537,26.9
30126.648,26.92
30176.746,26.95
30176.844,26.95
30176.949,26.95
30177.059,26.98
30177.175,26.94
30177.253,26.92
30177.359,26.92
30177.457,26.92
30177.560,26.94
30177.682,26.9
30177.697,26.94
30177.793,26.97
30177.900,26.92
30177.996,26.94
30178.094,26.92
30178.199,26.98
30178.381,26.94
30178.420,26.98
30178.508,26.98
30178.687,26.97
30178.690,26.94
30178.790,26.94
30178.902,26.97
30178.998,26.97
30179.121,26.97
30179.199,26.98
30179.300,27.0
30179.403,26.92
30179.521,26.95
30179.613,26.94
30179.719,26.94
30179.814,26.92
30179.929,26.97
30180.025,26.97
30180.125,26.98
30180.222,26.95
30180.324,26.95
30180.427,26.94
30180.530,26.97
30180.633,26.98
30180.736,26.97
30180.832,26.95
30180.940,26.97
30181.040,26.95
30181.143,26.98
30181.241,26.95
30181.359,26.92
30181.442,26.95
30181.554,26.95
30181.658,26.94
30181.685,26.97
30181.793,26.92
30181.900,26.95
30181.996,26.9
30182.092,26.95
30182.177,26.97
30182.278,26.95
30182.376,26.92
30182.474,26.94
30182.579,26.94
30182.680,26.95
30182.783,26.95
30182.898,26.94
30182.994,26.97
30183.089,27.0
30183.197,26.97
30183.295,26.97
30183.400,26.95
30183.501,26.95
30183.608,26.94
30183.706,26.95
30183.807,26.95
30183.871,27.0
30183.979,26.95
30184.116,26.97
30184.179,26.97
30184.319,26.95
30184.388,26.95
30184.523,26.95
30184.626,26.98
30184.736,26.94
30184.831,26.97
30184.934,26.97
30185.045,26.92
30185.074,27.0
30185.170,26.97
30185.348,26.97
30185.371,26.92
30185.469,26.92
30185.570,26.95
30185.675,26.97
30185.768,26.9
30185.962,26.98
30185.966,26.95
30186.065,26.97
30186.180,26.95
30186.277,26.95
30186.375,26.98
30186.472,27.0
30186.572,26.95
30186.673,26.95
30476.783,26.95
30476.888,26.95
30476.986,26.95
30477.087,27.0
30477.187,26.92
30477.288,26.92
30477.391,27.01
30477.494,26.98
30477.606,26.95
30477.697,26.98
30477.809,26.94
30477.905,27.01
30478.020,26.95
30478.082,26.95
30478.211,26.97
30478.312,26.92
30478.415,26.95
30478.513,26.98
30478.621,26.98
30478.726,27.0
30478.824,26.95
30478.925,26.97
30479.028,26.97
30479.131,26.95
30479.162,26.95
30479.261,26.97
30479.359,26.97
30479.467,26.94
30479.572,26.95
30479.670,26.98
30479.773,26.92
30479.854,26.95
30479.976,26.95
30480.052,26.97
30480.179,26.94
30480.258,26.97
30480.359,26.95
30480.471,26.95
30480.565,26.94
30480.668,26.95
30480.770,26.95
30480.873,26.95
30480.981,26.97
30481.077,26.95
30481.180,26.95
30481.290,26.97
30481.386,26.95
30481.488,26.95
30481.608,26.97
30481.716,26.92
30481.795,26.97
30481.896,26.95
30481.959,26.94
30482.067,26.97
30482.204,26.97
30482.270,26.95
30482.430,27.0
30482.511,26.94
30482.614,26.97
30482.684,26.95
30482.751,26.95
30482.844,26.95
30482.945,26.98
30483.045,26.92
30483.148,26.98
30483.251,26.98
30483.349,26.92
30483.456,26.95
30483.557,26.95
30483.643,27.0
30483.741,27.0
30483.854,26.92
30483.945,27.0
30484.049,26.95
30484.148,26.97
30484.265,26.97
30484.361,26.97
30484.459,26.95
30484.559,26.98
30484.662,26.95
30484.765,26.92
30484.866,26.98
30484.954,26.95
30485.072,26.95
30485.174,26.97
30485.275,26.98
30485.378,26.94
30485.479,26.95
30485.584,26.92
30485.652,26.94
30485.788,26.97
30485.890,26.97
30485.994,26.97
30486.077,26.95
30486.199,26.95
30486.299,26.95
30486.402,26.92
30486.503,26.92
30486.608,26.95
30486.633,26.98
30536.733,26.97
30536.834,26.97
30536.937,26.94
30537.040,26.98
30537.162,26.98
30537.251,26.95
30537.349,26.95
30537.449,26.98
30537.530,26.92
30537.638,26.95
30537.736,26.95
30537.836,26.97
30537.940,26.94
30538.040,26.98
30538.143,26.98
30538.265,26.97
30538.349,26.98
30538.449,27.0
30538.552,26.98
30538.675,26.95
30538.760,26.98
30538.861,26.95
30538.962,26.97
30539.065,26.95
30539.168,26.94
30539.270,26.92
30539.373,26.95
30539.481,27.01
30539.577,27.01
30539.680,26.97
30539.780,27.01
30539.883,26.95
30539.949,26.97
30540.101,26.94
30540.192,26.97
30540.293,26.92
30540.322,26.98
30540.422,27.01
30540.533,26.97
30540.628,26.95
30540.726,26.95
30540.834,26.95
30540.935,26.98
30541.035,26.95
30541.138,26.98
30541.239,26.97
30541.320,27.0
30541.418,26.94
30541.523,26.97
30541.623,26.95
30541.728,26.95
30541.829,26.95
30541.939,26.94
30542.035,26.95
30542.136,26.98
30542.239,26.98
30542.349,26.97
30542.447,26.97
30542.545,26.97
30542.648,26.98
30542.751,26.95
30542.854,26.94
30542.959,26.97
30543.059,27.0
30543.160,26.97
30543.263,26.94
30543.366,26.95
30543.478,26.95
30543.576,26.95
30543.673,26.94
30543.777,26.98
30543.815,26.98
30543.910,26.98
30544.082,26.95
30544.111,26.95
30544.212,26.97
30544.310,27.01
30544.510,26.95
30544.528,26.97
30544.623,26.95
30544.721,26.95
30544.824,27.0
30544.923,26.95
30545.028,26.97
30545.106,26.97
30545.246,26.98
30545.312,26.97
30545.413,26.97
30545.516,26.98
30545.618,26.95
30545.728,26.98
30545.822,26.94
30545.929,26.95
30546.027,26.95
30546.131,26.95
30546.233,26.98
30546.351,26.95
30546.440,26.98
30546.540,26.97
30546.643,26.92
30596.761,26.98
30596.861,26.95
30596.957,26.97
30597.052,26.95
30597.153,26.95
30597.258,27.0
30597.359,26.92
30597.462,26.97
30597.564,27.0
30597.668,26.98
30597.777,26.97
30597.871,27.01
30597.896,26.95
30597.996,26.98
30598.099,26.97
30598.209,26.95
30598.307,26.95
30598.407,26.94
30598.511,26.95
30598.598,26.95
30598.695,26.98
30598.815,27.0
30598.893,27.01
30599.003,26.97
30599.099,26.97
30599.202,26.97
30599.305,26.98
30599.408,26.98
30599.511,26.98
30599.611,26.97
30599.724,26.98
30599.820,26.97
30599.918,26.97
30600.025,26.98
30600.131,26.94
30600.229,26.95
30600.329,26.97
30600.435,26.97
30600.533,26.97
30600.636,26.98
30600.758,26.98
30600.844,26.95
30600.942,26.97
30601.064,26.94
30601.089,26.98
30601.250,26.97
30601.353,27.0
30601.456,26.95
30601.494,26.97
30601.589,26.98
30601.684,26.97
30601.787,26.95
30601.966,26.98
30601.996,26.95
30602.092,26.97
30602.204,26.98
30602.298,26.98
30602.400,26.94
30602.503,26.95
30602.598,26.97
30602.685,26.94
30602.787,27.01
30602.898,26.98
30603.008,26.98
30603.104,26.98
30603.204,26.97
30603.298,26.97
30603.400,27.0
30603.503,26.97
30603.606,26.97
30603.707,26.98
30603.778,26.95
30603.913,27.0
30604.025,26.97
30604.126,26.92
30604.221,26.95
30604.322,26.94
30604.434,26.98
30604.528,27.01
30604.628,26.97
30604.739,27.0
30604.848,26.98
30604.942,26.98
30605.038,26.97
30605.140,26.97
30605.243,26.97
30605.347,26.97
30605.375,26.97
30605.550,26.92
30605.579,26.97
30605.677,27.0
30605.780,26.97
30605.973,27.0
30605.976,26.97
30606.077,26.97
30606.175,26.98
30606.271,26.95
30606.381,26.95
30606.476,27.01
30606.577,26.98
30606.684,26.95
30656.805,27.01
30656.883,27.0
30657.006,26.98
30657.092,26.94
30657.189,26.95
30657.290,26.94
30657.395,26.98
30657.521,26.97
30657.623,26.97
30657.706,27.01
30657.810,26.98
30657.907,26.97
30658.013,26.94
30658.113,26.97
30658.216,26.97
30658.315,26.97
30658.413,26.98
30658.521,26.97
30658.623,26.98
30658.726,26.98
30658.844,27.0
30658.956,26.95
30659.033,26.98
30659.064,26.98
30659.168,27.01
30659.278,26.95
30659.376,27.01
30659.473,27.01
30659.577,26.97
30659.675,26.97
30659.773,26.95
30659.861,26.98
30659.978,27.01
30660.082,26.97
30660.158,26.97
30660.261,26.98
30660.388,27.0
30660.467,26.98
30660.569,26.97
30660.707,27.01
30660.777,26.97
30660.875,26.98
30660.979,27.0
30661.097,27.0
30661.194,26.97
30661.293,26.95
30661.388,27.0
30661.491,26.98
30661.594,26.98
30661.695,27.01
30661.805,26.97
30661.873,27.0
30662.011,27.0
30662.207,26.97
30662.211,26.97
30662.310,26.97
30662.353,27.01
30662.454,26.97
30662.618,26.97
30662.719,27.01
30662.822,26.98
30662.932,26.98
30662.959,27.0
30663.128,27.0
30663.160,26.98
30663.253,26.98
30663.366,26.97
30663.469,26.98
30663.641,26.95
30663.670,26.98
30663.768,27.01
30663.869,27.01
30663.951,27.0
30664.059,26.98
30664.162,27.0
30664.256,27.01
30664.364,27.01
30664.462,26.98
30664.562,27.0
30664.687,26.98
30664.768,26.98
30664.898,26.98
30664.972,26.95
30665.092,26.98
30665.202,26.98
30665.278,27.0
30665.347,26.97
30665.503,26.97
30665.549,27.01
30665.657,27.0
30665.790,26.98
30665.866,26.98
30665.996,27.0
30666.121,27.0
30666.201,27.0
30666.305,26.97
30666.415,27.0
30666.442,27.01
30666.611,26.97
30716.719,26.98
30716.750,26.98
30716.847,26.98
30716.952,27.01
30717.052,26.95
30717.314,26.98
30717.315,26.98
30717.429,27.01
30717.457,27.0
30717.555,27.0
30717.738,27.01
30717.739,27.0
30717.848,26.98
30717.945,27.0
30718.043,27.01
30718.146,27.0
30718.248,26.97
30718.351,26.97
30718.454,26.98
30718.565,26.98
30718.663,27.01
30718.768,26.97
30718.864,27.01
30718.964,27.0
30719.067,27.01
30719.177,27.0
30719.280,26.95
30719.380,26.97
30719.501,26.98
30719.579,27.0
30719.706,27.01
30719.787,27.03
30719.886,26.98
30719.991,26.98
30720.049,26.97
30720.194,27.0
30720.236,27.01
30720.359,27.0
30720.501,26.98
30720.530,26.98
30720.707,27.01
30720.741,26.98
30720.832,27.01
30720.935,27.01
30721.040,27.01
30721.140,27.01
30721.236,27.03
30721.339,27.01
30721.424,26.98
30721.527,27.01
30721.628,26.98
30721.751,26.98
30721.844,27.0
30721.945,26.95
30722.040,27.01
30722.143,27.0
30722.241,27.01
30722.344,27.01
30722.447,26.98
30722.557,26.98
30722.662,26.98
30722.761,27.03
30722.858,26.98
30722.959,27.03
30723.062,27.01
30723.179,26.95
30723.275,27.01
30723.393,26.97
30723.471,27.0
30723.616,27.01
30723.618,26.98
30723.802,26.98
30723.912,27.01
30723.988,26.95
30724.094,27.0
30724.123,26.95
30724.219,26.98
30724.393,27.0
30724.423,26.94
30724.518,27.03
30724.709,27.01
30724.736,26.98
30724.834,26.98
30724.932,27.0
30725.016,26.97
30725.135,26.97
30725.236,26.97
30725.341,27.0
30725.425,26.97
30725.525,26.98
30725.621,27.0
30725.723,26.98
30725.826,26.98
30725.952,26.98
30726.030,27.01
30726.157,26.98
30726.224,27.01
30726.342,27.0
30726.440,26.98
30726.552,27.0
30726.648,27.05
30776.748,26.98
30776.851,27.0
30776.962,26.97
30777.059,27.0
30777.163,26.98
30777.263,27.03
30777.363,26.98
30777.464,26.97
30777.609,26.98
30777.611,26.97
30777.771,27.0
30777.875,26.98
30777.905,26.98
30778.023,26.98
30778.106,26.98
30778.207,26.98
30778.322,27.01
30778.413,27.01
30778.521,27.01
30778.619,27.03
30778.717,27.01
30778.820,27.01
30778.923,26.98
30779.003,27.0
30779.128,26.98
30779.216,27.01
30779.336,27.01
30779.424,27.0
30779.513,27.03
30779.640,26.98
30779.724,26.95
30779.837,27.0
30779.932,26.98
30780.032,26.97
30780.128,26.97
30780.231,27.0
30780.332,27.01
30780.435,27.01
30780.537,27.01
30780.665,26.95
30780.702,26.95
30780.807,26.98
30780.915,26.98
30781.072,26.97
30781.152,27.0
30781.263,27.0
30781.358,26.95
30781.459,26.97
30781.562,27.01
30781.697,26.98
30781.699,27.01
30781.792,27.01
30781.996,27.0
30782.011,27.01
30782.114,26.98
30782.207,26.98
30782.307,26.98
30782.403,27.0
30782.506,26.98
30782.609,27.03
30782.733,26.98
30782.800,27.01
30782.896,26.98
30782.994,26.98
30783.099,27.0
30783.209,27.01
30783.307,26.98
30783.403,27.0
30783.535,27.0
30783.608,27.0
30783.711,26.98
30783.856,26.98
30783.915,26.98
30784.018,26.97
30784.123,27.0
30784.246,26.98
30784.326,27.01
30784.452,27.0
30784.530,27.0
30784.636,27.01
30784.736,26.97
30784.837,26.98
30784.940,26.98
30785.045,26.98
30785.168,27.0
30785.271,26.98
30785.349,27.01
30785.445,26.98
30785.549,26.98
30785.672,27.01
30785.689,27.03
30785.788,26.98
30785.886,27.0
30785.989,26.98
30786.082,27.01
30786.202,26.98
30786.278,27.0
30786.407,27.0
30786.479,27.0
30786.601,27.01
30786.682,26.97
28676.785,26.98
28676.886,26.98
28676.991,27.03
28677.091,27.03
28677.192,27.01
28677.295,27.01
28677.403,27.0
28677.511,26.97
28677.603,27.0
28677.712,26.97
28677.832,27.03
28677.920,27.0
28677.976,27.0
28678.079,26.98
28678.216,27.01
28678.290,26.95
28678.422,27.0
28678.523,26.98
28678.650,26.98
28678.729,27.0
28678.829,27.01
28678.979,27.01
28679.016,26.98
28679.138,27.01
28679.241,27.0
28679.347,27.01
28679.437,26.97
28679.469,26.98
28679.572,27.03
28679.674,27.0
28679.783,26.98
28679.883,27.01
28679.986,27.0
28680.082,26.98
28680.172,27.01
28680.268,27.0
28680.366,27.0
28680.471,26.98
28680.572,26.97
28680.685,26.98
28680.817,27.03
28680.881,27.0
28680.981,26.98
28681.084,27.0
28681.187,27.01
28681.293,27.0
28681.400,27.0
28681.498,27.01
28681.596,27.01
28681.722,27.03
28681.800,27.01
28681.920,27.03
28682.008,27.05
28682.108,26.98
28682.168,27.01
28682.332,27.01
28682.415,26.98
28682.478,26.97
28682.582,27.01
28682.685,27.0
28682.832,27.03
28682.861,26.97
28682.991,26.95
28683.101,27.01
28683.201,26.97
28683.258,27.01
28683.361,27.0
28683.469,26.98
28683.567,26.98
28683.668,27.0
28683.758,26.95
28683.871,26.98
28683.976,26.97
28684.077,26.98
28684.170,27.05
28684.266,27.0
28684.361,26.98
28684.464,27.0
28684.565,27.03
28684.694,26.94
28684.793,26.95
28684.873,27.01
28684.981,27.0
28685.086,27.01
28685.180,27.01
28685.283,27.03
28685.385,27.03
28685.486,27.0
28685.594,26.98
28685.695,27.0
28685.795,27.0
28685.922,27.0
28686.006,26.98
28686.103,27.0
28686.229,27.0
28686.331,26.98
28686.349,27.05
28686.540,27.0
28686.614,27.03
28736.739,27.03
28736.842,27.01
28736.922,26.98
28736.949,27.06
28737.064,27.03
28737.153,27.0
28737.253,26.98
28737.354,27.01
28737.457,27.0
28737.557,27.01
28737.646,26.97
28737.746,27.03
28737.866,26.98
28737.945,27.03
28738.048,27.01
28738.168,26.98
28738.244,26.98
28738.353,27.06
28738.484,26.98
28738.581,27.01
28738.662,27.01
28738.763,27.0
28738.866,26.98
28738.972,27.0
28739.070,27.01
28739.175,27.01
28739.268,27.0
28739.380,27.01
28739.481,27.03
28739.584,26.98
28739.685,27.01
28739.788,27.01
28739.891,27.01
28740.003,26.98
28740.052,27.01
28740.202,27.0
28740.300,27.0
28740.417,27.0
28740.445,27.01
28740.562,26.98
28740.702,27.0
28740.739,26.98
28740.839,27.01
28740.976,27.03
28741.045,26.98
28741.153,27.01
28741.236,27.0
28741.356,27.05
28741.445,26.95
28741.554,27.0
28741.648,27.01
28741.734,27.0
28741.842,27.01
28741.930,27.03
28742.042,27.01
28742.146,27.01
28742.253,27.01
28742.349,27.01
28742.451,27.01
28742.552,27.0
28742.655,27.01
28742.751,27.0
28742.869,26.95
28742.964,26.98
28743.065,27.0
28743.187,27.01
28743.261,26.98
28743.381,26.98
28743.479,27.01
28743.577,27.01
28743.682,27.0
28743.793,27.01
28743.891,27.01
28743.986,27.0
28744.092,27.0
28744.192,27.0
28744.293,26.97
28744.415,27.05
28744.432,27.03
28744.528,26.97
28744.630,27.01
28744.728,27.03
28744.826,27.0
28744.934,27.01
28745.035,27.03
28745.150,26.98
28745.241,27.01
28745.324,27.01
28745.420,27.0
28745.540,27.01
28745.633,26.98
28745.734,27.0
28745.834,26.98
28745.932,27.0
28746.023,27.03
28746.131,27.01
28746.251,27.01
28746.341,27.01
28746.452,26.98
28746.548,27.01
28746.665,27.01
28796.739,27.01
28796.854,27.01
28796.956,27.03
28797.084,27.0
28797.163,27.0
28797.263,26.98
28797.366,27.0
28797.469,27.05
28797.572,26.98
28797.674,26.98
28797.775,27.0
28797.883,26.98
28798.003,27.03
28798.089,27.03
28798.209,27.01
28798.212,27.05
28798.314,27.03
28798.413,27.01
28798.525,27.03
28798.623,27.01
28798.722,27.01
28798.824,27.01
28798.925,27.03
28799.030,27.03
28799.130,26.98
28799.231,27.01
28799.320,27.03
28799.442,27.01
28799.516,27.03
28799.628,27.0
28799.748,26.98
28799.846,27.01
28799.930,27.03
28800.028,27.0
28800.153,27.01
28800.233,27.01
28800.341,26.98
28800.445,27.01
28800.545,27.01
28800.662,26.98
28800.775,26.98
28800.814,26.98
28800.949,26.97
28801.074,27.01
28801.155,27.01
28801.256,26.98
28801.351,27.01
28801.467,26.98
28801.565,26.98
28801.667,27.01
28801.768,27.01
28801.807,26.98
28801.905,27.05
28802.001,27.01
28802.101,27.01
28802.201,27.01
28802.304,27.01
28802.405,27.01
28802.500,27.03
28802.613,27.01
28802.711,27.0
28802.810,27.03
28802.912,27.05
28803.010,27.01
28803.106,27.05
28803.202,27.03
28803.305,27.01
28803.407,27.01
28803.511,27.01
28803.613,27.05
28803.726,27.03
28803.824,27.01
28803.922,27.01
28804.021,27.03
28804.125,27.03
28804.226,27.01
28804.337,26.98
28804.437,27.05
28804.559,27.0
28804.636,27.0
28804.748,27.01
28804.846,27.0
28804.942,26.98
28805.072,27.03
28805.158,27.01
28805.253,27.01
28805.376,27.03
28805.456,27.01
28805.564,27.03
28805.592,27.03
28805.771,27.0
28805.807,27.0
28805.891,27.0
28805.989,27.01
28806.109,27.0
28806.199,27.01
28806.300,27.01
28806.400,27.01
28806.505,27.0
28806.613,27.01
28806.707,27.0
28856.810,27.0
28856.910,26.98
28856.998,26.98
28857.119,26.98
28857.221,27.03
28857.322,27.0
28857.403,27.03
28857.530,26.97
28857.606,27.0
28857.714,26.98
28857.810,27.0
28857.937,27.06
28858.025,27.0
28858.126,27.01
28858.231,27.01
28858.327,27.03
28858.425,27.05
28858.528,27.01
28858.631,27.01
28858.748,27.03
28858.834,27.0
28858.935,27.03
28859.038,27.01
28859.160,27.0
28859.185,27.03
28859.298,27.01
28859.403,26.98
28859.484,27.01
28859.680,27.01
28859.682,27.03
28859.780,27.03
28859.883,27.0
28859.984,27.06
28860.087,27.01
28860.268,26.98
28860.295,27.05
28860.393,27.03
28860.498,27.01
28860.584,27.01
28860.684,27.0
28860.788,27.01
28860.890,27.0
28860.996,27.01
28861.092,27.01
28861.189,27.05
28861.292,27.03
28861.418,27.01
28861.496,27.05
28861.599,27.0
28861.702,27.01
28861.805,27.01
28861.907,27.03
28862.010,27.05
28862.123,27.05
28862.221,27.0
28862.341,27.0
28862.424,27.0
28862.521,26.98
28862.623,27.01
28862.751,27.01
28862.834,27.01
28862.932,27.03
28862.989,27.03
28863.158,27.0
28863.175,27.01
28863.307,26.98
28863.445,27.0
28863.473,27.0
28863.570,27.0
28863.680,26.98
28863.778,27.01
28863.893,27.01
28863.976,27.01
28864.074,27.03
28864.184,27.03
28864.285,27.01
28864.373,27.01
28864.494,27.03
28864.572,27.06
28864.674,27.05
28864.775,27.03
28864.900,27.01
28864.996,27.0
28865.084,27.01
28865.192,27.03
28865.314,27.03
28865.408,26.98
28865.501,27.03
28865.599,27.01
28865.695,26.98
28865.804,27.01
28865.903,27.01
28866.030,27.01
28866.104,27.01
28866.209,27.03
28866.309,27.01
28866.410,27.01
28866.538,27.05
28866.643,27.08
28916.719,27.01
28916.834,27.03
28916.947,27.01
28917.050,27.01
28917.126,26.97
28917.244,27.01
28917.268,27.01
28917.364,27.01
28917.461,27.03
28917.567,26.98
28917.675,27.03
28917.773,27.01
28917.876,27.01
28917.972,27.0
28918.057,27.0
28918.177,27.05
28918.256,27.03
28918.363,27.03
28918.459,27.03
28918.562,27.01
28918.670,27.01
28918.780,27.01
28918.871,27.01
28918.973,27.01
28919.082,27.05
28919.177,27.03
28919.280,27.05
28919.405,27.03
28919.494,27.05
28919.592,27.05
28919.690,27.05
28919.792,27.01
28919.900,27.03
28919.998,27.01
28920.094,27.05
28920.209,27.03
28920.310,27.01
28920.430,27.01
28920.508,27.01
28920.550,27.03
28920.646,27.0
28920.815,27.06
28920.927,27.05
28920.956,27.01
28921.055,27.05
28921.243,27.03
28921.261,27.03
28921.359,27.03
28921.462,27.03
28921.557,27.01
28921.655,27.05
28921.761,27.0
28921.861,27.01
28921.978,27.01
28922.043,27.01
28922.148,27.05
28922.246,27.01
28922.351,27.05
28922.479,27.05
28922.555,27.03
28922.658,27.05
28922.760,27.0
28922.858,27.06
28922.966,27.05
28923.081,27.05
28923.179,27.01
28923.299,27.05
28923.398,27.01
28923.491,27.01
28923.592,27.01
28923.690,27.05
28923.815,27.03
28923.900,27.05
28923.996,27.05
28924.094,27.05
28924.195,27.03
28924.299,27.06
28924.400,27.05
28924.501,27.01
28924.604,27.03
28924.729,27.03
28924.832,27.03
28924.834,27.05
28924.942,27.03
28925.038,27.05
28925.141,27.01
28925.243,27.05
28925.361,27.05
28925.449,27.05
28925.549,27.05
28925.653,27.06
28925.731,27.05
28925.832,27.06
28925.935,27.03
28926.065,27.0
28926.140,27.01
28926.244,27.03
28926.349,27.03
28926.456,27.01
28926.555,27.06
28926.675,27.01
28976.761,27.03
28976.834,27.05
28976.983,27.01
28977.062,27.03
28977.167,27.01
28977.266,27.01
28977.369,27.01
28977.464,27.0
28977.579,27.05
28977.675,27.05
28977.778,27.05
28977.902,27.03
28977.984,27.03
28978.114,27.01
28978.189,27.01
28978.224,27.01
28978.393,27.01
28978.496,27.01
28978.525,27.0
28978.699,27.03
28978.728,27.05
28978.834,27.01
28979.006,27.03
28979.035,27.03
28979.133,27.03
28979.234,27.01
28979.329,26.98
28979.442,27.05
28979.528,27.03
28979.631,27.05
28979.739,26.98
28979.834,27.01
28979.932,27.03
28980.033,27.05
28980.133,27.01
28980.260,27.05
28980.342,27.01
28980.464,27.05
28980.535,27.03
28980.655,27.03
28980.751,27.06
28980.851,27.05
28980.952,27.03
28981.057,27.05
28981.167,27.05
28981.283,27.03
28981.388,27.03
28981.466,27.03
28981.577,27.05
28981.680,27.06
28981.777,27.05
28981.875,27.01
28981.976,27.06
28982.081,26.98
28982.182,27.0
28982.283,27.05
28982.314,27.05
28982.413,27.03
28982.513,27.05
28982.635,27.08
28982.719,27.05
28982.822,27.08
28982.923,27.01
28983.025,27.05
28983.128,27.03
28983.214,27.01
28983.312,27.05
28983.413,27.03
28983.516,27.05
28983.614,27.05
28983.739,27.01
28983.829,27.03
28983.925,27.06
28984.023,27.01
28984.148,27.05
28984.253,27.05
28984.327,27.01
28984.474,27.05
28984.513,27.05
28984.641,27.03
28984.741,27.01
28984.844,27.01
28984.952,27.05
28985.048,27.03
28985.146,27.05
28985.256,27.05
28985.356,27.05
28985.461,27.05
28985.577,27.03
28985.687,27.06
28985.766,27.06
28985.891,27.0
28985.986,27.03
28986.097,27.01
28986.101,27.01
28986.283,27.01
28986.310,27.05
28986.408,26.98
28986.505,27.0
28986.609,27.05
29276.711,27.01
29276.814,27.03
29276.915,27.01
29277.018,27.05
29277.121,27.03
29277.202,27.05
29277.304,27.01
29277.415,27.05
29277.508,27.05
29277.609,27.05
29277.712,27.05
29277.824,27.0
29277.920,27.06
29278.043,27.03
29278.121,27.03
29278.231,27.03
29278.327,27.01
29278.427,27.01
29278.555,27.03
29278.633,27.03
29278.739,27.05
29278.842,27.03
29278.949,27.03
29279.048,27.05
29279.145,27.05
29279.251,27.05
29279.349,27.03
29279.452,27.06
29279.555,27.05
29279.662,27.05
29279.689,27.06
29279.863,27.05
29279.888,27.03
29280.008,27.01
29280.109,27.05
29280.197,27.01
29280.398,27.01
29280.400,27.05
29280.500,27.03
29280.601,27.05
29280.722,27.05
29280.787,27.05
29280.908,27.03
29280.989,27.03
29281.091,27.06
29281.202,27.03
29281.300,27.01
29281.398,27.03
29281.501,27.03
29281.601,27.06
29281.707,27.05
29281.824,27.03
29281.910,27.03
29282.013,27.05
29282.116,27.01
29282.234,27.06
29282.331,27.03
29282.427,27.05
29282.533,27.03
29282.652,27.01
29282.729,27.08
29282.832,27.08
29282.934,27.08
29283.003,27.03
29283.138,27.05
29283.241,27.03
29283.353,27.03
29283.381,27.06
29283.549,27.06
29283.660,27.05
29283.677,27.05
29283.880,27.05
29283.881,27.08
29283.986,27.05
29284.092,27.05
29284.187,27.05
29284.293,27.03
29284.396,27.05
29284.488,27.03
29284.596,27.06
29284.699,27.08
29284.807,27.05
29284.881,27.05
29285.006,27.05
29285.084,27.05
29285.199,27.06
29285.295,27.05
29285.393,27.05
29285.503,27.01
29285.596,27.03
29285.697,27.05
29285.824,27.08
29285.910,27.03
29286.006,27.05
29286.108,27.05
29286.234,27.03
29286.324,27.03
29286.420,27.0
29286.523,27.03
29286.621,27.08
29336.722,27.06
29336.824,27.05
29336.927,27.03
29337.035,27.05
29337.155,27.03
29337.192,27.08
29337.300,27.05
29337.400,27.05
29337.506,27.03
29337.570,27.03
29337.668,27.03
29337.771,27.05
29337.871,27.03
29337.974,27.05
29338.072,27.08
29338.185,27.06
29338.287,27.08
29338.364,27.06
29338.479,27.06
29338.574,27.03
29338.694,27.0
29338.771,27.05
29338.875,27.06
29338.972,27.08
29339.084,27.01
29339.180,27.03
29339.285,27.01
29339.386,27.06
29339.488,27.05
29339.592,27.05
29339.717,27.05
29339.798,27.01
29339.908,27.05
29340.023,27.05
29340.126,27.03
29340.206,27.0
29340.319,27.05
29340.415,27.05
29340.515,27.06
29340.614,27.05
29340.716,27.06
29340.817,27.01
29340.922,27.05
29341.023,27.05
29341.057,27.05
29341.158,27.01
29341.266,27.0
29341.457,27.08
29341.462,27.06
29341.564,27.03
29341.668,27.05
29341.768,27.03
29341.866,27.05
29341.952,27.01
29342.074,27.01
29342.158,27.05
29342.278,27.05
29342.380,27.06
29342.481,27.05
29342.559,27.01
29342.662,27.06
29342.763,27.05
29342.864,27.05
29342.969,27.03
29343.070,27.05
29343.175,27.06
29343.282,27.06
29343.378,27.05
29343.449,27.05
29343.586,27.01
29343.658,27.05
29343.788,27.05
29343.891,27.01
29344.020,27.05
29344.094,27.01
29344.192,27.06
29344.319,27.05
29344.405,27.05
29344.503,27.03
29344.608,27.05
29344.731,27.05
29344.812,27.08
29344.913,27.06
29345.018,27.01
29345.052,27.08
29345.150,27.06
29345.251,27.05
29345.349,27.03
29345.461,27.05
29345.557,27.03
29345.736,27.03
29345.746,27.01
29345.861,27.05
29345.962,27.05
29346.065,27.06
29346.155,27.06
29346.246,27.06
29346.351,27.05
29346.476,27.06
29346.567,27.05
29346.679,27.05
29396.763,27.05
29396.891,27.05
29396.962,27.06
29397.064,27.03
29397.192,27.05
29397.270,27.03
29397.396,27.08
29397.476,27.06
29397.587,27.05
29397.680,27.06
29397.775,27.08
29397.886,27.03
29397.994,27.05
29398.087,27.08
29398.192,27.0
29398.304,27.08
29398.405,27.05
29398.527,27.06
29398.625,27.03
29398.729,27.05
29398.746,27.08
29398.908,27.05
29398.937,27.01
29399.043,27.06
29399.138,27.03
29399.239,27.05
29399.348,27.06
29399.464,27.01
29399.550,27.06
29399.648,27.03
29399.736,27.03
29399.854,27.03
29399.932,27.08
29400.057,27.03
29400.136,27.01
29400.243,27.03
29400.342,27.06
29400.449,27.05
29400.565,27.03
29400.650,27.03
29400.771,27.05
29400.854,27.06
29400.976,27.05
29401.072,27.01
29401.162,27.05
29401.268,27.05
29401.369,27.03
29401.429,27.06
29401.535,27.08
29401.641,27.03
29401.775,27.03
29401.885,27.05
29401.983,27.06
29402.082,27.06
29402.125,27.03
29402.290,27.05
29402.324,27.03
29402.425,27.01
29402.521,27.09
29402.625,27.05
29402.731,27.08
29402.839,27.05
29402.935,27.05
29403.032,27.08
29403.140,27.03
29403.236,27.08
29403.336,27.01
29403.422,27.01
29403.540,27.01
29403.641,27.08
29403.722,27.01
29403.824,27.05
29403.927,27.08
29404.027,27.08
29404.138,27.08
29404.241,27.08
29404.334,27.01
29404.444,27.06
29404.540,27.06
29404.653,27.06
29404.748,27.05
29404.871,27.05
29404.976,27.03
29405.052,27.03
29405.179,27.08
29405.280,27.05
29405.361,27.06
29405.462,27.05
29405.574,27.05
29405.677,27.05
29405.780,27.06
29405.834,27.08
29405.937,27.06
29406.016,27.08
29406.141,27.06
29406.290,27.06
29406.317,27.05
29406.415,27.03
29406.513,27.03
29406.613,27.06
29456.717,27.03
29456.812,27.11
29456.922,27.05
29457.028,27.05
29457.126,27.08
29457.222,27.05
29457.317,27.06
29457.415,27.06
29457.549,27.06
29457.619,27.06
29457.714,27.03
29457.820,27.06
29457.920,27.03
29458.028,27.05
29458.128,27.01
29458.226,27.05
29458.329,27.03
29458.430,27.05
29458.543,27.03
29458.653,27.08
29458.739,27.05
29458.842,27.03
29458.944,27.06
29459.062,27.03
29459.158,27.05
29459.256,27.06
29459.354,27.06
29459.456,27.05
29459.562,27.08
29459.660,27.03
29459.712,27.06
29459.815,27.06
29459.967,27.05
29460.070,27.08
29460.175,27.08
29460.201,27.06
29460.336,27.03
29460.403,27.08
29460.513,27.05
29460.611,27.05
29460.707,27.06
29460.812,27.05
29460.900,27.06
29461.015,27.05
29461.111,27.06
29461.224,27.05
29461.309,27.05
29461.410,27.05
29461.506,27.09
29461.606,27.06
29461.704,27.03
29461.802,27.03
29461.908,27.03
29462.028,27.06
29462.123,27.08
29462.221,27.03
29462.327,27.05
29462.435,27.06
29462.533,27.05
29462.630,27.06
29462.739,27.06
29462.837,27.05
29462.939,27.05
29463.060,27.06
29463.146,27.08
29463.244,27.05
29463.347,27.03
29463.449,27.06
29463.552,27.08
29463.653,27.06
29463.756,27.05
29463.795,27.08
29463.961,27.06
29463.991,27.05
29464.175,27.03
29464.207,27.05
29464.305,27.05
29464.402,27.03
29464.500,27.08
29464.599,27.06
29464.707,27.08
29464.807,27.06
29464.898,27.06
29464.986,27.08
29465.089,27.05
29465.190,27.05
29465.312,27.05
29465.396,27.06
29465.521,27.06
29465.609,27.08
29465.702,27.08
29465.829,27.05
29465.930,27.09
29466.011,27.05
29466.138,27.05
29466.214,27.03
29466.339,27.05
29466.442,27.06
29466.521,27.08
29466.623,27.08
29516.736,27.05
29516.829,27.06
29516.932,27.09
29517.030,27.05
29517.148,27.05
29517.246,27.05
29517.300,27.08
29517.407,27.05
29517.513,27.05
29517.648,27.06
29517.719,27.03
29517.853,27.05
29517.880,27.09
29517.979,27.05
29518.082,27.05
29518.204,27.06
29518.280,27.06
29518.393,27.06
29518.500,27.08
29518.577,27.09
29518.690,27.08
29518.788,27.06
29518.900,27.08
29518.984,27.06
29519.081,27.06
29519.185,27.03
29519.310,27.09
29519.388,27.06
29519.489,27.06
29519.592,27.08
29519.675,27.05
29519.802,27.06
29519.907,27.06
29520.006,27.05
29520.111,27.08
29520.209,27.09
29520.334,27.05
29520.413,27.08
29520.518,27.05
29520.619,27.09
29520.724,27.05
29520.822,27.09
29520.925,27.06
29521.028,27.06
29521.148,27.08
29521.233,27.08
29521.342,27.08
29521.369,27.08
29521.557,27.06
29521.569,27.06
29521.667,27.08
29521.768,27.08
29521.883,27.08
29521.976,27.06
29522.082,27.06
29522.177,27.06
29522.280,27.08
29522.383,27.03
29522.474,27.01
29522.579,27.01
29522.668,27.05
29522.783,27.05
29522.869,27.06
29522.984,27.05
29523.070,27.05
29523.170,27.08
29523.280,27.01
29523.395,27.08
29523.462,27.06
29523.586,27.05
29523.690,27.06
29523.792,27.05
29523.888,27.06
29523.989,27.05
29524.084,27.06
29524.202,27.06
29524.305,27.03
29524.400,27.08
29524.508,27.08
29524.609,27.05
29524.712,27.08
29524.822,27.06
29524.927,27.05
29525.023,27.08
29525.121,27.08
29525.234,27.08
29525.258,27.06
29525.430,27.08
29525.457,27.06
29525.560,27.06
29525.665,27.05
29525.766,27.05
29525.869,27.08
29525.971,27.08
29526.069,27.08
29526.248,27.06
29526.290,27.06
29526.354,27.06
29526.456,27.05
29526.555,27.08
29526.684,27.08
29576.785,27.06
29576.863,27.06
29576.967,27.05
29577.070,27.06
29577.195,27.09
29577.278,27.05
29577.393,27.08
29577.484,27.05
29577.606,27.08
29577.682,27.08
29577.805,27.06
29577.893,27.03
29577.998,27.08
29578.128,27.05
29578.155,27.05
29578.256,27.05
29578.358,27.05
29578.464,27.08
29578.570,27.08
29578.707,27.05
29578.809,27.08
29578.885,27.08
29579.015,27.05
29579.116,27.08
29579.146,27.05
29579.253,27.08
29579.349,27.06
29579.452,27.05
29579.550,27.03
29579.643,27.08
29579.763,27.05
29579.859,27.05
29579.967,27.06
29580.049,27.09
29580.143,27.05
29580.266,27.08
29580.344,27.06
29580.449,27.08
29580.550,27.06
29580.652,27.08
29580.756,27.05
29580.863,27.05
29580.959,27.06
29581.070,27.08
29581.163,27.06
29581.268,27.06
29581.369,27.05
29581.479,27.06
29581.584,27.06
29581.704,27.05
29581.780,27.08
29581.881,27.08
29582.008,27.05
29582.087,27.11
29582.187,27.06
29582.299,27.08
29582.396,27.08
29582.498,27.03
29582.540,27.09
29582.699,27.05
29582.738,27.08
29582.905,27.06
29583.010,27.05
29583.038,27.05
29583.136,27.06
29583.241,27.08
29583.341,27.08
29583.440,27.06
29583.554,27.06
29583.641,27.05
29583.746,27.08
29583.851,27.08
29583.949,27.08
29584.055,27.05
29584.155,27.08
29584.256,27.08
29584.376,27.08
29584.445,27.08
29584.543,27.08
29584.665,27.08
29584.743,27.06
29584.851,27.06
29584.954,27.06
29585.048,27.08
29585.157,27.06
29585.255,27.08
29585.388,27.05
29585.479,27.06
29585.569,27.05
29585.670,27.06
29585.771,27.0
29585.891,27.08
29585.989,27.06
29586.084,27.03
29586.182,27.06
29586.309,27.05
29586.388,27.05
29586.489,27.06
29586.591,27.06
29586.695,27.06
29876.724,27.05
29876.924,27.06
29877.001,27.08
29877.030,27.08
29877.126,27.05
29877.239,27.06
29877.339,27.05
29877.435,27.03
29877.538,27.08
29877.638,27.05
29877.729,27.08
29877.829,27.09
29877.930,27.06
29878.052,27.08
29878.128,27.08
29878.229,27.08
29878.332,27.09
29878.459,27.06
29878.538,27.05
29878.640,27.09
29878.741,27.05
29878.856,27.06
29878.954,27.08
29879.049,27.08
29879.153,27.06
29879.266,27.08
29879.317,27.06
29879.462,27.06
29879.567,27.05
29879.663,27.06
29879.765,27.05
29879.890,27.06
29879.978,27.08
29880.074,27.06
29880.130,27.05
29880.255,27.05
29880.380,27.14
29880.484,27.06
29880.542,27.06
29880.625,27.05
29880.721,27.06
29880.827,27.08
29880.935,27.05
29881.016,27.11
29881.114,27.06
29881.216,27.09
29881.319,27.06
29881.430,27.09
29881.535,27.08
29881.609,27.11
29881.726,27.08
29881.815,27.09
29881.917,27.08
29882.023,27.09
29882.140,27.08
29882.226,27.09
29882.336,27.08
29882.430,27.08
29882.530,27.03
29882.626,27.05
29882.734,27.06
29882.829,27.06
29882.949,27.08
29883.168,27.05
29883.173,27.06
29883.248,27.08
29883.373,27.06
29883.454,27.11
29883.564,27.05
29883.665,27.06
29883.785,27.09
29883.863,27.09
29883.976,27.06
29884.070,27.05
29884.168,27.08
29884.273,27.06
29884.307,27.06
29884.408,27.11
29884.508,27.08
29884.604,27.05
29884.712,27.08
29884.805,27.08
29884.920,27.08
29885.033,27.06
29885.109,27.06
29885.217,27.11
29885.314,27.05
29885.403,27.08
29885.516,27.09
29885.604,27.08
29885.704,27.05
29885.815,27.11
29885.913,27.08
29886.013,27.08
29886.136,27.08
29886.219,27.03
29886.320,27.05
29886.422,27.08
29886.549,27.06
29886.626,27.06
29936.729,27.08
29936.832,27.08
29936.942,27.09
29937.037,27.03
29937.138,27.09
29937.243,27.09
29937.351,27.08
29937.474,27.06
29937.577,27.08
29937.679,27.09
29937.751,27.09
29937.854,27.08
29937.973,27.08
29937.993,27.08
29938.163,27.09
29938.192,27.08
29938.388,27.09
29938.391,27.08
29938.494,27.08
29938.597,27.06
29938.709,27.08
29938.880,27.08
29938.903,27.06
29939.076,27.08
29939.092,27.08
29939.187,27.06
29939.288,27.06
29939.393,27.06
29939.505,27.06
29939.601,27.08
29939.699,27.05
29939.812,27.08
29939.903,27.05
29939.996,27.08
29940.119,27.09
29940.223,27.09
29940.320,27.11
29940.415,27.11
29940.545,27.09
29940.621,27.09
29940.723,27.09
29940.785,27.09
29940.888,27.06
29941.021,27.08
29941.155,27.08
29941.234,27.06
29941.326,27.06
29941.447,27.08
29941.545,27.06
29941.648,27.08
29941.756,27.08
29941.783,27.09
29941.881,27.09
29942.060,27.08
29942.089,27.06
29942.260,27.06
29942.290,27.08
29942.386,27.11
29942.500,27.11
29942.579,27.11
29942.680,27.09
29942.798,27.08
29942.898,27.06
29942.998,27.05
29943.084,27.08
29943.187,27.11
29943.307,27.08
29943.410,27.08
29943.488,27.08
29943.592,27.09
29943.692,27.08
29943.797,27.05
29943.907,27.09
29944.003,27.06
29944.101,27.11
29944.223,27.08
29944.332,27.08
29944.410,27.09
29944.535,27.08
29944.633,27.08
29944.741,27.05
29944.819,27.12
29944.923,27.08
29944.981,27.08
29945.084,27.09
29945.229,27.09
29945.334,27.08
29945.403,27.06
29945.527,27.08
29945.630,27.09
29945.736,27.08
29945.834,27.08
29945.935,27.08
29945.986,27.08
29946.082,27.06
29946.179,27.11
29946.277,27.08
29946.378,27.08
29946.472,27.08
29946.572,27.08
29946.677,27.08
29996.795,27.09
29996.866,27.08
29996.989,27.08
29997.072,27.09
29997.184,27.08
29997.288,27.08
29997.386,27.09
29997.489,27.05
29997.582,27.08
29997.687,27.11
29997.788,27.08
29997.896,27.08
29997.986,27.08
29998.096,27.05
29998.202,27.12
29998.309,27.08
29998.405,27.06
29998.530,27.09
29998.631,27.03
29998.719,27.11
29998.837,27.08
29998.917,27.11
29999.042,27.08
29999.119,27.09
29999.222,27.06
29999.317,27.08
29999.366,27.06
29999.528,27.08
29999.633,27.09
29999.660,27.09
29999.760,27.09
29999.861,27.11
29999.976,27.08
30000.060,27.09
30000.168,27.08
30000.273,27.06
30000.375,27.06
30000.478,27.06
30000.577,27.05
30000.655,27.06
30000.778,27.11
30000.881,27.09
30000.976,27.11
30001.074,27.11
30001.204,27.06
30001.263,27.11
30001.361,27.08
30001.484,27.08
30001.570,27.11
30001.680,27.08
30001.793,27.11
30001.913,27.09
30001.988,27.11
30002.089,27.08
30002.190,27.05
30002.305,27.08
30002.396,27.08
30002.503,27.09
30002.604,27.08
30002.719,27.12
30002.748,27.11
30002.908,27.08
30003.011,27.08
30003.119,27.05
30003.217,27.08
30003.324,27.11
30003.351,27.08
30003.523,27.11
30003.626,27.09
30003.751,27.08
30003.927,27.11
30003.942,27.08
30003.966,27.09
30004.064,27.11
30004.239,27.11
30004.342,27.09
30004.347,27.08
30004.445,27.11
30004.555,27.08
30004.650,27.06
30004.773,27.08
30004.856,27.08
30004.947,27.09
30005.059,27.08
30005.160,27.05
30005.366,27.06
30005.368,27.11
30005.467,27.11
30005.572,27.11
30005.673,27.09
30005.741,27.08
30005.885,27.09
30005.991,27.12
30006.089,27.08
30006.185,27.11
30006.288,27.12
30006.393,27.08
30006.494,27.09
30006.594,27.11
30056.717,27.09
30056.800,27.09
30056.903,27.11
30057.005,27.09
30057.037,27.08
30057.152,27.09
30057.312,27.11
30057.339,27.09
30057.452,27.09
30057.554,27.09
30057.641,27.08
30057.746,27.08
30057.848,27.08
30057.951,27.05
30058.052,27.03
30058.136,27.09
30058.243,27.09
30058.339,27.12
30058.469,27.08
30058.562,27.08
30058.643,27.12
30058.744,27.06
30058.849,27.08
30058.967,27.09
30059.054,27.09
30059.155,27.09
30059.258,27.11
30059.359,27.08
30059.451,27.06
30059.530,27.08
30059.701,27.09
30059.743,27.09
30059.871,27.09
30059.967,27.12
30060.067,27.09
30060.150,27.08
30060.280,27.08
30060.393,27.11
30060.481,27.09
30060.579,27.11
30060.692,27.09
30060.804,27.06
30060.829,27.08
30061.005,27.12
30061.033,27.09
30061.126,27.11
30061.229,27.03
30061.327,27.08
30061.434,27.11
30061.543,27.06
30061.645,27.09
30061.741,27.06
30061.863,27.08
30061.925,27.08
30062.045,27.09
30062.126,27.09
30062.229,27.08
30062.327,27.08
30062.430,27.09
30062.533,27.08
30062.641,27.12
30062.739,27.08
30062.839,27.12
30062.966,27.11
30063.048,27.09
30063.148,27.12
30063.251,27.08
30063.376,27.09
30063.425,27.09
30063.548,27.08
30063.662,27.08
30063.746,27.08
30063.866,27.06
30063.969,27.12
30064.070,27.12
30064.157,27.11
30064.273,27.08
30064.378,27.06
30064.479,27.06
30064.582,27.08
30064.616,27.08
30064.717,27.12
30064.891,27.09
30064.917,27.11
30065.013,27.09
30065.119,27.12
30065.216,27.11
30065.322,27.11
30065.435,27.11
30065.537,27.09
30065.636,27.09
30065.736,27.06
30065.834,27.09
30065.913,27.11
30066.016,27.11
30066.123,27.11
30066.219,27.08
30066.322,27.11
30066.425,27.11
30066.527,27.11
30066.638,27.11
30116.714,27.08
30116.817,27.08
30116.937,27.11
30117.052,27.12
30117.143,27.11
30117.212,27.11
30117.337,27.09
30117.418,27.11
30117.543,27.14
30117.628,27.08
30117.760,27.12
30117.859,27.06
30117.956,27.11
30118.055,27.08
30118.109,27.09
30118.261,27.09
30118.310,27.11
30118.408,27.08
30118.577,27.09
30118.606,27.11
30118.709,27.11
30118.804,27.11
30118.912,27.08
30119.016,27.09
30119.114,27.11
30119.212,27.08
30119.326,27.11
30119.425,27.11
30119.523,27.08
30119.604,27.08
30119.702,27.08
30119.805,27.11
30119.900,27.12
30120.016,27.06
30120.114,27.09
30120.214,27.09
30120.315,27.11
30120.427,27.08
30120.523,27.11
30120.626,27.09
30120.726,27.08
30120.827,27.09
30120.932,27.08
30121.050,27.09
30121.138,27.09
30121.244,27.09
30121.342,27.06
30121.462,27.06
30121.557,27.11
30121.655,27.08
30121.751,27.06
30121.854,27.09
30121.966,27.09
30122.062,27.06
30122.158,27.09
30122.195,27.09
30122.293,27.08
30122.467,27.09
30122.494,27.11
30122.628,27.09
30122.695,27.08
30122.800,27.09
30122.910,27.08
30123.003,27.06
30123.106,27.12
30123.207,27.08
30123.299,27.11
30123.396,27.09
30123.491,27.08
30123.623,27.09
30123.690,27.08
30123.792,27.11
30123.900,27.11
30124.027,27.11
30124.109,27.06
30124.209,27.11
30124.297,27.09
30124.403,27.08
30124.523,27.08
30124.621,27.09
30124.822,27.11
30124.824,27.11
30124.927,27.11
30125.027,27.08
30125.136,27.08
30125.231,27.08
30125.332,27.09
30125.461,27.05
30125.548,27.06
30125.648,27.11
30125.744,27.08
30125.847,27.11
30125.947,27.08
30126.052,27.11
30126.162,27.09
30126.195,27.09
30126.288,27.11
30126.386,27.08
30126.565,27.11
30126.581,27.08
30126.689,27.09
30176.793,27.08
30176.881,27.08
30176.998,27.08
30177.099,27.08
30177.202,27.11
30177.300,27.05
30177.393,27.08
30177.484,27.08
30177.581,27.08
30177.712,27.11
30177.792,27.09
30177.895,27.08
30177.998,27.11
30178.101,27.06
30178.201,27.08
30178.297,27.06
30178.412,27.11
30178.513,27.11
30178.611,27.08
30178.712,27.08
30178.817,27.08
30178.918,27.09
30179.021,27.12
30179.136,27.09
30179.226,27.11
30179.327,27.09
30179.432,27.08
30179.552,27.09
30179.579,27.09
30179.738,27.11
30179.871,27.14
30179.944,27.09
30179.974,27.11
30180.146,27.06
30180.175,27.11
30180.285,27.09
30180.383,27.12
30180.478,27.09
30180.660,27.11
30180.684,27.11
30180.785,27.08
30180.886,27.08
30180.973,27.11
30181.081,27.11
30181.172,27.09
30181.273,27.09
30181.383,27.09
30181.486,27.08
30181.581,27.09
30181.682,27.11
30181.785,27.06
30181.891,27.11
30181.989,27.11
30182.092,27.08
30182.195,27.09
30182.298,27.06
30182.400,27.09
30182.511,27.11
30182.614,27.06
30182.685,27.08
30182.809,27.08
30182.913,27.11
30183.027,27.12
30183.125,27.09
30183.244,27.11
30183.320,27.09
30183.424,27.11
30183.545,27.11
30183.562,27.11
30183.731,27.09
30183.763,27.12
30183.957,27.11
30183.959,27.09
30184.070,27.11
30184.174,27.11
30184.280,27.11
30184.373,27.11
30184.474,27.08
30184.574,27.08
30184.677,27.08
30184.780,27.11
30184.866,27.09
30184.972,27.09
30185.062,27.11
30185.165,27.08
30185.266,27.11
30185.383,27.08
30185.473,27.09
30185.574,27.11
30185.682,27.09
30185.793,27.12
30185.881,27.12
30185.984,27.08
30186.087,27.11
30186.170,27.08
30186.292,27.09
30186.403,27.11
30186.496,27.08
30186.560,27.14
30186.668,27.12
30476.827,27.09
30476.900,27.11
30477.008,27.11
30477.119,27.11
30477.189,27.09
30477.315,27.08
30477.413,27.11
30477.511,27.08
30477.562,27.12
30477.657,27.11
30477.758,27.11
30477.954,27.11
30477.969,27.08
30478.067,27.08
30478.238,27.06
30478.339,27.09
30478.373,27.09
30478.469,27.12
30478.569,27.11
30478.646,27.09
30478.758,27.08
30478.853,27.11
30478.954,27.11
30479.057,27.06
30479.165,27.08
30479.268,27.11
30479.366,27.09
30479.467,27.09
30479.567,27.08
30479.690,27.11
30479.793,27.11
30479.883,27.11
30480.003,27.12
30480.079,27.06
30480.202,27.11
30480.246,27.11
30480.354,27.11
30480.479,27.12
30480.565,27.09
30480.685,27.09
30480.790,27.08
30480.893,27.06
30480.971,27.11
30481.094,27.09
30481.145,27.06
30481.320,27.08
30481.342,27.09
30481.444,27.11
30481.543,27.09
30481.641,27.12
30481.746,27.09
30481.844,27.11
30481.949,27.11
30482.062,27.08
30482.162,27.12
30482.327,27.09
30482.356,27.11
30482.451,27.11
30482.547,27.08
30482.643,27.11
30482.775,27.09
30482.847,27.08
30482.947,27.09
30483.062,27.09
30483.141,27.14
30483.255,27.11
30483.356,27.08
30483.469,27.08
30483.560,27.09
30483.665,27.12
30483.766,27.09
30483.878,27.11
30483.972,27.08
30484.074,27.11
30484.185,27.09
30484.288,27.08
30484.395,27.11
30484.483,27.09
30484.584,27.11
30484.687,27.14
30484.790,27.11
30484.886,27.11
30484.979,27.12
30485.097,27.08
30485.201,27.09
30485.229,27.08
30485.348,27.08
30485.506,27.08
30485.538,27.08
30485.641,27.09
30485.741,27.09
30485.839,27.08
30485.940,27.08
30486.043,27.11
30486.126,27.09
30486.224,27.08
30486.327,27.09
30486.452,27.08
30486.532,27.08
30486.635,27.08
30536.760,27.09
30536.863,27.11
30536.940,27.09
30537.045,27.11
30537.155,27.09
30537.253,27.06
30537.351,27.03
30537.452,27.08
30537.555,27.09
30537.648,27.08
30537.783,27.12
30537.871,27.08
30537.964,27.08
30538.070,27.11
30538.172,27.08
30538.290,27.11
30538.375,27.11
30538.476,27.12
30538.579,27.08
30538.699,27.08
30538.726,27.09
30538.886,27.09
30538.918,27.11
30539.021,27.09
30539.123,27.09
30539.217,27.03
30539.390,27.12
30539.432,27.11
30539.535,27.12
30539.636,27.08
30539.712,27.08
30539.832,27.11
30539.935,27.11
30540.015,27.09
30540.125,27.09
30540.217,27.09
30540.320,27.08
30540.425,27.08
30540.538,27.08
30540.636,27.08
30540.714,27.12
30540.824,27.09
30540.935,27.08
30541.035,27.11
30541.140,27.09
30541.226,27.09
30541.342,27.08
30541.437,27.09
30541.559,27.11
30541.663,27.11
30541.763,27.11
30541.863,27.09
30541.964,27.12
30542.086,27.09
30542.163,27.08
30542.266,27.11
30542.376,27.11
30542.471,27.08
30542.572,27.09
30542.702,27.08
30542.716,27.11
30542.812,27.05
30542.908,27.09
30543.015,27.06
30543.114,27.08
30543.212,27.09
30543.312,27.08
30543.432,27.08
30543.525,27.11
30543.623,27.09
30543.702,27.08
30543.802,27.11
30543.903,27.08
30544.006,27.11
30544.109,27.09
30544.211,27.09
30544.312,27.09
30544.415,27.08
30544.550,27.08
30544.619,27.12
30544.699,27.09
30544.834,27.11
30544.961,27.09
30545.005,27.11
30545.114,27.12
30545.217,27.11
30545.339,27.09
30545.440,27.08
30545.537,27.11
30545.668,27.06
30545.741,27.09
30545.842,27.09
30545.945,27.11
30546.050,27.08
30546.158,27.12
30546.263,27.11
30546.373,27.08
30546.395,27.09
30546.494,27.09
30546.668,27.09
30546.707,27.08
30596.795,27.08
30596.893,27.06
30597.008,27.11
30597.114,27.06
30597.209,27.09
30597.312,27.14
30597.410,27.09
30597.496,27.11
30597.619,27.12
30597.695,27.09
30597.804,27.11
30597.898,27.06
30598.000,27.08
30598.103,27.08
30598.209,27.08
30598.305,27.08
30598.410,27.11
30598.538,27.09
30598.621,27.09
30598.717,27.09
30598.814,27.09
30598.945,27.11
30599.025,27.09
30599.135,27.08
30599.236,27.09
30599.310,27.06
30599.395,27.11
30599.500,27.09
30599.604,27.11
30599.707,27.14
30599.810,27.09
30599.937,27.09
30600.048,27.09
30600.087,27.11
30600.185,27.11
30600.348,27.11
30600.461,27.08
30600.491,27.09
30600.587,27.14
30600.697,27.09
30600.790,27.08
30600.893,27.11
30600.994,27.12
30601.096,27.08
30601.195,27.09
30601.278,27.08
30601.378,27.08
30601.481,27.08
30601.586,27.11
30601.685,27.09
30601.788,27.11
30601.885,27.08
30602.094,27.11
30602.099,27.09
30602.204,27.09
30602.300,27.11
30602.403,27.11
30602.506,27.11
30602.621,27.08
30602.719,27.06
30602.822,27.09
30602.917,27.09
30603.035,27.08
30603.123,27.09
30603.224,27.12
30603.329,27.09
30603.429,27.08
30603.528,27.12
30603.633,27.08
30603.723,27.11
30603.836,27.11
30603.940,27.11
30604.042,27.09
30604.135,27.11
30604.187,27.11
30604.273,27.09
30604.383,27.11
30604.484,27.08
30604.572,27.11
30604.670,27.12
30604.778,27.11
30604.871,27.09
30604.986,27.09
30605.084,27.12
30605.192,27.14
30605.282,27.12
30605.373,27.08
30605.476,27.09
30605.587,27.11
30605.709,27.09
30605.807,27.12
30605.871,27.08
30605.994,27.12
30606.187,27.11
30606.192,27.11
30606.297,27.08
30606.386,27.09
30606.510,27.06
30606.608,27.12
30606.707,27.11
30656.807,27.09
30656.908,27.09
30657.033,27.12
30657.121,27.09
30657.217,27.11
30657.324,27.11
30657.398,27.11
30657.464,27.12
30657.628,27.11
30657.738,27.12
30657.763,27.09
30657.863,27.06
30657.959,27.11
30658.062,27.11
30658.179,27.11
30658.275,27.11
30658.454,27.09
30658.549,27.11
30658.574,27.11
30658.674,27.09
30658.792,27.11
30658.868,27.09
30658.989,27.09
30659.060,27.09
30659.170,27.11
30659.280,27.11
30659.356,27.05
30659.459,27.11
30659.572,27.08
30659.674,27.11
30659.771,27.11
30659.871,27.09
30659.969,27.12
30660.086,27.11
30660.187,27.12
30660.290,27.08
30660.391,27.09
30660.493,27.12
30660.606,27.08
30660.704,27.11
30660.800,27.09
30660.902,27.08
30661.003,27.12
30661.118,27.14
30661.211,27.12
30661.310,27.11
30661.415,27.08
30661.516,27.12
30661.619,27.12
30661.650,27.08
30661.824,27.09
30661.883,27.09
30661.951,27.11
30662.054,27.11
30662.175,27.11
30662.258,27.12
30662.361,27.11
30662.508,27.09
30662.567,27.11
30662.663,27.12
30662.746,27.08
30662.849,27.14
30662.979,27.12
30663.052,27.12
30663.150,27.11
30663.251,27.08
30663.351,27.08
30663.461,27.14
30663.569,27.09
30663.690,27.08
30663.770,27.09
30663.871,27.08
30663.974,27.11
30664.082,27.11
30664.180,27.14
30664.290,27.11
30664.383,27.14
30664.493,27.11
30664.589,27.09
30664.690,27.11
30664.795,27.05
30664.922,27.11
30665.005,27.12
30665.143,27.12
30665.145,27.11
30665.307,27.09
30665.408,27.11
30665.440,27.11
30665.552,27.09
30665.638,27.09
30665.746,27.11
30665.851,27.09
30665.952,27.08
30666.055,27.11
30666.158,27.12
30666.241,27.08
30666.354,27.11
30666.435,27.09
30666.538,27.12
30666.636,27.11
30716.739,27.12
30716.842,27.12
30716.954,27.06
30717.045,27.11
30717.152,27.05
30717.258,27.08
30717.337,27.11
30717.457,27.11
30717.565,27.11
30717.662,27.08
30717.756,27.11
30717.866,27.08
30717.967,27.08
30718.070,27.11
30718.173,27.12
30718.277,27.11
30718.378,27.12
30718.494,27.08
30718.594,27.14
30718.689,27.09
30718.788,27.12
30718.832,27.06
30718.993,27.08
30719.094,27.11
30719.202,27.09
30719.234,27.11
30719.329,27.09
30719.429,27.09
30719.548,27.08
30719.633,27.08
30719.734,27.11
30719.834,27.11
30719.937,27.09
30720.040,27.11
30720.123,27.11
30720.258,27.11
30720.324,27.08
30720.425,27.08
30720.528,27.08
30720.628,27.12
30720.734,27.11
30720.869,27.11
30720.940,27.09
30721.040,27.09
30721.141,27.11
30721.246,27.14
30721.364,27.08
30721.454,27.12
30721.564,27.11
30721.619,27.09
30721.775,27.11
30721.859,27.11
30721.932,27.11
30722.065,27.11
30722.165,27.11
30722.270,27.09
30722.371,27.09
30722.473,27.09
30722.577,27.11
30722.677,27.09
30722.771,27.11
30722.886,27.12
30722.991,27.09
30723.018,27.08
30723.201,27.09
30723.217,27.09
30723.329,27.09
30723.427,27.11
30723.523,27.06
30723.636,27.09
30723.734,27.11
30723.907,27.08
30723.937,27.12
30724.021,27.11
30724.123,27.09
30724.223,27.09
30724.317,27.09
30724.418,27.11
30724.521,27.11
30724.623,27.14
30724.739,27.11
30724.839,27.11
30724.935,27.06
30725.136,27.14
30725.138,27.09
30725.244,27.11
30725.341,27.09
30725.451,27.06
30725.545,27.08
30725.648,27.12
30725.771,27.11
30725.858,27.14
30725.954,27.14
30726.057,27.11
30726.140,27.12
30726.261,27.11
30726.364,27.09
30726.476,27.08
30726.508,27.11
30726.672,27.06
30776.773,27.11
30776.804,27.11
30776.979,27.14
30777.082,27.09
30777.106,27.11
30777.207,27.11
30777.310,27.12
30777.420,27.11
30777.503,27.12
30777.626,27.08
30777.704,27.06
30777.809,27.09
30777.905,27.08
30778.023,27.08
30778.106,27.14
30778.207,27.09
30778.314,27.12
30778.415,27.11
30778.515,27.11
30778.619,27.11
30778.723,27.09
30778.827,27.06
30778.949,27.08
30779.028,27.11
30779.130,27.08
30779.231,27.12
30779.341,27.08
30779.449,27.09
30779.540,27.09
30779.643,27.12
30779.744,27.11
30779.859,27.09
30779.959,27.12
30779.996,27.08
30780.153,27.11
30780.256,27.09
30780.364,27.08
30780.462,27.11
30780.550,27.09
30780.665,27.11
30780.768,27.09
30780.800,27.11
30780.972,27.11
30781.000,27.09
30781.099,27.09
30781.201,27.09
30781.309,27.08
30781.415,27.12
30781.498,27.08
30781.599,27.11
30781.697,27.09
30781.792,27.06
30781.888,27.08
30781.989,27.09
30782.089,27.11
30782.189,27.09
30782.310,27.09
30782.408,27.12
30782.508,27.08
30782.611,27.12
30782.714,27.12
30782.805,27.09
30782.927,27.11
30783.023,27.11
30783.123,27.09
30783.226,27.11
30783.329,27.08
30783.430,27.09
30783.535,27.16
30783.635,27.05
30783.741,27.11
30783.783,27.11
30783.952,27.08
30784.048,27.09
30784.148,27.11
30784.271,27.11
30784.351,27.12
30784.457,27.06
30784.488,27.11
30784.592,27.09
30784.692,27.09
30784.790,27.08
30784.888,27.09
30784.991,27.09
30785.091,27.11
30785.180,27.08
30785.298,27.11
30785.400,27.09
30785.486,27.09
30785.582,27.09
30785.695,27.08
30785.787,27.08
30785.896,27.08
30785.976,27.09
30786.079,27.06
30786.194,27.06
30786.297,27.08
30786.400,27.08
30786.501,27.09
30786.606,27.08
30786.702,27.09
31076.810,27.08
31076.912,27.06
31077.013,27.08
31077.114,27.08
31077.219,27.09
31077.332,27.09
31077.435,27.08
31077.532,27.08
31077.628,27.11
31077.731,27.08
31077.834,27.09
31077.945,27.08
31077.971,27.11
31078.141,27.09
31078.244,27.08
31078.285,27.09
31078.369,27.09
31078.472,27.09
31078.577,27.08
31078.682,27.09
31078.788,27.11
31078.885,27.09
31079.003,27.11
31079.074,27.08
31079.177,27.11
31079.275,27.12
31079.371,27.09
31079.473,27.14
31079.577,27.06
31079.677,27.12
31079.782,27.08
31079.881,27.11
31079.984,27.09
31080.104,27.08
31080.189,27.09
31080.299,27.11
31080.398,27.14
31080.518,27.11
31080.604,27.11
31080.702,27.08
31080.802,27.11
31080.908,27.08
31081.006,27.11
31081.111,27.12
31081.207,27.11
31081.315,27.09
31081.418,27.09
31081.521,27.09
31081.628,27.09
31081.724,27.08
31081.827,27.09
31081.944,27.11
31082.033,27.11
31082.059,27.11
31082.199,27.12
31082.263,27.11
31082.380,27.08
31082.467,27.11
31082.567,27.11
31082.723,27.11
31082.775,27.09
31082.875,27.09
31082.978,27.08
31083.065,27.11
31083.165,27.08
31083.261,27.08
31083.364,27.08
31083.467,27.06
31083.567,27.06
31083.670,27.08
31083.782,27.11
31083.881,27.11
31084.003,27.12
31084.074,27.09
31084.192,27.11
31084.288,27.09
31084.388,27.09
31084.516,27.08
31084.599,27.09
31084.697,27.08
31084.798,27.08
31084.900,27.08
31085.005,27.08
31085.104,27.09
31085.251,27.09
31085.310,27.08
31085.435,27.09
31085.513,27.11
31085.619,27.08
31085.723,27.11
31085.753,27.08
31085.924,27.11
31085.952,27.11
31086.055,27.11
31086.160,27.08
31086.256,27.11
31086.354,27.09
31086.462,27.11
31086.562,27.09
31086.665,27.11
31136.766,27.11
31136.869,27.06
31136.947,27.08
31137.050,27.09
31137.158,27.08
31137.253,27.05
31137.364,27.11
31137.459,27.11
31137.572,27.08
31137.646,27.08
31137.766,27.09
31137.869,27.08
31137.959,27.08
31138.064,27.08
31138.146,27.09
31138.248,27.09
31138.381,27.09
31138.501,27.08
31138.609,27.09
31138.665,27.09
31138.790,27.09
31138.869,27.11
31138.996,27.03
31139.121,27.09
31139.199,27.09
31139.302,27.12
31139.405,27.08
31139.506,27.09
31139.604,27.08
31139.707,27.08
31139.815,27.05
31139.842,27.09
31139.942,27.08
31140.052,27.06
31140.150,27.11
31140.256,27.06
31140.337,27.09
31140.440,27.08
31140.545,27.06
31140.641,27.08
31140.761,27.11
31140.846,27.11
31140.944,27.08
31141.050,27.11
31141.153,27.09
31141.250,27.08
31141.349,27.05
31141.452,27.09
31141.565,27.09
31141.668,27.09
31141.768,27.12
31141.866,27.09
31141.932,27.09
31142.069,27.09
31142.163,27.05
31142.250,27.06
31142.383,27.08
31142.457,27.08
31142.601,27.09
31142.667,27.09
31142.788,27.05
31142.886,27.11
31142.988,27.08
31143.084,27.05
31143.194,27.08
31143.298,27.08
31143.336,27.08
31143.432,27.08
31143.535,27.11
31143.635,27.09
31143.729,27.06
31143.842,27.09
31143.940,27.08
31144.043,27.05
31144.138,27.08
31144.244,27.06
31144.342,27.11
31144.462,27.11
31144.535,27.09
31144.628,27.09
31144.729,27.06
31144.856,27.11
31144.935,27.11
31145.038,27.09
31145.138,27.08
31145.243,27.05
31145.366,27.08
31145.472,27.09
31145.548,27.05
31145.652,27.08
31145.753,27.12
31145.856,27.06
31145.925,27.08
31146.030,27.09
31146.165,27.08
31146.273,27.08
31146.361,27.08
31146.469,27.08
31146.572,27.06
31146.687,27.08
31196.785,27.09
31196.881,27.06
31196.984,27.08
31197.084,27.08
31197.114,27.11
31197.293,27.11
31197.320,27.09
31197.415,27.09
31197.528,27.08
31197.628,27.11
31197.802,27.09
31197.827,27.11
31197.927,27.05
31198.030,27.08
31198.114,27.09
31198.219,27.05
31198.317,27.08
31198.415,27.05
31198.525,27.05
31198.621,27.11
31198.724,27.09
31198.849,27.06
31198.937,27.08
31199.035,27.11
31199.135,27.11
31199.236,27.08
31199.337,27.11
31199.440,27.08
31199.543,27.08
31199.653,27.06
31199.756,27.09
31199.851,27.05
31199.952,27.06
31200.064,27.08
31200.119,27.08
31200.226,27.06
31200.371,27.09
31200.489,27.08
31200.565,27.06
31200.687,27.06
31200.704,27.05
31200.875,27.09
31200.976,27.08
31201.005,27.08
31201.192,27.06
31201.219,27.06
31201.315,27.08
31201.422,27.11
31201.525,27.08
31201.623,27.06
31201.719,27.11
31201.804,27.08
31201.902,27.08
31202.021,27.06
31202.104,27.06
31202.206,27.08
31202.307,27.05
31202.410,27.09
31202.523,27.08
31202.616,27.06
31202.717,27.08
31202.820,27.05
31202.934,27.09
31203.032,27.08
31203.130,27.08
31203.229,27.06
31203.331,27.03
31203.432,27.05
31203.535,27.03
31203.626,27.08
31203.741,27.08
31203.844,27.08
31203.908,27.09
31204.038,27.08
31204.121,27.09
31204.241,27.08
31204.295,27.06
31204.452,27.08
31204.552,27.08
31204.604,27.05
31204.695,27.06
31204.797,27.08
31204.893,27.08
31204.996,27.08
31205.096,27.09
31205.204,27.08
31205.300,27.08
31205.403,27.08
31205.508,27.08
31205.608,27.09
31205.709,27.09
31205.832,27.06
31205.893,27.03
31205.993,27.08
31206.097,27.11
31206.204,27.05
31206.302,27.08
31206.412,27.06
31206.506,27.06
31206.611,27.06
31256.712,27.11
31256.814,27.08
31256.934,27.09
31257.018,27.09
31257.121,27.06
31257.243,27.06
31257.300,27.08
31257.386,27.05
31257.496,27.08
31257.601,27.08
31257.704,27.08
31257.837,27.06
31257.939,27.05
31258.040,27.09
31258.146,27.06
31258.248,27.06
31258.349,27.05
31258.452,27.08
31258.547,27.06
31258.646,27.06
31258.771,27.05
31258.790,27.06
31258.885,27.08
31258.998,27.05
31259.185,27.05
31259.192,27.05
31259.297,27.06
31259.396,27.05
31259.505,27.06
31259.603,27.09
31259.680,27.06
31259.782,27.08
31259.896,27.08
31259.988,27.08
31260.089,27.08
31260.192,27.08
31260.295,27.08
31260.398,27.11
31260.508,27.08
31260.609,27.09
31260.704,27.06
31260.824,27.05
31260.918,27.05
31261.021,27.09
31261.119,27.08
31261.226,27.09
31261.344,27.08
31261.422,27.08
31261.523,27.08
31261.587,27.06
31261.709,27.08
31261.800,27.11
31261.923,27.08
31261.971,27.08
31262.079,27.08
31262.241,27.08
31262.337,27.05
31262.445,27.08
31262.486,27.08
31262.582,27.08
31262.677,27.08
31262.778,27.05
31262.881,27.08
31262.984,27.08
31263.082,27.08
31263.207,27.06
31263.275,27.11
31263.371,27.05
31263.467,27.06
31263.592,27.03
31263.674,27.08
31263.777,27.05
31263.885,27.09
31263.986,27.08
31264.084,27.06
31264.182,27.08
31264.288,27.09
31264.400,27.08
31264.496,27.06
31264.594,27.06
31264.697,27.08
31264.807,27.05
31264.902,27.06
31265.043,27.08
31265.108,27.05
31265.209,27.11
31265.310,27.08
31265.430,27.05
31265.508,27.03
31265.628,27.08
31265.722,27.05
31265.824,27.06
31265.927,27.09
31266.030,27.06
31266.119,27.08
31266.163,27.09
31266.261,27.06
31266.359,27.08
31266.532,27.05
31266.564,27.05
31266.660,27.05
31316.771,27.05
31316.952,27.06
31317.054,27.08
31317.057,27.05
31317.177,27.06
31317.268,27.06
31317.364,27.08
31317.464,27.08
31317.591,27.05
31317.660,27.08
31317.763,27.03
31317.873,27.06
31317.976,27.09
31318.076,27.08
31318.175,27.09
31318.290,27.08
31318.396,27.09
31318.494,27.05
31318.589,27.09
31318.692,27.08
31318.795,27.06
31318.895,27.06
31319.006,27.05
31319.106,27.09
31319.229,27.06
31319.305,27.05
31319.429,27.05
31319.515,27.09
31319.613,27.08
31319.714,27.08
31319.839,27.08
31319.920,27.06
31320.023,27.09
31320.126,27.03
31320.163,27.08
31320.256,27.08
31320.356,27.05
31320.459,27.06
31320.557,27.06
31320.660,27.06
31320.763,27.03
31320.864,27.08
31320.967,27.06
31321.045,27.06
31321.150,27.09
31321.271,27.09
31321.356,27.08
31321.454,27.08
31321.567,27.06
31321.684,27.05
31321.761,27.05
31321.866,27.06
31321.967,27.05
31322.072,27.05
31322.172,27.05
31322.275,27.08
31322.380,27.05
31322.481,27.05
31322.584,27.06
31322.685,27.08
31322.788,27.05
31322.851,27.05
31322.954,27.08
31323.059,27.05
31323.168,27.08
31323.299,27.06
31323.432,27.08
31323.516,27.05
31323.542,27.05
31323.640,27.08
31323.744,27.08
31323.839,27.06
31323.951,27.01
31324.050,27.05
31324.253,27.05
31324.256,27.06
31324.336,27.08
31324.437,27.05
31324.540,27.08
31324.643,27.06
31324.744,27.05
31324.861,27.05
31324.945,27.06
31325.040,27.06
31325.143,27.08
31325.244,27.05
31325.354,27.05
31325.474,27.08
31325.552,27.09
31325.675,27.09
31325.763,27.08
31325.859,27.05
31325.962,27.06
31326.064,27.03
31326.167,27.08
31326.277,27.06
31326.373,27.06
31326.479,27.06
31326.576,27.08
31326.685,27.06
31376.780,27.05
31376.893,27.03
31376.994,27.05
31377.025,27.06
31377.190,27.05
31377.293,27.08
31377.395,27.05
31377.425,27.05
31377.538,27.05
31377.636,27.08
31377.804,27.05
31377.834,27.05
31377.930,27.05
31378.033,27.05
31378.135,27.06
31378.250,27.05
31378.348,27.06
31378.427,27.08
31378.528,27.03
31378.638,27.08
31378.744,27.03
31378.829,27.09
31378.932,27.05
31379.025,27.08
31379.146,27.08
31379.248,27.06
31379.376,27.06
31379.424,27.06
31379.545,27.06
31379.641,27.06
31379.734,27.05
31379.856,27.08
31379.964,27.08
31380.057,27.08
31380.155,27.03
31380.258,27.06
31380.364,27.08
31380.467,27.05
31380.577,27.05
31380.677,27.06
31380.775,27.06
31380.876,27.06
31380.979,27.05
31381.082,27.05
31381.190,27.08
31381.288,27.05
31381.391,27.06
31381.420,27.08
31381.518,27.08
31381.625,27.06
31381.721,27.05
31381.827,27.08
31381.924,27.05
31382.013,27.06
31382.111,27.06
31382.234,27.08
31382.334,27.05
31382.413,27.01
31382.516,27.08
31382.616,27.06
31382.721,27.08
31382.832,27.06
31382.927,27.08
31383.025,27.05
31383.138,27.09
31383.234,27.08
31383.334,27.06
31383.439,27.06
31383.549,27.06
31383.641,27.11
31383.761,27.08
31383.849,27.08
31383.949,27.08
31384.045,27.08
31384.146,27.08
31384.250,27.03
31384.364,27.03
31384.461,27.05
31384.565,27.05
31384.667,27.08
31384.766,27.06
31384.876,27.06
31384.908,27.06
31385.013,27.06
31385.109,27.08
31385.280,27.08
31385.307,27.06
31385.408,27.05
31385.508,27.03
31385.623,27.06
31385.702,27.05
31385.802,27.06
31385.900,27.05
31386.011,27.05
31386.101,27.08
31386.202,27.05
31386.305,27.08
31386.508,27.05
31386.513,27.08
31386.611,27.08
31676.714,27.05
31676.815,27.05
31676.927,27.03
31677.030,27.05
31677.131,27.08
31677.228,27.06
31677.327,27.06
31677.437,27.05
31677.533,27.05
31677.636,27.08
31677.738,27.05
31677.849,27.03
31677.945,27.08
31678.047,27.05
31678.106,27.06
31678.250,27.06
31678.315,27.09
31678.422,27.05
31678.496,27.05
31678.658,27.05
31678.729,27.08
31678.864,27.08
31678.905,27.06
31679.070,27.05
31679.096,27.05
31679.197,27.03
31679.299,27.03
31679.398,27.05
31679.513,27.05
31679.609,27.06
31679.706,27.05
31679.810,27.03
31679.912,27.06
31680.008,27.03
31680.094,27.05
31680.195,27.08
31680.299,27.03
31680.420,27.05
31680.496,27.08
31680.606,27.03
31680.702,27.06
31680.810,27.05
31680.915,27.05
31681.016,27.09
31681.116,27.05
31681.229,27.06
31681.326,27.08
31681.432,27.09
31681.535,27.05
31681.633,27.06
31681.733,27.06
31681.847,27.06
31681.935,27.06
31682.047,27.05
31682.146,27.08
31682.258,27.01
31682.285,27.03
31682.381,27.05
31682.552,27.08
31682.582,27.03
31682.680,27.06
31682.790,27.08
31682.947,27.06
31682.988,27.05
31683.084,27.06
31683.266,27.09
31683.369,27.05
31683.398,27.05
31683.496,27.05
31683.599,27.08
31683.685,27.08
31683.778,27.06
31683.883,27.06
31683.984,27.06
31684.097,27.05
31684.190,27.06
31684.292,27.05
31684.388,27.05
31684.496,27.06
31684.609,27.01
31684.680,27.05
31684.805,27.05
31684.905,27.05
31685.010,27.05
31685.111,27.06
31685.197,27.05
31685.319,27.03
31685.418,27.09
31685.523,27.05
31685.631,27.06
31685.728,27.06
31685.826,27.06
31685.934,27.08
31686.033,27.05
31686.136,27.06
31686.256,27.05
31686.271,27.03
31686.451,27.01
31686.479,27.09
31686.577,27.06
31686.670,27.05
31736.849,27.06
31736.878,27.05
31736.991,27.03
31737.084,27.06
31737.189,27.05
31737.285,27.06
31737.388,27.05
31737.489,27.06
31737.569,27.08
31737.670,27.06
31737.773,27.06
31737.883,27.08
31738.003,27.03
31738.119,27.05
31738.182,27.05
31738.285,27.03
31738.390,27.05
31738.506,27.05
31738.603,27.06
31738.699,27.05
31738.797,27.05
31738.900,27.01
31739.001,27.06
31739.104,27.05
31739.168,27.05
31739.273,27.05
31739.415,27.03
31739.513,27.05
31739.616,27.05
31739.724,27.08
31739.790,27.03
31739.932,27.06
31740.035,27.03
31740.062,27.06
31740.158,27.05
31740.342,27.01
31740.371,27.05
31740.538,27.03
31740.567,27.03
31740.668,27.06
31740.766,27.03
31740.871,27.03
31740.969,27.03
31741.074,27.05
31741.177,27.05
31741.255,27.05
31741.356,27.03
31741.469,27.05
31741.570,27.06
31741.665,27.03
31741.770,27.08
31741.881,27.09
31741.976,27.05
31742.074,27.05
31742.180,27.09
31742.285,27.06
31742.380,27.06
31742.503,27.01
31742.592,27.05
31742.687,27.05
31742.790,27.01
31742.915,27.01
31742.996,27.06
31743.057,27.06
31743.158,27.03
31743.309,27.05
31743.364,27.05
31743.471,27.05
31743.574,27.05
31743.650,27.05
31743.753,27.05
31743.918,27.08
31744.020,27.01
31744.048,27.01
31744.216,27.05
31744.266,27.05
31744.364,27.01
31744.464,27.05
31744.562,27.01
31744.660,27.05
31744.753,27.03
31744.859,27.03
31744.967,27.06
31745.077,27.03
31745.150,27.01
31745.248,27.03
31745.351,27.06
31745.452,27.01
31745.582,27.06
31745.658,27.05
31745.766,27.08
31745.863,27.05
31745.966,27.06
31746.067,27.05
31746.180,27.05
31746.273,27.05
31746.375,27.05
31746.486,27.05
31746.592,27.05
31796.712,27.03
31796.787,27.06
31796.888,27.05
31796.989,27.05
31797.092,27.05
31797.153,27.08
31797.297,27.03
31797.359,27.01
31797.462,27.0
31797.562,27.06
31797.648,27.08
31797.770,27.01
31797.869,27.06
31797.945,27.05
31798.043,27.05
31798.138,27.08
31798.241,27.03
31798.342,27.01
31798.452,27.08
31798.555,27.03
31798.653,27.03
31798.753,27.03
31798.861,27.06
31798.935,27.03
31799.037,27.01
31799.138,27.01
31799.243,27.05
31799.354,27.0
31799.449,27.01
31799.581,27.05
31799.677,27.05
31799.755,27.06
31799.856,27.05
31799.947,27.05
31800.070,27.05
31800.173,27.05
31800.266,27.05
31800.371,27.01
31800.471,27.03
31800.589,27.01
31800.677,27.05
31800.785,27.01
31800.890,27.05
31801.005,27.01
31801.084,27.05
31801.187,27.05
31801.290,27.05
31801.391,27.06
31801.503,27.08
31801.532,27.03
31801.628,27.05
31801.805,27.05
31801.834,27.01
31801.932,27.06
31802.030,27.05
31802.133,27.03
31802.236,27.05
31802.339,27.06
31802.427,27.01
31802.548,27.05
31802.621,27.05
31802.724,27.03
31802.839,27.06
31802.939,27.05
31803.035,27.06
31803.135,27.03
31803.229,27.05
31803.332,27.06
31803.456,27.03
31803.528,27.03
31803.638,27.05
31803.756,27.03
31803.827,27.06
31803.940,27.08
31804.032,27.05
31804.158,27.03
31804.263,27.03
31804.351,27.01
31804.472,27.03
31804.594,27.05
31804.675,27.08
31804.771,27.03
31804.873,27.05
31805.001,27.05
31805.018,27.03
31805.114,27.05
31805.283,27.03
31805.315,27.0
31805.489,27.03
31805.516,27.03
31805.616,27.05
31805.734,27.06
31805.824,27.03
31805.932,27.01
31806.028,27.06
31806.111,27.01
31806.229,27.01
31806.332,27.05
31806.435,27.03
31806.515,27.01
31806.623,27.05
31856.719,27.03
31856.837,27.0
31856.923,27.03
31857.025,27.03
31857.150,27.05
31857.248,27.06
31857.364,27.03
31857.437,27.01
31857.535,27.05
31857.646,27.0
31857.743,27.05
31857.842,27.05
31857.945,27.01
31858.049,27.05
31858.150,27.01
31858.271,27.01
31858.354,27.0
31858.452,27.0
31858.560,27.06
31858.675,27.01
31858.714,27.01
31858.817,27.0
31858.971,27.05
31859.087,27.03
31859.114,27.05
31859.212,27.03
31859.307,27.05
31859.410,27.0
31859.508,27.06
31859.616,27.01
31859.714,27.05
31859.815,27.03
31859.915,27.05
31860.018,27.01
31860.197,27.05
31860.199,27.01
31860.309,27.05
31860.403,27.03
31860.511,27.01
31860.619,27.03
31860.714,27.01
31860.812,27.01
31860.925,27.05
31861.028,27.01
31861.123,27.01
31861.224,27.01
31861.326,27.05
31861.427,27.03
31861.528,27.05
31861.631,27.05
31861.760,27.01
31861.837,27.03
31861.940,27.06
31862.050,27.01
31862.172,27.05
31862.248,27.01
31862.358,27.01
31862.444,27.01
31862.552,27.03
31862.657,27.01
31862.765,27.01
31862.861,27.03
31862.893,27.01
31863.086,27.03
31863.101,27.05
31863.204,27.01
31863.373,27.05
31863.405,26.98
31863.496,27.03
31863.603,27.01
31863.704,27.01
31863.820,27.05
31863.891,27.0
31863.988,27.03
31864.089,26.98
31864.192,27.01
31864.300,27.05
31864.398,26.98
31864.508,27.01
31864.601,27.03
31864.706,27.01
31864.807,27.01
31864.923,27.01
31865.011,27.05
31865.114,27.01
31865.204,27.03
31865.334,27.05
31865.434,27.03
31865.493,27.06
31865.626,27.05
31865.726,27.03
31865.831,27.01
31865.942,27.0
31866.033,27.03
31866.138,27.01
31866.239,27.03
31866.336,27.01
31866.445,27.0
31866.547,27.01
31866.650,27.0
31916.761,27.01
31916.849,27.0
31916.881,27.0
31916.981,27.01
31917.084,27.08
31917.195,27.03
31917.293,27.0
31917.391,27.0
31917.494,26.98
31917.596,27.0
31917.697,27.01
31917.775,27.05
31917.905,27.01
31917.983,27.03
31918.082,27.03
31918.229,27.06
31918.290,27.03
31918.391,27.01
31918.494,27.01
31918.598,27.05
31918.699,27.03
31918.800,27.01
31918.930,27.05
31919.008,27.05
31919.108,26.98
31919.174,27.01
31919.337,27.03
31919.413,27.01
31919.521,27.03
31919.596,27.03
31919.744,27.03
31919.824,27.01
31919.893,27.01
31919.971,27.01
31920.136,27.01
31920.175,27.01
31920.273,27.03
31920.373,27.0
31920.469,27.0
31920.638,27.05
31920.668,27.01
31920.770,27.01
31920.871,27.01
31920.973,27.0
31921.081,27.01
31921.170,27.0
31921.283,27.01
31921.383,27.0
31921.486,27.03
31921.584,27.03
31921.668,27.01
31921.768,27.03
31921.871,27.0
31921.976,26.97
31922.077,27.01
31922.180,27.03
31922.283,27.05
31922.395,27.05
31922.589,27.01
31922.592,26.98
31922.692,27.01
31922.814,27.03
31922.896,27.0
31923.006,27.03
31923.062,27.01
31923.204,27.0
31923.266,27.03
31923.418,27.05
31923.479,27.08
31923.613,27.03
31923.687,27.03
31923.827,27.0
31923.898,27.05
31924.023,27.05
31924.126,27.05
31924.226,27.03
31924.331,27.01
31924.432,27.01
31924.478,27.0
31924.562,27.01
31924.662,27.01
31924.763,27.01
31924.869,27.01
31924.969,27.05
31925.072,27.03
31925.173,27.01
31925.256,27.06
31925.363,27.0
31925.457,27.0
31925.579,27.01
31925.690,27.05
31925.763,27.01
31925.866,27.03
31925.991,27.01
31926.079,27.0
31926.175,27.01
31926.275,27.0
31926.383,27.0
31926.479,27.03
31926.582,26.98
31926.685,27.01
31976.798,26.95
31976.896,27.01
31976.993,26.98
31977.096,26.98
31977.197,27.01
31977.261,27.0
31977.366,27.01
31977.474,27.0
31977.613,27.0
31977.679,27.01
31977.832,26.98
31977.913,26.98
31978.018,27.01
31978.048,27.05
31978.150,27.0
31978.256,27.01
31978.353,27.01
31978.449,27.0
31978.550,27.0
31978.650,27.0
31978.748,26.98
31978.848,26.98
31978.962,27.05
31979.065,27.03
31979.143,27.0
31979.253,27.0
31979.348,27.01
31979.449,26.97
31979.552,26.97
31979.667,27.01
31979.765,26.98
31979.861,27.01
31979.962,27.01
31980.065,27.01
31980.168,27.01
31980.270,27.0
31980.400,26.98
31980.476,26.97
31980.577,26.98
31980.672,27.05
31980.793,27.05
31980.848,27.03
31980.986,27.01
31981.094,27.01
31981.190,27.0
31981.295,27.01
31981.396,26.98
31981.505,27.03
31981.599,27.01
31981.702,27.01
31981.829,26.97
31981.842,26.98
31981.937,27.0
31982.035,27.01
31982.138,26.97
31982.239,27.01
31982.341,27.01
31982.445,27.01
31982.562,27.0
31982.729,27.01
31982.753,27.03
31982.853,27.0
31982.932,27.01
31983.033,26.95
31983.136,27.0
31983.246,27.0
31983.351,27.01
31983.447,27.01
31983.547,27.0
31983.665,27.0
31983.751,27.0
31983.854,27.0
31983.956,27.0
31984.077,27.03
31984.160,26.98
31984.263,26.97
31984.364,27.01
31984.467,26.98
31984.570,27.0
31984.674,27.01
31984.736,27.01
31984.841,27.01
31984.979,27.01
31985.082,27.01
31985.184,27.01
31985.285,27.0
31985.398,27.0
31985.425,26.98
31985.525,27.03
31985.697,27.0
31985.724,26.98
31985.829,27.03
31985.937,27.01
31986.106,27.03
31986.133,26.98
31986.238,27.0
31986.322,27.03
31986.445,27.0
31986.540,27.0
31986.641,26.98
32276.719,27.03
32276.834,27.01
32276.927,26.97
32277.027,27.01
32277.131,27.0
32277.233,27.01
32277.341,27.06
32277.437,27.01
32277.550,27.01
32277.646,27.01
32277.751,27.05
32277.849,27.0
32277.949,27.01
32278.074,27.0
32278.123,27.03
32278.266,26.98
32278.368,27.0
32278.462,27.01
32278.564,27.03
32278.665,26.98
32278.770,26.95
32278.834,27.0
32278.932,27.0
32279.084,26.97
32279.113,27.0
32279.243,26.98
32279.342,27.01
32279.476,26.98
32279.589,27.01
32279.618,27.01
32279.714,27.0
32279.827,27.0
32279.915,26.98
32280.021,27.03
32280.118,27.01
32280.219,27.0
32280.326,27.0
32280.423,26.97
32280.521,26.98
32280.614,26.97
32280.714,27.0
32280.815,27.0
32280.913,27.0
32281.013,26.98
32281.133,27.0
32281.231,26.95
32281.329,27.03
32281.432,27.01
32281.532,27.03
32281.636,27.0
32281.751,27.05
32281.841,27.03
32281.945,26.97
32282.045,27.01
32282.163,26.98
32282.261,26.97
32282.359,26.98
32282.557,26.98
32282.560,27.0
32282.667,27.01
32282.788,26.98
32282.864,26.98
32282.967,26.97
32283.067,27.03
32283.172,26.98
32283.273,26.98
32283.302,27.0
32283.403,26.98
32283.589,27.0
32283.603,26.98
32283.709,27.01
32283.810,27.06
32283.913,26.98
32284.000,27.01
32284.099,26.95
32284.221,27.05
32284.322,27.01
32284.403,26.98
32284.501,26.98
32284.604,27.03
32284.734,27.01
32284.819,27.01
32284.915,26.97
32285.016,27.01
32285.099,26.98
32285.222,26.98
32285.322,27.0
32285.425,27.01
32285.537,26.98
32285.631,27.0
32285.731,26.98
32285.837,27.01
32285.937,26.95
32286.048,27.05
32286.160,27.0
32286.244,26.98
32286.348,26.98
32286.449,26.98
32286.528,26.95
32286.594,27.05
32336.756,26.98
32336.866,27.01
32336.896,27.0
32337.064,27.05
32337.092,26.98
32337.189,27.01
32337.310,27.01
32337.395,26.98
32337.496,26.98
32337.675,26.98
32337.704,27.0
32337.804,27.03
32337.905,26.97
32337.998,27.01
32338.087,26.98
32338.189,26.98
32338.292,26.98
32338.410,26.98
32338.508,26.98
32338.604,27.0
32338.701,26.98
32338.802,27.01
32338.905,27.01
32339.016,27.01
32339.109,26.98
32339.214,27.0
32339.315,27.01
32339.408,26.97
32339.511,26.98
32339.614,26.98
32339.733,26.98
32339.834,26.98
32339.930,27.0
32340.033,26.98
32340.136,27.03
32340.246,27.0
32340.299,27.01
32340.452,27.0
32340.570,26.98
32340.586,27.0
32340.682,26.98
32340.780,26.97
32340.954,26.95
32340.979,27.03
32341.079,26.98
32341.185,26.98
32341.305,26.98
32341.393,26.97
32341.491,27.0
32341.592,26.98
32341.695,26.97
32341.798,26.98
32341.876,27.0
32341.981,26.98
32342.084,26.98
32342.182,26.98
32342.287,27.01
32342.408,27.01
32342.489,27.03
32342.594,27.0
32342.702,26.98
32342.819,27.01
32342.900,26.95
32343.003,26.98
32343.104,26.98
32343.212,27.0
32343.310,27.03
32343.422,27.01
32343.515,26.98
32343.621,26.98
32343.729,26.98
32343.847,26.98
32343.925,27.0
32344.025,27.0
32344.123,26.97
32344.244,27.0
32344.334,26.97
32344.435,26.98
32344.538,26.98
32344.657,27.03
32344.743,26.97
32344.775,26.97
32344.873,27.0
32344.979,27.0
32345.076,26.98
32345.175,26.98
32345.278,26.97
32345.371,26.97
32345.469,26.98
32345.589,26.95
32345.674,26.98
32345.785,26.98
32345.883,27.05
32345.981,27.0
32346.082,26.97
32346.175,26.98
32346.288,27.0
32346.390,26.97
32346.494,26.98
32346.591,27.0
32346.689,27.0
32396.790,26.98
32396.891,27.0
32396.994,27.01
32397.092,26.98
32397.185,27.01
32397.304,26.95
32397.405,27.0
32397.508,27.0
32397.621,26.97
32397.719,26.98
32397.815,26.98
32397.876,26.98
32398.021,27.0
32398.091,26.98
32398.226,26.97
32398.332,27.01
32398.359,26.92
32398.459,26.97
32398.574,26.97
32398.655,27.01
32398.761,26.97
32398.875,27.0
32399.067,27.01
32399.070,26.98
32399.168,27.0
32399.263,26.98
32399.391,27.01
32399.469,27.01
32399.555,26.97
32399.658,26.97
32399.761,26.97
32399.866,26.97
32399.966,26.97
32400.067,27.0
32400.172,27.01
32400.273,27.0
32400.375,27.01
32400.493,26.95
32400.586,26.98
32400.684,26.97
32400.785,26.98
32400.907,26.98
32400.989,26.98
32401.092,26.98
32401.194,26.98
32401.305,27.01
32401.408,26.97
32401.505,26.95
32401.603,26.98
32401.707,26.98
32401.807,26.98
32401.910,26.97
32402.021,26.97
32402.050,26.98
32402.148,27.01
32402.331,26.94
32402.349,26.98
32402.445,27.0
32402.565,26.95
32402.652,27.01
32402.766,26.95
32402.864,26.98
32402.959,26.97
32403.064,26.98
32403.152,27.0
32403.246,26.95
32403.347,27.0
32403.447,26.95
32403.552,27.01
32403.652,26.98
32403.753,26.98
32403.888,26.97
32403.961,27.01
32404.060,27.01
32404.168,26.98
32404.277,26.98
32404.373,26.98
32404.469,27.01
32404.579,27.01
32404.675,26.98
32404.778,26.98
32404.903,26.95
32404.991,26.97
32405.084,26.98
32405.207,26.98
32405.290,26.98
32405.393,26.98
32405.496,27.01
32405.598,26.92
32405.638,27.01
32405.804,27.0
32405.905,27.0
32406.006,26.95
32406.047,26.97
32406.143,27.0
32406.244,27.0
32406.344,26.98
32406.449,26.97
32406.552,26.94
32406.655,27.0
32456.744,27.0
32456.853,26.97
32456.952,27.01
32457.030,26.97
32457.153,26.95
32457.236,26.95
32457.339,26.98
32457.440,26.97
32457.545,26.98
32457.646,26.95
32457.731,26.98
32457.849,26.95
32457.945,26.95
32458.045,27.0
32458.138,26.95
32458.255,26.98
32458.354,26.98
32458.454,26.97
32458.579,26.97
32458.658,26.95
32458.773,26.97
32458.873,26.98
32458.966,27.0
32459.072,27.01
32459.189,26.97
32459.283,26.98
32459.385,27.0
32459.516,26.97
32459.589,27.01
32459.694,26.98
32459.795,26.97
32459.827,26.98
32459.925,26.98
32460.104,26.97
32460.130,26.98
32460.229,26.97
32460.331,26.97
32460.439,26.95
32460.537,27.0
32460.638,27.0
32460.726,26.98
32460.827,26.94
32460.922,27.0
32461.025,26.98
32461.150,26.97
32461.239,26.95
32461.337,26.95
32461.444,26.97
32461.535,26.98
32461.648,26.98
32461.768,26.98
32461.844,26.98
32461.956,26.98
32462.052,26.97
32462.152,26.97
32462.253,26.92
32462.356,26.92
32462.459,26.98
32462.560,26.97
32462.665,26.97
32462.773,26.98
32462.878,26.98
32462.989,27.0
32463.035,26.97
32463.138,27.0
32463.278,26.95
32463.400,27.0
32463.425,26.97
32463.594,26.95
32463.619,26.98
32463.724,26.98
32463.817,26.95
32463.915,27.0
32464.018,27.0
32464.121,26.97
32464.234,26.92
32464.329,26.98
32464.429,26.94
32464.530,27.03
32464.608,26.97
32464.709,26.97
32464.826,27.01
32464.915,26.98
32465.018,26.98
32465.121,27.0
32465.238,26.98
32465.334,26.94
32465.432,26.97
32465.530,26.97
32465.633,26.98
32465.734,26.97
32465.837,26.98
32465.940,26.97
32466.042,26.98
32466.145,26.97
32466.246,26.95
32466.349,26.94
32466.462,27.0
32466.555,26.98
32466.687,26.97
32516.766,26.98
32516.864,26.98
32516.964,26.97
32517.076,26.95
32517.104,26.94
32517.271,26.95
32517.322,26.92
32517.476,26.95
32517.503,26.98
32517.601,26.97
32517.704,26.98
32517.807,26.95
32517.908,26.95
32518.010,26.95
32518.131,27.01
32518.216,26.97
32518.320,26.98
32518.396,26.95
32518.500,26.95
32518.596,26.98
32518.706,26.94
32518.807,26.95
32518.913,26.97
32519.013,26.98
32519.114,26.97
32519.239,26.97
32519.327,26.97
32519.425,26.97
32519.523,26.95
32519.648,26.97
32519.728,26.95
32519.831,26.94
32519.932,26.98
32520.040,26.97
32520.138,26.97
32520.239,26.98
32520.342,26.97
32520.447,26.95
32520.547,26.97
32520.650,26.97
32520.761,26.95
32520.881,26.98
32520.957,26.98
32521.072,26.97
32521.091,26.92
32521.265,26.95
32521.293,26.97
32521.390,26.98
32521.508,26.94
32521.604,26.98
32521.701,26.95
32521.810,26.97
32521.888,26.95
32522.006,26.94
32522.106,26.98
32522.187,26.95
32522.288,26.98
32522.383,27.0
32522.486,26.92
32522.589,26.95
32522.717,26.98
32522.810,26.98
32522.913,26.97
32523.003,26.95
32523.106,26.95
32523.211,26.94
32523.322,26.97
32523.418,26.94
32523.518,26.97
32523.646,26.97
32523.734,26.95
32523.829,27.03
32523.927,26.95
32524.030,26.95
32524.131,26.95
32524.234,27.01
32524.337,26.97
32524.381,26.95
32524.543,26.97
32524.643,26.94
32524.748,26.94
32524.790,26.97
32524.885,26.97
32524.983,26.92
32525.081,26.94
32525.190,26.95
32525.285,26.97
32525.396,26.98
32525.481,26.95
32525.591,26.95
32525.692,26.98
32525.795,26.95
32525.896,27.0
32525.976,26.95
32526.077,26.92
32526.180,26.95
32526.288,26.98
32526.385,26.94
32526.513,26.98
32526.599,26.98
32526.699,26.94
32576.780,26.97
32576.902,26.97
32577.010,26.95
32577.077,26.92
32577.212,26.95
32577.322,26.95
32577.390,26.94
32577.511,26.94
32577.606,26.94
32577.704,26.98
32577.809,26.97
32577.930,26.92
32578.018,26.95
32578.126,26.97
32578.229,26.97
32578.329,26.95
32578.432,26.97
32578.535,26.94
32578.645,26.95
32578.675,26.95
32578.842,26.98
32578.871,26.98
32578.967,26.95
32579.074,26.97
32579.185,26.95
32579.353,26.94
32579.381,26.95
32579.464,26.97
32579.570,26.95
32579.665,26.94
32579.763,26.97
32579.866,26.95
32579.969,26.98
32580.070,26.95
32580.182,27.0
32580.275,26.97
32580.380,26.94
32580.479,26.95
32580.582,26.95
32580.695,26.98
32580.793,26.98
32580.888,26.98
32580.994,27.0
32581.077,26.97
32581.197,26.97
32581.300,26.98
32581.407,26.94
32581.505,26.97
32581.613,26.98
32581.731,26.95
32581.820,26.95
32581.918,26.97
32582.018,26.97
32582.141,26.98
32582.224,26.97
32582.329,26.92
32582.427,26.95
32582.467,26.95
32582.557,26.95
32582.660,26.98
32582.761,26.94
32582.859,26.98
32582.962,26.97
32583.065,26.94
32583.167,26.95
32583.270,26.97
32583.373,26.95
32583.474,26.95
32583.570,26.94
32583.660,26.97
32583.756,26.97
32583.861,26.95
32583.979,26.97
32584.065,26.98
32584.167,26.97
32584.268,26.92
32584.381,26.95
32584.479,26.94
32584.577,26.92
32584.687,26.95
32584.782,26.97
32584.883,26.98
32584.986,26.92
32585.098,26.94
32585.148,26.94
32585.293,26.98
32585.407,26.95
32585.447,26.95
32585.601,26.97
32585.702,26.94
32585.817,26.94
32585.846,26.95
32585.978,26.97
32586.113,26.97
32586.214,26.95
32586.244,26.9
32586.420,27.0
32586.447,26.95
32586.545,26.94
32586.658,26.92
32876.753,26.94
32876.920,26.95
32876.957,26.97
32877.057,26.9
32877.153,26.97
32877.248,26.95
32877.349,26.94
32877.447,26.9
32877.545,26.97
32877.655,26.95
32877.751,26.98
32877.854,26.97
32877.979,26.95
32878.065,26.92
32878.163,26.98
32878.263,26.95
32878.364,26.98
32878.467,26.94
32878.570,26.92
32878.674,26.94
32878.782,26.92
32878.876,26.97
32878.979,26.92
32879.082,26.97
32879.194,26.95
32879.288,26.92
32879.339,26.92
32879.491,26.95
32879.594,26.95
32879.695,26.95
32879.819,26.94
32879.863,26.94
32879.969,26.89
32880.106,26.9
32880.133,26.94
32880.251,26.92
32880.347,26.94
32880.437,26.95
32880.549,26.97
32880.645,26.95
32880.744,26.92
32880.848,26.92
32880.932,26.92
32881.054,26.92
32881.131,26.92
32881.234,26.92
32881.336,26.95
32881.437,26.92
32881.538,26.97
32881.653,26.92
32881.744,26.92
32881.849,26.98
32881.949,26.92
32882.065,26.95
32882.165,26.95
32882.261,26.92
32882.388,26.98
32882.474,26.92
32882.567,26.89
32882.665,26.95
32882.770,26.92
32882.871,26.92
32882.974,26.94
32883.079,26.92
32883.179,26.95
32883.280,26.97
32883.383,26.92
32883.491,26.92
32883.530,26.92
32883.690,26.94
32883.746,26.94
32883.827,26.94
32883.927,26.94
32884.021,26.94
32884.123,26.95
32884.226,26.98
32884.339,26.92
32884.435,26.94
32884.518,26.92
32884.636,26.98
32884.736,26.89
32884.839,26.9
32884.923,26.92
32885.028,26.9
32885.126,26.97
32885.221,26.97
32885.331,26.97
32885.440,26.97
32885.538,26.95
32885.636,26.92
32885.739,26.89
32885.841,26.94
32885.944,26.9
32886.087,26.92
32886.160,26.94
32886.260,26.95
32886.356,26.9
32886.476,26.94
32886.557,26.94
32886.660,26.95
32936.771,26.94
32936.869,26.98
32936.966,26.97
32937.067,26.95
32937.172,26.9
32937.275,26.9
32937.376,26.94
32937.489,26.92
32937.582,26.95
32937.677,26.95
32937.709,26.92
32937.814,26.94
32937.925,26.92
32938.021,26.92
32938.126,26.92
32938.223,26.89
32938.312,26.98
32938.410,26.94
32938.528,26.92
32938.606,26.92
32938.707,26.95
32938.820,26.94
32938.945,26.92
32939.016,26.94
32939.118,26.92
32939.219,26.89
32939.324,26.89
32939.425,26.89
32939.527,26.95
32939.630,26.95
32939.739,26.95
32939.804,26.94
32939.937,26.95
32940.047,26.94
32940.150,26.92
32940.250,26.94
32940.322,26.92
32940.449,26.92
32940.552,26.94
32940.653,26.95
32940.756,26.9
32940.859,27.0
32940.971,26.92
32941.067,26.92
32941.165,26.94
32941.209,26.92
32941.371,26.92
32941.400,26.94
32941.501,26.92
32941.601,26.95
32941.712,26.92
32941.883,26.92
32941.915,26.95
32942.011,26.92
32942.111,26.95
32942.212,26.9
32942.312,26.92
32942.396,26.92
32942.503,26.9
32942.608,26.97
32942.724,26.95
32942.804,26.95
32942.907,26.94
32943.008,26.95
32943.114,26.9
32943.217,26.95
32943.315,26.92
32943.418,26.94
32943.521,26.95
32943.623,26.95
32943.719,26.97
32943.829,26.9
32943.934,26.95
32943.996,26.92
32944.148,26.92
32944.204,26.95
32944.339,26.95
32944.442,26.94
32944.549,26.94
32944.657,26.95
32944.751,26.92
32944.853,26.89
32944.956,26.9
32945.057,26.98
32945.168,26.9
32945.195,26.97
32945.290,26.9
32945.396,26.95
32945.493,26.95
32945.673,26.9
32945.699,26.9
32945.798,26.9
32945.902,26.92
32945.986,26.94
32946.092,26.94
32946.190,26.94
32946.287,26.92
32946.398,26.9
32946.493,26.89
32946.592,26.9
32946.695,26.95
32996.800,26.92
32996.900,26.92
32997.001,26.9
32997.106,26.95
32997.207,26.9
32997.309,26.92
32997.420,26.92
32997.523,26.92
32997.619,26.87
32997.685,26.92
32997.824,26.95
32997.888,26.92
32998.025,26.92
32998.138,26.89
32998.236,26.9
32998.332,26.92
32998.435,26.95
32998.559,26.89
32998.643,26.95
32998.741,26.92
32998.854,26.9
32998.881,26.95
32999.050,26.94
32999.077,26.89
32999.180,26.86
32999.293,26.9
32999.386,26.9
32999.484,26.9
32999.596,26.92
32999.674,26.9
32999.795,26.95
32999.893,26.94
32999.972,26.89
33000.076,26.95
33000.177,26.92
33000.288,26.95
33000.420,26.92
33000.491,26.92
33000.589,26.92
33000.690,26.87
33000.810,26.92
33000.893,26.95
33000.996,26.9
33001.131,26.92
33001.204,26.95
33001.305,26.92
33001.405,26.89
33001.508,26.94
33001.611,26.95
33001.714,26.95
33001.824,26.92
33001.917,26.94
33002.021,26.9
33002.123,26.9
33002.234,26.92
33002.327,26.92
33002.430,26.94
33002.525,26.89
33002.646,26.89
33002.695,26.94
33002.847,26.94
33002.873,26.94
33002.967,26.92
33003.067,26.98
33003.170,26.89
33003.282,26.89
33003.375,26.92
33003.484,26.9
33003.584,26.92
33003.702,26.89
33003.765,26.94
33003.861,26.92
33003.966,26.9
33004.098,26.9
33004.173,26.9
33004.271,26.92
33004.376,26.9
33004.483,26.92
33004.579,26.9
33004.680,26.89
33004.805,26.92
33004.895,26.95
33004.998,26.92
33005.096,26.97
33005.195,26.9
33005.298,26.94
33005.408,26.92
33005.503,26.94
33005.609,26.89
33005.706,26.94
33005.810,26.89
33005.880,26.95
33006.013,26.94
33006.118,26.94
33006.228,26.92
33006.320,26.92
33006.425,26.92
33006.520,26.94
33006.552,26.89
33006.668,26.9
33056.756,26.89
33056.859,26.95
33056.966,26.98
33057.060,26.9
33057.163,26.94
33057.266,26.9
33057.380,26.86
33057.451,26.9
33057.550,26.9
33057.652,26.89
33057.755,26.95
33057.859,26.92
33057.969,26.95
33058.062,26.9
33058.163,26.89
33058.266,26.89
33058.369,26.9
33058.481,26.94
33058.572,26.89
33058.675,26.9
33058.778,26.92
33058.891,26.89
33058.994,26.87
33059.089,26.9
33059.187,26.94
33059.290,26.87
33059.393,26.92
33059.494,26.92
33059.596,26.89
33059.699,26.92
33059.802,26.92
33059.898,26.9
33059.951,26.92
33060.109,26.94
33060.165,26.9
33060.342,26.89
33060.344,26.9
33060.451,26.92
33060.552,26.92
33060.646,26.94
33060.753,26.92
33060.851,26.92
33060.952,26.92
33061.054,26.89
33061.143,26.92
33061.246,26.92
33061.342,26.94
33061.442,26.9
33061.543,26.94
33061.668,26.9
33061.748,26.92
33061.859,26.87
33062.055,26.9
33062.060,26.97
33062.158,26.94
33062.271,26.9
33062.388,26.94
33062.464,26.94
33062.574,26.94
33062.670,26.92
33062.771,26.86
33062.893,26.94
33062.981,26.9
33063.087,26.92
33063.209,26.95
33063.302,26.95
33063.395,26.95
33063.491,26.9
33063.589,26.94
33063.695,26.92
33063.797,26.92
33063.898,26.9
33064.000,26.92
33064.038,26.94
33064.136,26.94
33064.233,26.9
33064.331,26.97
33064.435,26.95
33064.538,26.89
33064.640,26.92
33064.729,26.89
33064.829,26.92
33064.951,26.9
33065.050,26.95
33065.140,26.87
33065.238,26.92
33065.336,26.94
33065.464,26.89
33065.549,26.92
33065.648,26.9
33065.744,26.92
33065.844,26.86
33065.947,26.92
33066.045,26.92
33066.155,26.94
33066.253,26.92
33066.349,26.9
33066.459,26.92
33066.567,26.97
33066.663,26.9
33116.765,26.94
33116.876,26.89
33117.001,26.87
33117.074,26.92
33117.175,26.89
33117.302,26.87
33117.388,26.9
33117.484,26.92
33117.591,26.9
33117.621,26.92
33117.788,26.92
33117.891,26.89
33117.918,26.89
33118.037,26.89
33118.123,26.92
33118.233,26.89
33118.334,26.89
33118.437,26.9
33118.533,26.92
33118.635,26.9
33118.734,26.9
33118.839,26.89
33118.918,26.94
33119.016,26.92
33119.138,26.92
33119.228,26.92
33119.326,26.89
33119.429,26.95
33119.550,26.92
33119.633,26.89
33119.736,26.89
33119.837,26.9
33119.942,26.89
33120.043,26.87
33120.146,26.89
33120.248,26.89
33120.354,26.86
33120.462,26.89
33120.582,26.92
33120.655,26.89
33120.768,26.86
33120.861,26.89
33120.978,26.89
33121.067,26.92
33121.179,26.89
33121.299,26.9
33121.375,26.9
33121.469,26.89
33121.577,26.9
33121.608,26.9
33121.712,26.9
33121.812,26.92
33121.917,26.94
33122.021,26.9
33122.116,26.86
33122.217,26.92
33122.319,26.89
33122.422,26.9
33122.528,26.95
33122.606,26.94
33122.706,26.9
33122.837,26.92
33122.935,26.9
33123.011,26.87
33123.114,26.92
33123.224,26.9
33123.329,26.89
33123.424,26.89
33123.523,26.94
33123.625,26.89
33123.731,26.89
33123.829,26.89
33123.932,26.86
33124.045,26.89
33124.143,26.9
33124.239,26.94
33124.353,26.94
33124.449,26.94
33124.549,26.89
33124.652,26.89
33124.763,26.89
33124.861,26.84
33124.957,26.86
33125.062,26.89
33125.163,26.87
33125.214,26.84
33125.388,26.89
33125.403,26.86
33125.503,26.92
33125.599,26.86
33125.697,26.86
33125.798,26.9
33125.912,26.86
33126.008,26.86
33126.121,26.9
33126.199,26.89
33126.315,26.89
33126.417,26.89
33126.494,26.89
33126.596,26.92
33126.697,26.89
33176.800,26.86
33176.903,26.92
33177.013,26.87
33177.109,26.92
33177.224,26.9
33177.312,26.92
33177.415,26.87
33177.515,26.89
33177.636,26.89
33177.729,26.86
33177.827,26.89
33177.930,26.87
33178.030,26.92
33178.131,26.9
33178.234,26.87
33178.337,26.89
33178.447,26.9
33178.545,26.89
33178.643,26.87
33178.748,26.9
33178.849,26.89
33178.952,26.92
33179.062,26.89
33179.165,26.92
33179.192,26.86
33179.361,26.89
33179.386,26.87
33179.498,26.89
33179.596,26.86
33179.692,26.86
33179.795,26.89
33179.907,26.87
33180.001,26.9
33180.101,26.92
33180.204,26.87
33180.283,26.94
33180.383,26.89
33180.486,26.94
33180.599,26.87
33180.701,26.9
33180.820,26.92
33180.900,26.89
33181.010,26.89
33181.106,26.89
33181.204,26.86
33181.314,26.92
33181.415,26.89
33181.511,26.86
33181.636,26.92
33181.723,26.89
33181.820,26.89
33181.920,26.89
33182.048,26.89
33182.126,26.89
33182.226,26.9
33182.329,26.89
33182.461,26.89
33182.535,26.92
33182.636,26.89
33182.748,26.89
33182.849,26.92
33182.878,26.9
33183.048,26.86
33183.150,26.89
33183.177,26.87
33183.275,26.89
33183.378,26.87
33183.494,26.87
33183.592,26.89
33183.674,26.89
33183.788,26.89
33183.908,26.89
33183.979,26.89
33184.101,26.9
33184.175,26.89
33184.302,26.89
33184.378,26.92
33184.481,26.92
33184.584,26.87
33184.687,26.89
33184.782,26.86
33184.883,26.84
33185.001,26.89
33185.121,26.86
33185.197,26.86
33185.307,26.9
33185.402,26.82
33185.498,26.86
33185.599,26.9
33185.719,26.89
33185.814,26.89
33185.913,26.86
33186.018,26.87
33186.128,26.9
33186.224,26.87
33186.322,26.86
33186.425,26.92
33186.528,26.89
33186.631,26.86
33476.734,26.86
33476.780,26.92
33476.864,26.86
33477.050,26.89
33477.077,26.94
33477.177,26.94
33477.273,26.87
33477.375,26.89
33477.474,26.9
33477.582,26.89
33477.682,26.94
33477.766,26.86
33477.905,26.87
33477.964,26.9
33478.065,26.87
33478.168,26.89
33478.271,26.89
33478.371,26.89
33478.474,26.9
33478.577,26.87
33478.684,26.86
33478.782,26.84
33478.883,26.86
33478.986,26.89
33479.153,26.9
33479.192,26.87
33479.256,26.92
33479.395,26.89
33479.461,26.84
33479.562,26.82
33479.739,26.89
33479.812,26.86
33479.908,26.86
33480.020,26.92
33480.131,26.87
33480.158,26.89
33480.317,26.84
33480.418,26.89
33480.454,26.89
33480.565,26.87
33480.726,26.89
33480.755,26.89
33480.853,26.89
33480.951,26.87
33481.072,26.89
33481.248,26.92
33481.251,26.9
33481.369,26.89
33481.469,26.89
33481.555,26.89
33481.648,26.86
33481.750,26.82
33481.854,26.86
33481.967,26.82
33482.067,26.84
33482.165,26.89
33482.263,26.9
33482.366,26.89
33482.469,26.89
33482.570,26.86
33482.674,26.92
33482.783,26.89
33482.881,26.87
33482.981,26.89
33483.087,26.86
33483.185,26.86
33483.287,26.92
33483.393,26.87
33483.501,26.89
33483.621,26.87
33483.697,26.9
33483.809,26.89
33483.905,26.84
33484.006,26.87
33484.128,26.87
33484.145,26.86
33484.244,26.9
33484.344,26.86
33484.442,26.89
33484.619,26.86
33484.646,26.89
33484.744,26.86
33484.863,26.86
33484.954,26.86
33485.052,26.86
33485.155,26.89
33485.256,26.89
33485.358,26.84
33485.456,26.87
33485.552,26.89
33485.643,26.86
33485.771,26.89
33485.848,26.86
33485.973,26.87
33486.052,26.89
33486.155,26.87
33486.256,26.86
33486.381,26.86
33486.464,26.82
33486.564,26.86
33486.665,26.92
33536.770,26.89
33536.871,26.86
33536.974,26.89
33537.076,26.89
33537.187,26.9
33537.285,26.89
33537.383,26.86
33537.484,26.87
33537.582,26.86
33537.692,26.86
33537.805,26.79
33537.905,26.92
33537.998,26.89
33538.101,26.89
33538.217,26.87
33538.243,26.86
33538.339,26.89
33538.440,26.86
33538.540,26.87
33538.646,26.89
33538.744,26.89
33538.842,26.86
33538.951,26.84
33539.045,26.86
33539.148,26.86
33539.226,26.87
33539.329,26.87
33539.430,26.89
33539.533,26.9
33539.643,26.89
33539.738,26.89
33539.839,26.84
33539.942,26.87
33540.054,26.89
33540.148,26.82
33540.251,26.86
33540.378,26.82
33540.425,26.84
33540.557,26.89
33540.660,26.89
33540.763,26.87
33540.873,26.82
33540.994,26.9
33541.042,26.86
33541.152,26.84
33541.275,26.86
33541.378,26.86
33541.481,26.86
33541.574,26.84
33541.682,26.86
33541.787,26.89
33541.891,26.89
33541.989,26.84
33542.020,26.86
33542.217,26.89
33542.229,26.86
33542.326,26.82
33542.425,26.9
33542.527,26.87
33542.626,26.86
33542.731,26.89
33542.834,26.82
33542.949,26.87
33543.016,26.84
33543.118,26.82
33543.222,26.89
33543.322,26.86
33543.430,26.87
33543.528,26.84
33543.628,26.82
33543.733,26.86
33543.836,26.9
33543.937,26.84
33544.054,26.84
33544.141,26.86
33544.244,26.84
33544.346,26.89
33544.464,26.87
33544.560,26.87
33544.657,26.86
33544.721,26.82
33544.820,26.81
33544.925,26.84
33545.064,26.87
33545.165,26.82
33545.268,26.84
33545.376,26.87
33545.473,26.86
33545.565,26.82
33545.670,26.86
33545.719,26.86
33545.815,26.86
33545.913,26.87
33546.011,26.86
33546.111,26.82
33546.300,26.84
33546.309,26.9
33546.418,26.82
33546.521,26.82
33546.623,26.89
33546.709,26.82
33596.807,26.84
33596.908,26.86
33597.013,26.86
33597.113,26.86
33597.212,26.87
33597.315,26.82
33597.418,26.89
33597.521,26.86
33597.623,26.89
33597.728,26.86
33597.827,26.81
33597.934,26.79
33598.043,26.86
33598.138,26.87
33598.236,26.84
33598.341,26.86
33598.462,26.86
33598.545,26.81
33598.648,26.86
33598.748,26.86
33598.873,26.82
33598.954,26.89
33599.057,26.84
33599.167,26.82
33599.266,26.86
33599.364,26.82
33599.464,26.84
33599.569,26.86
33599.604,26.86
33599.744,26.82
33599.802,26.81
33599.900,26.81
33600.003,26.84
33600.104,26.87
33600.211,26.86
33600.300,26.89
33600.413,26.86
33600.513,26.82
33600.594,26.86
33600.734,26.79
33600.809,26.82
33600.903,26.82
33601.003,26.81
33601.106,26.81
33601.207,26.82
33601.310,26.86
33601.413,26.82
33601.523,26.81
33601.621,26.86
33601.728,26.84
33601.822,26.86
33601.925,26.82
33602.028,26.82
33602.138,26.86
33602.231,26.82
33602.334,26.86
33602.435,26.81
33602.550,26.84
33602.645,26.86
33602.744,26.82
33602.800,26.84
33602.908,26.81
33603.015,26.86
33603.152,26.84
33603.256,26.82
33603.320,26.86
33603.425,26.89
33603.562,26.86
33603.606,26.82
33603.690,26.84
33603.793,26.89
33603.893,26.84
33603.998,26.84
33604.099,26.82
33604.199,26.81
33604.287,26.84
33604.405,26.81
33604.483,26.82
33604.587,26.82
33604.709,26.84
33604.798,26.82
33604.893,26.79
33604.996,26.86
33605.201,26.84
33605.202,26.82
33605.302,26.79
33605.405,26.87
33605.511,26.87
33605.611,26.84
33605.714,26.84
33605.817,26.86
33605.923,26.84
33606.028,26.89
33606.131,26.84
33606.224,26.86
33606.351,26.9
33606.430,26.79
33606.571,26.79
33606.643,26.84
33656.741,26.82
33656.849,26.86
33656.876,26.82
33656.981,26.86
33657.076,26.86
33657.250,26.82
33657.283,26.82
33657.378,26.82
33657.476,26.82
33657.582,26.79
33657.682,26.87
33657.785,26.84
33657.890,26.86
33657.989,26.81
33658.092,26.82
33658.194,26.81
33658.272,26.87
33658.386,26.81
33658.479,26.82
33658.579,26.86
33658.682,26.82
33658.795,26.84
33658.893,26.82
33658.989,26.84
33659.092,26.82
33659.196,26.84
33659.298,26.84
33659.503,26.84
33659.505,26.84
33659.571,26.84
33659.709,26.81
33659.810,26.81
33659.888,26.79
33660.013,26.86
33660.116,26.81
33660.223,26.82
33660.324,26.86
33660.432,26.82
33660.552,26.79
33660.633,26.81
33660.731,26.86
33660.834,26.82
33660.930,26.81
33660.974,26.86
33661.072,26.81
33661.170,26.86
33661.270,26.82
33661.369,26.86
33661.473,26.81
33661.574,26.84
33661.692,26.82
33661.783,26.82
33661.881,26.82
33661.967,26.82
33662.060,26.84
33662.173,26.82
33662.268,26.84
33662.368,26.84
33662.472,26.82
33662.574,26.81
33662.677,26.82
33662.795,26.78
33662.881,26.84
33662.984,26.82
33663.089,26.82
33663.206,26.84
33663.302,26.82
33663.398,26.86
33663.496,26.82
33663.562,26.84
33663.702,26.81
33663.773,26.86
33663.905,26.82
33664.008,26.82
33664.111,26.86
33664.212,26.81
33664.314,26.84
33664.418,26.79
33664.511,26.82
33664.557,26.84
33664.657,26.84
33664.755,26.86
33664.853,26.79
33664.956,26.81
33665.069,26.82
33665.163,26.86
33665.263,26.79
33665.368,26.82
33665.467,26.84
33665.570,26.82
33665.670,26.79
33665.773,26.78
33665.859,26.78
33665.956,26.81
33666.055,26.79
33666.157,26.86
33666.260,26.81
33666.363,26.81
33666.469,26.79
33666.577,26.82
33666.677,26.79
33716.775,26.86
33716.905,26.79
33716.978,26.82
33717.099,26.79
33717.206,26.79
33717.283,26.82
33717.386,26.78
33717.489,26.81
33717.591,26.82
33717.702,26.82
33717.802,26.82
33717.861,26.78
33717.974,26.81
33718.045,26.81
33718.147,26.82
33718.248,26.81
33718.425,26.84
33718.454,26.82
33718.616,26.82
33718.641,26.82
33718.820,26.82
33718.847,26.79
33718.947,26.82
33719.040,26.86
33719.155,26.81
33719.253,26.82
33719.356,26.86
33719.456,26.86
33719.562,26.79
33719.648,26.81
33719.744,26.82
33719.844,26.84
33719.947,26.84
33720.048,26.86
33720.150,26.82
33720.255,26.82
33720.364,26.84
33720.462,26.84
33720.562,26.82
33720.663,26.79
33720.792,26.86
33720.880,26.82
33720.972,26.84
33721.074,26.82
33721.182,26.81
33721.290,26.81
33721.388,26.84
33721.486,26.84
33721.584,26.79
33721.687,26.82
33721.790,26.81
33721.891,26.82
33721.993,26.81
33722.097,26.82
33722.199,26.82
33722.302,26.86
33722.403,26.82
33722.432,26.82
33722.530,26.79
33722.650,26.81
33722.741,26.81
33722.837,26.86
33722.940,26.82
33723.050,26.82
33723.128,26.82
33723.250,26.78
33723.327,26.82
33723.452,26.86
33723.540,26.79
33723.636,26.79
33723.734,26.84
33723.842,26.82
33723.949,26.84
33724.045,26.82
33724.148,26.81
33724.256,26.81
33724.376,26.79
33724.452,26.81
33724.555,26.82
33724.658,26.82
33724.760,26.78
33724.864,26.82
33724.966,26.82
33725.065,26.81
33725.170,26.82
33725.290,26.81
33725.373,26.79
33725.476,26.82
33725.579,26.81
33725.704,26.84
33725.783,26.81
33725.886,26.82
33725.989,26.82
33726.023,26.79
33726.121,26.78
33726.295,26.79
33726.324,26.79
33726.422,26.82
33726.523,26.79
33726.635,26.79
33776.807,26.82
33776.836,26.82
33776.934,26.78
33777.037,26.86
33777.126,26.79
33777.217,26.81
33777.329,26.82
33777.425,26.79
33777.538,26.84
33777.626,26.81
33777.729,26.82
33777.832,26.84
33777.935,26.81
33778.037,26.82
33778.138,26.79
33778.239,26.82
33778.344,26.81
33778.452,26.82
33778.550,26.81
33778.650,26.79
33778.753,26.82
33778.854,26.86
33778.966,26.76
33779.072,26.79
33779.170,26.84
33779.273,26.79
33779.378,26.81
33779.474,26.84
33779.572,26.78
33779.675,26.81
33779.719,26.79
33779.869,26.82
33779.913,26.81
33780.010,26.79
33780.109,26.82
33780.212,26.82
33780.312,26.82
33780.435,26.82
33780.522,26.79
33780.621,26.79
33780.726,26.82
33780.829,26.82
33780.927,26.81
33781.030,26.79
33781.109,26.79
33781.217,26.81
33781.312,26.82
33781.415,26.81
33781.540,26.82
33781.722,26.81
33781.726,26.79
33781.826,26.79
33781.949,26.81
33782.021,26.81
33782.103,26.82
33782.234,26.79
33782.305,26.84
33782.445,26.81
33782.543,26.79
33782.645,26.82
33782.751,26.81
33782.849,26.79
33782.952,26.81
33783.054,26.82
33783.155,26.82
33783.258,26.79
33783.375,26.79
33783.462,26.82
33783.565,26.87
33783.668,26.86
33783.785,26.79
33783.812,26.82
33783.908,26.81
33784.003,26.82
33784.109,26.79
33784.207,26.82
33784.305,26.82
33784.396,26.81
33784.511,26.81
33784.614,26.86
33784.717,26.79
33784.804,26.79
33784.898,26.81
33785.010,26.79
33785.106,26.81
33785.212,26.82
33785.305,26.78
33785.408,26.79
33785.513,26.84
33785.625,26.81
33785.726,26.79
33785.819,26.82
33785.922,26.81
33786.023,26.81
33786.089,26.79
33786.228,26.81
33786.331,26.81
33786.432,26.81
33786.545,26.79
33786.638,26.82
34076.751,26.82
34076.848,26.82
34076.946,26.79
34077.050,26.79
34077.091,26.82
34077.253,26.82
34077.354,26.79
34077.464,26.79
34077.491,26.82
34077.592,26.81
34077.787,26.82
34077.800,26.84
34077.897,26.81
34077.994,26.79
34078.094,26.86
34078.197,26.82
34078.285,26.76
34078.407,26.82
34078.518,26.76
34078.586,26.79
34078.685,26.82
34078.790,26.82
34078.893,26.78
34078.994,26.79
34079.096,26.79
34079.197,26.81
34079.305,26.78
34079.403,26.82
34079.506,26.79
34079.623,26.79
34079.709,26.82
34079.814,26.79
34079.920,26.81
34080.033,26.82
34080.131,26.79
34080.231,26.78
34080.332,26.82
34080.427,26.81
34080.528,26.81
34080.631,26.81
34080.734,26.76
34080.837,26.81
34080.939,26.79
34081.042,26.78
34081.143,26.81
34081.197,26.78
34081.305,26.82
34081.459,26.81
34081.476,26.82
34081.576,26.81
34081.680,26.81
34081.782,26.81
34081.896,26.82
34081.991,26.79
34082.089,26.82
34082.197,26.79
34082.273,26.76
34082.371,26.81
34082.493,26.79
34082.577,26.82
34082.680,26.79
34082.790,26.76
34082.893,26.81
34083.000,26.78
34083.097,26.82
34083.195,26.81
34083.299,26.76
34083.408,26.78
34083.506,26.79
34083.604,26.79
34083.709,26.76
34083.809,26.79
34083.908,26.79
34084.033,26.82
34084.119,26.81
34084.217,26.76
34084.319,26.82
34084.420,26.78
34084.522,26.78
34084.626,26.79
34084.731,26.79
34084.766,26.79
34084.932,26.79
34085.033,26.82
34085.064,26.79
34085.239,26.79
34085.266,26.82
34085.364,26.82
34085.467,26.78
34085.616,26.82
34085.674,26.78
34085.775,26.79
34085.869,26.79
34085.981,26.76
34086.082,26.81
34086.160,26.79
34086.283,26.79
34086.373,26.79
34086.469,26.78
34086.570,26.75
34086.674,26.81
34136.775,26.79
34136.878,26.79
34136.981,26.78
34137.082,26.76
34137.184,26.78
34137.315,26.81
34137.403,26.82
34137.500,26.79
34137.594,26.79
34137.707,26.78
34137.799,26.79
34137.903,26.76
34138.005,26.79
34138.119,26.79
34138.219,26.79
34138.315,26.78
34138.415,26.81
34138.518,26.81
34138.619,26.76
34138.722,26.82
34138.824,26.78
34138.925,26.78
34138.952,26.76
34139.055,26.79
34139.234,26.84
34139.260,26.78
34139.359,26.79
34139.462,26.81
34139.569,26.79
34139.667,26.78
34139.770,26.78
34139.871,26.78
34139.957,26.78
34140.054,26.76
34140.157,26.78
34140.278,26.76
34140.369,26.79
34140.464,26.78
34140.564,26.82
34140.668,26.82
34140.770,26.78
34140.880,26.79
34140.978,26.76
34141.082,26.76
34141.177,26.78
34141.280,26.79
34141.383,26.81
34141.486,26.79
34141.587,26.82
34141.690,26.78
34141.793,26.78
34141.905,26.76
34142.005,26.78
34142.119,26.79
34142.202,26.78
34142.305,26.78
34142.408,26.79
34142.535,26.79
34142.613,26.79
34142.641,26.76
34142.748,26.78
34142.853,26.76
34142.957,26.78
34143.055,26.79
34143.150,26.75
34143.251,26.78
34143.356,26.78
34143.454,26.79
34143.559,26.78
34143.638,26.79
34143.739,26.78
34143.842,26.73
34143.956,26.81
34144.045,26.78
34144.148,26.76
34144.250,26.76
34144.366,26.78
34144.464,26.76
34144.567,26.81
34144.663,26.75
34144.763,26.78
34144.866,26.81
34144.967,26.76
34145.069,26.78
34145.141,26.78
34145.241,26.78
34145.383,26.76
34145.488,26.79
34145.584,26.76
34145.684,26.78
34145.793,26.76
34145.832,26.79
34145.993,26.76
34146.092,26.79
34146.302,26.75
34146.304,26.81
34146.332,26.75
34146.437,26.79
34146.604,26.79
34146.635,26.76
34196.733,26.78
34196.834,26.76
34196.937,26.78
34197.040,26.75
34197.141,26.78
34197.263,26.81
34197.348,26.81
34197.447,26.76
34197.528,26.78
34197.631,26.78
34197.744,26.79
34197.842,26.76
34197.935,26.76
34198.048,26.79
34198.143,26.78
34198.244,26.79
34198.366,26.78
34198.449,26.73
34198.552,26.78
34198.655,26.79
34198.778,26.76
34198.859,26.76
34198.972,26.79
34199.074,26.76
34199.194,26.75
34199.268,26.75
34199.371,26.75
34199.473,26.78
34199.579,26.78
34199.679,26.78
34199.780,26.76
34199.886,26.75
34200.011,26.76
34200.089,26.79
34200.202,26.78
34200.219,26.75
34200.393,26.76
34200.422,26.82
34200.522,26.78
34200.638,26.82
34200.724,26.82
34200.829,26.79
34200.939,26.76
34201.035,26.82
34201.135,26.79
34201.221,26.79
34201.317,26.79
34201.418,26.78
34201.520,26.76
34201.623,26.76
34201.726,26.78
34201.829,26.75
34201.930,26.78
34202.042,26.79
34202.136,26.76
34202.239,26.76
34202.341,26.73
34202.452,26.76
34202.545,26.76
34202.648,26.78
34202.748,26.78
34202.864,26.78
34202.962,26.76
34203.025,26.76
34203.160,26.78
34203.261,26.76
34203.366,26.73
34203.484,26.76
34203.569,26.78
34203.672,26.76
34203.773,26.76
34203.878,26.76
34203.923,26.76
34204.082,26.73
34204.111,26.76
34204.207,26.79
34204.315,26.84
34204.413,26.76
34204.515,26.76
34204.618,26.75
34204.798,26.76
34204.807,26.76
34204.927,26.78
34205.025,26.79
34205.104,26.79
34205.207,26.73
34205.321,26.79
34205.418,26.79
34205.513,26.82
34205.618,26.78
34205.721,26.76
34205.827,26.75
34205.925,26.78
34206.025,26.78
34206.128,26.79
34206.239,26.76
34206.339,26.78
34206.452,26.78
34206.538,26.75
34206.641,26.76
34256.743,26.78
34256.864,26.78
34256.957,26.75
34257.055,26.75
34257.121,26.76
34257.224,26.78
34257.358,26.79
34257.462,26.79
34257.562,26.78
34257.597,26.79
34257.768,26.78
34257.797,26.78
34257.972,26.78
34258.008,26.71
34258.103,26.79
34258.199,26.81
34258.312,26.79
34258.408,26.73
34258.508,26.79
34258.613,26.79
34258.699,26.76
34258.795,26.76
34258.893,26.78
34258.996,26.75
34259.099,26.76
34259.199,26.7
34259.304,26.78
34259.405,26.73
34259.508,26.76
34259.611,26.75
34259.714,26.78
34259.827,26.73
34259.924,26.76
34260.018,26.75
34260.126,26.76
34260.224,26.75
34260.327,26.78
34260.447,26.75
34260.537,26.78
34260.633,26.78
34260.746,26.79
34260.861,26.76
34260.949,26.76
34261.047,26.76
34261.147,26.76
34261.273,26.73
34261.312,26.73
34261.422,26.78
34261.522,26.76
34261.594,26.78
34261.685,26.76
34261.785,26.73
34261.888,26.73
34261.991,26.76
34262.092,26.79
34262.194,26.76
34262.300,26.76
34262.400,26.75
34262.483,26.73
34262.587,26.76
34262.699,26.76
34262.788,26.78
34262.888,26.78
34262.989,26.78
34263.109,26.76
34263.199,26.76
34263.297,26.78
34263.403,26.75
34263.511,26.75
34263.608,26.75
34263.707,26.78
34263.810,26.78
34263.913,26.76
34264.016,26.73
34264.116,26.78
34264.219,26.76
34264.320,26.73
34264.424,26.79
34264.537,26.78
34264.628,26.73
34264.731,26.76
34264.832,26.78
34264.949,26.78
34264.979,26.76
34265.141,26.75
34265.271,26.75
34265.288,26.76
34265.440,26.75
34265.474,26.76
34265.574,26.76
34265.675,26.79
34265.780,26.76
34265.880,26.78
34266.067,26.79
34266.072,26.82
34266.190,26.79
34266.288,26.78
34266.373,26.73
34266.484,26.71
34266.582,26.78
34266.677,26.76
34316.785,26.76
34316.881,26.76
34317.013,26.73
34317.111,26.78
34317.197,26.73
34317.293,26.75
34317.393,26.75
34317.496,26.75
34317.599,26.75
34317.701,26.76
34317.804,26.76
34317.910,26.75
34318.018,26.76
34318.114,26.78
34318.214,26.75
34318.322,26.76
34318.420,26.73
34318.528,26.76
34318.599,26.71
34318.726,26.75
34318.836,26.73
34318.864,26.76
34318.972,26.78
34319.133,26.73
34319.163,26.76
34319.261,26.79
34319.378,26.76
34319.474,26.78
34319.579,26.76
34319.680,26.75
34319.782,26.73
34319.878,26.73
34319.978,26.76
34320.079,26.79
34320.158,26.76
34320.260,26.76
34320.361,26.76
34320.464,26.7
34320.574,26.75
34320.672,26.75
34320.783,26.75
34320.875,26.76
34320.976,26.76
34321.081,26.81
34321.194,26.75
34321.292,26.79
34321.391,26.71
34321.489,26.76
34321.592,26.71
34321.694,26.76
34321.795,26.75
34321.898,26.76
34322.001,26.79
34322.104,26.76
34322.206,26.75
34322.307,26.73
34322.364,26.73
34322.469,26.73
34322.621,26.75
34322.707,26.73
34322.820,26.76
34322.888,26.76
34323.033,26.73
34323.059,26.73
34323.155,26.76
34323.253,26.75
34323.356,26.75
34323.464,26.76
34323.560,26.73
34323.648,26.73
34323.766,26.79
34323.863,26.76
34323.947,26.76
34324.050,26.73
34324.162,26.7
34324.256,26.76
34324.356,26.75
34324.459,26.73
34324.567,26.73
34324.663,26.75
34324.766,26.75
34324.871,26.78
34324.969,26.78
34325.082,26.73
34325.192,26.75
34325.280,26.76
34325.380,26.79
34325.481,26.76
34325.606,26.75
34325.699,26.7
34325.798,26.76
34325.896,26.76
34326.003,26.73
34326.104,26.7
34326.207,26.75
34326.239,26.73
34326.407,26.78
34326.506,26.71
34326.608,26.73
34376.712,26.75
34376.814,26.73
34376.841,26.75
34376.940,26.78
34377.055,26.78
34377.150,26.75
34377.253,26.76
34377.351,26.76
34377.442,26.76
34377.540,26.76
34377.660,26.73
34377.736,26.76
34377.841,26.76
34377.940,26.75
34378.047,26.73
34378.147,26.76
34378.248,26.78
34378.351,26.73
34378.452,26.75
34378.555,26.75
34378.652,26.75
34378.768,26.75
34378.837,26.73
34378.966,26.76
34379.067,26.73
34379.163,26.75
34379.280,26.73
34379.378,26.76
34379.476,26.75
34379.604,26.79
34379.690,26.73
34379.810,26.76
34379.886,26.73
34379.989,26.73
34380.091,26.73
34380.194,26.76
34380.295,26.73
34380.339,26.71
34380.505,26.79
34380.533,26.73
34380.630,26.73
34380.731,26.78
34380.832,26.71
34380.932,26.7
34381.038,26.76
34381.141,26.71
34381.241,26.73
34381.344,26.75
34381.442,26.76
34381.525,26.73
34381.628,26.73
34381.729,26.73
34381.854,26.73
34381.935,26.71
34382.038,26.76
34382.141,26.73
34382.244,26.73
34382.344,26.73
34382.466,26.73
34382.549,26.71
34382.653,26.73
34382.753,26.75
34382.856,26.71
34382.959,26.73
34383.060,26.76
34383.170,26.73
34383.280,26.71
34383.366,26.71
34383.464,26.7
34383.572,26.7
34383.690,26.76
34383.719,26.73
34383.878,26.76
34383.981,26.76
34384.084,26.79
34384.196,26.75
34384.224,26.73
34384.391,26.76
34384.493,26.7
34384.523,26.73
34384.623,26.73
34384.802,26.76
34384.829,26.76
34384.927,26.71
34385.030,26.71
34385.116,26.73
34385.224,26.71
34385.342,26.76
34385.417,26.75
34385.527,26.73
34385.625,26.7
34385.724,26.73
34385.826,26.76
34385.939,26.76
34386.038,26.73
34386.133,26.75
34386.236,26.7
34386.337,26.75
34386.467,26.73
34386.542,26.71
34386.611,26.73
32276.714,26.75
32276.853,26.75
32276.925,26.73
32277.054,26.75
32277.155,26.73
32277.260,26.71
32277.366,26.76
32277.464,26.76
32277.516,26.76
32277.689,26.78
32277.773,26.76
32277.873,26.78
32277.974,26.78
32278.099,26.71
32278.104,26.75
32278.283,26.75
32278.307,26.75
32278.424,26.76
32278.516,26.75
32278.614,26.71
32278.716,26.71
32278.820,26.75
32278.924,26.78
32279.001,26.73
32279.126,26.75
32279.202,26.75
32279.307,26.73
32279.408,26.73
32279.525,26.75
32279.614,26.7
32279.716,26.76
32279.820,26.75
32279.937,26.76
32280.035,26.71
32280.133,26.75
32280.231,26.75
32280.332,26.76
32280.442,26.73
32280.535,26.73
32280.638,26.7
32280.702,26.75
32280.844,26.76
32280.945,26.73
32281.013,26.75
32281.116,26.73
32281.253,26.76
32281.364,26.75
32281.457,26.73
32281.569,26.73
32281.599,26.73
32281.775,26.76
32281.804,26.73
32281.898,26.76
32281.996,26.73
32282.099,26.73
32282.207,26.73
32282.304,26.73
32282.403,26.73
32282.506,26.73
32282.606,26.73
32282.711,26.76
32282.834,26.71
32282.891,26.75
32282.993,26.75
32283.094,26.71
32283.207,26.73
32283.300,26.71
32283.405,26.75
32283.506,26.7
32283.614,26.73
32283.709,26.75
32283.812,26.76
32283.937,26.7
32284.027,26.73
32284.126,26.79
32284.222,26.75
32284.347,26.75
32284.429,26.76
32284.530,26.71
32284.633,26.73
32284.739,26.73
32284.837,26.75
32284.935,26.71
32285.040,26.78
32285.148,26.75
32285.246,26.71
32285.349,26.7
32285.452,26.73
32285.548,26.7
32285.655,26.73
32285.684,26.73
32285.798,26.7
32285.893,26.73
32285.991,26.71
32286.094,26.7
32286.192,26.75
32286.293,26.7
32286.402,26.76
32286.479,26.73
32286.601,26.73
32286.689,26.67
32336.790,26.73
32336.898,26.76
32336.998,26.71
32337.077,26.73
32337.185,26.75
32337.288,26.73
32337.388,26.73
32337.478,26.73
32337.609,26.76
32337.709,26.76
32337.807,26.73
32337.908,26.71
32338.023,26.79
32338.123,26.71
32338.217,26.73
32338.320,26.71
32338.420,26.73
32338.532,26.71
32338.626,26.75
32338.729,26.71
32338.831,26.7
32338.969,26.73
32339.037,26.75
32339.138,26.71
32339.239,26.73
32339.271,26.75
32339.452,26.71
32339.547,26.76
32339.574,26.71
32339.674,26.71
32339.775,26.73
32339.883,26.73
32339.984,26.73
32340.082,26.71
32340.185,26.7
32340.273,26.73
32340.390,26.75
32340.467,26.73
32340.570,26.73
32340.690,26.73
32340.778,26.73
32340.878,26.71
32340.986,26.75
32341.084,26.75
32341.192,26.7
32341.287,26.75
32341.393,26.73
32341.493,26.75
32341.596,26.73
32341.697,26.73
32341.793,26.71
32341.893,26.71
32341.989,26.73
32342.091,26.73
32342.214,26.73
32342.312,26.73
32342.388,26.73
32342.523,26.73
32342.619,26.75
32342.722,26.76
32342.826,26.75
32342.925,26.73
32343.030,26.73
32343.131,26.73
32343.168,26.71
32343.266,26.73
32343.363,26.73
32343.540,26.73
32343.567,26.73
32343.746,26.71
32343.773,26.71
32343.859,26.75
32343.976,26.71
32344.077,26.73
32344.179,26.71
32344.270,26.75
32344.359,26.73
32344.464,26.71
32344.592,26.71
32344.655,26.71
32344.778,26.71
32344.861,26.71
32344.974,26.73
32345.067,26.75
32345.180,26.75
32345.278,26.73
32345.385,26.71
32345.481,26.76
32345.579,26.73
32345.699,26.73
32345.785,26.73
32345.905,26.76
32346.001,26.73
32346.106,26.73
32346.204,26.73
32346.305,26.73
32346.432,26.71
32346.451,26.75
32346.619,26.71
32396.714,26.7
32396.817,26.75
32396.869,26.73
32396.954,26.73
32397.050,26.7
32397.165,26.76
32397.255,26.75
32397.353,26.71
32397.454,26.71
32397.562,26.71
32397.673,26.7
32397.768,26.76
32397.869,26.7
32397.967,26.7
32398.045,26.75
32398.148,26.73
32398.268,26.76
32398.358,26.76
32398.462,26.75
32398.560,26.73
32398.660,26.75
32398.756,26.71
32398.864,26.73
32398.962,26.76
32399.048,26.76
32399.172,26.73
32399.270,26.73
32399.388,26.7
32399.483,26.71
32399.582,26.73
32399.685,26.7
32399.785,26.7
32399.890,26.7
32399.994,26.73
32400.109,26.76
32400.197,26.75
32400.295,26.76
32400.405,26.7
32400.518,26.71
32400.545,26.73
32400.641,26.73
32400.739,26.7
32400.842,26.76
32400.940,26.73
32401.038,26.73
32401.143,26.7
32401.244,26.75
32401.348,26.71
32401.449,26.73
32401.552,26.73
32401.657,26.73
32401.756,26.71
32401.834,26.7
32401.945,26.75
32402.048,26.73
32402.170,26.73
32402.246,26.73
32402.356,26.68
32402.452,26.71
32402.550,26.68
32402.655,26.73
32402.768,26.76
32402.868,26.76
32402.964,26.71
32403.045,26.71
32403.167,26.7
32403.268,26.73
32403.344,26.75
32403.483,26.76
32403.533,26.73
32403.636,26.73
32403.744,26.7
32403.853,26.73
32403.952,26.73
32404.077,26.7
32404.190,26.76
32404.288,26.7
32404.383,26.71
32404.489,26.7
32404.540,26.71
32404.628,26.7
32404.798,26.7
32404.848,26.7
32404.949,26.71
32405.045,26.71
32405.145,26.75
32405.251,26.7
32405.344,26.75
32405.447,26.7
32405.545,26.71
32405.626,26.71
32405.734,26.73
32405.832,26.71
32405.930,26.7
32406.035,26.73
32406.135,26.71
32406.238,26.73
32406.354,26.71
32406.444,26.75
32406.548,26.73
32406.646,26.71
32456.765,26.7
32456.863,26.73
32456.962,26.7
32457.055,26.7
32457.168,26.75
32457.265,26.7
32457.371,26.7
32457.466,26.73
32457.570,26.71
32457.672,26.75
32457.775,26.7
32457.876,26.73
32457.937,26.71
32458.038,26.68
32458.192,26.7
32458.292,26.71
32458.320,26.75
32458.422,26.73
32458.515,26.76
32458.626,26.7
32458.721,26.75
32458.822,26.71
32458.925,26.71
32459.035,26.75
32459.114,26.7
32459.236,26.7
32459.312,26.7
32459.413,26.71
32459.516,26.73
32459.626,26.7
32459.731,26.7
32459.829,26.71
32459.927,26.71
32460.030,26.73
32460.138,26.73
32460.234,26.73
32460.334,26.71
32460.440,26.73
32460.540,26.73
32460.641,26.75
32460.763,26.73
32460.851,26.73
32460.949,26.75
32461.059,26.71
32461.177,26.71
32461.256,26.75
32461.307,26.71
32461.413,26.71
32461.523,26.7
32461.621,26.73
32461.729,26.73
32461.866,26.73
32461.905,26.76
32462.003,26.71
32462.177,26.71
32462.204,26.7
32462.383,26.73
32462.410,26.75
32462.508,26.73
32462.626,26.71
32462.714,26.75
32462.815,26.75
32462.913,26.71
32463.010,26.7
32463.106,26.7
32463.204,26.76
32463.304,26.73
32463.407,26.71
32463.511,26.67
32463.613,26.75
32463.714,26.71
32463.817,26.67
32463.918,26.71
32464.021,26.75
32464.121,26.73
32464.226,26.71
32464.327,26.75
32464.440,26.71
32464.533,26.73
32464.643,26.71
32464.741,26.71
32464.851,26.7
32464.947,26.71
32465.045,26.71
32465.141,26.73
32465.250,26.7
32465.351,26.67
32465.403,26.71
32465.513,26.71
32465.658,26.7
32465.719,26.73
32465.795,26.76
32465.910,26.71
32466.008,26.73
32466.106,26.71
32466.194,26.76
32466.302,26.7
32466.408,26.73
32466.505,26.71
32466.613,26.71
32466.692,26.68
32516.814,26.73
32516.903,26.71
32517.011,26.71
32517.101,26.73
32517.197,26.7
32517.327,26.68
32517.425,26.71
32517.511,26.7
32517.609,26.7
32517.707,26.7
32517.815,26.75
32517.912,26.71
32518.016,26.73
32518.116,26.73
32518.228,26.7
32518.326,26.71
32518.424,26.71
32518.528,26.68
32518.628,26.7
32518.733,26.7
32518.849,26.73
32518.935,26.67
32519.038,26.71
32519.148,26.71
32519.244,26.73
32519.346,26.71
32519.449,26.73
32519.550,26.7
32519.584,26.73
32519.753,26.7
32519.782,26.73
32519.966,26.7
32519.994,26.71
32520.094,26.67
32520.195,26.7
32520.293,26.73
32520.472,26.71
32520.500,26.73
32520.599,26.7
32520.687,26.7
32520.800,26.68
32520.881,26.73
32521.008,26.71
32521.099,26.71
32521.195,26.68
32521.290,26.67
32521.393,26.67
32521.496,26.71
32521.599,26.71
32521.701,26.7
32521.802,26.7
32521.905,26.7
32522.008,26.7
32522.111,26.73
32522.199,26.71
32522.305,26.73
32522.408,26.7
32522.527,26.73
32522.623,26.73
32522.719,26.67
32522.836,26.7
32522.937,26.7
32523.035,26.71
32523.143,26.73
32523.172,26.71
32523.339,26.7
32523.451,26.68
32523.479,26.68
32523.670,26.73
32523.673,26.76
32523.771,26.68
32523.873,26.7
32523.994,26.71
32524.086,26.7
32524.180,26.71
32524.285,26.71
32524.386,26.71
32524.484,26.65
32524.567,26.68
32524.670,26.73
32524.773,26.7
32524.875,26.71
32524.976,26.7
32525.096,26.71
32525.184,26.73
32525.285,26.7
32525.386,26.7
32525.508,26.67
32525.592,26.73
32525.692,26.71
32525.795,26.68
32525.900,26.71
32526.000,26.73
32526.104,26.7
32526.206,26.73
32526.278,26.68
32526.420,26.73
32526.471,26.73
32526.616,26.68
32576.721,26.75
32576.820,26.68
32576.934,26.7
32577.021,26.7
32577.128,26.71
32577.233,26.7
32577.261,26.7
32577.369,26.71
32577.471,26.71
32577.565,26.7
32577.668,26.7
32577.778,26.68
32577.875,26.68
32577.974,26.71
32578.072,26.7
32578.177,26.67
32578.256,26.71
32578.358,26.7
32578.472,26.71
32578.592,26.73
32578.665,26.68
32578.773,26.68
32578.869,26.71
32578.981,26.65
32579.074,26.71
32579.207,26.7
32579.280,26.7
32579.364,26.67
32579.467,26.68
32579.584,26.68
32579.657,26.7
32579.763,26.67
32579.893,26.65
32580.018,26.73
32580.082,26.68
32580.209,26.73
32580.312,26.7
32580.410,26.68
32580.516,26.68
32580.609,26.7
32580.652,26.7
32580.817,26.75
32580.925,26.68
32581.023,26.68
32581.052,26.68
32581.150,26.68
32581.248,26.73
32581.369,26.71
32581.464,26.68
32581.562,26.7
32581.658,26.7
32581.760,26.7
32581.861,26.68
32581.966,26.71
32582.079,26.71
32582.146,26.75
32582.248,26.71
32582.351,26.67
32582.452,26.65
32582.560,26.71
32582.658,26.68
32582.760,26.7
32582.861,26.68
32582.964,26.7
32583.067,26.7
32583.182,26.68
32583.271,26.73
32583.373,26.68
32583.479,26.68
32583.592,26.68
32583.689,26.68
32583.787,26.67
32583.886,26.71
32583.945,26.68
32584.089,26.7
32584.194,26.67
32584.295,26.71
32584.398,26.73
32584.467,26.7
32584.603,26.7
32584.706,26.71
32584.807,26.68
32584.912,26.71
32584.937,26.7
32585.043,26.68
32585.138,26.67
32585.243,26.7
32585.353,26.67
32585.454,26.67
32585.552,26.68
32585.652,26.71
32585.756,26.68
32585.841,26.73
32585.939,26.7
32586.037,26.7
32586.141,26.7
32586.250,26.68
32586.354,26.68
32586.456,26.7
32586.557,26.67
32586.660,26.67
32876.761,26.71
32876.863,26.68
32876.971,26.68
32877.070,26.7
32877.172,26.67
32877.273,26.7
32877.371,26.68
32877.469,26.68
32877.591,26.7
32877.679,26.7
32877.777,26.7
32877.880,26.7
32878.003,26.68
32878.092,26.67
32878.190,26.68
32878.292,26.7
32878.327,26.67
32878.494,26.7
32878.596,26.68
32878.699,26.7
32878.739,26.68
32878.837,26.71
32878.932,26.71
32879.033,26.71
32879.133,26.64
32879.236,26.68
32879.337,26.7
32879.429,26.67
32879.543,26.67
32879.643,26.67
32879.723,26.67
32879.839,26.67
32879.932,26.7
32880.030,26.67
32880.131,26.7
32880.234,26.67
32880.341,26.7
32880.440,26.7
32880.543,26.7
32880.643,26.67
32880.780,26.7
32880.951,26.7
32880.954,26.67
32881.055,26.68
32881.157,26.7
32881.361,26.67
32881.364,26.71
32881.464,26.7
32881.577,26.7
32881.680,26.68
32881.775,26.67
32881.873,26.67
32881.976,26.7
32882.079,26.68
32882.182,26.67
32882.283,26.68
32882.386,26.7
32882.491,26.7
32882.518,26.67
32882.625,26.67
32882.736,26.71
32882.824,26.73
32882.922,26.67
32883.023,26.73
32883.128,26.73
32883.212,26.7
32883.317,26.68
32883.413,26.65
32883.516,26.67
32883.623,26.67
32883.726,26.68
32883.842,26.71
32883.929,26.7
32884.015,26.67
32884.116,26.67
32884.251,26.7
32884.329,26.65
32884.420,26.67
32884.535,26.7
32884.640,26.67
32884.711,26.65
32884.842,26.67
32884.945,26.65
32885.021,26.68
32885.150,26.7
32885.251,26.67
32885.356,26.68
32885.457,26.68
32885.560,26.68
32885.677,26.67
32885.766,26.67
32885.866,26.67
32885.969,26.68
32886.089,26.68
32886.165,26.67
32886.216,26.67
32886.322,26.67
32886.410,26.68
32886.511,26.73
32886.609,26.7
32936.712,26.67
32936.812,26.67
32936.915,26.68
32937.018,26.68
32937.121,26.67
32937.202,26.68
32937.302,26.7
32937.403,26.68
32937.513,26.67
32937.609,26.65
32937.711,26.67
32937.812,26.7
32937.925,26.68
32938.021,26.7
32938.119,26.68
32938.223,26.67
32938.324,26.67
32938.427,26.7
32938.530,26.67
32938.631,26.68
32938.734,26.67
32938.846,26.65
32938.940,26.68
32939.052,26.7
32939.150,26.68
32939.246,26.67
32939.300,26.68
32939.405,26.67
32939.508,26.67
32939.611,26.68
32939.766,26.68
32939.795,26.67
32939.898,26.67
32939.996,26.67
32940.111,26.68
32940.202,26.68
32940.298,26.64
32940.400,26.65
32940.570,26.65
32940.596,26.64
32940.697,26.7
32940.795,26.7
32940.895,26.67
32940.996,26.7
32941.094,26.65
32941.192,26.68
32941.302,26.7
32941.398,26.65
32941.508,26.67
32941.606,26.7
32941.704,26.67
32941.800,26.65
32941.925,26.68
32942.011,26.67
32942.113,26.67
32942.217,26.65
32942.337,26.65
32942.420,26.64
32942.523,26.67
32942.626,26.64
32942.728,26.67
32942.832,26.7
32942.932,26.67
32943.033,26.65
32943.138,26.7
32943.239,26.62
32943.300,26.67
32943.445,26.68
32943.548,26.65
32943.616,26.68
32943.761,26.68
32943.854,26.67
32943.881,26.68
32943.984,26.7
32944.084,26.7
32944.199,26.67
32944.297,26.67
32944.395,26.65
32944.496,26.64
32944.601,26.64
32944.699,26.65
32944.802,26.64
32944.878,26.7
32944.981,26.67
32945.082,26.68
32945.195,26.67
32945.299,26.65
32945.396,26.67
32945.494,26.7
32945.599,26.67
32945.709,26.65
32945.805,26.65
32945.903,26.7
32946.011,26.67
32946.106,26.65
32946.209,26.7
32946.334,26.68
32946.424,26.67
32946.520,26.67
32946.619,26.65
32996.721,26.67
32996.822,26.7
32996.927,26.68
32997.028,26.67
32997.138,26.64
32997.337,26.64
32997.442,26.68
32997.479,26.68
32997.650,26.65
32997.679,26.65
32997.849,26.64
32997.878,26.65
32997.984,26.64
32998.079,26.65
32998.175,26.67
32998.285,26.64
32998.383,26.68
32998.486,26.67
32998.584,26.65
32998.668,26.65
32998.780,26.65
32998.871,26.7
32998.976,26.64
32999.077,26.67
32999.179,26.67
32999.283,26.67
32999.385,26.65
32999.486,26.67
32999.589,26.67
32999.701,26.65
32999.795,26.64
32999.896,26.7
33000.011,26.7
33000.101,26.65
33000.202,26.68
33000.314,26.64
33000.422,26.68
33000.518,26.68
33000.614,26.67
33000.714,26.64
33000.817,26.65
33000.915,26.68
33001.021,26.68
33001.126,26.7
33001.226,26.65
33001.329,26.67
33001.432,26.65
33001.533,26.7
33001.560,26.67
33001.662,26.7
33001.765,26.67
33001.871,26.65
33001.973,26.65
33002.069,26.65
33002.172,26.7
33002.258,26.67
33002.356,26.67
33002.454,26.65
33002.557,26.68
33002.658,26.65
33002.761,26.68
33002.864,26.67
33002.967,26.7
33003.070,26.68
33003.201,26.67
33003.275,26.67
33003.385,26.65
33003.483,26.65
33003.582,26.67
33003.684,26.67
33003.795,26.65
33003.849,26.67
33003.956,26.64
33004.103,26.67
33004.163,26.68
33004.300,26.65
33004.437,26.67
33004.474,26.7
33004.579,26.65
33004.682,26.64
33004.788,26.7
33004.851,26.65
33005.025,26.67
33005.052,26.67
33005.155,26.65
33005.246,26.67
33005.348,26.7
33005.449,26.67
33005.550,26.65
33005.658,26.67
33005.756,26.7
33005.859,26.65
33005.945,26.65
33006.043,26.67
33006.165,26.68
33006.258,26.65
33006.347,26.67
33006.454,26.67
33006.552,26.67
33006.672,26.64
33056.768,26.7
33056.866,26.67
33056.964,26.64
33057.062,26.67
33057.167,26.64
33057.268,26.62
33057.371,26.67
33057.473,26.65
33057.577,26.67
33057.687,26.65
33057.780,26.7
33057.881,26.65
33057.940,26.65
33058.119,26.67
33058.148,26.65
33058.248,26.64
33058.395,26.68
33058.530,26.65
33058.535,26.67
33058.702,26.67
33058.736,26.64
33058.905,26.65
33059.010,26.67
33059.038,26.68
33059.136,26.67
33059.238,26.65
33059.342,26.67
33059.442,26.65
33059.565,26.67
33059.650,26.64
33059.755,26.64
33059.854,26.67
33059.932,26.67
33060.045,26.67
33060.168,26.7
33060.243,26.68
33060.344,26.67
33060.444,26.67
33060.540,26.67
33060.667,26.67
33060.755,26.67
33060.854,26.65
33060.962,26.65
33061.079,26.65
33061.160,26.64
33061.271,26.64
33061.375,26.67
33061.476,26.64
33061.572,26.64
33061.680,26.7
33061.770,26.65
33061.881,26.6
33062.001,26.67
33062.082,26.62
33062.217,26.7
33062.295,26.67
33062.391,26.62
33062.445,26.68
33062.528,26.62
33062.695,26.6
33062.722,26.62
33062.917,26.65
33062.940,26.68
33063.037,26.67
33063.135,26.65
33063.241,26.68
33063.332,26.65
33063.437,26.65
33063.525,26.7
33063.643,26.64
33063.726,26.67
33063.822,26.67
33063.925,26.65
33064.033,26.64
33064.135,26.67
33064.233,26.65
33064.342,26.67
33064.435,26.64
33064.538,26.65
33064.641,26.65
33064.755,26.65
33064.851,26.68
33064.949,26.65
33065.054,26.67
33065.153,26.67
33065.256,26.64
33065.359,26.64
33065.462,26.65
33065.562,26.64
33065.665,26.67
33065.777,26.67
33065.881,26.62
33066.000,26.68
33066.076,26.65
33066.180,26.65
33066.219,26.67
33066.317,26.7
33066.417,26.67
33066.515,26.64
33066.614,26.67
33116.722,26.64
33116.824,26.65
33116.918,26.65
33117.027,26.65
33117.125,26.6
33117.224,26.64
33117.327,26.68
33117.430,26.68
33117.540,26.67
33117.621,26.64
33117.826,26.64
33117.827,26.65
33117.925,26.62
33118.020,26.64
33118.131,26.65
33118.234,26.68
33118.337,26.65
33118.440,26.62
33118.516,26.65
33118.619,26.67
33118.724,26.67
33118.809,26.67
33118.934,26.65
33119.045,26.64
33119.163,26.67
33119.224,26.65
33119.351,26.65
33119.454,26.65
33119.557,26.68
33119.658,26.62
33119.761,26.64
33119.864,26.67
33119.969,26.68
33120.069,26.64
33120.173,26.65
33120.275,26.68
33120.302,26.67
33120.408,26.67
33120.506,26.67
33120.614,26.65
33120.712,26.62
33120.809,26.62
33120.913,26.64
33121.001,26.64
33121.119,26.68
33121.202,26.65
33121.324,26.67
33121.408,26.65
33121.505,26.68
33121.604,26.67
33121.706,26.64
33121.834,26.65
33121.935,26.62
33122.015,26.67
33122.116,26.64
33122.219,26.65
33122.322,26.64
33122.452,26.67
33122.528,26.65
33122.598,26.64
33122.731,26.64
33122.812,26.62
33122.935,26.64
33123.072,26.62
33123.160,26.65
33123.243,26.62
33123.364,26.64
33123.449,26.64
33123.550,26.64
33123.653,26.67
33123.758,26.67
33123.858,26.64
33123.896,26.64
33124.064,26.65
33124.089,26.67
33124.192,26.68
33124.290,26.62
33124.403,26.6
33124.503,26.6
33124.599,26.65
33124.790,26.62
33124.792,26.64
33124.912,26.64
33125.001,26.64
33125.097,26.65
33125.197,26.65
33125.293,26.65
33125.403,26.6
33125.496,26.62
33125.606,26.65
33125.736,26.67
33125.785,26.64
33125.907,26.62
33126.015,26.68
33126.109,26.64
33126.214,26.64
33126.283,26.65
33126.418,26.64
33126.521,26.64
33126.631,26.62
33176.724,26.64
33176.783,26.65
33176.900,26.65
33177.000,26.62
33177.133,26.67
33177.248,26.62
33177.344,26.65
33177.442,26.67
33177.545,26.65
33177.646,26.64
33177.750,26.67
33177.778,26.65
33177.954,26.64
33177.981,26.64
33178.081,26.64
33178.185,26.68
33178.363,26.65
33178.386,26.67
33178.494,26.68
33178.592,26.67
33178.675,26.65
33178.795,26.64
33178.875,26.64
33178.976,26.64
33179.087,26.64
33179.182,26.65
33179.285,26.64
33179.410,26.67
33179.489,26.62
33179.592,26.62
33179.694,26.6
33179.795,26.62
33179.900,26.67
33180.001,26.64
33180.104,26.65
33180.216,26.64
33180.314,26.67
33180.410,26.64
33180.513,26.67
33180.625,26.64
33180.746,26.67
33180.820,26.64
33180.924,26.64
33181.025,26.64
33181.136,26.65
33181.248,26.64
33181.266,26.68
33181.437,26.67
33181.494,26.64
33181.570,26.64
33181.672,26.67
33181.778,26.65
33181.885,26.64
33181.983,26.65
33182.087,26.64
33182.185,26.64
33182.282,26.64
33182.383,26.64
33182.484,26.64
33182.587,26.64
33182.670,26.64
33182.766,26.62
33182.878,26.62
33182.976,26.64
33183.084,26.67
33183.175,26.67
33183.278,26.62
33183.381,26.64
33183.496,26.64
33183.594,26.64
33183.690,26.6
33183.792,26.6
33183.900,26.6
33183.998,26.65
33184.099,26.65
33184.199,26.62
33184.302,26.65
33184.403,26.62
33184.508,26.65
33184.609,26.64
33184.711,26.65
33184.765,26.64
33184.869,26.65
33185.020,26.59
33185.121,26.64
33185.182,26.64
33185.334,26.64
33185.432,26.62
33185.459,26.65
33185.554,26.64
33185.660,26.64
33185.768,26.62
33185.871,26.65
33185.966,26.62
33186.067,26.64
33186.163,26.62
33186.261,26.59
33186.354,26.64
33186.462,26.62
33186.560,26.67
33186.657,26.62
33476.761,26.65
33476.869,26.64
33476.967,26.67
33477.067,26.64
33477.172,26.65
33477.271,26.62
33477.378,26.62
33477.496,26.64
33477.581,26.64
33477.682,26.64
33477.785,26.64
33477.907,26.64
33477.989,26.64
33478.099,26.62
33478.204,26.62
33478.299,26.68
33478.402,26.64
33478.511,26.64
33478.609,26.62
33478.711,26.62
33478.815,26.67
33478.920,26.64
33479.023,26.65
33479.118,26.59
33479.146,26.67
33479.241,26.6
33479.356,26.64
33479.447,26.6
33479.550,26.64
33479.648,26.62
33479.744,26.64
33479.891,26.64
33479.959,26.62
33480.067,26.65
33480.148,26.64
33480.244,26.65
33480.344,26.67
33480.445,26.62
33480.550,26.64
33480.653,26.64
33480.756,26.67
33480.858,26.64
33480.962,26.62
33481.060,26.64
33481.170,26.65
33481.266,26.64
33481.369,26.62
33481.469,26.6
33481.582,26.64
33481.679,26.67
33481.778,26.62
33481.880,26.64
33481.984,26.59
33482.084,26.62
33482.187,26.6
33482.290,26.6
33482.393,26.64
33482.494,26.64
33482.596,26.64
33482.640,26.6
33482.802,26.64
33482.905,26.67
33482.932,26.64
33483.033,26.64
33483.133,26.64
33483.238,26.6
33483.337,26.62
33483.444,26.64
33483.545,26.67
33483.645,26.6
33483.743,26.65
33483.832,26.62
33483.930,26.62
33484.030,26.62
33484.155,26.64
33484.236,26.62
33484.337,26.64
33484.440,26.65
33484.548,26.62
33484.675,26.64
33484.748,26.64
33484.849,26.62
33484.961,26.65
33485.087,26.64
33485.128,26.67
33485.229,26.65
33485.332,26.64
33485.464,26.62
33485.579,26.62
33485.670,26.65
33485.780,26.6
33485.905,26.62
33485.947,26.65
33486.081,26.6
33486.180,26.62
33486.283,26.64
33486.396,26.64
33486.420,26.64
33486.591,26.67
33486.692,26.65
33536.724,26.64
33536.820,26.62
33536.920,26.62
33537.025,26.6
33537.130,26.67
33537.231,26.62
33537.337,26.64
33537.418,26.64
33537.535,26.6
33537.640,26.6
33537.739,26.64
33537.829,26.65
33537.930,26.65
33538.030,26.6
33538.126,26.6
33538.231,26.62
33538.329,26.6
33538.452,26.64
33538.537,26.6
33538.638,26.64
33538.739,26.62
33538.844,26.64
33538.957,26.64
33539.028,26.59
33539.158,26.64
33539.231,26.6
33539.354,26.62
33539.452,26.59
33539.552,26.6
33539.667,26.62
33539.765,26.64
33539.866,26.64
33539.994,26.62
33540.077,26.64
33540.177,26.62
33540.228,26.64
33540.400,26.6
33540.483,26.6
33540.510,26.62
33540.687,26.62
33540.724,26.62
33540.817,26.6
33540.915,26.6
33541.018,26.6
33541.123,26.6
33541.224,26.65
33541.326,26.64
33541.427,26.65
33541.530,26.62
33541.609,26.64
33541.711,26.64
33541.827,26.6
33541.925,26.64
33542.021,26.6
33542.131,26.6
33542.239,26.64
33542.337,26.62
33542.435,26.64
33542.562,26.64
33542.641,26.64
33542.768,26.64
33542.820,26.6
33542.940,26.59
33543.021,26.59
33543.106,26.67
33543.209,26.62
33543.351,26.6
33543.452,26.64
33543.552,26.62
33543.667,26.6
33543.758,26.6
33543.859,26.62
33543.964,26.6
33544.077,26.6
33544.106,26.6
33544.201,26.59
33544.299,26.62
33544.400,26.59
33544.501,26.62
33544.609,26.6
33544.707,26.6
33544.807,26.62
33544.912,26.64
33545.011,26.6
33545.136,26.64
33545.195,26.62
33545.295,26.64
33545.396,26.64
33545.506,26.6
33545.603,26.6
33545.704,26.59
33545.805,26.65
33545.915,26.64
33546.011,26.59
33546.114,26.6
33546.209,26.6
33546.324,26.57
33546.420,26.59
33546.523,26.57
33546.626,26.62
33596.728,26.64
33596.831,26.62
33596.932,26.62
33597.040,26.64
33597.109,26.62
33597.239,26.64
33597.344,26.6
33597.476,26.64
33597.549,26.62
33597.650,26.6
33597.753,26.62
33597.856,26.6
33597.957,26.64
33598.077,26.62
33598.097,26.62
33598.192,26.59
33598.288,26.6
33598.408,26.57
33598.486,26.57
33598.597,26.62
33598.707,26.62
33598.787,26.6
33598.905,26.59
33599.000,26.6
33599.092,26.6
33599.201,26.62
33599.300,26.64
33599.425,26.64
33599.503,26.6
33599.604,26.59
33599.726,26.62
33599.800,26.62
33599.913,26.6
33600.011,26.59
33600.109,26.64
33600.211,26.6
33600.324,26.6
33600.420,26.62
33600.518,26.59
33600.619,26.62
33600.723,26.6
33600.834,26.6
33600.954,26.65
33601.030,26.57
33601.131,26.59
33601.236,26.64
33601.334,26.6
33601.439,26.59
33601.540,26.6
33601.643,26.59
33601.751,26.6
33601.848,26.62
33601.876,26.62
33601.974,26.6
33602.077,26.59
33602.187,26.6
33602.285,26.6
33602.385,26.6
33602.486,26.6
33602.574,26.6
33602.692,26.6
33602.793,26.57
33602.873,26.59
33602.974,26.6
33603.077,26.6
33603.180,26.62
33603.288,26.6
33603.386,26.62
33603.488,26.59
33603.621,26.59
33603.692,26.6
33603.793,26.59
33603.897,26.64
33604.001,26.62
33604.099,26.62
33604.202,26.57
33604.324,26.57
33604.408,26.59
33604.510,26.56
33604.614,26.57
33604.734,26.62
33604.827,26.64
33604.927,26.57
33605.023,26.6
33605.128,26.6
33605.226,26.62
33605.339,26.64
33605.366,26.6
33605.543,26.6
33605.572,26.57
33605.670,26.6
33605.768,26.64
33605.880,26.59
33605.976,26.59
33606.077,26.62
33606.185,26.59
33606.280,26.6
33606.361,26.6
33606.466,26.6
33606.572,26.6
33606.672,26.59
33656.766,26.59
33656.866,26.6
33656.969,26.62
33657.174,26.59
33657.175,26.57
33657.275,26.59
33657.376,26.59
33657.486,26.6
33657.586,26.6
33657.712,26.6
33657.787,26.57
33657.891,26.56
33657.993,26.6
33658.067,26.6
33658.197,26.56
33658.300,26.62
33658.402,26.62
33658.537,26.6
33658.611,26.57
33658.707,26.59
33658.815,26.56
33658.913,26.6
33659.016,26.57
33659.143,26.6
33659.157,26.59
33659.256,26.62
33659.354,26.6
33659.550,26.57
33659.552,26.59
33659.653,26.62
33659.873,26.59
33659.939,26.59
33659.967,26.62
33660.070,26.62
33660.168,26.56
33660.270,26.59
33660.373,26.54
33660.451,26.59
33660.552,26.57
33660.653,26.6
33660.766,26.62
33660.888,26.62
33660.976,26.6
33661.065,26.57
33661.168,26.62
33661.386,26.6
33661.388,26.59
33661.474,26.6
33661.587,26.59
33661.685,26.59
33661.750,26.57
33661.883,26.6
33661.986,26.57
33662.089,26.62
33662.190,26.54
33662.293,26.6
33662.391,26.56
33662.508,26.6
33662.604,26.56
33662.697,26.57
33662.815,26.6
33662.917,26.6
33662.947,26.6
33663.043,26.6
33663.143,26.59
33663.326,26.59
33663.354,26.6
33663.454,26.6
33663.548,26.62
33663.650,26.59
33663.755,26.6
33663.853,26.57
33663.957,26.54
33664.057,26.6
33664.160,26.57
33664.241,26.6
33664.353,26.59
33664.451,26.6
33664.547,26.54
33664.650,26.57
33664.751,26.57
33664.854,26.64
33664.956,26.59
33665.062,26.59
33665.160,26.57
33665.268,26.56
33665.390,26.57
33665.472,26.56
33665.570,26.59
33665.673,26.62
33665.798,26.62
33665.878,26.56
33665.979,26.56
33666.082,26.62
33666.190,26.6
33666.287,26.59
33666.347,26.57
33666.491,26.57
33666.597,26.6
33666.655,26.59
33716.798,26.64
33716.902,26.57
33717.003,26.57
33717.032,26.57
33717.133,26.57
33717.246,26.62
33717.337,26.62
33717.437,26.57
33717.540,26.6
33717.635,26.57
33717.731,26.6
33717.849,26.57
33718.028,26.52
33718.030,26.57
33718.130,26.59
33718.234,26.6
33718.334,26.56
33718.437,26.59
33718.542,26.59
33718.643,26.57
33718.744,26.59
33718.841,26.59
33718.951,26.6
33719.060,26.57
33719.153,26.59
33719.266,26.6
33719.368,26.62
33719.473,26.57
33719.572,26.62
33719.675,26.59
33719.795,26.57
33719.881,26.59
33719.983,26.56
33720.037,26.59
33720.163,26.57
33720.238,26.59
33720.344,26.57
33720.420,26.6
33720.599,26.59
33720.626,26.6
33720.723,26.59
33720.898,26.56
33720.939,26.6
33721.022,26.62
33721.123,26.59
33721.226,26.59
33721.334,26.57
33721.430,26.59
33721.518,26.57
33721.633,26.62
33721.714,26.59
33721.817,26.6
33721.918,26.59
33722.021,26.56
33722.123,26.56
33722.226,26.54
33722.329,26.56
33722.437,26.59
33722.533,26.64
33722.636,26.59
33722.739,26.6
33722.851,26.6
33722.947,26.59
33723.045,26.54
33723.148,26.59
33723.251,26.57
33723.353,26.62
33723.471,26.57
33723.559,26.6
33723.660,26.57
33723.761,26.57
33723.886,26.59
33723.967,26.57
33724.067,26.59
33724.180,26.54
33724.275,26.59
33724.327,26.59
33724.479,26.6
33724.581,26.56
33724.614,26.57
33724.714,26.59
33724.812,26.57
33724.913,26.57
33725.016,26.6
33725.126,26.59
33725.207,26.57
33725.309,26.57
33725.425,26.59
33725.525,26.6
33725.606,26.57
33725.719,26.59
33725.815,26.52
33725.913,26.6
33726.011,26.57
33726.126,26.57
33726.228,26.57
33726.326,26.57
33726.410,26.56
33726.520,26.56
33726.619,26.59
33776.712,26.57
33776.824,26.6
33776.905,26.56
33777.025,26.56
33777.101,26.56
33777.238,26.57
33777.334,26.54
33777.456,26.59
33777.557,26.6
33777.655,26.57
33777.748,26.59
33777.849,26.6
33777.952,26.56
33778.055,26.57
33778.104,26.6
33778.201,26.6
33778.307,26.59
33778.405,26.56
33778.501,26.59
33778.616,26.57
33778.709,26.57
33778.807,26.59
33778.907,26.56
33779.008,26.57
33779.113,26.57
33779.212,26.57
33779.319,26.6
33779.395,26.6
33779.496,26.56
33779.598,26.56
33779.717,26.57
33779.804,26.57
33779.905,26.57
33780.006,26.56
33780.111,26.6
33780.212,26.57
33780.315,26.57
33780.418,26.57
33780.522,26.56
33780.623,26.57
33780.743,26.56
33780.821,26.57
33780.891,26.6
33780.991,26.59
33781.098,26.57
33781.236,26.59
33781.334,26.56
33781.449,26.56
33781.525,26.59
33781.647,26.56
33781.744,26.57
33781.842,26.57
33781.893,26.57
33782.057,26.57
33782.155,26.57
33782.184,26.57
33782.292,26.56
33782.390,26.59
33782.494,26.57
33782.591,26.6
33782.704,26.57
33782.802,26.59
33782.903,26.57
33783.079,26.52
33783.082,26.56
33783.192,26.59
33783.293,26.56
33783.393,26.54
33783.501,26.57
33783.601,26.56
33783.699,26.52
33783.807,26.56
33783.903,26.57
33784.010,26.56
33784.128,26.54
33784.217,26.59
33784.315,26.51
33784.413,26.59
33784.513,26.59
33784.616,26.57
33784.719,26.6
33784.822,26.59
33784.932,26.57
33785.030,26.56
33785.131,26.57
33785.231,26.51
33785.342,26.57
33785.440,26.57
33785.538,26.57
33785.641,26.59
33785.741,26.56
33785.846,26.54
33785.908,26.54
33785.993,26.57
33786.074,26.57
33786.179,26.56
33786.278,26.59
33786.378,26.54
33786.481,26.57
33786.587,26.6
33786.701,26.59
34076.783,26.54
34076.878,26.57
34076.974,26.56
34077.074,26.57
34077.180,26.54
34077.280,26.57
34077.380,26.56
34077.483,26.57
34077.587,26.59
34077.719,26.57
34077.804,26.52
34077.893,26.57
34077.996,26.6
34078.098,26.59
34078.214,26.57
34078.315,26.54
34078.410,26.59
34078.508,26.57
34078.609,26.54
34078.714,26.59
34078.815,26.54
34078.918,26.54
34079.021,26.57
34079.123,26.57
34079.224,26.57
34079.327,26.54
34079.430,26.56
34079.532,26.56
34079.641,26.56
34079.662,26.54
34079.763,26.54
34079.863,26.56
34079.967,26.57
34080.076,26.54
34080.175,26.59
34080.273,26.6
34080.378,26.57
34080.469,26.57
34080.567,26.56
34080.687,26.57
34080.766,26.59
34080.871,26.57
34080.974,26.57
34081.072,26.57
34081.180,26.57
34081.280,26.52
34081.375,26.54
34081.486,26.52
34081.579,26.54
34081.660,26.59
34081.770,26.57
34081.891,26.59
34081.974,26.54
34082.055,26.54
34082.165,26.51
34082.265,26.57
34082.390,26.54
34082.469,26.54
34082.582,26.59
34082.707,26.51
34082.805,26.56
34082.900,26.57
34083.018,26.54
34083.116,26.54
34083.212,26.57
34083.315,26.57
34083.358,26.54
34083.452,26.57
34083.550,26.57
34083.652,26.57
34083.753,26.57
34083.935,26.54
34083.961,26.57
34084.050,26.56
34084.165,26.56
34084.266,26.54
34084.369,26.57
34084.462,26.57
34084.555,26.56
34084.652,26.59
34084.753,26.56
34084.858,26.54
34084.967,26.57
34085.065,26.54
34085.153,26.54
34085.285,26.54
34085.368,26.54
34085.449,26.56
34085.574,26.56
34085.657,26.54
34085.780,26.57
34085.945,26.57
34085.949,26.57
34086.054,26.54
34086.162,26.52
34086.300,26.52
34086.373,26.54
34086.496,26.56
34086.594,26.57
34086.692,26.57
34136.810,26.57
34136.907,26.56
34136.959,26.54
34137.109,26.59
34137.212,26.54
34137.241,26.54
34137.359,26.57
34137.445,26.56
34137.545,26.57
34137.662,26.56
34137.751,26.52
34137.853,26.54
34137.954,26.57
34138.055,26.54
34138.138,26.57
34138.236,26.6
34138.356,26.57
34138.461,26.54
34138.550,26.54
34138.655,26.57
34138.748,26.57
34138.851,26.56
34138.947,26.54
34139.055,26.59
34139.167,26.57
34139.265,26.59
34139.371,26.56
34139.471,26.57
34139.565,26.57
34139.680,26.56
34139.773,26.54
34139.873,26.56
34139.976,26.57
34140.079,26.51
34140.131,26.54
34140.297,26.57
34140.395,26.54
34140.494,26.54
34140.547,26.57
34140.709,26.56
34140.736,26.54
34140.834,26.52
34140.967,26.59
34141.035,26.56
34141.145,26.54
34141.229,26.54
34141.339,26.54
34141.449,26.52
34141.540,26.56
34141.638,26.54
34141.812,26.57
34141.831,26.54
34141.929,26.56
34142.025,26.56
34142.136,26.54
34142.246,26.57
34142.346,26.56
34142.442,26.56
34142.523,26.54
34142.643,26.56
34142.739,26.57
34142.837,26.57
34142.939,26.56
34143.059,26.57
34143.157,26.56
34143.239,26.56
34143.351,26.57
34143.449,26.52
34143.547,26.54
34143.648,26.54
34143.772,26.56
34143.869,26.59
34143.998,26.57
34144.070,26.52
34144.190,26.54
34144.219,26.56
34144.386,26.56
34144.479,26.51
34144.574,26.54
34144.626,26.54
34144.793,26.56
34144.821,26.57
34144.918,26.56
34145.018,26.57
34145.123,26.54
34145.224,26.56
34145.403,26.56
34145.444,26.52
34145.533,26.54
34145.633,26.51
34145.817,26.52
34145.829,26.56
34145.925,26.54
34146.027,26.52
34146.121,26.57
34146.223,26.57
34146.334,26.54
34146.435,26.52
34146.548,26.52
34146.641,26.54
34196.766,26.56
34196.844,26.57
34196.959,26.54
34197.065,26.56
34197.146,26.54
34197.248,26.54
34197.329,26.54
34197.410,26.54
34197.511,26.52
34197.614,26.54
34197.724,26.49
34197.824,26.56
34197.930,26.56
34198.065,26.51
34198.133,26.54
34198.206,26.56
34198.307,26.52
34198.408,26.54
34198.540,26.56
34198.616,26.56
34198.721,26.54
34198.819,26.52
34198.912,26.54
34199.013,26.54
34199.119,26.54
34199.202,26.48
34199.300,26.51
34199.420,26.51
34199.508,26.57
34199.606,26.48
34199.704,26.56
34199.800,26.52
34199.922,26.54
34200.018,26.54
34200.114,26.54
34200.221,26.52
34200.319,26.54
34200.422,26.54
34200.525,26.56
34200.633,26.51
34200.731,26.54
34200.832,26.57
34200.957,26.57
34201.001,26.54
34201.148,26.54
34201.248,26.56
34201.324,26.56
34201.446,26.52
34201.547,26.52
34201.645,26.48
34201.761,26.54
34201.856,26.52
34201.912,26.56
34202.022,26.56
34202.123,26.57
34202.228,26.57
34202.305,26.52
34202.471,26.52
34202.498,26.51
34202.614,26.52
34202.696,26.54
34202.795,26.54
34202.900,26.56
34202.998,26.57
34203.109,26.51
34203.209,26.52
34203.305,26.57
34203.415,26.54
34203.489,26.52
34203.598,26.56
34203.694,26.51
34203.812,26.52
34203.896,26.54
34204.033,26.54
34204.106,26.54
34204.204,26.54
34204.309,26.54
34204.408,26.54
34204.506,26.54
34204.631,26.54
34204.721,26.52
34204.817,26.54
34204.912,26.54
34205.013,26.51
34205.136,26.57
34205.236,26.51
34205.331,26.52
34205.435,26.49
34205.533,26.54
34205.587,26.54
34205.685,26.51
34205.851,26.54
34205.949,26.52
34206.043,26.52
34206.146,26.49
34206.197,26.54
34206.298,26.49
34206.393,26.54
34206.493,26.52
34206.592,26.52
34206.702,26.51
34256.881,26.51
34256.883,26.52
34256.984,26.51
34257.087,26.52
34257.204,26.51
34257.295,26.52
34257.393,26.52
34257.481,26.51
34257.594,26.54
34257.690,26.54
34257.787,26.49
34257.881,26.52
34258.030,26.51
34258.104,26.54
34258.202,26.52
34258.305,26.52
34258.415,26.54
34258.508,26.49
34258.609,26.51
34258.717,26.54
34258.817,26.52
34258.913,26.56
34259.043,26.57
34259.128,26.52
34259.229,26.51
34259.331,26.51
34259.408,26.56
34259.476,26.54
34259.630,26.54
34259.682,26.51
34259.777,26.49
34259.945,26.54
34260.047,26.52
34260.077,26.51
34260.182,26.52
34260.280,26.56
34260.380,26.54
34260.481,26.54
34260.582,26.54
34260.685,26.54
34260.768,26.54
34260.880,26.52
34260.974,26.56
34261.079,26.51
34261.179,26.52
34261.290,26.51
34261.378,26.54
34261.472,26.51
34261.616,26.54
34261.665,26.54
34261.795,26.51
34261.900,26.52
34261.981,26.54
34262.074,26.54
34262.197,26.54
34262.295,26.54
34262.393,26.51
34262.513,26.51
34262.609,26.54
34262.717,26.51
34262.814,26.52
34262.947,26.54
34263.022,26.49
34263.126,26.54
34263.226,26.51
34263.260,26.49
34263.425,26.52
34263.528,26.48
34263.631,26.51
34263.733,26.49
34263.761,26.51
34263.861,26.52
34263.962,26.52
34264.064,26.52
34264.185,26.54
34264.273,26.51
34264.373,26.51
34264.474,26.52
34264.579,26.54
34264.658,26.52
34264.758,26.51
34264.859,26.52
34264.966,26.49
34265.065,26.51
34265.167,26.52
34265.288,26.51
34265.371,26.56
34265.494,26.52
34265.555,26.52
34265.655,26.51
34265.768,26.54
34265.869,26.54
34265.969,26.49
34266.092,26.51
34266.153,26.51
34266.260,26.51
34266.391,26.52
34266.467,26.49
34266.591,26.49
34266.697,26.51
34316.805,26.51
34316.905,26.56
34317.001,26.52
34317.101,26.56
34317.150,26.49
34317.317,26.51
34317.413,26.52
34317.538,26.51
34317.548,26.52
34317.667,26.49
34317.761,26.49
34317.932,26.52
34317.957,26.51
34318.052,26.51
34318.148,26.52
34318.251,26.52
34318.349,26.49
34318.444,26.54
34318.548,26.52
34318.648,26.48
34318.751,26.52
34318.854,26.51
34318.964,26.52
34319.060,26.54
34319.168,26.54
34319.272,26.52
34319.376,26.51
34319.474,26.51
34319.579,26.49
34319.699,26.51
34319.787,26.49
34319.885,26.51
34319.988,26.51
34320.065,26.54
34320.185,26.49
34320.287,26.51
34320.337,26.48
34320.503,26.51
34320.555,26.51
34320.701,26.51
34320.758,26.49
34320.869,26.52
34320.945,26.48
34321.094,26.54
34321.212,26.48
34321.241,26.56
34321.337,26.54
34321.435,26.56
34321.538,26.49
34321.643,26.46
34321.746,26.48
34321.849,26.48
34321.949,26.51
34322.052,26.49
34322.136,26.51
34322.234,26.49
34322.342,26.51
34322.437,26.51
34322.540,26.52
34322.643,26.52
34322.753,26.54
34322.853,26.51
34322.951,26.48
34323.052,26.56
34323.153,26.51
34323.256,26.52
34323.375,26.54
34323.462,26.49
34323.562,26.52
34323.668,26.51
34323.739,26.49
34323.876,26.57
34323.974,26.51
34324.076,26.52
34324.179,26.51
34324.280,26.54
34324.332,26.51
34324.476,26.51
34324.548,26.49
34324.658,26.54
34324.782,26.51
34324.888,26.51
34324.989,26.54
34325.101,26.54
34325.126,26.49
34325.234,26.48
34325.332,26.54
34325.432,26.51
34325.535,26.48
34325.623,26.52
34325.741,26.48
34325.839,26.49
34325.946,26.54
34326.033,26.51
34326.128,26.51
34326.226,26.51
34326.334,26.54
34326.432,26.51
34326.533,26.49
34326.636,26.48
34376.739,26.49
34376.849,26.51
34376.952,26.52
34377.055,26.52
34377.123,26.48
34377.258,26.51
34377.354,26.56
34377.464,26.48
34377.562,26.51
34377.668,26.51
34377.788,26.52
34377.873,26.49
34377.972,26.54
34378.077,26.49
34378.275,26.49
34378.277,26.52
34378.331,26.51
34378.440,26.52
34378.521,26.51
34378.616,26.56
34378.751,26.48
34378.856,26.51
34378.993,26.54
34379.023,26.54
34379.133,26.51
34379.299,26.54
34379.324,26.54
34379.427,26.54
34379.528,26.54
34379.621,26.48
34379.734,26.51
34379.812,26.51
34379.913,26.51
34380.040,26.52
34380.119,26.51
34380.219,26.51
34380.322,26.48
34380.430,26.51
34380.528,26.52
34380.623,26.52
34380.724,26.51
34380.842,26.51
34380.937,26.45
34381.136,26.51
34381.145,26.51
34381.244,26.49
34381.346,26.51
34381.459,26.51
34381.552,26.49
34381.653,26.51
34381.748,26.48
34381.871,26.52
34381.964,26.49
34382.064,26.48
34382.165,26.52
34382.270,26.54
34382.371,26.52
34382.473,26.49
34382.560,26.51
34382.680,26.49
34382.780,26.49
34382.807,26.54
34382.986,26.51
34383.021,26.51
34383.116,26.52
34383.214,26.51
34383.322,26.51
34383.420,26.48
34383.523,26.49
34383.601,26.51
34383.709,26.52
34383.805,26.46
34383.907,26.51
34384.035,26.49
34384.121,26.51
34384.204,26.48
34384.310,26.51
34384.418,26.48
34384.516,26.52
34384.599,26.49
34384.766,26.49
34384.810,26.54
34384.937,26.51
34385.042,26.49
34385.143,26.51
34385.241,26.48
34385.349,26.48
34385.447,26.52
34385.547,26.48
34385.648,26.46
34385.741,26.51
34385.869,26.48
34385.959,26.49
34386.055,26.51
34386.158,26.49
34386.280,26.52
34386.354,26.49
34386.407,26.52
34386.491,26.49
34386.606,26.48
34386.699,26.49
34676.800,26.46
34676.900,26.51
34677.084,26.52
34677.111,26.46
34677.207,26.51
34677.312,26.51
34677.412,26.51
34677.489,26.48
34677.592,26.48
34677.707,26.51
34677.797,26.49
34677.900,26.51
34678.001,26.48
34678.118,26.51
34678.219,26.52
34678.315,26.51
34678.410,26.48
34678.513,26.51
34678.616,26.51
34678.719,26.51
34678.809,26.51
34678.930,26.49
34678.984,26.49
34679.092,26.51
34679.231,26.52
34679.305,26.48
34679.435,26.51
34679.543,26.54
34679.633,26.54
34679.736,26.51
34679.837,26.49
34679.886,26.51
34680.050,26.51
34680.148,26.46
34680.182,26.51
34680.280,26.49
34680.396,26.51
34680.491,26.49
34680.591,26.49
34680.697,26.48
34680.795,26.49
34680.895,26.51
34681.013,26.46
34681.077,26.48
34681.177,26.51
34681.287,26.51
34681.383,26.51
34681.496,26.46
34681.596,26.49
34681.690,26.49
34681.799,26.45
34681.903,26.48
34682.005,26.49
34682.118,26.51
34682.209,26.49
34682.285,26.48
34682.405,26.49
34682.528,26.49
34682.611,26.46
34682.712,26.54
34682.814,26.49
34682.922,26.49
34683.020,26.45
34683.140,26.49
34683.190,26.48
34683.334,26.49
34683.395,26.46
34683.530,26.51
34683.633,26.49
34683.706,26.54
34683.839,26.48
34683.954,26.45
34683.973,26.48
34684.069,26.48
34684.170,26.46
34684.273,26.52
34684.390,26.48
34684.555,26.46
34684.582,26.48
34684.689,26.49
34684.788,26.52
34684.886,26.46
34684.964,26.49
34685.067,26.46
34685.170,26.48
34685.280,26.46
34685.381,26.46
34685.478,26.49
34685.579,26.49
34685.684,26.51
34685.793,26.46
34685.886,26.45
34685.991,26.49
34686.094,26.48
34686.204,26.51
34686.300,26.46
34686.400,26.51
34686.503,26.46
34686.604,26.45
34686.706,26.48
34736.827,26.48
34736.861,26.49
34737.013,26.51
34737.116,26.48
34737.175,26.46
34737.263,26.49
34737.378,26.45
34737.525,26.48
34737.594,26.48
34737.670,26.49
34737.822,26.45
34737.875,26.51
34738.042,26.48
34738.067,26.51
34738.158,26.49
34738.258,26.48
34738.364,26.51
34738.489,26.49
34738.572,26.48
34738.670,26.48
34738.755,26.51
34738.856,26.51
34738.966,26.51
34739.070,26.49
34739.168,26.48
34739.268,26.48
34739.376,26.49
34739.467,26.48
34739.582,26.48
34739.680,26.49
34739.787,26.48
34739.883,26.45
34739.981,26.51
34740.086,26.43
34740.204,26.48
34740.288,26.48
34740.393,26.48
34740.496,26.49
34740.614,26.45
34740.709,26.48
34740.805,26.51
34740.905,26.48
34741.013,26.48
34741.108,26.51
34741.212,26.49
34741.304,26.49
34741.348,26.45
34741.447,26.48
34741.621,26.49
34741.717,26.48
34741.748,26.45
34741.849,26.48
34741.954,26.48
34742.064,26.51
34742.163,26.48
34742.246,26.49
34742.347,26.48
34742.452,26.48
34742.564,26.48
34742.660,26.48
34742.750,26.48
34742.858,26.48
34742.957,26.48
34743.055,26.49
34743.157,26.48
34743.255,26.49
34743.364,26.49
34743.466,26.48
34743.579,26.48
34743.675,26.46
34743.773,26.48
34743.876,26.48
34743.989,26.51
34744.084,26.48
34744.185,26.49
34744.288,26.46
34744.388,26.49
34744.488,26.48
34744.611,26.48
34744.704,26.48
34744.824,26.52
34744.898,26.45
34744.942,26.48
34745.104,26.48
34745.206,26.48
34745.236,26.49
34745.348,26.52
34745.440,26.48
34745.542,26.46
34745.640,26.46
34745.750,26.45
34745.854,26.48
34745.949,26.49
34746.035,26.48
34746.136,26.46
34746.234,26.51
34746.334,26.49
34746.449,26.51
34746.545,26.49
34746.648,26.48
34796.744,26.49
34796.861,26.48
34796.959,26.46
34797.055,26.51
34797.150,26.46
34797.255,26.45
34797.376,26.45
34797.474,26.46
34797.550,26.45
34797.665,26.43
34797.741,26.46
34797.890,26.48
34797.969,26.45
34798.094,26.46
34798.130,26.48
34798.236,26.48
34798.339,26.45
34798.447,26.48
34798.549,26.46
34798.699,26.49
34798.761,26.48
34798.891,26.46
34798.922,26.48
34799.022,26.48
34799.123,26.46
34799.224,26.51
34799.327,26.48
34799.437,26.48
34799.533,26.46
34799.633,26.48
34799.802,26.51
34799.839,26.49
34799.940,26.48
34800.045,26.49
34800.125,26.49
34800.223,26.48
34800.324,26.45
34800.420,26.45
34800.560,26.46
34800.633,26.46
34800.734,26.48
34800.859,26.51
34800.940,26.49
34801.042,26.48
34801.143,26.45
34801.246,26.43
34801.349,26.49
34801.461,26.45
34801.555,26.43
34801.665,26.48
34801.761,26.45
34801.863,26.48
34801.934,26.48
34802.065,26.48
34802.170,26.48
34802.302,26.48
34802.375,26.49
34802.476,26.46
34802.579,26.46
34802.697,26.45
34802.717,26.49
34802.815,26.48
34802.913,26.46
34803.013,26.46
34803.116,26.46
34803.219,26.45
34803.322,26.45
34803.432,26.49
34803.511,26.51
34803.630,26.48
34803.731,26.45
34803.822,26.48
34803.942,26.45
34804.015,26.48
34804.133,26.48
34804.226,26.48
34804.327,26.45
34804.424,26.46
34804.535,26.45
34804.626,26.46
34804.729,26.45
34804.832,26.45
34804.947,26.48
34805.045,26.41
34805.143,26.46
34805.244,26.45
34805.346,26.48
34805.446,26.48
34805.548,26.45
34805.650,26.48
34805.753,26.49
34805.854,26.45
34805.964,26.45
34806.057,26.49
34806.162,26.46
34806.266,26.41
34806.336,26.45
34806.464,26.48
34806.565,26.45
34806.665,26.45
34856.717,26.48
34856.812,26.46
34856.903,26.45
34856.998,26.48
34857.108,26.45
34857.217,26.48
34857.315,26.49
34857.415,26.45
34857.518,26.48
34857.621,26.46
34857.697,26.45
34857.804,26.45
34857.932,26.49
34858.006,26.46
34858.108,26.46
34858.212,26.46
34858.321,26.48
34858.417,26.49
34858.516,26.43
34858.621,26.45
34858.726,26.48
34858.824,26.46
34858.947,26.48
34859.032,26.46
34859.131,26.45
34859.234,26.45
34859.312,26.48
34859.445,26.45
34859.550,26.45
34859.648,26.48
34859.750,26.48
34859.849,26.45
34859.952,26.45
34860.055,26.45
34860.160,26.48
34860.268,26.49
34860.293,26.46
34860.464,26.48
34860.493,26.46
34860.597,26.45
34860.701,26.46
34860.807,26.43
34860.978,26.45
34861.010,26.46
34861.086,26.43
34861.194,26.43
34861.290,26.48
34861.391,26.46
34861.489,26.43
34861.589,26.48
34861.685,26.48
34861.815,26.41
34861.898,26.43
34862.022,26.43
34862.101,26.43
34862.184,26.41
34862.339,26.43
34862.393,26.45
34862.501,26.48
34862.582,26.45
34862.687,26.45
34862.807,26.45
34862.905,26.48
34863.003,26.48
34863.125,26.43
34863.221,26.45
34863.322,26.49
34863.425,26.48
34863.525,26.45
34863.646,26.45
34863.722,26.46
34863.841,26.45
34863.945,26.46
34864.048,26.41
34864.089,26.45
34864.180,26.45
34864.354,26.49
34864.381,26.41
34864.483,26.46
34864.584,26.45
34864.685,26.48
34864.788,26.48
34864.898,26.48
34864.976,26.43
34865.094,26.45
34865.195,26.43
34865.283,26.45
34865.378,26.48
34865.484,26.45
34865.604,26.49
34865.677,26.41
34865.788,26.45
34865.895,26.43
34865.974,26.48
34866.096,26.45
34866.180,26.45
34866.293,26.46
34866.383,26.41
34866.486,26.46
34866.571,26.48
34916.711,26.45
34916.783,26.48
34916.903,26.46
34916.979,26.45
34917.094,26.48
34917.212,26.46
34917.315,26.49
34917.366,26.46
34917.510,26.49
34917.641,26.45
34917.739,26.41
34917.768,26.48
34917.947,26.41
34917.974,26.43
34918.072,26.48
34918.180,26.43
34918.275,26.45
34918.381,26.48
34918.552,26.43
34918.579,26.46
34918.665,26.45
34918.766,26.41
34918.869,26.43
34918.962,26.46
34919.065,26.46
34919.165,26.45
34919.280,26.4
34919.376,26.45
34919.473,26.48
34919.577,26.41
34919.675,26.45
34919.802,26.48
34919.861,26.43
34919.969,26.46
34920.065,26.48
34920.172,26.43
34920.277,26.41
34920.361,26.45
34920.462,26.41
34920.609,26.43
34920.675,26.38
34920.805,26.45
34920.908,26.45
34921.011,26.46
34921.116,26.45
34921.224,26.41
34921.299,26.45
34921.444,26.46
34921.457,26.48
34921.555,26.45
34921.723,26.45
34921.756,26.45
34921.856,26.46
34921.957,26.48
34922.057,26.48
34922.175,26.48
34922.266,26.43
34922.369,26.46
34922.471,26.48
34922.565,26.46
34922.674,26.45
34922.753,26.43
34922.854,26.48
34922.956,26.46
34923.060,26.45
34923.163,26.45
34923.277,26.46
34923.364,26.43
34923.469,26.48
34923.552,26.45
34923.690,26.43
34923.775,26.46
34923.888,26.45
34923.984,26.41
34924.052,26.43
34924.185,26.43
34924.287,26.45
34924.390,26.43
34924.491,26.45
34924.594,26.41
34924.690,26.46
34924.800,26.45
34924.910,26.45
34925.003,26.45
34925.114,26.45
34925.209,26.48
34925.310,26.46
34925.413,26.48
34925.527,26.48
34925.555,26.43
34925.729,26.45
34925.849,26.43
34925.868,26.45
34925.952,26.46
34926.060,26.45
34926.140,26.41
34926.256,26.45
34926.342,26.4
34926.442,26.43
34926.549,26.41
34926.653,26.4
34976.753,26.41
34976.849,26.45
34976.952,26.41
34977.050,26.43
34977.155,26.46
34977.261,26.45
34977.364,26.45
34977.469,26.43
34977.567,26.45
34977.694,26.43
34977.736,26.43
34977.871,26.43
34977.973,26.46
34978.077,26.46
34978.177,26.43
34978.283,26.45
34978.358,26.46
34978.459,26.43
34978.560,26.43
34978.690,26.45
34978.793,26.41
34978.837,26.41
34978.989,26.45
34979.040,26.48
34979.202,26.45
34979.231,26.45
34979.408,26.41
34979.437,26.43
34979.550,26.45
34979.636,26.48
34979.739,26.46
34979.841,26.45
34979.937,26.46
34980.045,26.48
34980.155,26.48
34980.231,26.43
34980.334,26.45
34980.430,26.41
34980.543,26.43
34980.636,26.45
34980.741,26.48
34980.844,26.41
34980.944,26.41
34981.047,26.45
34981.180,26.45
34981.253,26.45
34981.364,26.41
34981.456,26.43
34981.559,26.45
34981.660,26.45
34981.775,26.43
34981.871,26.4
34981.974,26.46
34982.028,26.45
34982.173,26.45
34982.273,26.43
34982.326,26.41
34982.430,26.45
34982.538,26.43
34982.640,26.46
34982.770,26.45
34982.851,26.45
34982.927,26.45
34983.030,26.43
34983.199,26.41
34983.224,26.45
34983.329,26.43
34983.434,26.45
34983.530,26.43
34983.636,26.4
34983.731,26.41
34983.836,26.45
34984.006,26.43
34984.033,26.46
34984.126,26.45
34984.223,26.41
34984.322,26.43
34984.425,26.45
34984.525,26.43
34984.630,26.46
34984.763,26.48
34984.834,26.45
34984.935,26.45
34985.040,26.46
34985.141,26.45
34985.244,26.45
34985.353,26.46
34985.449,26.41
34985.550,26.45
34985.655,26.4
34985.772,26.41
34985.858,26.48
34985.962,26.46
34986.062,26.45
34986.187,26.43
34986.268,26.41
34986.373,26.45
34986.481,26.43
34986.508,26.45
34986.677,26.43
35276.780,26.43
35276.807,26.43
35276.984,26.41
35277.011,26.41
35277.111,26.46
35277.209,26.38
35277.317,26.4
35277.418,26.41
35277.523,26.41
35277.609,26.4
35277.726,26.41
35277.829,26.37
35277.905,26.41
35278.022,26.45
35278.116,26.48
35278.212,26.41
35278.309,26.43
35278.418,26.43
35278.525,26.43
35278.623,26.43
35278.724,26.43
35278.829,26.45
35278.925,26.43
35279.025,26.43
35279.136,26.41
35279.250,26.41
35279.349,26.38
35279.451,26.41
35279.545,26.4
35279.647,26.41
35279.744,26.43
35279.885,26.41
35279.959,26.43
35280.089,26.45
35280.184,26.43
35280.197,26.38
35280.366,26.41
35280.467,26.43
35280.569,26.4
35280.597,26.43
35280.724,26.4
35280.800,26.45
35280.918,26.41
35281.011,26.48
35281.116,26.4
35281.195,26.45
35281.310,26.41
35281.397,26.41
35281.505,26.43
35281.616,26.43
35281.697,26.4
35281.798,26.43
35281.896,26.45
35282.020,26.41
35282.106,26.45
35282.202,26.45
35282.302,26.38
35282.432,26.41
35282.506,26.43
35282.616,26.41
35282.719,26.41
35282.854,26.45
35282.927,26.41
35283.028,26.46
35283.128,26.43
35283.233,26.4
35283.332,26.41
35283.430,26.4
35283.538,26.46
35283.633,26.4
35283.746,26.41
35283.858,26.4
35283.947,26.41
35284.052,26.41
35284.153,26.4
35284.268,26.43
35284.297,26.43
35284.461,26.43
35284.486,26.38
35284.592,26.41
35284.692,26.45
35284.798,26.4
35284.896,26.41
35284.983,26.43
35285.103,26.45
35285.202,26.41
35285.283,26.41
35285.381,26.43
35285.484,26.41
35285.586,26.43
35285.695,26.41
35285.802,26.45
35285.923,26.43
35285.996,26.43
35286.108,26.45
35286.204,26.46
35286.304,26.4
35286.430,26.38
35286.538,26.45
35286.613,26.45
35336.712,26.41
35336.814,26.4
35336.918,26.46
35337.028,26.43
35337.131,26.41
35337.234,26.4
35337.283,26.43
35337.386,26.38
35337.494,26.43
35337.596,26.48
35337.699,26.43
35337.778,26.43
35337.949,26.41
35337.979,26.4
35338.146,26.45
35338.174,26.38
35338.292,26.43
35338.375,26.38
35338.476,26.4
35338.572,26.41
35338.679,26.43
35338.778,26.4
35338.873,26.43
35339.005,26.45
35339.070,26.43
35339.175,26.41
35339.272,26.41
35339.376,26.46
35339.479,26.45
35339.579,26.45
35339.682,26.38
35339.785,26.4
35339.888,26.41
35339.998,26.41
35340.106,26.41
35340.195,26.45
35340.297,26.46
35340.400,26.41
35340.516,26.43
35340.604,26.4
35340.707,26.43
35340.810,26.41
35340.910,26.46
35341.013,26.48
35341.111,26.41
35341.167,26.4
35341.324,26.41
35341.371,26.45
35341.525,26.41
35341.630,26.45
35341.690,26.45
35341.766,26.41
35341.863,26.46
35341.969,26.4
35342.074,26.41
35342.163,26.45
35342.282,26.41
35342.420,26.41
35342.473,26.43
35342.574,26.43
35342.677,26.38
35342.761,26.38
35342.881,26.4
35342.978,26.46
35343.062,26.41
35343.158,26.43
35343.265,26.43
35343.369,26.43
35343.483,26.38
35343.579,26.41
35343.675,26.41
35343.782,26.4
35343.891,26.43
35343.993,26.38
35344.087,26.43
35344.192,26.41
35344.299,26.45
35344.398,26.43
35344.518,26.4
35344.601,26.41
35344.707,26.41
35344.810,26.4
35344.881,26.38
35345.001,26.38
35345.109,26.43
35345.212,26.37
35345.342,26.38
35345.427,26.4
35345.452,26.43
35345.552,26.43
35345.652,26.41
35345.756,26.41
35345.853,26.41
35345.954,26.4
35346.055,26.41
35346.158,26.41
35346.263,26.41
35346.354,26.41
35346.456,26.46
35346.567,26.4
35346.670,26.41
35396.765,26.4
35396.861,26.4
35396.956,26.41
35397.054,26.43
35397.158,26.43
35397.251,26.43
35397.353,26.38
35397.464,26.4
35397.571,26.41
35397.670,26.43
35397.763,26.41
35397.873,26.38
35397.979,26.38
35398.087,26.41
35398.214,26.41
35398.283,26.38
35398.380,26.37
35398.489,26.41
35398.603,26.41
35398.699,26.41
35398.820,26.41
35398.898,26.43
35399.003,26.37
35399.104,26.4
35399.206,26.41
35399.292,26.45
35399.412,26.38
35399.513,26.38
35399.542,26.38
35399.658,26.4
35399.744,26.43
35399.844,26.45
35399.947,26.41
35400.052,26.41
35400.152,26.48
35400.253,26.43
35400.354,26.4
35400.439,26.4
35400.537,26.35
35400.658,26.4
35400.768,26.41
35400.847,26.43
35400.947,26.38
35401.042,26.4
35401.153,26.41
35401.253,26.41
35401.351,26.43
35401.449,26.38
35401.548,26.4
35401.652,26.4
35401.734,26.4
35401.878,26.38
35401.962,26.43
35402.067,26.43
35402.175,26.43
35402.278,26.38
35402.390,26.45
35402.442,26.37
35402.601,26.41
35402.628,26.43
35402.733,26.41
35402.831,26.41
35403.013,26.43
35403.097,26.41
35403.195,26.4
35403.226,26.41
35403.336,26.45
35403.432,26.43
35403.540,26.38
35403.641,26.41
35403.734,26.41
35403.837,26.38
35403.940,26.38
35404.043,26.38
35404.147,26.41
35404.226,26.45
35404.327,26.38
35404.437,26.41
35404.532,26.41
35404.633,26.38
35404.738,26.41
35404.849,26.41
35404.925,26.43
35405.027,26.41
35405.130,26.41
35405.229,26.41
35405.332,26.41
35405.452,26.4
35405.538,26.41
35405.641,26.38
35405.743,26.41
35405.821,26.41
35405.964,26.41
35406.023,26.41
35406.131,26.43
35406.239,26.41
35406.366,26.41
35406.476,26.43
35406.572,26.41
35406.660,26.4
35456.783,26.4
35456.881,26.41
35456.981,26.4
35457.084,26.41
35457.121,26.45
35457.217,26.41
35457.322,26.41
35457.423,26.41
35457.523,26.4
35457.626,26.38
35457.746,26.38
35457.834,26.43
35457.934,26.43
35458.038,26.43
35458.123,26.43
35458.248,26.43
35458.322,26.43
35458.454,26.4
35458.532,26.45
35458.628,26.41
35458.738,26.43
35458.849,26.41
35458.932,26.41
35459.037,26.41
35459.138,26.41
35459.261,26.41
35459.353,26.45
35459.447,26.43
35459.549,26.45
35459.650,26.4
35459.751,26.38
35459.856,26.41
35459.957,26.41
35460.059,26.4
35460.119,26.45
35460.221,26.38
35460.369,26.38
35460.469,26.41
35460.572,26.41
35460.641,26.4
35460.711,26.41
35460.817,26.41
35460.905,26.38
35461.006,26.41
35461.163,26.4
35461.214,26.43
35461.312,26.41
35461.422,26.4
35461.508,26.37
35461.613,26.43
35461.711,26.41
35461.832,26.4
35461.905,26.4
35462.006,26.38
35462.108,26.41
35462.209,26.38
35462.312,26.35
35462.417,26.4
35462.523,26.45
35462.631,26.38
35462.729,26.43
35462.826,26.43
35462.935,26.41
35463.030,26.41
35463.133,26.4
35463.229,26.38
35463.336,26.4
35463.447,26.41
35463.545,26.38
35463.625,26.37
35463.746,26.4
35463.854,26.43
35463.952,26.38
35464.064,26.38
35464.157,26.4
35464.256,26.4
35464.364,26.4
35464.462,26.41
35464.515,26.4
35464.616,26.43
35464.773,26.41
35464.800,26.38
35464.902,26.41
35465.003,26.4
35465.096,26.41
35465.194,26.4
35465.299,26.41
35465.408,26.4
35465.513,26.38
35465.633,26.4
35465.702,26.38
35465.795,26.38
35465.930,26.4
35466.011,26.38
35466.111,26.4
35466.197,26.38
35466.315,26.41
35466.388,26.4
35466.503,26.38
35466.614,26.41
35516.734,26.37
35516.827,26.38
35516.934,26.41
35517.033,26.38
35517.130,26.41
35517.253,26.43
35517.344,26.41
35517.435,26.4
35517.535,26.41
35517.638,26.41
35517.739,26.38
35517.836,26.45
35517.945,26.4
35518.035,26.37
35518.150,26.41
35518.253,26.4
35518.282,26.38
35518.457,26.38
35518.488,26.4
35518.586,26.4
35518.687,26.4
35518.795,26.41
35518.893,26.4
35519.000,26.41
35519.097,26.35
35519.185,26.38
35519.305,26.41
35519.402,26.4
35519.481,26.41
35519.596,26.38
35519.692,26.38
35519.799,26.41
35519.898,26.4
35519.984,26.35
35520.081,26.38
35520.190,26.4
35520.295,26.37
35520.391,26.38
35520.533,26.41
35520.609,26.4
35520.702,26.35
35520.799,26.41
35520.920,26.4
35521.020,26.37
35521.118,26.38
35521.224,26.4
35521.344,26.38
35521.432,26.38
35521.532,26.41
35521.631,26.38
35521.755,26.37
35521.837,26.38
35521.939,26.41
35522.043,26.41
35522.077,26.38
35522.172,26.4
35522.272,26.4
35522.380,26.38
35522.493,26.35
35522.591,26.38
35522.689,26.38
35522.785,26.41
35522.883,26.38
35522.969,26.38
35523.074,26.41
35523.182,26.4
35523.272,26.41
35523.405,26.35
35523.474,26.41
35523.592,26.38
35523.670,26.4
35523.768,26.41
35523.878,26.41
35523.986,26.4
35524.082,26.4
35524.202,26.4
35524.283,26.41
35524.397,26.4
35524.493,26.38
35524.591,26.38
35524.695,26.38
35524.795,26.38
35524.918,26.4
35525.018,26.4
35525.121,26.4
35525.219,26.41
35525.317,26.38
35525.430,26.4
35525.527,26.41
35525.625,26.4
35525.729,26.37
35525.822,26.35
35525.932,26.38
35526.033,26.41
35526.062,26.41
35526.168,26.37
35526.271,26.37
35526.366,26.35
35526.489,26.38
35526.574,26.38
35526.674,26.35
35576.775,26.41
35576.859,26.41
35576.979,26.38
35577.077,26.4
35577.173,26.38
35577.268,26.38
35577.364,26.4
35577.467,26.4
35577.591,26.41
35577.673,26.37
35577.778,26.35
35577.878,26.38
35578.003,26.35
35578.082,26.4
35578.185,26.37
35578.288,26.35
35578.395,26.37
35578.491,26.34
35578.589,26.38
35578.716,26.38
35578.812,26.35
35578.908,26.38
35579.003,26.4
35579.136,26.41
35579.211,26.41
35579.310,26.37
35579.429,26.41
35579.523,26.41
35579.549,26.4
35579.724,26.4
35579.748,26.38
35579.864,26.4
35579.962,26.37
35580.062,26.37
35580.163,26.41
35580.272,26.35
35580.366,26.38
35580.464,26.38
35580.555,26.41
35580.653,26.37
35580.753,26.35
35580.849,26.37
35580.949,26.41
35581.052,26.4
35581.153,26.38
35581.266,26.37
35581.359,26.4
35581.461,26.43
35581.565,26.37
35581.679,26.41
35581.775,26.37
35581.871,26.38
35581.967,26.37
35582.076,26.35
35582.158,26.35
35582.302,26.38
35582.368,26.35
35582.442,26.38
35582.543,26.41
35582.650,26.45
35582.805,26.38
35582.903,26.41
35583.000,26.38
35583.070,26.37
35583.175,26.38
35583.280,26.35
35583.407,26.34
35583.518,26.4
35583.543,26.37
35583.704,26.35
35583.755,26.38
35583.841,26.38
35583.954,26.35
35584.052,26.38
35584.153,26.35
35584.255,26.4
35584.334,26.38
35584.456,26.4
35584.574,26.35
35584.653,26.38
35584.751,26.37
35584.871,26.35
35584.976,26.41
35585.052,26.35
35585.150,26.38
35585.244,26.38
35585.354,26.37
35585.456,26.37
35585.552,26.38
35585.675,26.37
35585.761,26.35
35585.859,26.35
35585.967,26.38
35586.087,26.41
35586.174,26.38
35586.275,26.38
35586.376,26.35
35586.481,26.37
35586.582,26.37
35876.714,26.35
35876.778,26.38
35876.890,26.35
35876.991,26.38
35877.092,26.35
35877.190,26.38
35877.299,26.38
35877.405,26.41
35877.432,26.38
35877.638,26.37
35877.640,26.37
35877.739,26.37
35877.839,26.38
35877.925,26.38
35878.049,26.37
35878.147,26.38
35878.248,26.35
35878.326,26.32
35878.434,26.37
35878.533,26.38
35878.638,26.34
35878.734,26.38
35878.834,26.38
35878.935,26.38
35879.038,26.41
35879.121,26.37
35879.244,26.38
35879.326,26.38
35879.457,26.34
35879.550,26.38
35879.638,26.35
35879.787,26.38
35879.831,26.41
35879.952,26.38
35880.086,26.37
35880.148,26.38
35880.270,26.38
35880.366,26.38
35880.452,26.38
35880.567,26.38
35880.670,26.38
35880.775,26.38
35880.822,26.38
35880.925,26.35
35881.087,26.35
35881.116,26.38
35881.214,26.37
35881.315,26.37
35881.420,26.38
35881.522,26.35
35881.626,26.38
35881.729,26.38
35881.831,26.37
35881.924,26.38
35882.033,26.38
35882.119,26.35
35882.244,26.35
35882.334,26.35
35882.418,26.37
35882.521,26.37
35882.623,26.35
35882.728,26.37
35882.827,26.38
35882.930,26.35
35883.025,26.38
35883.116,26.38
35883.214,26.35
35883.337,26.38
35883.437,26.4
35883.530,26.37
35883.650,26.35
35883.726,26.37
35883.854,26.38
35883.910,26.35
35884.043,26.35
35884.147,26.32
35884.224,26.38
35884.329,26.35
35884.405,26.35
35884.535,26.38
35884.611,26.4
35884.766,26.38
35884.817,26.38
35884.981,26.35
35885.011,26.38
35885.109,26.38
35885.280,26.37
35885.312,26.41
35885.434,26.37
35885.500,26.41
35885.623,26.35
35885.723,26.35
35885.821,26.38
35885.918,26.34
35886.033,26.38
35886.106,26.37
35886.204,26.37
35886.302,26.37
35886.402,26.35
35886.500,26.38
35886.621,26.35
35936.714,26.35
35936.815,26.3
35936.908,26.38
35937.030,26.35
35937.114,26.35
35937.234,26.37
35937.329,26.37
35937.437,26.37
35937.503,26.32
35937.599,26.35
35937.707,26.37
35937.848,26.37
35937.915,26.35
35938.023,26.32
35938.146,26.37
35938.248,26.4
35938.347,26.35
35938.398,26.4
35938.538,26.37
35938.604,26.32
35938.692,26.35
35938.810,26.34
35938.907,26.38
35939.008,26.35
35939.108,26.4
35939.204,26.35
35939.302,26.32
35939.403,26.37
35939.501,26.35
35939.601,26.38
35939.709,26.37
35939.807,26.35
35939.908,26.38
35940.010,26.35
35940.098,26.32
35940.197,26.3
35940.295,26.35
35940.391,26.35
35940.511,26.35
35940.609,26.38
35940.707,26.37
35940.814,26.35
35940.907,26.37
35941.006,26.35
35941.113,26.34
35941.223,26.37
35941.322,26.38
35941.422,26.32
35941.523,26.37
35941.643,26.37
35941.741,26.35
35941.848,26.35
35941.927,26.38
35942.049,26.4
35942.145,26.37
35942.234,26.35
35942.285,26.38
35942.381,26.38
35942.486,26.37
35942.582,26.38
35942.697,26.35
35942.792,26.34
35942.898,26.4
35942.983,26.35
35943.082,26.35
35943.194,26.38
35943.282,26.37
35943.383,26.35
35943.481,26.37
35943.601,26.32
35943.682,26.37
35943.799,26.34
35943.891,26.35
35943.989,26.34
35944.096,26.35
35944.194,26.35
35944.297,26.35
35944.395,26.34
35944.513,26.38
35944.633,26.4
35944.709,26.34
35944.831,26.4
35944.913,26.35
35945.013,26.35
35945.116,26.38
35945.248,26.35
35945.324,26.35
35945.423,26.37
35945.521,26.38
35945.631,26.35
35945.731,26.35
35945.832,26.34
35945.935,26.37
35946.038,26.34
35946.141,26.38
35946.168,26.35
35946.305,26.34
35946.381,26.34
35946.479,26.38
35946.576,26.35
35946.670,26.4
35996.778,26.35
35996.885,26.35
35996.991,26.35
35997.065,26.35
35997.189,26.37
35997.266,26.32
35997.381,26.37
35997.478,26.37
35997.574,26.38
35997.677,26.35
35997.778,26.32
35997.885,26.38
35997.984,26.32
35998.094,26.34
35998.187,26.37
35998.285,26.34
35998.424,26.35
35998.506,26.38
35998.572,26.4
35998.702,26.35
35998.804,26.34
35998.905,26.35
35999.003,26.34
35999.104,26.35
35999.195,26.35
35999.327,26.32
35999.425,26.34
35999.520,26.34
35999.564,26.35
35999.724,26.35
35999.827,26.34
35999.932,26.29
36000.032,26.35
36000.060,26.34
36000.168,26.37
36000.263,26.37
36000.366,26.35
36000.469,26.35
36000.571,26.4
36000.668,26.35
36000.756,26.38
36000.875,26.35
36000.962,26.3
36001.065,26.35
36001.160,26.34
36001.268,26.35
36001.403,26.35
36001.498,26.38
36001.572,26.32
36001.652,26.35
36001.771,26.37
36001.859,26.34
36001.962,26.38
36002.062,26.32
36002.182,26.37
36002.251,26.35
36002.364,26.4
36002.505,26.35
36002.565,26.37
36002.685,26.34
36002.777,26.35
36002.915,26.34
36002.991,26.32
36003.113,26.35
36003.209,26.34
36003.307,26.34
36003.410,26.35
36003.513,26.32
36003.614,26.35
36003.650,26.38
36003.748,26.32
36003.847,26.32
36003.947,26.34
36004.049,26.35
36004.153,26.35
36004.256,26.34
36004.366,26.32
36004.444,26.37
36004.565,26.35
36004.665,26.32
36004.753,26.35
36004.875,26.37
36004.947,26.34
36005.050,26.35
36005.152,26.34
36005.253,26.34
36005.358,26.32
36005.444,26.37
36005.562,26.32
36005.663,26.34
36005.766,26.35
36005.881,26.35
36005.976,26.37
36006.072,26.37
36006.179,26.32
36006.266,26.35
36006.342,26.35
36006.486,26.34
36006.591,26.37
36006.662,26.32
36056.783,26.37
36056.920,26.32
36056.957,26.34
36057.087,26.34
36057.138,26.32
36057.280,26.35
36057.396,26.37
36057.447,26.37
36057.538,26.37
36057.650,26.37
36057.744,26.35
36057.842,26.34
36057.942,26.34
36058.043,26.35
36058.148,26.35
36058.248,26.35
36058.358,26.34
36058.440,26.4
36058.559,26.37
36058.643,26.35
36058.753,26.32
36058.842,26.35
36058.952,26.35
36059.048,26.34
36059.185,26.34
36059.246,26.37
36059.349,26.32
36059.452,26.35
36059.555,26.35
36059.657,26.35
36059.758,26.34
36059.853,26.35
36059.966,26.34
36060.076,26.35
36060.272,26.34
36060.273,26.34
36060.373,26.35
36060.474,26.34
36060.591,26.34
36060.685,26.32
36060.738,26.38
36060.912,26.35
36061.001,26.35
36061.028,26.34
36061.192,26.34
36061.295,26.32
36061.322,26.35
36061.498,26.32
36061.527,26.34
36061.626,26.34
36061.729,26.37
36061.831,26.35
36061.942,26.35
36062.104,26.32
36062.131,26.35
36062.229,26.4
36062.324,26.37
36062.427,26.37
36062.525,26.35
36062.626,26.35
36062.731,26.37
36062.837,26.32
36062.937,26.37
36063.038,26.35
36063.163,26.35
36063.251,26.32
36063.348,26.35
36063.445,26.34
36063.528,26.34
36063.650,26.3
36063.753,26.32
36063.856,26.3
36063.966,26.35
36064.062,26.32
36064.163,26.29
36064.265,26.35
36064.378,26.35
36064.473,26.3
36064.572,26.32
36064.675,26.34
36064.778,26.32
36064.873,26.32
36064.925,26.34
36065.016,26.35
36065.113,26.35
36065.214,26.37
36065.317,26.34
36065.415,26.3
36065.522,26.35
36065.623,26.38
36065.734,26.34
36065.815,26.32
36065.929,26.35
36066.015,26.32
36066.125,26.35
36066.211,26.34
36066.307,26.35
36066.425,26.29
36066.527,26.29
36066.631,26.32
36116.726,26.32
36116.837,26.34
36116.927,26.32
36117.030,26.34
36117.133,26.32
36117.248,26.35
36117.359,26.35
36117.445,26.34
36117.572,26.3
36117.648,26.27
36117.748,26.35
36117.849,26.34
36117.939,26.32
36118.052,26.34
36118.157,26.34
36118.251,26.35
36118.364,26.32
36118.464,26.32
36118.522,26.35
36118.625,26.38
36118.731,26.32
36118.873,26.34
36118.900,26.32
36119.000,26.32
36119.109,26.37
36119.214,26.34
36119.319,26.37
36119.410,26.32
36119.503,26.35
36119.616,26.32
36119.696,26.29
36119.820,26.35
36119.900,26.32
36120.000,26.32
36120.097,26.32
36120.238,26.34
36120.312,26.32
36120.410,26.35
36120.513,26.32
36120.626,26.32
36120.746,26.37
36120.819,26.34
36120.930,26.32
36121.025,26.35
36121.136,26.35
36121.246,26.34
36121.334,26.3
36121.434,26.35
36121.532,26.34
36121.663,26.35
36121.739,26.34
36121.842,26.35
36121.945,26.3
36122.050,26.34
36122.158,26.34
36122.256,26.3
36122.349,26.32
36122.388,26.34
36122.560,26.32
36122.587,26.37
36122.763,26.32
36122.790,26.32
36122.897,26.3
36122.998,26.34
36123.108,26.37
36123.206,26.34
36123.300,26.32
36123.391,26.32
36123.494,26.35
36123.592,26.35
36123.695,26.32
36123.821,26.35
36123.896,26.3
36123.984,26.35
36124.087,26.35
36124.199,26.32
36124.309,26.32
36124.413,26.35
36124.486,26.32
36124.598,26.3
36124.717,26.37
36124.846,26.35
36124.923,26.3
36125.018,26.32
36125.119,26.32
36125.223,26.35
36125.334,26.32
36125.432,26.32
36125.532,26.29
36125.631,26.35
36125.733,26.34
36125.837,26.32
36125.939,26.35
36126.045,26.3
36126.143,26.32
36126.246,26.38
36126.349,26.35
36126.391,26.35
36126.481,26.32
36126.577,26.34
36126.682,26.32
36176.785,26.27
36176.883,26.35
36176.986,26.32
36177.089,26.34
36177.196,26.29
36177.295,26.32
36177.373,26.32
36177.506,26.32
36177.584,26.32
36177.682,26.32
36177.780,26.34
36177.885,26.32
36177.986,26.32
36178.087,26.34
36178.192,26.38
36178.299,26.27
36178.405,26.34
36178.503,26.32
36178.597,26.34
36178.704,26.32
36178.800,26.32
36178.908,26.32
36179.011,26.29
36179.113,26.3
36179.214,26.35
36179.332,26.3
36179.422,26.32
36179.523,26.3
36179.626,26.32
36179.744,26.34
36179.772,26.3
36179.871,26.29
36179.967,26.35
36180.067,26.3
36180.165,26.35
36180.266,26.34
36180.371,26.32
36180.481,26.32
36180.584,26.32
36180.663,26.32
36180.772,26.32
36180.880,26.32
36180.981,26.32
36181.082,26.32
36181.168,26.29
36181.265,26.34
36181.359,26.34
36181.476,26.32
36181.581,26.29
36181.680,26.32
36181.807,26.32
36181.905,26.3
36181.991,26.3
36182.089,26.35
36182.192,26.29
36182.287,26.34
36182.391,26.34
36182.491,26.34
36182.594,26.3
36182.709,26.3
36182.802,26.34
36182.912,26.38
36183.008,26.3
36183.106,26.35
36183.209,26.32
36183.310,26.29
36183.418,26.32
36183.516,26.32
36183.618,26.35
36183.741,26.29
36183.760,26.29
36183.930,26.34
36183.957,26.32
36184.055,26.32
36184.157,26.3
36184.258,26.32
36184.358,26.29
36184.545,26.29
36184.572,26.34
36184.670,26.32
36184.778,26.32
36184.868,26.32
36184.949,26.32
36185.054,26.32
36185.153,26.35
36185.272,26.35
36185.349,26.35
36185.451,26.32
36185.550,26.29
36185.658,26.29
36185.750,26.32
36185.871,26.32
36185.947,26.32
36186.082,26.35
36186.179,26.32
36186.275,26.3
36186.383,26.34
36186.486,26.29
36186.587,26.3
36186.692,26.32
36476.795,26.32
36476.896,26.32
36476.998,26.32
36477.101,26.29
36477.202,26.26
36477.305,26.3
36477.415,26.35
36477.510,26.34
36477.614,26.34
36477.641,26.3
36477.741,26.34
36477.851,26.32
36477.949,26.32
36478.050,26.3
36478.153,26.32
36478.251,26.3
36478.354,26.34
36478.456,26.34
36478.542,26.32
36478.660,26.29
36478.739,26.32
36478.849,26.34
36478.954,26.34
36479.052,26.29
36479.158,26.32
36479.258,26.34
36479.375,26.32
36479.481,26.29
36479.589,26.35
36479.668,26.34
36479.751,26.27
36479.834,26.32
36479.989,26.35
36480.048,26.3
36480.168,26.3
36480.275,26.29
36480.356,26.32
36480.481,26.3
36480.576,26.29
36480.677,26.3
36480.771,26.29
36480.881,26.29
36480.930,26.29
36481.030,26.32
36481.196,26.3
36481.293,26.3
36481.403,26.29
36481.432,26.29
36481.597,26.29
36481.631,26.32
36481.731,26.3
36481.851,26.32
36481.947,26.32
36482.045,26.3
36482.143,26.3
36482.239,26.32
36482.332,26.3
36482.430,26.3
36482.528,26.32
36482.631,26.32
36482.739,26.32
36482.837,26.32
36482.929,26.3
36483.038,26.34
36483.141,26.34
36483.244,26.3
36483.347,26.3
36483.449,26.35
36483.530,26.3
36483.635,26.34
36483.741,26.34
36483.826,26.37
36483.934,26.32
36484.077,26.35
36484.141,26.3
36484.261,26.32
36484.400,26.32
36484.454,26.32
36484.577,26.29
36484.682,26.3
36484.768,26.32
36484.876,26.34
36484.984,26.32
36485.082,26.29
36485.190,26.32
36485.219,26.29
36485.317,26.32
36485.420,26.3
36485.530,26.3
36485.626,26.34
36485.729,26.34
36485.915,26.34
36485.917,26.3
36486.023,26.3
36486.119,26.32
36486.239,26.32
36486.327,26.3
36486.425,26.3
36486.523,26.32
36486.650,26.3
36536.734,26.29
36536.834,26.32
36536.940,26.32
36537.043,26.32
36537.138,26.3
36537.217,26.32
36537.351,26.3
36537.452,26.3
36537.527,26.32
36537.631,26.32
36537.753,26.32
36537.822,26.3
36537.956,26.29
36538.074,26.3
36538.160,26.34
36538.266,26.29
36538.364,26.29
36538.442,26.32
36538.562,26.3
36538.670,26.3
36538.773,26.32
36538.810,26.32
36538.972,26.3
36539.084,26.29
36539.111,26.35
36539.214,26.27
36539.309,26.32
36539.410,26.32
36539.518,26.32
36539.619,26.32
36539.722,26.3
36539.822,26.32
36539.913,26.26
36540.037,26.29
36540.104,26.29
36540.207,26.29
36540.324,26.3
36540.422,26.32
36540.522,26.34
36540.619,26.3
36540.719,26.27
36540.821,26.29
36540.932,26.34
36541.015,26.3
36541.109,26.3
36541.212,26.3
36541.320,26.29
36541.403,26.27
36541.506,26.29
36541.606,26.29
36541.712,26.29
36541.812,26.29
36541.913,26.29
36542.020,26.35
36542.162,26.32
36542.226,26.32
36542.348,26.3
36542.402,26.32
36542.554,26.3
36542.608,26.3
36542.756,26.32
36542.812,26.32
36542.895,26.32
36542.994,26.35
36543.116,26.34
36543.219,26.3
36543.305,26.29
36543.408,26.32
36543.511,26.29
36543.611,26.27
36543.712,26.34
36543.793,26.32
36543.893,26.3
36543.998,26.32
36544.099,26.29
36544.204,26.32
36544.298,26.29
36544.402,26.27
36544.510,26.29
36544.621,26.29
36544.689,26.32
36544.824,26.27
36544.927,26.32
36545.022,26.27
36545.131,26.29
36545.229,26.3
36545.329,26.29
36545.430,26.3
36545.540,26.29
36545.638,26.29
36545.736,26.3
36545.839,26.3
36545.942,26.29
36546.043,26.3
36546.160,26.3
36546.251,26.3
36546.361,26.3
36546.388,26.3
36546.488,26.32
36546.665,26.32
36596.795,26.3
36596.798,26.32
36596.895,26.29
36596.994,26.27
36597.092,26.26
36597.197,26.3
36597.295,26.3
36597.402,26.26
36597.481,26.29
36597.579,26.32
36597.682,26.29
36597.785,26.3
36597.888,26.3
36597.998,26.34
36598.092,26.32
36598.216,26.29
36598.299,26.29
36598.410,26.32
36598.489,26.29
36598.592,26.29
36598.690,26.32
36598.793,26.3
36598.895,26.29
36598.996,26.27
36599.098,26.32
36599.197,26.29
36599.283,26.27
36599.388,26.3
36599.494,26.29
36599.598,26.29
36599.724,26.29
36599.841,26.3
36599.927,26.3
36599.981,26.3
36600.141,26.32
36600.246,26.32
36600.273,26.29
36600.371,26.29
36600.571,26.3
36600.587,26.29
36600.677,26.27
36600.783,26.29
36600.885,26.29
36600.986,26.29
36601.086,26.29
36601.170,26.26
36601.373,26.29
36601.376,26.32
36601.473,26.32
36601.574,26.29
36601.677,26.29
36601.785,26.29
36601.890,26.29
36601.994,26.27
36602.087,26.32
36602.212,26.3
36602.285,26.3
36602.408,26.32
36602.496,26.29
36602.606,26.27
36602.733,26.26
36602.817,26.27
36602.905,26.29
36602.964,26.32
36603.070,26.29
36603.172,26.3
36603.273,26.29
36603.420,26.3
36603.486,26.3
36603.623,26.29
36603.694,26.3
36603.827,26.3
36603.929,26.3
36604.030,26.29
36604.133,26.29
36604.270,26.29
36604.272,26.3
36604.371,26.3
36604.469,26.27
36604.657,26.29
36604.658,26.3
36604.780,26.26
36604.876,26.3
36604.979,26.29
36605.077,26.27
36605.158,26.3
36605.260,26.32
36605.366,26.29
36605.464,26.29
36605.569,26.27
36605.670,26.27
36605.785,26.29
36605.905,26.26
36605.979,26.27
36606.082,26.32
36606.182,26.27
36606.283,26.27
36606.388,26.29
36606.494,26.29
36606.591,26.26
36606.695,26.3
36656.819,26.29
36656.930,26.3
36657.006,26.3
36657.059,26.3
36657.185,26.29
36657.273,26.32
36657.371,26.3
36657.479,26.3
36657.554,26.29
36657.655,26.29
36657.756,26.32
36657.932,26.29
36657.964,26.27
36658.049,26.32
36658.170,26.27
36658.255,26.29
36658.356,26.3
36658.454,26.29
36658.562,26.3
36658.655,26.29
36658.751,26.3
36658.853,26.29
36658.949,26.27
36659.059,26.3
36659.170,26.3
36659.258,26.29
36659.361,26.27
36659.459,26.29
36659.571,26.29
36659.697,26.29
36659.766,26.29
36659.873,26.27
36659.972,26.27
36660.074,26.29
36660.175,26.27
36660.278,26.27
36660.381,26.29
36660.493,26.26
36660.584,26.29
36660.696,26.24
36660.795,26.29
36660.903,26.26
36661.001,26.29
36661.097,26.27
36661.199,26.27
36661.253,26.29
36661.405,26.29
36661.457,26.29
36661.565,26.26
36661.638,26.29
36661.777,26.29
36661.839,26.32
36662.018,26.27
36662.047,26.29
36662.150,26.3
36662.248,26.34
36662.354,26.26
36662.437,26.3
36662.555,26.27
36662.658,26.27
36662.739,26.29
36662.839,26.26
36662.956,26.29
36663.065,26.3
36663.153,26.24
36663.256,26.34
36663.353,26.27
36663.454,26.29
36663.557,26.29
36663.655,26.26
36663.760,26.26
36663.871,26.29
36663.969,26.27
36664.065,26.29
36664.170,26.29
36664.272,26.32
36664.369,26.29
36664.476,26.29
36664.579,26.29
36664.687,26.29
36664.783,26.29
36664.903,26.32
36664.989,26.3
36665.091,26.27
36665.196,26.3
36665.270,26.26
36665.334,26.29
36665.501,26.27
36665.527,26.32
36665.709,26.26
36665.736,26.27
36665.837,26.27
36665.940,26.32
36666.028,26.27
36666.131,26.27
36666.233,26.32
36666.336,26.29
36666.430,26.29
36666.533,26.32
36666.633,26.26
36716.739,26.29
36716.864,26.26
36716.937,26.3
36717.045,26.3
36717.150,26.3
36717.248,26.3
36717.351,26.29
36717.451,26.29
36717.549,26.29
36717.645,26.3
36717.753,26.29
36717.842,26.26
36717.967,26.29
36718.064,26.29
36718.163,26.26
36718.266,26.34
36718.368,26.3
36718.469,26.29
36718.601,26.3
36718.675,26.24
36718.778,26.29
36718.880,26.29
36719.013,26.29
36719.015,26.27
36719.114,26.29
36719.214,26.29
36719.314,26.29
36719.424,26.29
36719.525,26.29
36719.626,26.32
36719.723,26.29
36719.831,26.3
36719.929,26.3
36720.048,26.3
36720.113,26.27
36720.216,26.29
36720.347,26.27
36720.417,26.3
36720.530,26.27
36720.609,26.3
36720.717,26.29
36720.827,26.3
36720.927,26.27
36721.023,26.29
36721.126,26.29
36721.241,26.3
36721.337,26.27
36721.442,26.29
36721.562,26.29
36721.636,26.3
36721.748,26.24
36721.851,26.26
36721.954,26.29
36722.055,26.26
36722.158,26.27
36722.253,26.32
36722.366,26.26
36722.464,26.27
36722.565,26.3
36722.668,26.27
36722.771,26.29
36722.873,26.29
36722.988,26.32
36723.003,26.3
36723.101,26.26
36723.204,26.3
36723.315,26.27
36723.423,26.3
36723.520,26.26
36723.618,26.26
36723.724,26.24
36723.822,26.26
36723.900,26.26
36723.998,26.32
36724.111,26.26
36724.212,26.29
36724.310,26.26
36724.474,26.29
36724.521,26.3
36724.599,26.27
36724.699,26.29
36724.824,26.26
36724.913,26.3
36725.030,26.29
36725.103,26.29
36725.209,26.26
36725.331,26.29
36725.427,26.24
36725.537,26.27
36725.650,26.3
36725.746,26.27
36725.844,26.27
36725.927,26.27
36726.052,26.27
36726.150,26.3
36726.253,26.26
36726.297,26.23
36726.457,26.27
36726.559,26.27
36726.663,26.27
36776.765,26.29
36776.793,26.27
36776.891,26.29
36777.003,26.26
36777.099,26.27
36777.199,26.29
36777.304,26.27
36777.398,26.27
36777.488,26.27
36777.611,26.26
36777.712,26.27
36777.812,26.29
36777.893,26.23
36777.994,26.26
36778.096,26.27
36778.202,26.27
36778.300,26.27
36778.403,26.27
36778.500,26.26
36778.608,26.29
36778.711,26.29
36778.812,26.27
36778.917,26.26
36779.013,26.27
36779.104,26.29
36779.187,26.3
36779.327,26.29
36779.390,26.29
36779.491,26.27
36779.647,26.26
36779.734,26.29
36779.797,26.32
36779.903,26.3
36780.010,26.3
36780.084,26.27
36780.182,26.26
36780.285,26.26
36780.385,26.26
36780.543,26.27
36780.631,26.27
36780.750,26.3
36780.802,26.26
36780.888,26.26
36780.989,26.24
36781.094,26.26
36781.199,26.29
36781.299,26.26
36781.396,26.27
36781.508,26.24
36781.582,26.27
36781.699,26.23
36781.810,26.26
36781.898,26.26
36781.994,26.27
36782.099,26.29
36782.175,26.29
36782.297,26.27
36782.405,26.3
36782.508,26.3
36782.611,26.27
36782.712,26.27
36782.787,26.29
36782.910,26.29
36782.984,26.24
36783.092,26.26
36783.174,26.29
36783.322,26.26
36783.378,26.29
36783.486,26.27
36783.643,26.29
36783.696,26.29
36783.797,26.27
36783.923,26.27
36783.974,26.29
36784.128,26.26
36784.179,26.3
36784.336,26.29
36784.380,26.26
36784.481,26.26
36784.577,26.29
36784.677,26.27
36784.775,26.26
36784.878,26.29
36784.981,26.27
36785.082,26.26
36785.190,26.32
36785.288,26.27
36785.371,26.27
36785.483,26.26
36785.572,26.26
36785.673,26.27
36785.777,26.29
36785.893,26.26
36785.991,26.24
36786.087,26.26
36786.219,26.29
36786.297,26.29
36786.391,26.29
36786.486,26.27
36786.584,26.27
36786.697,26.26
37076.802,26.29
37076.907,26.29
37077.003,26.27
37077.101,26.29
37077.217,26.26
37077.321,26.29
37077.363,26.24
37077.471,26.3
37077.577,26.29
37077.731,26.27
37077.760,26.24
37077.861,26.29
37077.959,26.27
37078.131,26.27
37078.158,26.24
37078.261,26.26
37078.435,26.29
37078.462,26.34
37078.564,26.27
37078.675,26.29
37078.790,26.26
37078.940,26.29
37078.967,26.26
37079.072,26.26
37079.160,26.29
37079.260,26.27
37079.359,26.26
37079.472,26.3
37079.572,26.32
37079.668,26.27
37079.771,26.27
37079.895,26.24
37079.978,26.29
37080.096,26.27
37080.174,26.27
37080.260,26.27
37080.396,26.29
37080.489,26.27
37080.584,26.27
37080.695,26.3
37080.793,26.3
37080.897,26.26
37080.998,26.26
37081.108,26.27
37081.204,26.27
37081.315,26.29
37081.410,26.29
37081.511,26.3
37081.613,26.26
37081.731,26.27
37081.750,26.27
37081.847,26.26
37081.945,26.27
37082.047,26.27
37082.167,26.27
37082.251,26.26
37082.354,26.29
37082.466,26.26
37082.560,26.27
37082.643,26.29
37082.763,26.24
37082.851,26.26
37082.947,26.27
37083.072,26.26
37083.148,26.26
37083.251,26.24
37083.353,26.26
37083.457,26.29
37083.569,26.24
37083.660,26.27
37083.763,26.27
37083.861,26.27
37083.957,26.27
37084.079,26.29
37084.177,26.29
37084.275,26.24
37084.376,26.24
37084.479,26.24
37084.577,26.26
37084.670,26.24
37084.788,26.26
37084.890,26.29
37084.991,26.24
37085.096,26.26
37085.190,26.26
37085.241,26.26
37085.407,26.23
37085.505,26.27
37085.606,26.26
37085.633,26.3
37085.736,26.29
37085.842,26.24
37085.937,26.24
37086.040,26.29
37086.141,26.26
37086.256,26.26
37086.349,26.24
37086.449,26.27
37086.530,26.27
37086.655,26.27
37136.760,26.29
37136.836,26.29
37136.947,26.27
37137.049,26.26
37137.143,26.29
37137.277,26.26
37137.336,26.23
37137.447,26.24
37137.542,26.26
37137.628,26.23
37137.729,26.26
37137.849,26.27
37137.930,26.3
37138.033,26.29
37138.135,26.26
37138.260,26.24
37138.347,26.29
37138.447,26.27
37138.565,26.26
37138.653,26.29
37138.753,26.26
37138.875,26.26
37138.924,26.26
37139.079,26.27
37139.165,26.23
37139.285,26.23
37139.386,26.26
37139.493,26.26
37139.523,26.24
37139.625,26.26
37139.729,26.27
37139.910,26.23
37139.935,26.24
37140.035,26.27
37140.136,26.24
37140.228,26.26
37140.324,26.27
37140.418,26.26
37140.552,26.26
37140.626,26.27
37140.729,26.26
37140.829,26.26
37140.940,26.27
37141.038,26.24
37141.136,26.26
37141.238,26.26
37141.329,26.27
37141.452,26.26
37141.545,26.26
37141.653,26.26
37141.751,26.29
37141.854,26.23
37141.949,26.26
37142.065,26.24
37142.168,26.27
37142.266,26.26
37142.317,26.29
37142.427,26.24
37142.532,26.26
37142.633,26.23
37142.787,26.23
37142.837,26.26
37142.940,26.23
37143.018,26.26
37143.123,26.26
37143.222,26.24
37143.380,26.26
37143.430,26.26
37143.515,26.27
37143.613,26.26
37143.711,26.29
37143.812,26.26
37143.932,26.26
37144.028,26.26
37144.109,26.26
37144.224,26.29
37144.310,26.26
37144.413,26.29
37144.515,26.27
37144.618,26.26
37144.716,26.26
37144.832,26.26
37144.932,26.26
37145.016,26.26
37145.136,26.24
37145.212,26.29
37145.327,26.27
37145.442,26.23
37145.547,26.26
37145.650,26.27
37145.751,26.24
37145.849,26.29
37145.949,26.26
37146.062,26.26
37146.155,26.26
37146.256,26.21
37146.359,26.26
37146.474,26.26
37146.503,26.27
37146.668,26.26
37196.768,26.26
37196.869,26.27
37196.973,26.26
37197.001,26.23
37197.099,26.26
37197.212,26.23
37197.312,26.23
37197.410,26.21
37197.508,26.27
37197.618,26.29
37197.717,26.24
37197.820,26.26
37197.923,26.24
37198.003,26.27
37198.109,26.26
37198.212,26.23
37198.336,26.24
37198.442,26.26
37198.501,26.23
37198.604,26.26
37198.707,26.26
37198.795,26.24
37198.918,26.21
37199.003,26.26
37199.118,26.24
37199.217,26.24
37199.337,26.24
37199.439,26.23
37199.537,26.19
37199.635,26.21
37199.739,26.24
37199.804,26.23
37199.949,26.24
37200.045,26.24
37200.148,26.23
37200.251,26.23
37200.347,26.27
37200.397,26.26
37200.498,26.26
37200.589,26.26
37200.756,26.29
37200.805,26.24
37200.886,26.23
37201.008,26.24
37201.101,26.26
37201.209,26.24
37201.288,26.24
37201.391,26.24
37201.491,26.29
37201.599,26.24
37201.702,26.26
37201.804,26.26
37201.883,26.26
37201.989,26.24
37202.084,26.27
37202.206,26.24
37202.322,26.26
37202.383,26.29
37202.506,26.26
37202.604,26.24
37202.702,26.23
37202.793,26.26
37202.915,26.26
37203.011,26.26
37203.116,26.26
37203.211,26.24
37203.307,26.24
37203.415,26.23
37203.511,26.26
37203.631,26.26
37203.684,26.27
37203.826,26.26
37203.920,26.26
37204.040,26.27
37204.148,26.26
37204.199,26.24
37204.275,26.26
37204.378,26.24
37204.481,26.26
37204.586,26.26
37204.695,26.26
37204.821,26.23
37204.885,26.26
37204.994,26.27
37205.087,26.26
37205.185,26.21
37205.282,26.24
37205.397,26.26
37205.476,26.26
37205.574,26.21
37205.680,26.23
37205.793,26.26
37205.890,26.26
37205.986,26.23
37206.099,26.23
37206.196,26.23
37206.293,26.26
37206.398,26.26
37206.505,26.26
37206.572,26.26
37256.723,26.26
37256.809,26.26
37256.903,26.26
37257.008,26.29
37257.087,26.26
37257.207,26.24
37257.275,26.24
37257.418,26.26
37257.525,26.26
37257.623,26.24
37257.724,26.24
37257.849,26.24
37257.925,26.24
37258.032,26.27
37258.136,26.24
37258.241,26.24
37258.268,26.24
37258.364,26.26
37258.486,26.29
37258.582,26.24
37258.680,26.27
37258.783,26.21
37258.864,26.21
37258.971,26.23
37259.074,26.29
37259.175,26.26
37259.293,26.29
37259.373,26.26
37259.498,26.23
37259.577,26.27
37259.660,26.26
37259.775,26.24
37259.883,26.26
37259.981,26.23
37260.074,26.26
37260.177,26.26
37260.293,26.26
37260.396,26.26
37260.491,26.26
37260.592,26.26
37260.696,26.26
37260.810,26.24
37260.905,26.23
37261.006,26.23
37261.103,26.23
37261.201,26.26
37261.309,26.26
37261.412,26.24
37261.516,26.26
37261.616,26.24
37261.719,26.24
37261.831,26.26
37261.866,26.26
37262.025,26.27
37262.054,26.26
37262.233,26.24
37262.255,26.24
37262.356,26.23
37262.459,26.19
37262.560,26.24
37262.668,26.23
37262.771,26.19
37262.854,26.23
37262.969,26.23
37263.060,26.27
37263.152,26.26
37263.253,26.21
37263.356,26.26
37263.471,26.23
37263.555,26.26
37263.652,26.23
37263.758,26.24
37263.869,26.26
37263.971,26.21
37264.072,26.24
37264.209,26.24
37264.268,26.27
37264.388,26.26
37264.481,26.26
37264.579,26.26
37264.687,26.26
37264.807,26.27
37264.905,26.27
37265.003,26.29
37265.101,26.24
37265.172,26.26
37265.305,26.24
37265.405,26.26
37265.516,26.26
37265.611,26.24
37265.712,26.27
37265.741,26.24
37265.908,26.23
37265.952,26.26
37266.050,26.24
37266.150,26.26
37266.251,26.21
37266.361,26.24
37266.454,26.24
37266.559,26.26
37266.641,26.26
37316.761,26.23
37316.839,26.24
37316.942,26.27
37317.055,26.21
37317.145,26.23
37317.239,26.23
37317.376,26.23
37317.461,26.23
37317.555,26.26
37317.663,26.23
37317.744,26.21
37317.861,26.24
37317.940,26.24
37318.072,26.24
37318.177,26.21
37318.273,26.19
37318.375,26.21
37318.454,26.21
37318.545,26.23
37318.648,26.23
37318.760,26.26
37318.893,26.26
37318.989,26.26
37319.033,26.26
37319.136,26.26
37319.288,26.23
37319.388,26.26
37319.440,26.21
37319.535,26.23
37319.630,26.23
37319.800,26.23
37319.832,26.23
37319.951,26.24
37320.047,26.24
37320.141,26.24
37320.241,26.23
37320.344,26.23
37320.447,26.23
37320.547,26.21
37320.626,26.24
37320.731,26.26
37320.832,26.24
37320.934,26.24
37321.055,26.23
37321.140,26.23
37321.248,26.24
37321.344,26.21
37321.466,26.23
37321.548,26.26
37321.650,26.24
37321.753,26.23
37321.856,26.24
37321.959,26.23
37322.079,26.23
37322.155,26.26
37322.266,26.27
37322.385,26.24
37322.481,26.24
37322.572,26.23
37322.631,26.26
37322.778,26.23
37322.839,26.23
37322.940,26.21
37323.045,26.26
37323.155,26.24
37323.304,26.29
37323.332,26.26
37323.435,26.26
37323.518,26.23
37323.626,26.19
37323.734,26.23
37323.832,26.26
37323.932,26.26
37324.040,26.23
37324.138,26.26
37324.239,26.24
37324.418,26.26
37324.420,26.26
37324.528,26.26
37324.621,26.26
37324.751,26.26
37324.826,26.23
37324.927,26.24
37325.038,26.24
37325.141,26.26
37325.239,26.26
37325.369,26.26
37325.467,26.23
37325.543,26.24
37325.653,26.21
37325.751,26.24
37325.875,26.23
37325.951,26.24
37326.055,26.23
37326.155,26.21
37326.266,26.23
37326.368,26.26
37326.464,26.19
37326.518,26.24
37326.616,26.23
37376.724,26.23
37376.871,26.27
37376.976,26.24
37377.040,26.23
37377.114,26.26
37377.212,26.24
37377.326,26.19
37377.413,26.26
37377.511,26.24
37377.616,26.26
37377.712,26.26
37377.824,26.23
37377.920,26.23
37378.037,26.19
37378.113,26.19
37378.209,26.21
37378.307,26.21
37378.408,26.24
37378.516,26.24
37378.614,26.24
37378.717,26.23
37378.820,26.23
37378.927,26.18
37379.033,26.19
37379.138,26.26
37379.229,26.26
37379.324,26.26
37379.432,26.26
37379.552,26.23
37379.648,26.24
37379.746,26.24
37379.847,26.23
37379.946,26.21
37380.048,26.23
37380.150,26.23
37380.241,26.24
37380.354,26.24
37380.459,26.23
37380.560,26.23
37380.652,26.23
37380.704,26.21
37380.800,26.23
37380.903,26.23
37381.001,26.23
37381.099,26.23
37381.199,26.23
37381.297,26.19
37381.412,26.24
37381.511,26.21
37381.609,26.23
37381.712,26.23
37381.802,26.23
37381.900,26.19
37382.001,26.21
37382.101,26.23
37382.214,26.21
37382.293,26.23
37382.393,26.21
37382.506,26.23
37382.604,26.23
37382.719,26.24
37382.822,26.23
37382.900,26.23
37383.025,26.26
37383.128,26.27
37383.226,26.19
37383.334,26.23
37383.430,26.21
37383.552,26.21
37383.660,26.21
37383.736,26.24
37383.837,26.21
37383.915,26.24
37384.050,26.23
37384.148,26.24
37384.246,26.23
37384.354,26.23
37384.452,26.23
37384.554,26.21
37384.655,26.24
37384.697,26.23
37384.793,26.26
37384.891,26.21
37384.989,26.23
37385.092,26.23
37385.196,26.23
37385.304,26.21
37385.388,26.26
37385.501,26.23
37385.601,26.23
37385.702,26.24
37385.799,26.23
37385.893,26.21
37385.986,26.23
37386.089,26.24
37386.192,26.21
37386.295,26.23
37386.398,26.23
37386.488,26.19
37386.592,26.18
37386.695,26.23
37676.799,26.23
37676.900,26.23
37677.000,26.19
37677.089,26.24
37677.223,26.23
37677.310,26.21
37677.410,26.23
37677.508,26.21
37677.608,26.21
37677.721,26.19
37677.822,26.24
37677.925,26.23
37678.028,26.23
37678.079,26.19
37678.175,26.23
37678.273,26.21
37678.373,26.24
37678.472,26.19
37678.650,26.26
37678.694,26.24
37678.782,26.24
37678.885,26.23
37678.981,26.21
37679.089,26.23
37679.192,26.26
37679.290,26.24
37679.390,26.19
37679.474,26.21
37679.572,26.23
37679.673,26.21
37679.797,26.23
37679.910,26.21
37679.984,26.23
37680.084,26.23
37680.209,26.23
37680.288,26.21
37680.398,26.23
37680.500,26.19
37680.601,26.24
37680.704,26.26
37680.809,26.19
37680.903,26.23
37681.013,26.21
37681.067,26.21
37681.170,26.23
37681.312,26.23
37681.378,26.21
37681.486,26.21
37681.633,26.26
37681.728,26.21
37681.824,26.26
37681.918,26.23
37682.045,26.23
37682.074,26.23
37682.231,26.23
37682.261,26.23
37682.369,26.21
37682.476,26.24
37682.572,26.21
37682.670,26.24
37682.783,26.24
37682.875,26.23
37682.976,26.23
37683.077,26.21
37683.177,26.19
37683.282,26.21
37683.369,26.19
37683.471,26.21
37683.565,26.23
37683.667,26.19
37683.770,26.21
37683.883,26.24
37683.979,26.23
37684.077,26.24
37684.179,26.23
37684.287,26.19
37684.393,26.23
37684.489,26.21
37684.587,26.23
37684.692,26.24
37684.793,26.19
37684.895,26.23
37685.008,26.19
37685.062,26.24
37685.163,26.21
37685.266,26.21
37685.369,26.26
37685.472,26.19
37685.579,26.23
37685.721,26.26
37685.787,26.23
37685.913,26.18
37685.967,26.23
37686.069,26.23
37686.158,26.21
37686.256,26.21
37686.354,26.23
37686.457,26.18
37686.554,26.23
37686.652,26.23
37736.780,26.21
37736.849,26.19
37736.961,26.23
37737.052,26.21
37737.150,26.21
37737.258,26.21
37737.356,26.23
37737.449,26.23
37737.560,26.21
37737.662,26.21
37737.758,26.24
37737.880,26.18
37737.967,26.19
37738.074,26.23
37738.206,26.23
37738.293,26.18
37738.378,26.23
37738.498,26.19
37738.616,26.21
37738.699,26.19
37738.795,26.23
37738.923,26.21
37738.981,26.19
37739.094,26.19
37739.197,26.26
37739.300,26.24
37739.407,26.21
37739.505,26.23
37739.606,26.24
37739.719,26.23
37739.741,26.19
37739.839,26.21
37739.939,26.19
37740.045,26.19
37740.153,26.23
37740.251,26.23
37740.348,26.21
37740.456,26.19
37740.555,26.23
37740.638,26.21
37740.736,26.21
37740.844,26.21
37740.944,26.21
37741.042,26.21
37741.141,26.23
37741.244,26.19
37741.347,26.23
37741.481,26.21
37741.562,26.23
37741.655,26.21
37741.775,26.19
37741.859,26.26
37741.969,26.23
37742.064,26.19
37742.192,26.16
37742.292,26.19
37742.383,26.21
37742.481,26.19
37742.603,26.21
37742.679,26.18
37742.783,26.23
37742.883,26.19
37742.979,26.23
37743.071,26.19
37743.190,26.21
37743.288,26.19
37743.397,26.19
37743.439,26.21
37743.599,26.19
37743.630,26.19
37743.728,26.21
37743.832,26.21
37743.930,26.24
37744.033,26.21
37744.128,26.23
37744.246,26.21
37744.344,26.23
37744.447,26.19
37744.528,26.23
37744.626,26.19
37744.726,26.19
37744.827,26.21
37744.934,26.21
37745.052,26.23
37745.153,26.21
37745.231,26.16
37745.341,26.24
37745.427,26.21
37745.532,26.18
37745.648,26.19
37745.756,26.19
37745.824,26.23
37745.935,26.21
37746.035,26.19
37746.153,26.23
37746.261,26.24
37746.380,26.23
37746.447,26.18
37746.579,26.19
37746.674,26.23
37796.775,26.21
37796.886,26.21
37796.981,26.18
37797.067,26.19
37797.116,26.23
37797.285,26.19
37797.388,26.21
37797.491,26.23
37797.520,26.23
37797.618,26.19
37797.719,26.18
37797.829,26.21
37797.930,26.16
37798.028,26.19
37798.130,26.19
37798.216,26.19
37798.312,26.19
37798.412,26.19
37798.513,26.21
37798.626,26.21
37798.721,26.21
37798.822,26.19
37798.930,26.19
37799.028,26.19
37799.130,26.19
37799.228,26.24
37799.368,26.19
37799.437,26.21
37799.547,26.19
37799.655,26.21
37799.756,26.21
37799.854,26.19
37799.929,26.21
37800.052,26.21
37800.119,26.21
37800.221,26.21
37800.327,26.23
37800.432,26.24
37800.540,26.18
37800.658,26.23
37800.790,26.23
37800.871,26.19
37800.966,26.19
37801.015,26.21
37801.113,26.23
37801.219,26.23
37801.315,26.23
37801.413,26.23
37801.501,26.23
37801.606,26.21
37801.702,26.21
37801.822,26.19
37801.898,26.21
37802.021,26.19
37802.101,26.19
37802.214,26.21
37802.307,26.19
37802.408,26.19
37802.508,26.21
37802.626,26.21
37802.748,26.19
37802.822,26.19
37802.923,26.19
37803.052,26.23
37803.133,26.21
37803.234,26.19
37803.327,26.21
37803.440,26.23
37803.535,26.19
37803.635,26.23
37803.739,26.21
37803.841,26.21
37803.917,26.21
37804.052,26.21
37804.155,26.21
37804.251,26.19
37804.351,26.19
37804.486,26.21
37804.560,26.19
37804.660,26.21
37804.785,26.21
37804.802,26.19
37804.973,26.19
37805.001,26.23
37805.099,26.19
37805.224,26.19
37805.298,26.19
37805.400,26.19
37805.523,26.18
37805.609,26.23
37805.709,26.21
37805.810,26.21
37805.890,26.23
37805.994,26.21
37806.092,26.19
37806.189,26.21
37806.300,26.21
37806.400,26.19
37806.501,26.21
37806.599,26.23
37856.714,26.18
37856.815,26.19
37856.913,26.16
37856.989,26.23
37857.123,26.19
37857.222,26.19
37857.298,26.23
37857.429,26.21
37857.527,26.21
37857.636,26.19
37857.763,26.21
37857.837,26.21
37857.935,26.19
37858.040,26.21
37858.141,26.19
37858.192,26.21
37858.347,26.19
37858.407,26.19
37858.486,26.19
37858.587,26.19
37858.696,26.19
37858.782,26.18
37858.897,26.21
37858.988,26.19
37859.087,26.21
37859.197,26.16
37859.295,26.23
37859.466,26.23
37859.489,26.19
37859.587,26.18
37859.679,26.21
37859.780,26.19
37859.876,26.21
37859.976,26.23
37860.094,26.19
37860.190,26.18
37860.300,26.23
37860.403,26.19
37860.500,26.19
37860.592,26.23
37860.711,26.19
37860.915,26.19
37860.918,26.23
37861.035,26.23
37861.119,26.19
37861.216,26.19
37861.315,26.19
37861.402,26.21
37861.518,26.21
37861.623,26.16
37861.726,26.16
37861.771,26.21
37861.923,26.19
37862.033,26.16
37862.145,26.19
37862.179,26.21
37862.270,26.16
37862.368,26.19
37862.472,26.19
37862.572,26.23
37862.672,26.21
37862.772,26.23
37862.873,26.19
37862.986,26.23
37863.087,26.19
37863.182,26.23
37863.288,26.21
37863.393,26.23
37863.476,26.18
37863.581,26.19
37863.670,26.19
37863.766,26.21
37863.876,26.23
37863.978,26.19
37864.082,26.21
37864.179,26.21
37864.277,26.18
37864.386,26.23
37864.483,26.19
37864.577,26.19
37864.711,26.16
37864.783,26.21
37864.902,26.19
37864.998,26.21
37865.089,26.18
37865.212,26.23
37865.309,26.23
37865.407,26.26
37865.513,26.19
37865.611,26.19
37865.702,26.18
37865.812,26.19
37865.923,26.23
37866.018,26.23
37866.071,26.16
37866.224,26.18
37866.275,26.16
37866.368,26.18
37866.466,26.23
37866.574,26.19
37866.674,26.16
37916.768,26.19
37916.866,26.18
37916.957,26.19
37917.052,26.19
37917.174,26.21
37917.256,26.19
37917.376,26.23
37917.452,26.18
37917.550,26.19
37917.655,26.19
37917.763,26.21
37917.861,26.19
37917.967,26.18
37918.070,26.23
37918.170,26.21
37918.253,26.19
37918.383,26.19
37918.462,26.24
37918.584,26.16
37918.687,26.19
37918.795,26.18
37918.893,26.24
37918.989,26.19
37919.082,26.19
37919.185,26.24
37919.305,26.23
37919.402,26.23
37919.498,26.23
37919.601,26.21
37919.652,26.19
37919.744,26.19
37919.856,26.18
37919.954,26.21
37920.059,26.19
37920.147,26.19
37920.246,26.19
37920.347,26.18
37920.447,26.21
37920.548,26.16
37920.658,26.19
37920.756,26.19
37920.851,26.19
37920.957,26.18
37921.052,26.16
37921.150,26.18
37921.248,26.21
37921.359,26.19
37921.457,26.18
37921.559,26.18
37921.662,26.21
37921.746,26.18
37921.849,26.16
37921.956,26.23
37922.059,26.19
37922.145,26.18
37922.273,26.19
37922.369,26.19
37922.496,26.16
37922.567,26.19
37922.674,26.18
37922.817,26.21
37922.890,26.18
37923.022,26.19
37923.094,26.21
37923.207,26.19
37923.302,26.21
37923.398,26.18
37923.501,26.19
37923.601,26.18
37923.706,26.23
37923.734,26.19
37923.832,26.18
37923.942,26.21
37924.043,26.19
37924.138,26.16
37924.320,26.16
37924.348,26.19
37924.447,26.23
37924.549,26.16
37924.633,26.23
37924.738,26.19
37924.866,26.18
37924.940,26.16
37925.069,26.19
37925.148,26.19
37925.275,26.15
37925.369,26.23
37925.457,26.21
37925.533,26.21
37925.633,26.13
37925.734,26.18
37925.842,26.18
37925.946,26.21
37926.048,26.16
37926.126,26.19
37926.231,26.19
37926.342,26.16
37926.472,26.16
37926.577,26.19
37926.675,26.21
37976.773,26.19
37976.881,26.21
37976.983,26.16
37977.084,26.19
37977.204,26.19
37977.266,26.18
37977.391,26.19
37977.496,26.16
37977.523,26.21
37977.638,26.21
37977.739,26.19
37977.834,26.19
37977.939,26.19
37978.033,26.16
37978.131,26.19
37978.236,26.19
37978.337,26.19
37978.425,26.19
37978.522,26.19
37978.619,26.18
37978.724,26.16
37978.824,26.16
37978.927,26.21
37979.043,26.21
37979.133,26.19
37979.231,26.21
37979.347,26.19
37979.454,26.19
37979.554,26.19
37979.650,26.15
37979.748,26.19
37979.849,26.21
37979.952,26.18
37980.055,26.16
37980.145,26.19
37980.260,26.21
37980.322,26.19
37980.424,26.19
37980.557,26.16
37980.631,26.19
37980.738,26.18
37980.814,26.18
37980.972,26.18
37981.071,26.21
37981.173,26.19
37981.292,26.19
37981.320,26.18
37981.415,26.19
37981.521,26.16
37981.614,26.19
37981.729,26.18
37981.824,26.21
37981.922,26.19
37982.025,26.15
37982.128,26.16
37982.233,26.19
37982.307,26.23
37982.418,26.16
37982.520,26.19
37982.616,26.19
37982.719,26.18
37982.827,26.19
37982.929,26.18
37983.023,26.18
37983.128,26.18
37983.239,26.19
37983.339,26.18
37983.452,26.19
37983.535,26.19
37983.657,26.21
37983.741,26.16
37983.819,26.23
37983.903,26.16
37984.008,26.15
37984.108,26.19
37984.212,26.18
37984.317,26.19
37984.418,26.16
37984.530,26.18
37984.603,26.19
37984.753,26.19
37984.805,26.18
37984.969,26.19
37984.998,26.18
37985.175,26.18
37985.207,26.18
37985.315,26.16
37985.410,26.18
37985.511,26.16
37985.702,26.18
37985.704,26.18
37985.798,26.18
37985.895,26.18
37986.025,26.13
37986.094,26.16
37986.199,26.18
37986.302,26.16
37986.408,26.21
37986.508,26.19
37986.609,26.13
35876.712,26.16
35876.812,26.19
35876.915,26.18
35877.016,26.18
35877.126,26.18
35877.219,26.21
35877.324,26.16
35877.427,26.19
35877.540,26.18
35877.635,26.16
35877.734,26.16
35877.831,26.19
35877.910,26.18
35878.049,26.13
35878.099,26.19
35878.206,26.19
35878.305,26.19
35878.405,26.15
35878.513,26.15
35878.597,26.16
35878.699,26.18
35878.797,26.18
35878.900,26.19
35878.989,26.16
35879.160,26.16
35879.187,26.19
35879.307,26.18
35879.400,26.18
35879.498,26.18
35879.594,26.16
35879.697,26.18
35879.785,26.19
35879.886,26.16
35880.003,26.16
35880.111,26.19
35880.201,26.16
35880.305,26.19
35880.400,26.16
35880.510,26.16
35880.611,26.19
35880.709,26.13
35880.815,26.19
35880.918,26.19
35881.021,26.15
35881.118,26.23
35881.217,26.19
35881.319,26.18
35881.423,26.19
35881.538,26.19
35881.626,26.19
35881.729,26.19
35881.826,26.16
35881.903,26.18
35882.037,26.19
35882.138,26.18
35882.239,26.16
35882.342,26.16
35882.446,26.18
35882.548,26.16
35882.577,26.16
35882.673,26.19
35882.777,26.18
35882.888,26.16
35883.057,26.18
35883.094,26.16
35883.190,26.21
35883.288,26.16
35883.375,26.19
35883.494,26.19
35883.571,26.18
35883.675,26.16
35883.785,26.21
35883.885,26.16
35883.981,26.19
35884.111,26.19
35884.185,26.18
35884.288,26.16
35884.375,26.19
35884.476,26.16
35884.584,26.18
35884.707,26.19
35884.773,26.19
35884.876,26.16
35884.998,26.21
35885.108,26.19
35885.212,26.19
35885.319,26.19
35885.415,26.16
35885.518,26.15
35885.623,26.19
35885.729,26.16
35885.824,26.19
35885.923,26.13
35886.042,26.18
35886.072,26.18
35886.174,26.16
35886.278,26.18
35886.447,26.19
35886.474,26.16
35886.571,26.16
35886.685,26.18
35936.773,26.19
35936.876,26.16
35936.974,26.19
35937.077,26.18
35937.174,26.19
35937.266,26.16
35937.359,26.19
35937.464,26.23
35937.565,26.19
35937.668,26.19
35937.787,26.18
35937.878,26.16
35937.984,26.19
35938.079,26.18
35938.199,26.19
35938.290,26.18
35938.388,26.18
35938.494,26.16
35938.589,26.15
35938.670,26.16
35938.777,26.18
35938.859,26.16
35938.964,26.13
35939.065,26.18
35939.172,26.19
35939.300,26.18
35939.398,26.16
35939.511,26.18
35939.623,26.18
35939.716,26.18
35939.812,26.15
35939.920,26.19
35940.010,26.16
35940.128,26.16
35940.157,26.18
35940.255,26.16
35940.359,26.16
35940.459,26.18
35940.559,26.19
35940.660,26.19
35940.765,26.19
35940.871,26.16
35940.969,26.18
35941.050,26.15
35941.163,26.18
35941.263,26.19
35941.359,26.18
35941.461,26.19
35941.559,26.16
35941.662,26.19
35941.773,26.18
35941.871,26.18
35941.967,26.15
35942.089,26.16
35942.163,26.19
35942.288,26.19
35942.383,26.18
35942.462,26.16
35942.584,26.16
35942.643,26.16
35942.746,26.18
35942.851,26.15
35942.957,26.16
35943.062,26.19
35943.167,26.13
35943.299,26.19
35943.342,26.18
35943.503,26.19
35943.598,26.13
35943.709,26.18
35943.805,26.18
35943.905,26.16
35943.957,26.16
35944.055,26.19
35944.148,26.16
35944.246,26.19
35944.349,26.16
35944.440,26.18
35944.560,26.16
35944.660,26.16
35944.768,26.19
35944.837,26.16
35944.940,26.15
35945.040,26.18
35945.143,26.19
35945.244,26.16
35945.348,26.16
35945.459,26.18
35945.560,26.18
35945.660,26.15
35945.765,26.18
35945.871,26.16
35945.969,26.16
35946.098,26.19
35946.170,26.15
35946.260,26.18
35946.381,26.18
35946.476,26.19
35946.577,26.16
35946.679,26.15
35996.783,26.16
35996.881,26.16
35996.986,26.18
35997.087,26.15
35997.199,26.19
35997.293,26.19
35997.408,26.16
35997.437,26.16
35997.535,26.15
35997.630,26.16
35997.731,26.16
35997.837,26.16
35997.940,26.19
35998.038,26.18
35998.143,26.18
35998.243,26.18
35998.344,26.18
35998.444,26.19
35998.533,26.21
35998.658,26.16
35998.729,26.19
35998.832,26.19
35998.932,26.16
35999.035,26.19
35999.136,26.19
35999.248,26.18
35999.342,26.18
35999.437,26.16
35999.545,26.19
35999.660,26.16
35999.756,26.11
35999.854,26.18
35999.964,26.15
36000.060,26.21
36000.145,26.19
36000.226,26.15
36000.327,26.15
36000.427,26.16
36000.538,26.15
36000.690,26.19
36000.741,26.18
36000.851,26.18
36000.972,26.18
36001.060,26.18
36001.184,26.19
36001.282,26.13
36001.331,26.16
36001.483,26.18
36001.535,26.19
36001.621,26.18
36001.719,26.18
36001.817,26.19
36001.920,26.18
36002.016,26.19
36002.119,26.16
36002.217,26.13
36002.319,26.16
36002.415,26.18
36002.528,26.19
36002.626,26.15
36002.729,26.16
36002.827,26.16
36002.925,26.16
36003.035,26.15
36003.140,26.16
36003.231,26.18
36003.334,26.18
36003.442,26.16
36003.538,26.18
36003.648,26.16
36003.744,26.19
36003.848,26.18
36003.954,26.16
36004.050,26.18
36004.153,26.18
36004.256,26.19
36004.390,26.19
36004.464,26.19
36004.564,26.19
36004.667,26.21
36004.707,26.19
36004.873,26.16
36004.974,26.19
36005.074,26.19
36005.179,26.16
36005.288,26.15
36005.386,26.16
36005.424,26.16
36005.511,26.13
36005.609,26.18
36005.714,26.16
36005.817,26.16
36005.910,26.11
36006.023,26.18
36006.119,26.15
36006.207,26.18
36006.304,26.11
36006.424,26.19
36006.528,26.18
36006.614,26.15
36056.712,26.18
36056.817,26.18
36056.920,26.16
36057.027,26.18
36057.123,26.19
36057.226,26.18
36057.332,26.19
36057.430,26.18
36057.533,26.16
36057.630,26.16
36057.739,26.15
36057.839,26.15
36057.947,26.15
36058.050,26.18
36058.147,26.18
36058.248,26.15
36058.366,26.16
36058.397,26.16
36058.500,26.15
36058.598,26.18
36058.702,26.16
36058.804,26.16
36058.903,26.15
36059.000,26.16
36059.101,26.19
36059.199,26.13
36059.305,26.16
36059.405,26.11
36059.515,26.16
36059.614,26.15
36059.717,26.21
36059.802,26.18
36059.915,26.19
36059.998,26.18
36060.103,26.13
36060.202,26.18
36060.327,26.16
36060.410,26.19
36060.508,26.18
36060.640,26.16
36060.711,26.21
36060.819,26.16
36060.940,26.18
36061.027,26.19
36061.123,26.16
36061.219,26.18
36061.324,26.16
36061.425,26.16
36061.521,26.19
36061.631,26.19
36061.743,26.16
36061.839,26.18
36061.937,26.18
36062.042,26.13
36062.141,26.16
36062.243,26.16
36062.344,26.16
36062.452,26.16
36062.584,26.16
36062.586,26.18
36062.775,26.18
36062.793,26.18
36062.961,26.16
36062.989,26.15
36063.089,26.18
36063.189,26.18
36063.292,26.16
36063.393,26.16
36063.510,26.15
36063.603,26.15
36063.699,26.18
36063.804,26.18
36063.888,26.19
36063.988,26.16
36064.089,26.18
36064.190,26.19
36064.300,26.19
36064.402,26.19
36064.479,26.19
36064.589,26.13
36064.721,26.16
36064.792,26.18
36064.883,26.15
36065.023,26.19
36065.094,26.16
36065.219,26.18
36065.315,26.16
36065.418,26.18
36065.513,26.16
36065.586,26.13
36065.726,26.13
36065.827,26.19
36065.925,26.18
36065.974,26.18
36066.138,26.18
36066.239,26.18
36066.339,26.19
36066.451,26.18
36066.545,26.18
36066.572,26.16
36116.750,26.15
36116.778,26.18
36116.886,26.18
36116.984,26.16
36117.089,26.16
36117.187,26.16
36117.273,26.16
36117.393,26.19
36117.489,26.16
36117.592,26.18
36117.677,26.15
36117.783,26.15
36117.878,26.19
36117.989,26.16
36118.113,26.18
36118.192,26.16
36118.293,26.16
36118.410,26.15
36118.474,26.16
36118.579,26.16
36118.699,26.16
36118.785,26.15
36118.869,26.16
36118.991,26.16
36119.084,26.13
36119.207,26.19
36119.300,26.19
36119.434,26.15
36119.508,26.19
36119.609,26.19
36119.712,26.13
36119.829,26.13
36119.925,26.19
36120.020,26.18
36120.128,26.13
36120.170,26.18
36120.268,26.15
36120.430,26.15
36120.538,26.16
36120.567,26.18
36120.665,26.16
36120.766,26.16
36120.883,26.13
36120.981,26.16
36121.079,26.18
36121.175,26.19
36121.273,26.16
36121.381,26.19
36121.461,26.15
36121.596,26.16
36121.665,26.13
36121.768,26.18
36121.869,26.16
36121.969,26.16
36122.076,26.15
36122.175,26.13
36122.280,26.16
36122.388,26.13
36122.483,26.15
36122.587,26.18
36122.697,26.16
36122.790,26.18
36122.871,26.16
36122.974,26.19
36123.109,26.15
36123.160,26.16
36123.266,26.16
36123.373,26.16
36123.478,26.16
36123.599,26.16
36123.692,26.18
36123.815,26.16
36123.910,26.18
36123.961,26.18
36124.059,26.16
36124.229,26.18
36124.256,26.16
36124.354,26.15
36124.462,26.18
36124.565,26.19
36124.660,26.16
36124.766,26.19
36124.871,26.18
36124.949,26.16
36125.067,26.16
36125.170,26.11
36125.272,26.16
36125.383,26.19
36125.457,26.13
36125.550,26.18
36125.660,26.16
36125.760,26.18
36125.864,26.16
36125.967,26.15
36126.104,26.18
36126.177,26.16
36126.273,26.16
36126.376,26.15
36126.508,26.16
36126.579,26.15
36126.687,26.19
36176.785,26.16
36176.888,26.15
36176.989,26.16
36177.109,26.16
36177.195,26.18
36177.298,26.15
36177.400,26.16
36177.476,26.18
36177.562,26.16
36177.663,26.16
36177.765,26.16
36177.842,26.16
36177.940,26.15
36178.043,26.19
36178.148,26.15
36178.285,26.18
36178.358,26.15
36178.457,26.13
36178.596,26.15
36178.646,26.18
36178.746,26.16
36178.849,26.15
36178.947,26.16
36179.060,26.13
36179.155,26.16
36179.275,26.13
36179.356,26.18
36179.452,26.18
36179.549,26.15
36179.647,26.19
36179.751,26.15
36179.846,26.13
36179.964,26.19
36180.050,26.21
36180.160,26.16
36180.256,26.18
36180.354,26.16
36180.466,26.13
36180.591,26.16
36180.660,26.16
36180.783,26.16
36180.866,26.16
36180.989,26.16
36181.087,26.18
36181.195,26.16
36181.290,26.16
36181.388,26.16
36181.437,26.16
36181.587,26.18
36181.638,26.18
36181.731,26.16
36181.829,26.16
36181.932,26.16
36182.028,26.16
36182.128,26.19
36182.229,26.18
36182.351,26.18
36182.446,26.16
36182.548,26.13
36182.646,26.13
36182.741,26.13
36182.841,26.19
36182.947,26.16
36183.033,26.16
36183.143,26.15
36183.229,26.15
36183.329,26.16
36183.437,26.16
36183.530,26.16
36183.625,26.13
36183.739,26.15
36183.836,26.15
36183.954,26.13
36184.049,26.19
36184.160,26.16
36184.256,26.15
36184.353,26.15
36184.459,26.15
36184.569,26.11
36184.663,26.13
36184.761,26.19
36184.871,26.15
36184.967,26.15
36185.018,26.16
36185.192,26.11
36185.283,26.13
36185.381,26.15
36185.430,26.13
36185.522,26.18
36185.623,26.16
36185.722,26.18
36185.817,26.15
36185.929,26.16
36186.037,26.16
36186.135,26.16
36186.231,26.16
36186.322,26.16
36186.420,26.16
36186.516,26.15
36186.633,26.15
36476.731,26.15
36476.832,26.18
36476.930,26.13
36477.032,26.16
36477.111,26.16
36477.216,26.16
36477.317,26.15
36477.442,26.15
36477.527,26.13
36477.635,26.16
36477.731,26.15
36477.836,26.15
36477.912,26.16
36478.013,26.13
36478.136,26.16
36478.244,26.13
36478.327,26.13
36478.447,26.13
36478.565,26.15
36478.658,26.18
36478.755,26.13
36478.869,26.13
36478.913,26.16
36479.072,26.16
36479.165,26.13
36479.280,26.13
36479.310,26.13
36479.405,26.16
36479.525,26.15
36479.628,26.11
36479.709,26.18
36479.805,26.15
36479.927,26.18
36480.008,26.16
36480.106,26.15
36480.224,26.16
36480.341,26.15
36480.422,26.15
36480.522,26.16
36480.643,26.15
36480.709,26.13
36480.819,26.18
36480.940,26.16
36481.011,26.18
36481.109,26.18
36481.209,26.13
36481.332,26.15
36481.440,26.15
36481.530,26.1
36481.613,26.15
36481.734,26.16
36481.851,26.16
36481.925,26.19
36482.045,26.18
36482.099,26.18
36482.199,26.16
36482.300,26.15
36482.402,26.16
36482.518,26.15
36482.657,26.11
36482.709,26.15
36482.807,26.18
36482.910,26.16
36483.001,26.16
36483.158,26.15
36483.211,26.16
36483.302,26.15
36483.402,26.19
36483.500,26.16
36483.614,26.18
36483.712,26.18
36483.812,26.13
36483.910,26.16
36484.013,26.15
36484.104,26.13
36484.201,26.19
36484.300,26.15
36484.427,26.18
36484.503,26.13
36484.592,26.16
36484.712,26.15
36484.795,26.13
36484.903,26.13
36485.001,26.16
36485.116,26.11
36485.207,26.16
36485.307,26.16
36485.410,26.16
36485.508,26.16
36485.628,26.16
36485.704,26.15
36485.802,26.16
36485.900,26.16
36486.042,26.16
36486.141,26.15
36486.190,26.16
36486.336,26.18
36486.386,26.13
36486.548,26.13
36486.587,26.15
36536.736,26.16
36536.788,26.18
36536.891,26.13
36537.000,26.13
36537.101,26.16
36537.187,26.16
36537.285,26.16
36537.388,26.16
36537.489,26.13
36537.591,26.16
36537.689,26.13
36537.804,26.15
36537.900,26.13
36538.000,26.13
36538.099,26.16
36538.219,26.11
36538.290,26.16
36538.388,26.13
36538.494,26.16
36538.596,26.13
36538.692,26.18
36538.790,26.13
36538.903,26.18
36539.006,26.16
36539.106,26.19
36539.211,26.13
36539.307,26.16
36539.420,26.16
36539.525,26.13
36539.619,26.15
36539.726,26.16
36539.824,26.16
36540.032,26.13
36540.033,26.19
36540.131,26.16
36540.236,26.16
36540.336,26.15
36540.439,26.11
36540.540,26.18
36540.626,26.15
36540.673,26.15
36540.775,26.13
36540.876,26.11
36540.996,26.15
36541.077,26.13
36541.192,26.13
36541.271,26.16
36541.386,26.13
36541.488,26.16
36541.584,26.15
36541.685,26.15
36541.775,26.16
36541.873,26.15
36541.969,26.16
36542.069,26.13
36542.170,26.13
36542.290,26.13
36542.386,26.13
36542.489,26.16
36542.586,26.15
36542.680,26.16
36542.834,26.13
36542.900,26.16
36542.998,26.15
36543.101,26.15
36543.204,26.15
36543.315,26.13
36543.410,26.18
36543.511,26.13
36543.614,26.15
36543.717,26.13
36543.817,26.13
36543.935,26.1
36544.025,26.16
36544.125,26.15
36544.228,26.13
36544.348,26.15
36544.373,26.13
36544.535,26.16
36544.562,26.15
36544.670,26.16
36544.777,26.13
36544.875,26.16
36544.972,26.13
36545.062,26.11
36545.160,26.15
36545.278,26.16
36545.381,26.16
36545.479,26.16
36545.576,26.15
36545.679,26.13
36545.773,26.13
36545.873,26.16
36545.971,26.15
36546.074,26.15
36546.185,26.13
36546.260,26.16
36546.361,26.13
36546.467,26.15
36546.576,26.15
36546.655,26.13
36596.777,26.13
36596.875,26.13
36596.986,26.15
36597.086,26.13
36597.179,26.16
36597.287,26.11
36597.383,26.13
36597.503,26.13
36597.611,26.13
36597.701,26.13
36597.821,26.13
36597.913,26.11
36598.022,26.13
36598.052,26.16
36598.239,26.13
36598.315,26.15
36598.420,26.1
36598.461,26.1
36598.559,26.13
36598.653,26.15
36598.766,26.13
36598.864,26.15
36598.962,26.16
36599.082,26.13
36599.155,26.15
36599.253,26.16
36599.349,26.13
36599.449,26.16
36599.560,26.15
36599.658,26.16
36599.756,26.16
36599.861,26.16
36599.959,26.15
36600.059,26.15
36600.184,26.15
36600.272,26.16
36600.371,26.18
36600.469,26.15
36600.550,26.11
36600.685,26.15
36600.780,26.18
36600.878,26.18
36600.988,26.16
36601.082,26.11
36601.177,26.11
36601.287,26.18
36601.398,26.16
36601.494,26.16
36601.545,26.13
36601.697,26.13
36601.790,26.15
36601.842,26.13
36601.937,26.15
36602.045,26.11
36602.145,26.13
36602.241,26.15
36602.344,26.1
36602.452,26.13
36602.555,26.15
36602.658,26.15
36602.756,26.13
36602.842,26.15
36602.940,26.15
36603.049,26.16
36603.170,26.13
36603.236,26.13
36603.358,26.15
36603.454,26.16
36603.535,26.11
36603.633,26.13
36603.753,26.1
36603.859,26.15
36603.947,26.16
36604.049,26.15
36604.167,26.13
36604.270,26.1
36604.366,26.13
36604.464,26.15
36604.560,26.13
36604.663,26.13
36604.760,26.15
36604.883,26.16
36604.959,26.15
36605.067,26.15
36605.189,26.11
36605.285,26.15
36605.331,26.16
36605.425,26.13
36605.594,26.11
36605.628,26.16
36605.788,26.13
36605.841,26.13
36605.935,26.15
36606.032,26.13
36606.131,26.13
36606.234,26.11
36606.331,26.13
36606.432,26.13
36606.543,26.16
36606.641,26.13
36656.748,26.08
36656.846,26.13
36656.942,26.16
36657.043,26.11
36657.138,26.16
36657.236,26.1
36657.332,26.16
36657.430,26.11
36657.533,26.13
36657.647,26.16
36657.741,26.13
36657.839,26.11
36657.945,26.13
36658.042,26.15
36658.141,26.13
36658.270,26.15
36658.324,26.13
36658.425,26.15
36658.533,26.16
36658.653,26.13
36658.741,26.11
36658.861,26.13
36658.949,26.15
36659.074,26.13
36659.170,26.13
36659.224,26.13
36659.315,26.13
36659.420,26.1
36659.516,26.15
36659.682,26.18
36659.783,26.15
36659.834,26.15
36659.929,26.16
36660.027,26.13
36660.130,26.11
36660.226,26.11
36660.327,26.15
36660.427,26.15
36660.518,26.13
36660.614,26.15
36660.734,26.15
36660.842,26.16
36660.952,26.13
36661.025,26.16
36661.121,26.08
36661.212,26.15
36661.324,26.15
36661.422,26.13
36661.542,26.13
36661.621,26.18
36661.741,26.15
36661.837,26.11
36661.945,26.13
36662.030,26.16
36662.150,26.13
36662.246,26.15
36662.354,26.13
36662.412,26.11
36662.522,26.13
36662.623,26.13
36662.729,26.13
36662.805,26.13
36662.905,26.13
36663.008,26.11
36663.165,26.15
36663.251,26.13
36663.305,26.15
36663.483,26.15
36663.511,26.15
36663.606,26.13
36663.704,26.16
36663.805,26.13
36663.907,26.13
36664.003,26.15
36664.125,26.13
36664.221,26.13
36664.317,26.15
36664.420,26.11
36664.516,26.1
36664.606,26.13
36664.701,26.15
36664.800,26.15
36664.946,26.16
36665.018,26.13
36665.114,26.13
36665.212,26.15
36665.320,26.15
36665.415,26.13
36665.535,26.13
36665.619,26.13
36665.733,26.13
36665.832,26.16
36665.922,26.13
36666.030,26.13
36666.126,26.1
36666.246,26.13
36666.378,26.13
36666.449,26.13
36666.508,26.13
36666.618,26.13
36666.695,26.13
36716.821,26.13
36716.898,26.11
36717.032,26.11
36717.092,26.1
36717.204,26.11
36717.314,26.15
36717.420,26.15
36717.505,26.15
36717.591,26.08
36717.697,26.11
36717.795,26.13
36717.903,26.15
36718.003,26.13
36718.106,26.16
36718.190,26.16
36718.295,26.15
36718.393,26.15
36718.489,26.13
36718.604,26.15
36718.699,26.13
36718.798,26.16
36718.891,26.1
36718.994,26.16
36719.111,26.13
36719.209,26.16
36719.293,26.15
36719.403,26.15
36719.523,26.15
36719.619,26.11
36719.731,26.13
36719.827,26.13
36719.925,26.11
36720.028,26.15
36720.140,26.13
36720.236,26.15
36720.332,26.15
36720.440,26.11
36720.493,26.11
36720.646,26.15
36720.765,26.16
36720.783,26.13
36720.947,26.13
36721.045,26.13
36721.098,26.13
36721.192,26.13
36721.288,26.13
36721.383,26.13
36721.500,26.16
36721.603,26.15
36721.699,26.11
36721.795,26.13
36721.890,26.16
36721.989,26.13
36722.084,26.1
36722.187,26.15
36722.278,26.1
36722.381,26.16
36722.479,26.08
36722.601,26.13
36722.690,26.16
36722.787,26.1
36722.876,26.15
36722.988,26.13
36723.108,26.13
36723.207,26.11
36723.336,26.1
36723.398,26.13
36723.518,26.13
36723.614,26.11
36723.704,26.15
36723.817,26.13
36723.915,26.15
36724.013,26.13
36724.072,26.11
36724.234,26.13
36724.329,26.13
36724.439,26.15
36724.533,26.13
36724.631,26.11
36724.684,26.16
36724.775,26.16
36724.875,26.11
36724.974,26.13
36725.070,26.16
36725.175,26.16
36725.292,26.13
36725.386,26.15
36725.484,26.11
36725.587,26.08
36725.674,26.13
36725.770,26.11
36725.871,26.15
36725.981,26.11
36726.084,26.15
36726.165,26.13
36726.275,26.15
36726.378,26.1
36726.474,26.13
36726.582,26.13
36726.684,26.13
36776.782,26.11
36776.878,26.13
36777.011,26.15
36777.101,26.15
36777.197,26.11
36777.295,26.16
36777.390,26.13
36777.518,26.13
36777.616,26.15
36777.714,26.13
36777.815,26.1
36777.912,26.11
36777.964,26.13
36778.114,26.16
36778.163,26.16
36778.326,26.15
36778.425,26.13
36778.525,26.18
36778.577,26.13
36778.668,26.15
36778.766,26.13
36778.873,26.1
36778.974,26.11
36779.071,26.13
36779.170,26.1
36779.258,26.1
36779.378,26.15
36779.456,26.13
36779.584,26.1
36779.672,26.1
36779.766,26.13
36779.863,26.11
36779.959,26.15
36780.062,26.11
36780.160,26.11
36780.261,26.13
36780.364,26.11
36780.462,26.15
36780.565,26.18
36780.685,26.16
36780.773,26.13
36780.856,26.11
36780.956,26.15
36781.098,26.08
36781.160,26.15
36781.261,26.11
36781.369,26.13
36781.491,26.15
36781.576,26.11
36781.699,26.1
36781.790,26.13
36781.856,26.1
36782.006,26.13
36782.059,26.11
36782.157,26.15
36782.255,26.13
36782.354,26.1
36782.449,26.13
36782.548,26.13
36782.648,26.13
36782.748,26.1
36782.844,26.1
36782.959,26.16
36783.062,26.11
36783.160,26.15
36783.260,26.1
36783.348,26.13
36783.445,26.16
36783.543,26.11
36783.650,26.16
36783.746,26.13
36783.864,26.15
36783.962,26.1
36784.062,26.11
36784.158,26.15
36784.260,26.11
36784.363,26.1
36784.476,26.15
36784.569,26.11
36784.665,26.11
36784.773,26.13
36784.893,26.16
36784.989,26.13
36785.098,26.13
36785.187,26.1
36785.282,26.13
36785.376,26.1
36785.479,26.18
36785.601,26.16
36785.697,26.13
36785.793,26.11
36785.900,26.15
36785.962,26.13
36786.040,26.16
36786.150,26.15
36786.246,26.07
36786.349,26.1
36786.451,26.15
36786.611,26.11
36786.638,26.13
37076.743,26.16
37076.851,26.13
37076.935,26.13
37077.050,26.15
37077.153,26.13
37077.246,26.11
37077.347,26.1
37077.442,26.1
37077.540,26.13
37077.635,26.13
37077.741,26.11
37077.841,26.13
37077.937,26.11
37078.035,26.1
37078.143,26.13
37078.263,26.16
37078.361,26.11
37078.496,26.13
37078.569,26.1
37078.663,26.16
37078.773,26.15
37078.864,26.13
37078.962,26.15
37079.082,26.13
37079.182,26.1
37079.280,26.1
37079.376,26.11
37079.427,26.13
37079.532,26.1
37079.690,26.1
37079.788,26.11
37079.839,26.13
37079.957,26.13
37080.033,26.15
37080.135,26.11
37080.243,26.15
37080.324,26.13
37080.427,26.16
37080.525,26.11
37080.631,26.13
37080.729,26.11
37080.839,26.15
37080.937,26.13
37081.043,26.13
37081.143,26.13
37081.243,26.16
37081.344,26.13
37081.432,26.11
37081.530,26.13
37081.623,26.1
37081.726,26.1
37081.844,26.1
37081.944,26.15
37082.043,26.15
37082.148,26.1
37082.265,26.11
37082.364,26.11
37082.452,26.11
37082.560,26.11
37082.657,26.1
37082.778,26.11
37082.863,26.11
37082.966,26.1
37083.040,26.1
37083.180,26.13
37083.263,26.16
37083.383,26.15
37083.479,26.1
37083.570,26.13
37083.621,26.1
37083.717,26.15
37083.883,26.16
37083.917,26.15
37084.028,26.11
37084.126,26.13
37084.223,26.16
37084.334,26.13
37084.432,26.13
37084.535,26.13
37084.653,26.11
37084.724,26.16
37084.826,26.15
37084.927,26.13
37085.018,26.11
37085.131,26.13
37085.214,26.11
37085.314,26.15
37085.430,26.11
37085.521,26.13
37085.630,26.11
37085.726,26.1
37085.824,26.11
37085.945,26.11
37086.052,26.13
37086.138,26.11
37086.233,26.1
37086.354,26.1
37086.452,26.11
37086.559,26.11
37086.653,26.13
37136.751,26.16
37136.856,26.13
37136.924,26.13
37137.008,26.08
37137.173,26.1
37137.268,26.13
37137.364,26.16
37137.418,26.13
37137.510,26.15
37137.616,26.13
37137.712,26.11
37137.807,26.13
37137.930,26.13
37138.006,26.13
37138.106,26.1
37138.202,26.13
37138.327,26.13
37138.408,26.11
37138.506,26.15
37138.623,26.13
37138.717,26.13
37138.837,26.15
37138.910,26.1
37139.023,26.13
37139.101,26.13
37139.219,26.1
37139.315,26.1
37139.430,26.11
37139.508,26.1
37139.631,26.13
37139.721,26.13
37139.864,26.1
37139.920,26.1
37140.003,26.13
37140.111,26.15
37140.234,26.08
37140.315,26.11
37140.437,26.13
37140.542,26.08
37140.643,26.1
37140.694,26.07
37140.798,26.13
37140.900,26.11
37141.052,26.11
37141.131,26.16
37141.206,26.13
37141.361,26.13
37141.410,26.1
37141.503,26.1
37141.592,26.13
37141.702,26.13
37141.799,26.11
37141.896,26.15
37142.003,26.15
37142.111,26.13
37142.212,26.13
37142.310,26.1
37142.393,26.13
37142.513,26.13
37142.609,26.1
37142.707,26.1
37142.807,26.11
37142.905,26.11
37143.001,26.1
37143.104,26.13
37143.216,26.11
37143.312,26.11
37143.407,26.13
37143.516,26.11
37143.613,26.13
37143.707,26.13
37143.839,26.1
37143.930,26.15
37144.027,26.13
37144.123,26.11
37144.231,26.11
37144.344,26.13
37144.445,26.13
37144.540,26.13
37144.643,26.13
37144.739,26.13
37144.792,26.13
37144.881,26.08
37144.991,26.11
37145.089,26.11
37145.192,26.1
37145.354,26.13
37145.405,26.08
37145.496,26.13
37145.598,26.1
37145.701,26.11
37145.782,26.1
37145.881,26.1
37146.011,26.11
37146.087,26.1
37146.197,26.13
37146.297,26.13
37146.413,26.13
37146.479,26.1
37146.582,26.11
37146.682,26.11
37196.788,26.13
37196.891,26.1
37196.989,26.13
37197.077,26.1
37197.180,26.13
37197.304,26.13
37197.400,26.11
37197.515,26.11
37197.603,26.13
37197.723,26.1
37197.820,26.13
37197.927,26.13
37198.022,26.13
37198.119,26.13
37198.219,26.13
37198.273,26.13
37198.434,26.11
37198.530,26.13
37198.616,26.1
37198.682,26.08
37198.775,26.1
37198.873,26.11
37198.986,26.13
37199.084,26.11
37199.180,26.13
37199.282,26.11
37199.380,26.1
37199.478,26.1
37199.574,26.1
37199.679,26.11
37199.788,26.11
37199.869,26.11
37199.989,26.11
37200.087,26.08
37200.182,26.11
37200.285,26.11
37200.388,26.13
37200.478,26.15
37200.570,26.07
37200.673,26.1
37200.783,26.13
37200.881,26.11
37200.964,26.15
37201.086,26.1
37201.190,26.1
37201.300,26.13
37201.396,26.1
37201.491,26.1
37201.604,26.11
37201.699,26.13
37201.797,26.11
37201.925,26.08
37202.015,26.13
37202.067,26.11
37202.223,26.11
37202.312,26.11
37202.363,26.1
37202.527,26.13
37202.625,26.11
37202.660,26.15
37202.766,26.13
37202.864,26.15
37202.964,26.11
37203.074,26.1
37203.172,26.1
37203.266,26.13
37203.366,26.13
37203.459,26.1
37203.559,26.1
37203.680,26.11
37203.761,26.13
37203.875,26.1
37203.978,26.11
37204.097,26.11
37204.173,26.08
37204.270,26.11
37204.356,26.08
37204.496,26.13
37204.562,26.11
37204.665,26.15
37204.768,26.15
37204.863,26.1
37204.974,26.1
37205.074,26.1
37205.153,26.13
37205.260,26.1
37205.366,26.13
37205.486,26.13
37205.574,26.11
37205.677,26.13
37205.800,26.1
37205.903,26.1
37206.011,26.13
37206.108,26.13
37206.206,26.15
37206.258,26.15
37206.359,26.11
37206.452,26.15
37206.550,26.1
37206.701,26.16
37256.771,26.1
37256.866,26.15
37256.962,26.11
37257.070,26.1
37257.167,26.1
37257.263,26.15
37257.369,26.1
37257.472,26.11
37257.582,26.1
37257.680,26.1
37257.744,26.11
37257.864,26.13
37257.952,26.13
37258.048,26.13
37258.152,26.11
37258.251,26.1
37258.364,26.08
37258.462,26.11
37258.545,26.08
37258.670,26.13
37258.768,26.13
37258.854,26.15
37258.986,26.15
37259.082,26.1
37259.179,26.11
37259.273,26.13
37259.380,26.1
37259.501,26.1
37259.594,26.11
37259.682,26.07
37259.790,26.13
37259.844,26.1
37260.003,26.1
37260.045,26.11
37260.143,26.11
37260.239,26.1
37260.412,26.13
37260.457,26.11
37260.549,26.11
37260.647,26.11
37260.748,26.13
37260.848,26.15
37260.942,26.15
37261.045,26.11
37261.148,26.13
37261.244,26.1
37261.341,26.13
37261.442,26.11
37261.549,26.11
37261.645,26.13
37261.743,26.08
37261.839,26.1
37261.952,26.11
37262.049,26.11
37262.150,26.1
37262.251,26.07
37262.363,26.1
37262.459,26.1
37262.557,26.1
37262.660,26.11
37262.778,26.1
37262.875,26.13
37262.984,26.1
37263.074,26.13
37263.172,26.07
37263.266,26.13
37263.369,26.1
37263.491,26.13
37263.589,26.08
37263.685,26.13
37263.788,26.15
37263.891,26.11
37263.986,26.13
37264.038,26.08
37264.135,26.1
37264.236,26.11
37264.337,26.13
37264.474,26.1
37264.550,26.1
37264.631,26.11
37264.728,26.07
37264.846,26.11
37264.942,26.1
37265.038,26.1
37265.135,26.15
37265.234,26.11
37265.329,26.13
37265.427,26.1
37265.626,26.1
37265.630,26.16
37265.724,26.13
37265.846,26.11
37265.924,26.1
37266.030,26.1
37266.150,26.08
37266.246,26.1
37266.337,26.13
37266.459,26.07
37266.554,26.11
37266.660,26.11
37316.748,26.1
37316.871,26.08
37316.967,26.08
37317.072,26.13
37317.167,26.11
37317.231,26.08
37317.337,26.08
37317.418,26.08
37317.547,26.1
37317.621,26.08
37317.724,26.13
37317.878,26.11
37317.929,26.11
37318.035,26.1
37318.130,26.07
37318.229,26.13
37318.326,26.1
37318.422,26.1
37318.523,26.1
37318.621,26.1
37318.717,26.13
37318.839,26.1
37318.934,26.11
37319.030,26.1
37319.126,26.08
37319.231,26.1
37319.322,26.13
37319.422,26.13
37319.516,26.1
37319.616,26.1
37319.734,26.1
37319.832,26.13
37319.930,26.1
37320.037,26.1
37320.133,26.11
37320.234,26.11
37320.334,26.11
37320.434,26.1
37320.511,26.13
37320.614,26.11
37320.746,26.08
37320.822,26.11
37320.924,26.1
37321.027,26.13
37321.135,26.13
37321.212,26.08
37321.310,26.13
37321.408,26.1
37321.506,26.1
37321.616,26.11
37321.719,26.08
37321.805,26.08
37321.907,26.1
37322.008,26.11
37322.109,26.07
37322.207,26.13
37322.304,26.13
37322.425,26.11
37322.540,26.11
37322.611,26.1
37322.802,26.08
37322.802,26.13
37322.908,26.11
37323.016,26.13
37323.114,26.11
37323.207,26.13
37323.317,26.11
37323.417,26.1
37323.513,26.1
37323.608,26.11
37323.709,26.1
37323.831,26.11
37323.927,26.1
37324.010,26.1
37324.143,26.08
37324.241,26.15
37324.337,26.11
37324.446,26.11
37324.498,26.1
37324.601,26.11
37324.702,26.1
37324.836,26.1
37324.912,26.1
37325.015,26.11
37325.155,26.1
37325.224,26.11
37325.300,26.1
37325.407,26.13
37325.503,26.11
37325.660,26.13
37325.711,26.1
37325.802,26.13
37325.908,26.13
37326.003,26.11
37326.125,26.08
37326.214,26.07
37326.298,26.11
37326.396,26.11
37326.493,26.1
37326.606,26.07
37326.704,26.08
37376.800,26.1
37376.893,26.08
37376.994,26.1
37377.091,26.1
37377.209,26.13
37377.319,26.1
37377.397,26.1
37377.516,26.08
37377.613,26.08
37377.706,26.1
37377.826,26.11
37377.924,26.13
37378.016,26.1
37378.121,26.13
37378.216,26.13
37378.339,26.07
37378.430,26.11
37378.532,26.13
37378.626,26.13
37378.702,26.1
37378.788,26.13
37378.912,26.11
37378.989,26.1
37379.087,26.13
37379.212,26.07
37379.295,26.11
37379.390,26.08
37379.494,26.11
37379.592,26.1
37379.684,26.08
37379.780,26.1
37379.888,26.1
37380.016,26.1
37380.168,26.1
37380.196,26.1
37380.280,26.07
37380.400,26.11
37380.498,26.13
37380.626,26.1
37380.699,26.1
37380.790,26.11
37380.888,26.13
37380.993,26.11
37381.097,26.05
37381.192,26.1
37381.278,26.13
37381.380,26.07
37381.503,26.1
37381.599,26.08
37381.729,26.1
37381.817,26.1
37381.913,26.07
37382.013,26.1
37382.109,26.1
37382.209,26.08
37382.329,26.1
37382.427,26.13
37382.530,26.1
37382.631,26.1
37382.726,26.13
37382.782,26.08
37382.878,26.11
37382.976,26.1
37383.140,26.1
37383.241,26.11
37383.271,26.1
37383.395,26.11
37383.488,26.13
37383.587,26.1
37383.685,26.1
37383.790,26.11
37383.886,26.11
37383.974,26.11
37384.071,26.1
37384.192,26.07
37384.300,26.1
37384.385,26.11
37384.481,26.11
37384.581,26.11
37384.675,26.1
37384.782,26.1
37384.878,26.1
37384.974,26.1
37385.077,26.13
37385.196,26.1
37385.293,26.1
37385.403,26.1
37385.494,26.11
37385.596,26.11
37385.672,26.07
37385.814,26.1
37385.869,26.13
37385.979,26.1
37386.087,26.1
37386.195,26.13
37386.315,26.11
37386.366,26.08
37386.503,26.08
37386.570,26.1
37386.672,26.1
37676.763,26.1
37676.871,26.08
37676.972,26.1
37677.067,26.08
37677.165,26.11
37677.266,26.1
37677.371,26.11
37677.466,26.1
37677.562,26.1
37677.675,26.11
37677.772,26.11
37677.875,26.1
37677.974,26.08
37678.064,26.08
37678.162,26.11
37678.258,26.1
37678.378,26.07
37678.474,26.13
37678.572,26.08
37678.670,26.13
37678.778,26.07
37678.871,26.1
37678.969,26.1
37679.079,26.08
37679.190,26.05
37679.285,26.11
37679.386,26.1
37679.489,26.1
37679.582,26.1
37679.702,26.1
37679.812,26.1
37679.893,26.13
37680.011,26.08
37680.106,26.13
37680.197,26.1
37680.317,26.1
37680.413,26.1
37680.462,26.1
37680.618,26.1
37680.675,26.13
37680.760,26.1
37680.859,26.1
37680.967,26.1
37681.070,26.1
37681.150,26.1
37681.251,26.08
37681.349,26.1
37681.454,26.13
37681.555,26.1
37681.650,26.1
37681.768,26.1
37681.866,26.11
37681.954,26.08
37682.057,26.08
37682.155,26.08
37682.251,26.1
37682.386,26.1
37682.474,26.1
37682.554,26.13
37682.674,26.11
37682.766,26.08
37682.864,26.1
37682.988,26.11
37683.081,26.1
37683.190,26.07
37683.297,26.15
37683.386,26.1
37683.488,26.13
37683.597,26.13
37683.697,26.1
37683.795,26.1
37683.898,26.13
37683.994,26.1
37684.045,26.1
37684.223,26.1
37684.239,26.1
37684.405,26.1
37684.501,26.1
37684.554,26.07
37684.660,26.1
37684.751,26.11
37684.849,26.08
37684.957,26.08
37685.038,26.1
37685.158,26.11
37685.263,26.11
37685.349,26.11
37685.447,26.07
37685.550,26.1
37685.648,26.1
37685.736,26.07
37685.856,26.08
37685.937,26.1
37686.060,26.08
37686.147,26.11
37686.244,26.11
37686.351,26.1
37686.442,26.1
37686.555,26.11
37686.640,26.1
37736.758,26.08
37736.864,26.08
37736.962,26.1
37737.059,26.08
37737.163,26.11
37737.275,26.13
37737.373,26.13
37737.469,26.1
37737.574,26.11
37737.696,26.1
37737.793,26.11
37737.898,26.08
37737.937,26.11
37738.028,26.13
37738.128,26.1
37738.231,26.11
37738.334,26.1
37738.430,26.11
37738.530,26.11
37738.631,26.1
37738.748,26.15
37738.844,26.1
37738.940,26.08
37739.045,26.1
37739.141,26.08
37739.231,26.1
37739.329,26.08
37739.437,26.1
37739.535,26.08
37739.630,26.07
37739.734,26.1
37739.824,26.11
37739.944,26.1
37740.040,26.1
37740.147,26.1
37740.244,26.08
37740.339,26.1
37740.471,26.08
37740.560,26.07
37740.638,26.07
37740.744,26.07
37740.837,26.1
37740.930,26.1
37741.028,26.07
37741.128,26.07
37741.244,26.11
37741.364,26.1
37741.456,26.08
37741.579,26.1
37741.687,26.11
37741.783,26.07
37741.878,26.08
37741.984,26.1
37742.082,26.05
37742.133,26.11
37742.226,26.1
37742.332,26.15
37742.430,26.08
37742.533,26.1
37742.628,26.1
37742.719,26.08
37742.815,26.07
37742.937,26.08
37743.043,26.1
37743.128,26.08
37743.223,26.1
37743.321,26.11
37743.457,26.1
37743.530,26.11
37743.628,26.07
37743.724,26.08
37743.822,26.08
37743.918,26.11
37744.042,26.11
37744.146,26.11
37744.234,26.07
37744.332,26.05
37744.432,26.1
37744.582,26.08
37744.653,26.08
37744.709,26.08
37744.812,26.13
37744.920,26.1
37745.028,26.05
37745.131,26.1
37745.251,26.07
37745.339,26.07
37745.462,26.15
37745.511,26.08
37745.616,26.1
37745.712,26.08
37745.812,26.13
37745.907,26.1
37746.006,26.1
37746.128,26.1
37746.219,26.11
37746.317,26.1
37746.418,26.13
37746.523,26.1
37746.619,26.11
37796.719,26.07
37796.807,26.11
37796.903,26.08
37797.023,26.11
37797.109,26.07
37797.207,26.11
37797.305,26.13
37797.425,26.08
37797.523,26.08
37797.621,26.1
37797.717,26.11
37797.819,26.13
37797.918,26.11
37798.018,26.1
37798.126,26.16
37798.233,26.1
37798.300,26.08
37798.403,26.11
37798.508,26.11
37798.608,26.1
37798.717,26.07
37798.819,26.08
37798.967,26.08
37799.015,26.1
37799.135,26.08
37799.260,26.1
37799.358,26.13
37799.454,26.1
37799.505,26.07
37799.598,26.11
37799.778,26.11
37799.807,26.15
37799.902,26.07
37800.000,26.11
37800.113,26.07
37800.209,26.08
37800.305,26.08
37800.393,26.1
37800.508,26.1
37800.608,26.1
37800.707,26.13
37800.804,26.1
37800.902,26.11
37800.996,26.08
37801.094,26.1
37801.199,26.1
37801.297,26.08
37801.415,26.08
37801.496,26.08
37801.609,26.1
37801.706,26.11
37801.827,26.13
37801.908,26.08
37802.028,26.07
37802.125,26.08
37802.229,26.08
37802.304,26.08
37802.418,26.11
37802.538,26.1
37802.643,26.13
37802.692,26.1
37802.800,26.07
37802.903,26.13
37802.989,26.1
37803.111,26.08
37803.187,26.1
37803.290,26.07
37803.449,26.1
37803.500,26.13
37803.604,26.1
37803.699,26.1
37803.788,26.07
37803.885,26.11
37803.983,26.1
37804.091,26.1
37804.187,26.11
37804.302,26.1
37804.400,26.13
37804.479,26.08
37804.599,26.1
37804.696,26.07
37804.802,26.08
37804.891,26.1
37804.993,26.11
37805.089,26.1
37805.184,26.07
37805.304,26.08
37805.402,26.1
37805.498,26.08
37805.606,26.1
37805.707,26.11
37805.798,26.11
37805.907,26.08
37806.018,26.1
37806.116,26.08
37806.214,26.13
37806.317,26.1
37806.410,26.08
37806.533,26.1
37806.641,26.13
37856.731,26.1
37856.834,26.1
37856.932,26.1
37856.983,26.07
37857.079,26.11
37857.177,26.11
37857.275,26.11
37857.375,26.1
37857.484,26.08
37857.582,26.1
37857.680,26.08
37857.792,26.1
37857.888,26.08
37857.986,26.1
37858.111,26.07
37858.179,26.07
37858.280,26.05
37858.386,26.05
37858.478,26.07
37858.591,26.11
37858.679,26.1
37858.775,26.07
37858.888,26.08
37858.984,26.11
37859.079,26.1
37859.190,26.07
37859.283,26.07
37859.402,26.05
37859.498,26.08
37859.579,26.07
37859.714,26.08
37859.810,26.1
37859.903,26.1
37860.018,26.07
37860.114,26.1
37860.214,26.08
37860.315,26.08
37860.425,26.1
37860.525,26.1
37860.621,26.11
37860.728,26.1
37860.827,26.07
37860.923,26.1
37860.976,26.11
37861.074,26.1
37861.170,26.1
37861.266,26.08
37861.364,26.08
37861.476,26.11
37861.579,26.11
37861.679,26.05
37861.785,26.11
37861.866,26.07
37861.967,26.08
37862.062,26.08
37862.180,26.08
37862.275,26.08
37862.400,26.08
37862.464,26.11
37862.564,26.1
37862.663,26.13
37862.768,26.07
37862.913,26.1
37862.974,26.13
37863.077,26.1
37863.153,26.1
37863.280,26.11
37863.363,26.07
37863.486,26.13
37863.591,26.1
37863.692,26.07
37863.785,26.1
37863.908,26.13
37863.991,26.07
37864.103,26.07
37864.197,26.07
37864.250,26.1
37864.402,26.11
37864.456,26.07
37864.616,26.1
37864.726,26.1
37864.766,26.08
37864.859,26.1
37864.957,26.07
37865.052,26.07
37865.160,26.1
37865.261,26.11
37865.356,26.13
37865.459,26.05
37865.552,26.08
37865.648,26.1
37865.770,26.1
37865.858,26.1
37865.952,26.08
37866.052,26.11
37866.170,26.11
37866.288,26.11
37866.361,26.11
37866.459,26.1
37866.562,26.07
37866.674,26.08
37916.772,26.1
37916.869,26.1
37916.974,26.11
37917.062,26.07
37917.143,26.08
37917.251,26.08
37917.368,26.1
37917.479,26.1
37917.582,26.08
37917.665,26.1
37917.799,26.11
37917.893,26.08
37917.991,26.1
37918.101,26.1
37918.199,26.1
37918.297,26.08
37918.349,26.07
37918.452,26.07
37918.543,26.13
37918.643,26.05
37918.812,26.1
37918.846,26.1
37918.942,26.1
37919.038,26.1
37919.160,26.11
37919.261,26.1
37919.356,26.1
37919.454,26.05
37919.543,26.11
37919.641,26.11
37919.739,26.07
37919.834,26.1
37919.940,26.1
37920.038,26.08
37920.158,26.1
37920.239,26.04
37920.351,26.08
37920.449,26.08
37920.552,26.07
37920.650,26.08
37920.748,26.08
37920.869,26.05
37920.973,26.1
37921.064,26.04
37921.160,26.07
37921.258,26.07
37921.386,26.07
37921.481,26.1
37921.577,26.07
37921.633,26.08
37921.736,26.1
37921.846,26.08
37921.949,26.07
37922.049,26.07
37922.150,26.07
37922.253,26.08
37922.341,26.1
37922.442,26.08
37922.576,26.08
37922.625,26.07
37922.726,26.11
37922.903,26.07
37922.930,26.08
37923.038,26.04
37923.138,26.08
37923.244,26.08
37923.342,26.1
37923.437,26.1
37923.545,26.07
37923.633,26.07
37923.731,26.04
37923.824,26.07
37923.935,26.1
37924.035,26.07
37924.130,26.07
37924.251,26.11
37924.349,26.05
37924.447,26.07
37924.543,26.08
37924.650,26.08
37924.761,26.1
37924.859,26.1
37924.952,26.05
37925.060,26.05
37925.157,26.08
37925.278,26.13
37925.407,26.08
37925.481,26.08
37925.579,26.08
37925.674,26.07
37925.766,26.02
37925.817,26.07
37925.920,26.08
37926.022,26.1
37926.119,26.07
37926.263,26.05
37926.315,26.1
37926.486,26.08
37926.528,26.07
37926.616,26.07
37976.726,26.08
37976.824,26.08
37976.920,26.11
37977.016,26.05
37977.114,26.08
37977.222,26.1
37977.334,26.1
37977.432,26.05
37977.530,26.07
37977.633,26.08
37977.729,26.02
37977.826,26.04
37977.924,26.1
37978.025,26.07
37978.121,26.07
37978.241,26.07
37978.329,26.07
37978.437,26.1
37978.530,26.04
37978.652,26.1
37978.736,26.05
37978.856,26.1
37978.949,26.07
37979.059,26.02
37979.146,26.08
37979.265,26.05
37979.364,26.04
37979.471,26.05
37979.565,26.07
37979.663,26.08
37979.714,26.07
37979.819,26.1
37979.910,26.08
37980.008,26.08
37980.104,26.04
37980.209,26.08
37980.319,26.07
37980.415,26.05
37980.528,26.08
37980.604,26.1
37980.707,26.08
37980.805,26.04
37980.918,26.05
37981.011,26.08
37981.118,26.07
37981.221,26.04
37981.304,26.07
37981.402,26.08
37981.516,26.05
37981.631,26.05
37981.717,26.11
37981.817,26.07
37981.913,26.07
37982.011,26.07
37982.111,26.07
37982.233,26.08
37982.329,26.08
37982.435,26.1
37982.528,26.08
37982.648,26.05
37982.736,26.08
37982.847,26.05
37982.947,26.13
37983.040,26.07
37983.146,26.08
37983.197,26.11
37983.361,26.08
37983.493,26.05
37983.496,26.08
37983.596,26.07
37983.694,26.08
37983.798,26.07
37983.903,26.05
37984.001,26.1
37984.096,26.08
37984.204,26.05
37984.312,26.07
37984.410,26.07
37984.508,26.07
37984.597,26.1
37984.699,26.07
37984.795,26.08
37984.937,26.07
37985.008,26.08
37985.111,26.07
37985.212,26.07
37985.305,26.07
37985.402,26.07
37985.503,26.08
37985.604,26.08
37985.717,26.1
37985.790,26.1
37985.910,26.1
37985.986,26.08
37986.106,26.07
37986.223,26.08
37986.321,26.07
37986.408,26.08
37986.542,26.07
37986.636,26.05
38276.734,26.08
38276.846,26.1
38276.940,26.07
38277.038,26.05
38277.091,26.05
38277.239,26.07
38277.290,26.07
38277.388,26.02
38277.486,26.07
38277.594,26.04
38277.690,26.1
38277.792,26.08
38277.905,26.05
38277.998,26.08
38278.096,26.05
38278.192,26.07
38278.307,26.1
38278.380,26.0
38278.500,26.04
38278.614,26.05
38278.697,26.05
38278.783,26.08
38278.878,26.07
38278.981,26.07
38279.092,26.07
38279.180,26.05
38279.275,26.02
38279.393,26.07
38279.488,26.05
38279.591,26.04
38279.692,26.08
38279.798,26.04
38279.873,26.08
38279.981,26.08
38280.126,26.08
38280.189,26.08
38280.295,26.08
38280.413,26.07
38280.520,26.07
38280.621,26.07
38280.673,26.1
38280.819,26.07
38280.932,26.1
38281.033,26.04
38281.084,26.08
38281.229,26.1
38281.280,26.05
38281.378,26.07
38281.473,26.08
38281.576,26.07
38281.672,26.04
38281.771,26.07
38281.873,26.08
38281.988,26.1
38282.084,26.08
38282.182,26.05
38282.288,26.02
38282.378,26.04
38282.474,26.07
38282.571,26.07
38282.685,26.07
38282.783,26.05
38282.881,26.07
38282.976,26.07
38283.092,26.1
38283.190,26.1
38283.277,26.07
38283.391,26.07
38283.479,26.04
38283.582,26.07
38283.685,26.05
38283.802,26.07
38283.866,26.07
38283.969,26.07
38284.079,26.07
38284.182,26.08
38284.283,26.04
38284.407,26.08
38284.505,26.07
38284.599,26.07
38284.723,26.05
38284.822,26.08
38284.863,26.05
38284.964,26.08
38285.062,26.05
38285.160,26.04
38285.278,26.07
38285.371,26.05
38285.471,26.07
38285.640,26.08
38285.668,26.08
38285.763,26.08
38285.859,26.07
38285.964,26.05
38286.065,26.07
38286.163,26.07
38286.258,26.05
38286.371,26.07
38286.469,26.07
38286.567,26.05
38286.663,26.08
38336.771,26.07
38336.866,26.04
38336.962,26.08
38337.065,26.04
38337.177,26.07
38337.273,26.07
38337.371,26.07
38337.478,26.05
38337.599,26.04
38337.670,26.08
38337.753,26.08
38337.859,26.07
38337.959,26.07
38338.069,26.05
38338.212,26.05
38338.304,26.1
38338.405,26.08
38338.456,26.08
38338.604,26.07
38338.653,26.05
38338.755,26.07
38338.847,26.07
38338.956,26.05
38339.047,26.05
38339.170,26.04
38339.271,26.05
38339.347,26.07
38339.446,26.08
38339.565,26.05
38339.662,26.07
38339.751,26.05
38339.849,26.08
38339.947,26.07
38340.050,26.05
38340.147,26.07
38340.266,26.05
38340.373,26.08
38340.464,26.07
38340.560,26.04
38340.657,26.1
38340.763,26.08
38340.861,26.08
38340.954,26.05
38341.074,26.07
38341.177,26.07
38341.273,26.05
38341.366,26.07
38341.476,26.1
38341.589,26.08
38341.685,26.04
38341.780,26.1
38341.886,26.07
38341.986,26.07
38342.038,26.04
38342.160,26.07
38342.270,26.07
38342.348,26.07
38342.498,26.1
38342.549,26.08
38342.641,26.07
38342.739,26.07
38342.841,26.07
38342.946,26.05
38343.055,26.08
38343.152,26.04
38343.250,26.05
38343.336,26.05
38343.457,26.05
38343.555,26.05
38343.650,26.07
38343.773,26.04
38343.869,26.04
38343.945,26.07
38344.050,26.05
38344.138,26.05
38344.238,26.08
38344.334,26.07
38344.459,26.02
38344.555,26.07
38344.655,26.08
38344.751,26.07
38344.851,26.05
38344.951,26.1
38345.072,26.07
38345.150,26.04
38345.256,26.1
38345.376,26.04
38345.473,26.02
38345.562,26.1
38345.685,26.07
38345.780,26.07
38345.886,26.07
38345.930,26.05
38346.033,26.04
38346.192,26.08
38346.299,26.05
38346.324,26.02
38346.442,26.04
38346.535,26.04
38346.646,26.0
38396.739,26.07
38396.841,26.04
38396.942,26.05
38397.077,26.05
38397.131,26.08
38397.231,26.1
38397.356,26.07
38397.442,26.04
38397.540,26.07
38397.636,26.05
38397.726,26.07
38397.834,26.05
38397.932,26.07
38398.028,26.08
38398.136,26.08
38398.234,26.07
38398.334,26.07
38398.432,26.04
38398.552,26.04
38398.650,26.08
38398.748,26.04
38398.841,26.05
38398.962,26.04
38399.060,26.08
38399.157,26.05
38399.261,26.05
38399.358,26.05
38399.479,26.05
38399.560,26.04
38399.674,26.07
38399.773,26.0
38399.869,26.04
38399.972,26.07
38400.049,26.07
38400.123,26.07
38400.219,26.08
38400.320,26.08
38400.417,26.1
38400.522,26.04
38400.684,26.08
38400.712,26.04
38400.832,26.07
38400.930,26.02
38401.033,26.04
38401.126,26.05
38401.226,26.07
38401.324,26.08
38401.427,26.04
38401.530,26.07
38401.609,26.05
38401.712,26.07
38401.822,26.04
38401.922,26.07
38402.025,26.07
38402.133,26.04
38402.212,26.05
38402.337,26.07
38402.435,26.04
38402.545,26.05
38402.641,26.07
38402.739,26.04
38402.834,26.04
38402.937,26.04
38403.052,26.05
38403.153,26.07
38403.244,26.1
38403.349,26.04
38403.469,26.04
38403.569,26.08
38403.604,26.05
38403.761,26.07
38403.812,26.07
38403.907,26.07
38404.018,26.05
38404.116,26.05
38404.212,26.04
38404.310,26.08
38404.408,26.07
38404.506,26.02
38404.606,26.04
38404.707,26.1
38404.820,26.07
38404.918,26.02
38405.011,26.1
38405.118,26.08
38405.236,26.05
38405.310,26.05
38405.442,26.04
38405.496,26.05
38405.599,26.07
38405.706,26.07
38405.807,26.05
38405.905,26.04
38406.010,26.08
38406.113,26.07
38406.223,26.05
38406.320,26.08
38406.408,26.04
38406.543,26.07
38406.626,26.04
38456.746,26.07
38456.844,26.04
38456.930,26.02
38457.054,26.08
38457.152,26.05
38457.244,26.08
38457.348,26.05
38457.398,26.02
38457.494,26.07
38457.592,26.08
38457.697,26.07
38457.793,26.08
38457.891,26.05
38457.989,26.07
38458.108,26.04
38458.204,26.05
38458.307,26.08
38458.405,26.05
38458.503,26.05
38458.599,26.07
38458.702,26.02
38458.792,26.1
38458.888,26.07
38459.008,26.04
38459.116,26.05
38459.206,26.08
38459.302,26.04
38459.400,26.08
38459.506,26.07
38459.604,26.07
38459.699,26.07
38459.820,26.07
38459.920,26.08
38460.016,26.05
38460.113,26.05
38460.219,26.07
38460.329,26.04
38460.427,26.07
38460.481,26.04
38460.630,26.07
38460.695,26.1
38460.799,26.05
38460.900,26.05
38461.033,26.04
38461.087,26.08
38461.189,26.08
38461.320,26.05
38461.395,26.04
38461.543,26.02
38461.594,26.05
38461.690,26.08
38461.793,26.07
38461.907,26.05
38461.988,26.1
38462.082,26.08
38462.179,26.07
38462.299,26.0
38462.390,26.05
38462.494,26.07
38462.586,26.1
38462.682,26.04
38462.790,26.07
38462.880,26.08
38462.998,26.07
38463.096,26.08
38463.202,26.08
38463.299,26.07
38463.396,26.1
38463.494,26.07
38463.596,26.1
38463.694,26.07
38463.839,26.04
38463.903,26.05
38464.003,26.07
38464.099,26.07
38464.219,26.04
38464.305,26.07
38464.425,26.05
38464.520,26.04
38464.628,26.04
38464.719,26.05
38464.770,26.04
38464.932,26.04
38465.040,26.05
38465.069,26.07
38465.234,26.05
38465.327,26.07
38465.434,26.05
38465.486,26.05
38465.584,26.05
38465.679,26.07
38465.780,26.07
38465.881,26.07
38465.978,26.04
38466.067,26.07
38466.168,26.02
38466.268,26.05
38466.376,26.05
38466.467,26.0
38466.584,26.05
38466.668,26.07
38516.771,26.05
38516.878,26.02
38516.974,26.04
38517.072,26.04
38517.201,26.02
38517.273,26.04
38517.391,26.04
38517.489,26.07
38517.582,26.07
38517.663,26.05
38517.766,26.02
38517.873,26.05
38517.979,26.02
38518.099,26.07
38518.189,26.05
38518.327,26.05
38518.393,26.04
38518.516,26.08
38518.611,26.04
38518.717,26.07
38518.812,26.07
38518.903,26.07
38519.040,26.05
38519.060,26.04
38519.165,26.07
38519.263,26.04
38519.359,26.0
38519.474,26.07
38519.570,26.04
38519.670,26.04
38519.775,26.05
38519.863,26.07
38519.969,26.08
38520.084,26.05
38520.167,26.04
38520.263,26.07
38520.359,26.07
38520.456,26.05
38520.559,26.1
38520.660,26.1
38520.755,26.07
38520.876,26.05
38520.969,26.02
38521.067,26.07
38521.185,26.08
38521.288,26.07
38521.386,26.08
38521.484,26.07
38521.582,26.07
38521.680,26.04
38521.800,26.05
38521.898,26.07
38521.978,26.07
38522.084,26.05
38522.206,26.04
38522.304,26.08
38522.347,26.1
38522.513,26.08
38522.609,26.04
38522.714,26.07
38522.753,26.04
38522.849,26.04
38522.946,26.07
38523.126,26.05
38523.153,26.08
38523.250,26.08
38523.361,26.05
38523.451,26.08
38523.543,26.1
38523.643,26.05
38523.750,26.08
38523.864,26.07
38523.962,26.07
38524.043,26.04
38524.143,26.05
38524.250,26.07
38524.344,26.07
38524.454,26.05
38524.550,26.07
38524.658,26.07
38524.755,26.07
38524.851,26.08
38524.962,26.07
38525.060,26.07
38525.158,26.08
38525.261,26.08
38525.380,26.07
38525.478,26.07
38525.572,26.05
38525.670,26.08
38525.788,26.05
38525.888,26.1
38525.984,26.05
38526.092,26.04
38526.187,26.05
38526.241,26.05
38526.388,26.1
38526.434,26.08
38526.599,26.04
38526.699,26.05
38576.800,26.07
38576.849,26.02
38576.947,26.05
38577.043,26.04
38577.148,26.04
38577.248,26.05
38577.349,26.04
38577.451,26.07
38577.537,26.07
38577.633,26.1
38577.741,26.07
38577.903,26.04
38577.929,26.0
38578.030,26.0
38578.136,26.05
38578.234,26.04
38578.339,26.05
38578.451,26.07
38578.548,26.05
38578.641,26.05
38578.761,26.04
38578.856,26.04
38578.962,26.08
38579.049,26.07
38579.170,26.07
38579.266,26.07
38579.373,26.05
38579.471,26.0
38579.567,26.04
38579.697,26.02
38579.741,26.05
38579.888,26.05
38579.981,26.04
38580.072,26.05
38580.131,26.05
38580.228,26.05
38580.324,26.07
38580.430,26.04
38580.533,26.04
38580.631,26.04
38580.731,26.08
38580.822,26.04
38580.944,26.07
38581.040,26.07
38581.143,26.04
38581.239,26.07
38581.337,26.0
38581.427,26.07
38581.557,26.08
38581.636,26.07
38581.738,26.05
38581.817,26.04
38581.920,26.08
38582.023,26.05
38582.131,26.07
38582.233,26.08
38582.339,26.07
38582.435,26.05
38582.530,26.07
38582.636,26.04
38582.750,26.07
38582.848,26.07
38582.940,26.08
38583.048,26.04
38583.143,26.04
38583.265,26.07
38583.371,26.07
38583.462,26.04
38583.559,26.05
38583.679,26.05
38583.758,26.02
38583.812,26.05
38583.976,26.05
38584.074,26.04
38584.177,26.05
38584.211,26.05
38584.331,26.04
38584.422,26.04
38584.523,26.07
38584.621,26.04
38584.785,26.05
38584.842,26.05
38584.913,26.04
38585.011,26.04
38585.111,26.07
38585.209,26.04
38585.321,26.05
38585.423,26.05
38585.506,26.05
38585.619,26.07
38585.714,26.05
38585.812,26.04
38585.942,26.04
38586.030,26.04
38586.125,26.02
38586.226,26.04
38586.310,26.05
38586.432,26.05
38586.542,26.04
38586.640,26.08
38876.748,26.07
38876.844,26.07
38876.939,26.05
38877.047,26.02
38877.158,26.04
38877.253,26.02
38877.351,26.05
38877.459,26.05
38877.555,26.04
38877.606,26.05
38877.701,26.08
38877.807,26.04
38877.903,26.07
38878.003,26.0
38878.099,26.05
38878.209,26.04
38878.307,26.04
38878.407,26.04
38878.518,26.04
38878.599,26.04
38878.719,26.04
38878.819,26.05
38878.908,26.05
38879.030,26.0
38879.101,26.04
38879.209,26.05
38879.317,26.0
38879.440,26.05
38879.500,26.02
38879.619,26.04
38879.701,26.05
38879.805,26.07
38879.910,26.07
38880.006,26.0
38880.092,26.04
38880.196,26.07
38880.319,26.02
38880.423,26.02
38880.537,26.07
38880.635,26.05
38880.733,26.07
38880.837,26.05
38880.937,26.02
38881.038,26.05
38881.133,26.02
38881.255,26.04
38881.351,26.0
38881.457,26.04
38881.496,26.05
38881.592,26.05
38881.690,26.04
38881.787,26.04
38881.893,26.04
38881.989,26.04
38882.104,26.05
38882.216,26.02
38882.307,26.04
38882.403,26.04
38882.501,26.04
38882.589,26.07
38882.685,26.07
38882.809,26.08
38882.903,26.04
38883.000,26.02
38883.094,26.04
38883.190,26.02
38883.295,26.05
38883.408,26.05
38883.503,26.05
38883.599,26.07
38883.706,26.04
38883.802,26.08
38883.903,26.07
38884.000,26.07
38884.121,26.04
38884.219,26.05
38884.315,26.0
38884.410,26.04
38884.533,26.04
38884.631,26.05
38884.726,26.04
38884.788,26.04
38884.891,26.0
38884.998,26.04
38885.099,26.02
38885.177,26.05
38885.310,26.04
38885.388,26.05
38885.520,26.08
38885.594,26.05
38885.675,26.07
38885.837,26.04
38885.891,26.07
38885.986,26.05
38886.109,26.04
38886.177,26.05
38886.275,26.04
38886.371,26.04
38886.493,26.0
38886.603,26.04
38886.687,26.05
38936.783,26.04
38936.880,26.02
38936.972,26.07
38937.082,26.0
38937.177,26.05
38937.295,26.04
38937.381,26.04
38937.501,26.05
38937.598,26.02
38937.704,26.05
38937.788,26.02
38937.907,26.04
38938.003,26.04
38938.116,26.04
38938.212,26.05
38938.309,26.07
38938.410,26.0
38938.513,26.02
38938.611,26.04
38938.731,26.02
38938.812,26.05
38938.920,26.02
38938.974,26.04
38939.065,26.1
38939.177,26.04
38939.272,26.02
38939.373,26.05
38939.469,26.04
38939.565,26.05
38939.663,26.04
38939.780,26.04
38939.876,26.05
38939.976,26.0
38940.079,26.04
38940.190,26.07
38940.277,26.02
38940.378,26.05
38940.481,26.02
38940.606,26.02
38940.679,26.02
38940.758,26.07
38940.868,26.05
38940.967,26.07
38941.076,26.04
38941.173,26.04
38941.278,26.05
38941.381,26.02
38941.459,26.04
38941.567,26.04
38941.687,26.04
38941.790,26.05
38941.885,26.04
38942.006,26.04
38942.116,26.04
38942.206,26.02
38942.302,26.08
38942.395,26.02
38942.498,26.04
38942.554,26.04
38942.717,26.07
38942.814,26.04
38942.920,26.0
38943.018,26.07
38943.067,26.07
38943.163,26.02
38943.266,26.07
38943.363,25.99
38943.466,26.07
38943.628,26.02
38943.657,26.04
38943.751,26.04
38943.871,26.07
38943.951,26.05
38944.062,26.05
38944.160,26.04
38944.256,26.08
38944.364,26.05
38944.457,26.04
38944.552,26.04
38944.650,26.04
38944.753,26.05
38944.854,26.04
38944.961,26.04
38945.057,26.05
38945.146,26.02
38945.266,26.02
38945.359,26.02
38945.469,26.04
38945.589,26.04
38945.685,26.07
38945.790,26.0
38945.902,26.04
38945.998,26.05
38946.094,26.0
38946.201,26.02
38946.299,26.05
38946.398,26.07
38946.451,26.0
38946.550,26.07
38946.643,26.02
38996.810,26.05
38996.861,26.04
38996.940,26.07
38997.052,26.05
38997.148,26.02
38997.261,26.04
38997.363,26.05
38997.459,26.04
38997.538,26.04
38997.650,26.07
38997.751,26.05
38997.847,26.05
38997.942,26.04
38998.040,26.04
38998.155,26.02
38998.258,26.04
38998.334,26.05
38998.440,26.04
38998.542,26.0
38998.643,26.02
38998.744,26.04
38998.851,26.05
38998.957,26.04
38999.043,26.05
38999.167,26.05
38999.265,26.07
38999.366,26.04
38999.467,26.02
38999.576,26.02
38999.673,26.07
38999.768,26.04
38999.876,26.02
38999.996,26.07
39000.091,26.05
39000.199,26.07
39000.285,26.02
39000.337,26.05
39000.430,26.04
39000.636,26.04
39000.636,26.07
39000.741,26.05
39000.839,26.0
39000.937,25.97
39001.047,26.0
39001.141,26.05
39001.246,26.02
39001.329,26.04
39001.427,26.05
39001.548,26.04
39001.672,25.99
39001.766,26.05
39001.841,26.04
39001.935,26.04
39002.038,26.05
39002.125,26.0
39002.233,26.04
39002.334,26.02
39002.447,26.04
39002.547,26.05
39002.641,26.02
39002.739,26.02
39002.846,26.04
39002.944,26.02
39003.064,26.07
39003.148,26.02
39003.233,26.0
39003.332,26.05
39003.434,26.04
39003.530,26.04
39003.648,26.04
39003.772,26.05
39003.820,26.02
39003.923,26.02
39004.084,26.05
39004.182,26.04
39004.287,26.02
39004.381,26.05
39004.432,26.07
39004.525,26.04
39004.633,26.05
39004.729,26.0
39004.827,26.04
39004.930,26.05
39005.021,26.04
39005.141,26.05
39005.239,26.0
39005.315,26.02
39005.417,26.04
39005.516,26.07
39005.636,26.05
39005.717,26.07
39005.824,26.02
39005.920,26.0
39006.015,26.02
39006.125,26.04
39006.219,26.02
39006.341,26.02
39006.447,26.04
39006.535,26.02
39006.630,26.04
39056.751,26.04
39056.834,26.04
39056.954,26.04
39057.052,26.05
39057.147,26.05
39057.251,26.05
39057.348,26.04
39057.467,26.02
39057.550,26.02
39057.663,26.07
39057.760,26.07
39057.810,26.02
39057.918,26.05
39058.065,26.05
39058.143,26.04
39058.217,26.02
39058.307,26.02
39058.407,26.04
39058.510,26.05
39058.606,26.05
39058.719,26.04
39058.812,26.04
39058.910,26.04
39059.021,26.05
39059.116,26.04
39059.241,26.04
39059.326,26.0
39059.418,26.0
39059.513,26.07
39059.611,26.07
39059.712,26.02
39059.824,26.0
39059.920,26.04
39060.015,26.02
39060.121,26.04
39060.214,26.02
39060.334,26.04
39060.432,26.02
39060.535,26.05
39060.631,26.07
39060.750,26.04
39060.856,26.04
39060.946,26.05
39061.042,26.05
39061.135,26.05
39061.224,26.05
39061.359,26.05
39061.459,26.04
39061.555,26.04
39061.660,26.04
39061.758,26.02
39061.856,26.04
39061.910,25.99
39062.008,26.04
39062.111,26.02
39062.217,26.05
39062.344,26.05
39062.396,26.04
39062.518,26.02
39062.601,26.05
39062.695,26.04
39062.809,26.02
39062.908,26.07
39063.003,26.02
39063.104,26.02
39063.201,25.99
39063.300,26.04
39063.395,26.02
39063.500,26.0
39063.601,26.07
39063.699,26.04
39063.798,26.04
39063.912,26.02
39064.008,26.04
39064.104,26.04
39064.207,26.02
39064.327,26.02
39064.424,26.0
39064.532,26.02
39064.618,26.04
39064.736,26.0
39064.832,26.0
39064.945,26.05
39065.042,26.05
39065.138,26.05
39065.189,26.05
39065.292,26.07
39065.451,26.0
39065.505,26.05
39065.587,26.05
39065.709,26.04
39065.792,26.0
39065.902,26.07
39066.003,26.02
39066.099,26.07
39066.202,26.04
39066.283,26.02
39066.391,26.02
39066.489,26.08
39066.592,26.07
39066.696,26.04
39116.780,26.02
39116.902,26.02
39116.981,26.07
39117.079,26.04
39117.196,26.05
39117.295,26.05
39117.391,26.02
39117.486,26.04
39117.587,26.05
39117.711,26.02
39117.798,26.02
39117.908,25.99
39118.006,26.0
39118.104,26.05
39118.211,26.0
39118.317,26.04
39118.413,26.05
39118.516,26.02
39118.619,26.02
39118.761,26.04
39118.824,26.02
39118.942,26.07
39119.033,26.02
39119.131,26.04
39119.182,26.04
39119.354,26.07
39119.380,26.04
39119.479,26.02
39119.579,26.0
39119.680,26.02
39119.788,26.05
39119.871,26.05
39119.976,26.02
39120.069,26.0
39120.187,26.04
39120.285,26.05
39120.412,26.04
39120.489,25.99
39120.587,26.04
39120.709,26.0
39120.780,26.07
39120.869,26.02
39120.988,26.04
39121.069,26.02
39121.192,26.04
39121.290,26.05
39121.386,26.02
39121.483,26.07
39121.584,26.04
39121.704,26.05
39121.802,26.05
39121.881,26.04
39121.989,26.04
39122.111,26.05
39122.207,26.05
39122.320,26.0
39122.415,26.02
39122.513,26.05
39122.621,26.02
39122.663,26.04
39122.824,26.02
39122.920,26.05
39123.028,26.04
39123.123,26.02
39123.219,26.04
39123.271,26.04
39123.376,26.0
39123.472,26.07
39123.572,26.02
39123.675,26.04
39123.782,26.04
39123.864,26.05
39123.964,26.05
39124.087,26.07
39124.177,26.04
39124.273,26.02
39124.363,26.04
39124.479,26.04
39124.574,26.02
39124.672,26.04
39124.758,26.0
39124.866,26.02
39124.962,26.04
39125.060,26.0
39125.192,26.04
39125.266,26.04
39125.386,26.04
39125.484,26.02
39125.574,26.02
39125.697,26.04
39125.793,26.02
39125.890,26.04
39125.994,26.05
39126.094,26.05
39126.214,26.0
39126.292,26.0
39126.403,26.04
39126.503,26.0
39126.555,26.04
39126.706,26.0
39176.824,26.0
39176.851,26.04
39176.951,26.04
39177.052,26.04
39177.148,26.02
39177.251,26.05
39177.351,26.02
39177.462,26.04
39177.559,26.0
39177.658,26.02
39177.768,26.0
39177.849,26.04
39177.964,26.02
39178.065,26.04
39178.153,26.04
39178.250,26.07
39178.358,26.0
39178.464,26.07
39178.547,26.04
39178.655,26.0
39178.753,26.05
39178.864,26.04
39178.971,26.04
39179.067,25.99
39179.163,26.0
39179.278,26.04
39179.371,26.02
39179.472,26.05
39179.565,26.04
39179.692,26.02
39179.788,26.02
39179.885,26.05
39179.967,26.04
39180.079,26.04
39180.199,26.07
39180.297,26.0
39180.403,26.07
39180.501,26.04
39180.599,26.04
39180.650,26.0
39180.751,26.04
39180.844,26.0
39180.942,26.04
39181.045,26.05
39181.141,26.07
39181.243,26.02
39181.339,26.02
39181.437,25.99
39181.537,26.07
39181.636,26.04
39181.756,26.0
39181.844,26.02
39181.940,26.04
39182.037,26.0
39182.141,26.02
39182.243,26.07
39182.339,26.0
39182.434,26.02
39182.543,26.0
39182.648,26.02
39182.793,26.04
39182.866,26.02
39182.952,26.02
39183.072,26.04
39183.168,26.0
39183.275,26.0
39183.366,26.02
39183.467,26.05
39183.562,26.02
39183.692,26.04
39183.783,26.0
39183.878,26.04
39183.976,26.02
39184.043,26.04
39184.197,26.02
39184.250,26.04
39184.329,26.02
39184.435,26.04
39184.540,26.02
39184.635,26.04
39184.748,26.02
39184.824,26.05
39184.925,26.04
39185.025,26.02
39185.136,26.05
39185.234,26.04
39185.331,26.04
39185.429,26.05
39185.523,26.04
39185.623,26.05
39185.744,26.0
39185.848,26.02
39185.937,26.07
39186.035,26.0
39186.130,26.04
39186.233,26.02
39186.354,26.02
39186.449,26.04
39186.548,26.04
39186.653,26.02
39476.748,26.05
39476.844,26.04
39476.951,26.07
39477.062,25.99
39477.155,26.0
39477.258,26.04
39477.361,26.02
39477.459,26.07
39477.555,26.05
39477.685,26.0
39477.787,26.04
39477.873,26.02
39477.969,26.04
39478.023,26.0
39478.116,26.0
39478.214,26.07
39478.378,26.04
39478.420,26.04
39478.528,26.05
39478.625,26.04
39478.726,26.0
39478.836,26.04
39478.932,26.04
39479.028,26.04
39479.126,26.07
39479.241,26.02
39479.319,26.04
39479.422,26.02
39479.523,25.97
39479.628,26.02
39479.714,26.05
39479.822,26.04
39479.910,26.02
39480.030,26.04
39480.128,26.04
39480.217,26.05
39480.329,26.0
39480.425,26.0
39480.547,26.05
39480.626,26.0
39480.739,26.04
39480.841,26.04
39480.959,26.0
39481.035,26.04
39481.158,26.02
39481.253,26.04
39481.359,26.04
39481.469,26.02
39481.567,26.05
39481.663,26.04
39481.771,26.04
39481.869,26.07
39481.967,26.04
39482.067,26.04
39482.119,26.04
39482.212,26.0
39482.310,26.04
39482.408,26.0
39482.508,26.05
39482.606,26.04
39482.706,26.04
39482.805,26.05
39482.903,26.0
39483.001,26.05
39483.099,26.02
39483.223,26.04
39483.314,26.0
39483.442,26.02
39483.582,26.0
39483.611,26.0
39483.704,26.07
39483.810,26.04
39483.896,26.0
39484.006,26.04
39484.101,26.0
39484.226,26.02
39484.300,25.99
39484.434,26.02
39484.530,26.04
39484.628,26.05
39484.736,25.99
39484.832,26.05
39484.934,26.04
39485.037,26.05
39485.148,26.0
39485.248,26.05
39485.339,26.04
39485.447,26.02
39485.498,26.07
39485.658,26.04
39485.771,26.04
39485.849,26.0
39485.900,25.99
39486.005,26.0
39486.101,26.0
39486.207,26.05
39486.307,26.05
39486.405,26.02
39486.506,26.05
39486.613,26.0
39486.709,26.05
39536.807,26.05
39536.920,26.04
39537.023,26.0
39537.097,25.99
39537.194,26.0
39537.288,26.02
39537.388,26.04
39537.488,26.05
39537.606,26.04
39537.697,26.02
39537.804,26.05
39537.888,26.02
39537.993,26.04
39538.116,26.04
39538.211,26.02
39538.309,26.0
39538.408,26.02
39538.530,26.02
39538.626,25.99
39538.709,26.0
39538.846,26.0
39538.942,26.02
39539.035,25.96
39539.148,26.02
39539.246,26.02
39539.342,25.99
39539.446,26.02
39539.486,26.0
39539.582,26.02
39539.679,26.04
39539.856,26.04
39539.888,26.04
39539.988,26.04
39540.092,26.0
39540.182,26.08
39540.295,25.99
39540.391,26.07
39540.486,26.02
39540.594,26.04
39540.694,26.02
39540.795,26.07
39540.915,26.02
39540.996,26.04
39541.076,25.97
39541.175,26.07
39541.283,25.99
39541.400,26.04
39541.491,26.04
39541.589,26.05
39541.694,26.05
39541.788,26.02
39541.908,26.0
39542.043,26.0
39542.096,26.04
39542.214,26.02
39542.310,26.0
39542.400,26.05
39542.522,25.99
39542.619,26.02
39542.668,26.04
39542.822,26.0
39542.897,25.99
39542.971,26.04
39543.092,26.04
39543.168,26.04
39543.271,26.05
39543.381,25.99
39543.533,26.05
39543.586,26.0
39543.673,26.02
39543.770,25.99
39543.878,26.04
39543.976,26.04
39544.074,26.0
39544.168,25.99
39544.268,26.0
39544.364,26.04
39544.486,26.02
39544.592,26.05
39544.680,26.0
39544.780,26.02
39544.880,26.0
39544.962,26.02
39545.092,26.05
39545.190,26.0
39545.283,25.99
39545.393,26.05
39545.498,26.0
39545.592,26.07
39545.692,26.02
39545.805,26.04
39545.903,26.0
39546.001,26.04
39546.104,26.02
39546.201,26.0
39546.302,26.0
39546.400,26.04
39546.547,26.04
39546.621,26.04
39596.716,26.04
39596.795,25.97
39596.866,26.04
39596.957,26.02
39597.057,26.0
39597.163,26.0
39597.322,26.0
39597.373,26.0
39597.467,26.0
39597.554,26.02
39597.673,26.0
39597.773,26.04
39597.854,26.04
39597.964,26.04
39598.065,25.99
39598.163,26.04
39598.265,26.0
39598.351,26.0
39598.471,26.04
39598.555,26.07
39598.677,26.04
39598.766,26.0
39598.861,26.04
39598.966,26.04
39599.071,26.04
39599.168,26.04
39599.288,26.0
39599.369,26.04
39599.476,26.0
39599.574,26.04
39599.695,26.02
39599.780,26.02
39599.856,26.0
39600.000,26.0
39600.103,26.0
39600.195,26.0
39600.246,26.02
39600.405,26.04
39600.513,26.04
39600.611,26.02
39600.711,25.97
39600.743,26.0
39600.908,26.05
39601.011,26.0
39601.062,26.04
39601.155,25.99
39601.255,26.0
39601.371,26.0
39601.457,26.0
39601.597,26.02
39601.648,26.0
39601.748,26.02
39601.849,26.04
39601.940,26.02
39602.050,26.02
39602.155,26.02
39602.241,26.02
39602.351,26.02
39602.449,26.04
39602.552,26.04
39602.650,26.0
39602.765,26.02
39602.861,26.04
39602.957,26.02
39603.043,26.02
39603.155,26.02
39603.275,26.04
39603.371,26.02
39603.481,26.04
39603.581,26.0
39603.685,26.0
39603.751,26.04
39603.897,26.02
39603.996,26.02
39604.089,26.02
39604.190,26.04
39604.288,26.0
39604.383,26.0
39604.435,26.04
39604.538,26.0
39604.638,26.0
39604.734,26.02
39604.836,26.04
39604.945,26.0
39605.040,26.0
39605.146,26.0
39605.248,26.02
39605.334,26.0
39605.429,26.02
39605.576,26.0
39605.641,26.0
39605.741,26.0
39605.841,26.04
39606.027,25.99
39606.028,26.07
39606.131,26.0
39606.238,26.02
39606.351,26.0
39606.442,26.0
39606.543,26.02
39606.636,26.04
39656.739,26.02
39656.856,26.0
39656.954,26.02
39657.050,26.0
39657.155,26.0
39657.258,26.0
39657.353,26.04
39657.456,26.0
39657.567,26.04
39657.665,26.04
39657.785,26.04
39657.890,26.07
39657.986,26.04
39658.082,26.02
39658.189,26.02
39658.273,26.04
39658.327,26.04
39658.425,26.04
39658.523,26.05
39658.623,26.0
39658.724,26.05
39658.822,26.04
39658.949,26.02
39659.042,26.02
39659.140,26.02
39659.241,26.0
39659.336,26.07
39659.434,26.0
39659.533,26.0
39659.658,26.0
39659.736,26.0
39659.858,26.04
39659.937,26.0
39660.023,25.96
39660.126,26.05
39660.226,26.0
39660.329,25.97
39660.437,26.02
39660.530,26.0
39660.633,26.05
39660.714,26.02
39660.822,26.02
39660.940,26.04
39661.038,26.02
39661.141,26.04
39661.261,26.0
39661.356,26.05
39661.459,26.0
39661.565,26.02
39661.663,26.0
39661.761,26.0
39661.812,26.0
39661.913,26.02
39662.010,26.0
39662.175,26.02
39662.275,26.04
39662.329,26.04
39662.473,26.05
39662.523,26.0
39662.623,26.07
39662.724,25.97
39662.820,26.0
39662.927,26.0
39663.008,26.04
39663.108,25.97
39663.263,26.02
39663.334,25.99
39663.420,26.04
39663.516,25.97
39663.619,26.04
39663.711,26.0
39663.807,25.99
39663.908,26.02
39664.011,26.02
39664.119,26.0
39664.221,26.0
39664.322,26.0
39664.403,26.04
39664.527,26.04
39664.616,26.04
39664.741,26.04
39664.822,26.02
39664.946,26.0
39665.042,26.05
39665.140,26.0
39665.236,25.99
39665.358,26.0
39665.454,25.99
39665.545,26.04
39665.648,26.0
39665.699,26.04
39665.864,26.0
39665.905,26.02
39666.001,26.02
39666.098,26.02
39666.197,26.0
39666.298,25.99
39666.400,26.02
39666.513,26.0
39666.609,26.02
39666.709,25.99
39716.810,25.99
39716.907,26.04
39717.008,26.0
39717.097,26.0
39717.194,26.02
39717.314,26.02
39717.398,26.0
39717.501,26.02
39717.592,26.02
39717.712,26.02
39717.812,26.02
39717.908,25.99
39718.003,25.97
39718.116,26.0
39718.224,26.02
39718.302,26.02
39718.407,25.99
39718.522,26.02
39718.597,26.0
39718.701,26.0
39718.800,26.0
39718.900,25.99
39718.998,25.99
39719.099,25.97
39719.187,26.02
39719.312,25.97
39719.423,26.04
39719.547,26.0
39719.650,26.0
39719.702,26.04
39719.851,26.0
39719.903,26.02
39720.005,26.0
39720.092,26.02
39720.189,26.0
39720.288,26.0
39720.405,26.0
39720.501,26.04
39720.601,26.0
39720.684,26.02
39720.800,25.99
39720.896,26.04
39720.993,26.04
39721.094,26.02
39721.190,26.0
39721.288,26.02
39721.381,26.07
39721.486,26.05
39721.604,26.04
39721.702,25.99
39721.785,25.96
39721.920,26.02
39722.016,26.02
39722.113,26.02
39722.222,26.0
39722.320,26.0
39722.415,25.97
39722.520,25.99
39722.631,26.02
39722.685,25.99
39722.793,26.0
39722.932,25.99
39723.028,26.02
39723.082,26.02
39723.256,26.04
39723.273,26.04
39723.440,26.0
39723.540,26.04
39723.635,26.04
39723.692,26.04
39723.797,26.0
39723.888,26.0
39723.991,26.05
39724.071,26.0
39724.195,26.05
39724.292,26.04
39724.385,26.02
39724.479,26.02
39724.576,25.97
39724.675,26.0
39724.770,25.96
39724.888,26.0
39724.988,26.0
39725.092,26.04
39725.180,26.04
39725.273,25.99
39725.393,25.99
39725.494,26.0
39725.579,25.99
39725.699,26.05
39725.793,26.0
39725.935,26.04
39725.994,26.04
39726.116,26.0
39726.196,26.0
39726.305,26.04
39726.400,25.99
39726.520,26.0
39726.614,26.05
39726.709,26.04
39776.831,25.97
39776.883,26.0
39776.984,26.0
39777.067,26.0
39777.173,26.0
39777.342,26.0
39777.371,26.02
39777.476,26.02
39777.579,26.02
39777.667,25.94
39777.766,26.0
39777.864,25.99
39777.976,26.02
39778.071,25.99
39778.157,26.02
39778.280,26.0
39778.400,26.0
39778.474,26.02
39778.572,26.0
39778.668,26.04
39778.770,26.0
39778.881,26.0
39778.978,25.99
39779.076,26.02
39779.180,26.0
39779.277,26.0
39779.368,26.05
39779.503,26.0
39779.577,26.05
39779.695,26.04
39779.790,25.99
39779.881,26.02
39779.984,25.99
39780.087,26.02
39780.177,26.0
39780.271,26.0
39780.393,26.0
39780.451,26.04
39780.555,26.04
39780.653,26.0
39780.751,26.05
39780.917,26.04
39781.018,26.0
39781.116,26.0
39781.168,26.02
39781.260,25.99
39781.366,26.02
39781.466,26.02
39781.567,26.04
39781.670,26.02
39781.775,26.02
39781.853,26.04
39781.954,25.99
39782.077,26.04
39782.157,26.02
39782.261,26.07
39782.356,26.0
39782.451,26.0
39782.543,25.97
39782.650,26.0
39782.751,26.04
39782.856,26.0
39782.942,26.02
39783.064,26.04
39783.177,26.04
39783.263,26.04
39783.385,25.99
39783.481,26.04
39783.589,26.04
39783.687,26.04
39783.785,26.02
39783.883,26.02
39783.981,25.99
39784.101,25.99
39784.201,26.0
39784.283,26.0
39784.398,26.04
39784.498,26.0
39784.618,25.97
39784.648,26.07
39784.744,26.0
39784.841,25.99
39784.937,26.04
39785.040,26.02
39785.141,26.04
39785.243,25.97
39785.339,26.04
39785.452,26.0
39785.555,26.05
39785.652,26.0
39785.751,25.97
39785.842,25.99
39785.939,26.0
39786.033,26.0
39786.141,26.05
39786.239,26.0
39786.393,26.0
39786.452,26.04
39786.555,26.04
39786.652,26.04
40076.751,26.05
40076.854,26.04
40076.962,26.0
40077.037,26.0
40077.133,26.0
40077.263,26.02
40077.332,25.99
40077.437,26.02
40077.540,26.02
40077.646,26.02
40077.756,26.02
40077.876,26.0
40077.969,26.02
40078.060,26.0
40078.182,26.02
40078.236,25.99
40078.391,25.99
40078.489,25.97
40078.537,26.0
40078.633,26.02
40078.739,26.0
40078.837,26.04
40078.932,25.99
40079.030,25.99
40079.126,25.99
40079.224,26.04
40079.344,25.97
40079.427,26.02
40079.543,26.04
40079.643,25.97
40079.743,26.04
40079.839,26.04
40079.935,26.04
40080.032,26.0
40080.126,26.02
40080.229,26.0
40080.327,26.02
40080.446,26.02
40080.530,26.0
40080.638,25.99
40080.734,26.02
40080.856,26.0
40080.989,26.04
40081.062,26.0
40081.157,26.04
40081.265,26.0
40081.349,26.02
40081.472,26.02
40081.567,25.96
40081.675,26.0
40081.726,25.97
40081.836,26.02
40081.937,26.02
40082.023,26.0
40082.114,26.0
40082.217,26.0
40082.329,26.04
40082.430,26.04
40082.516,26.04
40082.614,26.0
40082.733,25.99
40082.837,26.0
40082.934,26.0
40083.033,26.0
40083.125,26.04
40083.226,26.04
40083.322,25.96
40083.420,26.0
40083.513,25.97
40083.633,26.0
40083.726,26.05
40083.859,25.99
40083.957,26.0
40084.030,26.0
40084.126,26.0
40084.217,25.99
40084.337,26.04
40084.435,26.02
40084.532,26.0
40084.641,25.96
40084.734,26.04
40084.854,26.0
40084.940,25.97
40085.052,26.0
40085.148,26.0
40085.241,26.02
40085.349,25.96
40085.447,25.97
40085.565,26.0
40085.674,26.0
40085.753,26.04
40085.807,26.04
40085.903,26.02
40086.060,26.04
40086.111,26.04
40086.212,25.99
40086.312,25.99
40086.408,25.97
40086.515,25.99
40086.619,26.04
40086.702,25.99
40136.802,26.02
40136.903,26.0
40137.013,26.02
40137.119,25.99
40137.199,26.02
40137.322,25.99
40137.422,26.02
40137.511,25.99
40137.599,25.99
40137.719,26.02
40137.819,25.97
40137.922,26.04
40138.021,26.02
40138.118,25.97
40138.216,26.0
40138.314,26.0
40138.435,26.0
40138.530,26.04
40138.621,26.0
40138.723,25.99
40138.842,26.02
40138.937,26.0
40139.050,25.99
40139.147,26.04
40139.244,26.0
40139.295,25.99
40139.396,26.02
40139.557,26.02
40139.653,26.05
40139.760,26.04
40139.859,26.04
40139.974,26.0
40140.003,26.04
40140.109,26.04
40140.207,26.0
40140.288,26.0
40140.393,25.97
40140.496,26.02
40140.601,26.0
40140.701,26.02
40140.790,25.99
40140.888,26.0
40141.008,26.04
40141.098,26.02
40141.190,25.97
40141.300,26.04
40141.396,26.04
40141.488,26.02
40141.601,26.02
40141.743,25.99
40141.817,26.02
40141.945,25.97
40142.001,26.04
40142.119,26.0
40142.216,26.0
40142.307,26.0
40142.425,26.04
40142.525,26.0
40142.621,26.0
40142.724,25.97
40142.822,26.02
40142.944,26.04
40143.023,26.0
40143.135,25.97
40143.185,26.0
40143.344,26.04
40143.391,26.02
40143.481,26.02
40143.646,26.02
40143.680,25.97
40143.783,26.0
40143.880,26.04
40143.998,26.02
40144.096,26.02
40144.196,26.04
40144.297,26.0
40144.396,25.99
40144.494,25.97
40144.584,26.0
40144.680,26.04
40144.782,26.0
40144.886,25.99
40145.018,25.97
40145.121,26.04
40145.175,25.99
40145.280,26.02
40145.381,26.0
40145.494,26.04
40145.597,26.0
40145.677,26.05
40145.802,26.0
40145.898,25.97
40145.983,26.04
40146.104,25.99
40146.197,26.05
40146.332,25.99
40146.420,26.04
40146.516,25.99
40146.614,25.97
40196.711,26.0
40196.834,26.02
40196.932,26.02
40197.032,25.99
40197.135,26.02
40197.168,25.99
40197.266,26.0
40197.369,26.02
40197.483,26.0
40197.579,25.97
40197.675,26.04
40197.773,26.0
40197.869,26.04
40197.988,26.0
40198.084,26.0
40198.170,26.0
40198.283,26.04
40198.383,25.97
40198.481,26.02
40198.579,25.99
40198.675,26.0
40198.773,25.99
40198.866,25.99
40198.973,26.0
40199.070,26.0
40199.189,25.99
40199.271,26.04
40199.385,26.0
40199.479,26.04
40199.599,26.0
40199.684,26.0
40199.804,26.02
40199.898,26.04
40200.005,25.97
40200.089,26.0
40200.209,25.99
40200.307,25.99
40200.418,26.0
40200.513,25.97
40200.611,25.97
40200.709,26.02
40200.812,25.99
40200.861,25.96
40201.023,26.0
40201.108,25.97
40201.174,26.0
40201.268,25.99
40201.366,25.97
40201.478,26.0
40201.574,25.96
40201.674,25.99
40201.760,26.04
40201.866,25.97
40201.961,25.99
40202.071,26.04
40202.175,26.02
40202.255,26.02
40202.351,25.99
40202.469,25.99
40202.579,25.99
40202.667,25.97
40202.763,25.97
40202.863,26.04
40202.969,26.04
40203.065,25.99
40203.189,25.99
40203.285,25.97
40203.381,25.99
40203.476,26.02
40203.571,25.99
40203.682,26.0
40203.793,25.99
40203.890,26.0
40203.986,26.0
40204.092,26.02
40204.190,25.99
40204.310,26.0
40204.417,25.99
40204.494,25.94
40204.614,25.99
40204.709,25.99
40204.800,26.0
40204.851,26.0
40204.949,25.99
40205.047,25.99
40205.150,26.0
40205.246,26.0
40205.344,26.04
40205.461,25.99
40205.550,25.97
40205.655,25.99
40205.756,25.97
40205.856,26.0
40205.979,26.0
40206.052,25.99
40206.146,25.99
40206.253,26.0
40206.344,25.97
40206.442,25.97
40206.542,25.99
40206.665,26.0
40256.751,25.97
40256.859,25.99
40256.957,26.04
40257.057,25.97
40257.150,25.99
40257.273,26.0
40257.356,25.97
40257.457,25.99
40257.581,26.0
40257.674,25.97
40257.793,26.0
40257.888,25.97
40257.984,25.97
40258.092,26.02
40258.133,25.97
40258.295,26.04
40258.391,25.99
40258.503,25.94
40258.555,25.97
40258.699,26.02
40258.751,25.99
40258.851,25.97
40258.944,25.96
40259.040,26.0
40259.138,26.0
40259.239,26.02
40259.339,25.99
40259.432,26.0
40259.560,25.97
40259.641,25.96
40259.738,25.97
40259.836,26.0
40259.929,25.99
40260.043,25.99
40260.138,26.0
40260.241,25.97
40260.341,25.96
40260.439,25.97
40260.538,25.96
40260.636,26.0
40260.756,26.0
40260.853,25.96
40260.954,26.02
40261.045,25.97
40261.167,26.0
40261.260,26.0
40261.336,26.0
40261.427,26.0
40261.533,26.0
40261.641,25.97
40261.766,26.0
40261.853,25.97
40261.973,25.97
40262.023,26.0
40262.177,25.97
40262.226,25.99
40262.322,25.97
40262.500,26.02
40262.587,26.02
40262.640,25.99
40262.731,25.97
40262.831,26.0
40262.937,26.02
40263.033,25.96
40263.131,26.0
40263.238,25.97
40263.334,26.02
40263.430,26.0
40263.527,25.97
40263.630,26.0
40263.728,25.97
40263.824,25.97
40263.920,25.97
40264.016,25.99
40264.136,26.02
40264.231,25.99
40264.351,26.0
40264.425,26.04
40264.528,25.97
40264.625,26.0
40264.751,26.0
40264.836,25.97
40264.917,25.97
40265.023,26.0
40265.123,26.0
40265.231,25.94
40265.353,26.0
40265.442,25.97
40265.576,26.04
40265.672,25.97
40265.770,26.0
40265.878,25.99
40265.978,26.0
40266.074,26.02
40266.177,26.0
40266.222,26.0
40266.315,26.0
40266.413,25.97
40266.518,25.97
40266.614,26.0
40316.712,26.04
40316.810,25.97
40316.910,25.97
40317.010,25.96
40317.108,26.04
40317.226,26.0
40317.317,25.97
40317.415,25.96
40317.513,26.0
40317.606,26.0
40317.714,26.02
40317.812,25.97
40317.908,25.97
40318.016,26.02
40318.126,25.99
40318.226,26.02
40318.324,25.99
40318.425,25.99
40318.571,26.02
40318.643,26.0
40318.750,26.0
40318.841,25.97
40318.939,26.0
40319.055,25.99
40319.136,26.0
40319.256,26.0
40319.310,26.0
40319.420,26.0
40319.523,25.97
40319.601,25.99
40319.706,25.97
40319.804,26.0
40319.900,25.97
40320.021,25.97
40320.116,26.0
40320.219,26.02
40320.295,25.96
40320.418,25.97
40320.508,26.0
40320.611,26.0
40320.707,25.99
40320.805,25.96
40320.902,25.97
40320.998,26.0
40321.116,25.97
40321.217,25.97
40321.322,25.97
40321.412,25.97
40321.506,25.97
40321.599,25.99
40321.712,25.96
40321.812,26.02
40321.910,25.94
40322.003,25.99
40322.126,26.0
40322.221,26.0
40322.319,25.97
40322.425,25.99
40322.537,25.97
40322.628,25.94
40322.726,25.99
40322.836,25.97
40322.934,26.0
40323.030,26.0
40323.158,25.97
40323.250,25.99
40323.347,25.99
40323.442,26.0
40323.496,25.99
40323.597,26.0
40323.689,25.97
40323.787,25.96
40323.896,26.0
40323.998,26.0
40324.106,26.0
40324.201,25.97
40324.285,25.96
40324.408,25.97
40324.506,25.97
40324.674,25.96
40324.697,26.0
40324.799,25.99
40324.897,25.97
40324.996,25.99
40325.084,26.0
40325.194,26.0
40325.290,25.99
40325.381,26.0
40325.503,25.97
40325.599,26.0
40325.697,26.0
40325.800,26.02
40325.898,25.99
40326.018,25.97
40326.099,25.97
40326.214,26.02
40326.310,26.0
40326.405,25.94
40326.508,26.0
40326.630,25.97
40376.724,25.99
40376.832,25.94
40376.918,25.99
40377.040,25.99
40377.136,25.97
40377.246,25.97
40377.342,25.99
40377.373,25.97
40377.540,25.99
40377.638,26.04
40377.690,25.97
40377.785,26.0
40377.881,25.96
40378.052,26.0
40378.082,26.0
40378.180,25.96
40378.304,26.0
40378.381,25.97
40378.506,26.04
40378.577,26.0
40378.675,26.0
40378.793,26.04
40378.890,26.0
40378.984,26.0
40379.084,26.0
40379.179,25.99
40379.277,25.99
40379.407,25.97
40379.478,25.97
40379.599,25.97
40379.697,25.96
40379.773,25.99
40379.888,25.93
40379.994,25.97
40380.069,25.99
40380.177,25.99
40380.277,25.94
40380.386,26.0
40380.508,25.97
40380.619,25.94
40380.716,25.97
40380.766,26.0
40380.920,25.97
40380.973,25.97
40381.062,26.0
40381.270,25.97
40381.368,26.0
40381.462,26.0
40381.584,26.0
40381.677,26.0
40381.775,26.0
40381.871,26.04
40381.979,25.96
40382.065,25.97
40382.160,26.02
40382.261,25.97
40382.371,25.99
40382.467,25.97
40382.564,25.99
40382.662,26.0
40382.760,25.97
40382.880,25.97
40382.976,25.99
40383.082,25.97
40383.165,25.99
40383.287,25.99
40383.383,26.0
40383.493,26.0
40383.589,25.99
40383.690,25.97
40383.785,25.99
40383.881,25.97
40383.957,25.97
40384.065,25.99
40384.182,26.02
40384.273,25.99
40384.381,25.97
40384.503,25.97
40384.584,25.97
40384.717,26.0
40384.814,25.97
40384.920,26.04
40384.964,25.99
40385.062,26.02
40385.158,25.99
40385.261,25.99
40385.354,25.97
40385.451,25.96
40385.567,26.0
40385.655,26.0
40385.750,25.99
40385.869,25.99
40385.967,25.99
40386.069,25.96
40386.167,26.0
40386.263,26.0
40386.353,25.99
40386.459,25.94
40386.557,26.0
40386.653,26.0
40676.758,25.97
40676.866,25.97
40676.962,26.0
40677.060,25.99
40677.168,26.0
40677.265,25.94
40677.386,26.0
40677.493,25.97
40677.582,25.99
40677.680,25.97
40677.778,25.97
40677.876,25.99
40677.994,26.0
40678.092,25.97
40678.189,26.0
40678.297,26.0
40678.344,25.97
40678.505,25.96
40678.594,26.0
40678.707,25.99
40678.802,25.97
40678.854,25.97
40679.006,25.97
40679.057,25.99
40679.150,25.99
40679.248,25.99
40679.354,26.02
40679.444,26.0
40679.560,26.02
40679.658,26.0
40679.741,25.99
40679.837,25.99
40679.939,25.97
40680.035,25.97
40680.158,25.99
40680.256,25.97
40680.381,25.99
40680.437,25.99
40680.538,26.0
40680.650,25.99
40680.744,26.0
40680.869,26.02
40680.964,25.97
40681.062,25.94
40681.167,25.93
40681.253,25.97
40681.375,25.99
40681.471,25.99
40681.579,25.99
40681.675,25.97
40681.772,25.97
40681.848,25.99
40681.972,25.97
40682.092,25.94
40682.190,25.93
40682.268,25.99
40682.339,26.0
40682.432,25.97
40682.528,25.97
40682.636,26.0
40682.739,25.97
40682.837,25.97
40682.932,25.99
40683.030,26.02
40683.146,25.99
40683.244,25.97
40683.339,25.94
40683.440,26.0
40683.543,25.93
40683.643,25.94
40683.763,26.0
40683.848,25.97
40683.967,25.94
40684.028,25.99
40684.145,26.0
40684.241,25.94
40684.339,26.0
40684.437,25.97
40684.543,26.02
40684.636,25.99
40684.756,25.97
40684.842,26.0
40684.940,25.99
40685.043,26.0
40685.119,25.97
40685.256,26.02
40685.331,25.99
40685.434,25.97
40685.542,25.97
40685.668,26.02
40685.763,25.97
40685.883,26.0
40685.966,25.97
40686.018,25.97
40686.184,26.0
40686.280,25.99
40686.383,25.97
40686.484,26.0
40686.533,26.0
40686.628,25.97
40736.726,25.99
40736.824,26.0
40736.923,26.0
40737.020,25.94
40737.114,26.0
40737.236,25.99
40737.332,26.0
40737.415,25.99
40737.530,25.97
40737.626,26.02
40737.721,26.02
40737.827,26.02
40737.922,25.99
40738.021,25.96
40738.150,25.97
40738.217,25.99
40738.339,25.97
40738.434,26.0
40738.516,25.97
40738.631,25.94
40738.729,25.99
40738.812,26.0
40738.908,25.97
40739.011,26.02
40739.109,25.97
40739.217,25.97
40739.324,25.99
40739.452,25.97
40739.535,25.99
40739.663,25.94
40739.761,25.97
40739.809,26.04
40739.986,26.0
40740.015,25.99
40740.172,26.0
40740.223,26.0
40740.315,25.99
40740.413,26.0
40740.511,26.0
40740.611,25.97
40740.723,25.99
40740.807,26.02
40740.912,25.99
40741.035,25.99
40741.118,25.96
40741.221,26.0
40741.314,25.99
40741.415,25.96
40741.505,26.0
40741.606,25.99
40741.699,26.0
40741.824,25.97
40741.913,25.99
40742.033,25.96
40742.130,25.99
40742.211,26.02
40742.331,25.97
40742.412,25.94
40742.518,26.02
40742.621,25.99
40742.699,26.0
40742.805,25.99
40742.903,25.97
40743.038,25.99
40743.111,25.99
40743.212,25.99
40743.295,25.97
40743.393,26.0
40743.523,25.99
40743.601,25.96
40743.729,25.97
40743.805,25.97
40743.908,26.0
40744.072,25.99
40744.101,25.97
40744.216,25.99
40744.299,25.96
40744.397,26.0
40744.508,25.99
40744.613,25.97
40744.707,25.99
40744.793,25.94
40744.891,25.99
40745.011,26.0
40745.094,25.97
40745.201,25.99
40745.298,26.05
40745.395,25.97
40745.500,26.04
40745.609,25.96
40745.706,25.99
40745.802,25.99
40745.913,25.97
40746.011,25.99
40746.106,26.0
40746.236,25.94
40746.324,26.0
40746.424,26.0
40746.518,26.02
40746.614,26.0
40796.739,25.97
40796.837,26.02
40796.932,25.97
40797.040,25.97
40797.133,26.0
40797.185,26.0
40797.339,25.96
40797.381,25.99
40797.548,25.97
40797.601,25.97
40797.748,26.0
40797.800,25.99
40797.895,25.97
40797.993,25.93
40798.098,26.0
40798.199,26.04
40798.295,25.97
40798.378,25.96
40798.481,26.0
40798.608,25.94
40798.687,26.0
40798.807,25.97
40798.900,26.0
40798.979,25.97
40799.081,25.99
40799.182,26.02
40799.285,25.99
40799.388,25.97
40799.489,25.97
40799.599,25.96
40799.694,25.97
40799.780,25.96
40799.908,25.99
40799.986,25.99
40800.111,25.94
40800.207,25.96
40800.321,25.93
40800.418,25.99
40800.516,25.94
40800.614,25.97
40800.711,26.0
40800.817,26.0
40800.915,25.94
40800.973,25.99
40801.128,25.96
40801.180,25.99
40801.273,25.97
40801.380,25.99
40801.479,26.0
40801.577,25.99
40801.675,25.97
40801.772,25.97
40801.875,25.97
40801.971,26.0
40802.089,26.04
40802.187,25.97
40802.282,26.0
40802.386,25.97
40802.483,26.0
40802.572,25.96
40802.668,25.97
40802.766,25.99
40802.873,25.99
40802.969,25.97
40803.065,25.97
40803.187,26.0
40803.271,25.96
40803.373,25.94
40803.474,25.99
40803.582,25.97
40803.679,26.0
40803.783,26.0
40803.893,25.97
40803.996,25.99
40804.072,26.0
40804.172,25.99
40804.280,25.99
40804.388,25.94
40804.510,25.97
40804.608,25.94
40804.704,25.97
40804.827,25.99
40804.918,25.96
40805.016,25.97
40805.125,25.94
40805.221,25.99
40805.272,25.97
40805.371,25.97
40805.469,26.0
40805.567,26.02
40805.663,25.97
40805.763,26.0
40805.859,26.0
40805.956,25.99
40806.079,25.97
40806.158,26.0
40806.271,25.99
40806.366,26.0
40806.461,25.96
40806.570,25.97
40806.658,25.97
40856.751,25.99
40856.893,25.96
40856.966,26.0
40857.064,26.0
40857.172,26.02
40857.260,25.96
40857.375,25.97
40857.454,25.97
40857.577,26.0
40857.665,25.97
40857.790,25.96
40857.886,26.02
40857.994,26.0
40858.104,25.97
40858.201,25.96
40858.300,25.99
40858.408,25.96
40858.503,25.97
40858.601,26.0
40858.650,25.94
40858.755,25.97
40858.847,25.99
40859.013,25.97
40859.065,26.0
40859.150,26.0
40859.244,25.97
40859.364,25.94
40859.464,25.97
40859.543,25.99
40859.652,26.0
40859.744,25.99
40859.856,25.96
40859.956,25.97
40860.050,26.0
40860.145,25.96
40860.244,25.97
40860.342,25.99
40860.462,25.97
40860.567,26.0
40860.643,25.97
40860.746,25.97
40860.854,25.96
40860.951,25.99
40861.048,25.96
40861.147,25.96
40861.273,25.91
40861.371,25.97
40861.467,25.97
40861.560,25.97
40861.672,25.96
40861.780,25.96
40861.922,25.99
40861.996,25.96
40862.084,26.02
40862.135,25.99
40862.295,25.99
40862.405,25.96
40862.489,25.96
40862.540,25.99
40862.640,25.97
40862.738,25.99
40862.841,25.97
40862.937,26.0
40863.035,25.96
40863.141,25.97
40863.251,25.97
40863.351,25.96
40863.447,25.99
40863.533,25.99
40863.657,26.02
40863.755,25.99
40863.834,26.0
40863.944,25.96
40864.040,25.97
40864.136,25.99
40864.241,25.94
40864.351,26.0
40864.449,25.99
40864.545,25.97
40864.655,25.99
40864.751,25.97
40864.851,25.97
40864.949,25.99
40865.070,26.0
40865.167,25.96
40865.265,25.97
40865.344,25.97
40865.479,25.99
40865.576,25.97
40865.672,25.97
40865.783,25.97
40865.876,25.97
40865.974,26.0
40866.025,25.99
40866.126,25.99
40866.229,26.0
40866.322,25.99
40866.491,25.99
40866.552,25.96
40866.625,25.97
40916.728,25.94
40916.839,25.94
40916.920,25.97
40917.021,25.99
40917.126,25.96
40917.221,25.96
40917.334,26.0
40917.437,26.0
40917.550,25.97
40917.638,26.02
40917.734,25.99
40917.829,25.96
40917.918,25.96
40918.030,26.0
40918.126,26.0
40918.329,25.97
40918.332,26.0
40918.427,25.94
40918.548,26.0
40918.653,25.96
40918.741,25.97
40918.834,25.99
40918.957,25.96
40919.042,25.97
40919.162,25.99
40919.258,25.96
40919.354,25.99
40919.464,25.94
40919.562,25.97
40919.638,26.02
40919.761,25.97
40919.866,25.96
40919.964,25.97
40920.016,25.96
40920.123,26.04
40920.219,25.97
40920.317,25.97
40920.413,26.0
40920.513,25.96
40920.609,25.96
40920.731,26.0
40920.829,25.99
40920.925,25.97
40921.025,25.94
40921.125,25.97
40921.224,25.97
40921.317,26.02
40921.420,25.94
40921.522,25.99
40921.614,25.99
40921.712,25.96
40921.819,25.96
40921.959,25.97
40922.011,25.94
40922.128,25.94
40922.224,25.99
40922.327,25.99
40922.440,25.97
40922.537,26.0
40922.633,26.0
40922.739,25.97
40922.839,25.96
40922.913,25.99
40923.033,25.99
40923.155,26.0
40923.251,26.0
40923.347,25.99
40923.444,25.97
40923.565,25.97
40923.660,26.0
40923.756,25.96
40923.866,25.99
40923.966,25.99
40924.062,25.99
40924.113,25.94
40924.212,25.96
40924.315,25.97
40924.410,25.97
40924.576,25.99
40924.601,25.94
40924.719,25.99
40924.815,25.96
40924.900,25.96
40925.013,25.97
40925.111,25.99
40925.234,25.97
40925.310,25.94
40925.405,25.99
40925.505,25.97
40925.606,25.96
40925.707,25.97
40925.817,25.99
40925.895,25.93
40926.005,25.97
40926.108,25.99
40926.224,25.99
40926.305,26.0
40926.413,25.96
40926.516,26.0
40926.594,25.94
40926.704,25.97
40976.829,25.97
40976.913,25.97
40977.033,25.97
40977.123,25.96
40977.241,25.96
40977.292,25.99
40977.472,25.94
40977.489,25.99
40977.589,26.0
40977.755,25.94
40977.847,26.02
40977.952,25.99
40978.005,25.94
40978.099,25.99
40978.209,25.94
40978.309,25.97
40978.670,26.0
40978.697,26.0
40978.793,26.0
40978.890,25.94
40978.988,25.99
40979.084,25.99
40979.202,26.0
40979.310,26.02
40979.383,25.97
40979.503,25.96
40979.601,25.94
40979.699,25.94
40979.800,26.0
40979.945,25.94
40979.996,25.94
40980.114,25.96
40980.209,25.96
40980.329,25.97
40980.412,25.97
40980.525,25.99
40980.621,25.96
40980.717,26.0
40980.824,25.97
40980.900,25.96
40980.998,25.97
40981.099,25.96
40981.204,25.96
40981.282,25.97
40981.383,25.99
40981.483,25.97
40981.581,25.96
40981.692,25.99
40981.844,26.0
40981.883,25.97
40981.991,25.94
40982.082,25.97
40982.177,25.94
40982.275,25.96
40982.395,25.96
40982.493,25.99
40982.592,25.94
40982.685,25.99
40982.782,25.99
40982.878,25.97
40982.984,25.97
40983.094,25.97
40983.192,25.99
40983.287,25.97
40983.397,25.96
40983.494,25.99
40983.591,25.99
40983.684,26.0
40983.787,25.97
40983.907,25.97
40984.005,25.96
40984.087,25.94
40984.221,25.97
40984.315,25.91
40984.369,25.94
40984.479,25.96
40984.623,25.97
40984.721,26.0
40984.822,25.99
40984.866,25.97
40984.984,25.99
40985.131,25.97
40985.234,25.96
40985.292,25.99
40985.369,25.99
40985.471,25.97
40985.582,25.97
40985.680,26.0
40985.765,25.99
40985.871,25.97
40985.984,26.0
40986.079,25.96
40986.177,25.94
40986.293,25.97
40986.371,25.96
40986.469,25.97
40986.565,26.0
40986.662,25.99
41276.773,25.99
41276.869,25.93
41276.969,26.0
41277.071,25.99
41277.190,25.94
41277.288,25.97
41277.398,26.0
41277.484,25.96
41277.584,25.99
41277.682,25.97
41277.807,25.94
41277.903,26.0
41278.000,25.96
41278.098,25.97
41278.202,25.97
41278.298,25.97
41278.418,26.0
41278.498,25.97
41278.611,25.97
41278.702,25.97
41278.821,25.97
41278.910,25.96
41278.962,25.97
41279.055,25.97
41279.150,25.94
41279.256,25.96
41279.363,25.97
41279.467,26.0
41279.567,25.94
41279.668,25.94
41279.753,26.0
41279.858,25.94
41279.969,25.99
41280.067,25.94
41280.163,25.96
41280.272,25.93
41280.364,25.96
41280.459,25.96
41280.557,25.96
41280.653,25.97
41280.766,25.99
41280.866,26.0
41280.959,25.99
41281.072,25.97
41281.158,25.97
41281.278,25.97
41281.375,25.94
41281.483,25.96
41281.577,26.02
41281.675,26.0
41281.805,25.97
41281.893,25.94
41281.991,25.97
41282.089,25.94
41282.184,25.96
41282.307,25.99
41282.403,25.93
41282.457,26.02
41282.609,25.91
41282.712,25.97
41282.761,25.97
41282.908,25.99
41282.949,25.96
41283.045,25.99
41283.143,25.97
41283.244,25.96
41283.348,25.97
41283.457,26.0
41283.562,25.99
41283.667,25.97
41283.739,25.97
41283.859,25.94
41283.937,25.97
41284.054,25.94
41284.153,25.99
41284.250,25.96
41284.378,25.99
41284.457,25.96
41284.537,25.97
41284.638,25.96
41284.758,25.97
41284.869,25.94
41284.954,25.94
41285.033,26.0
41285.158,25.94
41285.243,25.96
41285.346,25.99
41285.483,25.94
41285.569,25.97
41285.670,25.97
41285.790,25.97
41285.896,25.96
41285.988,25.94
41286.089,25.99
41286.185,25.96
41286.302,25.96
41286.405,25.94
41286.432,25.94
41286.530,25.96
41286.704,25.96
41336.731,25.97
41336.827,25.94
41336.951,25.99
41337.037,25.93
41337.214,25.99
41337.244,25.97
41337.342,25.97
41337.446,25.97
41337.547,25.97
41337.648,25.97
41337.731,25.97
41337.829,25.96
41337.932,25.99
41338.050,25.93
41338.138,25.97
41338.258,25.91
41338.342,25.91
41338.445,25.94
41338.554,25.96
41338.652,25.93
41338.788,25.97
41338.854,25.94
41338.976,25.91
41339.059,25.96
41339.160,25.99
41339.223,25.96
41339.322,25.93
41339.430,25.93
41339.538,25.97
41339.660,26.0
41339.748,25.97
41339.888,25.97
41339.962,25.97
41340.084,25.97
41340.180,25.97
41340.302,25.96
41340.329,25.97
41340.423,25.96
41340.522,25.94
41340.626,26.0
41340.726,25.99
41340.849,25.97
41340.920,25.94
41341.016,26.0
41341.131,25.97
41341.233,25.94
41341.344,25.99
41341.418,25.97
41341.516,26.0
41341.619,25.97
41341.729,25.96
41341.822,25.94
41341.927,25.99
41342.028,25.94
41342.138,25.97
41342.236,25.96
41342.336,25.91
41342.437,25.94
41342.538,25.96
41342.650,25.94
41342.726,25.94
41342.829,26.0
41342.908,25.99
41343.013,25.99
41343.114,25.97
41343.222,26.0
41343.329,25.97
41343.435,25.97
41343.567,25.97
41343.606,25.97
41343.758,25.96
41343.810,25.97
41343.976,25.97
41344.006,25.97
41344.170,25.97
41344.272,25.99
41344.322,25.91
41344.418,25.97
41344.513,25.96
41344.611,25.97
41344.714,25.94
41344.817,25.94
41344.920,25.97
41345.035,25.93
41345.103,25.97
41345.202,25.94
41345.304,25.96
41345.402,26.0
41345.511,25.93
41345.611,25.97
41345.712,25.96
41345.815,25.97
41345.918,25.97
41346.021,25.97
41346.138,25.96
41346.224,25.96
41346.322,25.97
41346.440,25.96
41346.505,25.96
41346.638,25.94
41396.734,25.97
41396.834,25.96
41396.942,25.97
41397.030,25.94
41397.150,25.94
41397.204,25.93
41397.312,25.97
41397.412,25.96
41397.516,25.96
41397.652,25.96
41397.702,25.97
41397.795,25.94
41397.897,25.97
41398.000,25.94
41398.104,26.0
41398.204,25.97
41398.309,25.97
41398.410,25.97
41398.493,25.97
41398.599,25.97
41398.711,25.94
41398.807,25.91
41398.905,26.0
41398.994,25.96
41399.130,25.94
41399.202,25.97
41399.300,25.96
41399.393,25.96
41399.489,25.94
41399.609,25.93
41399.707,25.96
41399.812,25.94
41399.920,25.93
41400.018,25.89
41400.114,25.91
41400.226,25.94
41400.322,25.97
41400.420,25.99
41400.523,25.94
41400.619,25.96
41400.738,25.97
41400.837,25.99
41400.886,25.93
41401.033,25.93
41401.084,25.96
41401.246,25.93
41401.283,25.94
41401.383,25.94
41401.548,25.91
41401.604,25.94
41401.696,25.97
41401.793,25.94
41401.890,25.96
41402.062,25.99
41402.131,25.97
41402.182,25.96
41402.283,25.94
41402.386,25.96
41402.491,25.96
41402.589,25.97
41402.697,26.0
41402.800,25.97
41402.898,25.97
41402.994,25.94
41403.096,25.96
41403.192,25.97
41403.288,25.96
41403.386,25.96
41403.491,25.96
41403.599,25.94
41403.697,25.99
41403.795,25.97
41403.900,25.94
41403.994,25.97
41404.116,25.97
41404.222,25.94
41404.310,25.94
41404.407,25.97
41404.527,25.97
41404.609,25.94
41404.729,25.96
41404.824,25.96
41404.878,26.0
41405.028,25.99
41405.079,25.94
41405.239,25.99
41405.290,25.96
41405.375,26.0
41405.469,25.97
41405.570,25.97
41405.668,25.99
41405.788,25.99
41405.886,25.96
41405.994,25.94
41406.084,25.96
41406.177,25.91
41406.275,25.94
41406.381,25.96
41406.473,25.94
41406.569,25.94
41406.685,25.94
41456.795,25.97
41456.880,25.99
41456.976,25.94
41457.072,25.94
41457.187,25.94
41457.282,25.93
41457.378,25.99
41457.500,25.96
41457.599,25.97
41457.692,25.96
41457.793,25.94
41457.898,25.97
41458.011,25.93
41458.108,25.96
41458.204,25.91
41458.310,25.97
41458.408,25.94
41458.508,25.96
41458.560,25.96
41458.729,25.97
41458.761,25.96
41458.924,25.96
41459.000,25.96
41459.065,25.97
41459.160,25.99
41459.258,25.94
41459.369,25.97
41459.472,25.96
41459.570,25.94
41459.665,25.97
41459.760,25.97
41459.866,25.96
41459.976,25.96
41460.076,25.96
41460.172,25.99
41460.268,25.94
41460.366,25.96
41460.471,25.97
41460.572,26.02
41460.699,25.93
41460.758,25.93
41460.883,25.94
41460.966,25.97
41461.065,25.96
41461.175,25.97
41461.277,25.94
41461.356,25.97
41461.478,25.96
41461.577,25.96
41461.687,25.93
41461.783,25.97
41461.900,25.93
41461.986,25.97
41462.106,25.99
41462.202,25.93
41462.307,25.93
41462.349,25.97
41462.508,25.96
41462.606,25.94
41462.719,25.93
41462.748,25.94
41462.913,25.91
41463.015,25.94
41463.111,25.96
41463.217,25.99
41463.263,26.0
41463.359,25.96
41463.457,25.97
41463.554,25.97
41463.652,25.94
41463.748,25.97
41463.847,25.94
41463.945,25.99
41464.043,25.99
41464.147,25.97
41464.256,25.94
41464.356,25.94
41464.452,25.94
41464.557,25.97
41464.653,25.96
41464.753,25.94
41464.854,25.93
41464.973,25.94
41465.070,25.97
41465.168,25.96
41465.246,25.96
41465.381,25.94
41465.474,25.99
41465.577,25.97
41465.685,25.97
41465.782,25.94
41465.878,25.94
41465.984,25.94
41466.096,25.94
41466.197,25.97
41466.293,25.94
41466.395,25.97
41466.445,25.96
41466.559,25.96
41466.636,25.96
41516.741,25.93
41516.841,25.93
41516.942,25.96
41517.052,25.94
41517.150,25.96
41517.236,25.97
41517.339,25.97
41517.452,25.96
41517.555,25.93
41517.650,25.96
41517.748,25.96
41517.844,26.0
41517.942,25.99
41518.037,25.96
41518.133,25.93
41518.233,25.97
41518.331,25.97
41518.449,25.94
41518.555,25.94
41518.645,25.97
41518.744,25.94
41518.864,25.94
41518.942,25.99
41519.062,25.97
41519.163,25.96
41519.258,26.0
41519.361,25.97
41519.456,26.0
41519.579,25.97
41519.660,25.94
41519.772,25.99
41519.866,25.99
41519.986,25.96
41520.027,25.97
41520.187,25.96
41520.285,25.94
41520.393,25.94
41520.484,25.96
41520.540,26.0
41520.631,25.94
41520.731,25.96
41520.829,25.94
41520.925,25.99
41521.025,25.96
41521.128,25.97
41521.241,25.93
41521.408,25.94
41521.437,25.94
41521.543,25.96
41521.638,25.96
41521.741,25.97
41521.864,25.97
41521.940,25.94
41522.040,25.93
41522.121,25.94
41522.229,25.96
41522.329,25.94
41522.432,25.97
41522.535,25.94
41522.618,25.99
41522.739,25.96
41522.826,25.94
41522.967,26.0
41523.033,25.94
41523.158,25.93
41523.251,25.94
41523.332,25.96
41523.500,25.94
41523.574,25.94
41523.668,25.93
41523.770,25.94
41523.869,25.91
41523.972,25.97
41524.022,25.97
41524.121,25.93
41524.214,25.94
41524.312,25.97
41524.479,25.94
41524.530,25.94
41524.623,25.93
41524.722,25.99
41524.827,25.96
41524.924,26.0
41525.022,25.99
41525.121,25.97
41525.214,25.93
41525.329,25.94
41525.427,25.97
41525.540,25.93
41525.623,25.99
41525.719,25.94
41525.815,25.89
41525.908,25.91
41526.020,25.94
41526.116,26.02
41526.236,25.93
41526.317,25.96
41526.437,25.97
41526.533,25.96
41526.641,25.94
41526.709,25.93
41576.809,25.94
41576.908,25.97
41577.052,25.97
41577.121,25.94
41577.228,25.93
41577.351,25.96
41577.452,25.93
41577.550,25.99
41577.670,25.94
41577.750,25.97
41577.809,25.94
41577.898,25.94
41578.065,25.94
41578.111,25.94
41578.214,25.97
41578.310,25.96
41578.410,25.91
41578.503,25.93
41578.599,25.97
41578.719,25.93
41578.817,25.94
41578.915,25.97
41579.013,25.93
41579.108,25.97
41579.238,25.96
41579.315,25.97
41579.398,25.96
41579.496,25.93
41579.625,25.94
41579.714,25.94
41579.810,25.97
41579.910,25.97
41580.003,25.91
41580.106,25.94
41580.209,25.89
41580.315,25.94
41580.408,25.94
41580.516,25.94
41580.592,25.94
41580.699,25.96
41580.802,25.97
41580.905,25.96
41581.015,25.91
41581.140,25.97
41581.190,25.91
41581.288,25.94
41581.462,26.0
41581.491,25.96
41581.653,25.94
41581.753,25.94
41581.788,25.97
41581.897,25.94
41581.998,25.96
41582.094,25.99
41582.204,25.94
41582.302,25.97
41582.398,25.96
41582.521,25.96
41582.616,25.96
41582.690,25.91
41582.785,25.93
41582.888,25.94
41582.998,25.93
41583.094,25.96
41583.190,25.94
41583.300,25.97
41583.397,25.96
41583.494,25.96
41583.591,25.97
41583.697,25.97
41583.812,25.97
41583.910,25.94
41583.991,25.99
41584.099,25.91
41584.219,25.94
41584.317,25.99
41584.427,25.97
41584.501,25.96
41584.582,25.91
41584.695,25.97
41584.817,25.97
41584.937,25.97
41584.994,25.94
41585.138,25.94
41585.201,25.94
41585.305,25.99
41585.380,25.96
41585.484,25.94
41585.591,25.96
41585.689,25.96
41585.785,26.02
41585.895,25.97
41585.974,25.93
41586.077,25.97
41586.196,25.96
41586.293,25.96
41586.388,25.96
41586.486,25.94
41586.591,25.99
41586.689,25.97
39476.783,25.94
39476.880,25.91
39476.976,25.96
39477.092,25.91
39477.190,25.94
39477.322,25.97
39477.396,25.94
39477.493,25.97
39477.587,25.97
39477.682,25.97
39477.805,25.96
39477.902,25.97
39477.998,25.94
39478.104,25.93
39478.201,25.96
39478.297,25.94
39478.405,25.94
39478.513,25.94
39478.631,25.94
39478.729,25.96
39478.812,25.94
39478.932,25.96
39479.028,25.97
39479.136,25.93
39479.229,25.96
39479.280,25.99
39479.380,25.93
39479.474,25.94
39479.572,25.94
39479.673,25.97
39479.768,25.99
39479.871,25.96
39479.984,25.94
39480.081,25.91
39480.185,25.96
39480.285,25.91
39480.381,25.96
39480.466,25.93
39480.565,25.91
39480.677,25.94
39480.780,25.96
39480.881,25.94
39480.974,25.97
39481.070,25.97
39481.168,25.96
39481.273,25.96
39481.381,26.0
39481.479,25.94
39481.570,25.91
39481.709,25.93
39481.798,25.91
39481.896,25.96
39481.994,25.94
39482.086,25.93
39482.212,25.93
39482.309,25.94
39482.407,25.94
39482.513,25.94
39482.609,25.96
39482.709,25.96
39482.760,25.94
39482.859,25.91
39483.021,25.96
39483.119,25.94
39483.224,25.97
39483.315,25.91
39483.366,25.96
39483.464,25.97
39483.570,25.94
39483.668,25.97
39483.771,25.97
39483.868,25.97
39483.954,25.97
39484.050,25.93
39484.170,25.99
39484.251,25.94
39484.351,25.97
39484.493,25.96
39484.567,25.97
39484.650,25.94
39484.761,25.99
39484.869,25.93
39484.966,25.97
39485.060,25.91
39485.158,25.94
39485.278,25.94
39485.381,25.91
39485.469,25.97
39485.589,25.94
39485.687,25.94
39485.795,25.93
39485.893,25.99
39485.945,25.94
39486.119,25.97
39486.163,25.93
39486.293,25.93
39486.344,25.94
39486.484,25.93
39486.599,25.93
39486.653,25.96
39536.751,25.94
39536.854,25.94
39536.959,25.97
39537.055,25.97
39537.155,25.96
39537.255,25.89
39537.356,25.93
39537.452,25.94
39537.549,25.96
39537.657,25.91
39537.753,25.97
39537.864,25.97
39537.957,25.93
39538.045,25.91
39538.141,25.93
39538.241,25.94
39538.347,25.97
39538.442,25.94
39538.538,25.94
39538.658,25.94
39538.760,25.94
39538.853,25.97
39538.949,25.96
39539.059,25.94
39539.170,25.94
39539.268,25.94
39539.361,25.97
39539.471,25.99
39539.567,25.99
39539.687,25.94
39539.793,25.94
39539.834,25.91
39539.988,25.97
39540.084,25.94
39540.184,25.96
39540.234,25.94
39540.358,25.93
39540.466,25.93
39540.572,25.97
39540.694,25.91
39540.744,25.97
39540.896,25.96
39540.937,25.96
39541.035,25.96
39541.133,25.93
39541.229,25.96
39541.334,25.91
39541.435,25.93
39541.545,25.97
39541.630,25.96
39541.739,25.99
39541.837,25.97
39541.934,25.91
39542.043,25.96
39542.138,25.94
39542.239,25.93
39542.337,25.93
39542.435,25.94
39542.530,25.94
39542.653,25.96
39542.746,25.94
39542.848,25.96
39542.942,25.94
39543.062,25.97
39543.146,25.94
39543.266,25.91
39543.364,25.97
39543.469,25.96
39543.555,25.96
39543.675,25.94
39543.772,25.99
39543.881,25.96
39543.979,25.96
39544.077,25.93
39544.128,25.94
39544.228,25.94
39544.349,25.99
39544.432,25.91
39544.532,25.93
39544.619,25.93
39544.739,25.94
39544.824,25.94
39544.940,25.96
39545.016,25.94
39545.123,25.94
39545.219,25.89
39545.329,25.94
39545.427,25.94
39545.525,25.94
39545.619,25.91
39545.717,25.93
39545.815,25.96
39545.935,25.91
39546.043,25.89
39546.114,25.97
39546.234,25.94
39546.332,25.94
39546.423,25.93
39546.542,25.93
39546.643,25.94
39596.736,25.97
39596.847,25.89
39596.944,25.93
39597.038,25.93
39597.143,25.93
39597.256,25.93
39597.353,25.96
39597.447,25.94
39597.555,25.96
39597.631,25.91
39597.775,25.94
39597.880,25.94
39597.969,25.93
39598.018,25.93
39598.109,25.96
39598.266,25.91
39598.322,25.96
39598.415,25.93
39598.520,25.93
39598.618,25.96
39598.728,25.97
39598.824,25.94
39598.925,25.93
39599.006,25.94
39599.118,25.97
39599.206,25.94
39599.310,25.94
39599.422,25.97
39599.545,25.94
39599.606,25.94
39599.716,25.94
39599.817,25.96
39599.925,25.91
39600.021,25.91
39600.130,25.97
39600.226,25.93
39600.322,25.93
39600.417,25.94
39600.518,25.96
39600.638,25.94
39600.734,25.94
39600.827,25.96
39600.949,25.94
39601.049,25.91
39601.145,25.93
39601.255,25.93
39601.351,25.91
39601.454,25.94
39601.554,25.94
39601.601,25.93
39601.761,25.96
39601.859,25.88
39601.966,25.94
39602.062,25.93
39602.116,25.97
39602.206,25.91
39602.314,25.94
39602.410,25.96
39602.506,25.91
39602.604,25.96
39602.704,25.94
39602.799,25.97
39602.897,25.96
39602.993,25.93
39603.094,25.94
39603.212,25.94
39603.312,25.94
39603.391,25.89
39603.506,25.93
39603.604,25.96
39603.699,25.93
39603.804,25.94
39603.898,25.96
39604.018,25.93
39604.126,25.94
39604.219,25.97
39604.307,25.93
39604.429,25.91
39604.538,25.94
39604.636,25.94
39604.731,25.94
39604.832,25.94
39604.896,25.97
39604.994,25.91
39605.096,25.91
39605.229,25.91
39605.307,25.96
39605.418,25.96
39605.494,25.94
39605.597,25.94
39605.750,25.91
39605.802,25.94
39605.962,25.93
39606.003,25.97
39606.084,25.94
39606.182,25.93
39606.285,25.96
39606.400,25.93
39606.494,25.96
39606.594,25.96
39606.701,25.96
39656.788,25.94
39656.885,25.96
39656.983,25.93
39657.089,25.93
39657.185,25.96
39657.282,25.91
39657.378,25.91
39657.503,25.91
39657.599,25.94
39657.695,25.94
39657.807,25.94
39657.913,25.96
39658.010,25.96
39658.106,25.94
39658.214,25.96
39658.288,25.91
39658.408,25.91
39658.537,25.96
39658.609,25.93
39658.728,25.97
39658.824,25.96
39658.917,25.94
39659.042,25.94
39659.136,25.94
39659.231,25.94
39659.341,25.93
39659.439,25.93
39659.538,25.88
39659.591,25.93
39659.687,25.93
39659.785,25.96
39659.881,25.94
39660.050,25.94
39660.077,25.93
39660.195,25.93
39660.273,25.93
39660.398,25.93
39660.481,25.91
39660.582,25.94
39660.692,25.91
39660.787,25.94
39660.880,25.94
39660.976,25.93
39661.074,25.94
39661.180,25.89
39661.273,25.91
39661.393,25.93
39661.476,25.93
39661.589,25.96
39661.690,25.94
39661.788,25.91
39661.888,25.88
39662.008,25.94
39662.104,25.93
39662.211,25.94
39662.273,25.93
39662.418,25.89
39662.513,25.96
39662.623,25.97
39662.719,25.91
39662.815,25.91
39662.866,25.91
39663.016,25.93
39663.067,25.93
39663.165,25.93
39663.261,25.93
39663.361,25.93
39663.527,25.93
39663.579,25.89
39663.680,25.93
39663.780,25.91
39663.875,25.94
39663.974,25.88
39664.072,25.94
39664.179,25.93
39664.280,25.91
39664.359,25.96
39664.461,25.94
39664.571,25.96
39664.673,25.96
39664.785,25.94
39664.863,25.97
39664.962,25.93
39665.074,25.96
39665.162,25.94
39665.263,25.94
39665.385,25.94
39665.489,25.91
39665.589,25.93
39665.685,25.94
39665.783,25.93
39665.890,25.88
39665.998,25.93
39666.094,25.94
39666.194,25.89
39666.298,25.93
39666.396,25.94
39666.515,25.94
39666.621,25.94
39716.711,25.94
39716.810,25.94
39716.859,25.93
39716.961,25.96
39717.057,25.94
39717.153,25.94
39717.251,25.91
39717.359,25.93
39717.449,25.94
39717.552,25.89
39717.652,25.94
39717.748,25.91
39717.848,25.91
39718.040,25.96
39718.048,25.91
39718.160,25.94
39718.256,25.93
39718.361,25.91
39718.459,25.97
39718.543,25.91
39718.650,25.96
39718.756,25.94
39718.871,25.97
39718.961,25.94
39719.057,25.96
39719.163,25.93
39719.263,25.93
39719.369,25.93
39719.451,25.94
39719.584,25.94
39719.679,25.94
39719.778,25.94
39719.873,25.97
39720.000,25.94
39720.094,25.94
39720.192,25.91
39720.248,25.93
39720.339,25.89
39720.503,25.94
39720.601,25.91
39720.709,25.97
39720.805,25.91
39720.900,25.89
39720.954,25.91
39721.057,25.93
39721.148,25.88
39721.246,25.94
39721.344,25.93
39721.445,25.96
39721.547,25.99
39721.641,25.97
39721.765,25.91
39721.844,25.93
39721.942,25.96
39722.038,25.97
39722.135,25.97
39722.246,25.94
39722.342,25.91
39722.440,25.93
39722.545,25.96
39722.643,25.94
39722.761,25.94
39722.869,25.93
39722.961,25.93
39723.042,25.91
39723.150,25.94
39723.251,25.97
39723.354,25.94
39723.435,25.94
39723.545,25.93
39723.646,25.93
39723.753,25.93
39723.875,25.97
39723.971,25.93
39724.086,25.91
39724.182,25.97
39724.231,25.97
39724.388,25.91
39724.440,25.96
39724.530,25.94
39724.626,25.94
39724.729,25.93
39724.832,25.93
39724.930,25.94
39725.027,25.96
39725.143,25.97
39725.239,25.94
39725.342,25.93
39725.442,25.97
39725.537,25.94
39725.625,25.93
39725.724,25.91
39725.834,25.97
39725.932,25.93
39726.028,25.91
39726.128,25.93
39726.222,25.94
39726.342,25.94
39726.437,25.96
39726.543,25.96
39726.631,25.94
39776.756,25.91
39776.849,25.89
39776.957,25.91
39777.052,25.91
39777.148,25.94
39777.280,25.94
39777.348,25.93
39777.469,25.94
39777.565,25.94
39777.646,25.91
39777.756,25.91
39777.878,25.94
39777.969,25.94
39778.013,25.96
39778.118,25.93
39778.214,25.93
39778.383,25.96
39778.422,25.96
39778.518,25.89
39778.648,25.93
39778.793,25.93
39778.822,25.94
39778.932,25.91
39779.013,25.94
39779.116,25.96
39779.243,25.91
39779.327,25.93
39779.410,25.94
39779.523,25.91
39779.619,25.97
39779.716,25.88
39779.812,25.91
39779.920,25.94
39780.016,25.94
39780.113,25.94
39780.219,25.93
39780.332,25.97
39780.429,25.94
39780.527,25.96
39780.631,25.94
39780.726,25.93
39780.849,25.94
39780.954,25.93
39781.035,25.93
39781.155,25.97
39781.250,25.91
39781.341,25.88
39781.461,25.91
39781.559,25.97
39781.653,25.93
39781.758,25.93
39781.809,25.94
39781.902,25.94
39782.023,25.94
39782.106,25.97
39782.207,25.94
39782.302,25.91
39782.440,25.91
39782.518,25.96
39782.603,25.91
39782.706,25.94
39782.815,25.93
39782.910,25.91
39783.013,25.93
39783.109,25.94
39783.202,25.94
39783.300,25.91
39783.423,25.94
39783.498,25.91
39783.616,25.91
39783.719,25.94
39783.814,25.91
39783.902,25.93
39784.006,25.94
39784.126,25.93
39784.197,25.97
39784.329,25.93
39784.427,25.97
39784.525,25.93
39784.631,25.94
39784.739,25.93
39784.837,25.97
39784.935,25.93
39785.042,25.96
39785.136,25.93
39785.234,25.93
39785.390,25.96
39785.393,25.94
39785.554,25.89
39785.652,25.91
39785.697,25.93
39785.802,25.88
39785.896,25.91
39785.993,25.91
39786.099,25.97
39786.204,25.93
39786.302,25.91
39786.398,25.91
39786.494,25.93
39786.611,25.96
39786.707,25.94
40076.788,25.88
40076.903,25.93
40076.998,25.93
40077.096,25.94
40077.202,25.91
40077.307,25.93
40077.403,25.93
40077.500,25.89
40077.587,25.93
40077.711,25.94
40077.807,25.94
40077.900,25.91
40077.998,25.93
40078.099,25.94
40078.202,25.93
40078.305,25.89
40078.383,25.93
40078.491,25.91
40078.592,25.94
40078.696,25.91
40078.797,25.91
40078.900,25.91
40079.003,25.91
40079.108,25.91
40079.182,25.91
40079.280,25.91
40079.381,25.89
40079.543,25.88
40079.638,25.93
40079.692,25.96
40079.800,25.91
40079.900,25.94
40079.984,25.93
40080.081,25.93
40080.180,25.93
40080.275,25.93
40080.397,25.91
40080.476,25.94
40080.579,25.91
40080.699,25.96
40080.797,25.89
40080.878,25.93
40080.989,25.91
40081.084,25.93
40081.182,25.94
40081.288,25.94
40081.385,25.93
40081.505,25.99
40081.613,25.93
40081.701,25.88
40081.798,25.94
40081.898,25.97
40081.991,25.93
40082.116,25.93
40082.212,25.89
40082.309,25.93
40082.417,25.93
40082.515,25.91
40082.609,25.91
40082.685,25.93
40082.829,25.94
40082.927,25.93
40083.023,25.94
40083.126,25.94
40083.177,25.96
40083.275,25.91
40083.369,25.93
40083.474,25.93
40083.576,25.94
40083.741,25.93
40083.770,25.94
40083.881,25.93
40083.986,25.94
40084.072,25.91
40084.214,25.93
40084.270,25.93
40084.369,25.93
40084.474,25.94
40084.574,25.93
40084.684,25.93
40084.768,25.93
40084.864,25.93
40084.964,25.93
40085.071,25.93
40085.175,25.93
40085.287,25.94
40085.376,25.94
40085.462,25.93
40085.582,25.94
40085.699,25.88
40085.768,25.91
40085.888,25.91
40085.984,25.97
40086.092,25.93
40086.212,25.91
40086.309,25.88
40086.390,25.91
40086.498,25.97
40086.616,25.89
40136.714,25.88
40136.758,25.91
40136.923,25.97
40137.021,25.94
40137.126,25.94
40137.168,25.94
40137.272,25.93
40137.422,25.93
40137.537,25.91
40137.564,25.89
40137.660,25.93
40137.758,25.93
40137.859,25.93
40137.972,25.91
40138.071,25.88
40138.173,25.89
40138.261,25.93
40138.356,25.94
40138.456,25.96
40138.550,25.96
40138.663,25.89
40138.761,25.91
40138.859,25.94
40138.962,25.94
40139.076,25.91
40139.170,25.96
40139.268,25.91
40139.373,25.93
40139.498,25.93
40139.594,25.91
40139.670,25.93
40139.766,25.89
40139.849,25.93
40139.949,25.94
40140.065,25.91
40140.158,25.91
40140.261,25.91
40140.432,25.93
40140.466,25.93
40140.567,25.89
40140.673,25.96
40140.748,25.89
40140.847,25.94
40140.959,25.91
40141.062,25.94
40141.212,25.93
40141.248,25.93
40141.344,25.94
40141.462,25.88
40141.557,25.93
40141.655,25.91
40141.751,25.94
40141.856,25.93
40141.947,25.93
40142.045,25.93
40142.141,25.93
40142.272,25.93
40142.363,25.91
40142.456,25.93
40142.552,25.97
40142.638,25.93
40142.750,25.91
40142.869,25.93
40142.966,25.93
40143.050,25.94
40143.170,25.91
40143.268,25.93
40143.371,25.97
40143.459,25.88
40143.579,25.93
40143.677,25.93
40143.783,25.96
40143.834,25.91
40143.942,25.91
40144.045,25.93
40144.155,25.89
40144.253,25.89
40144.356,25.94
40144.432,25.91
40144.589,25.93
40144.641,25.94
40144.744,25.97
40144.841,25.94
40144.944,25.94
40145.035,25.88
40145.153,25.96
40145.234,25.91
40145.354,25.94
40145.449,25.96
40145.547,25.89
40145.646,25.93
40145.744,25.96
40145.841,25.94
40145.945,25.91
40146.038,25.94
40146.135,25.94
40146.231,25.93
40146.327,25.94
40146.452,25.91
40146.545,25.93
40146.641,25.93
40196.750,25.93
40196.847,25.94
40196.946,25.91
40197.049,25.91
40197.160,25.91
40197.263,25.93
40197.364,25.91
40197.467,25.94
40197.570,25.91
40197.680,25.93
40197.783,25.93
40197.876,25.94
40197.979,25.93
40198.082,25.88
40198.192,25.91
40198.221,25.94
40198.391,25.97
40198.518,25.91
40198.535,25.93
40198.631,25.86
40198.729,25.94
40198.831,25.91
40198.934,25.91
40199.035,25.91
40199.135,25.89
40199.253,25.96
40199.327,25.96
40199.430,25.93
40199.530,25.91
40199.619,25.93
40199.716,25.97
40199.839,25.94
40199.935,25.94
40200.030,25.96
40200.131,25.91
40200.228,25.94
40200.327,25.91
40200.449,25.91
40200.523,25.91
40200.645,25.94
40200.722,25.88
40200.856,25.91
40200.952,25.91
40201.052,25.91
40201.168,25.91
40201.263,25.89
40201.361,25.93
40201.456,25.89
40201.565,25.91
40201.665,25.89
40201.768,25.91
40201.871,25.93
40201.973,25.89
40202.077,25.93
40202.192,25.91
40202.211,25.89
40202.383,25.93
40202.413,25.89
40202.508,25.91
40202.626,25.94
40202.717,25.88
40202.826,25.93
40202.927,25.93
40203.025,25.93
40203.109,25.94
40203.211,25.94
40203.319,25.91
40203.417,25.93
40203.518,25.94
40203.619,25.94
40203.714,25.91
40203.822,25.91
40203.905,25.88
40204.028,25.91
40204.109,25.93
40204.214,25.93
40204.321,25.96
40204.442,25.91
40204.506,25.91
40204.626,25.93
40204.711,25.88
40204.841,25.91
40204.937,25.86
40205.035,25.88
40205.131,25.93
40205.246,25.91
40205.339,25.91
40205.462,25.93
40205.545,25.93
40205.665,25.93
40205.719,25.91
40205.868,25.94
40205.956,25.91
40206.008,25.89
40206.113,25.91
40206.207,25.94
40206.302,25.91
40206.403,25.88
40206.501,25.93
40206.603,25.91
40256.716,25.88
40256.815,25.94
40256.915,25.94
40257.001,25.94
40257.097,25.91
40257.194,25.93
40257.339,25.88
40257.415,25.91
40257.510,25.93
40257.608,25.91
40257.704,25.89
40257.814,25.93
40257.913,25.88
40258.013,25.94
40258.116,25.94
40258.214,25.89
40258.307,25.91
40258.440,25.91
40258.513,25.91
40258.619,25.93
40258.695,25.91
40258.844,25.93
40258.907,25.93
40259.033,25.93
40259.116,25.91
40259.244,25.91
40259.341,25.91
40259.393,25.89
40259.543,25.94
40259.587,25.93
40259.751,25.94
40259.849,25.89
40259.956,25.94
40259.984,25.94
40260.096,25.89
40260.192,25.94
40260.300,25.91
40260.400,25.93
40260.494,25.91
40260.598,25.91
40260.689,25.91
40260.787,25.86
40260.886,25.89
40260.984,25.94
40261.084,25.96
40261.182,25.91
40261.282,25.89
40261.403,25.93
40261.500,25.93
40261.599,25.94
40261.696,25.91
40261.788,25.93
40261.908,25.88
40262.006,25.89
40262.114,25.93
40262.199,25.88
40262.320,25.91
40262.396,25.91
40262.528,25.88
40262.582,25.91
40262.690,25.94
40262.793,25.91
40262.898,25.93
40262.998,25.91
40263.104,25.93
40263.217,25.93
40263.280,25.94
40263.442,25.91
40263.540,25.94
40263.587,25.94
40263.680,25.88
40263.782,25.91
40263.954,25.88
40263.996,25.94
40264.089,25.94
40264.190,25.91
40264.285,25.91
40264.393,25.89
40264.489,25.89
40264.587,25.96
40264.687,25.89
40264.775,25.94
40264.873,25.91
40264.967,25.94
40265.091,25.91
40265.189,25.88
40265.283,25.86
40265.383,25.91
40265.491,25.91
40265.589,25.91
40265.682,25.89
40265.790,25.89
40265.903,25.88
40266.001,25.91
40266.103,25.89
40266.201,25.91
40266.277,25.89
40266.398,25.91
40266.525,25.93
40266.616,25.88
40266.709,25.91
40316.807,25.91
40316.937,25.93
40316.964,25.88
40317.062,25.88
40317.194,25.94
40317.302,25.91
40317.410,25.93
40317.462,25.93
40317.564,25.91
40317.675,25.86
40317.772,25.96
40317.869,25.91
40317.971,25.93
40318.072,25.89
40318.170,25.91
40318.273,25.94
40318.363,25.94
40318.479,25.91
40318.581,25.91
40318.675,25.91
40318.773,25.93
40318.871,25.94
40318.969,25.93
40319.065,25.88
40319.168,25.86
40319.285,25.88
40319.380,25.97
40319.464,25.91
40319.579,25.91
40319.697,25.94
40319.792,25.94
40319.900,25.89
40320.000,25.91
40320.097,25.94
40320.201,25.93
40320.265,25.91
40320.412,25.93
40320.532,25.91
40320.611,25.91
40320.709,25.88
40320.805,25.86
40320.908,25.88
40320.959,25.91
40321.064,25.89
40321.153,25.89
40321.256,25.89
40321.373,25.91
40321.467,25.89
40321.565,25.91
40321.672,25.91
40321.763,25.91
40321.859,25.91
40321.957,25.89
40322.060,25.96
40322.170,25.88
40322.268,25.89
40322.369,25.88
40322.449,25.94
40322.570,25.91
40322.665,25.91
40322.773,25.94
40322.849,25.93
40322.969,25.91
40323.067,25.89
40323.155,25.91
40323.275,25.88
40323.373,25.91
40323.462,25.94
40323.576,25.94
40323.673,25.94
40323.793,25.89
40323.876,25.89
40323.993,25.89
40324.089,25.88
40324.187,25.88
40324.287,25.91
40324.408,25.91
40324.501,25.91
40324.609,25.89
40324.697,25.88
40324.748,25.96
40324.842,25.93
40325.023,25.88
40325.050,25.88
40325.148,25.91
40325.244,25.91
40325.344,25.94
40325.457,25.89
40325.540,25.88
40325.662,25.91
40325.748,25.91
40325.846,25.86
40325.944,25.94
40326.038,25.89
40326.150,25.91
40326.244,25.88
40326.342,25.94
40326.449,25.91
40326.537,25.89
40326.658,25.91
40376.734,25.88
40376.859,25.91
40376.946,25.93
40377.055,25.94
40377.136,25.93
40377.243,25.91
40377.366,25.94
40377.461,25.91
40377.550,25.93
40377.684,25.91
40377.778,25.91
40377.876,25.94
40377.988,25.89
40378.082,25.86
40378.177,25.89
40378.229,25.91
40378.334,25.94
40378.494,25.93
40378.587,25.93
40378.697,25.93
40378.795,25.93
40378.848,25.94
40378.939,25.88
40379.043,25.96
40379.148,25.91
40379.244,25.88
40379.341,25.94
40379.427,25.88
40379.528,25.88
40379.646,25.91
40379.756,25.93
40379.839,25.88
40379.937,25.91
40380.035,25.89
40380.170,25.88
40380.241,25.89
40380.339,25.91
40380.437,25.96
40380.535,25.93
40380.633,25.94
40380.744,25.89
40380.821,25.91
40380.927,25.94
40381.048,25.93
40381.143,25.91
40381.244,25.91
40381.366,25.94
40381.462,25.94
40381.559,25.91
40381.660,25.94
40381.758,25.91
40381.878,25.93
40381.962,25.91
40382.074,25.89
40382.121,25.91
40382.285,25.94
40382.371,25.89
40382.423,25.91
40382.520,25.91
40382.616,25.91
40382.945,25.91
40383.030,25.93
40383.131,25.94
40383.234,25.88
40383.331,25.93
40383.430,25.89
40383.530,25.91
40383.633,25.91
40383.717,25.89
40383.821,25.89
40383.917,25.93
40384.020,25.91
40384.119,25.88
40384.236,25.91
40384.312,25.96
40384.435,25.91
40384.533,25.85
40384.648,25.91
40384.741,25.91
40384.837,25.93
40384.944,25.91
40385.013,25.91
40385.111,25.93
40385.217,25.89
40385.324,25.91
40385.427,25.91
40385.535,25.93
40385.650,25.91
40385.771,25.91
40385.866,25.94
40385.964,25.91
40386.072,25.91
40386.168,25.88
40386.217,25.93
40386.310,25.88
40386.420,25.93
40386.515,25.89
40386.613,25.93
40386.709,25.91
40676.810,25.91
40676.905,25.91
40677.003,25.91
40677.104,25.93
40677.219,25.91
40677.320,25.93
40677.415,25.89
40677.516,25.89
40677.613,25.89
40677.709,25.89
40677.802,25.89
40677.910,25.91
40678.005,25.91
40678.126,25.91
40678.209,25.88
40678.320,25.91
40678.413,25.93
40678.538,25.91
40678.646,25.86
40678.721,25.96
40678.802,25.94
40678.900,25.91
40679.006,25.93
40679.109,25.88
40679.214,25.93
40679.354,25.89
40679.427,25.89
40679.548,25.89
40679.599,25.91
40679.702,25.91
40679.795,25.93
40679.961,25.91
40680.043,25.89
40680.109,25.93
40680.207,25.89
40680.302,25.94
40680.413,25.86
40680.515,25.93
40680.611,25.93
40680.709,25.88
40680.810,25.93
40680.893,25.91
40681.011,25.94
40681.109,25.89
40681.192,25.89
40681.293,25.91
40681.410,25.91
40681.515,25.88
40681.611,25.94
40681.712,25.93
40681.807,25.93
40681.898,25.94
40682.021,25.93
40682.119,25.89
40682.214,25.91
40682.320,25.96
40682.415,25.91
40682.511,25.91
40682.616,25.94
40682.726,25.89
40682.824,25.93
40682.918,25.89
40683.030,25.89
40683.126,25.94
40683.246,25.94
40683.353,25.89
40683.395,25.88
40683.548,25.94
40683.601,25.91
40683.684,25.91
40683.785,25.88
40683.888,25.94
40683.991,25.91
40684.087,25.89
40684.202,25.91
40684.304,25.88
40684.388,25.85
40684.483,25.91
40684.598,25.88
40684.694,25.88
40684.792,25.88
40684.891,25.94
40684.986,25.91
40685.082,25.89
40685.192,25.93
40685.280,25.93
40685.400,25.93
40685.494,25.89
40685.603,25.91
40685.699,25.93
40685.795,25.94
40685.888,25.94
40685.989,25.91
40686.113,25.89
40686.207,25.91
40686.292,25.93
40686.402,25.91
40686.522,25.89
40686.618,25.96
40736.729,25.89
40736.826,25.88
40736.924,25.89
40737.030,25.94
40737.136,25.91
40737.234,25.91
40737.331,25.94
40737.439,25.91
40737.535,25.91
40737.587,25.86
40737.689,25.89
40737.787,25.86
40737.883,25.91
40737.984,25.94
40738.082,25.93
40738.177,25.93
40738.285,25.91
40738.371,25.88
40738.498,25.89
40738.586,25.93
40738.685,25.93
40738.785,25.91
40738.891,25.88
40738.969,25.91
40739.070,25.93
40739.175,25.91
40739.273,25.93
40739.393,25.86
40739.479,25.88
40739.601,25.91
40739.684,25.91
40739.770,25.88
40739.888,25.88
40739.984,25.91
40740.079,25.93
40740.202,25.89
40740.300,25.93
40740.405,25.93
40740.501,25.89
40740.599,25.89
40740.702,25.89
40740.817,25.91
40740.915,25.88
40740.967,25.89
40741.116,25.88
40741.167,25.91
40741.263,25.89
40741.361,25.91
40741.462,25.91
40741.626,25.89
40741.680,25.91
40741.773,25.89
40741.873,25.94
40741.969,25.91
40742.072,25.91
40742.174,25.91
40742.261,25.89
40742.358,25.93
40742.457,25.91
40742.569,25.89
40742.665,25.91
40742.761,25.91
40742.858,25.85
40742.978,25.91
40743.072,25.88
40743.172,25.91
40743.273,25.86
40743.366,25.93
40743.467,25.91
40743.572,25.91
40743.689,25.89
40743.777,25.91
40743.856,25.85
40743.959,25.88
40744.067,25.88
40744.187,25.86
40744.307,25.88
40744.376,25.91
40744.511,25.91
40744.608,25.91
40744.704,25.89
40744.814,25.89
40744.913,25.91
40745.008,25.88
40745.059,25.88
40745.160,25.89
40745.256,25.91
40745.354,25.93
40745.449,25.88
40745.548,25.85
40745.670,25.94
40745.765,25.91
40745.848,25.89
40745.962,25.88
40746.059,25.91
40746.153,25.89
40746.260,25.89
40746.353,25.91
40746.451,25.91
40746.547,25.88
40746.653,25.91
40796.751,25.88
40796.878,25.88
40796.956,25.93
40797.062,25.93
40797.162,25.93
40797.260,25.88
40797.368,25.89
40797.459,25.88
40797.582,25.91
40797.685,25.91
40797.773,25.88
40797.893,25.91
40797.988,25.89
40798.097,25.91
40798.192,25.89
40798.248,25.91
40798.351,25.93
40798.459,25.89
40798.562,25.89
40798.667,25.89
40798.741,25.91
40798.837,25.86
40798.940,25.89
40799.038,25.86
40799.155,25.91
40799.236,25.91
40799.341,25.91
40799.435,25.91
40799.548,25.91
40799.657,25.94
40799.739,25.91
40799.841,25.91
40799.937,25.86
40800.033,25.91
40800.136,25.91
40800.256,25.89
40800.354,25.91
40800.437,25.89
40800.533,25.93
40800.648,25.89
40800.738,25.88
40800.844,25.91
40800.957,25.89
40801.062,25.93
40801.160,25.89
40801.256,25.88
40801.361,25.94
40801.469,25.88
40801.567,25.93
40801.663,25.91
40801.772,25.89
40801.868,25.94
40801.964,25.89
40802.096,25.89
40802.184,25.89
40802.280,25.91
40802.332,25.94
40802.427,25.91
40802.528,25.93
40802.623,25.93
40802.790,25.88
40802.832,25.94
40802.939,25.86
40803.035,25.91
40803.131,25.93
40803.224,25.91
40803.344,25.89
40803.440,25.89
40803.611,25.91
40803.640,25.91
40803.734,25.91
40803.831,25.88
40803.932,25.89
40804.038,25.94
40804.125,25.93
40804.226,25.93
40804.322,25.89
40804.432,25.93
40804.533,25.91
40804.638,25.89
40804.741,25.93
40804.842,25.94
40804.939,25.91
40805.045,25.93
40805.145,25.93
40805.226,25.91
40805.329,25.88
40805.437,25.91
40805.555,25.93
40805.641,25.89
40805.768,25.96
40805.848,25.91
40805.967,25.91
40806.065,25.91
40806.182,25.91
40806.278,25.88
40806.375,25.91
40806.476,25.91
40806.528,25.89
40806.621,25.94
40856.719,25.93
40856.822,25.89
40856.918,25.88
40857.021,25.91
40857.118,25.91
40857.243,25.96
40857.314,25.91
40857.432,25.91
40857.530,25.88
40857.618,25.91
40857.712,25.88
40857.832,25.91
40857.908,25.86
40858.016,25.91
40858.121,25.89
40858.221,25.88
40858.327,25.89
40858.420,25.91
40858.515,25.89
40858.636,25.93
40858.744,25.94
40858.827,25.91
40858.946,25.89
40859.043,25.88
40859.155,25.93
40859.255,25.89
40859.349,25.88
40859.447,25.93
40859.549,25.89
40859.647,25.94
40859.766,25.91
40859.854,25.91
40859.962,25.89
40860.062,25.94
40860.111,25.88
40860.214,25.91
40860.310,25.94
40860.410,25.89
40860.508,25.94
40860.606,25.93
40860.702,25.94
40860.824,25.91
40860.922,25.94
40861.018,25.91
40861.116,25.88
40861.212,25.93
40861.317,25.89
40861.412,25.93
40861.508,25.89
40861.604,25.91
40861.707,25.91
40861.802,25.91
40861.923,25.91
40862.022,25.94
40862.121,25.91
40862.217,25.94
40862.315,25.93
40862.420,25.89
40862.530,25.93
40862.618,25.93
40862.719,25.88
40862.831,25.91
40862.927,25.93
40863.003,25.88
40863.101,25.89
40863.209,25.91
40863.315,25.93
40863.422,25.91
40863.537,25.94
40863.628,25.88
40863.748,25.86
40863.802,25.88
40863.957,25.94
40864.057,25.93
40864.106,25.88
40864.199,25.91
40864.307,25.88
40864.405,25.93
40864.501,25.91
40864.672,25.88
40864.699,25.94
40864.798,25.88
40864.891,25.88
40864.991,25.89
40865.097,25.89
40865.196,25.89
40865.292,25.88
40865.403,25.88
40865.501,25.88
40865.599,25.93
40865.694,25.88
40865.797,25.91
40865.891,25.88
40866.015,25.91
40866.098,25.88
40866.185,25.86
40866.307,25.93
40866.403,25.89
40866.506,25.88
40866.626,25.89
40916.723,25.93
40916.831,25.93
40916.917,25.85
40916.991,25.91
40917.099,25.91
40917.241,25.89
40917.297,25.91
40917.397,25.88
40917.501,25.89
40917.609,25.88
40917.685,25.93
40917.792,25.88
40917.895,25.86
40917.979,25.89
40918.097,25.91
40918.180,25.91
40918.300,25.88
40918.400,25.91
40918.494,25.89
40918.591,25.91
40918.695,25.88
40918.793,25.91
40918.886,25.93
40918.981,25.93
40919.079,25.91
40919.177,25.91
40919.295,25.91
40919.403,25.89
40919.494,25.94
40919.591,25.91
40919.690,25.91
40919.785,25.91
40919.905,25.88
40920.003,25.88
40920.101,25.91
40920.207,25.91
40920.305,25.88
40920.403,25.88
40920.503,25.91
40920.616,25.91
40920.712,25.89
40920.807,25.91
40920.915,25.86
40921.011,25.91
40921.131,25.94
40921.239,25.91
40921.329,25.89
40921.403,25.89
40921.479,25.91
40921.571,25.91
40921.675,25.94
40921.770,25.93
40921.868,25.88
40921.974,25.89
40922.079,25.89
40922.185,25.88
40922.270,25.91
40922.368,25.89
40922.476,25.86
40922.581,25.89
40922.665,25.88
40922.782,25.94
40922.878,25.86
40922.974,25.89
40923.077,25.91
40923.165,25.89
40923.285,25.91
40923.381,25.89
40923.491,25.88
40923.587,25.96
40923.684,25.89
40923.777,25.93
40923.881,25.89
40924.005,25.88
40924.101,25.86
40924.187,25.86
40924.288,25.85
40924.410,25.91
40924.513,25.91
40924.616,25.91
40924.668,25.88
40924.815,25.88
40924.915,25.91
40924.959,25.86
40925.062,25.88
40925.155,25.89
40925.327,25.93
40925.356,25.91
40925.522,25.93
40925.574,25.91
40925.675,25.93
40925.771,25.91
40925.866,25.91
40925.964,25.91
40926.064,25.94
40926.184,25.94
40926.256,25.88
40926.354,25.88
40926.456,25.91
40926.565,25.91
40926.695,25.88
40976.751,25.93
40976.863,25.89
40976.961,25.88
40977.064,25.88
40977.163,25.88
40977.248,25.85
40977.369,25.91
40977.457,25.86
40977.579,25.94
40977.677,25.89
40977.778,25.91
40977.873,25.91
40977.994,25.88
40978.091,25.86
40978.187,25.88
40978.290,25.88
40978.388,25.91
40978.486,25.91
40978.564,25.93
40978.647,25.89
40978.810,25.91
40978.905,25.88
40978.957,25.86
40979.049,25.86
40979.150,25.91
40979.244,25.93
40979.351,25.88
40979.454,25.89
40979.550,25.88
40979.650,25.91
40979.761,25.86
40979.856,25.93
40979.961,25.91
40980.060,25.86
40980.150,25.91
40980.244,25.88
40980.342,25.91
40980.449,25.86
40980.549,25.88
40980.645,25.88
40980.741,25.91
40980.864,25.91
40980.957,25.91
40981.049,25.86
40981.163,25.88
40981.253,25.88
40981.359,25.88
40981.435,25.89
40981.572,25.91
40981.643,25.89
40981.746,25.91
40981.849,25.88
40981.952,25.91
40982.052,25.89
40982.160,25.93
40982.280,25.93
40982.366,25.89
40982.489,25.91
40982.540,25.93
40982.633,25.89
40982.734,25.93
40982.898,25.91
40982.949,25.91
40983.048,25.94
40983.145,25.89
40983.241,25.91
40983.339,25.89
40983.435,25.89
40983.538,25.91
40983.631,25.89
40983.736,25.91
40983.849,25.88
40983.947,25.89
40984.027,25.89
40984.172,25.89
40984.244,25.89
40984.341,25.88
40984.440,25.88
40984.538,25.88
40984.638,25.91
40984.758,25.91
40984.837,25.94
40984.949,25.89
40985.069,25.91
40985.165,25.86
40985.256,25.86
40985.349,25.86
40985.469,25.89
40985.572,25.89
40985.658,25.89
40985.778,25.88
40985.875,25.91
40985.984,25.89
40986.079,25.91
40986.135,25.93
40986.241,25.86
40986.342,25.91
40986.446,25.89
40986.523,25.85
40986.626,25.89
41276.722,25.89
41276.837,25.89
41276.935,25.85
41277.043,25.91
41277.128,25.88
41277.224,25.93
41277.329,25.89
41277.434,25.91
41277.530,25.93
41277.636,25.86
41277.731,25.86
41277.821,25.93
41277.918,25.86
41278.015,25.89
41278.145,25.89
41278.238,25.88
41278.334,25.91
41278.430,25.91
41278.523,25.89
41278.650,25.93
41278.748,25.89
41278.844,25.88
41278.949,25.91
41279.047,25.91
41279.145,25.91
41279.248,25.91
41279.363,25.91
41279.459,25.88
41279.557,25.88
41279.658,25.91
41279.751,25.88
41279.871,25.89
41279.984,25.91
41280.074,25.86
41280.170,25.91
41280.219,25.91
41280.314,25.86
41280.417,25.86
41280.515,25.86
41280.613,25.88
41280.717,25.88
41280.829,25.91
41280.925,25.89
41281.023,25.86
41281.106,25.86
41281.209,25.93
41281.342,25.93
41281.498,25.89
41281.527,25.88
41281.623,25.91
41281.712,25.88
41281.821,25.88
41281.918,25.88
41282.016,25.91
41282.111,25.91
41282.204,25.89
41282.327,25.91
41282.425,25.91
41282.525,25.91
41282.625,25.88
41282.746,25.88
41282.841,25.88
41282.934,25.88
41283.035,25.88
41283.157,25.88
41283.253,25.88
41283.359,25.88
41283.454,25.86
41283.554,25.88
41283.658,25.86
41283.699,25.89
41283.859,25.89
41283.897,25.89
41284.001,25.88
41284.097,25.88
41284.263,25.88
41284.315,25.86
41284.415,25.91
41284.511,25.89
41284.608,25.94
41284.704,25.88
41284.807,25.91
41284.907,25.88
41285.006,25.88
41285.128,25.88
41285.207,25.91
41285.302,25.93
41285.398,25.91
41285.494,25.88
41285.609,25.91
41285.714,25.85
41285.812,25.89
41285.912,25.91
41286.013,25.93
41286.114,25.91
41286.256,25.91
41286.329,25.88
41286.405,25.88
41286.528,25.91
41286.641,25.91
41336.739,25.88
41336.837,25.89
41336.935,25.96
41337.035,25.91
41337.089,25.91
41337.189,25.88
41337.292,25.89
41337.449,25.86
41337.557,25.91
41337.584,25.88
41337.744,25.88
41337.797,25.91
41337.898,25.91
41337.986,25.89
41338.089,25.89
41338.197,25.89
41338.300,25.86
41338.403,25.89
41338.503,25.88
41338.597,25.91
41338.694,25.88
41338.802,25.91
41338.881,25.86
41339.001,25.86
41339.121,25.93
41339.192,25.88
41339.293,25.89
41339.393,25.88
41339.489,25.89
41339.606,25.91
41339.704,25.88
41339.800,25.89
41339.913,25.85
41340.018,25.88
41340.111,25.89
41340.216,25.89
41340.321,25.88
41340.418,25.91
41340.528,25.88
41340.640,25.91
41340.731,25.91
41340.827,25.88
41340.929,25.88
41341.055,25.88
41341.133,25.85
41341.239,25.89
41341.339,25.89
41341.375,25.89
41341.543,25.89
41341.643,25.88
41341.741,25.88
41341.783,25.91
41341.881,25.86
41341.978,25.91
41342.155,25.88
41342.182,25.94
41342.283,25.89
41342.383,25.89
41342.476,25.83
41342.572,25.88
41342.668,25.93
41342.770,25.89
41342.890,25.86
41342.984,25.88
41343.082,25.88
41343.180,25.89
41343.287,25.89
41343.390,25.88
41343.474,25.86
41343.579,25.89
41343.670,25.89
41343.793,25.88
41343.891,25.88
41343.991,25.88
41344.086,25.91
41344.207,25.86
41344.315,25.93
41344.400,25.91
41344.520,25.91
41344.618,25.88
41344.726,25.91
41344.820,25.88
41344.918,25.91
41345.016,25.93
41345.121,25.89
41345.219,25.89
41345.271,25.89
41345.364,25.89
41345.466,25.91
41345.633,25.93
41345.660,25.88
41345.758,25.86
41345.876,25.89
41345.972,25.88
41346.070,25.89
41346.177,25.86
41346.275,25.86
41346.378,25.89
41346.478,25.91
41346.565,25.91
41346.663,25.91
41396.756,25.91
41396.888,25.88
41396.976,25.91
41397.074,25.88
41397.175,25.88
41397.255,25.91
41397.386,25.85
41397.483,25.91
41397.579,25.91
41397.692,25.89
41397.788,25.88
41397.888,25.89
41397.991,25.91
41398.057,25.86
41398.167,25.88
41398.273,25.88
41398.375,25.86
41398.494,25.88
41398.584,25.91
41398.724,25.88
41398.815,25.86
41398.913,25.91
41399.008,25.91
41399.060,25.93
41399.153,25.86
41399.251,25.88
41399.418,25.85
41399.459,25.88
41399.574,25.89
41399.663,25.86
41399.768,25.88
41399.853,25.88
41399.949,25.91
41400.079,25.88
41400.150,25.91
41400.265,25.89
41400.361,25.88
41400.457,25.88
41400.562,25.89
41400.655,25.88
41400.751,25.88
41400.844,25.88
41400.949,25.91
41401.070,25.88
41401.167,25.91
41401.263,25.86
41401.366,25.89
41401.464,25.89
41401.584,25.88
41401.665,25.88
41401.766,25.88
41401.888,25.89
41401.984,25.89
41402.074,25.91
41402.150,25.91
41402.256,25.88
41402.361,25.88
41402.466,25.91
41402.538,25.89
41402.646,25.86
41402.810,25.91
41402.839,25.91
41403.000,25.91
41403.054,25.89
41403.136,25.85
41403.244,25.89
41403.342,25.88
41403.439,25.88
41403.550,25.86
41403.635,25.83
41403.756,25.91
41403.869,25.85
41403.947,25.88
41404.042,25.85
41404.138,25.89
41404.238,25.88
41404.351,25.88
41404.447,25.89
41404.543,25.83
41404.648,25.88
41404.746,25.89
41404.839,25.91
41404.974,25.88
41405.062,25.85
41405.155,25.91
41405.277,25.89
41405.339,25.91
41405.474,25.89
41405.571,25.83
41405.665,25.85
41405.775,25.88
41405.875,25.88
41405.974,25.88
41406.077,25.86
41406.185,25.86
41406.283,25.85
41406.390,25.91
41406.486,25.88
41406.538,25.88
41406.628,25.88
41456.726,25.89
41456.834,25.85
41456.932,25.88
41457.032,25.91
41457.128,25.88
41457.241,25.91
41457.337,25.85
41457.435,25.91
41457.545,25.89
41457.628,25.85
41457.734,25.85
41457.834,25.85
41457.937,25.88
41458.038,25.88
41458.121,25.86
41458.226,25.91
41458.326,25.88
41458.440,25.86
41458.538,25.91
41458.648,25.89
41458.731,25.91
41458.849,25.88
41458.947,25.85
41459.059,25.85
41459.155,25.88
41459.253,25.86
41459.349,25.86
41459.452,25.88
41459.574,25.91
41459.668,25.89
41459.756,25.88
41459.861,25.91
41459.981,25.88
41460.077,25.88
41460.119,25.88
41460.214,25.91
41460.381,25.89
41460.486,25.91
41460.528,25.89
41460.623,25.91
41460.719,25.83
41460.826,25.88
41460.922,25.91
41461.018,25.89
41461.116,25.86
41461.221,25.89
41461.315,25.91
41461.413,25.85
41461.533,25.88
41461.611,25.91
41461.717,25.88
41461.815,25.91
41461.922,25.86
41462.025,25.88
41462.128,25.89
41462.212,25.89
41462.324,25.85
41462.429,25.88
41462.525,25.89
41462.611,25.86
41462.734,25.88
41462.831,25.88
41462.951,25.86
41463.060,25.91
41463.148,25.88
41463.244,25.89
41463.366,25.89
41463.440,25.85
41463.562,25.93
41463.658,25.96
41463.758,25.88
41463.863,25.85
41463.959,25.91
41464.010,25.88
41464.108,25.88
41464.207,25.86
41464.305,25.88
41464.402,25.85
41464.574,25.86
41464.601,25.88
41464.723,25.89
41464.821,25.85
41464.918,25.86
41465.022,25.88
41465.119,25.91
41465.216,25.88
41465.307,25.86
41465.405,25.91
41465.500,25.86
41465.631,25.91
41465.717,25.85
41465.815,25.85
41465.913,25.88
41466.001,25.85
41466.118,25.88
41466.201,25.91
41466.314,25.86
41466.417,25.88
41466.500,25.88
41466.623,25.88
41466.704,25.88
41516.824,25.86
41516.917,25.85
41517.020,25.85
41517.145,25.88
41517.231,25.88
41517.336,25.88
41517.418,25.86
41517.491,25.88
41517.592,25.89
41517.692,25.89
41517.795,25.88
41517.951,25.89
41517.998,25.88
41518.097,25.86
41518.204,25.86
41518.304,25.89
41518.403,25.85
41518.498,25.88
41518.594,25.89
41518.692,25.89
41518.810,25.89
41518.907,25.86
41519.006,25.88
41519.109,25.83
41519.204,25.89
41519.305,25.86
41519.397,25.88
41519.494,25.88
41519.586,25.91
41519.690,25.89
41519.809,25.89
41519.907,25.91
41520.003,25.91
41520.091,25.89
41520.199,25.89
41520.304,25.91
41520.408,25.86
41520.494,25.86
41520.618,25.91
41520.738,25.85
41520.820,25.91
41520.939,25.88
41521.038,25.91
41521.143,25.85
41521.233,25.89
41521.329,25.91
41521.381,25.88
41521.555,25.85
41521.579,25.88
41521.744,25.91
41521.795,25.88
41521.947,25.88
41521.998,25.91
41522.089,25.88
41522.192,25.85
41522.295,25.88
41522.391,25.91
41522.489,25.86
41522.584,25.91
41522.682,25.88
41522.778,25.86
41522.898,25.88
41522.981,25.91
41523.089,25.89
41523.177,25.88
41523.275,25.85
41523.391,25.88
41523.489,25.83
41523.584,25.85
41523.714,25.89
41523.805,25.88
41523.900,25.86
41523.998,25.86
41524.082,25.86
41524.194,25.88
41524.314,25.85
41524.410,25.89
41524.520,25.91
41524.616,25.88
41524.709,25.88
41524.817,25.85
41524.932,25.88
41524.984,25.88
41525.130,25.91
41525.229,25.85
41525.293,25.85
41525.369,25.85
41525.478,25.93
41525.577,25.86
41525.682,25.88
41525.768,25.91
41525.888,25.89
41525.981,25.86
41526.077,25.85
41526.175,25.88
41526.288,25.88
41526.378,25.85
41526.476,25.88
41526.572,25.85
41526.680,25.91
41576.805,25.88
41576.878,25.93
41576.976,25.85
41577.070,25.86
41577.173,25.85
41577.265,25.85
41577.391,25.91
41577.479,25.88
41577.577,25.91
41577.699,25.88
41577.778,25.91
41577.897,25.88
41577.994,25.82
41578.089,25.88
41578.201,25.86
41578.290,25.86
41578.408,25.85
41578.501,25.86
41578.606,25.91
41578.704,25.86
41578.824,25.88
41578.861,25.89
41579.013,25.91
41579.067,25.91
41579.158,25.89
41579.322,25.86
41579.422,25.89
41579.472,25.89
41579.564,25.91
41579.663,25.91
41579.765,25.88
41579.871,25.85
41579.964,25.89
41580.055,25.88
41580.155,25.86
41580.260,25.91
41580.361,25.88
41580.474,25.91
41580.594,25.91
41580.697,25.91
41580.773,25.85
41580.859,25.86
41580.957,25.88
41581.065,25.83
41581.152,25.88
41581.273,25.88
41581.371,25.86
41581.478,25.88
41581.574,25.93
41581.694,25.93
41581.800,25.88
41581.873,25.85
41581.993,25.93
41582.091,25.88
41582.180,25.89
41582.302,25.88
41582.398,25.91
41582.491,25.91
41582.604,25.89
41582.701,25.85
41582.753,25.88
41582.905,25.86
41582.944,25.88
41583.109,25.86
41583.160,25.91
41583.315,25.88
41583.344,25.93
41583.466,25.91
41583.565,25.85
41583.662,25.91
41583.761,25.88
41583.858,25.91
41583.954,25.86
41584.047,25.88
41584.150,25.91
41584.253,25.85
41584.373,25.93
41584.462,25.94
41584.542,25.88
41584.665,25.85
41584.741,25.85
41584.851,25.85
41584.956,25.85
41585.060,25.86
41585.152,25.88
41585.246,25.89
41585.347,25.89
41585.476,25.89
41585.560,25.88
41585.680,25.88
41585.778,25.88
41585.888,25.85
41585.984,25.89
41586.084,25.91
41586.184,25.88
41586.275,25.91
41586.398,25.88
41586.493,25.88
41586.577,25.91
41586.694,25.88
41876.746,25.85
41876.844,25.89
41876.946,25.86
41877.043,25.89
41877.141,25.88
41877.236,25.91
41877.337,25.88
41877.432,25.88
41877.552,25.89
41877.655,25.88
41877.734,25.91
41877.832,25.85
41877.952,25.91
41878.074,25.83
41878.150,25.83
41878.246,25.91
41878.351,25.85
41878.452,25.88
41878.535,25.91
41878.636,25.88
41878.746,25.88
41878.849,25.88
41878.949,25.89
41879.045,25.91
41879.152,25.89
41879.238,25.86
41879.363,25.85
41879.457,25.89
41879.562,25.86
41879.662,25.85
41879.783,25.86
41879.886,25.86
41879.974,25.89
41880.071,25.86
41880.125,25.91
41880.271,25.86
41880.390,25.88
41880.488,25.88
41880.584,25.88
41880.690,25.89
41880.734,25.89
41880.829,25.88
41880.929,25.86
41881.037,25.89
41881.133,25.91
41881.231,25.86
41881.400,25.88
41881.427,25.86
41881.525,25.86
41881.621,25.88
41881.723,25.85
41881.831,25.88
41881.934,25.86
41882.035,25.88
41882.136,25.88
41882.226,25.85
41882.322,25.89
41882.459,25.86
41882.543,25.85
41882.638,25.89
41882.736,25.86
41882.829,25.88
41882.940,25.93
41883.035,25.88
41883.155,25.88
41883.261,25.88
41883.359,25.88
41883.456,25.89
41883.560,25.85
41883.648,25.93
41883.771,25.88
41883.864,25.86
41883.973,25.86
41884.067,25.88
41884.170,25.86
41884.222,25.88
41884.321,25.85
41884.417,25.83
41884.515,25.85
41884.614,25.85
41884.709,25.85
41884.832,25.86
41884.925,25.83
41885.032,25.88
41885.111,25.88
41885.229,25.88
41885.331,25.91
41885.423,25.86
41885.520,25.85
41885.619,25.85
41885.721,25.89
41885.810,25.88
41885.905,25.88
41886.015,25.89
41886.133,25.86
41886.222,25.89
41886.317,25.86
41886.407,25.86
41886.516,25.88
41886.636,25.88
41936.733,25.85
41936.829,25.88
41936.940,25.88
41937.035,25.85
41937.130,25.88
41937.238,25.88
41937.351,25.85
41937.444,25.85
41937.540,25.88
41937.647,25.88
41937.744,25.85
41937.864,25.86
41937.972,25.86
41938.060,25.85
41938.111,25.86
41938.204,25.88
41938.300,25.86
41938.405,25.89
41938.510,25.89
41938.606,25.88
41938.707,25.88
41938.820,25.88
41938.917,25.89
41939.018,25.88
41939.101,25.83
41939.197,25.88
41939.317,25.88
41939.413,25.88
41939.511,25.86
41939.606,25.88
41939.702,25.85
41939.807,25.88
41939.905,25.86
41939.998,25.86
41940.101,25.85
41940.219,25.88
41940.305,25.86
41940.408,25.86
41940.518,25.83
41940.592,25.85
41940.696,25.88
41940.798,25.89
41940.910,25.85
41941.001,25.86
41941.101,25.88
41941.202,25.88
41941.304,25.88
41941.408,25.86
41941.511,25.85
41941.591,25.88
41941.692,25.86
41941.819,25.88
41941.897,25.85
41942.030,25.88
41942.106,25.88
41942.190,25.86
41942.288,25.86
41942.405,25.85
41942.511,25.83
41942.604,25.85
41942.702,25.83
41942.785,25.88
41942.908,25.88
41943.005,25.86
41943.116,25.85
41943.201,25.85
41943.299,25.88
41943.393,25.85
41943.486,25.86
41943.594,25.85
41943.694,25.89
41943.788,25.89
41943.896,25.88
41943.991,25.89
41944.113,25.88
41944.219,25.88
41944.307,25.88
41944.402,25.85
41944.523,25.83
41944.606,25.86
41944.726,25.88
41944.822,25.86
41944.920,25.85
41945.023,25.88
41945.116,25.88
41945.239,25.91
41945.322,25.88
41945.435,25.88
41945.530,25.86
41945.581,25.82
41945.690,25.88
41945.783,25.88
41945.880,25.86
41945.976,25.88
41946.079,25.86
41946.180,25.89
41946.275,25.83
41946.395,25.85
41946.491,25.91
41946.574,25.86
41946.677,25.89
41996.792,25.86
41996.891,25.85
41996.988,25.86
41997.084,25.91
41997.182,25.89
41997.277,25.86
41997.380,25.85
41997.488,25.88
41997.592,25.85
41997.690,25.85
41997.785,25.86
41997.893,25.85
41997.981,25.88
41998.103,25.85
41998.196,25.88
41998.307,25.93
41998.403,25.86
41998.501,25.88
41998.596,25.88
41998.721,25.93
41998.829,25.85
41998.930,25.86
41998.996,25.88
41999.136,25.86
41999.236,25.89
41999.268,25.88
41999.444,25.93
41999.469,25.88
41999.567,25.86
41999.674,25.88
41999.780,25.85
41999.875,25.88
41999.971,25.88
42000.071,25.88
42000.175,25.85
42000.282,25.89
42000.378,25.83
42000.467,25.85
42000.584,25.85
42000.663,25.86
42000.766,25.89
42000.878,25.88
42000.974,25.85
42001.072,25.88
42001.175,25.85
42001.275,25.85
42001.381,25.86
42001.483,25.83
42001.567,25.88
42001.687,25.86
42001.805,25.88
42001.903,25.91
42002.005,25.85
42002.057,25.85
42002.180,25.86
42002.268,25.88
42002.359,25.85
42002.469,25.86
42002.571,25.82
42002.714,25.91
42002.780,25.88
42002.854,25.85
42002.988,25.86
42003.108,25.86
42003.158,25.86
42003.319,25.85
42003.427,25.86
42003.522,25.83
42003.621,25.82
42003.655,25.88
42003.775,25.86
42003.864,25.82
42003.962,25.86
42004.065,25.83
42004.175,25.88
42004.270,25.86
42004.373,25.91
42004.452,25.83
42004.554,25.85
42004.657,25.86
42004.758,25.83
42004.876,25.88
42004.973,25.86
42005.067,25.88
42005.168,25.88
42005.270,25.88
42005.375,25.85
42005.474,25.85
42005.579,25.88
42005.680,25.85
42005.782,25.82
42005.890,25.83
42005.981,25.82
42006.074,25.86
42006.195,25.86
42006.290,25.85
42006.391,25.85
42006.494,25.83
42006.545,25.86
42056.714,25.85
42056.805,25.85
42056.903,25.85
42056.954,25.88
42057.045,25.86
42057.148,25.83
42057.256,25.86
42057.361,25.86
42057.449,25.83
42057.557,25.82
42057.641,25.85
42057.751,25.83
42057.869,25.88
42057.942,25.85
42058.065,25.86
42058.147,25.88
42058.277,25.85
42058.351,25.82
42058.449,25.85
42058.552,25.86
42058.640,25.82
42058.758,25.89
42058.858,25.85
42058.964,25.82
42059.060,25.86
42059.158,25.88
42059.255,25.88
42059.354,25.82
42059.476,25.86
42059.572,25.86
42059.653,25.8
42059.783,25.86
42059.881,25.83
42059.978,25.88
42060.069,25.85
42060.189,25.85
42060.282,25.83
42060.390,25.85
42060.500,25.86
42060.598,25.86
42060.692,25.85
42060.800,25.85
42060.898,25.85
42060.961,25.85
42061.038,25.83
42061.148,25.85
42061.246,25.83
42061.346,25.86
42061.447,25.83
42061.538,25.88
42061.652,25.88
42061.729,25.82
42061.832,25.91
42061.942,25.88
42062.067,25.89
42062.145,25.86
42062.226,25.88
42062.331,25.89
42062.429,25.88
42062.540,25.89
42062.638,25.88
42062.750,25.85
42062.849,25.85
42062.962,25.83
42063.050,25.86
42063.147,25.85
42063.244,25.86
42063.346,25.83
42063.464,25.89
42063.562,25.85
42063.638,25.86
42063.766,25.88
42063.858,25.91
42063.978,25.86
42064.064,25.83
42064.175,25.85
42064.273,25.88
42064.322,25.86
42064.479,25.89
42064.532,25.88
42064.631,25.88
42064.724,25.89
42064.824,25.85
42064.925,25.85
42065.028,25.88
42065.126,25.86
42065.234,25.82
42065.337,25.85
42065.417,25.85
42065.533,25.88
42065.626,25.89
42065.724,25.86
42065.834,25.88
42065.925,25.88
42066.020,25.86
42066.119,25.89
42066.231,25.88
42066.332,25.88
42066.430,25.85
42066.525,25.85
42066.636,25.85
42116.750,25.88
42116.846,25.88
42116.942,25.85
42117.048,25.86
42117.145,25.88
42117.241,25.93
42117.373,25.85
42117.442,25.85
42117.562,25.86
42117.660,25.85
42117.736,25.85
42117.873,25.91
42117.969,25.83
42118.067,25.91
42118.175,25.85
42118.275,25.88
42118.369,25.85
42118.423,25.85
42118.513,25.83
42118.609,25.85
42118.729,25.85
42118.885,25.89
42118.912,25.85
42119.011,25.86
42119.121,25.86
42119.211,25.86
42119.322,25.88
42119.418,25.83
42119.511,25.85
42119.616,25.89
42119.714,25.86
42119.809,25.86
42119.907,25.86
42120.013,25.85
42120.106,25.88
42120.226,25.85
42120.317,25.86
42120.410,25.85
42120.518,25.85
42120.603,25.88
42120.724,25.89
42120.809,25.85
42120.927,25.85
42121.047,25.88
42121.119,25.88
42121.244,25.86
42121.339,25.85
42121.459,25.83
42121.555,25.83
42121.650,25.89
42121.748,25.85
42121.854,25.85
42121.952,25.86
42122.003,25.83
42122.096,25.86
42122.209,25.86
42122.304,25.85
42122.402,25.82
42122.516,25.86
42122.619,25.83
42122.697,25.88
42122.812,25.86
42122.908,25.86
42123.006,25.89
42123.103,25.88
42123.199,25.86
42123.295,25.88
42123.391,25.86
42123.515,25.85
42123.619,25.86
42123.712,25.88
42123.810,25.89
42123.908,25.88
42124.008,25.86
42124.108,25.88
42124.206,25.85
42124.321,25.83
42124.423,25.86
42124.518,25.83
42124.616,25.85
42124.722,25.83
42124.831,25.86
42124.907,25.82
42125.027,25.88
42125.133,25.8
42125.192,25.85
42125.302,25.86
42125.408,25.89
42125.518,25.85
42125.638,25.82
42125.690,25.85
42125.785,25.85
42125.886,25.86
42126.052,25.82
42126.104,25.83
42126.192,25.86
42126.298,25.83
42126.395,25.85
42126.491,25.85
42126.589,25.8
42126.684,25.86
42176.807,25.86
42176.886,25.85
42176.994,25.83
42177.091,25.85
42177.187,25.85
42177.295,25.85
42177.388,25.85
42177.483,25.85
42177.603,25.86
42177.680,25.86
42177.800,25.85
42177.896,25.82
42177.996,25.82
42178.098,25.88
42178.192,25.86
42178.312,25.86
42178.405,25.85
42178.506,25.86
42178.603,25.85
42178.724,25.86
42178.807,25.85
42178.927,25.85
42179.022,25.85
42179.131,25.85
42179.244,25.88
42179.295,25.86
42179.376,25.85
42179.543,25.83
42179.597,25.82
42179.675,25.85
42179.805,25.89
42179.891,25.82
42179.991,25.88
42180.123,25.88
42180.177,25.85
42180.280,25.88
42180.378,25.86
42180.476,25.85
42180.601,25.86
42180.692,25.89
42180.788,25.82
42180.913,25.88
42180.971,25.82
42181.077,25.82
42181.175,25.88
42181.273,25.85
42181.381,25.86
42181.478,25.82
42181.572,25.88
42181.706,25.82
42181.795,25.85
42181.896,25.85
42181.991,25.86
42182.084,25.85
42182.211,25.88
42182.307,25.82
42182.405,25.85
42182.508,25.88
42182.603,25.86
42182.722,25.86
42182.810,25.86
42182.923,25.85
42183.018,25.85
42183.114,25.85
42183.219,25.85
42183.270,25.88
42183.430,25.88
42183.543,25.85
42183.621,25.85
42183.672,25.85
42183.768,25.85
42183.866,25.85
42183.976,25.85
42184.072,25.85
42184.168,25.89
42184.277,25.88
42184.375,25.83
42184.479,25.85
42184.560,25.86
42184.668,25.89
42184.770,25.88
42184.873,25.88
42184.976,25.85
42185.060,25.85
42185.158,25.88
42185.268,25.85
42185.378,25.85
42185.479,25.83
42185.577,25.83
42185.674,25.86
42185.790,25.88
42185.888,25.85
42185.984,25.85
42186.079,25.82
42186.180,25.85
42186.299,25.86
42186.396,25.89
42186.481,25.82
42186.589,25.85
42186.709,25.82
42476.810,25.86
42476.918,25.83
42477.015,25.83
42477.111,25.88
42477.217,25.85
42477.256,25.88
42477.353,25.86
42477.520,25.83
42477.628,25.85
42477.655,25.89
42477.751,25.85
42477.866,25.86
42477.952,25.83
42478.064,25.86
42478.160,25.91
42478.261,25.78
42478.366,25.86
42478.462,25.88
42478.559,25.85
42478.653,25.85
42478.756,25.88
42478.849,25.88
42478.949,25.85
42479.054,25.85
42479.165,25.86
42479.263,25.85
42479.359,25.85
42479.464,25.86
42479.565,25.86
42479.663,25.83
42479.763,25.83
42479.847,25.82
42479.952,25.83
42480.055,25.83
42480.174,25.88
42480.265,25.88
42480.388,25.88
42480.473,25.85
42480.592,25.85
42480.687,25.85
42480.810,25.83
42480.898,25.86
42481.003,25.83
42481.103,25.86
42481.201,25.85
42481.304,25.85
42481.354,25.86
42481.451,25.85
42481.550,25.83
42481.650,25.85
42481.748,25.83
42481.847,25.83
42481.947,25.82
42482.038,25.86
42482.158,25.85
42482.258,25.8
42482.361,25.82
42482.451,25.88
42482.552,25.85
42482.652,25.83
42482.751,25.88
42482.849,25.88
42482.947,25.85
42483.062,25.85
42483.165,25.88
42483.261,25.82
42483.359,25.83
42483.464,25.86
42483.574,25.83
42483.670,25.83
42483.766,25.82
42483.876,25.85
42483.939,25.89
42484.047,25.86
42484.155,25.8
42484.261,25.82
42484.388,25.83
42484.484,25.85
42484.586,25.85
42484.675,25.85
42484.731,25.85
42484.895,25.83
42484.935,25.85
42485.038,25.85
42485.140,25.88
42485.236,25.86
42485.351,25.86
42485.444,25.86
42485.543,25.83
42485.643,25.86
42485.741,25.85
42485.837,25.83
42485.932,25.85
42486.037,25.85
42486.138,25.83
42486.244,25.89
42486.344,25.82
42486.447,25.85
42486.543,25.85
42486.641,25.89
42536.739,25.88
42536.841,25.85
42536.939,25.85
42537.035,25.85
42537.140,25.88
42537.250,25.85
42537.346,25.85
42537.464,25.88
42537.552,25.85
42537.672,25.88
42537.768,25.85
42537.875,25.86
42537.957,25.83
42538.030,25.82
42538.133,25.85
42538.287,25.86
42538.383,25.88
42538.440,25.88
42538.549,25.83
42538.677,25.88
42538.724,25.82
42538.817,25.85
42538.918,25.8
42539.025,25.83
42539.121,25.91
42539.222,25.88
42539.344,25.83
42539.442,25.86
42539.516,25.83
42539.636,25.85
42539.736,25.83
42539.837,25.85
42539.915,25.88
42540.033,25.83
42540.123,25.83
42540.223,25.83
42540.321,25.82
42540.413,25.88
42540.538,25.82
42540.636,25.86
42540.731,25.83
42540.815,25.83
42540.949,25.88
42541.045,25.85
42541.141,25.86
42541.251,25.86
42541.344,25.85
42541.437,25.86
42541.550,25.86
42541.662,25.85
42541.758,25.86
42541.817,25.88
42541.961,25.83
42542.028,25.91
42542.108,25.88
42542.207,25.88
42542.309,25.85
42542.408,25.85
42542.518,25.83
42542.621,25.86
42542.716,25.86
42542.827,25.91
42542.908,25.83
42543.022,25.85
42543.104,25.86
42543.224,25.86
42543.324,25.83
42543.412,25.83
42543.508,25.83
42543.606,25.85
42543.706,25.85
42543.822,25.88
42543.920,25.88
42544.016,25.88
42544.121,25.83
42544.212,25.86
42544.310,25.88
42544.427,25.85
42544.510,25.83
42544.630,25.88
42544.726,25.85
42544.822,25.85
42544.925,25.83
42545.023,25.85
42545.143,25.83
42545.226,25.82
42545.337,25.86
42545.454,25.85
42545.506,25.86
42545.616,25.85
42545.717,25.86
42545.826,25.86
42545.900,25.82
42546.050,25.82
42546.103,25.85
42546.197,25.83
42546.298,25.83
42546.396,25.88
42546.501,25.86
42546.599,25.88
42546.695,25.86
42596.807,25.83
42596.905,25.88
42597.006,25.86
42597.109,25.85
42597.192,25.82
42597.310,25.85
42597.429,25.85
42597.530,25.83
42597.604,25.82
42597.701,25.88
42597.804,25.82
42597.910,25.83
42598.006,25.83
42598.101,25.83
42598.207,25.85
42598.307,25.86
42598.427,25.85
42598.532,25.86
42598.606,25.85
42598.726,25.85
42598.824,25.86
42598.944,25.86
42599.040,25.88
42599.138,25.88
42599.233,25.83
42599.334,25.85
42599.432,25.83
42599.491,25.89
42599.608,25.85
42599.706,25.82
42599.788,25.88
42599.891,25.83
42600.047,25.82
42600.098,25.83
42600.197,25.83
42600.302,25.86
42600.393,25.82
42600.486,25.82
42600.582,25.86
42600.696,25.85
42600.780,25.89
42600.902,25.82
42600.998,25.86
42601.104,25.83
42601.190,25.85
42601.290,25.85
42601.386,25.86
42601.498,25.85
42601.596,25.86
42601.694,25.83
42601.790,25.85
42601.881,25.85
42602.001,25.82
42602.099,25.82
42602.207,25.85
42602.292,25.88
42602.413,25.86
42602.510,25.86
42602.619,25.86
42602.716,25.88
42602.812,25.83
42602.908,25.82
42603.010,25.82
42603.131,25.85
42603.228,25.91
42603.317,25.88
42603.429,25.82
42603.530,25.86
42603.623,25.85
42603.677,25.85
42603.777,25.85
42603.875,25.85
42603.973,25.83
42604.092,25.83
42604.190,25.85
42604.287,25.86
42604.385,25.83
42604.479,25.83
42604.592,25.83
42604.670,25.85
42604.780,25.82
42604.876,25.83
42604.979,25.83
42605.081,25.86
42605.184,25.85
42605.271,25.85
42605.388,25.85
42605.467,25.85
42605.570,25.88
42605.672,25.85
42605.775,25.85
42605.881,25.85
42605.967,25.88
42606.069,25.86
42606.167,25.85
42606.266,25.85
42606.371,25.83
42606.484,25.85
42606.586,25.85
42606.682,25.83
42656.802,25.88
42656.891,25.82
42657.028,25.86
42657.126,25.78
42657.222,25.85
42657.319,25.86
42657.424,25.83
42657.525,25.83
42657.621,25.85
42657.672,25.82
42657.768,25.88
42657.866,25.82
42657.969,25.86
42658.087,25.82
42658.182,25.85
42658.280,25.85
42658.375,25.85
42658.479,25.85
42658.577,25.83
42658.675,25.82
42658.768,25.85
42658.866,25.88
42658.962,25.86
42659.059,25.88
42659.157,25.8
42659.283,25.88
42659.378,25.85
42659.476,25.85
42659.555,25.85
42659.668,25.83
42659.773,25.86
42659.858,25.88
42659.973,25.85
42660.069,25.85
42660.192,25.85
42660.292,25.83
42660.378,25.89
42660.500,25.83
42660.596,25.85
42660.702,25.82
42660.800,25.86
42660.851,25.83
42661.028,25.86
42661.116,25.85
42661.212,25.85
42661.310,25.83
42661.361,25.82
42661.456,25.85
42661.554,25.83
42661.650,25.85
42661.763,25.88
42661.866,25.88
42661.962,25.85
42662.067,25.83
42662.153,25.83
42662.248,25.86
42662.346,25.82
42662.466,25.85
42662.565,25.85
42662.658,25.86
42662.756,25.86
42662.864,25.85
42662.954,25.88
42663.052,25.86
42663.152,25.88
42663.248,25.8
42663.359,25.86
42663.464,25.82
42663.565,25.82
42663.643,25.85
42663.751,25.86
42663.873,25.82
42663.969,25.85
42664.077,25.85
42664.172,25.86
42664.292,25.86
42664.383,25.85
42664.478,25.85
42664.599,25.86
42664.702,25.88
42664.795,25.85
42664.897,25.86
42664.994,25.83
42665.114,25.85
42665.141,25.88
42665.238,25.86
42665.408,25.85
42665.437,25.85
42665.550,25.8
42665.646,25.85
42665.741,25.83
42665.851,25.88
42665.947,25.89
42666.043,25.88
42666.172,25.83
42666.248,25.86
42666.344,25.82
42666.440,25.85
42666.540,25.85
42666.653,25.85
42716.748,25.83
42716.846,25.85
42716.951,25.85
42717.049,25.82
42717.145,25.86
42717.299,25.83
42717.347,25.85
42717.469,25.85
42717.565,25.82
42717.653,25.85
42717.756,25.85
42717.876,25.85
42717.954,25.83
42718.079,25.83
42718.172,25.85
42718.266,25.88
42718.378,25.85
42718.489,25.88
42718.587,25.86
42718.645,25.83
42718.790,25.85
42718.863,25.86
42718.937,25.85
42719.032,25.85
42719.136,25.82
42719.241,25.83
42719.339,25.88
42719.427,25.85
42719.523,25.88
42719.635,25.78
42719.744,25.85
42719.847,25.85
42719.930,25.85
42720.028,25.83
42720.125,25.83
42720.239,25.85
42720.334,25.83
42720.430,25.8
42720.528,25.89
42720.631,25.78
42720.724,25.85
42720.844,25.83
42720.949,25.83
42721.040,25.88
42721.133,25.86
42721.258,25.82
42721.361,25.85
42721.459,25.82
42721.555,25.85
42721.650,25.85
42721.753,25.82
42721.851,25.82
42721.971,25.82
42722.050,25.82
42722.116,25.83
42722.278,25.85
42722.373,25.83
42722.420,25.83
42722.525,25.85
42722.628,25.83
42722.721,25.88
42722.883,25.83
42722.935,25.88
42723.027,25.85
42723.125,25.85
42723.223,25.85
42723.324,25.83
42723.422,25.85
42723.522,25.86
42723.611,25.83
42723.731,25.85
42723.810,25.85
42723.913,25.85
42724.025,25.85
42724.111,25.83
42724.211,25.82
42724.309,25.85
42724.410,25.88
42724.513,25.82
42724.625,25.89
42724.724,25.82
42724.807,25.83
42724.930,25.83
42725.035,25.85
42725.131,25.88
42725.253,25.82
42725.359,25.85
42725.452,25.89
42725.548,25.85
42725.643,25.83
42725.744,25.85
42725.866,25.88
42725.964,25.85
42726.059,25.85
42726.163,25.83
42726.261,25.86
42726.310,25.83
42726.405,25.85
42726.511,25.85
42726.609,25.82
42726.707,25.83
42776.805,25.82
42776.910,25.8
42777.010,25.85
42777.106,25.88
42777.222,25.85
42777.317,25.85
42777.415,25.83
42777.516,25.86
42777.611,25.83
42777.706,25.88
42777.805,25.85
42777.900,25.83
42778.001,25.83
42778.119,25.83
42778.217,25.86
42778.302,25.86
42778.415,25.83
42778.506,25.85
42778.619,25.83
42778.712,25.85
42778.831,25.85
42778.929,25.85
42779.037,25.82
42779.121,25.82
42779.243,25.85
42779.339,25.82
42779.447,25.86
42779.540,25.83
42779.660,25.82
42779.770,25.85
42779.815,25.85
42779.913,25.88
42780.013,25.86
42780.101,25.83
42780.222,25.83
42780.295,25.82
42780.407,25.85
42780.506,25.83
42780.606,25.83
42780.692,25.85
42780.792,25.8
42780.897,25.85
42780.998,25.82
42781.106,25.82
42781.204,25.88
42781.309,25.8
42781.407,25.86
42781.503,25.83
42781.608,25.78
42781.697,25.83
42781.793,25.88
42781.893,25.83
42781.989,25.83
42782.109,25.82
42782.209,25.85
42782.305,25.85
42782.413,25.85
42782.510,25.83
42782.608,25.82
42782.709,25.82
42782.822,25.85
42782.922,25.86
42783.018,25.86
42783.125,25.85
42783.217,25.85
42783.344,25.86
42783.446,25.82
42783.533,25.85
42783.582,25.82
42783.744,25.82
42783.832,25.89
42783.883,25.85
42783.981,25.88
42784.106,25.8
42784.184,25.83
42784.288,25.86
42784.393,25.82
42784.496,25.85
42784.596,25.83
42784.679,25.85
42784.780,25.86
42784.888,25.83
42784.994,25.83
42785.089,25.83
42785.192,25.85
42785.280,25.86
42785.393,25.88
42785.491,25.86
42785.584,25.86
42785.694,25.86
42785.793,25.85
42785.891,25.85
42785.988,25.82
42786.086,25.8
42786.206,25.83
42786.302,25.86
42786.383,25.82
42786.496,25.85
42786.616,25.83
42786.709,25.82
43076.822,25.82
43076.920,25.78
43077.016,25.85
43077.121,25.86
43077.229,25.85
43077.324,25.82
43077.424,25.82
43077.532,25.82
43077.628,25.86
43077.687,25.85
43077.780,25.85
43077.881,25.83
43077.976,25.86
43078.071,25.86
43078.170,25.85
43078.266,25.83
43078.366,25.83
43078.473,25.85
43078.592,25.82
43078.679,25.82
43078.766,25.83
43078.868,25.8
43078.981,25.86
43079.079,25.85
43079.185,25.82
43079.263,25.82
43079.369,25.82
43079.479,25.8
43079.574,25.85
43079.690,25.85
43079.778,25.85
43079.896,25.82
43079.993,25.83
43080.079,25.83
43080.199,25.85
43080.295,25.85
43080.386,25.82
43080.496,25.78
43080.596,25.88
43080.716,25.78
43080.795,25.82
43080.905,25.85
43080.957,25.86
43081.116,25.83
43081.163,25.83
43081.324,25.85
43081.422,25.83
43081.530,25.83
43081.619,25.85
43081.672,25.85
43081.763,25.83
43081.861,25.83
43081.967,25.85
43082.062,25.82
43082.165,25.85
43082.266,25.83
43082.354,25.85
43082.469,25.85
43082.570,25.86
43082.655,25.82
43082.753,25.85
43082.873,25.82
43082.957,25.86
43083.069,25.82
43083.165,25.85
43083.261,25.82
43083.368,25.82
43083.478,25.82
43083.576,25.83
43083.655,25.83
43083.780,25.86
43083.861,25.83
43083.981,25.82
43084.054,25.83
43084.150,25.85
43084.253,25.86
43084.356,25.85
43084.481,25.86
43084.567,25.82
43084.674,25.88
43084.793,25.88
43084.881,25.83
43085.003,25.85
43085.065,25.85
43085.155,25.85
43085.255,25.86
43085.353,25.86
43085.447,25.83
43085.616,25.85
43085.646,25.85
43085.744,25.85
43085.869,25.86
43085.964,25.85
43086.043,25.82
43086.163,25.85
43086.260,25.85
43086.348,25.86
43086.444,25.83
43086.547,25.88
43086.645,25.83
43136.746,25.8
43136.841,25.86
43136.961,25.86
43137.043,25.83
43137.157,25.83
43137.251,25.83
43137.349,25.83
43137.454,25.86
43137.574,25.83
43137.662,25.83
43137.738,25.85
43137.842,25.85
43137.946,25.85
43138.047,25.83
43138.190,25.85
43138.261,25.85
43138.381,25.83
43138.457,25.85
43138.581,25.86
43138.665,25.85
43138.787,25.83
43138.839,25.85
43138.998,25.86
43139.045,25.86
43139.199,25.85
43139.248,25.82
43139.349,25.85
43139.445,25.85
43139.540,25.85
43139.641,25.85
43139.738,25.86
43139.837,25.83
43139.932,25.85
43140.050,25.82
43140.130,25.82
43140.251,25.86
43140.351,25.85
43140.447,25.82
43140.543,25.86
43140.638,25.85
43140.741,25.82
43140.837,25.85
43140.934,25.85
43141.055,25.89
43141.153,25.85
43141.251,25.83
43141.349,25.88
43141.452,25.82
43141.565,25.88
43141.662,25.8
43141.758,25.86
43141.864,25.8
43141.961,25.85
43142.079,25.85
43142.187,25.88
43142.278,25.83
43142.373,25.86
43142.425,25.83
43142.571,25.82
43142.621,25.86
43142.788,25.85
43142.885,25.85
43142.924,25.88
43143.038,25.85
43143.141,25.86
43143.241,25.86
43143.339,25.85
43143.435,25.85
43143.565,25.88
43143.619,25.83
43143.723,25.85
43143.832,25.83
43143.937,25.85
43144.025,25.85
43144.138,25.83
43144.217,25.85
43144.336,25.86
43144.435,25.86
43144.533,25.85
43144.630,25.86
43144.723,25.85
43144.829,25.85
43144.927,25.89
43145.047,25.85
43145.131,25.83
43145.244,25.88
43145.347,25.8
43145.442,25.89
43145.540,25.86
43145.660,25.85
43145.761,25.83
43145.864,25.83
43145.949,25.83
43146.070,25.88
43146.168,25.82
43146.273,25.82
43146.371,25.88
43146.467,25.82
43146.518,25.85
43146.621,25.86
43196.716,25.85
43196.814,25.83
43196.915,25.85
43197.011,25.85
43197.108,25.85
43197.229,25.83
43197.332,25.82
43197.413,25.83
43197.508,25.85
43197.606,25.88
43197.724,25.8
43197.827,25.85
43197.923,25.83
43198.020,25.83
43198.111,25.86
43198.207,25.85
43198.324,25.85
43198.435,25.86
43198.527,25.85
43198.614,25.86
43198.716,25.83
43198.817,25.82
43198.920,25.88
43199.023,25.85
43199.101,25.82
43199.207,25.82
43199.315,25.83
43199.435,25.85
43199.538,25.82
43199.625,25.85
43199.748,25.88
43199.834,25.82
43199.949,25.83
43200.000,25.82
43200.162,25.83
43200.272,25.85
43200.310,25.82
43200.400,25.86
43200.498,25.82
43200.685,25.86
43200.712,25.82
43200.810,25.82
43200.907,25.86
43201.008,25.83
43201.119,25.85
43201.216,25.82
43201.315,25.85
43201.403,25.83
43201.501,25.82
43201.599,25.85
43201.697,25.8
43201.810,25.83
43201.905,25.88
43202.001,25.82
43202.111,25.85
43202.202,25.82
43202.300,25.82
43202.400,25.85
43202.522,25.83
43202.608,25.86
43202.692,25.85
43202.799,25.85
43202.908,25.85
43203.038,25.86
43203.135,25.83
43203.212,25.83
43203.324,25.83
43203.442,25.83
43203.540,25.83
43203.650,25.85
43203.702,25.82
43203.853,25.85
43203.947,25.85
43203.991,25.8
43204.087,25.83
43204.253,25.83
43204.359,25.82
43204.449,25.85
43204.506,25.86
43204.599,25.88
43204.682,25.83
43204.797,25.83
43204.897,25.85
43204.994,25.86
43205.087,25.89
43205.184,25.86
43205.283,25.78
43205.418,25.85
43205.501,25.88
43205.628,25.85
43205.702,25.86
43205.785,25.86
43205.886,25.85
43205.986,25.85
43206.087,25.82
43206.194,25.85
43206.293,25.89
43206.395,25.85
43206.521,25.85
43206.579,25.86
43206.679,25.85
43256.782,25.85
43256.907,25.82
43256.989,25.86
43257.099,25.88
43257.229,25.85
43257.324,25.82
43257.376,25.85
43257.532,25.85
43257.626,25.86
43257.734,25.85
43257.787,25.85
43257.878,25.88
43257.989,25.91
43258.086,25.85
43258.180,25.85
43258.285,25.85
43258.380,25.85
43258.481,25.82
43258.601,25.88
43258.675,25.83
43258.793,25.86
43258.891,25.86
43258.991,25.8
43259.116,25.85
43259.192,25.85
43259.288,25.82
43259.386,25.85
43259.491,25.85
43259.587,25.85
43259.684,25.85
43259.780,25.85
43259.898,25.83
43259.994,25.85
43260.092,25.83
43260.195,25.83
43260.305,25.82
43260.408,25.82
43260.500,25.85
43260.608,25.86
43260.704,25.83
43260.798,25.8
43260.930,25.82
43261.020,25.85
43261.116,25.85
43261.212,25.86
43261.263,25.85
43261.425,25.85
43261.479,25.86
43261.564,25.88
43261.665,25.85
43261.772,25.8
43261.871,25.85
43261.981,25.85
43262.079,25.82
43262.160,25.82
43262.266,25.8
43262.361,25.8
43262.467,25.78
43262.564,25.83
43262.660,25.86
43262.766,25.83
43262.878,25.86
43262.973,25.86
43263.070,25.85
43263.175,25.85
43263.273,25.83
43263.369,25.8
43263.459,25.82
43263.572,25.86
43263.675,25.83
43263.768,25.82
43263.871,25.83
43263.981,25.83
43264.076,25.85
43264.196,25.82
43264.282,25.83
43264.400,25.83
43264.503,25.83
43264.606,25.82
43264.695,25.85
43264.815,25.85
43264.913,25.82
43265.018,25.82
43265.114,25.8
43265.212,25.85
43265.307,25.82
43265.364,25.85
43265.464,25.85
43265.557,25.86
43265.655,25.82
43265.755,25.83
43265.851,25.82
43265.973,25.83
43266.074,25.85
43266.153,25.78
43266.250,25.83
43266.351,25.85
43266.467,25.82
43266.548,25.83
43266.667,25.86
43316.748,25.82
43316.854,25.86
43316.957,25.83
43317.064,25.85
43317.202,25.85
43317.253,25.88
43317.353,25.85
43317.457,25.88
43317.557,25.82
43317.668,25.83
43317.751,25.83
43317.873,25.82
43317.983,25.82
43318.079,25.86
43318.175,25.82
43318.282,25.82
43318.393,25.8
43318.491,25.82
43318.584,25.83
43318.692,25.85
43318.744,25.83
43318.905,25.82
43319.015,25.88
43319.099,25.8
43319.150,25.86
43319.244,25.85
43319.341,25.85
43319.447,25.83
43319.543,25.82
43319.647,25.85
43319.751,25.86
43319.861,25.88
43319.957,25.85
43320.052,25.85
43320.141,25.83
43320.256,25.82
43320.354,25.82
43320.452,25.82
43320.554,25.8
43320.648,25.85
43320.743,25.83
43320.853,25.82
43320.946,25.86
43321.042,25.83
43321.163,25.82
43321.265,25.8
43321.361,25.8
43321.464,25.85
43321.550,25.82
43321.646,25.78
43321.751,25.83
43321.837,25.85
43321.959,25.85
43322.040,25.86
43322.143,25.85
43322.246,25.85
43322.349,25.82
43322.427,25.83
43322.532,25.82
43322.690,25.86
43322.728,25.85
43322.888,25.83
43322.937,25.82
43323.033,25.82
43323.130,25.82
43323.226,25.85
43323.334,25.83
43323.425,25.82
43323.538,25.86
43323.641,25.86
43323.748,25.82
43323.839,25.82
43323.939,25.82
43324.042,25.85
43324.133,25.86
43324.224,25.82
43324.326,25.82
43324.422,25.88
43324.530,25.85
43324.641,25.8
43324.739,25.83
43324.837,25.82
43324.940,25.85
43325.035,25.85
43325.157,25.82
43325.263,25.85
43325.339,25.85
43325.459,25.86
43325.557,25.8
43325.647,25.83
43325.766,25.86
43325.863,25.82
43325.952,25.86
43326.067,25.83
43326.163,25.82
43326.285,25.8
43326.366,25.85
43326.479,25.83
43326.533,25.85
43326.616,25.85
43376.778,25.82
43376.829,25.85
43376.925,25.82
43377.028,25.83
43377.125,25.83
43377.217,25.82
43377.337,25.8
43377.429,25.8
43377.535,25.83
43377.636,25.83
43377.733,25.82
43377.837,25.83
43377.924,25.82
43378.025,25.83
43378.123,25.82
43378.231,25.82
43378.327,25.85
43378.425,25.85
43378.521,25.8
43378.641,25.82
43378.736,25.82
43378.834,25.82
43378.939,25.83
43379.049,25.85
43379.147,25.83
43379.243,25.82
43379.351,25.83
43379.446,25.83
43379.542,25.83
43379.641,25.82
43379.765,25.8
43379.861,25.83
43379.957,25.83
43380.040,25.82
43380.174,25.83
43380.270,25.82
43380.366,25.82
43380.408,25.82
43380.508,25.78
43380.609,25.78
43380.714,25.82
43380.822,25.82
43380.905,25.8
43381.025,25.83
43381.109,25.83
43381.234,25.83
43381.319,25.83
43381.415,25.82
43381.535,25.8
43381.601,25.82
43381.724,25.83
43381.800,25.8
43381.918,25.82
43382.015,25.83
43382.111,25.85
43382.246,25.83
43382.312,25.85
43382.413,25.85
43382.537,25.78
43382.619,25.82
43382.726,25.83
43382.822,25.85
43382.918,25.8
43383.025,25.83
43383.123,25.83
43383.241,25.8
43383.349,25.85
43383.440,25.82
43383.538,25.82
43383.636,25.85
43383.760,25.82
43383.856,25.88
43383.952,25.78
43384.049,25.82
43384.153,25.82
43384.201,25.78
43384.295,25.83
43384.396,25.82
43384.506,25.83
43384.601,25.82
43384.701,25.83
43384.819,25.82
43384.893,25.8
43385.011,25.82
43385.094,25.78
43385.209,25.83
43385.305,25.85
43385.408,25.78
43385.491,25.82
43385.597,25.8
43385.694,25.83
43385.807,25.8
43385.920,25.82
43386.011,25.85
43386.106,25.85
43386.202,25.83
43386.287,25.82
43386.400,25.82
43386.520,25.83
43386.616,25.83
43676.726,25.85
43676.824,25.82
43676.923,25.82
43677.023,25.78
43677.136,25.8
43677.234,25.78
43677.329,25.82
43677.435,25.83
43677.533,25.82
43677.586,25.82
43677.760,25.82
43677.832,25.82
43677.885,25.82
43677.983,25.83
43678.084,25.82
43678.189,25.78
43678.283,25.8
43678.381,25.8
43678.494,25.82
43678.599,25.82
43678.701,25.85
43678.778,25.82
43678.886,25.82
43678.993,25.82
43679.084,25.82
43679.182,25.8
43679.320,25.83
43679.376,25.82
43679.496,25.83
43679.596,25.82
43679.695,25.75
43679.777,25.82
43679.890,25.83
43680.008,25.82
43680.096,25.83
43680.192,25.82
43680.278,25.82
43680.400,25.83
43680.493,25.8
43680.614,25.82
43680.707,25.83
43680.810,25.83
43680.905,25.8
43681.022,25.85
43681.108,25.83
43681.229,25.82
43681.327,25.78
43681.381,25.85
43681.527,25.78
43681.579,25.78
43681.672,25.85
43681.768,25.83
43681.869,25.82
43682.037,25.8
43682.087,25.83
43682.168,25.82
43682.282,25.82
43682.381,25.83
43682.479,25.85
43682.582,25.86
43682.679,25.78
43682.775,25.82
43682.871,25.83
43682.974,25.85
43683.077,25.88
43683.180,25.85
43683.272,25.83
43683.386,25.8
43683.469,25.85
43683.567,25.82
43683.684,25.82
43683.778,25.85
43683.878,25.85
43684.006,25.85
43684.087,25.82
43684.165,25.85
43684.271,25.8
43684.386,25.82
43684.481,25.83
43684.601,25.85
43684.697,25.83
43684.765,25.82
43684.910,25.82
43685.008,25.85
43685.059,25.85
43685.226,25.83
43685.322,25.8
43685.418,25.85
43685.520,25.86
43685.619,25.82
43685.670,25.83
43685.766,25.8
43685.869,25.82
43685.967,25.85
43686.064,25.8
43686.168,25.82
43686.277,25.82
43686.373,25.85
43686.474,25.88
43686.581,25.82
43686.663,25.8
43736.761,25.85
43736.859,25.82
43736.969,25.82
43737.067,25.88
43737.165,25.82
43737.266,25.82
43737.356,25.85
43737.476,25.85
43737.574,25.82
43737.682,25.82
43737.770,25.82
43737.890,25.82
43737.986,25.83
43738.092,25.8
43738.187,25.78
43738.278,25.82
43738.353,25.82
43738.464,25.77
43738.562,25.85
43738.662,25.82
43738.783,25.8
43738.847,25.8
43738.947,25.85
43739.052,25.85
43739.152,25.82
43739.307,25.83
43739.359,25.78
43739.464,25.85
43739.614,25.83
43739.660,25.83
43739.753,25.82
43739.851,25.83
43739.954,25.83
43740.052,25.85
43740.147,25.78
43740.253,25.82
43740.344,25.83
43740.466,25.75
43740.560,25.83
43740.658,25.82
43740.758,25.8
43740.854,25.82
43740.952,25.83
43741.057,25.82
43741.155,25.82
43741.246,25.78
43741.356,25.82
43741.469,25.85
43741.565,25.83
43741.663,25.82
43741.768,25.83
43741.859,25.83
43741.981,25.82
43742.091,25.82
43742.182,25.8
43742.271,25.85
43742.349,25.85
43742.476,25.82
43742.559,25.83
43742.663,25.82
43742.739,25.8
43742.868,25.85
43742.942,25.85
43743.043,25.78
43743.148,25.85
43743.244,25.78
43743.336,25.8
43743.456,25.83
43743.604,25.83
43743.655,25.8
43743.751,25.83
43743.849,25.82
43743.951,25.85
43744.050,25.78
43744.147,25.82
43744.244,25.85
43744.341,25.82
43744.437,25.82
43744.533,25.8
43744.663,25.82
43744.751,25.8
43744.847,25.83
43744.944,25.83
43745.035,25.82
43745.147,25.82
43745.239,25.8
43745.359,25.85
43745.467,25.82
43745.565,25.85
43745.662,25.83
43745.766,25.82
43745.854,25.83
43745.976,25.85
43746.072,25.8
43746.177,25.82
43746.278,25.82
43746.376,25.82
43746.437,25.85
43746.527,25.83
43746.623,25.85
43796.726,25.83
43796.829,25.78
43796.927,25.85
43797.030,25.82
43797.131,25.85
43797.236,25.85
43797.342,25.8
43797.442,25.83
43797.530,25.82
43797.628,25.82
43797.736,25.82
43797.832,25.82
43798.015,25.85
43798.042,25.8
43798.140,25.83
43798.233,25.8
43798.339,25.85
43798.424,25.83
43798.523,25.85
43798.619,25.8
43798.722,25.82
43798.842,25.8
43798.937,25.83
43799.030,25.82
43799.143,25.78
43799.239,25.83
43799.359,25.8
43799.440,25.82
43799.552,25.8
43799.648,25.8
43799.768,25.83
43799.851,25.83
43799.949,25.82
43800.071,25.85
43800.177,25.85
43800.265,25.82
43800.317,25.82
43800.478,25.82
43800.587,25.77
43800.616,25.82
43800.712,25.8
43800.878,25.85
43800.912,25.82
43801.025,25.82
43801.130,25.83
43801.229,25.82
43801.326,25.85
43801.432,25.78
43801.513,25.85
43801.646,25.82
43801.729,25.85
43801.826,25.78
43801.927,25.78
43802.013,25.83
43802.114,25.8
43802.212,25.83
43802.310,25.85
43802.425,25.82
43802.521,25.83
43802.640,25.78
43802.750,25.83
43802.842,25.85
43802.937,25.8
43803.033,25.8
43803.125,25.85
43803.228,25.85
43803.351,25.82
43803.447,25.82
43803.552,25.82
43803.646,25.85
43803.763,25.83
43803.817,25.82
43803.944,25.8
43804.064,25.8
43804.157,25.85
43804.263,25.8
43804.363,25.83
43804.413,25.82
43804.510,25.83
43804.609,25.83
43804.707,25.85
43804.805,25.82
43804.908,25.85
43805.016,25.82
43805.114,25.82
43805.214,25.83
43805.322,25.83
43805.405,25.82
43805.506,25.86
43805.609,25.8
43805.712,25.8
43805.812,25.86
43805.918,25.8
43806.001,25.85
43806.101,25.82
43806.219,25.83
43806.315,25.85
43806.425,25.83
43806.513,25.85
43806.606,25.75
43856.728,25.85
43856.812,25.82
43856.930,25.78
43857.025,25.82
43857.125,25.83
43857.228,25.82
43857.324,25.82
43857.445,25.85
43857.528,25.83
43857.641,25.85
43857.690,25.78
43857.851,25.85
43857.895,25.83
43857.989,25.85
43858.153,25.78
43858.263,25.82
43858.305,25.82
43858.397,25.83
43858.494,25.82
43858.599,25.85
43858.697,25.83
43858.804,25.82
43858.908,25.78
43858.996,25.82
43859.092,25.82
43859.196,25.8
43859.300,25.85
43859.388,25.8
43859.484,25.83
43859.587,25.82
43859.731,25.85
43859.800,25.83
43859.898,25.83
43859.996,25.88
43860.101,25.85
43860.212,25.82
43860.309,25.8
43860.405,25.88
43860.511,25.85
43860.609,25.82
43860.712,25.78
43860.805,25.8
43860.927,25.85
43861.025,25.75
43861.121,25.82
43861.214,25.82
43861.337,25.78
43861.434,25.86
43861.530,25.8
43861.638,25.85
43861.734,25.82
43861.785,25.82
43861.878,25.83
43861.984,25.82
43862.079,25.82
43862.179,25.82
43862.277,25.85
43862.396,25.82
43862.491,25.85
43862.594,25.82
43862.695,25.8
43862.792,25.83
43862.891,25.78
43862.993,25.8
43863.082,25.88
43863.184,25.82
43863.287,25.78
43863.407,25.82
43863.494,25.82
43863.574,25.85
43863.684,25.82
43863.773,25.82
43863.890,25.82
43863.986,25.78
43864.081,25.82
43864.184,25.82
43864.305,25.82
43864.405,25.83
43864.508,25.78
43864.594,25.85
43864.717,25.82
43864.815,25.82
43864.920,25.8
43865.016,25.78
43865.113,25.8
43865.207,25.82
43865.268,25.82
43865.427,25.83
43865.525,25.82
43865.618,25.8
43865.724,25.78
43865.775,25.83
43865.876,25.78
43865.979,25.77
43866.077,25.83
43866.174,25.8
43866.273,25.82
43866.371,25.82
43866.467,25.82
43866.567,25.8
43866.667,25.82
43916.783,25.82
43916.869,25.82
43916.967,25.82
43917.082,25.82
43917.177,25.83
43917.263,25.82
43917.366,25.82
43917.469,25.8
43917.572,25.85
43917.677,25.8
43917.773,25.83
43917.859,25.82
43917.981,25.85
43918.070,25.78
43918.185,25.83
43918.295,25.82
43918.393,25.82
43918.489,25.83
43918.596,25.83
43918.696,25.83
43918.815,25.78
43918.920,25.8
43919.008,25.83
43919.106,25.82
43919.158,25.8
43919.258,25.78
43919.420,25.85
43919.518,25.83
43919.567,25.83
43919.655,25.78
43919.763,25.82
43919.863,25.78
43919.959,25.82
43920.052,25.85
43920.153,25.85
43920.273,25.82
43920.434,25.83
43920.484,25.8
43920.557,25.82
43920.658,25.82
43920.756,25.82
43920.869,25.82
43920.967,25.82
43921.064,25.77
43921.168,25.82
43921.263,25.82
43921.361,25.82
43921.454,25.78
43921.557,25.8
43921.680,25.82
43921.778,25.8
43921.858,25.85
43921.966,25.82
43922.086,25.82
43922.182,25.82
43922.295,25.82
43922.391,25.78
43922.488,25.83
43922.594,25.83
43922.704,25.82
43922.802,25.82
43922.898,25.82
43923.006,25.85
43923.104,25.86
43923.201,25.78
43923.251,25.83
43923.354,25.86
43923.452,25.82
43923.550,25.8
43923.662,25.82
43923.744,25.82
43923.856,25.82
43923.961,25.8
43924.065,25.82
43924.152,25.83
43924.275,25.82
43924.363,25.82
43924.457,25.78
43924.543,25.82
43924.641,25.82
43924.761,25.85
43924.842,25.86
43924.962,25.8
43925.062,25.82
43925.167,25.85
43925.251,25.8
43925.354,25.8
43925.447,25.82
43925.577,25.83
43925.675,25.83
43925.771,25.83
43925.868,25.83
43925.972,25.78
43926.070,25.82
43926.163,25.85
43926.270,25.82
43926.380,25.82
43926.476,25.82
43926.597,25.85
43926.680,25.85
43976.731,25.78
43976.895,25.82
43977.003,25.82
43977.091,25.75
43977.141,25.8
43977.239,25.8
43977.336,25.83
43977.439,25.83
43977.535,25.82
43977.635,25.85
43977.739,25.83
43977.851,25.83
43977.947,25.8
43978.045,25.82
43978.130,25.82
43978.229,25.85
43978.349,25.82
43978.427,25.82
43978.543,25.78
43978.640,25.82
43978.741,25.82
43978.842,25.82
43978.952,25.82
43979.042,25.78
43979.133,25.82
43979.253,25.78
43979.349,25.85
43979.442,25.77
43979.543,25.85
43979.623,25.8
43979.723,25.85
43979.824,25.82
43979.944,25.78
43980.038,25.85
43980.138,25.78
43980.246,25.78
43980.356,25.8
43980.479,25.82
43980.577,25.82
43980.628,25.74
43980.728,25.82
43980.829,25.8
43980.924,25.8
43981.089,25.78
43981.121,25.85
43981.239,25.82
43981.332,25.82
43981.437,25.82
43981.537,25.77
43981.633,25.8
43981.734,25.82
43981.820,25.78
43981.918,25.8
43982.038,25.78
43982.150,25.82
43982.234,25.8
43982.334,25.8
43982.432,25.82
43982.516,25.8
43982.631,25.82
43982.726,25.82
43982.824,25.83
43982.932,25.8
43983.035,25.8
43983.133,25.8
43983.251,25.78
43983.315,25.8
43983.422,25.8
43983.548,25.83
43983.640,25.82
43983.761,25.8
43983.861,25.83
43983.957,25.83
43984.055,25.82
43984.175,25.8
43984.272,25.8
43984.356,25.83
43984.469,25.83
43984.516,25.83
43984.611,25.77
43984.722,25.82
43984.817,25.82
43984.915,25.78
43985.011,25.77
43985.118,25.78
43985.214,25.77
43985.312,25.83
43985.413,25.82
43985.525,25.83
43985.696,25.82
43985.724,25.78
43985.824,25.78
43985.913,25.82
43986.011,25.77
43986.116,25.78
43986.214,25.82
43986.312,25.78
43986.415,25.82
43986.523,25.82
43986.625,25.82
44276.721,25.82
44276.815,25.82
44276.927,25.78
44277.037,25.78
44277.131,25.82
44277.228,25.82
44277.339,25.78
44277.439,25.8
44277.538,25.78
44277.635,25.83
44277.755,25.82
44277.853,25.8
44277.949,25.82
44278.001,25.83
44278.099,25.86
44278.261,25.85
44278.358,25.78
44278.398,25.82
44278.506,25.78
44278.603,25.8
44278.704,25.8
44278.812,25.82
44278.917,25.77
44279.016,25.8
44279.175,25.82
44279.207,25.82
44279.305,25.83
44279.400,25.78
44279.498,25.83
44279.616,25.82
44279.714,25.82
44279.795,25.82
44279.910,25.8
44280.008,25.8
44280.092,25.83
44280.195,25.8
44280.305,25.8
44280.403,25.83
44280.505,25.8
44280.611,25.82
44280.714,25.83
44280.790,25.8
44280.893,25.78
44280.998,25.82
44281.101,25.83
44281.226,25.85
44281.312,25.82
44281.430,25.82
44281.523,25.85
44281.643,25.83
44281.748,25.82
44281.847,25.8
44281.946,25.82
44282.042,25.8
44282.097,25.8
44282.190,25.78
44282.287,25.77
44282.395,25.85
44282.486,25.82
44282.587,25.75
44282.706,25.78
44282.807,25.78
44282.891,25.78
44282.991,25.78
44283.084,25.78
44283.197,25.77
44283.295,25.78
44283.402,25.77
44283.498,25.82
44283.587,25.78
44283.692,25.85
44283.797,25.85
44283.881,25.82
44284.001,25.78
44284.111,25.82
44284.187,25.83
44284.292,25.8
44284.402,25.78
44284.498,25.8
44284.577,25.8
44284.679,25.82
44284.787,25.82
44284.888,25.8
44285.011,25.8
44285.096,25.82
44285.222,25.75
44285.299,25.8
44285.425,25.82
44285.476,25.82
44285.628,25.85
44285.682,25.83
44285.842,25.82
44285.935,25.8
44285.986,25.8
44286.077,25.8
44286.182,25.82
44286.278,25.83
44286.375,25.82
44286.481,25.8
44286.592,25.82
44286.687,25.78
44336.787,25.8
44336.873,25.8
44336.986,25.78
44337.082,25.82
44337.177,25.8
44337.285,25.82
44337.381,25.78
44337.476,25.82
44337.584,25.8
44337.668,25.82
44337.792,25.78
44337.888,25.78
44337.998,25.82
44338.094,25.8
44338.195,25.8
44338.293,25.82
44338.386,25.82
44338.508,25.82
44338.604,25.78
44338.685,25.8
44338.821,25.8
44338.917,25.82
44339.022,25.82
44339.123,25.8
44339.223,25.83
44339.319,25.78
44339.423,25.82
44339.462,25.85
44339.626,25.83
44339.723,25.82
44339.834,25.82
44339.861,25.82
44339.981,25.82
44340.072,25.82
44340.180,25.82
44340.277,25.82
44340.376,25.78
44340.474,25.82
44340.565,25.82
44340.662,25.78
44340.758,25.86
44340.893,25.77
44340.974,25.8
44341.072,25.78
44341.168,25.82
44341.260,25.78
44341.375,25.82
44341.459,25.83
44341.570,25.8
44341.667,25.77
44341.771,25.8
44341.878,25.8
44341.994,25.8
44342.060,25.8
44342.180,25.78
44342.271,25.78
44342.405,25.86
44342.503,25.82
44342.599,25.82
44342.687,25.83
44342.800,25.82
44342.897,25.78
44343.018,25.8
44343.099,25.82
44343.217,25.78
44343.315,25.83
44343.413,25.8
44343.508,25.83
44343.559,25.82
44343.658,25.83
44343.758,25.82
44343.856,25.82
44343.959,25.78
44344.057,25.78
44344.158,25.82
44344.268,25.8
44344.368,25.82
44344.462,25.82
44344.567,25.8
44344.655,25.78
44344.765,25.78
44344.861,25.82
44344.967,25.82
44345.062,25.82
44345.158,25.8
44345.255,25.78
44345.354,25.8
44345.454,25.82
44345.555,25.82
44345.670,25.78
44345.760,25.82
44345.869,25.8
44345.947,25.8
44346.055,25.78
44346.177,25.82
44346.298,25.8
44346.405,25.82
44346.494,25.77
44346.589,25.75
44346.689,25.78
44396.741,25.83
44396.842,25.78
44397.005,25.78
44397.101,25.82
44397.140,25.83
44397.243,25.82
44397.341,25.85
44397.464,25.78
44397.554,25.82
44397.650,25.83
44397.750,25.78
44397.844,25.78
44397.942,25.8
44398.035,25.88
44398.160,25.78
44398.243,25.78
44398.371,25.8
44398.444,25.83
44398.542,25.77
44398.650,25.78
44398.746,25.8
44398.844,25.78
44398.940,25.8
44399.048,25.8
44399.148,25.77
44399.239,25.78
44399.349,25.82
44399.459,25.78
44399.557,25.85
44399.653,25.82
44399.756,25.82
44399.876,25.82
44399.971,25.82
44400.079,25.82
44400.165,25.78
44400.265,25.8
44400.383,25.82
44400.491,25.8
44400.591,25.75
44400.690,25.83
44400.787,25.8
44400.886,25.78
44400.984,25.8
44401.035,25.83
44401.133,25.78
44401.228,25.78
44401.327,25.8
44401.425,25.8
44401.550,25.8
44401.648,25.78
44401.746,25.82
44401.832,25.82
44401.940,25.83
44402.037,25.82
44402.136,25.78
44402.228,25.82
44402.329,25.8
44402.427,25.78
44402.525,25.82
44402.652,25.78
44402.744,25.8
44402.839,25.78
44402.939,25.82
44403.042,25.82
44403.138,25.8
44403.233,25.85
44403.354,25.82
44403.456,25.77
44403.550,25.82
44403.647,25.8
44403.756,25.82
44403.866,25.83
44403.962,25.82
44404.062,25.82
44404.165,25.78
44404.268,25.8
44404.319,25.8
44404.418,25.8
44404.584,25.78
44404.680,25.78
44404.734,25.82
44404.873,25.78
44404.925,25.83
44405.023,25.8
44405.123,25.8
44405.224,25.82
44405.334,25.8
44405.427,25.78
44405.538,25.8
44405.614,25.8
44405.714,25.82
44405.821,25.77
44405.927,25.82
44406.027,25.82
44406.121,25.82
44406.216,25.82
44406.327,25.78
44406.418,25.82
44406.518,25.78
44406.636,25.8
44456.738,25.83
44456.836,25.82
44456.934,25.82
44457.030,25.8
44457.131,25.82
44457.228,25.82
44457.349,25.8
44457.432,25.8
44457.543,25.78
44457.660,25.82
44457.758,25.78
44457.842,25.82
44457.962,25.78
44458.059,25.82
44458.165,25.78
44458.209,25.75
44458.373,25.78
44458.423,25.82
44458.576,25.83
44458.670,25.78
44458.721,25.78
44458.810,25.8
44458.924,25.83
44459.018,25.82
44459.119,25.78
44459.224,25.82
44459.314,25.8
44459.408,25.78
44459.506,25.78
44459.635,25.78
44459.699,25.78
44459.800,25.82
44459.922,25.82
44460.001,25.8
44460.111,25.78
44460.209,25.78
44460.324,25.85
44460.413,25.82
44460.511,25.82
44460.606,25.78
44460.712,25.78
44460.810,25.8
44460.930,25.82
44461.030,25.83
44461.148,25.8
44461.244,25.8
44461.344,25.82
44461.439,25.78
44461.543,25.8
44461.638,25.8
44461.758,25.82
44461.839,25.78
44461.949,25.78
44462.045,25.82
44462.098,25.8
44462.251,25.77
44462.302,25.8
44462.397,25.75
44462.494,25.78
44462.599,25.78
44462.695,25.82
44462.800,25.78
44462.903,25.78
44463.011,25.8
44463.114,25.8
44463.190,25.78
44463.310,25.82
44463.402,25.8
44463.505,25.78
44463.609,25.77
44463.702,25.8
44463.795,25.78
44463.893,25.8
44464.000,25.82
44464.106,25.8
44464.202,25.83
44464.300,25.78
44464.403,25.8
44464.498,25.78
44464.619,25.8
44464.714,25.78
44464.824,25.78
44464.923,25.85
44465.023,25.8
44465.119,25.8
44465.239,25.8
44465.337,25.78
44465.432,25.78
44465.513,25.78
44465.648,25.8
44465.746,25.78
44465.844,25.77
44465.883,25.77
44465.984,25.82
44466.082,25.78
44466.250,25.82
44466.295,25.8
44466.390,25.8
44466.486,25.78
44466.592,25.78
44466.689,25.77
44516.788,25.82
44516.885,25.82
44516.986,25.85
44517.084,25.83
44517.179,25.78
44517.277,25.82
44517.388,25.85
44517.484,25.78
44517.582,25.82
44517.722,25.83
44517.773,25.77
44517.878,25.8
44517.998,25.82
44518.087,25.8
44518.187,25.8
44518.273,25.8
44518.395,25.78
44518.498,25.83
44518.574,25.78
44518.719,25.83
44518.824,25.8
44518.910,25.78
44519.013,25.82
44519.106,25.78
44519.234,25.8
44519.332,25.82
44519.429,25.78
44519.525,25.82
44519.626,25.85
44519.748,25.82
44519.775,25.78
44519.873,25.78
44519.972,25.78
44520.074,25.8
44520.179,25.85
44520.293,25.8
44520.388,25.75
44520.484,25.8
44520.589,25.82
44520.684,25.8
44520.780,25.82
44520.878,25.8
44520.974,25.85
44521.071,25.78
44521.173,25.78
44521.271,25.82
44521.366,25.82
44521.484,25.78
44521.581,25.82
44521.687,25.82
44521.785,25.78
44521.886,25.82
44521.981,25.78
44522.079,25.78
44522.199,25.82
44522.295,25.8
44522.385,25.77
44522.498,25.78
44522.565,25.78
44522.665,25.78
44522.768,25.82
44522.910,25.77
44522.978,25.83
44523.079,25.78
44523.180,25.82
44523.280,25.8
44523.388,25.82
44523.464,25.78
44523.565,25.78
44523.670,25.8
44523.766,25.78
44523.871,25.78
44523.969,25.8
44524.072,25.82
44524.170,25.8
44524.275,25.78
44524.359,25.82
44524.478,25.8
44524.557,25.8
44524.674,25.82
44524.793,25.78
44524.864,25.82
44524.961,25.78
44525.070,25.78
44525.160,25.82
44525.258,25.78
44525.354,25.78
44525.456,25.8
44525.577,25.82
44525.677,25.78
44525.771,25.78
44525.873,25.78
44525.994,25.8
44526.092,25.82
44526.173,25.77
44526.283,25.82
44526.403,25.8
44526.501,25.8
44526.584,25.82
44526.704,25.8
44576.799,25.82
44576.907,25.82
44576.998,25.78
44577.050,25.82
44577.152,25.82
44577.319,25.78
44577.347,25.82
44577.445,25.78
44577.611,25.83
44577.712,25.82
44577.761,25.78
44577.856,25.82
44577.956,25.75
44578.057,25.8
44578.155,25.8
44578.251,25.8
44578.344,25.75
44578.446,25.78
44578.552,25.82
44578.653,25.8
44578.746,25.85
44578.856,25.83
44578.945,25.78
44579.043,25.8
44579.157,25.78
44579.246,25.8
44579.351,25.77
44579.456,25.82
44579.560,25.75
44579.663,25.83
44579.748,25.78
44579.858,25.8
44579.959,25.83
44580.082,25.8
44580.182,25.78
44580.283,25.8
44580.383,25.78
44580.481,25.85
44580.584,25.82
44580.696,25.82
44580.790,25.82
44580.888,25.82
44580.994,25.8
44581.087,25.77
44581.138,25.82
44581.234,25.82
44581.342,25.78
44581.442,25.8
44581.540,25.78
44581.640,25.82
44581.748,25.85
44581.846,25.82
44581.930,25.82
44582.054,25.78
44582.136,25.85
44582.234,25.82
44582.329,25.78
44582.442,25.8
44582.538,25.77
44582.635,25.82
44582.731,25.82
44582.831,25.8
44582.952,25.86
44583.048,25.82
44583.155,25.82
44583.244,25.78
44583.344,25.8
44583.442,25.78
44583.567,25.8
44583.631,25.83
44583.729,25.8
44583.842,25.82
44583.959,25.82
44584.079,25.82
44584.177,25.8
44584.256,25.77
44584.369,25.78
44584.423,25.82
44584.525,25.85
44584.626,25.82
44584.723,25.85
44584.888,25.82
44584.991,25.82
44585.037,25.8
44585.128,25.8
44585.226,25.8
44585.322,25.78
44585.430,25.82
44585.533,25.8
44585.631,25.82
44585.728,25.83
44585.841,25.82
44585.939,25.82
44586.018,25.83
44586.119,25.8
44586.236,25.8
44586.334,25.8
44586.430,25.8
44586.530,25.82
44586.628,25.78
44876.724,25.78
44876.829,25.8
44876.942,25.8
44877.025,25.8
44877.146,25.77
44877.241,25.78
44877.334,25.83
44877.437,25.82
44877.518,25.82
44877.626,25.8
44877.746,25.82
44877.834,25.78
44877.947,25.8
44878.040,25.82
44878.160,25.82
44878.212,25.83
44878.369,25.78
44878.423,25.8
44878.577,25.82
44878.668,25.83
44878.712,25.82
44878.810,25.78
44878.976,25.8
44879.079,25.78
44879.131,25.8
44879.233,25.82
44879.327,25.78
44879.427,25.78
44879.525,25.8
44879.630,25.8
44879.724,25.78
44879.815,25.82
44879.912,25.78
44880.010,25.83
44880.138,25.78
44880.226,25.82
44880.324,25.82
44880.422,25.83
44880.511,25.85
44880.616,25.77
44880.736,25.8
44880.832,25.78
44880.918,25.82
44881.038,25.82
44881.131,25.8
44881.239,25.85
44881.349,25.82
44881.445,25.82
44881.543,25.82
44881.652,25.82
44881.748,25.8
44881.805,25.82
44881.920,25.8
44882.000,25.83
44882.099,25.82
44882.202,25.8
44882.304,25.83
44882.457,25.8
44882.510,25.78
44882.611,25.82
44882.711,25.82
44882.810,25.78
44882.912,25.78
44883.008,25.82
44883.103,25.82
44883.204,25.82
44883.302,25.8
44883.398,25.85
44883.513,25.82
44883.609,25.77
44883.712,25.77
44883.812,25.78
44883.903,25.77
44884.001,25.78
44884.099,25.77
44884.194,25.8
44884.314,25.75
44884.415,25.82
44884.513,25.82
44884.616,25.78
44884.707,25.78
44884.829,25.77
44884.915,25.75
44885.028,25.82
44885.126,25.78
44885.221,25.77
44885.327,25.78
44885.423,25.8
44885.543,25.8
44885.598,25.78
44885.702,25.83
44885.812,25.8
44885.893,25.78
44886.037,25.78
44886.087,25.8
44886.187,25.8
44886.293,25.8
44886.454,25.77
44886.506,25.78
44886.587,25.8
44886.684,25.77
44936.804,25.78
44936.898,25.78
44936.994,25.85
44937.119,25.82
44937.190,25.8
44937.302,25.8
44937.398,25.82
44937.488,25.77
44937.599,25.8
44937.696,25.8
44937.790,25.77
44937.898,25.82
44938.000,25.8
44938.094,25.8
44938.194,25.77
44938.292,25.78
44938.413,25.8
44938.508,25.83
44938.589,25.8
44938.704,25.78
44938.802,25.8
44938.922,25.78
44939.027,25.82
44939.123,25.75
44939.219,25.82
44939.326,25.83
44939.440,25.82
44939.537,25.8
44939.636,25.8
44939.736,25.77
44939.834,25.8
44939.886,25.78
44939.988,25.82
44940.086,25.78
44940.180,25.8
44940.277,25.83
44940.381,25.78
44940.489,25.78
44940.587,25.82
44940.684,25.8
44940.799,25.78
44940.878,25.82
44940.998,25.83
44941.072,25.77
44941.211,25.83
44941.283,25.77
44941.380,25.82
44941.473,25.83
44941.574,25.78
44941.668,25.82
44941.790,25.82
44941.898,25.78
44941.986,25.78
44942.106,25.85
44942.201,25.78
44942.283,25.82
44942.405,25.77
44942.501,25.77
44942.596,25.78
44942.702,25.82
44942.799,25.78
44942.920,25.75
44943.001,25.82
44943.111,25.8
44943.209,25.78
44943.329,25.77
44943.369,25.77
44943.532,25.83
44943.628,25.83
44943.736,25.82
44943.829,25.78
44943.949,25.83
44943.986,25.83
44944.072,25.8
44944.170,25.78
44944.266,25.78
44944.381,25.78
44944.471,25.8
44944.584,25.75
44944.665,25.78
44944.766,25.82
44944.861,25.8
44944.973,25.8
44945.074,25.8
44945.175,25.78
44945.260,25.8
44945.368,25.78
44945.464,25.85
44945.572,25.78
44945.670,25.82
44945.773,25.8
44945.873,25.75
44945.959,25.82
44946.079,25.8
44946.163,25.78
44946.332,25.8
44946.381,25.77
44946.501,25.78
44946.598,25.82
44946.687,25.82
44996.809,25.78
44996.905,25.82
44997.003,25.78
44997.114,25.8
44997.158,25.78
44997.256,25.8
44997.353,25.78
44997.459,25.8
44997.557,25.82
44997.652,25.8
44997.822,25.8
44997.873,25.75
44997.949,25.78
44998.069,25.8
44998.168,25.82
44998.271,25.77
44998.437,25.77
44998.464,25.8
44998.554,25.82
44998.652,25.82
44998.750,25.8
44998.881,25.77
44998.964,25.78
44999.060,25.85
44999.158,25.82
44999.256,25.83
44999.361,25.78
44999.457,25.82
44999.554,25.77
44999.667,25.78
44999.758,25.8
44999.881,25.78
44999.981,25.82
45000.067,25.8
45000.187,25.8
45000.280,25.78
45000.395,25.78
45000.447,25.8
45000.554,25.83
45000.653,25.77
45000.790,25.8
45000.873,25.78
45001.000,25.82
45001.049,25.82
45001.141,25.82
45001.305,25.78
45001.356,25.77
45001.452,25.8
45001.549,25.82
45001.646,25.82
45001.744,25.78
45001.844,25.82
45001.945,25.77
45002.045,25.78
45002.143,25.78
45002.258,25.82
45002.359,25.78
45002.457,25.78
45002.581,25.78
45002.655,25.82
45002.755,25.82
45002.848,25.8
45002.944,25.83
45003.035,25.8
45003.158,25.8
45003.253,25.78
45003.359,25.78
45003.459,25.75
45003.555,25.77
45003.660,25.82
45003.771,25.8
45003.864,25.78
45003.964,25.86
45004.071,25.78
45004.162,25.82
45004.282,25.82
45004.393,25.85
45004.483,25.8
45004.582,25.8
45004.679,25.78
45004.731,25.78
45004.829,25.8
45004.929,25.82
45005.092,25.78
45005.133,25.83
45005.244,25.78
45005.344,25.82
45005.442,25.78
45005.525,25.78
45005.630,25.77
45005.746,25.78
45005.907,25.8
45005.939,25.8
45006.035,25.82
45006.136,25.78
45006.229,25.78
45006.342,25.78
45006.423,25.8
45006.528,25.78
45006.638,25.82
45056.736,25.82
45056.832,25.78
45056.927,25.78
45057.035,25.8
45057.133,25.78
45057.253,25.82
45057.332,25.77
45057.442,25.82
45057.549,25.78
45057.645,25.72
45057.748,25.78
45057.849,25.8
45057.952,25.8
45058.069,25.77
45058.157,25.77
45058.268,25.78
45058.361,25.78
45058.479,25.77
45058.516,25.8
45058.621,25.86
45058.719,25.77
45058.829,25.82
45058.922,25.78
45059.020,25.77
45059.119,25.77
45059.229,25.8
45059.331,25.8
45059.432,25.77
45059.540,25.77
45059.621,25.75
45059.719,25.78
45059.822,25.82
45059.929,25.78
45060.057,25.83
45060.111,25.82
45060.219,25.78
45060.317,25.77
45060.415,25.77
45060.533,25.8
45060.641,25.78
45060.733,25.82
45060.829,25.82
45060.925,25.8
45061.023,25.82
45061.145,25.78
45061.241,25.78
45061.337,25.83
45061.447,25.82
45061.550,25.8
45061.643,25.78
45061.744,25.77
45061.858,25.8
45061.956,25.78
45062.054,25.77
45062.153,25.8
45062.207,25.8
45062.369,25.78
45062.479,25.78
45062.508,25.8
45062.606,25.8
45062.704,25.78
45062.866,25.8
45062.917,25.78
45063.015,25.8
45063.114,25.8
45063.212,25.78
45063.324,25.82
45063.425,25.75
45063.523,25.8
45063.616,25.77
45063.741,25.78
45063.812,25.82
45063.910,25.8
45064.016,25.78
45064.114,25.82
45064.199,25.8
45064.314,25.78
45064.403,25.8
45064.511,25.82
45064.614,25.82
45064.726,25.82
45064.820,25.77
45064.898,25.78
45065.001,25.8
45065.101,25.82
45065.209,25.82
45065.327,25.77
45065.427,25.77
45065.513,25.83
45065.613,25.82
45065.717,25.8
45065.810,25.78
45065.927,25.8
45066.045,25.77
45066.097,25.78
45066.202,25.82
45066.305,25.78
45066.459,25.8
45066.564,25.77
45066.592,25.82
45066.690,25.8
45116.792,25.8
45116.890,25.78
45117.003,25.82
45117.103,25.78
45117.197,25.77
45117.302,25.8
45117.396,25.75
45117.493,25.8
45117.591,25.82
45117.692,25.85
45117.810,25.8
45117.930,25.78
45117.991,25.77
45118.104,25.78
45118.201,25.8
45118.300,25.78
45118.402,25.82
45118.498,25.78
45118.619,25.8
45118.726,25.78
45118.807,25.78
45118.927,25.82
45119.023,25.82
45119.136,25.82
45119.234,25.78
45119.331,25.82
45119.425,25.78
45119.530,25.8
45119.581,25.8
45119.741,25.82
45119.829,25.77
45119.942,25.8
45119.991,25.82
45120.084,25.8
45120.197,25.8
45120.342,25.78
45120.396,25.77
45120.491,25.8
45120.587,25.75
45120.687,25.77
45120.809,25.82
45120.878,25.78
45120.998,25.82
45121.099,25.75
45121.197,25.82
45121.298,25.78
45121.388,25.77
45121.486,25.78
45121.587,25.78
45121.689,25.78
45121.783,25.75
45121.883,25.82
45121.984,25.8
45122.072,25.77
45122.192,25.82
45122.277,25.78
45122.373,25.78
45122.486,25.8
45122.611,25.83
45122.714,25.78
45122.812,25.78
45122.910,25.75
45123.006,25.77
45123.081,25.8
45123.229,25.8
45123.324,25.78
45123.420,25.78
45123.474,25.85
45123.572,25.75
45123.668,25.8
45123.834,25.82
45123.871,25.78
45123.979,25.8
45124.072,25.78
45124.174,25.77
45124.287,25.82
45124.385,25.8
45124.484,25.82
45124.650,25.8
45124.679,25.85
45124.800,25.8
45124.869,25.78
45124.974,25.78
45125.076,25.82
45125.174,25.83
45125.270,25.8
45125.369,25.77
45125.467,25.77
45125.562,25.78
45125.675,25.8
45125.778,25.82
45125.876,25.78
45125.994,25.78
45126.076,25.75
45126.187,25.77
45126.280,25.78
45126.402,25.75
45126.486,25.75
45126.655,25.8
45126.680,25.82
45176.778,25.82
45176.905,25.8
45176.969,25.82
45177.113,25.82
45177.223,25.82
45177.317,25.8
45177.415,25.75
45177.489,25.78
45177.570,25.77
45177.660,25.78
45177.761,25.8
45177.871,25.77
45177.961,25.83
45178.072,25.82
45178.168,25.77
45178.280,25.82
45178.364,25.78
45178.464,25.78
45178.560,25.78
45178.674,25.78
45178.793,25.78
45178.866,25.77
45178.961,25.75
45179.060,25.74
45179.158,25.78
45179.251,25.75
45179.383,25.78
45179.474,25.75
45179.571,25.78
45179.667,25.75
45179.763,25.82
45179.886,25.77
45179.986,25.83
45180.081,25.77
45180.187,25.75
45180.287,25.77
45180.403,25.82
45180.488,25.78
45180.599,25.78
45180.697,25.75
45180.795,25.8
45180.898,25.78
45180.949,25.77
45181.109,25.78
45181.221,25.77
45181.246,25.78
45181.349,25.78
45181.447,25.82
45181.550,25.78
45181.657,25.82
45181.760,25.78
45181.861,25.77
45181.957,25.77
45182.052,25.78
45182.150,25.78
45182.243,25.77
45182.349,25.77
45182.449,25.85
45182.545,25.82
45182.645,25.78
45182.760,25.8
45182.858,25.78
45182.952,25.78
45183.057,25.8
45183.141,25.77
45183.263,25.78
45183.361,25.8
45183.471,25.78
45183.567,25.78
45183.663,25.77
45183.761,25.77
45183.863,25.85
45183.983,25.8
45184.082,25.78
45184.165,25.8
45184.273,25.77
45184.369,25.78
45184.491,25.75
45184.598,25.75
45184.695,25.78
45184.795,25.82
45184.896,25.78
45184.935,25.77
45185.035,25.77
45185.136,25.78
45185.231,25.82
45185.331,25.75
45185.430,25.8
45185.547,25.78
45185.655,25.82
45185.748,25.78
45185.849,25.82
45185.949,25.8
45186.045,25.78
45186.141,25.78
45186.239,25.78
45186.339,25.77
45186.437,25.78
45186.533,25.77
45186.638,25.82
45186.661,25.77
45186.760,25.77
45186.864,25.75
45186.966,25.82
45187.070,25.78
45187.173,25.78
45187.251,25.77
45187.360,25.8
45187.462,25.75
45187.582,25.77
45187.673,25.75
45187.781,25.8
45187.901,25.75
45187.994,25.82
45188.085,25.78
45188.201,25.78
45188.296,25.78
45188.350,25.82
45188.499,25.82
45188.611,25.78
45188.709,25.78
45188.760,25.82
45188.910,25.78
45188.962,25.78
45189.055,25.78
45189.152,25.77
45189.258,25.8
45189.360,25.78
45189.456,25.78
45189.558,25.8
45189.646,25.77
45189.766,25.78
45189.862,25.75
45189.970,25.78
45190.057,25.78
45190.156,25.77
45190.259,25.77
45190.359,25.8
45190.456,25.82
45190.552,25.78
45190.647,25.8
45190.750,25.78
45190.869,25.77
45190.966,25.78
45191.071,25.82
45191.160,25.8
45191.262,25.8
45191.382,25.78
45191.482,25.75
45191.575,25.78
45191.652,25.78
45191.757,25.78
45191.861,25.77
45191.966,25.78
45192.086,25.75
45192.139,25.78
45192.299,25.78
45192.395,25.77
45192.446,25.78
45192.540,25.78
45192.645,25.8
45192.741,25.77
45192.909,25.78
45192.953,25.82
45193.050,25.8
45193.152,25.82
45193.251,25.82
45193.346,25.82
45193.443,25.82
45193.542,25.83
45193.644,25.82
45193.739,25.78
45193.833,25.8
45193.930,25.78
45194.050,25.78
45194.138,25.78
45194.241,25.78
45194.341,25.8
45194.449,25.8
45194.552,25.78
45194.650,25.82
45194.747,25.75
45194.859,25.82
45194.958,25.77
45195.058,25.8
45195.161,25.78
45195.254,25.75
45195.376,25.78
45195.481,25.77
45195.570,25.8
45195.690,25.82
45195.786,25.78
45195.870,25.8
45195.988,25.78
45196.088,25.75
45196.185,25.77
45196.285,25.8
45196.337,25.82
45196.429,25.78
45196.529,25.78
45196.635,25.82
45246.732,25.8
45246.830,25.78
45246.951,25.77
45247.023,25.78
45247.153,25.82
45247.231,25.8
45247.341,25.78
45247.463,25.82
45247.532,25.78
45247.627,25.8
45247.729,25.8
45247.826,25.82
45247.923,25.77
45248.018,25.77
45248.121,25.8
45248.243,25.82
45248.337,25.83
45248.430,25.78
45248.527,25.75
45248.652,25.77
45248.745,25.78
45248.859,25.82
45248.956,25.82
45249.051,25.8
45249.157,25.78
45249.266,25.82
45249.369,25.82
45249.465,25.78
45249.567,25.78
45249.667,25.75
45249.765,25.8
45249.814,25.8
45249.915,25.78
45250.011,25.77
45250.177,25.83
45250.230,25.77
45250.321,25.8
45250.484,25.78
45250.514,25.78
45250.630,25.82
45250.718,25.78
45250.824,25.75
45250.922,25.8
45251.046,25.78
45251.120,25.78
45251.216,25.78
45251.313,25.82
45251.407,25.78
45251.524,25.78
45251.622,25.78
45251.729,25.78
45251.808,25.77
45251.927,25.78
45252.025,25.8
45252.115,25.78
45252.218,25.78
45252.320,25.78
45252.424,25.78
45252.524,25.75
45252.606,25.8
45252.710,25.77
45252.833,25.82
45252.921,25.77
45253.042,25.8
45253.122,25.78
45253.225,25.78
45253.302,25.8
45253.399,25.82
45253.500,25.82
45253.658,25.75
45253.709,25.78
45253.811,25.78
45253.904,25.82
45254.002,25.8
45254.100,25.78
45254.201,25.8
45254.301,25.78
45254.417,25.8
45254.515,25.78
45254.612,25.78
45254.715,25.8
45254.813,25.77
45254.906,25.82
45255.003,25.82
45255.104,25.83
45255.201,25.75
45255.305,25.74
45255.403,25.78
45255.512,25.78
45255.611,25.78
45255.707,25.78
45255.814,25.78
45255.912,25.8
45256.006,25.8
45256.162,25.77
45256.212,25.78
45256.331,25.78
45256.427,25.75
45256.518,25.8
45306.643,25.75
45306.741,25.78
45306.797,25.78
45306.903,25.77
45307.009,25.75
45307.112,25.82
45307.216,25.82
45307.291,25.8
45307.388,25.78
45307.495,25.8
45307.626,25.78
45307.701,25.77
45307.805,25.82
45307.890,25.82
45307.998,25.78
45308.102,25.82
45308.273,25.75
45308.299,25.8
45308.384,25.8
45308.507,25.75
45308.588,25.8
45308.685,25.78
45308.785,25.78
45308.884,25.82
45309.002,25.78
45309.088,25.8
45309.194,25.74
45309.290,25.78
45309.387,25.78
45309.515,25.78
45309.611,25.78
45309.710,25.82
45309.812,25.75
45309.897,25.78
45310.018,25.78
45310.115,25.78
45310.224,25.82
45310.322,25.8
45310.418,25.77
45310.516,25.82
45310.614,25.78
45310.690,25.77
45310.792,25.8
45310.914,25.78
45310.978,25.82
45311.080,25.78
45311.180,25.8
45311.284,25.78
45311.381,25.82
45311.482,25.77
45311.583,25.82
45311.674,25.8
45311.789,25.78
45311.891,25.8
45312.062,25.82
45312.091,25.77
45312.207,25.78
45312.290,25.78
45312.411,25.75
45312.480,25.78
45312.583,25.77
45312.680,25.8
45312.776,25.78
45312.874,25.78
45312.971,25.75
45313.087,25.78
45313.191,25.78
45313.289,25.75
45313.387,25.8
45313.488,25.75
45313.598,25.78
45313.697,25.82
45313.795,25.75
45313.901,25.77
45313.998,25.8
45314.119,25.77
45314.224,25.78
45314.314,25.77
45314.410,25.77
45314.505,25.77
45314.607,25.78
45314.727,25.78
45314.825,25.78
45314.924,25.8
45315.027,25.77
45315.076,25.75
45315.169,25.77
45315.268,25.75
45315.373,25.77
45315.471,25.8
45315.568,25.78
45315.738,25.78
45315.788,25.78
45315.870,25.75
45315.972,25.85
45316.060,25.8
45316.183,25.77
45316.303,25.8
45316.374,25.78
45316.468,25.78
45316.566,25.77
45366.666,25.83
45366.796,25.78
45366.885,25.8
45366.982,25.82
45367.078,25.75
45367.168,25.78
45367.276,25.82
45367.374,25.78
45367.494,25.75
45367.600,25.8
45367.698,25.77
45367.795,25.75
45367.897,25.75
45367.986,25.8
45368.108,25.75
45368.203,25.78
45368.310,25.78
45368.411,25.75
45368.509,25.78
45368.606,25.78
45368.659,25.77
45368.760,25.82
45368.857,25.78
45368.953,25.77
45369.059,25.75
45369.160,25.78
45369.263,25.75
45369.370,25.75
45369.475,25.78
45369.570,25.77
45369.667,25.78
45369.761,25.77
45369.853,25.77
45369.951,25.77
45370.050,25.8
45370.150,25.77
45370.267,25.82
45370.365,25.78
45370.471,25.82
45370.547,25.8
45370.649,25.8
45370.754,25.77
45370.853,25.75
45370.946,25.82
45371.066,25.8
45371.155,25.78
45371.276,25.78
45371.371,25.77
45371.491,25.77
45371.575,25.77
45371.689,25.78
45371.784,25.78
45371.878,25.77
45371.985,25.83
45372.107,25.78
45372.203,25.77
45372.310,25.8
45372.398,25.75
45372.450,25.78
45372.542,25.8
45372.643,25.83
45372.744,25.77
45372.846,25.72
45372.943,25.78
45373.043,25.8
45373.157,25.77
45373.255,25.78
45373.357,25.78
45373.437,25.77
45373.559,25.77
45373.659,25.83
45373.738,25.78
45373.849,25.77
45373.945,25.78
45374.043,25.8
45374.146,25.78
45374.239,25.82
45374.361,25.8
45374.459,25.74
45374.558,25.82
45374.654,25.78
45374.750,25.8
45374.881,25.82
45374.971,25.8
45375.067,25.82
45375.163,25.77
45375.258,25.75
45375.360,25.78
45375.436,25.75
45375.535,25.77
45375.685,25.8
45375.742,25.78
45375.851,25.86
45375.950,25.78
45376.030,25.77
45376.129,25.8
45376.239,25.82
45376.367,25.75
45376.444,25.82
45376.540,25.78
45426.646,25.8
45426.743,25.78
45426.847,25.77
45426.928,25.8
45427.031,25.78
45427.147,25.78
45427.245,25.75
45427.346,25.78
45427.455,25.77
45427.543,25.78
45427.638,25.8
45427.733,25.78
45427.845,25.75
45427.928,25.78
45428.023,25.78
45428.142,25.78
45428.233,25.78
45428.354,25.78
45428.451,25.77
45428.557,25.78
45428.647,25.77
45428.744,25.75
45428.841,25.82
45428.968,25.78
45429.063,25.77
45429.161,25.78
45429.261,25.75
45429.358,25.78
45429.434,25.78
45429.540,25.75
45429.660,25.75
45429.772,25.82
45429.823,25.78
45429.975,25.77
45430.027,25.77
45430.116,25.77
45430.281,25.77
45430.332,25.77
45430.419,25.78
45430.520,25.75
45430.617,25.8
45430.737,25.78
45430.814,25.82
45430.934,25.75
45431.015,25.78
45431.154,25.77
45431.222,25.77
45431.320,25.78
45431.417,25.78
45431.513,25.78
45431.615,25.78
45431.735,25.82
45431.834,25.78
45431.933,25.78
45432.037,25.75
45432.134,25.75
45432.233,25.75
45432.344,25.77
45432.443,25.78
45432.536,25.82
45432.644,25.78
45432.714,25.78
45432.820,25.77
45432.930,25.75
45433.060,25.78
45433.156,25.74
45433.255,25.78
45433.347,25.8
45433.470,25.75
45433.565,25.8
45433.662,25.82
45433.775,25.78
45433.873,25.75
45433.969,25.74
45434.022,25.75
45434.121,25.82
45434.215,25.8
45434.311,25.77
45434.411,25.78
45434.507,25.77
45434.625,25.8
45434.722,25.75
45434.804,25.77
45434.942,25.78
45435.012,25.78
45435.114,25.78
45435.215,25.75
45435.312,25.78
45435.408,25.75
45435.504,25.78
45435.610,25.77
45435.706,25.78
45435.827,25.77
45435.908,25.75
45436.020,25.78
45436.112,25.82
45436.232,25.8
45436.318,25.78
45436.439,25.78
45436.534,25.78
45486.642,25.78
45486.727,25.78
45486.848,25.8
45486.944,25.78
45487.053,25.8
45487.109,25.78
45487.211,25.82
45487.315,25.75
45487.401,25.8
45487.501,25.8
45487.597,25.8
45487.699,25.78
45487.799,25.8
45487.912,25.78
45487.996,25.78
45488.111,25.78
45488.212,25.78
45488.309,25.77
45488.408,25.82
45488.503,25.78
45488.600,25.78
45488.695,25.75
45488.797,25.75
45488.890,25.78
45489.010,25.72
45489.106,25.78
45489.214,25.82
45489.295,25.75
45489.389,25.77
45489.509,25.78
45489.602,25.82
45489.721,25.77
45489.817,25.77
45489.910,25.75
45490.018,25.78
45490.114,25.8
45490.209,25.77
45490.317,25.78
45490.428,25.8
45490.525,25.77
45490.617,25.8
45490.729,25.75
45490.824,25.77
45490.899,25.78
45490.997,25.77
45491.106,25.82
45491.183,25.74
45491.287,25.78
45491.386,25.75
45491.485,25.82
45491.588,25.77
45491.692,25.75
45491.787,25.8
45491.899,25.8
45492.002,25.77
45492.085,25.78
45492.203,25.8
45492.294,25.77
45492.393,25.77
45492.558,25.77
45492.587,25.78
45492.682,25.78
45492.782,25.78
45492.889,25.78
45492.995,25.78
45493.091,25.75
45493.191,25.78
45493.301,25.75
45493.400,25.8
45493.496,25.78
45493.593,25.77
45493.716,25.75
45493.812,25.8
45493.910,25.78
45493.997,25.75
45494.105,25.82
45494.227,25.78
45494.325,25.77
45494.427,25.78
45494.521,25.8
45494.616,25.8
45494.728,25.78
45494.773,25.78
45494.933,25.8
45495.029,25.77
45495.138,25.75
45495.238,25.78
45495.334,25.78
45495.385,25.8
45495.485,25.77
45495.583,25.72
45495.680,25.77
45495.775,25.8
45495.889,25.82
45495.986,25.78
45496.087,25.82
45496.198,25.75
45496.276,25.77
45496.375,25.8
45496.473,25.75
45496.589,25.77
45786.687,25.8
45786.783,25.78
45786.879,25.78
45786.975,25.78
45787.096,25.8
45787.216,25.8
45787.300,25.8
45787.393,25.75
45787.489,25.78
45787.587,25.78
45787.685,25.78
45787.786,25.8
45787.868,25.77
45787.971,25.78
45788.077,25.78
45788.181,25.77
45788.301,25.75
45788.405,25.78
45788.514,25.77
45788.564,25.78
45788.724,25.83
45788.813,25.82
45788.866,25.77
45788.961,25.77
45789.137,25.8
45789.163,25.78
45789.261,25.82
45789.359,25.74
45789.457,25.78
45789.572,25.78
45789.668,25.82
45789.770,25.75
45789.872,25.75
45789.962,25.82
45790.058,25.8
45790.155,25.8
45790.263,25.8
45790.362,25.8
45790.458,25.78
45790.554,25.78
45790.676,25.78
45790.773,25.75
45790.870,25.78
45790.973,25.78
45791.061,25.75
45791.183,25.83
45791.278,25.77
45791.385,25.77
45791.483,25.78
45791.581,25.77
45791.676,25.77
45791.801,25.78
45791.896,25.82
45791.995,25.77
45792.051,25.78
45792.170,25.78
45792.269,25.77
45792.370,25.78
45792.448,25.78
45792.575,25.77
45792.650,25.77
45792.757,25.78
45792.860,25.8
45793.014,25.75
45793.064,25.78
45793.223,25.78
45793.248,25.75
45793.366,25.78
45793.465,25.77
45793.547,25.77
45793.661,25.77
45793.757,25.78
45793.859,25.77
45793.953,25.77
45794.052,25.77
45794.147,25.78
45794.243,25.8
45794.353,25.77
45794.451,25.78
45794.554,25.77
45794.649,25.8
45794.762,25.78
45794.861,25.75
45794.965,25.8
45795.062,25.78
45795.182,25.77
45795.279,25.75
45795.384,25.8
45795.478,25.82
45795.574,25.75
45795.671,25.75
45795.795,25.78
45795.891,25.78
45795.987,25.77
45796.038,25.78
45796.189,25.8
45796.293,25.78
45796.387,25.8
45796.438,25.8
45796.541,25.78
45796.636,25.78
45846.734,25.8
45846.854,25.77
45846.950,25.8
45847.046,25.78
45847.147,25.75
45847.246,25.74
45847.342,25.77
45847.435,25.77
45847.532,25.77
45847.633,25.78
45847.730,25.75
45847.844,25.75
45847.958,25.78
45848.035,25.77
45848.133,25.8
45848.233,25.8
45848.333,25.75
45848.440,25.78
45848.544,25.78
45848.628,25.77
45848.733,25.77
45848.853,25.77
45848.974,25.77
45849.060,25.8
45849.146,25.77
45849.268,25.8
45849.363,25.78
45849.471,25.8
45849.568,25.77
45849.688,25.78
45849.796,25.78
45849.887,25.82
45849.986,25.78
45850.079,25.78
45850.131,25.8
45850.223,25.75
45850.390,25.78
45850.488,25.77
45850.530,25.82
45850.637,25.77
45850.735,25.78
45850.836,25.75
45850.944,25.77
45851.041,25.78
45851.141,25.75
45851.222,25.8
45851.356,25.75
45851.428,25.8
45851.527,25.78
45851.631,25.77
45851.739,25.82
45851.835,25.77
45851.926,25.8
45852.020,25.75
45852.117,25.77
45852.218,25.75
45852.336,25.8
45852.429,25.82
45852.540,25.78
45852.619,25.8
45852.745,25.77
45852.847,25.78
45852.932,25.77
45853.051,25.78
45853.137,25.8
45853.256,25.78
45853.344,25.8
45853.471,25.78
45853.560,25.75
45853.680,25.82
45853.774,25.78
45853.881,25.82
45853.978,25.82
45854.074,25.75
45854.128,25.75
45854.228,25.8
45854.322,25.8
45854.418,25.78
45854.517,25.77
45854.628,25.75
45854.724,25.82
45854.836,25.78
45854.910,25.72
45855.009,25.78
45855.129,25.78
45855.227,25.8
45855.309,25.78
45855.418,25.78
45855.516,25.77
45855.620,25.78
45855.720,25.78
45855.824,25.8
45855.946,25.77
45856.042,25.8
45856.133,25.8
45856.232,25.75
45856.356,25.78
45856.454,25.78
45856.504,25.75
45856.603,25.82
45906.707,25.75
45906.818,25.78
45906.941,25.77
45907.023,25.74
45907.157,25.77
45907.230,25.78
45907.349,25.8
45907.402,25.75
45907.564,25.8
45907.659,25.8
45907.761,25.82
45907.811,25.77
45907.905,25.77
45908.008,25.77
45908.108,25.78
45908.205,25.72
45908.317,25.8
45908.409,25.75
45908.510,25.75
45908.614,25.75
45908.715,25.75
45908.817,25.78
45908.901,25.77
45909.004,25.74
45909.103,25.78
45909.202,25.78
45909.305,25.82
45909.419,25.74
45909.518,25.82
45909.593,25.77
45909.723,25.8
45909.826,25.8
45909.925,25.78
45910.031,25.78
45910.133,25.75
45910.235,25.75
45910.311,25.78
45910.453,25.75
45910.497,25.78
45910.605,25.8
45910.753,25.77
45910.818,25.78
45910.933,25.77
45911.023,25.77
45911.147,25.8
45911.256,25.78
45911.357,25.75
45911.450,25.78
45911.558,25.78
45911.598,25.75
45911.694,25.82
45911.793,25.77
45911.970,25.82
45912.003,25.77
45912.102,25.75
45912.198,25.8
45912.288,25.82
45912.400,25.74
45912.484,25.78
45912.606,25.77
45912.701,25.77
45912.798,25.8
45912.894,25.8
45912.991,25.78
45913.096,25.82
45913.196,25.78
45913.298,25.78
45913.390,25.78
45913.504,25.82
45913.604,25.8
45913.707,25.78
45913.810,25.82
45913.912,25.75
45914.015,25.82
45914.096,25.78
45914.228,25.77
45914.326,25.8
45914.384,25.78
45914.539,25.82
45914.592,25.75
45914.737,25.78
45914.804,25.77
45914.908,25.82
45915.028,25.78
45915.081,25.78
45915.228,25.82
45915.280,25.75
45915.441,25.82
45915.493,25.78
45915.642,25.8
45915.694,25.78
45915.787,25.78
45915.886,25.78
45915.987,25.78
45916.086,25.78
45916.188,25.78
45916.287,25.78
45916.377,25.8
45916.472,25.75
45916.592,25.75
45966.672,25.78
45966.795,25.77
45966.916,25.78
45966.989,25.82
45967.090,25.82
45967.201,25.78
45967.297,25.78
45967.396,25.8
45967.503,25.78
45967.578,25.78
45967.688,25.78
45967.802,25.8
45967.914,25.78
45968.010,25.75
45968.106,25.8
45968.213,25.78
45968.315,25.78
45968.421,25.78
45968.507,25.74
45968.630,25.74
45968.687,25.8
45968.790,25.78
45968.866,25.75
45968.975,25.75
45969.073,25.78
45969.180,25.8
45969.272,25.8
45969.376,25.77
45969.469,25.78
45969.570,25.77
45969.666,25.78
45969.772,25.8
45969.895,25.75
45969.963,25.8
45970.075,25.75
45970.168,25.77
45970.274,25.78
45970.374,25.77
45970.461,25.78
45970.577,25.77
45970.675,25.75
45970.782,25.74
45970.878,25.75
45970.976,25.75
45971.074,25.8
45971.182,25.78
45971.274,25.78
45971.395,25.78
45971.503,25.78
45971.599,25.82
45971.697,25.78
45971.790,25.75
45971.888,25.8
45972.009,25.77
45972.105,25.77
45972.159,25.8
45972.310,25.8
45972.406,25.78
45972.457,25.78
45972.624,25.77
45972.721,25.77
45972.815,25.78
45972.867,25.78
45973.016,25.75
45973.068,25.77
45973.161,25.8
45973.314,25.78
45973.363,25.77
45973.469,25.78
45973.571,25.8
45973.653,25.75
45973.757,25.78
45973.861,25.77
45973.970,25.8
45974.050,25.78
45974.164,25.77
45974.261,25.75
45974.357,25.75
45974.461,25.78
45974.559,25.8
45974.655,25.77
45974.752,25.75
45974.877,25.83
45974.974,25.77
45975.071,25.78
45975.152,25.8
45975.291,25.82
45975.388,25.78
45975.448,25.8
45975.588,25.8
45975.685,25.78
45975.782,25.74
45975.888,25.74
45975.999,25.78
45976.099,25.78
45976.197,25.78
45976.299,25.78
45976.395,25.75
45976.446,25.78
45976.545,25.78
46026.646,25.78
46026.744,25.75
46026.846,25.78
46026.943,25.77
46027.056,25.82
46027.156,25.77
46027.284,25.78
46027.359,25.78
46027.438,25.78
46027.541,25.78
46027.645,25.77
46027.747,25.8
46027.857,25.78
46027.957,25.78
46028.039,25.78
46028.136,25.77
46028.236,25.75
46028.336,25.78
46028.460,25.77
46028.547,25.8
46028.649,25.78
46028.754,25.78
46028.871,25.77
46028.936,25.75
46029.057,25.75
46029.144,25.82
46029.263,25.8
46029.355,25.75
46029.478,25.75
46029.566,25.78
46029.672,25.78
46029.794,25.8
46029.889,25.77
46029.997,25.78
46030.094,25.77
46030.188,25.78
46030.240,25.78
46030.390,25.75
46030.441,25.78
46030.535,25.78
46030.635,25.74
46030.732,25.74
46030.830,25.82
46030.950,25.78
46031.034,25.75
46031.149,25.8
46031.227,25.82
46031.347,25.78
46031.446,25.78
46031.543,25.77
46031.641,25.78
46031.732,25.8
46031.837,25.8
46031.934,25.77
46032.030,25.78
46032.136,25.77
46032.245,25.77
46032.343,25.75
46032.441,25.78
46032.547,25.78
46032.645,25.75
46032.739,25.78
46032.871,25.8
46032.954,25.8
46033.046,25.77
46033.123,25.8
46033.236,25.8
46033.327,25.78
46033.437,25.78
46033.543,25.78
46033.649,25.77
46033.769,25.77
46033.821,25.78
46033.973,25.78
46034.085,25.78
46034.183,25.78
46034.280,25.8
46034.383,25.78
46034.434,25.75
46034.531,25.75
46034.630,25.77
46034.732,25.77
46034.834,25.77
46034.939,25.8
46035.036,25.78
46035.121,25.8
46035.216,25.78
46035.336,25.77
46035.444,25.78
46035.527,25.78
46035.625,25.78
46035.719,25.78
46035.811,25.8
46035.917,25.75
46036.016,25.75
46036.135,25.82
46036.221,25.77
46036.341,25.78
46036.437,25.75
46036.545,25.75
46036.631,25.75
46086.751,25.8
46086.845,25.78
46086.956,25.77
46087.053,25.78
46087.151,25.8
46087.245,25.75
46087.347,25.8
46087.469,25.78
46087.526,25.77
46087.646,25.8
46087.713,25.78
46087.810,25.78
46087.917,25.78
46088.016,25.77
46088.115,25.78
46088.282,25.75
46088.306,25.83
46088.406,25.82
46088.527,25.78
46088.624,25.77
46088.722,25.82
46088.817,25.78
46088.923,25.75
46089.020,25.78
46089.118,25.77
46089.209,25.78
46089.310,25.77
46089.408,25.8
46089.522,25.77
46089.619,25.77
46089.717,25.78
46089.814,25.8
46089.923,25.77
46090.017,25.75
46090.113,25.74
46090.225,25.78
46090.334,25.78
46090.430,25.75
46090.531,25.77
46090.633,25.78
46090.729,25.78
46090.851,25.75
46090.954,25.78
46091.043,25.8
46091.140,25.77
46091.260,25.77
46091.342,25.78
46091.462,25.78
46091.517,25.78
46091.618,25.8
46091.721,25.75
46091.800,25.77
46091.897,25.77
46092.004,25.8
46092.106,25.8
46092.209,25.78
46092.313,25.77
46092.394,25.75
46092.493,25.78
46092.598,25.78
46092.706,25.75
46092.791,25.78
46092.891,25.74
46093.012,25.75
46093.098,25.75
46093.204,25.77
46093.299,25.78
46093.388,25.82
46093.528,25.75
46093.617,25.78
46093.714,25.75
46093.811,25.75
46093.901,25.78
46094.007,25.77
46094.128,25.78
46094.226,25.75
46094.331,25.8
46094.431,25.75
46094.525,25.78
46094.630,25.8
46094.744,25.78
46094.840,25.78
46094.938,25.8
46095.041,25.75
46095.137,25.78
46095.188,25.78
46095.364,25.75
46095.387,25.78
46095.489,25.75
46095.589,25.78
46095.689,25.78
46095.791,25.77
46095.889,25.78
46095.988,25.8
46096.100,25.75
46096.181,25.74
46096.305,25.8
46096.404,25.78
46096.491,25.8
46096.587,25.8
46386.689,25.77
46386.791,25.78
46386.879,25.77
46386.978,25.78
46387.076,25.77
46387.203,25.75
46387.288,25.8
46387.393,25.75
46387.495,25.8
46387.587,25.78
46387.679,25.78
46387.802,25.77
46387.887,25.78
46388.006,25.8
46388.124,25.78
46388.221,25.78
46388.306,25.77
46388.420,25.77
46388.517,25.77
46388.638,25.78
46388.723,25.77
46388.821,25.78
46388.873,25.75
46389.039,25.77
46389.077,25.78
46389.175,25.78
46389.273,25.78
46389.370,25.77
46389.476,25.78
46389.574,25.77
46389.750,25.78
46389.777,25.78
46389.872,25.82
46389.966,25.75
46390.148,25.75
46390.191,25.74
46390.291,25.77
46390.389,25.75
46390.487,25.8
46390.581,25.74
46390.679,25.78
46390.772,25.77
46390.880,25.78
46390.966,25.74
46391.087,25.8
46391.187,25.78
46391.290,25.78
46391.376,25.82
46391.480,25.78
46391.581,25.8
46391.665,25.78
46391.772,25.78
46391.880,25.8
46391.991,25.83
46392.113,25.78
46392.210,25.77
46392.305,25.77
46392.416,25.78
46392.511,25.75
46392.609,25.78
46392.660,25.8
46392.763,25.78
46392.927,25.78
46393.025,25.78
46393.126,25.74
46393.224,25.8
46393.273,25.78
46393.374,25.82
46393.474,25.8
46393.575,25.74
46393.675,25.75
46393.772,25.75
46393.858,25.77
46393.978,25.75
46394.076,25.77
46394.154,25.78
46394.254,25.78
46394.374,25.8
46394.471,25.78
46394.553,25.75
46394.666,25.77
46394.762,25.78
46394.881,25.74
46394.968,25.78
46395.062,25.77
46395.165,25.78
46395.289,25.75
46395.370,25.77
46395.480,25.75
46395.557,25.75
46395.699,25.75
46395.762,25.77
46395.870,25.75
46395.990,25.77
46396.095,25.78
46396.193,25.75
46396.313,25.77
46396.395,25.77
46396.527,25.75
46396.555,25.75
46446.649,25.8
46446.759,25.78
46446.865,25.75
46446.957,25.78
46447.057,25.8
46447.150,25.77
46447.245,25.78
46447.363,25.75
46447.459,25.75
46447.560,25.77
46447.657,25.78
46447.755,25.75
46447.860,25.78
46447.954,25.75
46448.053,25.78
46448.150,25.77
46448.250,25.75
46448.348,25.72
46448.443,25.82
46448.563,25.77
46448.665,25.78
46448.762,25.75
46448.858,25.78
46448.963,25.8
46449.075,25.77
46449.173,25.75
46449.262,25.78
46449.375,25.77
46449.448,25.72
46449.548,25.77
46449.653,25.78
46449.757,25.78
46449.860,25.78
46449.961,25.75
46450.037,25.77
46450.138,25.75
46450.244,25.77
46450.391,25.78
46450.435,25.8
46450.541,25.74
46450.634,25.77
46450.754,25.74
46450.850,25.82
46450.951,25.83
46451.050,25.82
46451.212,25.77
46451.240,25.8
46451.337,25.77
46451.434,25.75
46451.534,25.77
46451.640,25.78
46451.739,25.82
46451.834,25.77
46451.947,25.77
46452.044,25.78
46452.141,25.78
46452.238,25.78
46452.340,25.77
46452.436,25.78
46452.559,25.77
46452.641,25.72
46452.752,25.78
46452.845,25.75
46452.966,25.75
46453.048,25.77
46453.169,25.75
46453.269,25.74
46453.372,25.78
46453.459,25.77
46453.585,25.77
46453.681,25.8
46453.786,25.78
46453.880,25.75
46453.982,25.78
46454.032,25.72
46454.185,25.75
46454.229,25.75
46454.324,25.82
46454.423,25.72
46454.532,25.8
46454.624,25.75
46454.726,25.8
46454.843,25.78
46454.924,25.74
46455.021,25.77
46455.129,25.8
46455.232,25.77
46455.323,25.75
46455.424,25.78
46455.520,25.8
46455.622,25.77
46455.719,25.75
46455.828,25.77
46455.945,25.72
46456.034,25.78
46456.130,25.77
46456.248,25.78
46456.326,25.78
46456.446,25.8
46456.545,25.8
46506.640,25.8
46506.749,25.77
46506.847,25.8
46506.943,25.78
46507.048,25.78
46507.161,25.78
46507.254,25.77
46507.352,25.77
46507.459,25.78
46507.580,25.78
46507.676,25.78
46507.783,25.78
46507.873,25.78
46507.923,25.77
46508.017,25.77
46508.117,25.78
46508.219,25.77
46508.315,25.74
46508.416,25.8
46508.519,25.77
46508.631,25.75
46508.732,25.77
46508.833,25.75
46508.911,25.78
46509.030,25.77
46509.129,25.78
46509.225,25.77
46509.322,25.78
46509.416,25.77
46509.513,25.78
46509.622,25.8
46509.711,25.78
46509.810,25.8
46509.912,25.77
46510.032,25.78
46510.121,25.8
46510.219,25.78
46510.310,25.78
46510.403,25.78
46510.544,25.75
46510.642,25.77
46510.739,25.78
46510.832,25.75
46510.930,25.75
46511.054,25.78
46511.159,25.74
46511.255,25.82
46511.354,25.83
46511.404,25.8
46511.502,25.78
46511.600,25.77
46511.766,25.75
46511.869,25.78
46511.965,25.8
46512.018,25.77
46512.109,25.77
46512.216,25.75
46512.316,25.78
46512.416,25.82
46512.512,25.77
46512.598,25.78
46512.719,25.8
46512.818,25.78
46512.895,25.75
46512.998,25.77
46513.141,25.8
46513.212,25.78
46513.295,25.77
46513.411,25.8
46513.509,25.77
46513.605,25.77
46513.706,25.75
46513.801,25.77
46513.924,25.75
46514.032,25.8
46514.109,25.78
46514.212,25.75
46514.316,25.75
46514.416,25.75
46514.495,25.78
46514.599,25.78
46514.706,25.75
46514.805,25.77
46514.911,25.78
46514.989,25.74
46515.088,25.77
46515.228,25.78
46515.352,25.77
46515.447,25.75
46515.501,25.8
46515.597,25.82
46515.694,25.78
46515.791,25.75
46515.890,25.72
46515.996,25.8
46516.094,25.77
46516.194,25.75
46516.303,25.75
46516.404,25.74
46516.506,25.78
46516.604,25.75
46566.691,25.77
46566.791,25.77
46566.888,25.75
46566.993,25.8
46567.088,25.77
46567.193,25.77
46567.290,25.78
46567.395,25.78
46567.484,25.78
46567.607,25.8
46567.716,25.77
46567.803,25.75
46567.899,25.78
46568.018,25.77
46568.103,25.8
46568.223,25.78
46568.299,25.78
46568.420,25.78
46568.524,25.8
46568.620,25.78
46568.741,25.78
46568.831,25.82
46568.937,25.75
46569.034,25.77
46569.086,25.77
46569.239,25.75
46569.337,25.77
46569.387,25.78
46569.486,25.83
46569.578,25.78
46569.680,25.77
46569.781,25.75
46569.878,25.78
46569.992,25.75
46570.095,25.77
46570.173,25.78
46570.291,25.8
46570.381,25.78
46570.482,25.77
46570.584,25.78
46570.688,25.77
46570.792,25.77
46570.878,25.78
46570.975,25.75
46571.083,25.78
46571.180,25.78
46571.291,25.77
46571.393,25.82
46571.503,25.78
46571.603,25.78
46571.701,25.77
46571.805,25.74
46571.901,25.82
46571.995,25.78
46572.128,25.77
46572.218,25.77
46572.316,25.78
46572.411,25.75
46572.495,25.75
46572.629,25.75
46572.727,25.74
46572.822,25.75
46572.932,25.78
46573.029,25.78
46573.077,25.74
46573.171,25.77
46573.280,25.78
46573.374,25.75
46573.476,25.75
46573.571,25.75
46573.683,25.74
46573.852,25.75
46573.883,25.77
46573.966,25.74
46574.078,25.78
46574.177,25.77
46574.278,25.78
46574.374,25.75
46574.472,25.82
46574.570,25.77
46574.667,25.75
46574.769,25.77
46574.867,25.75
46574.987,25.77
46575.068,25.78
46575.182,25.8
46575.279,25.78
46575.373,25.75
46575.480,25.78
46575.578,25.77
46575.658,25.78
46575.758,25.75
46575.869,25.78
46575.973,25.77
46576.099,25.75
46576.187,25.78
46576.312,25.78
46576.408,25.74
46576.508,25.77
46576.611,25.75
46626.714,25.78
46626.762,25.78
46626.858,25.78
46626.952,25.8
46627.071,25.8
46627.164,25.78
46627.274,25.75
46627.372,25.77
46627.467,25.78
46627.563,25.78
46627.665,25.78
46627.786,25.7
46627.854,25.78
46627.952,25.78
46628.052,25.78
46628.150,25.77
46628.249,25.77
46628.377,25.77
46628.469,25.77
46628.564,25.75
46628.660,25.75
46628.766,25.77
46628.866,25.75
46628.961,25.75
46629.083,25.74
46629.181,25.77
46629.277,25.75
46629.374,25.78
46629.478,25.74
46629.594,25.74
46629.690,25.78
46629.742,25.77
46629.890,25.82
46629.964,25.77
46630.041,25.78
46630.163,25.75
46630.270,25.77
46630.346,25.75
46630.442,25.78
46630.545,25.8
46630.643,25.75
46630.753,25.82
46630.838,25.75
46630.948,25.74
46631.048,25.78
46631.146,25.77
46631.243,25.8
46631.339,25.77
46631.461,25.78
46631.559,25.8
46631.638,25.77
46631.752,25.75
46631.848,25.8
46631.943,25.78
46632.051,25.78
46632.157,25.78
46632.253,25.78
46632.350,25.78
46632.462,25.78
46632.562,25.77
46632.660,25.78
46632.755,25.8
46632.857,25.75
46632.951,25.78
46633.070,25.78
46633.156,25.74
46633.266,25.75
46633.362,25.78
46633.481,25.78
46633.567,25.77
46633.687,25.77
46633.784,25.78
46633.889,25.74
46633.975,25.8
46634.097,25.74
46634.192,25.8
46634.300,25.77
46634.330,25.78
46634.432,25.75
46634.540,25.75
46634.647,25.78
46634.741,25.72
46634.843,25.8
46634.945,25.82
46635.037,25.78
46635.132,25.75
46635.234,25.77
46635.358,25.75
46635.432,25.75
46635.529,25.82
46635.640,25.78
46635.726,25.77
46635.838,25.78
46635.936,25.78
46636.051,25.77
46636.137,25.78
46636.255,25.77
46636.351,25.77
46636.460,25.78
46636.550,25.8
46686.647,25.78
46686.764,25.78
46686.846,25.78
46686.967,25.78
46687.063,25.75
46687.158,25.8
46687.268,25.77
46687.364,25.77
46687.460,25.77
46687.563,25.8
46687.677,25.75
46687.741,25.77
46687.817,25.78
46687.974,25.75
46688.028,25.78
46688.120,25.75
46688.216,25.75
46688.323,25.75
46688.421,25.78
46688.523,25.75
46688.624,25.75
46688.736,25.78
46688.836,25.78
46688.932,25.75
46689.033,25.75
46689.125,25.77
46689.225,25.77
46689.327,25.77
46689.426,25.77
46689.514,25.74
46689.612,25.77
46689.715,25.75
46689.822,25.75
46689.920,25.77
46690.022,25.74
46690.135,25.74
46690.229,25.75
46690.313,25.75
46690.435,25.77
46690.524,25.78
46690.646,25.77
46690.742,25.78
46690.871,25.75
46690.960,25.78
46691.056,25.75
46691.160,25.75
46691.237,25.75
46691.369,25.78
46691.473,25.8
46691.577,25.8
46691.606,25.8
46691.782,25.72
46691.806,25.78
46691.908,25.75
46692.071,25.77
46692.123,25.78
46692.207,25.75
46692.386,25.75
46692.422,25.78
46692.518,25.77
46692.618,25.77
46692.710,25.75
46692.803,25.75
46692.901,25.74
46693.001,25.8
46693.121,25.77
46693.205,25.78
46693.308,25.72
46693.403,25.78
46693.512,25.75
46693.624,25.8
46693.722,25.75
46693.833,25.77
46693.930,25.72
46694.027,25.74
46694.127,25.75
46694.223,25.75
46694.333,25.77
46694.434,25.75
46694.546,25.75
46694.640,25.78
46694.742,25.74
46694.839,25.78
46694.957,25.77
46695.053,25.78
46695.151,25.78
46695.254,25.75
46695.363,25.72
46695.392,25.77
46695.562,25.75
46695.647,25.75
46695.713,25.74
46695.809,25.75
46695.893,25.77
46696.017,25.74
46696.101,25.78
46696.200,25.75
46696.310,25.78
46696.390,25.77
46696.498,25.75
46696.599,25.75
46986.794,25.78
46986.797,25.75
46986.892,25.74
46986.989,25.8
46987.089,25.77
46987.189,25.75
46987.312,25.77
46987.407,25.75
46987.507,25.8
46987.603,25.8
46987.701,25.75
46987.821,25.8
46987.921,25.77
46988.019,25.74
46988.116,25.78
46988.222,25.75
46988.335,25.78
46988.433,25.78
46988.530,25.78
46988.633,25.78
46988.726,25.78
46988.823,25.78
46988.979,25.78
46988.983,25.75
46989.146,25.74
46989.244,25.75
46989.323,25.8
46989.394,25.77
46989.495,25.77
46989.589,25.78
46989.692,25.77
46989.792,25.72
46989.887,25.78
46989.989,25.77
46990.107,25.78
46990.178,25.75
46990.297,25.77
46990.377,25.77
46990.494,25.74
46990.582,25.78
46990.690,25.77
46990.793,25.77
46990.899,25.75
46990.977,25.75
46991.077,25.78
46991.178,25.75
46991.286,25.75
46991.392,25.74
46991.488,25.77
46991.597,25.75
46991.674,25.74
46991.780,25.75
46991.897,25.75
46991.987,25.77
46992.106,25.74
46992.196,25.75
46992.314,25.75
46992.411,25.72
46992.529,25.75
46992.631,25.75
46992.671,25.75
46992.832,25.77
46992.929,25.78
46993.044,25.78
46993.070,25.82
46993.236,25.75
46993.333,25.72
46993.435,25.82
46993.483,25.75
46993.583,25.77
46993.682,25.75
46993.787,25.77
46993.885,25.77
46993.985,25.75
46994.102,25.8
46994.176,25.77
46994.273,25.78
46994.370,25.77
46994.469,25.78
46994.578,25.75
46994.675,25.77
46994.772,25.75
46994.879,25.78
46994.978,25.77
46995.069,25.75
46995.228,25.77
46995.274,25.75
46995.393,25.75
46995.490,25.77
46995.582,25.74
46995.690,25.77
46995.763,25.75
46995.911,25.75
46995.967,25.75
46996.069,25.78
46996.175,25.75
46996.314,25.75
46996.389,25.8
46996.517,25.75
46996.611,25.72
47046.717,25.75
47046.820,25.72
47046.858,25.75
47046.961,25.74
47047.067,25.75
47047.172,25.75
47047.269,25.75
47047.366,25.75
47047.476,25.78
47047.574,25.75
47047.655,25.77
47047.776,25.74
47047.875,25.75
47047.955,25.77
47048.054,25.75
47048.157,25.8
47048.258,25.82
47048.362,25.77
47048.465,25.74
47048.566,25.78
47048.661,25.8
47048.771,25.72
47048.883,25.75
47048.976,25.75
47049.077,25.74
47049.181,25.72
47049.291,25.75
47049.386,25.77
47049.489,25.78
47049.614,25.78
47049.692,25.72
47049.794,25.77
47049.900,25.77
47049.981,25.74
47050.101,25.74
47050.204,25.77
47050.307,25.75
47050.350,25.75
47050.513,25.78
47050.614,25.77
47050.725,25.74
47050.756,25.78
47050.843,25.72
47050.947,25.75
47051.048,25.74
47051.151,25.77
47051.252,25.74
47051.361,25.72
47051.475,25.77
47051.560,25.75
47051.658,25.8
47051.746,25.78
47051.886,25.78
47051.954,25.74
47052.061,25.78
47052.145,25.75
47052.253,25.75
47052.350,25.77
47052.447,25.77
47052.565,25.75
47052.670,25.75
47052.768,25.77
47052.868,25.78
47052.969,25.75
47053.065,25.77
47053.169,25.77
47053.289,25.78
47053.382,25.75
47053.487,25.75
47053.585,25.74
47053.700,25.77
47053.796,25.77
47053.893,25.72
47053.991,25.8
47054.092,25.77
47054.189,25.78
47054.240,25.78
47054.341,25.75
47054.439,25.75
47054.535,25.78
47054.635,25.78
47054.807,25.74
47054.835,25.75
47054.954,25.78
47055.051,25.75
47055.151,25.74
47055.246,25.72
47055.343,25.75
47055.442,25.8
47055.538,25.8
47055.644,25.77
47055.747,25.78
47055.861,25.8
47055.929,25.77
47056.051,25.77
47056.129,25.77
47056.232,25.75
47056.342,25.74
47056.428,25.75
47056.546,25.72
47056.630,25.78
47106.751,25.77
47106.835,25.8
47106.963,25.78
47107.074,25.72
47107.171,25.75
47107.268,25.75
47107.376,25.75
47107.471,25.78
47107.570,25.74
47107.665,25.77
47107.723,25.78
47107.887,25.77
47107.986,25.78
47108.066,25.77
47108.130,25.75
47108.229,25.74
47108.326,25.75
47108.433,25.75
47108.536,25.77
47108.632,25.74
47108.730,25.78
47108.848,25.74
47108.919,25.75
47109.039,25.77
47109.121,25.74
47109.237,25.75
47109.334,25.74
47109.433,25.74
47109.536,25.78
47109.635,25.74
47109.731,25.78
47109.829,25.75
47109.917,25.8
47110.038,25.77
47110.134,25.75
47110.230,25.75
47110.340,25.72
47110.436,25.74
47110.533,25.78
47110.638,25.77
47110.752,25.74
47110.853,25.74
47110.949,25.72
47111.052,25.74
47111.146,25.75
47111.266,25.75
47111.374,25.75
47111.421,25.74
47111.535,25.78
47111.635,25.75
47111.712,25.75
47111.810,25.77
47111.915,25.75
47112.017,25.75
47112.109,25.75
47112.227,25.77
47112.329,25.8
47112.412,25.74
47112.510,25.78
47112.614,25.75
47112.740,25.75
47112.819,25.78
47112.927,25.8
47113.050,25.75
47113.106,25.75
47113.211,25.75
47113.326,25.75
47113.423,25.74
47113.521,25.74
47113.622,25.75
47113.717,25.75
47113.813,25.74
47113.947,25.74
47114.015,25.77
47114.135,25.75
47114.230,25.75
47114.313,25.74
47114.423,25.75
47114.542,25.77
47114.639,25.77
47114.730,25.74
47114.850,25.77
47114.946,25.78
47115.048,25.78
47115.162,25.75
47115.258,25.77
47115.354,25.7
47115.461,25.75
47115.558,25.75
47115.609,25.72
47115.704,25.74
47115.807,25.77
47115.906,25.77
47116.016,25.77
47116.109,25.75
47116.212,25.75
47116.309,25.72
47116.406,25.74
47116.522,25.75
47116.601,25.72
47166.699,25.77
47166.800,25.75
47166.910,25.72
47167.006,25.72
47167.103,25.78
47167.202,25.75
47167.298,25.74
47167.396,25.74
47167.497,25.72
47167.622,25.77
47167.701,25.78
47167.806,25.75
47167.890,25.74
47168.008,25.78
47168.099,25.75
47168.219,25.74
47168.314,25.74
47168.424,25.78
47168.520,25.77
47168.639,25.75
47168.732,25.77
47168.834,25.77
47168.928,25.77
47169.049,25.74
47169.091,25.72
47169.253,25.74
47169.346,25.77
47169.398,25.78
47169.487,25.77
47169.587,25.77
47169.752,25.75
47169.871,25.74
47169.900,25.75
47169.999,25.77
47170.099,25.74
47170.195,25.75
47170.285,25.72
47170.403,25.77
47170.501,25.77
47170.586,25.82
47170.682,25.78
47170.804,25.75
47170.898,25.77
47170.998,25.77
47171.097,25.77
47171.199,25.75
47171.295,25.77
47171.386,25.75
47171.489,25.74
47171.590,25.77
47171.708,25.77
47171.795,25.75
47171.898,25.77
47172.001,25.75
47172.080,25.75
47172.180,25.74
47172.282,25.75
47172.399,25.77
47172.490,25.74
47172.595,25.75
47172.704,25.75
47172.804,25.72
47172.879,25.74
47172.983,25.78
47173.134,25.78
47173.178,25.77
47173.337,25.78
47173.386,25.77
47173.477,25.77
47173.573,25.74
47173.693,25.77
47173.789,25.78
47173.895,25.75
47173.970,25.75
47174.090,25.75
47174.186,25.72
47174.277,25.75
47174.374,25.78
47174.470,25.72
47174.604,25.75
47174.687,25.75
47174.783,25.74
47174.883,25.75
47174.973,25.78
47175.084,25.75
47175.181,25.75
47175.300,25.75
47175.383,25.78
47175.504,25.75
47175.600,25.77
47175.706,25.74
47175.789,25.78
47175.910,25.72
47176.005,25.78
47176.118,25.77
47176.215,25.77
47176.313,25.74
47176.409,25.75
47176.511,25.77
47176.630,25.75
47226.729,25.77
47226.809,25.77
47226.922,25.74
47226.971,25.74
47227.135,25.8
47227.176,25.78
47227.274,25.77
47227.371,25.72
47227.469,25.75
47227.599,25.78
47227.675,25.74
47227.774,25.74
47227.879,25.74
47227.980,25.77
47228.059,25.74
47228.162,25.77
47228.280,25.72
47228.374,25.75
47228.475,25.78
47228.563,25.78
47228.669,25.78
47228.760,25.77
47228.863,25.72
47228.969,25.77
47229.074,25.78
47229.157,25.75
47229.279,25.74
47229.385,25.74
47229.468,25.75
47229.597,25.72
47229.695,25.75
47229.793,25.75
47229.891,25.77
47230.010,25.75
47230.115,25.75
47230.202,25.75
47230.299,25.8
47230.350,25.77
47230.500,25.77
47230.552,25.77
47230.717,25.74
47230.814,25.75
47230.852,25.75
47230.958,25.75
47231.058,25.75
47231.163,25.75
47231.265,25.77
47231.362,25.75
47231.459,25.77
47231.558,25.75
47231.655,25.77
47231.750,25.78
47231.848,25.78
47231.954,25.7
47232.059,25.78
47232.147,25.77
47232.268,25.75
47232.365,25.8
47232.463,25.72
47232.561,25.72
47232.657,25.75
47232.758,25.8
47232.878,25.78
47232.974,25.74
47233.056,25.75
47233.188,25.77
47233.283,25.74
47233.379,25.74
47233.469,25.77
47233.589,25.77
47233.675,25.75
47233.792,25.77
47233.881,25.72
47233.999,25.75
47234.058,25.75
47234.204,25.74
47234.268,25.77
47234.343,25.75
47234.447,25.75
47234.552,25.75
47234.654,25.75
47234.794,25.74
47234.849,25.75
47234.941,25.75
47235.038,25.77
47235.157,25.75
47235.262,25.75
47235.343,25.75
47235.441,25.74
47235.537,25.75
47235.654,25.75
47235.756,25.72
47235.854,25.78
47235.950,25.74
47236.040,25.77
47236.137,25.75
47236.235,25.78
47236.364,25.74
47236.455,25.77
47236.552,25.74
47286.651,25.78
47286.755,25.75
47286.848,25.75
47286.968,25.77
47287.065,25.75
47287.173,25.75
47287.259,25.75
47287.379,25.77
47287.469,25.74
47287.535,25.78
47287.640,25.75
47287.748,25.77
47287.878,25.75
47287.929,25.74
47288.028,25.75
47288.129,25.72
47288.228,25.72
47288.340,25.78
47288.443,25.77
47288.543,25.74
47288.639,25.75
47288.734,25.75
47288.842,25.72
47288.936,25.74
47289.048,25.77
47289.145,25.78
47289.242,25.78
47289.332,25.85
47289.428,25.75
47289.524,25.77
47289.622,25.78
47289.741,25.75
47289.839,25.77
47289.936,25.78
47290.040,25.74
47290.126,25.77
47290.270,25.75
47290.333,25.72
47290.452,25.75
47290.547,25.72
47290.644,25.78
47290.741,25.75
47290.842,25.77
47290.959,25.77
47291.057,25.75
47291.141,25.75
47291.274,25.74
47291.372,25.77
47291.468,25.74
47291.578,25.72
47291.675,25.74
47291.733,25.75
47291.840,25.77
47291.923,25.78
47292.022,25.7
47292.120,25.72
47292.289,25.75
47292.315,25.75
47292.429,25.72
47292.530,25.77
47292.612,25.78
47292.718,25.74
47292.844,25.74
47292.925,25.77
47293.018,25.74
47293.133,25.75
47293.232,25.77
47293.349,25.77
47293.422,25.77
47293.516,25.78
47293.616,25.74
47293.713,25.78
47293.825,25.77
47293.925,25.75
47294.017,25.78
47294.126,25.75
47294.220,25.78
47294.341,25.74
47294.449,25.74
47294.528,25.77
47294.650,25.74
47294.748,25.75
47294.862,25.77
47294.957,25.74
47295.054,25.77
47295.148,25.75
47295.253,25.74
47295.304,25.75
47295.468,25.75
47295.553,25.75
47295.617,25.77
47295.703,25.74
47295.804,25.78
47295.919,25.77
47296.013,25.78
47296.110,25.75
47296.287,25.75
47296.305,25.77
47296.413,25.75
47296.524,25.77
47296.600,25.7
47586.721,25.75
47586.811,25.75
47586.921,25.75
47587.022,25.75
47587.108,25.77
47587.200,25.74
47587.318,25.78
47587.397,25.78
47587.503,25.77
47587.623,25.74
47587.717,25.72
47587.825,25.75
47587.922,25.75
47588.019,25.72
47588.125,25.82
47588.234,25.75
47588.334,25.75
47588.433,25.77
47588.535,25.77
47588.633,25.77
47588.727,25.75
47588.860,25.75
47588.951,25.74
47589.048,25.77
47589.145,25.77
47589.196,25.74
47589.295,25.75
47589.457,25.78
47589.554,25.75
47589.594,25.74
47589.702,25.74
47589.802,25.74
47589.903,25.72
47590.010,25.75
47590.118,25.75
47590.202,25.77
47590.375,25.78
47590.402,25.78
47590.498,25.75
47590.596,25.75
47590.697,25.78
47590.801,25.75
47590.900,25.74
47590.998,25.75
47591.110,25.78
47591.205,25.74
47591.302,25.75
47591.399,25.77
47591.505,25.75
47591.600,25.74
47591.722,25.75
47591.800,25.77
47591.910,25.75
47592.029,25.74
47592.128,25.72
47592.209,25.75
47592.330,25.75
47592.422,25.72
47592.540,25.72
47592.624,25.77
47592.721,25.75
47592.843,25.77
47592.946,25.75
47593.043,25.72
47593.141,25.75
47593.190,25.74
47593.294,25.77
47593.385,25.8
47593.506,25.75
47593.588,25.75
47593.684,25.75
47593.782,25.75
47593.879,25.72
47594.004,25.72
47594.076,25.74
47594.181,25.78
47594.286,25.72
47594.418,25.77
47594.519,25.75
47594.576,25.78
47594.784,25.74
47594.786,25.75
47594.882,25.74
47594.979,25.77
47595.075,25.74
47595.199,25.78
47595.296,25.78
47595.393,25.77
47595.474,25.72
47595.607,25.75
47595.705,25.69
47595.800,25.72
47595.910,25.77
47596.004,25.78
47596.100,25.75
47596.209,25.78
47596.322,25.78
47596.421,25.75
47596.516,25.77
47596.621,25.75
47646.672,25.77
47646.833,25.78
47646.944,25.72
47647.022,25.75
47647.141,25.75
47647.169,25.8
47647.271,25.77
47647.376,25.75
47647.482,25.72
47647.578,25.72
47647.682,25.78
47647.786,25.75
47647.865,25.72
47647.968,25.78
47648.070,25.77
47648.206,25.82
47648.285,25.74
47648.382,25.74
47648.483,25.78
47648.573,25.75
47648.670,25.78
47648.786,25.75
47648.870,25.77
47648.992,25.77
47649.088,25.74
47649.194,25.72
47649.291,25.78
47649.393,25.78
47649.490,25.75
47649.585,25.75
47649.684,25.72
47649.806,25.74
47649.889,25.74
47650.000,25.8
47650.095,25.75
47650.215,25.75
47650.322,25.77
47650.417,25.77
47650.516,25.75
47650.619,25.77
47650.659,25.78
47650.757,25.75
47650.855,25.75
47650.954,25.78
47651.123,25.78
47651.176,25.75
47651.270,25.78
47651.354,25.78
47651.469,25.7
47651.565,25.75
47651.661,25.75
47651.770,25.77
47651.870,25.77
47651.965,25.74
47652.063,25.78
47652.183,25.74
47652.267,25.77
47652.364,25.75
47652.457,25.75
47652.570,25.75
47652.665,25.75
47652.765,25.74
47652.871,25.78
47652.969,25.75
47653.068,25.77
47653.168,25.74
47653.252,25.72
47653.370,25.82
47653.455,25.78
47653.577,25.74
47653.664,25.75
47653.792,25.77
47653.873,25.78
47653.969,25.78
47654.092,25.74
47654.183,25.75
47654.293,25.74
47654.400,25.77
47654.452,25.78
47654.605,25.75
47654.706,25.77
47654.758,25.75
47654.847,25.75
47654.945,25.78
47655.053,25.75
47655.150,25.77
47655.247,25.75
47655.343,25.78
47655.465,25.78
47655.562,25.77
47655.658,25.75
47655.765,25.78
47655.853,25.75
47655.947,25.74
47656.047,25.82
47656.159,25.77
47656.262,25.75
47656.365,25.75
47656.460,25.74
47656.571,25.77
47706.666,25.77
47706.763,25.75
47706.867,25.74
47706.958,25.74
47707.077,25.75
47707.174,25.74
47707.285,25.75
47707.382,25.74
47707.481,25.74
47707.611,25.75
47707.693,25.77
47707.793,25.72
47707.891,25.74
47708.015,25.74
47708.096,25.75
47708.208,25.75
47708.235,25.74
47708.337,25.77
47708.504,25.77
47708.533,25.74
47708.705,25.75
47708.744,25.75
47708.843,25.77
47708.978,25.77
47709.040,25.78
47709.150,25.75
47709.239,25.75
47709.348,25.7
47709.438,25.77
47709.535,25.77
47709.631,25.72
47709.729,25.72
47709.852,25.75
47709.947,25.72
47710.051,25.75
47710.148,25.74
47710.246,25.72
47710.342,25.77
47710.451,25.72
47710.541,25.77
47710.656,25.74
47710.762,25.75
47710.866,25.77
47710.953,25.77
47711.074,25.78
47711.168,25.75
47711.277,25.77
47711.372,25.74
47711.475,25.74
47711.571,25.74
47711.689,25.77
47711.787,25.75
47711.889,25.74
47711.986,25.75
47712.029,25.74
47712.122,25.77
47712.288,25.75
47712.351,25.78
47712.433,25.72
47712.532,25.75
47712.630,25.74
47712.748,25.78
47712.818,25.72
47712.940,25.74
47713.037,25.74
47713.139,25.78
47713.218,25.75
47713.340,25.74
47713.527,25.75
47713.529,25.72
47713.630,25.77
47713.735,25.75
47713.849,25.75
47713.939,25.75
47714.035,25.75
47714.132,25.72
47714.216,25.77
47714.327,25.75
47714.431,25.75
47714.535,25.74
47714.636,25.72
47714.716,25.74
47714.816,25.74
47714.925,25.72
47715.034,25.75
47715.153,25.77
47715.239,25.75
47715.340,25.74
47715.458,25.75
47715.534,25.75
47715.650,25.77
47715.712,25.77
47715.810,25.72
47715.975,25.78
47716.027,25.78
47716.120,25.75
47716.217,25.72
47716.319,25.78
47716.423,25.72
47716.530,25.77
47716.626,25.74
47766.722,25.78
47766.813,25.72
47766.911,25.77
47767.011,25.75
47767.107,25.74
47767.225,25.77
47767.309,25.75
47767.405,25.75
47767.525,25.75
47767.613,25.78
47767.711,25.74
47767.829,25.8
47767.911,25.72
47768.032,25.78
47768.128,25.77
47768.224,25.74
47768.329,25.78
47768.423,25.78
47768.546,25.75
47768.629,25.75
47768.701,25.77
47768.811,25.74
47768.915,25.75
47769.020,25.75
47769.125,25.77
47769.200,25.77
47769.362,25.75
47769.405,25.74
47769.565,25.75
47769.662,25.75
47769.773,25.77
47769.799,25.75
47769.917,25.75
47770.010,25.75
47770.122,25.78
47770.214,25.8
47770.310,25.75
47770.408,25.78
47770.511,25.78
47770.611,25.72
47770.708,25.72
47770.801,25.74
47770.901,25.7
47771.001,25.72
47771.099,25.74
47771.200,25.74
47771.312,25.74
47771.406,25.72
47771.502,25.77
47771.611,25.74
47771.709,25.72
47771.829,25.74
47771.935,25.75
47772.026,25.75
47772.125,25.74
47772.200,25.75
47772.314,25.75
47772.439,25.78
47772.536,25.77
47772.672,25.74
47772.724,25.74
47772.846,25.74
47772.942,25.77
47773.002,25.74
47773.107,25.77
47773.191,25.75
47773.288,25.77
47773.450,25.74
47773.501,25.75
47773.596,25.75
47773.700,25.72
47773.796,25.74
47773.892,25.75
47774.011,25.75
47774.096,25.75
47774.274,25.72
47774.304,25.75
47774.398,25.75
47774.506,25.75
47774.591,25.74
47774.688,25.75
47774.789,25.75
47774.899,25.74
47775.001,25.75
47775.097,25.75
47775.200,25.75
47775.284,25.75
47775.405,25.75
47775.498,25.77
47775.609,25.77
47775.694,25.75
47775.814,25.74
47775.911,25.72
47776.022,25.78
47776.120,25.77
47776.217,25.77
47776.312,25.75
47776.410,25.77
47776.532,25.75
47776.629,25.75
47826.713,25.78
47826.776,25.72
47826.941,25.78
47827.038,25.78
47827.080,25.72
47827.187,25.72
47827.281,25.72
47827.377,25.75
47827.495,25.75
47827.586,25.75
47827.688,25.77
47827.859,25.77
47827.886,25.78
47828.002,25.75
47828.107,25.75
47828.206,25.75
47828.294,25.75
47828.390,25.77
47828.488,25.75
47828.588,25.7
47828.685,25.77
47828.780,25.77
47828.880,25.74
47828.986,25.8
47829.085,25.75
47829.185,25.82
47829.287,25.77
47829.398,25.75
47829.495,25.74
47829.589,25.75
47829.696,25.78
47829.792,25.78
47829.912,25.75
47830.020,25.75
47830.097,25.75
47830.217,25.78
47830.317,25.72
47830.405,25.75
47830.526,25.74
47830.626,25.75
47830.719,25.72
47830.824,25.77
47830.921,25.72
47830.973,25.72
47831.067,25.75
47831.170,25.72
47831.271,25.74
47831.370,25.77
47831.534,25.75
47831.561,25.78
47831.683,25.77
47831.778,25.75
47831.880,25.75
47832.000,25.75
47832.067,25.75
47832.164,25.77
47832.269,25.75
47832.373,25.74
47832.471,25.78
47832.562,25.75
47832.662,25.75
47832.765,25.77
47832.873,25.75
47832.964,25.75
47833.073,25.75
47833.160,25.74
47833.261,25.75
47833.369,25.75
47833.468,25.74
47833.572,25.77
47833.695,25.75
47833.806,25.75
47833.901,25.75
47833.997,25.75
47834.106,25.78
47834.203,25.72
47834.297,25.75
47834.430,25.74
47834.521,25.75
47834.619,25.8
47834.715,25.7
47834.765,25.75
47834.858,25.78
47834.954,25.75
47835.050,25.75
47835.167,25.74
47835.253,25.74
47835.377,25.77
47835.468,25.74
47835.556,25.75
47835.654,25.72
47835.750,25.75
47835.869,25.74
47835.992,25.72
47836.062,25.75
47836.165,25.74
47836.269,25.75
47836.353,25.74
47836.447,25.75
47836.568,25.72
47886.679,25.72
47886.775,25.72
47886.864,25.74
47886.959,25.75
47887.069,25.77
47887.164,25.74
47887.284,25.75
47887.370,25.75
47887.448,25.75
47887.553,25.74
47887.655,25.74
47887.756,25.75
47887.864,25.72
47887.965,25.75
47888.043,25.77
47888.196,25.75
47888.292,25.77
47888.344,25.78
47888.493,25.77
47888.543,25.75
47888.639,25.72
47888.759,25.75
47888.840,25.77
47888.949,25.74
47889.053,25.75
47889.153,25.75
47889.254,25.77
47889.353,25.75
47889.473,25.75
47889.542,25.74
47889.643,25.74
47889.743,25.75
47889.839,25.75
47889.943,25.72
47890.052,25.72
47890.149,25.78
47890.245,25.74
47890.354,25.75
47890.451,25.78
47890.548,25.72
47890.644,25.74
47890.746,25.72
47890.868,25.77
47890.965,25.74
47891.055,25.74
47891.157,25.75
47891.279,25.77
47891.375,25.74
47891.482,25.69
47891.540,25.75
47891.652,25.77
47891.753,25.74
47891.858,25.75
47891.933,25.7
47892.084,25.75
47892.191,25.74
47892.289,25.75
47892.340,25.74
47892.435,25.74
47892.540,25.74
47892.638,25.75
47892.734,25.72
47892.832,25.74
47892.945,25.74
47893.043,25.74
47893.144,25.74
47893.252,25.75
47893.334,25.75
47893.430,25.72
47893.526,25.75
47893.641,25.77
47893.738,25.75
47893.834,25.72
47893.930,25.75
47894.031,25.72
47894.126,25.75
47894.245,25.74
47894.353,25.75
47894.442,25.74
47894.562,25.72
47894.656,25.78
47894.765,25.74
47894.862,25.75
47894.940,25.77
47895.040,25.75
47895.120,25.72
47895.227,25.77
47895.335,25.78
47895.458,25.72
47895.542,25.75
47895.618,25.75
47895.717,25.77
47895.822,25.74
47895.916,25.74
47896.083,25.77
47896.132,25.75
47896.233,25.72
47896.326,25.72
47896.423,25.74
47896.523,25.77
47896.625,25.7
48186.725,25.74
48186.825,25.75
48186.949,25.72
48187.028,25.72
48187.124,25.78
48187.231,25.75
48187.315,25.75
48187.414,25.77
48187.510,25.74
48187.630,25.74
48187.730,25.72
48187.827,25.74
48187.924,25.75
48188.027,25.74
48188.141,25.72
48188.235,25.74
48188.331,25.75
48188.439,25.75
48188.537,25.75
48188.633,25.72
48188.763,25.74
48188.857,25.75
48188.953,25.74
48189.049,25.74
48189.143,25.74
48189.268,25.75
48189.364,25.74
48189.424,25.72
48189.524,25.75
48189.611,25.75
48189.731,25.74
48189.806,25.7
48189.913,25.75
48190.016,25.72
48190.114,25.72
48190.249,25.72
48190.324,25.75
48190.403,25.75
48190.504,25.72
48190.626,25.75
48190.709,25.78
48190.812,25.72
48190.914,25.75
48191.013,25.74
48191.100,25.74
48191.221,25.72
48191.335,25.75
48191.420,25.74
48191.508,25.74
48191.610,25.75
48191.703,25.75
48191.814,25.75
48191.934,25.7
48192.031,25.74
48192.121,25.72
48192.216,25.77
48192.335,25.75
48192.438,25.75
48192.527,25.72
48192.624,25.72
48192.744,25.77
48192.849,25.72
48192.945,25.74
48193.042,25.77
48193.137,25.74
48193.196,25.77
48193.355,25.77
48193.451,25.74
48193.503,25.75
48193.595,25.75
48193.692,25.72
48193.858,25.75
48193.908,25.75
48194.009,25.75
48194.104,25.77
48194.202,25.74
48194.323,25.8
48194.391,25.78
48194.512,25.77
48194.595,25.74
48194.711,25.72
48194.799,25.78
48194.902,25.78
48195.012,25.77
48195.094,25.74
48195.192,25.77
48195.301,25.74
48195.390,25.75
48195.507,25.75
48195.606,25.74
48195.704,25.74
48195.814,25.75
48195.910,25.74
48196.005,25.74
48196.114,25.74
48196.225,25.74
48196.322,25.75
48196.419,25.7
48196.525,25.72
48196.619,25.75
48246.740,25.74
48246.847,25.75
48246.926,25.77
48247.046,25.72
48247.144,25.75
48247.234,25.78
48247.286,25.74
48247.384,25.75
48247.483,25.74
48247.584,25.75
48247.701,25.72
48247.794,25.72
48247.891,25.75
48248.001,25.75
48248.098,25.74
48248.194,25.74
48248.293,25.7
48248.385,25.75
48248.480,25.75
48248.599,25.74
48248.684,25.75
48248.793,25.74
48248.891,25.75
48248.999,25.74
48249.097,25.77
48249.188,25.78
48249.308,25.75
48249.384,25.74
48249.492,25.74
48249.597,25.75
48249.679,25.74
48249.788,25.74
48249.902,25.72
48250.022,25.75
48250.115,25.72
48250.224,25.72
48250.321,25.75
48250.418,25.72
48250.523,25.75
48250.632,25.75
48250.729,25.7
48250.827,25.78
48250.934,25.74
48251.031,25.75
48251.082,25.75
48251.174,25.74
48251.283,25.75
48251.447,25.77
48251.474,25.74
48251.575,25.75
48251.674,25.75
48251.769,25.78
48251.890,25.74
48251.965,25.74
48252.085,25.75
48252.255,25.77
48252.284,25.74
48252.408,25.78
48252.479,25.77
48252.577,25.78
48252.670,25.78
48252.772,25.75
48252.865,25.78
48252.985,25.8
48253.113,25.75
48253.183,25.74
48253.279,25.72
48253.399,25.74
48253.479,25.78
48253.602,25.75
48253.698,25.78
48253.791,25.75
48253.868,25.74
48253.968,25.78
48254.075,25.75
48254.202,25.74
48254.308,25.74
48254.406,25.75
48254.525,25.72
48254.609,25.72
48254.660,25.75
48254.818,25.74
48254.872,25.75
48254.966,25.75
48255.064,25.77
48255.161,25.74
48255.259,25.74
48255.368,25.74
48255.467,25.77
48255.565,25.75
48255.669,25.75
48255.756,25.74
48255.865,25.75
48255.961,25.74
48256.058,25.75
48256.154,25.77
48256.276,25.78
48256.372,25.7
48256.471,25.75
48256.569,25.74
48306.666,25.78
48306.772,25.72
48306.882,25.74
48306.981,25.7
48307.077,25.75
48307.182,25.72
48307.268,25.72
48307.381,25.72
48307.454,25.75
48307.553,25.74
48307.662,25.75
48307.767,25.74
48307.883,25.7
48307.974,25.74
48308.095,25.75
48308.147,25.77
48308.309,25.75
48308.407,25.74
48308.503,25.75
48308.554,25.74
48308.654,25.75
48308.822,25.77
48308.846,25.75
48309.019,25.75
48309.047,25.77
48309.172,25.74
48309.264,25.75
48309.367,25.74
48309.449,25.74
48309.550,25.77
48309.648,25.74
48309.749,25.75
48309.846,25.74
48309.945,25.7
48310.147,25.75
48310.149,25.75
48310.247,25.72
48310.345,25.74
48310.448,25.75
48310.556,25.72
48310.653,25.74
48310.773,25.75
48310.856,25.75
48310.978,25.77
48311.075,25.74
48311.182,25.77
48311.252,25.74
48311.365,25.75
48311.440,25.72
48311.593,25.74
48311.644,25.75
48311.788,25.75
48311.857,25.75
48311.961,25.72
48312.036,25.75
48312.139,25.75
48312.237,25.74
48312.334,25.72
48312.447,25.75
48312.597,25.74
48312.650,25.75
48312.738,25.75
48312.836,25.75
48312.955,25.74
48313.042,25.77
48313.145,25.75
48313.243,25.75
48313.338,25.72
48313.430,25.75
48313.552,25.75
48313.631,25.74
48313.754,25.72
48313.843,25.77
48313.939,25.75
48314.036,25.74
48314.129,25.69
48314.231,25.75
48314.354,25.75
48314.454,25.74
48314.556,25.77
48314.651,25.75
48314.748,25.72
48314.859,25.75
48314.971,25.74
48315.067,25.75
48315.164,25.74
48315.267,25.72
48315.363,25.77
48315.483,25.77
48315.590,25.75
48315.666,25.74
48315.787,25.74
48315.882,25.75
48315.972,25.75
48316.025,25.75
48316.122,25.72
48316.288,25.75
48316.382,25.72
48316.433,25.77
48316.533,25.75
48316.634,25.77
48366.742,25.77
48366.849,25.74
48366.952,25.74
48367.030,25.74
48367.128,25.75
48367.304,25.72
48367.330,25.74
48367.426,25.77
48367.539,25.75
48367.628,25.75
48367.729,25.74
48367.817,25.78
48367.933,25.75
48368.030,25.75
48368.122,25.69
48368.232,25.75
48368.327,25.74
48368.447,25.75
48368.532,25.75
48368.645,25.75
48368.741,25.78
48368.859,25.74
48368.942,25.75
48369.063,25.75
48369.160,25.74
48369.265,25.75
48369.353,25.77
48369.473,25.75
48369.570,25.74
48369.676,25.72
48369.773,25.77
48369.870,25.77
48369.921,25.74
48370.025,25.72
48370.117,25.72
48370.214,25.74
48370.314,25.75
48370.414,25.75
48370.511,25.78
48370.631,25.74
48370.736,25.75
48370.815,25.74
48370.911,25.75
48371.013,25.78
48371.127,25.77
48371.218,25.77
48371.322,25.77
48371.428,25.72
48371.512,25.75
48371.622,25.72
48371.717,25.74
48371.813,25.77
48371.934,25.74
48372.032,25.75
48372.127,25.75
48372.219,25.75
48372.343,25.74
48372.437,25.74
48372.533,25.74
48372.641,25.75
48372.740,25.74
48372.842,25.75
48372.942,25.75
48373.055,25.75
48373.157,25.77
48373.253,25.75
48373.351,25.74
48373.400,25.78
48373.566,25.7
48373.676,25.75
48373.765,25.75
48373.862,25.77
48373.959,25.72
48374.012,25.75
48374.109,25.74
48374.207,25.75
48374.311,25.74
48374.411,25.75
48374.497,25.72
48374.617,25.74
48374.715,25.75
48374.812,25.74
48374.905,25.77
48375.001,25.74
48375.099,25.78
48375.213,25.74
48375.309,25.75
48375.406,25.74
48375.514,25.74
48375.597,25.75
48375.718,25.75
48375.802,25.75
48375.926,25.75
48376.020,25.75
48376.114,25.74
48376.248,25.74
48376.338,25.75
48376.434,25.74
48376.527,25.74
48376.616,25.74
48426.725,25.72
48426.845,25.74
48426.941,25.7
48427.053,25.75
48427.150,25.75
48427.247,25.74
48427.351,25.72
48427.395,25.7
48427.558,25.75
48427.592,25.75
48427.688,25.74
48427.855,25.75
48427.909,25.78
48428.005,25.74
48428.085,25.77
48428.207,25.74
48428.375,25.78
48428.465,25.75
48428.497,25.72
48428.593,25.75
48428.689,25.75
48428.784,25.74
48428.893,25.75
48428.988,25.72
48429.086,25.75
48429.192,25.72
48429.300,25.72
48429.388,25.75
48429.488,25.78
48429.601,25.74
48429.702,25.75
48429.804,25.75
48429.924,25.75
48430.012,25.74
48430.112,25.78
48430.203,25.77
48430.335,25.75
48430.431,25.74
48430.527,25.72
48430.625,25.77
48430.726,25.75
48430.844,25.74
48430.940,25.75
48431.026,25.7
48431.139,25.75
48431.235,25.78
48431.284,25.74
48431.437,25.75
48431.491,25.77
48431.586,25.78
48431.681,25.72
48431.784,25.74
48431.885,25.72
48431.982,25.75
48432.081,25.74
48432.196,25.74
48432.293,25.75
48432.399,25.75
48432.497,25.75
48432.584,25.77
48432.683,25.75
48432.778,25.75
48432.885,25.74
48432.982,25.75
48433.079,25.74
48433.176,25.77
48433.300,25.74
48433.395,25.72
48433.489,25.74
48433.599,25.75
48433.711,25.8
48433.790,25.74
48433.911,25.74
48434.009,25.74
48434.068,25.77
48434.170,25.75
48434.277,25.77
48434.383,25.75
48434.488,25.75
48434.596,25.75
48434.712,25.74
48434.768,25.77
48434.931,25.75
48435.028,25.75
48435.069,25.72
48435.173,25.72
48435.269,25.74
48435.364,25.75
48435.485,25.74
48435.581,25.72
48435.675,25.72
48435.772,25.75
48435.895,25.75
48435.964,25.75
48436.084,25.78
48436.172,25.74
48436.284,25.78
48436.380,25.72
48436.474,25.72
48436.578,25.77
48486.676,25.75
48486.775,25.77
48486.875,25.74
48486.975,25.74
48487.073,25.75
48487.193,25.77
48487.274,25.75
48487.389,25.77
48487.485,25.75
48487.604,25.75
48487.691,25.75
48487.764,25.7
48487.912,25.74
48488.008,25.74
48488.101,25.74
48488.193,25.75
48488.315,25.75
48488.420,25.72
48488.514,25.77
48488.574,25.74
48488.676,25.8
48488.782,25.72
48488.859,25.78
48488.961,25.72
48489.061,25.75
48489.157,25.72
48489.267,25.72
48489.370,25.75
48489.479,25.75
48489.557,25.75
48489.655,25.72
48489.758,25.74
48489.869,25.75
48489.991,25.74
48490.061,25.75
48490.157,25.74
48490.257,25.72
48490.354,25.74
48490.452,25.77
48490.550,25.74
48490.673,25.77
48490.771,25.77
48490.866,25.74
48490.958,25.74
48491.060,25.78
48491.184,25.74
48491.279,25.75
48491.385,25.7
48491.482,25.74
48491.579,25.72
48491.684,25.74
48491.797,25.74
48491.894,25.75
48491.989,25.75
48492.096,25.75
48492.191,25.72
48492.244,25.74
48492.417,25.72
48492.503,25.75
48492.552,25.72
48492.653,25.74
48492.747,25.74
48492.850,25.72
48492.947,25.74
48493.044,25.74
48493.154,25.77
48493.262,25.74
48493.360,25.72
48493.457,25.75
48493.546,25.72
48493.650,25.72
48493.746,25.75
48493.845,25.77
48493.956,25.74
48494.052,25.7
48494.156,25.75
48494.257,25.77
48494.341,25.75
48494.446,25.74
48494.551,25.75
48494.667,25.72
48494.765,25.7
48494.859,25.75
48494.961,25.75
48495.064,25.72
48495.156,25.74
48495.279,25.74
48495.370,25.74
48495.473,25.69
48495.575,25.72
48495.667,25.74
48495.795,25.74
48495.894,25.74
48495.990,25.74
48496.093,25.74
48496.136,25.77
48496.239,25.7
48496.332,25.77
48496.505,25.74
48496.534,25.77
48496.630,25.75
48786.740,25.69
48786.828,25.74
48786.941,25.69
48787.039,25.74
48787.136,25.74
48787.229,25.74
48787.334,25.74
48787.436,25.74
48787.536,25.75
48787.642,25.72
48787.741,25.74
48787.827,25.72
48787.932,25.77
48788.036,25.75
48788.132,25.75
48788.243,25.72
48788.343,25.74
48788.440,25.77
48788.535,25.7
48788.667,25.75
48788.743,25.72
48788.865,25.74
48788.961,25.72
48789.047,25.72
48789.167,25.77
48789.264,25.74
48789.356,25.75
48789.469,25.75
48789.567,25.75
48789.662,25.75
48789.768,25.75
48789.879,25.75
48789.975,25.74
48790.026,25.72
48790.180,25.77
48790.232,25.75
48790.325,25.75
48790.423,25.75
48790.528,25.77
48790.626,25.77
48790.724,25.75
48790.821,25.72
48790.917,25.78
48791.039,25.75
48791.136,25.77
48791.239,25.75
48791.324,25.72
48791.426,25.75
48791.524,25.74
48791.616,25.77
48791.719,25.78
48791.816,25.75
48791.934,25.75
48792.017,25.74
48792.138,25.69
48792.235,25.74
48792.340,25.72
48792.448,25.7
48792.539,25.75
48792.662,25.77
48792.754,25.75
48792.845,25.75
48792.965,25.74
48793.017,25.75
48793.169,25.75
48793.221,25.75
48793.327,25.7
48793.442,25.75
48793.542,25.74
48793.663,25.72
48793.714,25.77
48793.812,25.77
48793.912,25.74
48794.009,25.75
48794.179,25.74
48794.222,25.74
48794.318,25.72
48794.415,25.74
48794.516,25.74
48794.614,25.72
48794.710,25.75
48794.807,25.72
48794.914,25.74
48795.014,25.74
48795.109,25.77
48795.206,25.75
48795.319,25.72
48795.415,25.72
48795.522,25.72
48795.604,25.72
48795.713,25.72
48795.819,25.72
48795.915,25.75
48796.016,25.74
48796.122,25.74
48796.220,25.72
48796.340,25.74
48796.427,25.75
48796.523,25.75
48846.645,25.69
48846.751,25.74
48846.841,25.75
48846.936,25.74
48847.060,25.75
48847.138,25.75
48847.257,25.72
48847.355,25.72
48847.454,25.75
48847.556,25.7
48847.607,25.74
48847.698,25.74
48847.798,25.77
48847.902,25.72
48847.999,25.72
48848.096,25.75
48848.222,25.72
48848.295,25.7
48848.413,25.72
48848.510,25.72
48848.612,25.74
48848.714,25.75
48848.809,25.74
48848.903,25.74
48849.000,25.72
48849.096,25.74
48849.214,25.72
48849.325,25.74
48849.412,25.7
48849.492,25.74
48849.613,25.72
48849.691,25.72
48849.803,25.72
48849.902,25.74
48850.010,25.72
48850.092,25.75
48850.199,25.7
48850.323,25.72
48850.426,25.72
48850.512,25.72
48850.644,25.75
48850.764,25.75
48850.838,25.74
48850.934,25.75
48850.986,25.77
48851.086,25.75
48851.253,25.74
48851.351,25.75
48851.448,25.74
48851.540,25.72
48851.596,25.74
48851.690,25.72
48851.788,25.72
48851.897,25.72
48852.002,25.69
48852.099,25.72
48852.196,25.7
48852.288,25.74
48852.397,25.72
48852.493,25.75
48852.594,25.75
48852.699,25.74
48852.793,25.72
48852.900,25.72
48852.999,25.77
48853.088,25.72
48853.184,25.74
48853.284,25.75
48853.384,25.72
48853.504,25.77
48853.602,25.7
48853.697,25.72
48853.803,25.74
48853.896,25.75
48854.015,25.74
48854.103,25.7
48854.214,25.74
48854.311,25.75
48854.427,25.75
48854.510,25.74
48854.632,25.7
48854.729,25.74
48854.787,25.72
48854.888,25.74
48854.991,25.75
48855.074,25.72
48855.248,25.72
48855.275,25.7
48855.380,25.75
48855.489,25.75
48855.640,25.7
48855.691,25.72
48855.776,25.72
48855.873,25.72
48855.990,25.77
48856.088,25.72
48856.208,25.72
48856.279,25.72
48856.378,25.72
48856.480,25.72
48856.577,25.75
48906.674,25.75
48906.787,25.72
48906.884,25.69
48906.981,25.75
48907.085,25.74
48907.183,25.75
48907.279,25.75
48907.409,25.72
48907.480,25.72
48907.599,25.74
48907.695,25.72
48907.788,25.69
48907.912,25.74
48908.010,25.75
48908.103,25.75
48908.213,25.77
48908.308,25.75
48908.406,25.72
48908.513,25.75
48908.623,25.72
48908.718,25.75
48908.769,25.72
48908.922,25.74
48909.020,25.72
48909.072,25.72
48909.166,25.72
48909.271,25.7
48909.367,25.75
48909.467,25.72
48909.586,25.72
48909.677,25.74
48909.776,25.74
48909.872,25.69
48909.981,25.72
48910.063,25.72
48910.161,25.75
48910.257,25.72
48910.372,25.74
48910.462,25.72
48910.559,25.72
48910.660,25.72
48910.761,25.74
48910.859,25.77
48910.955,25.77
48911.057,25.75
48911.179,25.72
48911.274,25.74
48911.371,25.74
48911.495,25.75
48911.591,25.75
48911.686,25.78
48911.786,25.78
48911.888,25.75
48912.008,25.72
48912.105,25.75
48912.191,25.74
48912.301,25.77
48912.352,25.7
48912.513,25.69
48912.555,25.77
48912.651,25.77
48912.818,25.74
48912.922,25.74
48912.966,25.77
48913.057,25.7
48913.155,25.75
48913.257,25.78
48913.356,25.75
48913.480,25.74
48913.572,25.77
48913.657,25.74
48913.751,25.75
48913.849,25.74
48913.968,25.75
48914.068,25.77
48914.193,25.74
48914.261,25.7
48914.359,25.75
48914.462,25.75
48914.558,25.78
48914.647,25.75
48914.760,25.75
48914.870,25.74
48914.956,25.74
48915.077,25.77
48915.171,25.77
48915.262,25.72
48915.364,25.72
48915.494,25.77
48915.584,25.75
48915.655,25.72
48915.762,25.74
48915.906,25.72
48915.974,25.77
48916.074,25.75
48916.177,25.74
48916.299,25.74
48916.389,25.72
48916.442,25.72
48916.539,25.75
48966.646,25.78
48966.741,25.78
48966.905,25.72
48967.009,25.75
48967.061,25.77
48967.154,25.77
48967.249,25.75
48967.358,25.75
48967.460,25.75
48967.557,25.74
48967.719,25.75
48967.748,25.72
48967.845,25.72
48967.939,25.74
48968.036,25.74
48968.136,25.78
48968.257,25.74
48968.352,25.72
48968.436,25.7
48968.546,25.72
48968.666,25.72
48968.763,25.74
48968.846,25.77
48968.968,25.7
48969.064,25.75
48969.169,25.72
48969.256,25.74
48969.376,25.75
48969.435,25.75
48969.580,25.7
48969.642,25.72
48969.743,25.75
48969.854,25.75
48969.962,25.74
48970.083,25.74
48970.135,25.75
48970.228,25.72
48970.383,25.75
48970.434,25.74
48970.539,25.72
48970.639,25.72
48970.741,25.74
48970.838,25.74
48970.936,25.75
48971.030,25.72
48971.127,25.74
48971.246,25.75
48971.344,25.75
48971.442,25.7
48971.523,25.75
48971.668,25.74
48971.741,25.7
48971.830,25.75
48971.926,25.72
48972.044,25.75
48972.129,25.74
48972.245,25.75
48972.347,25.72
48972.442,25.78
48972.548,25.75
48972.645,25.74
48972.740,25.74
48972.844,25.7
48972.957,25.75
48973.045,25.74
48973.120,25.72
48973.259,25.74
48973.323,25.77
48973.428,25.75
48973.534,25.7
48973.638,25.75
48973.739,25.74
48973.820,25.72
48973.990,25.74
48974.048,25.74
48974.124,25.72
48974.222,25.74
48974.356,25.75
48974.430,25.7
48974.532,25.74
48974.635,25.75
48974.730,25.72
48974.822,25.72
48974.922,25.75
48975.015,25.74
48975.122,25.77
48975.216,25.74
48975.314,25.72
48975.417,25.75
48975.527,25.72
48975.631,25.75
48975.727,25.74
48975.827,25.72
48975.924,25.75
48976.021,25.78
48976.116,25.72
48976.220,25.72
48976.340,25.72
48976.437,25.74
48976.518,25.72
49026.649,25.74
49026.745,25.75
49026.842,25.77
49026.955,25.75
49027.054,25.75
49027.148,25.72
49027.254,25.74
49027.368,25.72
49027.466,25.74
49027.564,25.72
49027.666,25.74
49027.763,25.72
49027.814,25.72
49027.906,25.75
49028.013,25.75
49028.110,25.77
49028.207,25.77
49028.314,25.7
49028.418,25.74
49028.515,25.74
49028.624,25.75
49028.724,25.7
49028.810,25.69
49028.911,25.69
49029.013,25.74
49029.115,25.72
49029.202,25.75
49029.324,25.75
49029.410,25.72
49029.504,25.72
49029.621,25.75
49029.707,25.75
49029.828,25.75
49029.915,25.74
49030.012,25.75
49030.133,25.72
49030.238,25.72
49030.337,25.7
49030.433,25.7
49030.533,25.72
49030.630,25.72
49030.724,25.72
49030.844,25.72
49030.962,25.7
49031.035,25.74
49031.156,25.74
49031.249,25.72
49031.296,25.74
49031.399,25.75
49031.499,25.72
49031.665,25.7
49031.704,25.74
49031.796,25.72
49031.894,25.75
49032.076,25.75
49032.104,25.72
49032.200,25.72
49032.308,25.77
49032.400,25.74
49032.512,25.72
49032.609,25.75
49032.704,25.72
49032.797,25.72
49032.894,25.77
49033.036,25.74
49033.109,25.75
49033.209,25.74
49033.309,25.77
49033.392,25.78
49033.501,25.7
49033.603,25.75
49033.700,25.7
49033.805,25.75
49033.910,25.74
49034.005,25.72
49034.090,25.72
49034.211,25.75
49034.299,25.7
49034.419,25.78
49034.506,25.72
49034.616,25.72
49034.740,25.72
49034.836,25.72
49034.935,25.74
49035.041,25.72
49035.136,25.75
49035.188,25.75
49035.340,25.75
49035.384,25.72
49035.550,25.72
49035.645,25.74
49035.750,25.72
49035.802,25.74
49035.893,25.75
49035.989,25.74
49036.098,25.77
49036.195,25.74
49036.290,25.7
49036.394,25.75
49036.482,25.72
49036.578,25.75
49086.688,25.74
49086.809,25.75
49086.894,25.72
49086.997,25.75
49087.093,25.75
49087.178,25.74
49087.290,25.75
49087.385,25.72
49087.477,25.74
49087.588,25.72
49087.710,25.74
49087.807,25.75
49087.911,25.74
49087.994,25.69
49088.115,25.7
49088.212,25.75
49088.323,25.72
49088.419,25.75
49088.517,25.7
49088.613,25.74
49088.721,25.74
49088.773,25.75
49088.874,25.74
49088.989,25.74
49089.129,25.72
49089.181,25.74
49089.286,25.78
49089.430,25.75
49089.480,25.75
49089.578,25.72
49089.677,25.74
49089.809,25.72
49089.885,25.74
49089.983,25.72
49090.087,25.72
49090.185,25.74
49090.305,25.75
49090.379,25.72
49090.485,25.75
49090.588,25.72
49090.688,25.75
49090.768,25.75
49090.886,25.74
49090.974,25.74
49091.073,25.74
49091.169,25.72
49091.289,25.75
49091.384,25.7
49091.481,25.74
49091.588,25.72
49091.680,25.72
49091.800,25.72
49091.896,25.74
49091.998,25.72
49092.097,25.75
49092.214,25.75
49092.322,25.75
49092.411,25.72
49092.508,25.74
49092.604,25.72
49092.706,25.77
49092.827,25.7
49092.923,25.7
49093.020,25.7
49093.125,25.72
49093.174,25.72
49093.266,25.7
49093.363,25.72
49093.474,25.72
49093.573,25.72
49093.669,25.75
49093.840,25.75
49093.870,25.72
49093.964,25.72
49094.061,25.72
49094.159,25.75
49094.269,25.75
49094.368,25.77
49094.465,25.72
49094.571,25.74
49094.659,25.74
49094.758,25.7
49094.860,25.74
49094.958,25.72
49095.065,25.75
49095.167,25.74
49095.265,25.77
49095.375,25.75
49095.455,25.72
49095.559,25.74
49095.664,25.74
49095.786,25.69
49095.899,25.74
49095.997,25.75
49096.084,25.72
49096.205,25.7
49096.299,25.72
49096.409,25.74
49096.506,25.69
49096.606,25.72
49386.658,25.72
49386.756,25.72
49386.857,25.72
49386.953,25.77
49387.050,25.72
49387.156,25.74
49387.257,25.75
49387.363,25.72
49387.467,25.72
49387.545,25.74
49387.647,25.74
49387.767,25.72
49387.859,25.74
49387.955,25.74
49388.054,25.72
49388.156,25.7
49388.245,25.7
49388.346,25.74
49388.464,25.74
49388.544,25.72
49388.649,25.69
49388.751,25.74
49388.844,25.74
49388.953,25.77
49389.045,25.72
49389.152,25.7
49389.253,25.7
49389.374,25.74
49389.471,25.78
49389.547,25.75
49389.678,25.74
49389.784,25.72
49389.879,25.75
49389.998,25.72
49390.086,25.75
49390.181,25.75
49390.300,25.72
49390.406,25.75
49390.493,25.74
49390.545,25.7
49390.638,25.72
49390.795,25.75
49390.848,25.75
49390.945,25.72
49391.041,25.75
49391.142,25.75
49391.252,25.69
49391.350,25.69
49391.454,25.74
49391.536,25.75
49391.633,25.74
49391.753,25.72
49391.849,25.7
49391.945,25.75
49392.042,25.75
49392.141,25.72
49392.245,25.74
49392.353,25.75
49392.434,25.74
49392.554,25.77
49392.655,25.72
49392.753,25.69
49392.852,25.72
49392.945,25.75
49393.048,25.75
49393.171,25.77
49393.268,25.74
49393.355,25.74
49393.457,25.75
49393.577,25.72
49393.675,25.69
49393.783,25.75
49393.876,25.74
49393.993,25.75
49394.047,25.72
49394.128,25.75
49394.227,25.72
49394.369,25.7
49394.493,25.74
49394.593,25.72
49394.686,25.75
49394.737,25.74
49394.840,25.74
49394.935,25.72
49395.038,25.74
49395.135,25.72
49395.223,25.72
49395.343,25.72
49395.440,25.69
49395.552,25.74
49395.634,25.72
49395.731,25.74
49395.830,25.72
49395.920,25.75
49396.029,25.7
49396.127,25.75
49396.222,25.75
49396.334,25.72
49396.432,25.75
49396.551,25.72
49446.655,25.72
49446.745,25.75
49446.843,25.75
49446.962,25.77
49447.043,25.74
49447.165,25.74
49447.265,25.75
49447.361,25.7
49447.415,25.74
49447.567,25.75
49447.628,25.74
49447.733,25.74
49447.837,25.72
49447.942,25.72
49448.018,25.72
49448.124,25.69
49448.216,25.74
49448.327,25.75
49448.429,25.75
49448.514,25.74
49448.636,25.74
49448.716,25.75
49448.814,25.77
49448.927,25.75
49449.023,25.7
49449.127,25.75
49449.227,25.77
49449.312,25.72
49449.432,25.72
49449.531,25.75
49449.624,25.74
49449.721,25.72
49449.818,25.74
49449.916,25.72
49450.032,25.74
49450.126,25.74
49450.222,25.69
49450.329,25.74
49450.443,25.72
49450.539,25.7
49450.632,25.77
49450.741,25.72
49450.838,25.72
49450.958,25.72
49451.066,25.74
49451.139,25.72
49451.258,25.75
49451.355,25.75
49451.476,25.75
49451.504,25.74
49451.665,25.77
49451.761,25.72
49451.869,25.74
49451.966,25.72
49452.064,25.75
49452.115,25.7
49452.218,25.69
49452.312,25.72
49452.413,25.7
49452.551,25.72
49452.603,25.75
49452.706,25.82
49452.803,25.72
49452.903,25.74
49453.015,25.75
49453.112,25.72
49453.198,25.72
49453.312,25.77
49453.407,25.74
49453.507,25.72
49453.606,25.74
49453.706,25.72
49453.801,25.75
49453.920,25.7
49454.004,25.75
49454.119,25.75
49454.218,25.75
49454.312,25.74
49454.441,25.72
49454.540,25.77
49454.635,25.7
49454.739,25.72
49454.802,25.72
49454.946,25.72
49455.042,25.75
49455.152,25.74
49455.249,25.72
49455.345,25.72
49455.396,25.7
49455.500,25.72
49455.591,25.74
49455.757,25.74
49455.850,25.72
49455.955,25.74
49456.007,25.72
49456.101,25.74
49456.210,25.74
49456.309,25.74
49456.410,25.7
49456.577,25.7
49456.595,25.72
49506.693,25.75
49506.793,25.74
49506.897,25.75
49506.989,25.74
49507.101,25.72
49507.204,25.69
49507.286,25.72
49507.396,25.69
49507.494,25.7
49507.602,25.7
49507.692,25.75
49507.790,25.75
49507.911,25.74
49508.009,25.74
49508.116,25.74
49508.214,25.75
49508.310,25.72
49508.415,25.72
49508.528,25.7
49508.623,25.74
49508.722,25.75
49509.051,25.75
49509.163,25.72
49509.182,25.74
49509.285,25.7
49509.383,25.7
49509.484,25.74
49509.587,25.7
49509.683,25.75
49509.784,25.74
49509.885,25.74
49509.992,25.74
49510.091,25.72
49510.188,25.75
49510.277,25.72
49510.397,25.72
49510.480,25.75
49510.577,25.75
49510.687,25.74
49510.784,25.75
49510.881,25.74
49510.986,25.77
49511.094,25.75
49511.196,25.75
49511.274,25.72
49511.399,25.72
49511.480,25.72
49511.583,25.72
49511.689,25.74
49511.791,25.72
49511.877,25.72
49511.998,25.74
49512.088,25.72
49512.197,25.74
49512.317,25.7
49512.415,25.72
49512.526,25.7
49512.625,25.72
49512.720,25.75
49512.825,25.72
49512.868,25.75
49513.031,25.72
49513.129,25.69
49513.236,25.7
49513.333,25.74
49513.430,25.75
49513.482,25.74
49513.584,25.72
49513.679,25.74
49513.776,25.72
49513.874,25.72
49513.987,25.74
49514.085,25.69
49514.183,25.75
49514.295,25.7
49514.374,25.72
49514.471,25.75
49514.570,25.78
49514.663,25.75
49514.775,25.7
49514.877,25.75
49514.984,25.72
49515.074,25.72
49515.170,25.74
49515.273,25.72
49515.397,25.74
49515.484,25.72
49515.582,25.7
49515.665,25.75
49515.782,25.75
49515.873,25.72
49515.995,25.72
49516.088,25.72
49516.204,25.78
49516.300,25.74
49516.394,25.75
49516.501,25.72
49516.613,25.72
49566.711,25.74
49566.762,25.72
49566.912,25.75
49566.964,25.72
49567.060,25.72
49567.160,25.72
49567.259,25.75
49567.357,25.77
49567.477,25.7
49567.579,25.74
49567.671,25.7
49567.772,25.78
49567.870,25.72
49567.970,25.75
49568.057,25.74
49568.157,25.7
49568.252,25.75
49568.366,25.7
49568.462,25.74
49568.562,25.74
49568.656,25.74
49568.773,25.72
49568.870,25.72
49568.967,25.75
49569.072,25.74
49569.160,25.75
49569.280,25.74
49569.378,25.7
49569.484,25.72
49569.581,25.72
49569.676,25.75
49569.774,25.69
49569.876,25.74
49569.996,25.77
49570.093,25.7
49570.174,25.75
49570.308,25.7
49570.358,25.7
49570.506,25.72
49570.567,25.72
49570.670,25.74
49570.746,25.7
49570.848,25.75
49570.957,25.72
49571.055,25.7
49571.154,25.74
49571.294,25.74
49571.348,25.74
49571.444,25.72
49571.565,25.74
49571.645,25.75
49571.760,25.77
49571.860,25.75
49571.956,25.72
49572.051,25.72
49572.149,25.7
49572.245,25.72
49572.380,25.74
49572.440,25.72
49572.560,25.75
49572.658,25.7
49572.754,25.7
49572.858,25.74
49572.955,25.72
49573.051,25.74
49573.159,25.72
49573.280,25.74
49573.377,25.72
49573.482,25.75
49573.574,25.72
49573.670,25.69
49573.792,25.74
49573.869,25.75
49573.989,25.74
49574.085,25.72
49574.184,25.72
49574.289,25.72
49574.340,25.75
49574.440,25.72
49574.596,25.7
49574.699,25.7
49574.750,25.72
49574.842,25.7
49574.952,25.72
49575.055,25.69
49575.150,25.77
49575.246,25.74
49575.342,25.69
49575.433,25.72
49575.537,25.69
49575.640,25.72
49575.731,25.7
49575.876,25.72
49575.946,25.74
49576.055,25.75
49576.146,25.69
49576.240,25.7
49576.336,25.72
49576.446,25.75
49576.544,25.72
49626.639,25.69
49626.759,25.72
49626.859,25.75
49626.956,25.72
49627.053,25.75
49627.159,25.74
49627.270,25.7
49627.370,25.7
49627.469,25.7
49627.572,25.72
49627.667,25.72
49627.762,25.7
49627.894,25.7
49627.981,25.75
49628.077,25.74
49628.128,25.74
49628.275,25.7
49628.328,25.75
49628.427,25.7
49628.526,25.7
49628.628,25.69
49628.738,25.72
49628.833,25.72
49628.931,25.7
49629.042,25.72
49629.140,25.7
49629.236,25.75
49629.334,25.72
49629.430,25.74
49629.535,25.72
49629.636,25.69
49629.730,25.74
49629.826,25.72
49629.928,25.7
49630.039,25.72
49630.142,25.74
49630.224,25.74
49630.328,25.72
49630.426,25.75
49630.531,25.72
49630.642,25.74
49630.738,25.72
49630.835,25.7
49630.945,25.72
49631.029,25.72
49631.145,25.74
49631.244,25.7
49631.365,25.74
49631.463,25.7
49631.567,25.74
49631.653,25.75
49631.774,25.72
49631.871,25.75
49631.979,25.72
49632.075,25.69
49632.173,25.7
49632.225,25.72
49632.326,25.74
49632.428,25.72
49632.530,25.72
49632.626,25.7
49632.718,25.7
49632.837,25.7
49632.916,25.72
49633.039,25.7
49633.113,25.75
49633.225,25.75
49633.323,25.69
49633.430,25.72
49633.526,25.69
49633.623,25.74
49633.709,25.72
49633.818,25.74
49633.913,25.7
49634.008,25.69
49634.140,25.75
49634.213,25.7
49634.333,25.7
49634.432,25.72
49634.521,25.74
49634.644,25.72
49634.725,25.75
49634.805,25.72
49634.910,25.72
49635.010,25.74
49635.120,25.7
49635.246,25.77
49635.348,25.7
49635.442,25.72
49635.517,25.72
49635.655,25.7
49635.753,25.74
49635.802,25.72
49635.904,25.72
49636.006,25.72
49636.103,25.72
49636.202,25.75
49636.320,25.72
49636.416,25.7
49636.513,25.74
49636.614,25.72
49686.713,25.75
49686.797,25.75
49686.905,25.77
49687.002,25.7
49687.104,25.72
49687.201,25.72
49687.298,25.74
49687.415,25.75
49687.513,25.75
49687.610,25.75
49687.707,25.74
49687.815,25.7
49687.921,25.77
49688.002,25.74
49688.123,25.7
49688.226,25.74
49688.315,25.74
49688.392,25.75
49688.496,25.72
49688.621,25.7
49688.708,25.74
49688.827,25.75
49688.916,25.72
49689.025,25.74
49689.145,25.77
49689.241,25.72
49689.354,25.72
49689.450,25.72
49689.548,25.7
49689.652,25.72
49689.699,25.75
49689.799,25.75
49689.893,25.74
49689.990,25.69
49690.088,25.75
49690.208,25.75
49690.302,25.78
49690.388,25.7
49690.516,25.72
49690.594,25.69
49690.694,25.74
49690.790,25.74
49690.888,25.72
49690.987,25.75
49691.125,25.75
49691.205,25.72
49691.301,25.7
49691.399,25.72
49691.491,25.75
49691.606,25.72
49691.708,25.72
49691.807,25.72
49691.902,25.74
49692.000,25.7
49692.104,25.7
49692.183,25.72
49692.285,25.74
49692.394,25.72
49692.515,25.74
49692.609,25.69
49692.733,25.74
49692.829,25.72
49692.927,25.75
49693.029,25.72
49693.078,25.74
49693.242,25.72
49693.328,25.74
49693.441,25.74
49693.540,25.75
49693.590,25.72
49693.740,25.74
49693.792,25.72
49693.885,25.74
49693.982,25.75
49694.087,25.75
49694.189,25.77
49694.285,25.72
49694.382,25.74
49694.474,25.75
49694.595,25.75
49694.674,25.75
49694.798,25.72
49694.886,25.78
49694.986,25.74
49695.084,25.72
49695.188,25.74
49695.285,25.72
49695.383,25.7
49695.477,25.74
49695.601,25.72
49695.699,25.75
49695.795,25.74
49695.901,25.75
49695.989,25.7
49696.110,25.74
49696.205,25.75
49696.312,25.72
49696.408,25.72
49696.506,25.7
49696.635,25.72
49986.705,25.72
49986.827,25.77
49986.926,25.75
49987.001,25.7
49987.066,25.74
49987.232,25.74
49987.329,25.75
49987.371,25.72
49987.473,25.75
49987.569,25.72
49987.666,25.7
49987.784,25.74
49987.864,25.72
49987.967,25.75
49988.149,25.75
49988.176,25.72
49988.265,25.7
49988.376,25.74
49988.473,25.7
49988.573,25.72
49988.679,25.75
49988.780,25.72
49988.881,25.72
49988.960,25.75
49989.069,25.74
49989.178,25.72
49989.276,25.74
49989.363,25.7
49989.485,25.77
49989.579,25.75
49989.689,25.75
49989.784,25.74
49989.902,25.72
49989.987,25.7
49990.108,25.72
49990.204,25.67
49990.309,25.75
49990.392,25.72
49990.514,25.75
49990.610,25.72
49990.722,25.7
49990.820,25.72
49990.918,25.67
49991.014,25.7
49991.115,25.69
49991.167,25.72
49991.260,25.74
49991.355,25.74
49991.463,25.75
49991.565,25.74
49991.668,25.72
49991.780,25.74
49991.855,25.75
49991.986,25.75
49992.055,25.75
49992.172,25.75
49992.268,25.72
49992.362,25.72
49992.468,25.69
49992.559,25.72
49992.670,25.69
49992.766,25.7
49992.850,25.72
49992.952,25.72
49993.054,25.75
49993.157,25.72
49993.249,25.72
49993.368,25.69
49993.453,25.69
49993.574,25.74
49993.656,25.72
49993.774,25.72
49993.866,25.72
49993.989,25.75
49994.071,25.74
49994.190,25.72
49994.284,25.7
49994.396,25.74
49994.497,25.74
49994.548,25.75
49994.720,25.72
49994.746,25.72
49994.845,25.72
49994.942,25.74
49995.043,25.75
49995.150,25.72
49995.248,25.69
49995.344,25.72
49995.454,25.67
49995.550,25.72
49995.649,25.72
49995.745,25.72
49995.875,25.7
49995.946,25.74
49996.044,25.7
49996.139,25.7
49996.258,25.74
49996.355,25.75
49996.452,25.7
49996.558,25.7
50046.639,25.72
50046.741,25.72
50046.843,25.72
50046.945,25.72
50047.049,25.72
50047.155,25.75
50047.257,25.75
50047.335,25.7
50047.441,25.74
50047.547,25.72
50047.664,25.74
50047.770,25.7
50047.892,25.67
50047.988,25.74
50048.073,25.72
50048.194,25.74
50048.288,25.72
50048.395,25.69
50048.486,25.74
50048.539,25.72
50048.632,25.69
50048.807,25.72
50048.837,25.74
50048.933,25.72
50049.032,25.75
50049.131,25.7
50049.243,25.74
50049.345,25.72
50049.440,25.75
50049.530,25.72
50049.630,25.7
50049.749,25.72
50049.867,25.7
50049.943,25.75
50050.043,25.75
50050.138,25.74
50050.234,25.72
50050.346,25.69
50050.447,25.74
50050.542,25.72
50050.644,25.7
50050.742,25.69
50050.837,25.74
50050.968,25.72
50051.061,25.74
50051.144,25.72
50051.247,25.74
50051.351,25.75
50051.428,25.69
50051.535,25.72
50051.637,25.72
50051.740,25.69
50051.847,25.7
50051.954,25.7
50052.070,25.75
50052.183,25.72
50052.279,25.74
50052.328,25.75
50052.483,25.72
50052.536,25.7
50052.628,25.72
50052.726,25.72
50052.830,25.72
50052.931,25.69
50053.027,25.72
50053.124,25.72
50053.217,25.69
50053.338,25.75
50053.417,25.72
50053.542,25.75
50053.625,25.69
50053.725,25.72
50053.823,25.75
50053.932,25.72
50054.034,25.69
50054.132,25.74
50054.227,25.72
50054.319,25.72
50054.440,25.72
50054.541,25.74
50054.642,25.69
50054.728,25.69
50054.849,25.69
50054.943,25.74
50055.054,25.72
50055.151,25.72
50055.248,25.72
50055.402,25.7
50055.454,25.72
50055.547,25.75
50055.624,25.72
50055.744,25.74
50055.826,25.75
50055.933,25.7
50056.040,25.72
50056.113,25.74
50056.269,25.75
50056.319,25.7
50056.427,25.69
50056.522,25.72
50056.609,25.72
50106.729,25.75
50106.823,25.72
50106.920,25.77
50107.039,25.74
50107.107,25.69
50107.217,25.74
50107.311,25.72
50107.406,25.7
50107.526,25.72
50107.620,25.72
50107.718,25.7
50107.813,25.72
50107.909,25.72
50108.020,25.72
50108.115,25.75
50108.211,25.75
50108.322,25.74
50108.430,25.74
50108.527,25.74
50108.623,25.69
50108.729,25.72
50108.823,25.69
50108.944,25.7
50109.053,25.69
50109.140,25.74
50109.234,25.72
50109.354,25.7
50109.439,25.72
50109.562,25.74
50109.659,25.72
50109.754,25.72
50109.859,25.7
50109.908,25.74
50110.008,25.74
50110.156,25.72
50110.196,25.69
50110.306,25.7
50110.410,25.74
50110.524,25.72
50110.598,25.75
50110.704,25.72
50110.807,25.72
50110.916,25.7
50111.035,25.74
50111.135,25.72
50111.213,25.75
50111.304,25.75
50111.399,25.72
50111.495,25.72
50111.627,25.72
50111.716,25.7
50111.810,25.74
50111.905,25.72
50111.998,25.75
50112.107,25.72
50112.203,25.72
50112.326,25.72
50112.430,25.75
50112.525,25.72
50112.623,25.74
50112.729,25.74
50112.839,25.72
50112.934,25.72
50113.031,25.74
50113.140,25.7
50113.237,25.7
50113.329,25.72
50113.463,25.7
50113.553,25.67
50113.651,25.72
50113.747,25.72
50113.798,25.69
50113.888,25.74
50113.989,25.7
50114.089,25.72
50114.198,25.74
50114.306,25.72
50114.402,25.74
50114.499,25.75
50114.589,25.74
50114.686,25.69
50114.790,25.75
50114.894,25.7
50115.000,25.72
50115.095,25.77
50115.202,25.72
50115.301,25.72
50115.387,25.75
50115.490,25.72
50115.588,25.74
50115.688,25.72
50115.782,25.75
50115.910,25.72
50115.987,25.7
50116.105,25.7
50116.206,25.74
50116.326,25.7
50116.404,25.7
50116.513,25.7
50116.606,25.77
50166.729,25.74
50166.820,25.72
50166.937,25.7
50167.029,25.72
50167.140,25.72
50167.229,25.72
50167.281,25.72
50167.440,25.75
50167.550,25.75
50167.579,25.69
50167.674,25.72
50167.773,25.72
50167.873,25.75
50167.990,25.7
50168.085,25.69
50168.181,25.75
50168.295,25.72
50168.391,25.72
50168.556,25.69
50168.609,25.72
50168.714,25.74
50168.792,25.74
50168.916,25.67
50168.983,25.72
50169.089,25.75
50169.188,25.72
50169.286,25.72
50169.388,25.69
50169.483,25.7
50169.580,25.75
50169.712,25.74
50169.804,25.74
50169.883,25.74
50170.006,25.72
50170.077,25.72
50170.211,25.74
50170.308,25.74
50170.405,25.72
50170.515,25.72
50170.611,25.72
50170.706,25.69
50170.814,25.72
50170.927,25.74
50170.978,25.74
50171.082,25.72
50171.226,25.72
50171.292,25.7
50171.368,25.75
50171.470,25.72
50171.574,25.72
50171.675,25.7
50171.776,25.72
50171.884,25.74
50171.979,25.7
50172.075,25.74
50172.195,25.7
50172.283,25.72
50172.372,25.74
50172.468,25.72
50172.565,25.74
50172.674,25.72
50172.772,25.7
50172.868,25.74
50172.964,25.72
50173.063,25.72
50173.183,25.72
50173.280,25.69
50173.387,25.72
50173.474,25.74
50173.569,25.7
50173.689,25.72
50173.799,25.74
50173.894,25.74
50173.992,25.72
50174.089,25.72
50174.190,25.7
50174.310,25.72
50174.410,25.72
50174.510,25.72
50174.611,25.7
50174.707,25.7
50174.810,25.72
50174.856,25.72
50174.952,25.72
50175.053,25.7
50175.154,25.7
50175.321,25.72
50175.371,25.72
50175.463,25.69
50175.561,25.69
50175.658,25.72
50175.755,25.72
50175.856,25.7
50175.983,25.69
50176.054,25.7
50176.163,25.7
50176.257,25.7
50176.348,25.72
50176.469,25.74
50176.549,25.69
50226.670,25.69
50226.768,25.72
50226.849,25.72
50226.969,25.72
50227.061,25.72
50227.157,25.72
50227.260,25.74
50227.346,25.72
50227.446,25.72
50227.568,25.7
50227.649,25.69
50227.755,25.7
50227.859,25.75
50227.981,25.72
50228.096,25.7
50228.178,25.69
50228.299,25.74
50228.397,25.74
50228.494,25.74
50228.601,25.72
50228.696,25.72
50228.801,25.74
50228.852,25.7
50228.952,25.72
50229.044,25.72
50229.142,25.69
50229.240,25.69
50229.359,25.69
50229.454,25.72
50229.556,25.74
50229.657,25.7
50229.753,25.7
50229.850,25.72
50229.953,25.72
50230.047,25.7
50230.143,25.69
50230.239,25.72
50230.337,25.7
50230.439,25.7
50230.557,25.72
50230.653,25.69
50230.737,25.72
50230.839,25.7
50230.961,25.7
50231.035,25.72
50231.147,25.69
50231.270,25.72
50231.348,25.69
50231.471,25.75
50231.539,25.74
50231.639,25.69
50231.751,25.74
50231.854,25.72
50231.977,25.72
50232.064,25.72
50232.207,25.74
50232.297,25.69
50232.393,25.7
50232.488,25.72
50232.538,25.69
50232.628,25.72
50232.796,25.72
50232.846,25.74
50232.942,25.72
50233.042,25.72
50233.142,25.74
50233.240,25.69
50233.332,25.69
50233.435,25.69
50233.539,25.72
50233.636,25.72
50233.745,25.69
50233.840,25.7
50233.937,25.7
50234.044,25.7
50234.232,25.72
50234.235,25.69
50234.334,25.74
50234.433,25.67
50234.547,25.72
50234.645,25.72
50234.742,25.72
50234.848,25.72
50234.936,25.7
50235.033,25.69
50235.150,25.7
50235.245,25.74
50235.325,25.69
50235.428,25.69
50235.534,25.7
50235.631,25.72
50235.746,25.7
50235.882,25.72
50235.970,25.7
50236.018,25.7
50236.179,25.7
50236.268,25.74
50236.322,25.72
50236.419,25.72
50236.585,25.69
50236.616,25.72
50286.796,25.7
50286.825,25.72
50286.921,25.7
50287.032,25.74
50287.132,25.7
50287.230,25.7
50287.327,25.72
50287.422,25.72
50287.521,25.7
50287.624,25.74
50287.718,25.75
50287.832,25.69
50287.929,25.72
50288.026,25.72
50288.129,25.69
50288.229,25.69
50288.325,25.72
50288.418,25.72
50288.520,25.72
50288.643,25.69
50288.742,25.72
50288.820,25.75
50288.909,25.74
50289.053,25.69
50289.107,25.74
50289.212,25.7
50289.356,25.72
50289.421,25.74
50289.525,25.72
50289.633,25.7
50289.754,25.74
50289.808,25.74
50289.967,25.74
50290.063,25.7
50290.115,25.7
50290.208,25.7
50290.315,25.72
50290.412,25.7
50290.510,25.72
50290.609,25.69
50290.720,25.69
50290.818,25.72
50290.917,25.74
50291.025,25.75
50291.105,25.72
50291.215,25.7
50291.311,25.69
50291.421,25.72
50291.518,25.72
50291.613,25.7
50291.711,25.72
50291.805,25.72
50291.910,25.74
50292.031,25.7
50292.129,25.75
50292.208,25.72
50292.327,25.72
50292.426,25.7
50292.513,25.7
50292.635,25.72
50292.732,25.74
50292.826,25.69
50292.934,25.7
50293.026,25.72
50293.148,25.7
50293.231,25.69
50293.332,25.7
50293.453,25.69
50293.552,25.75
50293.641,25.74
50293.761,25.72
50293.856,25.69
50293.965,25.7
50294.006,25.7
50294.097,25.72
50294.195,25.75
50294.292,25.7
50294.402,25.7
50294.499,25.72
50294.595,25.74
50294.704,25.72
50294.791,25.72
50294.900,25.7
50294.996,25.7
50295.092,25.7
50295.236,25.72
50295.304,25.7
50295.406,25.69
50295.505,25.72
50295.603,25.75
50295.698,25.72
50295.804,25.69
50295.903,25.72
50296.002,25.69
50296.099,25.7
50296.215,25.74
50296.307,25.72
50296.407,25.72
50296.488,25.72
50296.590,25.74
50586.699,25.74
50586.820,25.7
50586.904,25.72
50587.010,25.72
50587.136,25.75
50587.232,25.7
50587.345,25.7
50587.439,25.72
50587.537,25.7
50587.589,25.74
50587.693,25.74
50587.852,25.7
50587.882,25.72
50588.053,25.72
50588.081,25.7
50588.201,25.69
50588.296,25.7
50588.400,25.72
50588.479,25.72
50588.598,25.7
50588.696,25.69
50588.785,25.7
50588.882,25.7
50589.000,25.72
50589.111,25.67
50589.179,25.7
50589.300,25.74
50589.395,25.7
50589.486,25.7
50589.594,25.72
50589.691,25.72
50589.811,25.74
50589.895,25.72
50589.989,25.69
50590.108,25.7
50590.213,25.74
50590.303,25.72
50590.422,25.72
50590.501,25.72
50590.625,25.7
50590.682,25.72
50590.780,25.74
50590.881,25.69
50590.995,25.72
50591.071,25.69
50591.186,25.74
50591.316,25.69
50591.402,25.74
50591.478,25.72
50591.609,25.72
50591.685,25.72
50591.786,25.7
50591.891,25.75
50591.970,25.7
50592.073,25.74
50592.170,25.72
50592.349,25.74
50592.377,25.77
50592.487,25.7
50592.588,25.74
50592.686,25.72
50592.787,25.69
50592.884,25.7
50592.980,25.69
50593.079,25.75
50593.189,25.72
50593.283,25.69
50593.383,25.72
50593.480,25.74
50593.590,25.75
50593.690,25.72
50593.786,25.72
50593.890,25.7
50594.004,25.72
50594.100,25.72
50594.196,25.72
50594.301,25.72
50594.396,25.72
50594.516,25.69
50594.624,25.74
50594.716,25.7
50594.814,25.74
50594.910,25.72
50594.961,25.72
50595.122,25.72
50595.219,25.7
50595.270,25.75
50595.359,25.69
50595.478,25.69
50595.568,25.75
50595.665,25.72
50595.774,25.74
50595.946,25.7
50595.974,25.72
50596.138,25.75
50596.165,25.72
50596.259,25.7
50596.379,25.72
50596.461,25.7
50596.574,25.7
50646.676,25.7
50646.776,25.72
50646.873,25.72
50646.976,25.72
50647.055,25.75
50647.167,25.69
50647.269,25.72
50647.373,25.69
50647.470,25.74
50647.575,25.72
50647.675,25.75
50647.766,25.72
50647.865,25.72
50647.970,25.75
50648.072,25.7
50648.172,25.74
50648.274,25.69
50648.375,25.72
50648.495,25.72
50648.583,25.72
50648.685,25.67
50648.755,25.69
50648.854,25.74
50648.949,25.69
50649.057,25.72
50649.154,25.67
50649.250,25.7
50649.349,25.69
50649.447,25.69
50649.568,25.72
50649.732,25.69
50649.770,25.72
50649.846,25.74
50649.966,25.72
50650.063,25.74
50650.159,25.7
50650.261,25.7
50650.361,25.72
50650.456,25.74
50650.549,25.7
50650.645,25.72
50650.763,25.72
50650.873,25.69
50650.966,25.74
50651.065,25.72
50651.160,25.7
50651.253,25.74
50651.374,25.72
50651.471,25.72
50651.566,25.7
50651.675,25.72
50651.765,25.7
50651.887,25.7
50651.978,25.72
50652.087,25.72
50652.183,25.72
50652.280,25.72
50652.386,25.72
50652.506,25.72
50652.601,25.72
50652.658,25.7
50652.802,25.69
50652.868,25.72
50652.942,25.7
50653.097,25.72
50653.147,25.69
50653.247,25.69
50653.354,25.75
50653.444,25.69
50653.538,25.75
50653.643,25.72
50653.739,25.74
50653.838,25.72
50653.935,25.72
50654.124,25.74
50654.153,25.7
50654.248,25.72
50654.332,25.67
50654.452,25.77
50654.550,25.72
50654.633,25.74
50654.754,25.69
50654.848,25.74
50654.958,25.74
50655.058,25.74
50655.154,25.75
50655.283,25.72
50655.359,25.7
50655.460,25.69
50655.554,25.74
50655.647,25.67
50655.757,25.69
50655.879,25.67
50655.973,25.69
50656.085,25.72
50656.182,25.72
50656.280,25.72
50656.334,25.74
50656.432,25.72
50656.591,25.72
50706.646,25.7
50706.797,25.74
50706.859,25.74
50706.934,25.72
50707.037,25.72
50707.143,25.74
50707.225,25.69
50707.324,25.7
50707.424,25.67
50707.523,25.72
50707.633,25.7
50707.739,25.7
50707.855,25.74
50707.926,25.7
50708.023,25.69
50708.123,25.72
50708.222,25.7
50708.334,25.7
50708.430,25.75
50708.524,25.72
50708.633,25.72
50708.729,25.74
50708.851,25.72
50708.958,25.72
50709.036,25.72
50709.155,25.75
50709.253,25.72
50709.343,25.69
50709.464,25.72
50709.562,25.7
50709.655,25.72
50709.761,25.75
50709.858,25.72
50709.978,25.72
50710.060,25.69
50710.169,25.69
50710.222,25.74
50710.315,25.7
50710.426,25.7
50710.523,25.74
50710.620,25.74
50710.715,25.72
50710.817,25.72
50710.917,25.7
50711.015,25.69
50711.132,25.77
50711.229,25.7
50711.325,25.69
50711.423,25.7
50711.530,25.72
50711.618,25.72
50711.713,25.72
50711.833,25.7
50711.920,25.72
50712.029,25.7
50712.110,25.74
50712.264,25.69
50712.321,25.72
50712.420,25.74
50712.526,25.72
50712.631,25.74
50712.742,25.7
50712.838,25.75
50712.935,25.69
50713.044,25.72
50713.132,25.72
50713.210,25.72
50713.312,25.72
50713.414,25.69
50713.521,25.72
50713.624,25.69
50713.745,25.72
50713.835,25.72
50713.934,25.72
50714.009,25.7
50714.145,25.69
50714.267,25.74
50714.318,25.7
50714.418,25.7
50714.519,25.7
50714.624,25.72
50714.703,25.74
50714.804,25.72
50714.905,25.69
50715.014,25.74
50715.110,25.74
50715.205,25.7
50715.312,25.74
50715.411,25.72
50715.508,25.7
50715.613,25.72
50715.709,25.72
50715.809,25.7
50715.909,25.7
50716.009,25.72
50716.101,25.72
50716.226,25.74
50716.307,25.72
50716.421,25.72
50716.516,25.72
50716.614,25.7
50766.718,25.7
50766.839,25.72
50766.939,25.72
50767.042,25.7
50767.131,25.74
50767.228,25.72
50767.349,25.74
50767.453,25.72
50767.549,25.7
50767.647,25.72
50767.696,25.72
50767.825,25.69
50767.899,25.69
50767.998,25.74
50768.104,25.72
50768.223,25.74
50768.299,25.69
50768.406,25.72
50768.512,25.7
50768.606,25.72
50768.709,25.69
50768.811,25.69
50768.903,25.7
50769.001,25.72
50769.099,25.7
50769.199,25.7
50769.290,25.7
50769.405,25.72
50769.505,25.72
50769.614,25.7
50769.694,25.72
50769.791,25.72
50769.896,25.74
50770.002,25.72
50770.105,25.72
50770.202,25.69
50770.310,25.72
50770.396,25.7
50770.514,25.72
50770.611,25.72
50770.717,25.7
50770.829,25.72
50770.923,25.72
50771.021,25.74
50771.128,25.69
50771.222,25.75
50771.345,25.72
50771.452,25.7
50771.544,25.74
50771.641,25.7
50771.738,25.69
50771.790,25.72
50771.884,25.7
50771.988,25.72
50772.085,25.72
50772.187,25.72
50772.365,25.72
50772.390,25.72
50772.485,25.72
50772.580,25.7
50772.699,25.7
50772.796,25.72
50772.892,25.69
50772.987,25.72
50773.083,25.72
50773.181,25.72
50773.288,25.74
50773.395,25.7
50773.483,25.74
50773.577,25.7
50773.701,25.75
50773.786,25.74
50773.890,25.72
50773.997,25.7
50774.093,25.69
50774.181,25.74
50774.302,25.69
50774.395,25.72
50774.501,25.75
50774.624,25.72
50774.719,25.69
50774.804,25.74
50774.924,25.74
50775.023,25.74
50775.127,25.7
50775.215,25.69
50775.335,25.7
50775.433,25.7
50775.539,25.74
50775.634,25.72
50775.731,25.69
50775.783,25.69
50775.886,25.69
50775.981,25.75
50776.152,25.72
50776.180,25.72
50776.275,25.74
50776.372,25.74
50776.467,25.74
50776.597,25.67
50826.676,25.74
50826.771,25.72
50826.869,25.69
50826.989,25.74
50827.066,25.7
50827.184,25.72
50827.282,25.72
50827.376,25.69
50827.471,25.72
50827.590,25.72
50827.700,25.7
50827.788,25.74
50827.883,25.69
50827.988,25.69
50828.111,25.7
50828.163,25.7
50828.309,25.72
50828.364,25.72
50828.469,25.72
50828.569,25.72
50828.673,25.7
50828.804,25.69
50828.886,25.72
50828.963,25.74
50829.087,25.72
50829.168,25.74
50829.298,25.7
50829.420,25.74
50829.470,25.72
50829.560,25.74
50829.677,25.7
50829.760,25.72
50829.880,25.72
50829.975,25.69
50830.072,25.72
50830.176,25.72
50830.271,25.69
50830.359,25.72
50830.478,25.69
50830.578,25.7
50830.674,25.72
50830.768,25.69
50830.865,25.7
50830.963,25.74
50831.077,25.74
50831.163,25.69
50831.257,25.7
50831.374,25.74
50831.461,25.67
50831.583,25.69
50831.678,25.75
50831.789,25.74
50831.888,25.7
50831.984,25.72
50832.080,25.72
50832.178,25.7
50832.301,25.74
50832.397,25.74
50832.477,25.74
50832.589,25.7
50832.711,25.7
50832.810,25.67
50832.915,25.69
50833.014,25.69
50833.111,25.7
50833.211,25.74
50833.253,25.67
50833.349,25.75
50833.447,25.69
50833.624,25.7
50833.648,25.74
50833.769,25.74
50833.865,25.7
50833.947,25.72
50834.065,25.7
50834.164,25.69
50834.266,25.72
50834.353,25.7
50834.454,25.72
50834.557,25.7
50834.682,25.72
50834.747,25.67
50834.852,25.72
50834.949,25.72
50835.054,25.7
50835.162,25.74
50835.261,25.7
50835.379,25.69
50835.461,25.72
50835.581,25.72
50835.677,25.74
50835.785,25.7
50835.875,25.69
50835.994,25.72
50836.089,25.69
50836.173,25.69
50836.292,25.7
50836.388,25.7
50836.478,25.7
50836.588,25.74
50886.639,25.74
50886.801,25.72
50886.894,25.72
50886.998,25.7
50887.048,25.72
50887.141,25.7
50887.255,25.7
50887.349,25.72
50887.447,25.72
50887.549,25.7
50887.646,25.7
50887.744,25.75
50887.842,25.72
50887.939,25.72
50888.057,25.7
50888.155,25.72
50888.252,25.7
50888.357,25.69
50888.445,25.7
50888.777,25.72
50888.847,25.7
50888.940,25.7
50889.045,25.74
50889.160,25.72
50889.234,25.74
50889.350,25.72
50889.460,25.69
50889.557,25.72
50889.656,25.7
50889.756,25.7
50889.870,25.69
50889.970,25.69
50890.056,25.72
50890.170,25.74
50890.242,25.69
50890.342,25.72
50890.442,25.75
50890.574,25.72
50890.632,25.69
50890.728,25.72
50890.830,25.74
50890.930,25.74
50891.048,25.72
50891.132,25.72
50891.228,25.7
50891.344,25.72
50891.445,25.72
50891.544,25.7
50891.674,25.7
50891.732,25.7
50891.833,25.74
50891.935,25.7
50892.032,25.74
50892.126,25.69
50892.238,25.75
50892.339,25.7
50892.424,25.72
50892.543,25.72
50892.638,25.72
50892.738,25.72
50892.840,25.74
50892.941,25.7
50893.040,25.69
50893.141,25.7
50893.228,25.72
50893.327,25.69
50893.450,25.72
50893.526,25.69
50893.638,25.72
50893.739,25.72
50893.838,25.72
50893.962,25.72
50894.083,25.69
50894.132,25.7
50894.280,25.72
50894.378,25.72
50894.475,25.7
50894.572,25.7
50894.629,25.7
50894.723,25.7
50894.821,25.75
50894.917,25.7
50895.019,25.72
50895.117,25.7
50895.222,25.74
50895.340,25.72
50895.417,25.72
50895.514,25.7
50895.634,25.69
50895.731,25.74
50895.822,25.72
50895.923,25.75
50896.021,25.7
50896.119,25.7
50896.231,25.77
50896.331,25.72
50896.443,25.69
50896.513,25.72
50896.618,25.7
48786.728,25.72
48786.823,25.7
48786.913,25.66
48787.034,25.7
48787.118,25.74
48787.246,25.72
48787.340,25.74
48787.431,25.69
48787.553,25.72
48787.657,25.72
48787.758,25.72
48787.858,25.74
48787.962,25.7
48788.066,25.69
48788.167,25.69
48788.281,25.77
48788.373,25.72
48788.474,25.69
48788.502,25.72
48788.692,25.66
48788.720,25.74
48788.816,25.72
48788.919,25.69
48789.015,25.7
48789.115,25.72
48789.215,25.7
48789.302,25.72
48789.406,25.7
48789.502,25.75
48789.609,25.7
48789.707,25.69
48789.817,25.74
48789.915,25.69
48790.010,25.72
48790.118,25.72
48790.216,25.72
48790.318,25.7
48790.419,25.72
48790.531,25.74
48790.635,25.7
48790.732,25.7
48790.852,25.69
48790.942,25.7
48791.036,25.69
48791.094,25.72
48791.240,25.7
48791.352,25.7
48791.407,25.7
48791.515,25.72
48791.657,25.7
48791.720,25.72
48791.844,25.72
48791.896,25.69
48792.050,25.69
48792.171,25.72
48792.198,25.7
48792.367,25.69
48792.393,25.7
48792.506,25.7
48792.614,25.7
48792.690,25.72
48792.802,25.7
48792.902,25.69
48793.008,25.75
48793.101,25.72
48793.197,25.72
48793.293,25.7
48793.391,25.72
48793.494,25.7
48793.588,25.74
48793.698,25.74
48793.800,25.72
48793.905,25.72
48794.005,25.72
48794.107,25.7
48794.210,25.7
48794.311,25.7
48794.413,25.72
48794.527,25.69
48794.620,25.74
48794.724,25.69
48794.823,25.75
48794.939,25.75
48795.036,25.72
48795.133,25.7
48795.233,25.67
48795.335,25.7
48795.438,25.72
48795.539,25.7
48795.643,25.69
48795.746,25.72
48795.847,25.72
48795.951,25.69
48796.052,25.69
48796.080,25.74
48796.260,25.75
48796.288,25.74
48796.389,25.74
48796.516,25.72
48796.589,25.72
48846.695,25.69
48846.800,25.72
48846.896,25.72
48846.980,25.7
48847.099,25.72
48847.190,25.75
48847.285,25.7
48847.383,25.72
48847.487,25.69
48847.589,25.72
48847.685,25.72
48847.784,25.72
48847.904,25.69
48848.002,25.75
48848.107,25.69
48848.211,25.72
48848.313,25.75
48848.411,25.69
48848.520,25.72
48848.621,25.7
48848.724,25.7
48848.826,25.75
48848.937,25.72
48849.031,25.69
48849.129,25.75
48849.228,25.72
48849.348,25.74
48849.432,25.7
48849.534,25.7
48849.637,25.72
48849.673,25.72
48849.771,25.75
48849.875,25.74
48849.974,25.7
48850.071,25.7
48850.176,25.72
48850.275,25.72
48850.377,25.72
48850.478,25.72
48850.581,25.72
48850.684,25.74
48850.776,25.69
48850.866,25.69
48850.967,25.69
48851.071,25.75
48851.186,25.72
48851.283,25.75
48851.379,25.72
48851.479,25.69
48851.584,25.69
48851.684,25.7
48851.780,25.7
48851.876,25.72
48851.991,25.69
48852.094,25.7
48852.190,25.72
48852.299,25.7
48852.395,25.69
48852.510,25.7
48852.612,25.72
48852.703,25.74
48852.810,25.7
48852.915,25.7
48853.025,25.7
48853.122,25.72
48853.219,25.69
48853.316,25.72
48853.424,25.69
48853.552,25.74
48853.632,25.7
48853.660,25.72
48853.836,25.69
48853.864,25.7
48853.963,25.72
48854.083,25.7
48854.170,25.67
48854.269,25.66
48854.371,25.7
48854.475,25.7
48854.576,25.74
48854.655,25.72
48854.756,25.72
48854.862,25.72
48854.969,25.67
48855.071,25.69
48855.186,25.72
48855.274,25.69
48855.379,25.72
48855.484,25.7
48855.552,25.69
48855.689,25.69
48855.780,25.7
48855.872,25.7
48855.974,25.7
48856.059,25.7
48856.181,25.69
48856.286,25.7
48856.373,25.72
48856.497,25.69
48856.593,25.7
48906.701,25.7
48906.804,25.7
48906.909,25.69
48907.024,25.69
48907.112,25.69
48907.213,25.72
48907.316,25.72
48907.433,25.69
48907.460,25.72
48907.555,25.72
48907.652,25.7
48907.757,25.74
48907.856,25.69
48907.956,25.72
48908.065,25.72
48908.148,25.7
48908.246,25.72
48908.363,25.69
48908.464,25.69
48908.545,25.74
