Time Lapsed,Angle_Z
0.000,-70.291
0.003,-70.291
0.005,-70.291
0.006,-70.291
0.006,-70.291
0.008,-70.291
0.008,-70.291
0.010,-70.291
0.092,-70.291
0.179,-70.291
0.278,-70.291
0.378,-70.291
0.486,-70.291
0.584,-70.291
0.689,-70.291
0.788,-70.291
0.898,-70.291
0.996,-70.291
1.096,-70.291
1.199,-70.291
1.271,-70.291
1.391,-70.291
1.474,-70.291
1.574,-70.291
1.648,-70.291
1.810,-70.291
1.932,-70.291
1.959,-70.291
2.109,-70.291
2.219,-70.291
2.253,-70.291
2.356,-70.291
2.452,-70.291
2.552,-70.291
2.660,-70.291
2.758,-70.291
2.859,-70.291
2.962,-70.291
3.065,-70.291
3.143,-70.291
3.244,-70.291
3.359,-70.291
3.451,-70.291
3.552,-70.291
3.655,-70.291
3.770,-70.291
3.864,-70.291
3.961,-70.291
4.059,-70.291
4.167,-70.291
4.271,-70.291
4.371,-70.291
4.459,-70.291
4.577,-70.291
4.680,-70.291
4.780,-70.291
4.891,-70.291
4.988,-70.291
5.087,-70.291
5.195,-70.291
5.293,-70.291
5.395,-70.291
5.493,-70.291
5.606,-70.291
5.702,-70.291
5.805,-70.291
5.930,-70.291
5.947,-70.291
6.043,-70.291
6.143,-70.291
6.243,-70.291
6.341,-70.291
6.442,-70.291
6.545,-70.291
6.636,-70.291
56.734,-70.291
56.861,-70.291
56.947,-70.291
57.057,-70.291
57.153,-70.291
57.238,-70.291
57.336,-70.291
57.449,-70.291
57.545,-70.291
57.643,-70.291
57.741,-70.291
57.861,-70.291
57.957,-70.291
58.057,-70.291
58.180,-70.291
58.273,-70.291
58.396,-70.291
58.471,-70.291
58.570,-70.291
58.673,-70.291
58.768,-70.291
58.869,-70.291
59.008,-70.291
59.082,-70.291
59.185,-70.291
59.287,-70.291
59.393,-70.291
59.494,-70.291
59.606,-70.291
59.699,-70.291
59.728,-70.291
59.900,-70.291
59.929,-70.291
60.040,-70.291
60.141,-70.291
60.238,-70.291
60.339,-70.291
60.447,-70.291
60.547,-70.291
60.623,-70.291
60.729,-70.291
60.837,-70.291
60.925,-70.291
61.027,-70.291
61.131,-70.291
61.233,-70.291
61.327,-70.291
61.442,-70.291
61.552,-70.291
61.648,-70.291
61.744,-70.291
61.854,-70.291
61.951,-70.291
62.052,-70.291
62.177,-70.291
62.270,-70.291
62.364,-70.291
62.461,-70.291
62.589,-70.291
62.667,-70.291
62.771,-70.291
62.912,-70.291
62.984,-70.291
63.079,-70.291
63.187,-70.291
63.290,-70.291
63.320,-70.291
63.415,-70.291
63.594,-70.291
63.623,-70.291
63.724,-70.291
63.824,-70.291
63.925,-70.291
64.015,-70.291
64.128,-70.291
64.226,-70.291
64.327,-70.291
64.425,-70.291
64.533,-70.291
64.633,-70.291
64.751,-70.291
64.831,-70.291
64.935,-70.291
65.055,-70.291
65.130,-70.291
65.231,-70.291
65.332,-70.291
65.432,-70.291
65.530,-70.291
65.635,-70.291
65.739,-70.291
65.854,-70.291
65.942,-70.291
66.043,-70.291
66.146,-70.291
66.263,-70.291
66.364,-70.291
66.459,-70.291
66.557,-70.291
66.658,-70.291
116.761,-70.291
116.864,-70.291
116.966,-70.291
117.070,-70.291
117.192,-70.291
117.229,-70.291
117.376,-70.291
117.407,-70.291
117.505,-70.291
117.619,-70.291
117.712,-70.291
117.810,-70.291
117.912,-70.291
118.008,-70.291
118.125,-70.291
118.219,-70.291
118.322,-70.291
118.427,-70.291
118.506,-70.291
118.609,-70.291
118.707,-70.291
118.815,-70.291
118.913,-70.291
119.015,-70.291
119.109,-70.291
119.229,-70.291
119.326,-70.291
119.423,-70.291
119.528,-70.291
119.636,-70.291
119.739,-70.291
119.842,-70.291
119.939,-70.291
120.045,-70.291
120.150,-70.291
120.263,-70.291
120.353,-70.291
120.457,-70.291
120.559,-70.291
120.675,-70.291
120.756,-70.291
120.856,-70.291
120.962,-70.291
120.998,-70.291
121.165,-70.291
121.195,-70.291
121.295,-70.291
121.398,-70.291
121.496,-70.291
121.599,-70.291
121.699,-70.291
121.804,-70.291
121.905,-70.291
122.008,-70.291
122.101,-70.291
122.212,-70.291
122.293,-70.291
122.396,-70.291
122.511,-70.291
122.597,-70.291
122.721,-70.291
122.834,-70.291
122.908,-70.291
123.011,-70.291
123.111,-70.291
123.212,-70.291
123.315,-70.291
123.420,-70.291
123.521,-70.291
123.614,-70.291
123.726,-70.291
123.827,-70.291
123.939,-70.291
124.032,-70.291
124.136,-70.291
124.238,-70.291
124.349,-70.291
124.445,-70.291
124.543,-70.291
124.648,-70.291
124.746,-70.291
124.851,-70.291
124.883,-70.291
125.038,-70.291
125.160,-70.291
125.187,-70.291
125.285,-70.291
125.408,-70.291
125.494,-70.291
125.591,-70.291
125.689,-70.291
125.798,-70.291
125.881,-70.291
125.984,-70.291
126.109,-70.291
126.187,-70.291
126.298,-70.291
126.402,-70.291
126.510,-70.291
126.601,-70.291
126.702,-70.291
176.800,-70.291
176.908,-70.291
177.011,-70.291
177.109,-70.291
177.214,-70.291
177.317,-70.291
177.420,-70.291
177.521,-70.291
177.621,-70.291
177.726,-70.291
177.824,-70.291
177.930,-70.291
178.027,-70.291
178.128,-70.291
178.229,-70.291
178.346,-70.291
178.435,-70.291
178.538,-70.291
178.641,-70.291
178.758,-70.291
178.788,-70.291
178.875,-70.291
179.084,-70.291
179.160,-70.291
179.187,-70.291
179.285,-70.291
179.381,-70.291
179.472,-70.291
179.592,-70.291
179.690,-70.291
179.790,-70.291
179.891,-70.291
179.972,-70.291
180.077,-70.291
180.185,-70.291
180.278,-70.291
180.385,-70.291
180.511,-70.291
180.597,-70.291
180.687,-70.291
180.792,-70.291
180.891,-70.291
180.996,-70.291
181.121,-70.291
181.201,-70.291
181.302,-70.291
181.398,-70.291
181.508,-70.291
181.611,-70.291
181.724,-70.291
181.798,-70.291
181.918,-70.291
182.025,-70.291
182.123,-70.291
182.244,-70.291
182.315,-70.291
182.434,-70.291
182.462,-70.291
182.635,-70.291
182.662,-70.291
182.782,-70.291
182.866,-70.291
182.964,-70.291
183.062,-70.291
183.158,-70.291
183.261,-70.291
183.373,-70.291
183.464,-70.291
183.562,-70.291
183.660,-70.291
183.768,-70.291
183.861,-70.291
183.994,-70.291
184.076,-70.291
184.179,-70.291
184.280,-70.291
184.403,-70.291
184.484,-70.291
184.597,-70.291
184.685,-70.291
184.788,-70.291
184.888,-70.291
185.006,-70.291
185.099,-70.291
185.199,-70.291
185.258,-70.291
185.402,-70.291
185.464,-70.291
185.564,-70.291
185.668,-70.291
185.809,-70.291
185.915,-70.291
185.952,-70.291
186.116,-70.291
186.153,-70.291
186.253,-70.291
186.351,-70.291
186.459,-70.291
186.555,-70.291
186.655,-70.291
476.755,-70.291
476.869,-70.291
476.966,-70.291
477.062,-70.291
477.168,-70.291
477.248,-70.291
477.371,-70.291
477.447,-70.291
477.552,-70.291
477.653,-70.291
477.756,-70.291
477.856,-70.291
477.967,-70.291
478.060,-70.291
478.182,-70.291
478.271,-70.291
478.385,-70.291
478.469,-70.291
478.572,-70.291
478.680,-70.291
478.802,-70.291
478.878,-70.291
479.006,-70.291
479.094,-70.291
479.190,-70.291
479.250,-70.291
479.393,-70.291
479.496,-70.291
479.559,-70.291
479.668,-70.291
479.775,-70.291
479.842,-70.291
479.942,-70.291
480.043,-70.291
480.211,-70.291
480.320,-70.291
480.347,-70.291
480.445,-70.291
480.548,-70.291
480.653,-70.291
480.750,-70.291
480.842,-70.291
480.961,-70.291
481.037,-70.291
481.143,-70.291
481.253,-70.291
481.344,-70.291
481.445,-70.291
481.543,-70.291
481.646,-70.291
481.748,-70.291
481.851,-70.291
481.944,-70.291
482.055,-70.291
482.158,-70.291
482.258,-70.291
482.361,-70.291
482.464,-70.291
482.572,-70.291
482.680,-70.291
482.773,-70.291
482.873,-70.291
482.976,-70.291
483.092,-70.291
483.187,-70.291
483.287,-70.291
483.388,-70.291
483.493,-70.291
483.542,-70.291
483.714,-70.291
483.798,-70.291
483.854,-70.291
483.961,-70.291
484.038,-70.291
484.204,-70.291
484.233,-70.291
484.339,-70.291
484.434,-70.291
484.542,-70.291
484.643,-70.291
484.744,-70.291
484.844,-70.291
484.929,-70.291
485.028,-70.291
485.125,-70.291
485.253,-70.291
485.332,-70.291
485.432,-70.291
485.537,-70.291
485.638,-70.291
485.743,-70.291
485.842,-70.291
485.945,-70.291
486.055,-70.291
486.153,-70.291
486.256,-70.291
486.354,-70.291
486.466,-70.291
486.565,-70.291
486.663,-70.291
536.766,-70.291
536.866,-70.291
536.969,-70.291
537.094,-70.291
537.180,-70.291
537.283,-70.291
537.388,-70.291
537.501,-70.291
537.584,-70.291
537.719,-70.291
537.722,-70.291
537.824,-70.291
537.918,-70.291
538.018,-70.291
538.128,-70.291
538.229,-70.291
538.336,-70.291
538.432,-70.291
538.611,-70.291
538.638,-70.291
538.736,-70.291
538.815,-70.291
538.927,-70.291
539.018,-70.291
539.121,-70.291
539.222,-70.291
539.339,-70.291
539.435,-70.291
539.533,-70.291
539.633,-70.291
539.736,-70.291
539.822,-70.291
539.939,-70.291
540.030,-70.291
540.114,-70.291
540.238,-70.291
540.327,-70.291
540.449,-70.291
540.555,-70.291
540.658,-70.291
540.768,-70.291
540.864,-70.291
540.964,-70.291
541.096,-70.291
541.177,-70.291
541.209,-70.291
541.307,-70.291
541.474,-70.291
541.577,-70.291
541.709,-70.291
541.712,-70.291
541.809,-70.291
541.910,-70.291
542.015,-70.291
542.118,-70.291
542.236,-70.291
542.326,-70.291
542.405,-70.291
542.525,-70.291
542.625,-70.291
542.728,-70.291
542.805,-70.291
542.908,-70.291
543.016,-70.291
543.116,-70.291
543.219,-70.291
543.337,-70.291
543.425,-70.291
543.525,-70.291
543.625,-70.291
543.750,-70.291
543.817,-70.291
543.900,-70.291
544.003,-70.291
544.109,-70.291
544.212,-70.291
544.347,-70.291
544.454,-70.291
544.579,-70.291
544.653,-70.291
544.761,-70.291
544.863,-70.291
544.967,-70.291
545.062,-70.291
545.175,-70.291
545.268,-70.291
545.297,-70.291
545.396,-70.291
545.498,-70.291
545.609,-70.291
545.707,-70.291
545.802,-70.291
545.910,-70.291
546.011,-70.291
546.106,-70.291
546.212,-70.291
546.310,-70.291
546.415,-70.291
546.523,-70.291
546.594,-70.291
596.717,-70.291
596.812,-70.291
596.908,-70.291
597.013,-70.291
597.106,-70.291
597.209,-70.291
597.315,-70.291
597.425,-70.291
597.523,-70.291
597.621,-70.291
597.748,-70.291
597.827,-70.291
597.932,-70.291
598.054,-70.291
598.130,-70.291
598.233,-70.291
598.337,-70.291
598.440,-70.291
598.506,-70.291
598.643,-70.291
598.753,-70.291
598.853,-70.291
598.949,-70.291
599.084,-70.291
599.087,-70.291
599.263,-70.291
599.292,-70.291
599.388,-70.291
599.484,-70.291
599.584,-70.291
599.690,-70.291
599.795,-70.291
599.891,-70.291
600.000,-70.291
600.099,-70.291
600.195,-70.291
600.320,-70.291
600.391,-70.291
600.489,-70.291
600.592,-70.291
600.721,-70.291
600.793,-70.291
600.898,-70.291
601.003,-70.291
601.103,-70.291
601.211,-70.291
601.315,-70.291
601.423,-70.291
601.513,-70.291
601.646,-70.291
601.726,-70.291
601.834,-70.291
601.929,-70.291
602.033,-70.291
602.128,-70.291
602.231,-70.291
602.334,-70.291
602.435,-70.291
602.533,-70.291
602.636,-70.291
602.741,-70.291
602.842,-70.291
602.945,-70.291
603.047,-70.291
603.076,-70.291
603.260,-70.291
603.278,-70.291
603.378,-70.291
603.479,-70.291
603.582,-70.291
603.695,-70.291
603.793,-70.291
603.895,-70.291
603.996,-70.291
604.077,-70.291
604.173,-70.291
604.277,-70.291
604.380,-70.291
604.472,-70.291
604.574,-70.291
604.675,-70.291
604.775,-70.291
604.893,-70.291
604.991,-70.291
605.099,-70.291
605.199,-70.291
605.305,-70.291
605.408,-70.291
605.510,-70.291
605.609,-70.291
605.709,-70.291
605.832,-70.291
605.925,-70.291
606.021,-70.291
606.119,-70.291
606.219,-70.291
606.331,-70.291
606.432,-70.291
606.533,-70.291
606.569,-70.291
656.734,-70.291
656.766,-70.291
656.945,-70.291
656.976,-70.291
657.064,-70.291
657.170,-70.291
657.271,-70.291
657.371,-70.291
657.472,-70.291
657.577,-70.291
657.670,-70.291
657.780,-70.291
657.863,-70.291
657.991,-70.291
658.084,-70.291
658.175,-70.291
658.273,-70.291
658.381,-70.291
658.481,-70.291
658.579,-70.291
658.680,-70.291
658.812,-70.291
658.893,-70.291
658.989,-70.291
659.089,-70.291
659.192,-70.291
659.293,-70.291
659.396,-70.291
659.532,-70.291
659.606,-70.291
659.702,-70.291
659.804,-70.291
659.918,-70.291
660.016,-70.291
660.118,-70.291
660.214,-70.291
660.317,-70.291
660.420,-70.291
660.521,-70.291
660.609,-70.291
660.653,-70.291
660.832,-70.291
660.861,-70.291
661.035,-70.291
661.062,-70.291
661.162,-70.291
661.266,-70.291
661.373,-70.291
661.472,-70.291
661.574,-70.291
661.648,-70.291
661.780,-70.291
661.854,-70.291
661.957,-70.291
662.081,-70.291
662.172,-70.291
662.268,-70.291
662.373,-70.291
662.493,-70.291
662.574,-70.291
662.670,-70.291
662.775,-70.291
662.883,-70.291
662.979,-70.291
663.082,-70.291
663.185,-70.291
663.293,-70.291
663.356,-70.291
663.459,-70.291
663.567,-70.291
663.695,-70.291
663.800,-70.291
663.918,-70.291
664.006,-70.291
664.109,-70.291
664.212,-70.291
664.329,-70.291
664.418,-70.291
664.445,-70.291
664.543,-70.291
664.653,-70.291
664.753,-70.291
664.854,-70.291
664.957,-70.291
665.059,-70.291
665.157,-70.291
665.265,-70.291
665.344,-70.291
665.442,-70.291
665.548,-70.291
665.646,-70.291
665.755,-70.291
665.849,-70.291
665.952,-70.291
666.055,-70.291
666.168,-70.291
666.287,-70.291
666.361,-70.291
666.462,-70.291
666.570,-70.291
666.665,-70.291
716.768,-70.291
716.856,-70.291
716.976,-70.291
717.077,-70.291
717.180,-70.291
717.282,-70.291
717.385,-70.291
717.503,-70.291
717.592,-70.291
717.653,-70.291
717.760,-70.291
717.886,-70.291
718.005,-70.291
718.033,-70.291
718.204,-70.291
718.231,-70.291
718.410,-70.291
718.439,-70.291
718.540,-70.291
718.636,-70.291
718.744,-70.291
718.844,-70.291
718.944,-70.291
719.033,-70.291
719.131,-70.291
719.233,-70.291
719.331,-70.291
719.437,-70.291
719.565,-70.291
719.638,-70.291
719.744,-70.291
719.842,-70.291
719.949,-70.291
720.047,-70.291
720.165,-70.291
720.253,-70.291
720.353,-70.291
720.454,-70.291
720.577,-70.291
720.665,-70.291
720.763,-70.291
720.866,-70.291
720.972,-70.291
721.072,-70.291
721.172,-70.291
721.278,-70.291
721.381,-70.291
721.481,-70.291
721.586,-70.291
721.689,-70.291
721.795,-70.291
721.822,-70.291
721.922,-70.291
722.028,-70.291
722.128,-70.291
722.226,-70.291
722.327,-70.291
722.437,-70.291
722.530,-70.291
722.638,-70.291
722.739,-70.291
722.839,-70.291
722.937,-70.291
723.020,-70.291
723.123,-70.291
723.224,-70.291
723.324,-70.291
723.423,-70.291
723.516,-70.291
723.636,-70.291
723.736,-70.291
723.841,-70.291
723.937,-70.291
724.045,-70.291
724.143,-70.291
724.251,-70.291
724.351,-70.291
724.454,-70.291
724.574,-70.291
724.653,-70.291
724.785,-70.291
724.858,-70.291
724.942,-70.291
725.062,-70.291
725.165,-70.291
725.268,-70.291
725.312,-70.291
725.474,-70.291
725.577,-70.291
725.680,-70.291
725.717,-70.291
725.815,-70.291
725.913,-70.291
726.010,-70.291
726.114,-70.291
726.212,-70.291
726.320,-70.291
726.413,-70.291
726.523,-70.291
726.628,-70.291
776.726,-70.291
776.824,-70.291
776.935,-70.291
777.008,-70.291
777.114,-70.291
777.228,-70.291
777.315,-70.291
777.418,-70.291
777.523,-70.291
777.628,-70.291
777.731,-70.291
777.834,-70.291
777.932,-70.291
778.030,-70.291
778.136,-70.291
778.251,-70.291
778.344,-70.291
778.445,-70.291
778.552,-70.291
778.662,-70.291
778.761,-70.291
778.859,-70.291
778.986,-70.291
779.060,-70.291
779.165,-70.291
779.270,-70.291
779.371,-70.291
779.479,-70.291
779.510,-70.291
779.606,-70.291
779.775,-70.291
779.805,-70.291
779.902,-70.291
780.003,-70.291
780.113,-70.291
780.214,-70.291
780.312,-70.291
780.413,-70.291
780.525,-70.291
780.599,-70.291
780.697,-70.291
780.798,-70.291
780.915,-70.291
781.013,-70.291
781.111,-70.291
781.214,-70.291
781.310,-70.291
781.413,-70.291
781.515,-70.291
781.626,-70.291
781.746,-70.291
781.804,-70.291
781.932,-70.291
782.015,-70.291
782.099,-70.291
782.221,-70.291
782.337,-70.291
782.410,-70.291
782.530,-70.291
782.660,-70.291
782.729,-70.291
782.849,-70.291
782.947,-70.291
783.072,-70.291
783.153,-70.291
783.255,-70.291
783.358,-70.291
783.396,-70.291
783.491,-70.291
783.591,-70.291
783.687,-70.291
783.793,-70.291
783.898,-70.291
783.994,-70.291
784.099,-70.291
784.202,-70.291
784.302,-70.291
784.385,-70.291
784.498,-70.291
784.591,-70.291
784.690,-70.291
784.793,-70.291
784.910,-70.291
785.006,-70.291
785.104,-70.291
785.204,-70.291
785.288,-70.291
785.408,-70.291
785.506,-70.291
785.601,-70.291
785.685,-70.291
785.815,-70.291
785.912,-70.291
786.028,-70.291
786.128,-70.291
786.233,-70.291
786.337,-70.291
786.415,-70.291
786.540,-70.291
786.636,-70.291
1076.721,-70.291
1076.841,-70.291
1076.940,-70.291
1077.035,-70.291
1077.140,-70.291
1077.246,-70.291
1077.280,-70.291
1077.378,-70.291
1077.476,-70.291
1077.579,-70.291
1077.682,-70.291
1077.863,-70.291
1077.891,-70.291
1077.989,-70.291
1078.094,-70.291
1078.177,-70.291
1078.295,-70.291
1078.376,-70.291
1078.479,-70.291
1078.584,-70.291
1078.687,-70.291
1078.783,-70.291
1078.881,-70.291
1078.998,-70.291
1079.094,-70.291
1079.194,-70.291
1079.275,-70.291
1079.400,-70.291
1079.501,-70.291
1079.643,-70.291
1079.709,-70.291
1079.807,-70.291
1079.869,-70.291
1079.978,-70.291
1080.084,-70.291
1080.195,-70.291
1080.298,-70.291
1080.423,-70.291
1080.511,-70.291
1080.621,-70.291
1080.668,-70.291
1080.770,-70.291
1080.866,-70.291
1081.035,-70.291
1081.158,-70.291
1081.253,-70.291
1081.280,-70.291
1081.378,-70.291
1081.481,-70.291
1081.582,-70.291
1081.685,-70.291
1081.782,-70.291
1081.881,-70.291
1081.981,-70.291
1082.067,-70.291
1082.260,-70.291
1082.266,-70.291
1082.369,-70.291
1082.479,-70.291
1082.608,-70.291
1082.677,-70.291
1082.804,-70.291
1082.866,-70.291
1082.994,-70.291
1083.077,-70.291
1083.190,-70.291
1083.319,-70.291
1083.369,-70.291
1083.496,-70.291
1083.596,-70.291
1083.685,-70.291
1083.795,-70.291
1083.898,-70.291
1084.006,-70.291
1084.104,-70.291
1084.204,-70.291
1084.309,-70.291
1084.447,-70.291
1084.523,-70.291
1084.619,-70.291
1084.733,-70.291
1084.760,-70.291
1084.859,-70.291
1084.957,-70.291
1085.057,-70.291
1085.155,-70.291
1085.265,-70.291
1085.364,-70.291
1085.464,-70.291
1085.567,-70.291
1085.667,-70.291
1085.771,-70.291
1085.858,-70.291
1085.962,-70.291
1086.062,-70.291
1086.160,-70.291
1086.268,-70.291
1086.368,-70.291
1086.467,-70.291
1086.570,-70.291
1086.670,-70.291
1136.771,-70.291
1136.873,-70.291
1136.993,-70.291
1137.103,-70.291
1137.180,-70.291
1137.263,-70.291
1137.405,-70.291
1137.489,-70.291
1137.550,-70.291
1137.695,-70.291
1137.798,-70.291
1137.900,-70.291
1137.967,-70.291
1138.069,-70.291
1138.212,-70.291
1138.310,-70.291
1138.378,-70.291
1138.484,-70.291
1138.543,-70.291
1138.646,-70.291
1138.744,-70.291
1138.854,-70.291
1138.940,-70.291
1139.045,-70.291
1139.143,-70.291
1139.241,-70.291
1139.349,-70.291
1139.444,-70.291
1139.567,-70.291
1139.653,-70.291
1139.750,-70.291
1139.854,-70.291
1139.979,-70.291
1140.055,-70.291
1140.184,-70.291
1140.261,-70.291
1140.344,-70.291
1140.466,-70.291
1140.569,-70.291
1140.670,-70.291
1140.766,-70.291
1140.868,-70.291
1140.969,-70.291
1141.079,-70.291
1141.179,-70.291
1141.277,-70.291
1141.378,-70.291
1141.481,-70.291
1141.547,-70.291
1141.695,-70.291
1141.792,-70.291
1141.854,-70.291
1141.957,-70.291
1142.062,-70.291
1142.138,-70.291
1142.239,-70.291
1142.341,-70.291
1142.440,-70.291
1142.530,-70.291
1142.631,-70.291
1142.751,-70.291
1142.849,-70.291
1142.945,-70.291
1143.042,-70.291
1143.143,-70.291
1143.241,-70.291
1143.334,-70.291
1143.439,-70.291
1143.532,-70.291
1143.631,-70.291
1143.736,-70.291
1143.844,-70.291
1143.942,-70.291
1144.043,-70.291
1144.148,-70.291
1144.251,-70.291
1144.351,-70.291
1144.459,-70.291
1144.555,-70.291
1144.658,-70.291
1144.760,-70.291
1144.861,-70.291
1144.972,-70.291
1145.079,-70.291
1145.168,-70.291
1145.273,-70.291
1145.381,-70.291
1145.491,-70.291
1145.587,-70.291
1145.685,-70.291
1145.783,-70.291
1145.893,-70.291
1145.922,-70.291
1146.097,-70.291
1146.126,-70.291
1146.229,-70.291
1146.329,-70.291
1146.430,-70.291
1146.609,-70.291
1146.640,-70.291
1196.738,-70.291
1196.841,-70.291
1196.940,-70.291
1197.018,-70.291
1197.123,-70.291
1197.219,-70.291
1197.329,-70.291
1197.429,-70.291
1197.530,-70.291
1197.652,-70.291
1197.741,-70.291
1197.842,-70.291
1197.940,-70.291
1198.038,-70.291
1198.141,-70.291
1198.239,-70.291
1198.342,-70.291
1198.454,-70.291
1198.550,-70.291
1198.653,-70.291
1198.758,-70.291
1198.864,-70.291
1198.959,-70.291
1199.059,-70.291
1199.165,-70.291
1199.263,-70.291
1199.366,-70.291
1199.491,-70.291
1199.577,-70.291
1199.679,-70.291
1199.805,-70.291
1199.810,-70.291
1199.923,-70.291
1200.087,-70.291
1200.116,-70.291
1200.224,-70.291
1200.324,-70.291
1200.420,-70.291
1200.525,-70.291
1200.619,-70.291
1200.722,-70.291
1200.829,-70.291
1200.927,-70.291
1201.008,-70.291
1201.108,-70.291
1201.212,-70.291
1201.326,-70.291
1201.415,-70.291
1201.516,-70.291
1201.619,-70.291
1201.739,-70.291
1201.837,-70.291
1201.932,-70.291
1202.033,-70.291
1202.136,-70.291
1202.209,-70.291
1202.337,-70.291
1202.439,-70.291
1202.548,-70.291
1202.650,-70.291
1202.753,-70.291
1202.839,-70.291
1202.964,-70.291
1203.016,-70.291
1203.165,-70.291
1203.263,-70.291
1203.368,-70.291
1203.471,-70.291
1203.572,-70.291
1203.603,-70.291
1203.702,-70.291
1203.800,-70.291
1203.900,-70.291
1204.006,-70.291
1204.111,-70.291
1204.214,-70.291
1204.312,-70.291
1204.410,-70.291
1204.510,-70.291
1204.635,-70.291
1204.697,-70.291
1204.819,-70.291
1204.896,-70.291
1205.003,-70.291
1205.101,-70.291
1205.204,-70.291
1205.310,-70.291
1205.413,-70.291
1205.510,-70.291
1205.614,-70.291
1205.736,-70.291
1205.822,-70.291
1205.923,-70.291
1206.043,-70.291
1206.148,-70.291
1206.260,-70.291
1206.337,-70.291
1206.435,-70.291
1206.501,-70.291
1206.638,-70.291
1256.739,-70.291
1256.844,-70.291
1256.949,-70.291
1257.023,-70.291
1257.150,-70.291
1257.253,-70.291
1257.354,-70.291
1257.489,-70.291
1257.491,-70.291
1257.599,-70.291
1257.695,-70.291
1257.795,-70.291
1257.891,-70.291
1258.008,-70.291
1258.104,-70.291
1258.202,-70.291
1258.310,-70.291
1258.403,-70.291
1258.498,-70.291
1258.609,-70.291
1258.687,-70.291
1258.793,-70.291
1258.891,-70.291
1258.993,-70.291
1259.097,-70.291
1259.226,-70.291
1259.300,-70.291
1259.412,-70.291
1259.508,-70.291
1259.606,-70.291
1259.717,-70.291
1259.824,-70.291
1259.945,-70.291
1260.025,-70.291
1260.119,-70.291
1260.256,-70.291
1260.332,-70.291
1260.430,-70.291
1260.559,-70.291
1260.633,-70.291
1260.701,-70.291
1260.839,-70.291
1260.940,-70.291
1261.048,-70.291
1261.148,-70.291
1261.253,-70.291
1261.337,-70.291
1261.440,-70.291
1261.491,-70.291
1261.587,-70.291
1261.685,-70.291
1261.788,-70.291
1261.886,-70.291
1261.984,-70.291
1262.097,-70.291
1262.175,-70.291
1262.293,-70.291
1262.395,-70.291
1262.472,-70.291
1262.579,-70.291
1262.679,-70.291
1262.788,-70.291
1262.893,-70.291
1262.993,-70.291
1263.087,-70.291
1263.195,-70.291
1263.295,-70.291
1263.400,-70.291
1263.498,-70.291
1263.601,-70.291
1263.702,-70.291
1263.822,-70.291
1263.912,-70.291
1264.040,-70.291
1264.118,-70.291
1264.233,-70.291
1264.327,-70.291
1264.425,-70.291
1264.527,-70.291
1264.626,-70.291
1264.729,-70.291
1264.832,-70.291
1264.888,-70.291
1265.045,-70.291
1265.072,-70.291
1265.168,-70.291
1265.341,-70.291
1265.371,-70.291
1265.474,-70.291
1265.572,-70.291
1265.682,-70.291
1265.780,-70.291
1265.883,-70.291
1265.981,-70.291
1266.070,-70.291
1266.168,-70.291
1266.265,-70.291
1266.369,-70.291
1266.467,-70.291
1266.570,-70.291
1266.673,-70.291
1316.773,-70.291
1316.878,-70.291
1316.983,-70.291
1317.091,-70.291
1317.190,-70.291
1317.288,-70.291
1317.396,-70.291
1317.523,-70.291
1317.601,-70.291
1317.697,-70.291
1317.802,-70.291
1317.908,-70.291
1318.011,-70.291
1318.108,-70.291
1318.233,-70.291
1318.320,-70.291
1318.418,-70.291
1318.515,-70.291
1318.618,-70.291
1318.719,-70.291
1318.856,-70.291
1318.858,-70.291
1318.967,-70.291
1319.059,-70.291
1319.155,-70.291
1319.256,-70.291
1319.364,-70.291
1319.467,-70.291
1319.570,-70.291
1319.653,-70.291
1319.771,-70.291
1319.871,-70.291
1319.962,-70.291
1320.067,-70.291
1320.173,-70.291
1320.256,-70.291
1320.359,-70.291
1320.481,-70.291
1320.572,-70.291
1320.670,-70.291
1320.771,-70.291
1320.876,-70.291
1320.972,-70.291
1321.079,-70.291
1321.184,-70.291
1321.285,-70.291
1321.385,-70.291
1321.486,-70.291
1321.589,-70.291
1321.694,-70.291
1321.795,-70.291
1321.930,-70.291
1322.003,-70.291
1322.101,-70.291
1322.202,-70.291
1322.317,-70.291
1322.347,-70.291
1322.515,-70.291
1322.543,-70.291
1322.714,-70.291
1322.748,-70.291
1322.846,-70.291
1322.945,-70.291
1323.045,-70.291
1323.146,-70.291
1323.244,-70.291
1323.353,-70.291
1323.442,-70.291
1323.562,-70.291
1323.658,-70.291
1323.746,-70.291
1323.854,-70.291
1323.945,-70.291
1324.050,-70.291
1324.155,-70.291
1324.253,-70.291
1324.361,-70.291
1324.479,-70.291
1324.570,-70.291
1324.641,-70.291
1324.768,-70.291
1324.846,-70.291
1324.974,-70.291
1325.074,-70.291
1325.173,-70.291
1325.285,-70.291
1325.383,-70.291
1325.486,-70.291
1325.587,-70.291
1325.695,-70.291
1325.793,-70.291
1325.888,-70.291
1325.993,-70.291
1326.092,-70.291
1326.199,-70.291
1326.317,-70.291
1326.334,-70.291
1326.503,-70.291
1326.533,-70.291
1326.635,-70.291
1376.822,-70.291
1376.849,-70.291
1376.947,-70.291
1377.052,-70.291
1377.148,-70.291
1377.250,-70.291
1377.347,-70.291
1377.447,-70.291
1377.530,-70.291
1377.653,-70.291
1377.761,-70.291
1377.839,-70.291
1377.940,-70.291
1378.059,-70.291
1378.153,-70.291
1378.251,-70.291
1378.346,-70.291
1378.435,-70.291
1378.565,-70.291
1378.655,-70.291
1378.761,-70.291
1378.863,-70.291
1378.984,-70.291
1379.062,-70.291
1379.172,-70.291
1379.256,-70.291
1379.369,-70.291
1379.472,-70.291
1379.577,-70.291
1379.677,-70.291
1379.785,-70.291
1379.888,-70.291
1379.991,-70.291
1380.086,-70.291
1380.187,-70.291
1380.290,-70.291
1380.427,-70.291
1380.430,-70.291
1380.527,-70.291
1380.631,-70.291
1380.728,-70.291
1380.837,-70.291
1380.939,-70.291
1381.035,-70.291
1381.141,-70.291
1381.246,-70.291
1381.324,-70.291
1381.427,-70.291
1381.530,-70.291
1381.630,-70.291
1381.728,-70.291
1381.829,-70.291
1381.962,-70.291
1382.065,-70.291
1382.138,-70.291
1382.243,-70.291
1382.342,-70.291
1382.447,-70.291
1382.565,-70.291
1382.653,-70.291
1382.751,-70.291
1382.851,-70.291
1382.930,-70.291
1383.067,-70.291
1383.162,-70.291
1383.261,-70.291
1383.371,-70.291
1383.467,-70.291
1383.570,-70.291
1383.633,-70.291
1383.778,-70.291
1383.878,-70.291
1383.979,-70.291
1384.111,-70.291
1384.114,-70.291
1384.212,-70.291
1384.400,-70.291
1384.417,-70.291
1384.516,-70.291
1384.616,-70.291
1384.712,-70.291
1384.812,-70.291
1384.910,-70.291
1385.030,-70.291
1385.109,-70.291
1385.211,-70.291
1385.339,-70.291
1385.415,-70.291
1385.513,-70.291
1385.616,-70.291
1385.721,-70.291
1385.822,-70.291
1385.915,-70.291
1386.030,-70.291
1386.128,-70.291
1386.239,-70.291
1386.339,-70.291
1386.437,-70.291
1386.545,-70.291
1386.652,-70.291
1676.751,-70.291
1676.847,-70.291
1676.974,-70.291
1677.050,-70.291
1677.153,-70.291
1677.255,-70.291
1677.386,-70.291
1677.491,-70.291
1677.570,-70.291
1677.711,-70.291
1677.778,-70.291
1677.805,-70.291
1677.903,-70.291
1678.003,-70.291
1678.106,-70.291
1678.207,-70.291
1678.310,-70.291
1678.410,-70.291
1678.515,-70.291
1678.611,-70.291
1678.717,-70.291
1678.812,-70.291
1678.920,-70.291
1678.996,-70.291
1679.099,-70.291
1679.224,-70.291
1679.302,-70.291
1679.398,-70.291
1679.516,-70.291
1679.616,-70.291
1679.717,-70.291
1679.815,-70.291
1679.923,-70.291
1680.030,-70.291
1680.152,-70.291
1680.224,-70.291
1680.327,-70.291
1680.430,-70.291
1680.533,-70.291
1680.650,-70.291
1680.741,-70.291
1680.847,-70.291
1680.949,-70.291
1681.016,-70.291
1681.150,-70.291
1681.255,-70.291
1681.356,-70.291
1681.459,-70.291
1681.555,-70.291
1681.658,-70.291
1681.689,-70.291
1681.805,-70.291
1681.893,-70.291
1681.994,-70.291
1682.101,-70.291
1682.189,-70.291
1682.295,-70.291
1682.403,-70.291
1682.516,-70.291
1682.589,-70.291
1682.707,-70.291
1682.793,-70.291
1682.886,-70.291
1682.996,-70.291
1683.094,-70.291
1683.224,-70.291
1683.329,-70.291
1683.400,-70.291
1683.510,-70.291
1683.621,-70.291
1683.712,-70.291
1683.812,-70.291
1683.910,-70.291
1684.030,-70.291
1684.119,-70.291
1684.219,-70.291
1684.326,-70.291
1684.427,-70.291
1684.533,-70.291
1684.631,-70.291
1684.729,-70.291
1684.841,-70.291
1684.940,-70.291
1685.047,-70.291
1685.106,-70.291
1685.212,-70.291
1685.317,-70.291
1685.417,-70.291
1685.481,-70.291
1685.684,-70.291
1685.685,-70.291
1685.785,-70.291
1685.891,-70.291
1685.989,-70.291
1686.087,-70.291
1686.192,-70.291
1686.295,-70.291
1686.393,-70.291
1686.476,-70.291
1686.579,-70.291
1686.677,-70.291
1736.780,-70.291
1736.880,-70.291
1736.983,-70.291
1737.092,-70.291
1737.189,-70.291
1737.295,-70.291
1737.393,-70.291
1737.500,-70.291
1737.601,-70.291
1737.707,-70.291
1737.810,-70.291
1737.908,-70.291
1738.030,-70.291
1738.119,-70.291
1738.214,-70.291
1738.315,-70.291
1738.415,-70.291
1738.518,-70.291
1738.623,-70.291
1738.726,-70.291
1738.856,-70.291
1738.886,-70.291
1739.038,-70.291
1739.094,-70.291
1739.195,-70.291
1739.271,-70.291
1739.366,-70.291
1739.467,-70.291
1739.565,-70.291
1739.687,-70.291
1739.773,-70.291
1739.866,-70.291
1739.976,-70.291
1740.077,-70.291
1740.175,-70.291
1740.261,-70.291
1740.366,-70.291
1740.466,-70.291
1740.567,-70.291
1740.677,-70.291
1740.778,-70.291
1740.876,-70.291
1740.984,-70.291
1741.082,-70.291
1741.182,-70.291
1741.293,-70.291
1741.418,-70.291
1741.491,-70.291
1741.599,-70.291
1741.706,-70.291
1741.827,-70.291
1741.908,-70.291
1742.032,-70.291
1742.116,-70.291
1742.212,-70.291
1742.339,-70.291
1742.412,-70.291
1742.469,-70.291
1742.614,-70.291
1742.685,-70.291
1742.826,-70.291
1742.854,-70.291
1742.961,-70.291
1743.057,-70.291
1743.229,-70.291
1743.253,-70.291
1743.356,-70.291
1743.459,-70.291
1743.565,-70.291
1743.672,-70.291
1743.770,-70.291
1743.876,-70.291
1743.954,-70.291
1744.050,-70.291
1744.173,-70.291
1744.278,-70.291
1744.364,-70.291
1744.462,-70.291
1744.560,-70.291
1744.665,-70.291
1744.770,-70.291
1744.869,-70.291
1744.976,-70.291
1745.082,-70.291
1745.179,-70.291
1745.275,-70.291
1745.378,-70.291
1745.486,-70.291
1745.591,-70.291
1745.692,-70.291
1745.795,-70.291
1745.891,-70.291
1745.994,-70.291
1746.114,-70.291
1746.231,-70.291
1746.302,-70.291
1746.413,-70.291
1746.525,-70.291
1746.609,-70.291
1796.714,-70.291
1796.744,-70.291
1796.851,-70.291
1796.947,-70.291
1797.047,-70.291
1797.153,-70.291
1797.251,-70.291
1797.351,-70.291
1797.452,-70.291
1797.555,-70.291
1797.660,-70.291
1797.741,-70.291
1797.846,-70.291
1797.956,-70.291
1798.042,-70.291
1798.175,-70.291
1798.241,-70.291
1798.349,-70.291
1798.445,-70.291
1798.562,-70.291
1798.655,-70.291
1798.768,-70.291
1798.841,-70.291
1798.972,-70.291
1799.067,-70.291
1799.168,-70.291
1799.266,-70.291
1799.378,-70.291
1799.467,-70.291
1799.582,-70.291
1799.682,-70.291
1799.793,-70.291
1799.886,-70.291
1799.988,-70.291
1800.089,-70.291
1800.204,-70.291
1800.326,-70.291
1800.398,-70.291
1800.500,-70.291
1800.601,-70.291
1800.712,-70.291
1800.741,-70.291
1800.839,-70.291
1800.942,-70.291
1801.038,-70.291
1801.146,-70.291
1801.261,-70.291
1801.349,-70.291
1801.447,-70.291
1801.550,-70.291
1801.653,-70.291
1801.751,-70.291
1801.837,-70.291
1801.937,-70.291
1802.042,-70.291
1802.146,-70.291
1802.248,-70.291
1802.361,-70.291
1802.452,-70.291
1802.550,-70.291
1802.652,-70.291
1802.746,-70.291
1802.864,-70.291
1802.961,-70.291
1803.062,-70.291
1803.168,-70.291
1803.293,-70.291
1803.366,-70.291
1803.474,-70.291
1803.603,-70.291
1803.680,-70.291
1803.778,-70.291
1803.878,-70.291
1803.981,-70.291
1804.114,-70.291
1804.199,-70.291
1804.312,-70.291
1804.390,-70.291
1804.500,-70.291
1804.525,-70.291
1804.635,-70.291
1804.733,-70.291
1804.829,-70.291
1804.935,-70.291
1805.040,-70.291
1805.141,-70.291
1805.239,-70.291
1805.339,-70.291
1805.435,-70.291
1805.527,-70.291
1805.630,-70.291
1805.722,-70.291
1805.834,-70.291
1805.930,-70.291
1806.035,-70.291
1806.125,-70.291
1806.228,-70.291
1806.332,-70.291
1806.449,-70.291
1806.545,-70.291
1806.650,-70.291
1856.773,-70.291
1856.851,-70.291
1856.949,-70.291
1857.045,-70.291
1857.155,-70.291
1857.251,-70.291
1857.354,-70.291
1857.469,-70.291
1857.577,-70.291
1857.701,-70.291
1857.777,-70.291
1857.876,-70.291
1857.967,-70.291
1858.079,-70.291
1858.179,-70.291
1858.285,-70.291
1858.314,-70.291
1858.412,-70.291
1858.510,-70.291
1858.611,-70.291
1858.722,-70.291
1858.824,-70.291
1858.922,-70.291
1859.021,-70.291
1859.126,-70.291
1859.207,-70.291
1859.310,-70.291
1859.413,-70.291
1859.516,-70.291
1859.616,-70.291
1859.714,-70.291
1859.822,-70.291
1859.920,-70.291
1860.025,-70.291
1860.126,-70.291
1860.229,-70.291
1860.331,-70.291
1860.447,-70.291
1860.537,-70.291
1860.643,-70.291
1860.739,-70.291
1860.859,-70.291
1860.954,-70.291
1861.052,-70.291
1861.108,-70.291
1861.217,-70.291
1861.319,-70.291
1861.462,-70.291
1861.560,-70.291
1861.635,-70.291
1861.795,-70.291
1861.800,-70.291
1861.976,-70.291
1862.005,-70.291
1862.101,-70.291
1862.207,-70.291
1862.309,-70.291
1862.408,-70.291
1862.513,-70.291
1862.609,-70.291
1862.695,-70.291
1862.798,-70.291
1862.915,-70.291
1863.020,-70.291
1863.106,-70.291
1863.202,-70.291
1863.300,-70.291
1863.403,-70.291
1863.505,-70.291
1863.606,-70.291
1863.714,-70.291
1863.847,-70.291
1863.920,-70.291
1864.016,-70.291
1864.123,-70.291
1864.221,-70.291
1864.332,-70.291
1864.430,-70.291
1864.535,-70.291
1864.631,-70.291
1864.733,-70.291
1864.856,-70.291
1864.942,-70.291
1865.040,-70.291
1865.146,-70.291
1865.271,-70.291
1865.297,-70.291
1865.410,-70.291
1865.516,-70.291
1865.592,-70.291
1865.719,-70.291
1865.795,-70.291
1865.898,-70.291
1865.994,-70.291
1866.097,-70.291
1866.192,-70.291
1866.298,-70.291
1866.400,-70.291
1866.503,-70.291
1866.606,-70.291
1866.694,-70.291
1916.807,-70.291
1916.886,-70.291
1916.986,-70.291
1917.106,-70.291
1917.204,-70.291
1917.300,-70.291
1917.403,-70.291
1917.496,-70.291
1917.603,-70.291
1917.702,-70.291
1917.805,-70.291
1917.913,-70.291
1918.013,-70.291
1918.121,-70.291
1918.214,-70.291
1918.317,-70.291
1918.420,-70.291
1918.555,-70.291
1918.623,-70.291
1918.719,-70.291
1918.837,-70.291
1918.944,-70.291
1919.043,-70.291
1919.146,-70.291
1919.177,-70.291
1919.349,-70.291
1919.445,-70.291
1919.555,-70.291
1919.582,-70.291
1919.677,-70.291
1919.778,-70.291
1919.876,-70.291
1920.072,-70.291
1920.099,-70.291
1920.194,-70.291
1920.295,-70.291
1920.393,-70.291
1920.491,-70.291
1920.592,-70.291
1920.673,-70.291
1920.780,-70.291
1920.886,-70.291
1920.986,-70.291
1921.106,-70.291
1921.194,-70.291
1921.320,-70.291
1921.391,-70.291
1921.491,-70.291
1921.613,-70.291
1921.685,-70.291
1921.782,-70.291
1921.908,-70.291
1922.013,-70.291
1922.109,-70.291
1922.212,-70.291
1922.320,-70.291
1922.418,-70.291
1922.521,-70.291
1922.619,-70.291
1922.746,-70.291
1922.824,-70.291
1922.942,-70.291
1923.033,-70.291
1923.130,-70.291
1923.234,-70.291
1923.359,-70.291
1923.378,-70.291
1923.538,-70.291
1923.567,-70.291
1923.677,-70.291
1923.780,-70.291
1923.878,-70.291
1923.986,-70.291
1924.076,-70.291
1924.177,-70.291
1924.280,-70.291
1924.385,-70.291
1924.469,-70.291
1924.570,-70.291
1924.668,-70.291
1924.780,-70.291
1924.873,-70.291
1924.991,-70.291
1925.089,-70.291
1925.192,-70.291
1925.288,-70.291
1925.391,-70.291
1925.516,-70.291
1925.597,-70.291
1925.690,-70.291
1925.761,-70.291
1925.903,-70.291
1925.974,-70.291
1926.074,-70.291
1926.195,-70.291
1926.336,-70.291
1926.415,-70.291
1926.483,-70.291
1926.618,-70.291
1976.717,-70.291
1976.820,-70.291
1976.922,-70.291
1977.030,-70.291
1977.057,-70.291
1977.155,-70.291
1977.322,-70.291
1977.423,-70.291
1977.472,-70.291
1977.557,-70.291
1977.660,-70.291
1977.761,-70.291
1977.866,-70.291
1977.967,-70.291
1978.087,-70.291
1978.153,-70.291
1978.255,-70.291
1978.356,-70.291
1978.456,-70.291
1978.564,-70.291
1978.660,-70.291
1978.761,-70.291
1978.868,-70.291
1978.967,-70.291
1979.072,-70.291
1979.190,-70.291
1979.278,-70.291
1979.376,-70.291
1979.479,-70.291
1979.603,-70.291
1979.692,-70.291
1979.792,-70.291
1979.888,-70.291
1979.949,-70.291
1980.048,-70.291
1980.155,-70.291
1980.292,-70.291
1980.408,-70.291
1980.467,-70.291
1980.604,-70.291
1980.677,-70.291
1980.810,-70.291
1980.915,-70.291
1980.942,-70.291
1981.052,-70.291
1981.145,-70.291
1981.244,-70.291
1981.344,-70.291
1981.462,-70.291
1981.562,-70.291
1981.662,-70.291
1981.763,-70.291
1981.841,-70.291
1981.942,-70.291
1982.043,-70.291
1982.141,-70.291
1982.251,-70.291
1982.356,-70.291
1982.459,-70.291
1982.552,-70.291
1982.662,-70.291
1982.765,-70.291
1982.866,-70.291
1983.072,-70.291
1983.074,-70.291
1983.173,-70.291
1983.278,-70.291
1983.376,-70.291
1983.474,-70.291
1983.574,-70.291
1983.677,-70.291
1983.780,-70.291
1983.883,-70.291
1984.011,-70.291
1984.087,-70.291
1984.195,-70.291
1984.334,-70.291
1984.396,-70.291
1984.451,-70.291
1984.601,-70.291
1984.665,-70.291
1984.768,-70.291
1984.836,-70.291
1984.942,-70.291
1985.038,-70.291
1985.138,-70.291
1985.236,-70.291
1985.339,-70.291
1985.437,-70.291
1985.550,-70.291
1985.646,-70.291
1985.743,-70.291
1985.849,-70.291
1985.930,-70.291
1986.033,-70.291
1986.133,-70.291
1986.241,-70.291
1986.339,-70.291
1986.442,-70.291
1986.545,-70.291
1986.653,-70.291
2276.755,-70.291
2276.859,-70.291
2276.954,-70.291
2277.057,-70.291
2277.160,-70.291
2277.275,-70.291
2277.373,-70.291
2277.471,-70.291
2277.570,-70.291
2277.687,-70.291
2277.783,-70.291
2277.880,-70.291
2277.979,-70.291
2278.081,-70.291
2278.185,-70.291
2278.293,-70.291
2278.324,-70.291
2278.423,-70.291
2278.520,-70.291
2278.623,-70.291
2278.797,-70.291
2278.824,-70.291
2278.935,-70.291
2279.033,-70.291
2279.138,-70.291
2279.233,-70.291
2279.339,-70.291
2279.444,-70.291
2279.525,-70.291
2279.619,-70.291
2279.750,-70.291
2279.847,-70.291
2279.927,-70.291
2280.057,-70.291
2280.128,-70.291
2280.258,-70.291
2280.332,-70.291
2280.439,-70.291
2280.538,-70.291
2280.652,-70.291
2280.773,-70.291
2280.851,-70.291
2280.951,-70.291
2281.050,-70.291
2281.162,-70.291
2281.256,-70.291
2281.363,-70.291
2281.461,-70.291
2281.564,-70.291
2281.685,-70.291
2281.771,-70.291
2281.876,-70.291
2281.979,-70.291
2282.097,-70.291
2282.180,-70.291
2282.282,-70.291
2282.388,-70.291
2282.420,-70.291
2282.520,-70.291
2282.616,-70.291
2282.716,-70.291
2282.815,-70.291
2282.913,-70.291
2283.006,-70.291
2283.104,-70.291
2283.209,-70.291
2283.305,-70.291
2283.430,-70.291
2283.521,-70.291
2283.616,-70.291
2283.712,-70.291
2283.815,-70.291
2283.935,-70.291
2284.030,-70.291
2284.109,-70.291
2284.207,-70.291
2284.315,-70.291
2284.437,-70.291
2284.537,-70.291
2284.643,-70.291
2284.741,-70.291
2284.814,-70.291
2284.915,-70.291
2285.048,-70.291
2285.148,-70.291
2285.243,-70.291
2285.359,-70.291
2285.452,-70.291
2285.557,-70.291
2285.662,-70.291
2285.768,-70.291
2285.864,-70.291
2285.964,-70.291
2286.070,-70.291
2286.114,-70.291
2286.202,-70.291
2286.307,-70.291
2286.405,-70.291
2286.503,-70.291
2286.613,-70.291
2336.711,-70.291
2336.888,-70.291
2336.915,-70.291
2336.998,-70.291
2337.101,-70.291
2337.199,-70.291
2337.305,-70.291
2337.403,-70.291
2337.506,-70.291
2337.609,-70.291
2337.706,-70.291
2337.809,-70.291
2337.932,-70.291
2338.018,-70.291
2338.116,-70.291
2338.221,-70.291
2338.344,-70.291
2338.423,-70.291
2338.528,-70.291
2338.626,-70.291
2338.736,-70.291
2338.832,-70.291
2338.937,-70.291
2338.996,-70.291
2339.138,-70.291
2339.207,-70.291
2339.349,-70.291
2339.452,-70.291
2339.520,-70.291
2339.653,-70.291
2339.724,-70.291
2339.788,-70.291
2339.957,-70.291
2339.986,-70.291
2340.138,-70.291
2340.199,-70.291
2340.297,-70.291
2340.396,-70.291
2340.506,-70.291
2340.606,-70.291
2340.706,-70.291
2340.783,-70.291
2340.883,-70.291
2340.988,-70.291
2341.087,-70.291
2341.187,-70.291
2341.290,-70.291
2341.393,-70.291
2341.496,-70.291
2341.611,-70.291
2341.699,-70.291
2341.802,-70.291
2341.937,-70.291
2342.020,-70.291
2342.121,-70.291
2342.217,-70.291
2342.346,-70.291
2342.418,-70.291
2342.521,-70.291
2342.630,-70.291
2342.726,-70.291
2342.827,-70.291
2342.927,-70.291
2343.038,-70.291
2343.141,-70.291
2343.236,-70.291
2343.347,-70.291
2343.449,-70.291
2343.548,-70.291
2343.577,-70.291
2343.677,-70.291
2343.780,-70.291
2343.883,-70.291
2343.984,-70.291
2344.087,-70.291
2344.180,-70.291
2344.293,-70.291
2344.391,-70.291
2344.488,-70.291
2344.589,-70.291
2344.687,-70.291
2344.783,-70.291
2344.880,-70.291
2344.989,-70.291
2345.086,-70.291
2345.182,-70.291
2345.287,-70.291
2345.393,-70.291
2345.488,-70.291
2345.596,-70.291
2345.697,-70.291
2345.798,-70.291
2345.871,-70.291
2345.991,-70.291
2346.082,-70.291
2346.204,-70.291
2346.307,-70.291
2346.430,-70.291
2346.511,-70.291
2346.621,-70.291
2396.722,-70.291
2396.824,-70.291
2396.923,-70.291
2397.028,-70.291
2397.126,-70.291
2397.165,-70.291
2397.331,-70.291
2397.432,-70.291
2397.462,-70.291
2397.565,-70.291
2397.662,-70.291
2397.768,-70.291
2397.880,-70.291
2397.981,-70.291
2398.077,-70.291
2398.180,-70.291
2398.266,-70.291
2398.364,-70.291
2398.484,-70.291
2398.562,-70.291
2398.663,-70.291
2398.766,-70.291
2398.868,-70.291
2398.971,-70.291
2399.079,-70.291
2399.180,-70.291
2399.283,-70.291
2399.386,-70.291
2399.508,-70.291
2399.584,-70.291
2399.694,-70.291
2399.790,-70.291
2399.900,-70.291
2400.001,-70.291
2400.104,-70.291
2400.167,-70.291
2400.273,-70.291
2400.429,-70.291
2400.483,-70.291
2400.616,-70.291
2400.719,-70.291
2400.815,-70.291
2400.925,-70.291
2400.954,-70.291
2401.052,-70.291
2401.163,-70.291
2401.256,-70.291
2401.351,-70.291
2401.454,-70.291
2401.560,-70.291
2401.663,-70.291
2401.761,-70.291
2401.863,-70.291
2401.966,-70.291
2402.067,-70.291
2402.150,-70.291
2402.265,-70.291
2402.353,-70.291
2402.452,-70.291
2402.555,-70.291
2402.677,-70.291
2402.783,-70.291
2402.861,-70.291
2402.957,-70.291
2403.070,-70.291
2403.168,-70.291
2403.273,-70.291
2403.378,-70.291
2403.483,-70.291
2403.586,-70.291
2403.685,-70.291
2403.782,-70.291
2403.888,-70.291
2403.994,-70.291
2404.103,-70.291
2404.192,-70.291
2404.295,-70.291
2404.398,-70.291
2404.515,-70.291
2404.542,-70.291
2404.709,-70.291
2404.839,-70.291
2404.915,-70.291
2404.942,-70.291
2405.045,-70.291
2405.141,-70.291
2405.246,-70.291
2405.344,-70.291
2405.445,-70.291
2405.540,-70.291
2405.641,-70.291
2405.761,-70.291
2405.861,-70.291
2405.940,-70.291
2406.038,-70.291
2406.148,-70.291
2406.244,-70.291
2406.376,-70.291
2406.449,-70.291
2406.548,-70.291
2406.650,-70.291
2456.744,-70.291
2456.864,-70.291
2456.961,-70.291
2457.087,-70.291
2457.168,-70.291
2457.270,-70.291
2457.376,-70.291
2457.479,-70.291
2457.582,-70.291
2457.677,-70.291
2457.785,-70.291
2457.888,-70.291
2457.988,-70.291
2458.086,-70.291
2458.190,-70.291
2458.293,-70.291
2458.393,-70.291
2458.513,-70.291
2458.599,-70.291
2458.702,-70.291
2458.729,-70.291
2458.927,-70.291
2458.930,-70.291
2459.038,-70.291
2459.136,-70.291
2459.250,-70.291
2459.342,-70.291
2459.445,-70.291
2459.542,-70.291
2459.638,-70.291
2459.746,-70.291
2459.847,-70.291
2459.949,-70.291
2460.033,-70.291
2460.138,-70.291
2460.241,-70.291
2460.351,-70.291
2460.440,-70.291
2460.540,-70.291
2460.631,-70.291
2460.763,-70.291
2460.858,-70.291
2460.956,-70.291
2461.025,-70.291
2461.125,-70.291
2461.263,-70.291
2461.364,-70.291
2461.467,-70.291
2461.570,-70.291
2461.670,-70.291
2461.773,-70.291
2461.871,-70.291
2461.969,-70.291
2462.067,-70.291
2462.190,-70.291
2462.278,-70.291
2462.383,-70.291
2462.488,-70.291
2462.601,-70.291
2462.628,-70.291
2462.724,-70.291
2462.820,-70.291
2462.925,-70.291
2463.030,-70.291
2463.131,-70.291
2463.231,-70.291
2463.334,-70.291
2463.434,-70.291
2463.538,-70.291
2463.614,-70.291
2463.728,-70.291
2463.827,-70.291
2463.925,-70.291
2464.033,-70.291
2464.136,-70.291
2464.234,-70.291
2464.332,-70.291
2464.440,-70.291
2464.543,-70.291
2464.648,-70.291
2464.761,-70.291
2464.853,-70.291
2464.952,-70.291
2465.055,-70.291
2465.173,-70.291
2465.251,-70.291
2465.359,-70.291
2465.457,-70.291
2465.523,-70.291
2465.631,-70.291
2465.768,-70.291
2465.869,-70.291
2465.976,-70.291
2466.077,-70.291
2466.177,-70.291
2466.275,-70.291
2466.371,-70.291
2466.479,-70.291
2466.511,-70.291
2466.623,-70.291
2466.709,-70.291
2516.814,-70.291
2516.913,-70.291
2517.010,-70.291
2517.123,-70.291
2517.204,-70.291
2517.334,-70.291
2517.413,-70.291
2517.511,-70.291
2517.608,-70.291
2517.724,-70.291
2517.822,-70.291
2517.917,-70.291
2518.023,-70.291
2518.119,-70.291
2518.222,-70.291
2518.326,-70.291
2518.437,-70.291
2518.532,-70.291
2518.631,-70.291
2518.701,-70.291
2518.847,-70.291
2518.944,-70.291
2519.020,-70.291
2519.141,-70.291
2519.251,-70.291
2519.351,-70.291
2519.449,-70.291
2519.552,-70.291
2519.655,-70.291
2519.751,-70.291
2519.854,-70.291
2519.952,-70.291
2520.003,-70.291
2520.099,-70.291
2520.197,-70.291
2520.298,-70.291
2520.396,-70.291
2520.500,-70.291
2520.687,-70.291
2520.712,-70.291
2520.815,-70.291
2520.893,-70.291
2521.008,-70.291
2521.097,-70.291
2521.199,-70.291
2521.327,-70.291
2521.420,-70.291
2521.498,-70.291
2521.609,-70.291
2521.706,-70.291
2521.812,-70.291
2521.915,-70.291
2522.011,-70.291
2522.111,-70.291
2522.222,-70.291
2522.317,-70.291
2522.420,-70.291
2522.527,-70.291
2522.628,-70.291
2522.728,-70.291
2522.846,-70.291
2522.935,-70.291
2523.038,-70.291
2523.096,-70.291
2523.212,-70.291
2523.305,-70.291
2523.407,-70.291
2523.545,-70.291
2523.621,-70.291
2523.751,-70.291
2523.854,-70.291
2523.956,-70.291
2523.989,-70.291
2524.084,-70.291
2524.185,-70.291
2524.285,-70.291
2524.390,-70.291
2524.491,-70.291
2524.594,-70.291
2524.685,-70.291
2524.800,-70.291
2524.903,-70.291
2525.001,-70.291
2525.094,-70.291
2525.216,-70.291
2525.290,-70.291
2525.393,-70.291
2525.496,-70.291
2525.599,-70.291
2525.697,-70.291
2525.798,-70.291
2525.900,-70.291
2526.040,-70.291
2526.113,-70.291
2526.209,-70.291
2526.310,-70.291
2526.413,-70.291
2526.521,-70.291
2526.618,-70.291
2576.724,-70.291
2576.822,-70.291
2576.934,-70.291
2577.033,-70.291
2577.092,-70.291
2577.199,-70.291
2577.334,-70.291
2577.408,-70.291
2577.542,-70.291
2577.643,-70.291
2577.753,-70.291
2577.783,-70.291
2577.878,-70.291
2577.991,-70.291
2578.096,-70.291
2578.187,-70.291
2578.288,-70.291
2578.385,-70.291
2578.494,-70.291
2578.591,-70.291
2578.694,-70.291
2578.771,-70.291
2578.873,-70.291
2578.974,-70.291
2579.092,-70.291
2579.184,-70.291
2579.280,-70.291
2579.383,-70.291
2579.484,-70.291
2579.594,-70.291
2579.694,-70.291
2579.795,-70.291
2579.896,-70.291
2579.996,-70.291
2580.099,-70.291
2580.202,-70.291
2580.312,-70.291
2580.410,-70.291
2580.511,-70.291
2580.614,-70.291
2580.714,-70.291
2580.819,-70.291
2580.930,-70.291
2581.021,-70.291
2581.155,-70.291
2581.229,-70.291
2581.344,-70.291
2581.371,-70.291
2581.535,-70.291
2581.638,-70.291
2581.665,-70.291
2581.766,-70.291
2581.863,-70.291
2581.966,-70.291
2582.069,-70.291
2582.172,-70.291
2582.273,-70.291
2582.376,-70.291
2582.464,-70.291
2582.560,-70.291
2582.660,-70.291
2582.768,-70.291
2582.866,-70.291
2582.969,-70.291
2583.077,-70.291
2583.180,-70.291
2583.275,-70.291
2583.371,-70.291
2583.471,-70.291
2583.587,-70.291
2583.717,-70.291
2583.793,-70.291
2583.915,-70.291
2583.996,-70.291
2584.097,-70.291
2584.199,-70.291
2584.307,-70.291
2584.403,-70.291
2584.511,-70.291
2584.614,-70.291
2584.743,-70.291
2584.815,-70.291
2584.920,-70.291
2585.023,-70.291
2585.052,-70.291
2585.228,-70.291
2585.255,-70.291
2585.364,-70.291
2585.451,-70.291
2585.555,-70.291
2585.660,-70.291
2585.753,-70.291
2585.856,-70.291
2585.949,-70.291
2586.077,-70.291
2586.170,-70.291
2586.277,-70.291
2586.349,-70.291
2586.449,-70.291
2586.555,-70.291
2586.653,-70.291
2876.760,-70.291
2876.864,-70.291
2876.961,-70.291
2877.084,-70.291
2877.177,-70.291
2877.288,-70.291
2877.351,-70.291
2877.452,-70.291
2877.589,-70.291
2877.667,-70.291
2877.746,-70.291
2877.883,-70.291
2877.986,-70.291
2878.087,-70.291
2878.195,-70.291
2878.297,-70.291
2878.369,-70.291
2878.506,-70.291
2878.603,-70.291
2878.692,-70.291
2878.744,-70.291
2878.905,-70.291
2879.016,-70.291
2879.111,-70.291
2879.212,-70.291
2879.241,-70.291
2879.341,-70.291
2879.451,-70.291
2879.554,-70.291
2879.650,-70.291
2879.751,-70.291
2879.839,-70.291
2879.959,-70.291
2880.057,-70.291
2880.158,-70.291
2880.238,-70.291
2880.339,-70.291
2880.445,-70.291
2880.555,-70.291
2880.648,-70.291
2880.756,-70.291
2880.858,-70.291
2880.966,-70.291
2881.062,-70.291
2881.160,-70.291
2881.265,-70.291
2881.354,-70.291
2881.437,-70.291
2881.589,-70.291
2881.655,-70.291
2881.782,-70.291
2881.878,-70.291
2882.000,-70.291
2882.087,-70.291
2882.190,-70.291
2882.287,-70.291
2882.391,-70.291
2882.494,-70.291
2882.594,-70.291
2882.697,-70.291
2882.729,-70.291
2882.900,-70.291
2882.932,-70.291
2883.028,-70.291
2883.130,-70.291
2883.231,-70.291
2883.337,-70.291
2883.427,-70.291
2883.540,-70.291
2883.643,-70.291
2883.743,-70.291
2883.837,-70.291
2883.935,-70.291
2884.030,-70.291
2884.128,-70.291
2884.231,-70.291
2884.332,-70.291
2884.430,-70.291
2884.528,-70.291
2884.663,-70.291
2884.741,-70.291
2884.844,-70.291
2884.947,-70.291
2885.052,-70.291
2885.153,-70.291
2885.263,-70.291
2885.342,-70.291
2885.466,-70.291
2885.570,-70.291
2885.675,-70.291
2885.773,-70.291
2885.871,-70.291
2885.972,-70.291
2886.074,-70.291
2886.177,-70.291
2886.283,-70.291
2886.383,-70.291
2886.491,-70.291
2886.520,-70.291
2886.616,-70.291
2936.734,-70.291
2936.822,-70.291
2936.923,-70.291
2937.016,-70.291
2937.125,-70.291
2937.226,-70.291
2937.326,-70.291
2937.429,-70.291
2937.538,-70.291
2937.616,-70.291
2937.714,-70.291
2937.834,-70.291
2937.923,-70.291
2938.020,-70.291
2938.130,-70.291
2938.248,-70.291
2938.332,-70.291
2938.437,-70.291
2938.540,-70.291
2938.641,-70.291
2938.741,-70.291
2938.844,-70.291
2938.949,-70.291
2939.052,-70.291
2939.152,-70.291
2939.248,-70.291
2939.349,-70.291
2939.415,-70.291
2939.521,-70.291
2939.630,-70.291
2939.766,-70.291
2939.866,-70.291
2939.964,-70.291
2940.086,-70.291
2940.175,-70.291
2940.278,-70.291
2940.378,-70.291
2940.408,-70.291
2940.508,-70.291
2940.606,-70.291
2940.706,-70.291
2940.807,-70.291
2940.912,-70.291
2941.018,-70.291
2941.197,-70.291
2941.224,-70.291
2941.324,-70.291
2941.425,-70.291
2941.511,-70.291
2941.611,-70.291
2941.714,-70.291
2941.810,-70.291
2941.923,-70.291
2942.018,-70.291
2942.116,-70.291
2942.219,-70.291
2942.324,-70.291
2942.423,-70.291
2942.528,-70.291
2942.628,-70.291
2942.734,-70.291
2942.832,-70.291
2942.940,-70.291
2943.043,-70.291
2943.141,-70.291
2943.243,-70.291
2943.349,-70.291
2943.447,-70.291
2943.548,-70.291
2943.655,-70.291
2943.761,-70.291
2943.859,-70.291
2943.964,-70.291
2944.084,-70.291
2944.101,-70.291
2944.197,-70.291
2944.300,-70.291
2944.396,-70.291
2944.498,-70.291
2944.613,-70.291
2944.699,-70.291
2944.819,-70.291
2944.908,-70.291
2945.016,-70.291
2945.094,-70.291
2945.214,-70.291
2945.300,-70.291
2945.402,-70.291
2945.498,-70.291
2945.603,-70.291
2945.709,-70.291
2945.810,-70.291
2945.922,-70.291
2946.010,-70.291
2946.114,-70.291
2946.214,-70.291
2946.334,-70.291
2946.417,-70.291
2946.513,-70.291
2946.621,-70.291
2996.734,-70.291
2996.827,-70.291
2996.927,-70.291
2997.030,-70.291
2997.133,-70.291
2997.234,-70.291
2997.339,-70.291
2997.440,-70.291
2997.543,-70.291
2997.646,-70.291
2997.760,-70.291
2997.851,-70.291
2997.952,-70.291
2998.055,-70.291
2998.084,-70.291
2998.194,-70.291
2998.283,-70.291
2998.391,-70.291
2998.494,-70.291
2998.597,-70.291
2998.699,-70.291
2998.800,-70.291
2998.898,-70.291
2999.003,-70.291
2999.104,-70.291
2999.199,-70.291
2999.297,-70.291
2999.391,-70.291
2999.481,-70.291
2999.597,-70.291
2999.697,-70.291
2999.795,-70.291
2999.898,-70.291
3000.008,-70.291
3000.106,-70.291
3000.206,-70.291
3000.332,-70.291
3000.420,-70.291
3000.518,-70.291
3000.614,-70.291
3000.699,-70.291
3000.820,-70.291
3000.923,-70.291
3001.025,-70.291
3001.133,-70.291
3001.236,-70.291
3001.334,-70.291
3001.440,-70.291
3001.476,-70.291
3001.640,-70.291
3001.741,-70.291
3001.851,-70.291
3001.880,-70.291
3001.979,-70.291
3002.077,-70.291
3002.194,-70.291
3002.290,-70.291
3002.386,-70.291
3002.491,-70.291
3002.582,-70.291
3002.672,-70.291
3002.773,-70.291
3002.876,-70.291
3002.976,-70.291
3003.072,-70.291
3003.195,-70.291
3003.271,-70.291
3003.381,-70.291
3003.483,-70.291
3003.587,-70.291
3003.687,-70.291
3003.768,-70.291
3003.915,-70.291
3004.006,-70.291
3004.097,-70.291
3004.199,-70.291
3004.271,-70.291
3004.418,-70.291
3004.486,-70.291
3004.608,-70.291
3004.712,-70.291
3004.812,-70.291
3004.910,-70.291
3005.018,-70.291
3005.119,-70.291
3005.222,-70.291
3005.326,-70.291
3005.432,-70.291
3005.523,-70.291
3005.635,-70.291
3005.662,-70.291
3005.844,-70.291
3005.861,-70.291
3005.967,-70.291
3006.065,-70.291
3006.168,-70.291
3006.280,-70.291
3006.376,-70.291
3006.474,-70.291
3006.579,-70.291
3006.668,-70.291
3056.761,-70.291
3056.866,-70.291
3056.964,-70.291
3057.069,-70.291
3057.177,-70.291
3057.273,-70.291
3057.383,-70.291
3057.479,-70.291
3057.579,-70.291
3057.682,-70.291
3057.792,-70.291
3057.888,-70.291
3057.991,-70.291
3058.094,-70.291
3058.192,-70.291
3058.317,-70.291
3058.415,-70.291
3058.503,-70.291
3058.601,-70.291
3058.704,-70.291
3058.760,-70.291
3058.868,-70.291
3058.967,-70.291
3059.114,-70.291
3059.153,-70.291
3059.256,-70.291
3059.425,-70.291
3059.452,-70.291
3059.565,-70.291
3059.653,-70.291
3059.761,-70.291
3059.940,-70.291
3059.969,-70.291
3060.067,-70.291
3060.163,-70.291
3060.255,-70.291
3060.349,-70.291
3060.445,-70.291
3060.548,-70.291
3060.665,-70.291
3060.761,-70.291
3060.861,-70.291
3060.961,-70.291
3061.060,-70.291
3061.162,-70.291
3061.260,-70.291
3061.366,-70.291
3061.471,-70.291
3061.574,-70.291
3061.675,-70.291
3061.778,-70.291
3061.880,-70.291
3061.983,-70.291
3062.092,-70.291
3062.185,-70.291
3062.290,-70.291
3062.391,-70.291
3062.503,-70.291
3062.599,-70.291
3062.699,-70.291
3062.800,-70.291
3062.905,-70.291
3063.005,-70.291
3063.109,-70.291
3063.141,-70.291
3063.314,-70.291
3063.341,-70.291
3063.445,-70.291
3063.564,-70.291
3063.650,-70.291
3063.750,-70.291
3063.851,-70.291
3063.954,-70.291
3064.057,-70.291
3064.157,-70.291
3064.256,-70.291
3064.342,-70.291
3064.439,-70.291
3064.547,-70.291
3064.663,-70.291
3064.748,-70.291
3064.854,-70.291
3064.954,-70.291
3065.077,-70.291
3065.160,-70.291
3065.258,-70.291
3065.400,-70.291
3065.456,-70.291
3065.574,-70.291
3065.673,-70.291
3065.778,-70.291
3065.883,-70.291
3065.979,-70.291
3066.082,-70.291
3066.189,-70.291
3066.283,-70.291
3066.393,-70.291
3066.501,-70.291
3066.599,-70.291
3066.694,-70.291
3116.802,-70.291
3116.831,-70.291
3116.937,-70.291
3117.035,-70.291
3117.135,-70.291
3117.238,-70.291
3117.334,-70.291
3117.437,-70.291
3117.535,-70.291
3117.636,-70.291
3117.739,-70.291
3117.842,-70.291
3117.923,-70.291
3118.028,-70.291
3118.126,-70.291
3118.228,-70.291
3118.339,-70.291
3118.435,-70.291
3118.535,-70.291
3118.623,-70.291
3118.751,-70.291
3118.842,-70.291
3118.945,-70.291
3119.048,-70.291
3119.152,-70.291
3119.256,-70.291
3119.361,-70.291
3119.459,-70.291
3119.565,-70.291
3119.687,-70.291
3119.756,-70.291
3119.878,-70.291
3119.974,-70.291
3120.072,-70.291
3120.182,-70.291
3120.285,-70.291
3120.380,-70.291
3120.516,-70.291
3120.591,-70.291
3120.619,-70.291
3120.724,-70.291
3120.820,-70.291
3120.934,-70.291
3121.020,-70.291
3121.121,-70.291
3121.222,-70.291
3121.327,-70.291
3121.425,-70.291
3121.535,-70.291
3121.717,-70.291
3121.719,-70.291
3121.842,-70.291
3121.915,-70.291
3122.018,-70.291
3122.125,-70.291
3122.222,-70.291
3122.347,-70.291
3122.430,-70.291
3122.533,-70.291
3122.640,-70.291
3122.748,-70.291
3122.837,-70.291
3122.947,-70.291
3123.077,-70.291
3123.160,-70.291
3123.280,-70.291
3123.354,-70.291
3123.410,-70.291
3123.559,-70.291
3123.660,-70.291
3123.763,-70.291
3123.826,-70.291
3123.957,-70.291
3124.079,-70.291
3124.106,-70.291
3124.263,-70.291
3124.307,-70.291
3124.474,-70.291
3124.506,-70.291
3124.609,-70.291
3124.706,-70.291
3124.807,-70.291
3124.917,-70.291
3125.023,-70.291
3125.123,-70.291
3125.202,-70.291
3125.322,-70.291
3125.423,-70.291
3125.525,-70.291
3125.604,-70.291
3125.712,-70.291
3125.807,-70.291
3125.907,-70.291
3126.101,-70.291
3126.108,-70.291
3126.222,-70.291
3126.320,-70.291
3126.425,-70.291
3126.523,-70.291
3126.628,-70.291
3176.729,-70.291
3176.836,-70.291
3176.935,-70.291
3177.038,-70.291
3177.160,-70.291
3177.239,-70.291
3177.342,-70.291
3177.454,-70.291
3177.527,-70.291
3177.609,-70.291
3177.709,-70.291
3177.856,-70.291
3177.927,-70.291
3178.057,-70.291
3178.131,-70.291
3178.199,-70.291
3178.369,-70.291
3178.396,-70.291
3178.494,-70.291
3178.675,-70.291
3178.701,-70.291
3178.798,-70.291
3178.900,-70.291
3178.998,-70.291
3179.111,-70.291
3179.209,-70.291
3179.310,-70.291
3179.408,-70.291
3179.501,-70.291
3179.599,-70.291
3179.702,-70.291
3179.810,-70.291
3179.905,-70.291
3180.013,-70.291
3180.099,-70.291
3180.217,-70.291
3180.320,-70.291
3180.420,-70.291
3180.518,-70.291
3180.621,-70.291
3180.721,-70.291
3180.834,-70.291
3180.929,-70.291
3181.035,-70.291
3181.138,-70.291
3181.246,-70.291
3181.342,-70.291
3181.437,-70.291
3181.538,-70.291
3181.643,-70.291
3181.744,-70.291
3181.805,-70.291
3181.910,-70.291
3181.986,-70.291
3182.087,-70.291
3182.185,-70.291
3182.363,-70.291
3182.386,-70.291
3182.486,-70.291
3182.582,-70.291
3182.684,-70.291
3182.783,-70.291
3182.883,-70.291
3183.010,-70.291
3183.082,-70.291
3183.182,-70.291
3183.280,-70.291
3183.407,-70.291
3183.486,-70.291
3183.589,-70.291
3183.690,-70.291
3183.819,-70.291
3183.902,-70.291
3184.003,-70.291
3184.099,-70.291
3184.211,-70.291
3184.310,-70.291
3184.412,-70.291
3184.510,-70.291
3184.619,-70.291
3184.717,-70.291
3184.817,-70.291
3184.922,-70.291
3185.028,-70.291
3185.126,-70.291
3185.244,-70.291
3185.334,-70.291
3185.430,-70.291
3185.535,-70.291
3185.611,-70.291
3185.675,-70.291
3185.775,-70.291
3185.944,-70.291
3185.979,-70.291
3186.074,-70.291
3186.202,-70.291
3186.283,-70.291
3186.385,-70.291
3186.488,-70.291
3186.592,-70.291
3476.763,-70.291
3476.770,-70.291
3476.873,-70.291
3476.976,-70.291
3477.082,-70.291
3477.180,-70.291
3477.285,-70.291
3477.381,-70.291
3477.494,-70.291
3477.591,-70.291
3477.689,-70.291
3477.790,-70.291
3477.895,-70.291
3477.993,-70.291
3478.094,-70.291
3478.195,-70.291
3478.298,-70.291
3478.400,-70.291
3478.506,-70.291
3478.609,-70.291
3478.714,-70.291
3478.810,-70.291
3478.920,-70.291
3479.015,-70.291
3479.116,-70.291
3479.219,-70.291
3479.332,-70.291
3479.429,-70.291
3479.528,-70.291
3479.630,-70.291
3479.734,-70.291
3479.763,-70.291
3479.861,-70.291
3479.962,-70.291
3480.065,-70.291
3480.170,-70.291
3480.268,-70.291
3480.388,-70.291
3480.479,-70.291
3480.579,-70.291
3480.677,-70.291
3480.780,-70.291
3480.869,-70.291
3480.966,-70.291
3481.065,-70.291
3481.170,-70.291
3481.270,-70.291
3481.380,-70.291
3481.491,-70.291
3481.579,-70.291
3481.685,-70.291
3481.780,-70.291
3481.903,-70.291
3481.974,-70.291
3482.092,-70.291
3482.192,-70.291
3482.297,-70.291
3482.393,-70.291
3482.513,-70.291
3482.604,-70.291
3482.707,-70.291
3482.805,-70.291
3482.905,-70.291
3483.010,-70.291
3483.111,-70.291
3483.222,-70.291
3483.251,-70.291
3483.354,-70.291
3483.452,-70.291
3483.554,-70.291
3483.650,-70.291
3483.765,-70.291
3483.861,-70.291
3483.962,-70.291
3484.065,-70.291
3484.158,-70.291
3484.261,-70.291
3484.366,-70.291
3484.454,-70.291
3484.550,-70.291
3484.646,-70.291
3484.756,-70.291
3484.854,-70.291
3484.959,-70.291
3485.055,-70.291
3485.165,-70.291
3485.277,-70.291
3485.373,-70.291
3485.469,-70.291
3485.579,-70.291
3485.675,-70.291
3485.773,-70.291
3485.878,-70.291
3485.979,-70.291
3486.084,-70.291
3486.184,-70.291
3486.268,-70.291
3486.388,-70.291
3486.491,-70.291
3486.592,-70.291
3486.704,-70.291
3536.802,-70.291
3536.900,-70.291
3537.006,-70.291
3537.043,-70.291
3537.140,-70.291
3537.317,-70.291
3537.344,-70.291
3537.440,-70.291
3537.543,-70.291
3537.648,-70.291
3537.739,-70.291
3537.853,-70.291
3537.951,-70.291
3538.050,-70.291
3538.152,-70.291
3538.255,-70.291
3538.337,-70.291
3538.439,-70.291
3538.543,-70.291
3538.643,-70.291
3538.744,-70.291
3538.847,-70.291
3538.956,-70.291
3539.052,-70.291
3539.153,-70.291
3539.255,-70.291
3539.342,-70.291
3539.449,-70.291
3539.535,-70.291
3539.636,-70.291
3539.758,-70.291
3539.844,-70.291
3539.989,-70.291
3540.042,-70.291
3540.167,-70.291
3540.258,-70.291
3540.381,-70.291
3540.478,-70.291
3540.596,-70.291
3540.690,-70.291
3540.800,-70.291
3540.896,-70.291
3541.006,-70.291
3541.097,-70.291
3541.126,-70.291
3541.305,-70.291
3541.337,-70.291
3541.437,-70.291
3541.535,-70.291
3541.633,-70.291
3541.736,-70.291
3541.827,-70.291
3541.947,-70.291
3542.043,-70.291
3542.150,-70.291
3542.226,-70.291
3542.327,-70.291
3542.429,-70.291
3542.540,-70.291
3542.636,-70.291
3542.761,-70.291
3542.839,-70.291
3542.954,-70.291
3543.050,-70.291
3543.146,-70.291
3543.251,-70.291
3543.351,-70.291
3543.454,-70.291
3543.535,-70.291
3543.663,-70.291
3543.763,-70.291
3543.824,-70.291
3543.927,-70.291
3544.079,-70.291
3544.141,-70.291
3544.263,-70.291
3544.375,-70.291
3544.469,-70.291
3544.570,-70.291
3544.623,-70.291
3544.724,-70.291
3544.817,-70.291
3544.989,-70.291
3545.018,-70.291
3545.116,-70.291
3545.217,-70.291
3545.322,-70.291
3545.423,-70.291
3545.527,-70.291
3545.630,-70.291
3545.731,-70.291
3545.826,-70.291
3545.915,-70.291
3546.015,-70.291
3546.133,-70.291
3546.219,-70.291
3546.320,-70.291
3546.423,-70.291
3546.527,-70.291
3546.630,-70.291
3596.729,-70.291
3596.827,-70.291
3596.940,-70.291
3597.048,-70.291
3597.146,-70.291
3597.246,-70.291
3597.354,-70.291
3597.449,-70.291
3597.550,-70.291
3597.663,-70.291
3597.763,-70.291
3597.824,-70.291
3597.930,-70.291
3598.097,-70.291
3598.131,-70.291
3598.207,-70.291
3598.307,-70.291
3598.442,-70.291
3598.565,-70.291
3598.616,-70.291
3598.707,-70.291
3598.873,-70.291
3598.923,-70.291
3599.018,-70.291
3599.131,-70.291
3599.216,-70.291
3599.314,-70.291
3599.417,-70.291
3599.523,-70.291
3599.601,-70.291
3599.702,-70.291
3599.802,-70.291
3599.912,-70.291
3600.008,-70.291
3600.111,-70.291
3600.236,-70.291
3600.324,-70.291
3600.423,-70.291
3600.518,-70.291
3600.601,-70.291
3600.716,-70.291
3600.836,-70.291
3600.930,-70.291
3601.040,-70.291
3601.140,-70.291
3601.236,-70.291
3601.337,-70.291
3601.452,-70.291
3601.547,-70.291
3601.645,-70.291
3601.748,-70.291
3601.851,-70.291
3601.957,-70.291
3602.070,-70.291
3602.157,-70.291
3602.260,-70.291
3602.364,-70.291
3602.395,-70.291
3602.506,-70.291
3602.601,-70.291
3602.712,-70.291
3602.807,-70.291
3602.896,-70.291
3602.994,-70.291
3603.108,-70.291
3603.204,-70.291
3603.307,-70.291
3603.405,-70.291
3603.503,-70.291
3603.611,-70.291
3603.709,-70.291
3603.812,-70.291
3603.910,-70.291
3604.003,-70.291
3604.104,-70.291
3604.216,-70.291
3604.320,-70.291
3604.422,-70.291
3604.520,-70.291
3604.650,-70.291
3604.726,-70.291
3604.824,-70.291
3604.923,-70.291
3605.011,-70.291
3605.128,-70.291
3605.229,-70.291
3605.332,-70.291
3605.434,-70.291
3605.537,-70.291
3605.638,-70.291
3605.748,-70.291
3605.844,-70.291
3605.945,-70.291
3606.048,-70.291
3606.158,-70.291
3606.187,-70.291
3606.285,-70.291
3606.483,-70.291
3606.501,-70.291
3606.597,-70.291
3606.694,-70.291
3656.792,-70.291
3656.896,-70.291
3656.994,-70.291
3657.101,-70.291
3657.219,-70.291
3657.280,-70.291
3657.391,-70.291
3657.501,-70.291
3657.584,-70.291
3657.687,-70.291
3657.793,-70.291
3657.891,-70.291
3657.996,-70.291
3658.097,-70.291
3658.192,-70.291
3658.319,-70.291
3658.405,-70.291
3658.506,-70.291
3658.609,-70.291
3658.687,-70.291
3658.820,-70.291
3658.918,-70.291
3659.021,-70.291
3659.123,-70.291
3659.222,-70.291
3659.326,-70.291
3659.427,-70.291
3659.488,-70.291
3659.633,-70.291
3659.734,-70.291
3659.839,-70.291
3659.940,-70.291
3660.043,-70.291
3660.070,-70.291
3660.182,-70.291
3660.278,-70.291
3660.375,-70.291
3660.476,-70.291
3660.569,-70.291
3660.690,-70.291
3660.788,-70.291
3660.893,-70.291
3660.974,-70.291
3661.070,-70.291
3661.168,-70.291
3661.282,-70.291
3661.381,-70.291
3661.484,-70.291
3661.579,-70.291
3661.712,-70.291
3661.785,-70.291
3661.890,-70.291
3661.994,-70.291
3662.070,-70.291
3662.194,-70.291
3662.297,-70.291
3662.430,-70.291
3662.501,-70.291
3662.564,-70.291
3662.667,-70.291
3662.768,-70.291
3662.869,-70.291
3662.979,-70.291
3663.097,-70.291
3663.195,-70.291
3663.320,-70.291
3663.417,-70.291
3663.464,-70.291
3663.562,-70.291
3663.729,-70.291
3663.832,-70.291
3663.876,-70.291
3664.037,-70.291
3664.065,-70.291
3664.163,-70.291
3664.266,-70.291
3664.369,-70.291
3664.469,-70.291
3664.569,-70.291
3664.658,-70.291
3664.777,-70.291
3664.880,-70.291
3664.959,-70.291
3665.060,-70.291
3665.163,-70.291
3665.263,-70.291
3665.373,-70.291
3665.469,-70.291
3665.565,-70.291
3665.668,-70.291
3665.775,-70.291
3665.878,-70.291
3665.981,-70.291
3666.084,-70.291
3666.180,-70.291
3666.288,-70.291
3666.405,-70.291
3666.496,-70.291
3666.597,-70.291
3666.699,-70.291
3716.815,-70.291
3716.913,-70.291
3716.971,-70.291
3717.070,-70.291
3717.177,-70.291
3717.253,-70.291
3717.407,-70.291
3717.459,-70.291
3717.554,-70.291
3717.650,-70.291
3717.756,-70.291
3717.920,-70.291
3717.971,-70.291
3718.062,-70.291
3718.165,-70.291
3718.266,-70.291
3718.344,-70.291
3718.464,-70.291
3718.550,-70.291
3718.653,-70.291
3718.751,-70.291
3718.849,-70.291
3718.947,-70.291
3719.055,-70.291
3719.155,-70.291
3719.261,-70.291
3719.344,-70.291
3719.464,-70.291
3719.560,-70.291
3719.668,-70.291
3719.780,-70.291
3719.878,-70.291
3719.976,-70.291
3720.081,-70.291
3720.180,-70.291
3720.283,-70.291
3720.386,-70.291
3720.491,-70.291
3720.589,-70.291
3720.694,-70.291
3720.815,-70.291
3720.896,-70.291
3721.000,-70.291
3721.101,-70.291
3721.182,-70.291
3721.246,-70.291
3721.410,-70.291
3721.437,-70.291
3721.550,-70.291
3721.641,-70.291
3721.753,-70.291
3721.859,-70.291
3721.945,-70.291
3722.047,-70.291
3722.143,-70.291
3722.255,-70.291
3722.354,-70.291
3722.449,-70.291
3722.554,-70.291
3722.653,-70.291
3722.741,-70.291
3722.844,-70.291
3722.945,-70.291
3723.065,-70.291
3723.160,-70.291
3723.256,-70.291
3723.356,-70.291
3723.456,-70.291
3723.559,-70.291
3723.655,-70.291
3723.755,-70.291
3723.866,-70.291
3723.969,-70.291
3724.070,-70.291
3724.173,-70.291
3724.275,-70.291
3724.378,-70.291
3724.489,-70.291
3724.538,-70.291
3724.640,-70.291
3724.788,-70.291
3724.903,-70.291
3724.930,-70.291
3725.059,-70.291
3725.163,-70.291
3725.226,-70.291
3725.342,-70.291
3725.435,-70.291
3725.547,-70.291
3725.638,-70.291
3725.733,-70.291
3725.829,-70.291
3725.961,-70.291
3726.027,-70.291
3726.146,-70.291
3726.234,-70.291
3726.327,-70.291
3726.437,-70.291
3726.533,-70.291
3726.635,-70.291
3776.739,-70.291
3776.837,-70.291
3776.932,-70.291
3777.064,-70.291
3777.153,-70.291
3777.248,-70.291
3777.347,-70.291
3777.449,-70.291
3777.554,-70.291
3777.658,-70.291
3777.758,-70.291
3777.869,-70.291
3777.964,-70.291
3778.067,-70.291
3778.168,-70.291
3778.280,-70.291
3778.371,-70.291
3778.476,-70.291
3778.601,-70.291
3778.680,-70.291
3778.782,-70.291
3778.900,-70.291
3778.918,-70.291
3779.089,-70.291
3779.116,-70.291
3779.214,-70.291
3779.336,-70.291
3779.420,-70.291
3779.523,-70.291
3779.633,-70.291
3779.719,-70.291
3779.822,-70.291
3779.927,-70.291
3780.035,-70.291
3780.131,-70.291
3780.229,-70.291
3780.324,-70.291
3780.415,-70.291
3780.523,-70.291
3780.619,-70.291
3780.738,-70.291
3780.831,-70.291
3780.932,-70.291
3781.033,-70.291
3781.150,-70.291
3781.246,-70.291
3781.342,-70.291
3781.474,-70.291
3781.555,-70.291
3781.655,-70.291
3781.758,-70.291
3781.839,-70.291
3781.957,-70.291
3782.067,-70.291
3782.160,-70.291
3782.273,-70.291
3782.369,-70.291
3782.467,-70.291
3782.576,-70.291
3782.614,-70.291
3782.775,-70.291
3782.878,-70.291
3782.905,-70.291
3783.011,-70.291
3783.106,-70.291
3783.221,-70.291
3783.310,-70.291
3783.423,-70.291
3783.518,-70.291
3783.606,-70.291
3783.699,-70.291
3783.812,-70.291
3783.917,-70.291
3784.018,-70.291
3784.103,-70.291
3784.209,-70.291
3784.302,-70.291
3784.415,-70.291
3784.503,-70.291
3784.608,-70.291
3784.719,-70.291
3784.798,-70.291
3784.932,-70.291
3785.003,-70.291
3785.148,-70.291
3785.234,-70.291
3785.337,-70.291
3785.442,-70.291
3785.559,-70.291
3785.646,-70.291
3785.704,-70.291
3785.849,-70.291
3785.952,-70.291
3786.052,-70.291
3786.153,-70.291
3786.248,-70.291
3786.359,-70.291
3786.412,-70.291
3786.511,-70.291
3786.668,-70.291
3786.694,-70.291
4076.793,-70.291
4076.903,-70.291
4077.008,-70.291
4077.099,-70.291
4077.207,-70.291
4077.290,-70.291
4077.396,-70.291
4077.500,-70.291
4077.604,-70.291
4077.690,-70.291
4077.793,-70.291
4077.910,-70.291
4078.006,-70.291
4078.111,-70.291
4078.209,-70.291
4078.315,-70.291
4078.417,-70.291
4078.500,-70.291
4078.604,-70.291
4078.722,-70.291
4078.827,-70.291
4078.912,-70.291
4079.054,-70.291
4079.133,-70.291
4079.234,-70.291
4079.334,-70.291
4079.430,-70.291
4079.533,-70.291
4079.648,-70.291
4079.744,-70.291
4079.842,-70.291
4079.944,-70.291
4080.045,-70.291
4080.148,-70.291
4080.251,-70.291
4080.293,-70.291
4080.383,-70.291
4080.489,-70.291
4080.584,-70.291
4080.684,-70.291
4080.788,-70.291
4080.890,-70.291
4080.993,-70.291
4081.097,-70.291
4081.197,-70.291
4081.298,-70.291
4081.396,-70.291
4081.479,-70.291
4081.582,-70.291
4081.690,-70.291
4081.785,-70.291
4081.893,-70.291
4081.978,-70.291
4082.082,-70.291
4082.187,-70.291
4082.293,-70.291
4082.393,-70.291
4082.496,-70.291
4082.584,-70.291
4082.702,-70.291
4082.804,-70.291
4082.913,-70.291
4083.011,-70.291
4083.111,-70.291
4083.234,-70.291
4083.322,-70.291
4083.418,-70.291
4083.527,-70.291
4083.645,-70.291
4083.672,-70.291
4083.858,-70.291
4083.939,-70.291
4084.040,-70.291
4084.140,-70.291
4084.173,-70.291
4084.344,-70.291
4084.376,-70.291
4084.472,-70.291
4084.574,-70.291
4084.677,-70.291
4084.785,-70.291
4084.883,-70.291
4084.988,-70.291
4085.072,-70.291
4085.175,-70.291
4085.270,-70.291
4085.371,-70.291
4085.483,-70.291
4085.579,-70.291
4085.682,-70.291
4085.805,-70.291
4085.891,-70.291
4085.969,-70.291
4086.074,-70.291
4086.173,-70.291
4086.285,-70.291
4086.386,-70.291
4086.472,-70.291
4086.577,-70.291
4086.697,-70.291
4136.793,-70.291
4136.910,-70.291
4136.991,-70.291
4137.111,-70.291
4137.207,-70.291
4137.320,-70.291
4137.418,-70.291
4137.513,-70.291
4137.614,-70.291
4137.667,-70.291
4137.822,-70.291
4137.923,-70.291
4137.974,-70.291
4138.057,-70.291
4138.179,-70.291
4138.270,-70.291
4138.378,-70.291
4138.469,-70.291
4138.570,-70.291
4138.670,-70.291
4138.770,-70.291
4138.876,-70.291
4138.954,-70.291
4139.057,-70.291
4139.162,-70.291
4139.261,-70.291
4139.364,-70.291
4139.479,-70.291
4139.572,-70.291
4139.670,-70.291
4139.775,-70.291
4139.893,-70.291
4139.989,-70.291
4140.087,-70.291
4140.184,-70.291
4140.287,-70.291
4140.408,-70.291
4140.491,-70.291
4140.550,-70.291
4140.695,-70.291
4140.763,-70.291
4140.869,-70.291
4140.994,-70.291
4141.094,-70.291
4141.185,-70.291
4141.317,-70.291
4141.398,-70.291
4141.447,-70.291
4141.636,-70.291
4141.729,-70.291
4141.758,-70.291
4141.854,-70.291
4141.957,-70.291
4142.052,-70.291
4142.153,-70.291
4142.261,-70.291
4142.347,-70.291
4142.467,-70.291
4142.548,-70.291
4142.643,-70.291
4142.751,-70.291
4142.858,-70.291
4142.957,-70.291
4143.050,-70.291
4143.155,-70.291
4143.266,-70.291
4143.363,-70.291
4143.459,-70.291
4143.567,-70.291
4143.665,-70.291
4143.766,-70.291
4143.866,-70.291
4143.972,-70.291
4144.097,-70.291
4144.177,-70.291
4144.258,-70.291
4144.391,-70.291
4144.444,-70.291
4144.543,-70.291
4144.648,-70.291
4144.751,-70.291
4144.859,-70.291
4144.964,-70.291
4145.043,-70.291
4145.141,-70.291
4145.241,-70.291
4145.405,-70.291
4145.437,-70.291
4145.540,-70.291
4145.635,-70.291
4145.751,-70.291
4145.839,-70.291
4145.940,-70.291
4146.037,-70.291
4146.140,-70.291
4146.236,-70.291
4146.337,-70.291
4146.437,-70.291
4146.537,-70.291
4146.653,-70.291
4196.736,-70.291
4196.853,-70.291
4196.951,-70.291
4197.047,-70.291
4197.146,-70.291
4197.243,-70.291
4197.353,-70.291
4197.454,-70.291
4197.565,-70.291
4197.658,-70.291
4197.785,-70.291
4197.864,-70.291
4197.978,-70.291
4198.076,-70.291
4198.172,-70.291
4198.271,-70.291
4198.376,-70.291
4198.478,-70.291
4198.579,-70.291
4198.682,-70.291
4198.785,-70.291
4198.896,-70.291
4198.925,-70.291
4199.092,-70.291
4199.204,-70.291
4199.229,-70.291
4199.332,-70.291
4199.427,-70.291
4199.535,-70.291
4199.631,-70.291
4199.728,-70.291
4199.839,-70.291
4199.934,-70.291
4200.033,-70.291
4200.136,-70.291
4200.222,-70.291
4200.322,-70.291
4200.435,-70.291
4200.528,-70.291
4200.621,-70.291
4200.731,-70.291
4200.827,-70.291
4200.944,-70.291
4201.042,-70.291
4201.141,-70.291
4201.241,-70.291
4201.354,-70.291
4201.447,-70.291
4201.550,-70.291
4201.652,-70.291
4201.755,-70.291
4201.858,-70.291
4201.976,-70.291
4202.065,-70.291
4202.163,-70.291
4202.271,-70.291
4202.342,-70.291
4202.476,-70.291
4202.572,-70.291
4202.675,-70.291
4202.780,-70.291
4202.881,-70.291
4202.993,-70.291
4203.021,-70.291
4203.187,-70.291
4203.216,-70.291
4203.315,-70.291
4203.415,-70.291
4203.518,-70.291
4203.621,-70.291
4203.729,-70.291
4203.812,-70.291
4203.930,-70.291
4204.030,-70.291
4204.133,-70.291
4204.226,-70.291
4204.322,-70.291
4204.425,-70.291
4204.548,-70.291
4204.623,-70.291
4204.714,-70.291
4204.842,-70.291
4204.915,-70.291
4205.023,-70.291
4205.125,-70.291
4205.221,-70.291
4205.327,-70.291
4205.447,-70.291
4205.545,-70.291
4205.653,-70.291
4205.739,-70.291
4205.837,-70.291
4205.956,-70.291
4206.065,-70.291
4206.168,-70.291
4206.263,-70.291
4206.386,-70.291
4206.403,-70.291
4206.503,-70.291
4206.670,-70.291
4256.753,-70.291
4256.875,-70.291
4256.903,-70.291
4257.001,-70.291
4257.121,-70.291
4257.211,-70.291
4257.317,-70.291
4257.413,-70.291
4257.513,-70.291
4257.619,-70.291
4257.717,-70.291
4257.822,-70.291
4257.905,-70.291
4258.003,-70.291
4258.104,-70.291
4258.224,-70.291
4258.312,-70.291
4258.413,-70.291
4258.513,-70.291
4258.635,-70.291
4258.734,-70.291
4258.831,-70.291
4258.927,-70.291
4259.028,-70.291
4259.109,-70.291
4259.216,-70.291
4259.295,-70.291
4259.442,-70.291
4259.500,-70.291
4259.606,-70.291
4259.739,-70.291
4259.839,-70.291
4259.937,-70.291
4260.082,-70.291
4260.145,-70.291
4260.253,-70.291
4260.358,-70.291
4260.472,-70.291
4260.501,-70.291
4260.601,-70.291
4260.697,-70.291
4260.797,-70.291
4260.896,-70.291
4260.994,-70.291
4261.091,-70.291
4261.211,-70.291
4261.309,-70.291
4261.405,-70.291
4261.491,-70.291
4261.608,-70.291
4261.706,-70.291
4261.790,-70.291
4261.898,-70.291
4262.018,-70.291
4262.097,-70.291
4262.204,-70.291
4262.310,-70.291
4262.407,-70.291
4262.506,-70.291
4262.608,-70.291
4262.746,-70.291
4262.814,-70.291
4262.915,-70.291
4263.001,-70.291
4263.106,-70.291
4263.184,-70.291
4263.287,-70.291
4263.393,-70.291
4263.493,-70.291
4263.599,-70.291
4263.701,-70.291
4263.837,-70.291
4263.940,-70.291
4264.043,-70.291
4264.148,-70.291
4264.248,-70.291
4264.282,-70.291
4264.447,-70.291
4264.496,-70.291
4264.579,-70.291
4264.682,-70.291
4264.783,-70.291
4264.881,-70.291
4264.988,-70.291
4265.091,-70.291
4265.206,-70.291
4265.300,-70.291
4265.398,-70.291
4265.476,-70.291
4265.596,-70.291
4265.694,-70.291
4265.790,-70.291
4265.893,-70.291
4265.994,-70.291
4266.091,-70.291
4266.195,-70.291
4266.309,-70.291
4266.396,-70.291
4266.481,-70.291
4266.584,-70.291
4316.719,-70.291
4316.775,-70.291
4316.918,-70.291
4316.981,-70.291
4317.084,-70.291
4317.207,-70.291
4317.298,-70.291
4317.423,-70.291
4317.543,-70.291
4317.611,-70.291
4317.736,-70.291
4317.822,-70.291
4317.873,-70.291
4317.969,-70.291
4318.069,-70.291
4318.170,-70.291
4318.271,-70.291
4318.366,-70.291
4318.469,-70.291
4318.582,-70.291
4318.677,-70.291
4318.778,-70.291
4318.881,-70.291
4318.967,-70.291
4319.065,-70.291
4319.187,-70.291
4319.271,-70.291
4319.366,-70.291
4319.474,-70.291
4319.581,-70.291
4319.687,-70.291
4319.780,-70.291
4319.890,-70.291
4319.984,-70.291
4320.096,-70.291
4320.195,-70.291
4320.298,-70.291
4320.396,-70.291
4320.496,-70.291
4320.597,-70.291
4320.679,-70.291
4320.802,-70.291
4320.925,-70.291
4320.959,-70.291
4321.130,-70.291
4321.173,-70.291
4321.275,-70.291
4321.375,-70.291
4321.484,-70.291
4321.560,-70.291
4321.658,-70.291
4321.827,-70.291
4321.895,-70.291
4321.994,-70.291
4322.072,-70.291
4322.236,-70.291
4322.266,-70.291
4322.369,-70.291
4322.467,-70.291
4322.557,-70.291
4322.673,-70.291
4322.771,-70.291
4322.869,-70.291
4322.969,-70.291
4323.064,-70.291
4323.160,-70.291
4323.260,-70.291
4323.361,-70.291
4323.464,-70.291
4323.565,-70.291
4323.658,-70.291
4323.771,-70.291
4323.873,-70.291
4323.976,-70.291
4324.077,-70.291
4324.180,-70.291
4324.282,-70.291
4324.393,-70.291
4324.488,-70.291
4324.589,-70.291
4324.692,-70.291
4324.805,-70.291
4324.903,-70.291
4325.000,-70.291
4325.057,-70.291
4325.204,-70.291
4325.315,-70.291
4325.376,-70.291
4325.451,-70.291
4325.584,-70.291
4325.707,-70.291
4325.758,-70.291
4325.864,-70.291
4325.949,-70.291
4326.050,-70.291
4326.158,-70.291
4326.253,-70.291
4326.354,-70.291
4326.464,-70.291
4326.560,-70.291
4326.643,-70.291
4376.748,-70.291
4376.853,-70.291
4376.966,-70.291
4377.057,-70.291
4377.160,-70.291
4377.256,-70.291
4377.378,-70.291
4377.462,-70.291
4377.560,-70.291
4377.658,-70.291
4377.770,-70.291
4377.866,-70.291
4377.969,-70.291
4378.072,-70.291
4378.180,-70.291
4378.278,-70.291
4378.378,-70.291
4378.481,-70.291
4378.584,-70.291
4378.694,-70.291
4378.804,-70.291
4378.893,-70.291
4378.993,-70.291
4379.096,-70.291
4379.217,-70.291
4379.244,-70.291
4379.403,-70.291
4379.511,-70.291
4379.538,-70.291
4379.643,-70.291
4379.748,-70.291
4379.846,-70.291
4379.986,-70.291
4380.043,-70.291
4380.138,-70.291
4380.248,-70.291
4380.332,-70.291
4380.432,-70.291
4380.554,-70.291
4380.641,-70.291
4380.734,-70.291
4380.837,-70.291
4380.945,-70.291
4381.052,-70.291
4381.150,-70.291
4381.248,-70.291
4381.347,-70.291
4381.449,-70.291
4381.552,-70.291
4381.663,-70.291
4381.788,-70.291
4381.861,-70.291
4381.964,-70.291
4382.067,-70.291
4382.168,-70.291
4382.271,-70.291
4382.366,-70.291
4382.479,-70.291
4382.601,-70.291
4382.680,-70.291
4382.783,-70.291
4382.891,-70.291
4382.996,-70.291
4383.023,-70.291
4383.121,-70.291
4383.307,-70.291
4383.334,-70.291
4383.430,-70.291
4383.535,-70.291
4383.633,-70.291
4383.736,-70.291
4383.839,-70.291
4383.949,-70.291
4384.028,-70.291
4384.126,-70.291
4384.239,-70.291
4384.342,-70.291
4384.439,-70.291
4384.533,-70.291
4384.625,-70.291
4384.728,-70.291
4384.854,-70.291
4384.927,-70.291
4385.052,-70.291
4385.143,-70.291
4385.248,-70.291
4385.347,-70.291
4385.437,-70.291
4385.545,-70.291
4385.653,-70.291
4385.751,-70.291
4385.854,-70.291
4385.964,-70.291
4386.065,-70.291
4386.185,-70.291
4386.265,-70.291
4386.359,-70.291
4386.467,-70.291
4386.570,-70.291
4386.673,-70.291
4676.783,-70.291
4676.814,-70.291
4676.913,-70.291
4677.008,-70.291
4677.185,-70.291
4677.219,-70.291
4677.324,-70.291
4677.423,-70.291
4677.518,-70.291
4677.623,-70.291
4677.724,-70.291
4677.807,-70.291
4677.925,-70.291
4678.013,-70.291
4678.126,-70.291
4678.212,-70.291
4678.312,-70.291
4678.427,-70.291
4678.523,-70.291
4678.619,-70.291
4678.728,-70.291
4678.815,-70.291
4678.915,-70.291
4679.028,-70.291
4679.141,-70.291
4679.236,-70.291
4679.336,-70.291
4679.467,-70.291
4679.552,-70.291
4679.650,-70.291
4679.744,-70.291
4679.873,-70.291
4679.951,-70.291
4680.055,-70.291
4680.163,-70.291
4680.268,-70.291
4680.364,-70.291
4680.494,-70.291
4680.597,-70.291
4680.599,-70.291
4680.704,-70.291
4680.908,-70.291
4680.979,-70.291
4681.008,-70.291
4681.104,-70.291
4681.202,-70.291
4681.298,-70.291
4681.413,-70.291
4681.510,-70.291
4681.611,-70.291
4681.712,-70.291
4681.805,-70.291
4681.900,-70.291
4681.998,-70.291
4682.101,-70.291
4682.202,-70.291
4682.305,-70.291
4682.400,-70.291
4682.511,-70.291
4682.614,-70.291
4682.714,-70.291
4682.819,-70.291
4682.920,-70.291
4683.016,-70.291
4683.136,-70.291
4683.236,-70.291
4683.329,-70.291
4683.425,-70.291
4683.548,-70.291
4683.646,-70.291
4683.744,-70.291
4683.839,-70.291
4683.952,-70.291
4684.052,-70.291
4684.148,-70.291
4684.251,-70.291
4684.356,-70.291
4684.412,-70.291
4684.559,-70.291
4684.667,-70.291
4684.692,-70.291
4684.793,-70.291
4684.896,-70.291
4685.000,-70.291
4685.094,-70.291
4685.197,-70.291
4685.300,-70.291
4685.386,-70.291
4685.506,-70.291
4685.606,-70.291
4685.685,-70.291
4685.800,-70.291
4685.888,-70.291
4685.991,-70.291
4686.119,-70.291
4686.219,-70.291
4686.298,-70.291
4686.395,-70.291
4686.513,-70.291
4686.611,-70.291
4736.717,-70.291
4736.822,-70.291
4736.900,-70.291
4736.983,-70.291
4737.091,-70.291
4737.224,-70.291
4737.332,-70.291
4737.434,-70.291
4737.545,-70.291
4737.640,-70.291
4737.736,-70.291
4737.836,-70.291
4737.959,-70.291
4738.042,-70.291
4738.143,-70.291
4738.253,-70.291
4738.282,-70.291
4738.380,-70.291
4738.484,-70.291
4738.579,-70.291
4738.695,-70.291
4738.780,-70.291
4738.881,-70.291
4738.988,-70.291
4739.097,-70.291
4739.194,-70.291
4739.295,-70.291
4739.385,-70.291
4739.474,-70.291
4739.577,-70.291
4739.677,-70.291
4739.795,-70.291
4739.893,-70.291
4739.991,-70.291
4740.087,-70.291
4740.192,-70.291
4740.295,-70.291
4740.396,-70.291
4740.486,-70.291
4740.599,-70.291
4740.702,-70.291
4740.804,-70.291
4740.908,-70.291
4741.008,-70.291
4741.103,-70.291
4741.222,-70.291
4741.268,-70.291
4741.376,-70.291
4741.486,-70.291
4741.633,-70.291
4741.702,-70.291
4741.820,-70.291
4741.873,-70.291
4742.025,-70.291
4742.074,-70.291
4742.229,-70.291
4742.280,-70.291
4742.364,-70.291
4742.484,-70.291
4742.582,-70.291
4742.692,-70.291
4742.783,-70.291
4742.876,-70.291
4742.978,-70.291
4743.084,-70.291
4743.167,-70.291
4743.263,-70.291
4743.364,-70.291
4743.471,-70.291
4743.569,-70.291
4743.680,-70.291
4743.793,-70.291
4743.886,-70.291
4743.988,-70.291
4744.086,-70.291
4744.160,-70.291
4744.293,-70.291
4744.396,-70.291
4744.494,-70.291
4744.603,-70.291
4744.699,-70.291
4744.807,-70.291
4744.900,-70.291
4745.006,-70.291
4745.104,-70.291
4745.158,-70.291
4745.309,-70.291
4745.420,-70.291
4745.516,-70.291
4745.631,-70.291
4745.719,-70.291
4745.822,-70.291
4745.893,-70.291
4746.043,-70.291
4746.072,-70.291
4746.162,-70.291
4746.258,-70.291
4746.366,-70.291
4746.454,-70.291
4746.574,-70.291
4746.672,-70.291
4796.766,-70.291
4796.851,-70.291
4796.972,-70.291
4797.050,-70.291
4797.168,-70.291
4797.265,-70.291
4797.361,-70.291
4797.469,-70.291
4797.565,-70.291
4797.665,-70.291
4797.768,-70.291
4797.881,-70.291
4797.978,-70.291
4798.077,-70.291
4798.180,-70.291
4798.288,-70.291
4798.385,-70.291
4798.484,-70.291
4798.572,-70.291
4798.690,-70.291
4798.793,-70.291
4798.893,-70.291
4799.008,-70.291
4799.104,-70.291
4799.204,-70.291
4799.307,-70.291
4799.349,-70.291
4799.508,-70.291
4799.611,-70.291
4799.717,-70.291
4799.746,-70.291
4799.849,-70.291
4799.942,-70.291
4800.042,-70.291
4800.160,-70.291
4800.241,-70.291
4800.351,-70.291
4800.462,-70.291
4800.542,-70.291
4800.662,-70.291
4800.746,-70.291
4800.847,-70.291
4800.942,-70.291
4801.054,-70.291
4801.155,-70.291
4801.258,-70.291
4801.361,-70.291
4801.461,-70.291
4801.557,-70.291
4801.660,-70.291
4801.761,-70.291
4801.880,-70.291
4801.969,-70.291
4802.067,-70.291
4802.170,-70.291
4802.290,-70.291
4802.388,-70.291
4802.484,-70.291
4802.581,-70.291
4802.687,-70.291
4802.787,-70.291
4802.888,-70.291
4802.981,-70.291
4803.094,-70.291
4803.195,-70.291
4803.298,-70.291
4803.400,-70.291
4803.503,-70.291
4803.604,-70.291
4803.635,-70.291
4803.741,-70.291
4803.837,-70.291
4803.935,-70.291
4804.043,-70.291
4804.153,-70.291
4804.231,-70.291
4804.344,-70.291
4804.451,-70.291
4804.550,-70.291
4804.628,-70.291
4804.731,-70.291
4804.864,-70.291
4804.935,-70.291
4805.032,-70.291
4805.133,-70.291
4805.231,-70.291
4805.354,-70.291
4805.449,-70.291
4805.555,-70.291
4805.645,-70.291
4805.746,-70.291
4805.851,-70.291
4805.967,-70.291
4806.062,-70.291
4806.165,-70.291
4806.288,-70.291
4806.378,-70.291
4806.474,-70.291
4806.572,-70.291
4806.658,-70.291
4856.778,-70.291
4856.822,-70.291
4856.923,-70.291
4857.025,-70.291
4857.190,-70.291
4857.300,-70.291
4857.329,-70.291
4857.425,-70.291
4857.523,-70.291
4857.631,-70.291
4857.734,-70.291
4857.827,-70.291
4857.932,-70.291
4858.040,-70.291
4858.126,-70.291
4858.222,-70.291
4858.322,-70.291
4858.418,-70.291
4858.540,-70.291
4858.633,-70.291
4858.734,-70.291
4858.836,-70.291
4858.918,-70.291
4859.037,-70.291
4859.133,-70.291
4859.236,-70.291
4859.339,-70.291
4859.432,-70.291
4859.530,-70.291
4859.641,-70.291
4859.768,-70.291
4859.844,-70.291
4859.964,-70.291
4860.057,-70.291
4860.158,-70.291
4860.261,-70.291
4860.376,-70.291
4860.472,-70.291
4860.567,-70.291
4860.701,-70.291
4860.775,-70.291
4860.873,-70.291
4860.976,-70.291
4861.067,-70.291
4861.182,-70.291
4861.211,-70.291
4861.307,-70.291
4861.489,-70.291
4861.523,-70.291
4861.619,-70.291
4861.719,-70.291
4861.827,-70.291
4861.923,-70.291
4862.025,-70.291
4862.109,-70.291
4862.214,-70.291
4862.312,-70.291
4862.410,-70.291
4862.538,-70.291
4862.616,-70.291
4862.719,-70.291
4862.820,-70.291
4862.927,-70.291
4863.027,-70.291
4863.148,-70.291
4863.204,-70.291
4863.307,-70.291
4863.427,-70.291
4863.530,-70.291
4863.645,-70.291
4863.751,-70.291
4863.853,-70.291
4863.951,-70.291
4864.050,-70.291
4864.146,-70.291
4864.263,-70.291
4864.375,-70.291
4864.469,-70.291
4864.570,-70.291
4864.597,-70.291
4864.741,-70.291
4864.805,-70.291
4864.903,-70.291
4865.003,-70.291
4865.111,-70.291
4865.204,-70.291
4865.304,-70.291
4865.405,-70.291
4865.508,-70.291
4865.609,-70.291
4865.712,-70.291
4865.815,-70.291
4865.917,-70.291
4865.994,-70.291
4866.097,-70.291
4866.212,-70.291
4866.304,-70.291
4866.403,-70.291
4866.511,-70.291
4866.623,-70.291
4916.722,-70.291
4916.819,-70.291
4916.917,-70.291
4917.003,-70.291
4917.121,-70.291
4917.212,-70.291
4917.314,-70.291
4917.400,-70.291
4917.520,-70.291
4917.609,-70.291
4917.726,-70.291
4917.802,-70.291
4917.940,-70.291
4918.054,-70.291
4918.138,-70.291
4918.241,-70.291
4918.290,-70.291
4918.435,-70.291
4918.486,-70.291
4918.658,-70.291
4918.687,-70.291
4918.861,-70.291
4918.895,-70.291
4918.991,-70.291
4919.089,-70.291
4919.192,-70.291
4919.290,-70.291
4919.386,-70.291
4919.521,-70.291
4919.604,-70.291
4919.706,-70.291
4919.800,-70.291
4919.902,-70.291
4919.994,-70.291
4920.091,-70.291
4920.195,-70.291
4920.300,-70.291
4920.398,-70.291
4920.527,-70.291
4920.621,-70.291
4920.712,-70.291
4920.810,-70.291
4920.910,-70.291
4921.033,-70.291
4921.106,-70.291
4921.219,-70.291
4921.329,-70.291
4921.430,-70.291
4921.528,-70.291
4921.636,-70.291
4921.738,-70.291
4921.842,-70.291
4921.967,-70.291
4922.038,-70.291
4922.141,-70.291
4922.241,-70.291
4922.344,-70.291
4922.459,-70.291
4922.476,-70.291
4922.650,-70.291
4922.682,-70.291
4922.778,-70.291
4922.896,-70.291
4922.994,-70.291
4923.092,-70.291
4923.195,-70.291
4923.293,-70.291
4923.391,-70.291
4923.479,-70.291
4923.584,-70.291
4923.687,-70.291
4923.777,-70.291
4923.891,-70.291
4923.972,-70.291
4924.074,-70.291
4924.182,-70.291
4924.295,-70.291
4924.386,-70.291
4924.486,-70.291
4924.589,-70.291
4924.709,-70.291
4924.775,-70.291
4924.893,-70.291
4924.978,-70.291
4925.079,-70.291
4925.202,-70.291
4925.283,-70.291
4925.415,-70.291
4925.513,-70.291
4925.621,-70.291
4925.712,-70.291
4925.768,-70.291
4925.918,-70.291
4925.969,-70.291
4926.072,-70.291
4926.202,-70.291
4926.278,-70.291
4926.378,-70.291
4926.523,-70.291
4926.572,-70.291
4926.668,-70.291
4976.765,-70.291
4976.869,-70.291
4976.984,-70.291
4977.079,-70.291
4977.177,-70.291
4977.283,-70.291
4977.366,-70.291
4977.464,-70.291
4977.567,-70.291
4977.673,-70.291
4977.771,-70.291
4977.883,-70.291
4977.986,-70.291
4978.082,-70.291
4978.190,-70.291
4978.292,-70.291
4978.386,-70.291
4978.489,-70.291
4978.592,-70.291
4978.709,-70.291
4978.805,-70.291
4978.903,-70.291
4979.001,-70.291
4979.121,-70.291
4979.239,-70.291
4979.310,-70.291
4979.410,-70.291
4979.481,-70.291
4979.555,-70.291
4979.655,-70.291
4979.760,-70.291
4979.856,-70.291
4980.038,-70.291
4980.065,-70.291
4980.229,-70.291
4980.256,-70.291
4980.356,-70.291
4980.545,-70.291
4980.562,-70.291
4980.662,-70.291
4980.765,-70.291
4980.866,-70.291
4980.957,-70.291
4981.055,-70.291
4981.150,-70.291
4981.253,-70.291
4981.356,-70.291
4981.459,-70.291
4981.560,-70.291
4981.670,-70.291
4981.768,-70.291
4981.866,-70.291
4981.969,-70.291
4982.072,-70.291
4982.175,-70.291
4982.277,-70.291
4982.383,-70.291
4982.467,-70.291
4982.589,-70.291
4982.687,-70.291
4982.795,-70.291
4982.849,-70.291
4982.949,-70.291
4983.116,-70.291
4983.163,-70.291
4983.260,-70.291
4983.366,-70.291
4983.444,-70.291
4983.574,-70.291
4983.709,-70.291
4983.780,-70.291
4983.851,-70.291
4983.957,-70.291
4984.109,-70.291
4984.162,-70.291
4984.246,-70.291
4984.349,-70.291
4984.445,-70.291
4984.552,-70.291
4984.655,-70.291
4984.741,-70.291
4984.844,-70.291
4984.954,-70.291
4985.047,-70.291
4985.153,-70.291
4985.250,-70.291
4985.366,-70.291
4985.454,-70.291
4985.587,-70.291
4985.665,-70.291
4985.768,-70.291
4985.866,-70.291
4985.964,-70.291
4986.067,-70.291
4986.170,-70.291
4986.270,-70.291
4986.354,-70.291
4986.469,-70.291
4986.545,-70.291
4986.648,-70.291
5276.751,-70.291
5276.856,-70.291
5276.981,-70.291
5277.089,-70.291
5277.204,-70.291
5277.298,-70.291
5277.396,-70.291
5277.500,-70.291
5277.606,-70.291
5277.636,-70.291
5277.731,-70.291
5277.834,-70.291
5277.940,-70.291
5278.037,-70.291
5278.136,-70.291
5278.319,-70.291
5278.329,-70.291
5278.449,-70.291
5278.547,-70.291
5278.631,-70.291
5278.728,-70.291
5278.829,-70.291
5278.932,-70.291
5279.040,-70.291
5279.136,-70.291
5279.239,-70.291
5279.364,-70.291
5279.449,-70.291
5279.548,-70.291
5279.650,-70.291
5279.753,-70.291
5279.854,-70.291
5279.957,-70.291
5280.059,-70.291
5280.168,-70.291
5280.268,-70.291
5280.366,-70.291
5280.469,-70.291
5280.579,-70.291
5280.675,-70.291
5280.731,-70.291
5280.878,-70.291
5280.940,-70.291
5281.043,-70.291
5281.152,-70.291
5281.224,-70.291
5281.329,-70.291
5281.430,-70.291
5281.614,-70.291
5281.673,-70.291
5281.731,-70.291
5281.829,-70.291
5281.937,-70.291
5282.023,-70.291
5282.121,-70.291
5282.219,-70.291
5282.341,-70.291
5282.422,-70.291
5282.525,-70.291
5282.621,-70.291
5282.721,-70.291
5282.824,-70.291
5282.927,-70.291
5283.040,-70.291
5283.131,-70.291
5283.233,-70.291
5283.336,-70.291
5283.451,-70.291
5283.548,-70.291
5283.646,-70.291
5283.748,-70.291
5283.849,-70.291
5283.949,-70.291
5284.052,-70.291
5284.141,-70.291
5284.258,-70.291
5284.359,-70.291
5284.462,-70.291
5284.565,-70.291
5284.626,-70.291
5284.736,-70.291
5284.812,-70.291
5284.969,-70.291
5285.067,-70.291
5285.118,-70.291
5285.288,-70.291
5285.317,-70.291
5285.417,-70.291
5285.513,-70.291
5285.614,-70.291
5285.728,-70.291
5285.827,-70.291
5285.923,-70.291
5286.027,-70.291
5286.126,-70.291
5286.228,-70.291
5286.307,-70.291
5286.415,-70.291
5286.515,-70.291
5286.614,-70.291
5336.714,-70.291
5336.827,-70.291
5336.923,-70.291
5337.023,-70.291
5337.126,-70.291
5337.226,-70.291
5337.329,-70.291
5337.449,-70.291
5337.542,-70.291
5337.636,-70.291
5337.739,-70.291
5337.817,-70.291
5337.944,-70.291
5338.047,-70.291
5338.109,-70.291
5338.217,-70.291
5338.317,-70.291
5338.464,-70.291
5338.569,-70.291
5338.667,-70.291
5338.771,-70.291
5338.875,-70.291
5338.989,-70.291
5339.089,-70.291
5339.180,-70.291
5339.206,-70.291
5339.312,-70.291
5339.413,-70.291
5339.508,-70.291
5339.606,-70.291
5339.699,-70.291
5339.798,-70.291
5339.915,-70.291
5340.023,-70.291
5340.099,-70.291
5340.197,-70.291
5340.300,-70.291
5340.413,-70.291
5340.511,-70.291
5340.609,-70.291
5340.709,-70.291
5340.812,-70.291
5340.915,-70.291
5341.016,-70.291
5341.126,-70.291
5341.214,-70.291
5341.322,-70.291
5341.425,-70.291
5341.537,-70.291
5341.613,-70.291
5341.692,-70.291
5341.800,-70.291
5341.939,-70.291
5342.008,-70.291
5342.109,-70.291
5342.248,-70.291
5342.312,-70.291
5342.386,-70.291
5342.510,-70.291
5342.596,-70.291
5342.748,-70.291
5342.800,-70.291
5342.885,-70.291
5342.984,-70.291
5343.089,-70.291
5343.209,-70.291
5343.300,-70.291
5343.467,-70.291
5343.498,-70.291
5343.596,-70.291
5343.697,-70.291
5343.785,-70.291
5343.883,-70.291
5343.986,-70.291
5344.087,-70.291
5344.190,-70.291
5344.293,-70.291
5344.396,-70.291
5344.501,-70.291
5344.599,-70.291
5344.704,-70.291
5344.798,-70.291
5344.908,-70.291
5345.008,-70.291
5345.111,-70.291
5345.214,-70.291
5345.317,-70.291
5345.420,-70.291
5345.545,-70.291
5345.635,-70.291
5345.733,-70.291
5345.785,-70.291
5345.903,-70.291
5345.993,-70.291
5346.101,-70.291
5346.180,-70.291
5346.312,-70.291
5346.442,-70.291
5346.540,-70.291
5346.662,-70.291
5346.685,-70.291
5396.780,-70.291
5396.876,-70.291
5396.981,-70.291
5397.089,-70.291
5397.184,-70.291
5397.292,-70.291
5397.371,-70.291
5397.491,-70.291
5397.592,-70.291
5397.672,-70.291
5397.785,-70.291
5397.880,-70.291
5397.979,-70.291
5398.082,-70.291
5398.185,-70.291
5398.288,-70.291
5398.390,-70.291
5398.474,-70.291
5398.594,-70.291
5398.719,-70.291
5398.778,-70.291
5398.891,-70.291
5398.989,-70.291
5399.087,-70.291
5399.173,-70.291
5399.302,-70.291
5399.405,-70.291
5399.508,-70.291
5399.623,-70.291
5399.692,-70.291
5399.814,-70.291
5399.896,-70.291
5399.969,-70.291
5400.146,-70.291
5400.175,-70.291
5400.310,-70.291
5400.373,-70.291
5400.469,-70.291
5400.567,-70.291
5400.680,-70.291
5400.783,-70.291
5400.878,-70.291
5400.981,-70.291
5401.074,-70.291
5401.175,-70.291
5401.282,-70.291
5401.381,-70.291
5401.484,-70.291
5401.562,-70.291
5401.660,-70.291
5401.793,-70.291
5401.873,-70.291
5401.972,-70.291
5402.077,-70.291
5402.194,-70.291
5402.290,-70.291
5402.391,-70.291
5402.597,-70.291
5402.699,-70.291
5402.795,-70.291
5402.898,-70.291
5403.001,-70.291
5403.109,-70.291
5403.209,-70.291
5403.305,-70.291
5403.405,-70.291
5403.508,-70.291
5403.621,-70.291
5403.709,-70.291
5403.815,-70.291
5403.918,-70.291
5404.030,-70.291
5404.060,-70.291
5404.157,-70.291
5404.253,-70.291
5404.354,-70.291
5404.496,-70.291
5404.557,-70.291
5404.660,-70.291
5404.770,-70.291
5404.864,-70.291
5404.967,-70.291
5405.064,-70.291
5405.158,-70.291
5405.256,-70.291
5405.354,-70.291
5405.457,-70.291
5405.570,-70.291
5405.663,-70.291
5405.761,-70.291
5405.869,-70.291
5405.967,-70.291
5406.070,-70.291
5406.195,-70.291
5406.283,-70.291
5406.381,-70.291
5406.479,-70.291
5406.559,-70.291
5406.692,-70.291
5456.792,-70.291
5456.890,-70.291
5457.000,-70.291
5457.094,-70.291
5457.195,-70.291
5457.298,-70.291
5457.408,-70.291
5457.505,-70.291
5457.611,-70.291
5457.707,-70.291
5457.810,-70.291
5457.912,-70.291
5458.030,-70.291
5458.048,-70.291
5458.145,-70.291
5458.246,-70.291
5458.347,-70.291
5458.442,-70.291
5458.550,-70.291
5458.652,-70.291
5458.765,-70.291
5458.847,-70.291
5458.942,-70.291
5459.050,-70.291
5459.146,-70.291
5459.239,-70.291
5459.346,-70.291
5459.442,-70.291
5459.559,-70.291
5459.663,-70.291
5459.763,-70.291
5459.868,-70.291
5459.964,-70.291
5460.074,-70.291
5460.168,-70.291
5460.280,-70.291
5460.376,-70.291
5460.472,-70.291
5460.574,-70.291
5460.679,-70.291
5460.780,-70.291
5460.881,-70.291
5460.969,-70.291
5461.086,-70.291
5461.189,-70.291
5461.290,-70.291
5461.336,-70.291
5461.496,-70.291
5461.599,-70.291
5461.704,-70.291
5461.744,-70.291
5461.839,-70.291
5461.937,-70.291
5462.035,-70.291
5462.141,-70.291
5462.239,-70.291
5462.349,-70.291
5462.440,-70.291
5462.528,-70.291
5462.628,-70.291
5462.729,-70.291
5462.829,-70.291
5462.935,-70.291
5463.042,-70.291
5463.143,-70.291
5463.229,-70.291
5463.331,-70.291
5463.445,-70.291
5463.543,-70.291
5463.633,-70.291
5463.726,-70.291
5463.849,-70.291
5463.954,-70.291
5464.057,-70.291
5464.158,-70.291
5464.278,-70.291
5464.351,-70.291
5464.457,-70.291
5464.567,-70.291
5464.689,-70.291
5464.773,-70.291
5464.873,-70.291
5464.978,-70.291
5465.082,-70.291
5465.180,-70.291
5465.290,-70.291
5465.386,-70.291
5465.423,-70.291
5465.518,-70.291
5465.695,-70.291
5465.792,-70.291
5465.829,-70.291
5465.925,-70.291
5466.035,-70.291
5466.140,-70.291
5466.236,-70.291
5466.332,-70.291
5466.420,-70.291
5466.527,-70.291
5466.625,-70.291
5516.726,-70.291
5516.851,-70.291
5516.932,-70.291
5517.033,-70.291
5517.136,-70.291
5517.229,-70.291
5517.332,-70.291
5517.430,-70.291
5517.530,-70.291
5517.640,-70.291
5517.739,-70.291
5517.859,-70.291
5517.952,-70.291
5518.038,-70.291
5518.163,-70.291
5518.260,-70.291
5518.364,-70.291
5518.467,-70.291
5518.572,-70.291
5518.650,-70.291
5518.761,-70.291
5518.861,-70.291
5518.972,-70.291
5519.055,-70.291
5519.179,-70.291
5519.278,-70.291
5519.312,-70.291
5519.423,-70.291
5519.518,-70.291
5519.609,-70.291
5519.712,-70.291
5519.809,-70.291
5519.910,-70.291
5520.025,-70.291
5520.116,-70.291
5520.226,-70.291
5520.326,-70.291
5520.432,-70.291
5520.525,-70.291
5520.609,-70.291
5520.712,-70.291
5520.815,-70.291
5520.937,-70.291
5521.018,-70.291
5521.116,-70.291
5521.234,-70.291
5521.332,-70.291
5521.430,-70.291
5521.533,-70.291
5521.626,-70.291
5521.736,-70.291
5521.839,-70.291
5521.940,-70.291
5522.045,-70.291
5522.146,-70.291
5522.248,-70.291
5522.363,-70.291
5522.452,-70.291
5522.554,-70.291
5522.658,-70.291
5522.775,-70.291
5522.805,-70.291
5522.969,-70.291
5522.998,-70.291
5523.097,-70.291
5523.206,-70.291
5523.304,-70.291
5523.410,-70.291
5523.511,-70.291
5523.606,-70.291
5523.699,-70.291
5523.876,-70.291
5523.903,-70.291
5523.996,-70.291
5524.119,-70.291
5524.201,-70.291
5524.298,-70.291
5524.417,-70.291
5524.494,-70.291
5524.611,-70.291
5524.707,-70.291
5524.809,-70.291
5524.910,-70.291
5525.025,-70.291
5525.123,-70.291
5525.221,-70.291
5525.320,-70.291
5525.423,-70.291
5525.528,-70.291
5525.628,-70.291
5525.739,-70.291
5525.837,-70.291
5525.935,-70.291
5526.038,-70.291
5526.148,-70.291
5526.244,-70.291
5526.342,-70.291
5526.451,-70.291
5526.548,-70.291
5526.652,-70.291
5576.773,-70.291
5576.790,-70.291
5576.957,-70.291
5577.057,-70.291
5577.138,-70.291
5577.190,-70.291
5577.290,-70.291
5577.400,-70.291
5577.508,-70.291
5577.586,-70.291
5577.687,-70.291
5577.797,-70.291
5577.898,-70.291
5578.001,-70.291
5578.089,-70.291
5578.187,-70.291
5578.290,-70.291
5578.386,-70.291
5578.500,-70.291
5578.609,-70.291
5578.699,-70.291
5578.795,-70.291
5578.918,-70.291
5578.996,-70.291
5579.109,-70.291
5579.212,-70.291
5579.314,-70.291
5579.415,-70.291
5579.518,-70.291
5579.621,-70.291
5579.724,-70.291
5579.829,-70.291
5579.937,-70.291
5580.040,-70.291
5580.131,-70.291
5580.243,-70.291
5580.346,-70.291
5580.449,-70.291
5580.550,-70.291
5580.579,-70.291
5580.677,-70.291
5580.780,-70.291
5580.883,-70.291
5580.981,-70.291
5581.079,-70.291
5581.184,-70.291
5581.275,-70.291
5581.381,-70.291
5581.476,-70.291
5581.574,-70.291
5581.695,-70.291
5581.795,-70.291
5581.891,-70.291
5581.986,-70.291
5582.086,-70.291
5582.180,-70.291
5582.287,-70.291
5582.386,-70.291
5582.489,-70.291
5582.591,-70.291
5582.697,-70.291
5582.797,-70.291
5582.896,-70.291
5583.018,-70.291
5583.106,-70.291
5583.229,-70.291
5583.307,-70.291
5583.386,-70.291
5583.523,-70.291
5583.619,-70.291
5583.717,-70.291
5583.824,-70.291
5583.923,-70.291
5584.025,-70.291
5584.126,-70.291
5584.234,-70.291
5584.268,-70.291
5584.366,-70.291
5584.537,-70.291
5584.638,-70.291
5584.667,-70.291
5584.766,-70.291
5584.869,-70.291
5584.976,-70.291
5585.082,-70.291
5585.182,-70.291
5585.270,-70.291
5585.369,-70.291
5585.466,-70.291
5585.596,-70.291
5585.662,-70.291
5585.783,-70.291
5585.869,-70.291
5585.983,-70.291
5586.082,-70.291
5586.180,-70.291
5586.277,-70.291
5586.371,-70.291
5586.481,-70.291
5586.584,-70.291
5586.697,-70.291
3476.797,-70.291
3476.898,-70.291
3476.996,-70.291
3477.131,-70.291
3477.207,-70.291
3477.304,-70.291
3477.432,-70.291
3477.506,-70.291
3477.619,-70.291
3477.716,-70.291
3477.797,-70.291
3477.915,-70.291
3478.018,-70.291
3478.119,-70.291
3478.167,-70.291
3478.315,-70.291
3478.366,-70.291
3478.464,-70.291
3478.560,-70.291
3478.655,-70.291
3478.758,-70.291
3478.859,-70.291
3478.969,-70.291
3479.065,-70.291
3479.168,-70.291
3479.268,-70.291
3479.356,-70.291
3479.457,-70.291
3479.562,-70.291
3479.655,-70.291
3479.758,-70.291
3479.866,-70.291
3479.951,-70.291
3480.055,-70.291
3480.207,-70.291
3480.266,-70.291
3480.373,-70.291
3480.452,-70.291
3480.577,-70.291
3480.673,-70.291
3480.782,-70.291
3480.881,-70.291
3480.983,-70.291
3481.121,-70.291
3481.192,-70.291
3481.295,-70.291
3481.398,-70.291
3481.518,-70.291
3481.545,-70.291
3481.704,-70.291
3481.807,-70.291
3481.910,-70.291
3482.011,-70.291
3482.113,-70.291
3482.216,-70.291
3482.253,-70.291
3482.349,-70.291
3482.447,-70.291
3482.550,-70.291
3482.653,-70.291
3482.755,-70.291
3482.854,-70.291
3482.944,-70.291
3483.060,-70.291
3483.160,-70.291
3483.263,-70.291
3483.378,-70.291
3483.452,-70.291
3483.555,-70.291
3483.677,-70.291
3483.751,-70.291
3483.863,-70.291
3483.967,-70.291
3484.060,-70.291
3484.138,-70.291
3484.266,-70.291
3484.390,-70.291
3484.481,-70.291
3484.577,-70.291
3484.655,-70.291
3484.739,-70.291
3484.847,-70.291
3484.981,-70.291
3485.084,-70.291
3485.192,-70.291
3485.263,-70.291
3485.390,-70.291
3485.486,-70.291
3485.538,-70.291
3485.638,-70.291
3485.733,-70.291
3485.903,-70.291
3486.008,-70.291
3486.038,-70.291
3486.136,-70.291
3486.251,-70.291
3486.339,-70.291
3486.439,-70.291
3486.543,-70.291
3486.643,-70.291
3536.746,-70.291
3536.849,-70.291
3536.949,-70.291
3537.028,-70.291
3537.131,-70.291
3537.233,-70.291
3537.354,-70.291
3537.442,-70.291
3537.540,-70.291
3537.641,-70.291
3537.763,-70.291
3537.839,-70.291
3537.959,-70.291
3538.057,-70.291
3538.157,-70.291
3538.258,-70.291
3538.361,-70.291
3538.454,-70.291
3538.567,-70.291
3538.668,-70.291
3538.788,-70.291
3538.871,-70.291
3538.974,-70.291
3539.077,-70.291
3539.190,-70.291
3539.233,-70.291
3539.383,-70.291
3539.488,-70.291
3539.601,-70.291
3539.631,-70.291
3539.729,-70.291
3539.837,-70.291
3539.925,-70.291
3540.025,-70.291
3540.123,-70.291
3540.226,-70.291
3540.329,-70.291
3540.440,-70.291
3540.520,-70.291
3540.619,-70.291
3540.726,-70.291
3540.827,-70.291
3540.920,-70.291
3541.030,-70.291
3541.116,-70.291
3541.238,-70.291
3541.341,-70.291
3541.442,-70.291
3541.540,-70.291
3541.636,-70.291
3541.739,-70.291
3541.851,-70.291
3541.947,-70.291
3542.045,-70.291
3542.148,-70.291
3542.251,-70.291
3542.354,-70.291
3542.457,-70.291
3542.523,-70.291
3542.667,-70.291
3542.763,-70.291
3542.866,-70.291
3542.978,-70.291
3543.072,-70.291
3543.175,-70.291
3543.278,-70.291
3543.376,-70.291
3543.481,-70.291
3543.603,-70.291
3543.618,-70.291
3543.716,-70.291
3543.815,-70.291
3543.922,-70.291
3544.013,-70.291
3544.130,-70.291
3544.231,-70.291
3544.337,-70.291
3544.422,-70.291
3544.520,-70.291
3544.626,-70.291
3544.728,-70.291
3544.827,-70.291
3544.929,-70.291
3545.018,-70.291
3545.114,-70.291
3545.207,-70.291
3545.317,-70.291
3545.437,-70.291
3545.508,-70.291
3545.652,-70.291
3545.722,-70.291
3545.849,-70.291
3545.922,-70.291
3546.043,-70.291
3546.143,-70.291
3546.248,-70.291
3546.347,-70.291
3546.449,-70.291
3546.540,-70.291
3546.655,-70.291
3596.758,-70.291
3596.859,-70.291
3596.961,-70.291
3597.065,-70.291
3597.158,-70.291
3597.209,-70.291
3597.305,-70.291
3597.400,-70.291
3597.587,-70.291
3597.611,-70.291
3597.712,-70.291
3597.807,-70.291
3597.920,-70.291
3598.011,-70.291
3598.097,-70.291
3598.216,-70.291
3598.302,-70.291
3598.402,-70.291
3598.503,-70.291
3598.603,-70.291
3598.707,-70.291
3598.815,-70.291
3598.908,-70.291
3599.011,-70.291
3599.114,-70.291
3599.202,-70.291
3599.322,-70.291
3599.432,-70.291
3599.525,-70.291
3599.596,-70.291
3599.717,-70.291
3599.800,-70.291
3599.902,-70.291
3600.023,-70.291
3600.146,-70.291
3600.260,-70.291
3600.332,-70.291
3600.423,-70.291
3600.545,-70.291
3600.653,-70.291
3600.746,-70.291
3600.854,-70.291
3600.952,-70.291
3600.993,-70.291
3601.092,-70.291
3601.190,-70.291
3601.290,-70.291
3601.391,-70.291
3601.491,-70.291
3601.594,-70.291
3601.711,-70.291
3601.798,-70.291
3601.900,-70.291
3602.003,-70.291
3602.097,-70.291
3602.194,-70.291
3602.292,-70.291
3602.391,-70.291
3602.491,-70.291
3602.594,-70.291
3602.697,-70.291
3602.812,-70.291
3602.885,-70.291
3602.991,-70.291
3603.099,-70.291
3603.199,-70.291
3603.320,-70.291
3603.412,-70.291
3603.521,-70.291
3603.609,-70.291
3603.697,-70.291
3603.815,-70.291
3603.935,-70.291
3604.006,-70.291
3604.128,-70.291
3604.231,-70.291
3604.324,-70.291
3604.471,-70.291
3604.543,-70.291
3604.643,-70.291
3604.739,-70.291
3604.780,-70.291
3604.878,-70.291
3604.994,-70.291
3605.077,-70.291
3605.190,-70.291
3605.288,-70.291
3605.386,-70.291
3605.491,-70.291
3605.587,-70.291
3605.687,-70.291
3605.797,-70.291
3605.878,-70.291
3605.976,-70.291
3606.097,-70.291
3606.185,-70.291
3606.283,-70.291
3606.383,-70.291
3606.506,-70.291
3606.587,-70.291
3606.690,-70.291
3656.792,-70.291
3656.900,-70.291
3657.006,-70.291
3657.101,-70.291
3657.202,-70.291
3657.312,-70.291
3657.408,-70.291
3657.516,-70.291
3657.611,-70.291
3657.712,-70.291
3657.817,-70.291
3657.934,-70.291
3658.028,-70.291
3658.126,-70.291
3658.185,-70.291
3658.344,-70.291
3658.373,-70.291
3658.471,-70.291
3658.574,-70.291
3658.668,-70.291
3658.771,-70.291
3658.935,-70.291
3658.986,-70.291
3659.072,-70.291
3659.175,-70.291
3659.273,-70.291
3659.376,-70.291
3659.479,-70.291
3659.582,-70.291
3659.682,-70.291
3659.771,-70.291
3659.871,-70.291
3659.969,-70.291
3660.070,-70.291
3660.182,-70.291
3660.278,-70.291
3660.376,-70.291
3660.472,-70.291
3660.616,-70.291
3660.692,-70.291
3660.790,-70.291
3660.873,-70.291
3661.000,-70.291
3661.101,-70.291
3661.180,-70.291
3661.265,-70.291
3661.364,-70.291
3661.510,-70.291
3661.574,-70.291
3661.716,-70.291
3661.844,-70.291
3661.888,-70.291
3662.021,-70.291
3662.116,-70.291
3662.212,-70.291
3662.263,-70.291
3662.368,-70.291
3662.459,-70.291
3662.555,-70.291
3662.709,-70.291
3662.778,-70.291
3662.859,-70.291
3662.956,-70.291
3663.079,-70.291
3663.170,-70.291
3663.266,-70.291
3663.371,-70.291
3663.472,-70.291
3663.554,-70.291
3663.653,-70.291
3663.755,-70.291
3663.856,-70.291
3663.959,-70.291
3664.062,-70.291
3664.182,-70.291
3664.273,-70.291
3664.371,-70.291
3664.474,-70.291
3664.592,-70.291
3664.677,-70.291
3664.778,-70.291
3664.891,-70.291
3664.986,-70.291
3665.087,-70.291
3665.185,-70.291
3665.283,-70.291
3665.393,-70.291
3665.496,-70.291
3665.599,-70.291
3665.702,-70.291
3665.798,-70.291
3665.907,-70.291
3666.018,-70.291
3666.111,-70.291
3666.212,-70.291
3666.315,-70.291
3666.454,-70.291
3666.457,-70.291
3666.552,-70.291
3666.658,-70.291
3716.753,-70.291
3716.847,-70.291
3716.949,-70.291
3717.045,-70.291
3717.143,-70.291
3717.263,-70.291
3717.359,-70.291
3717.461,-70.291
3717.557,-70.291
3717.652,-70.291
3717.748,-70.291
3717.859,-70.291
3717.962,-70.291
3718.059,-70.291
3718.168,-70.291
3718.270,-70.291
3718.366,-70.291
3718.472,-70.291
3718.592,-70.291
3718.680,-70.291
3718.780,-70.291
3718.878,-70.291
3718.976,-70.291
3719.077,-70.291
3719.184,-70.291
3719.295,-70.291
3719.396,-70.291
3719.491,-70.291
3719.592,-70.291
3719.695,-70.291
3719.739,-70.291
3719.898,-70.291
3719.945,-70.291
3720.033,-70.291
3720.206,-70.291
3720.234,-70.291
3720.332,-70.291
3720.452,-70.291
3720.537,-70.291
3720.638,-70.291
3720.741,-70.291
3720.841,-70.291
3720.947,-70.291
3721.060,-70.291
3721.133,-70.291
3721.231,-70.291
3721.334,-70.291
3721.437,-70.291
3721.530,-70.291
3721.646,-70.291
3721.741,-70.291
3721.847,-70.291
3721.942,-70.291
3722.062,-70.291
3722.160,-70.291
3722.266,-70.291
3722.358,-70.291
3722.459,-70.291
3722.552,-70.291
3722.702,-70.291
3722.775,-70.291
3722.878,-70.291
3723.001,-70.291
3723.076,-70.291
3723.177,-70.291
3723.278,-70.291
3723.381,-70.291
3723.484,-70.291
3723.586,-70.291
3723.790,-70.291
3723.793,-70.291
3723.844,-70.291
3723.934,-70.291
3724.033,-70.291
3724.126,-70.291
3724.239,-70.291
3724.326,-70.291
3724.437,-70.291
3724.542,-70.291
3724.636,-70.291
3724.721,-70.291
3724.839,-70.291
3724.935,-70.291
3725.037,-70.291
3725.130,-70.291
3725.229,-70.291
3725.327,-70.291
3725.435,-70.291
3725.540,-70.291
3725.643,-70.291
3725.739,-70.291
3725.834,-70.291
3725.945,-70.291
3726.050,-70.291
3726.146,-70.291
3726.251,-70.291
3726.353,-70.291
3726.452,-70.291
3726.560,-70.291
3726.677,-70.291
3776.760,-70.291
3776.863,-70.291
3776.967,-70.291
3777.087,-70.291
3777.163,-70.291
3777.273,-70.291
3777.373,-70.291
3777.412,-70.291
3777.581,-70.291
3777.684,-70.291
3777.711,-70.291
3777.824,-70.291
3777.920,-70.291
3778.015,-70.291
3778.114,-70.291
3778.216,-70.291
3778.320,-70.291
3778.422,-70.291
3778.515,-70.291
3778.611,-70.291
3778.744,-70.291
3778.824,-70.291
3778.925,-70.291
3779.008,-70.291
3779.106,-70.291
3779.251,-70.291
3779.324,-70.291
3779.417,-70.291
3779.516,-70.291
3779.614,-70.291
3779.731,-70.291
3779.829,-70.291
3779.951,-70.291
3780.037,-70.291
3780.146,-70.291
3780.244,-70.291
3780.351,-70.291
3780.447,-70.291
3780.545,-70.291
3780.650,-70.291
3780.763,-70.291
3780.891,-70.291
3780.964,-70.291
3781.062,-70.291
3781.165,-70.291
3781.266,-70.291
3781.369,-70.291
3781.452,-70.291
3781.508,-70.291
3781.609,-70.291
3781.709,-70.291
3781.822,-70.291
3781.907,-70.291
3782.016,-70.291
3782.119,-70.291
3782.212,-70.291
3782.298,-70.291
3782.398,-70.291
3782.520,-70.291
3782.601,-70.291
3782.707,-70.291
3782.810,-70.291
3782.923,-70.291
3783.016,-70.291
3783.109,-70.291
3783.204,-70.291
3783.337,-70.291
3783.408,-70.291
3783.520,-70.291
3783.616,-70.291
3783.707,-70.291
3783.826,-70.291
3783.923,-70.291
3784.025,-70.291
3784.138,-70.291
3784.238,-70.291
3784.334,-70.291
3784.440,-70.291
3784.538,-70.291
3784.638,-70.291
3784.761,-70.291
3784.792,-70.291
3784.893,-70.291
3784.996,-70.291
3785.092,-70.291
3785.197,-70.291
3785.300,-70.291
3785.396,-70.291
3785.496,-70.291
3785.594,-70.291
3785.692,-70.291
3785.805,-70.291
3785.898,-70.291
3785.994,-70.291
3786.089,-70.291
3786.189,-70.291
3786.307,-70.291
3786.385,-70.291
3786.496,-70.291
3786.599,-70.291
3786.692,-70.291
4076.795,-70.291
4076.898,-70.291
4077.010,-70.291
4077.108,-70.291
4077.209,-70.291
4077.334,-70.291
4077.410,-70.291
4077.513,-70.291
4077.619,-70.291
4077.702,-70.291
4077.820,-70.291
4077.923,-70.291
4078.027,-70.291
4078.138,-70.291
4078.192,-70.291
4078.292,-70.291
4078.393,-70.291
4078.503,-70.291
4078.609,-70.291
4078.714,-70.291
4078.824,-70.291
4078.957,-70.291
4078.981,-70.291
4079.146,-70.291
4079.195,-70.291
4079.295,-70.291
4079.391,-70.291
4079.489,-70.291
4079.589,-70.291
4079.687,-70.291
4079.785,-70.291
4079.905,-70.291
4079.978,-70.291
4080.074,-70.291
4080.177,-70.291
4080.287,-70.291
4080.390,-70.291
4080.486,-70.291
4080.584,-70.291
4080.687,-70.291
4080.783,-70.291
4080.900,-70.291
4081.010,-70.291
4081.096,-70.291
4081.201,-70.291
4081.307,-70.291
4081.420,-70.291
4081.518,-70.291
4081.614,-70.291
4081.709,-70.291
4081.814,-70.291
4081.915,-70.291
4082.037,-70.291
4082.111,-70.291
4082.246,-70.291
4082.334,-70.291
4082.496,-70.291
4082.498,-70.291
4082.572,-70.291
4082.728,-70.291
4082.780,-70.291
4082.869,-70.291
4082.984,-70.291
4083.067,-70.291
4083.187,-70.291
4083.283,-70.291
4083.378,-70.291
4083.476,-70.291
4083.582,-70.291
4083.668,-70.291
4083.785,-70.291
4083.886,-70.291
4083.972,-70.291
4084.069,-70.291
4084.168,-70.291
4084.271,-70.291
4084.386,-70.291
4084.488,-70.291
4084.582,-70.291
4084.707,-70.291
4084.783,-70.291
4084.888,-70.291
4084.986,-70.291
4085.099,-70.291
4085.195,-70.291
4085.295,-70.291
4085.420,-70.291
4085.464,-70.291
4085.606,-70.291
4085.709,-70.291
4085.785,-70.291
4085.920,-70.291
4086.021,-70.291
4086.116,-70.291
4086.226,-70.291
4086.324,-70.291
4086.422,-70.291
4086.521,-70.291
4086.562,-70.291
4086.660,-70.291
4136.758,-70.291
4136.935,-70.291
4136.967,-70.291
4137.094,-70.291
4137.163,-70.291
4137.258,-70.291
4137.371,-70.291
4137.476,-70.291
4137.565,-70.291
4137.668,-70.291
4137.768,-70.291
4137.876,-70.291
4137.957,-70.291
4138.060,-70.291
4138.158,-70.291
4138.258,-70.291
4138.358,-70.291
4138.472,-70.291
4138.567,-70.291
4138.673,-70.291
4138.771,-70.291
4138.881,-70.291
4138.989,-70.291
4139.118,-70.291
4139.195,-70.291
4139.295,-70.291
4139.393,-70.291
4139.506,-70.291
4139.603,-70.291
4139.701,-70.291
4139.802,-70.291
4139.902,-70.291
4140.008,-70.291
4140.103,-70.291
4140.216,-70.291
4140.314,-70.291
4140.417,-70.291
4140.444,-70.291
4140.619,-70.291
4140.655,-70.291
4140.751,-70.291
4140.849,-70.291
4140.956,-70.291
4141.052,-70.291
4141.148,-70.291
4141.270,-70.291
4141.342,-70.291
4141.442,-70.291
4141.540,-70.291
4141.665,-70.291
4141.753,-70.291
4141.849,-70.291
4141.949,-70.291
4142.057,-70.291
4142.160,-70.291
4142.268,-70.291
4142.351,-70.291
4142.462,-70.291
4142.577,-70.291
4142.660,-70.291
4142.770,-70.291
4142.856,-70.291
4142.978,-70.291
4143.086,-70.291
4143.185,-70.291
4143.282,-70.291
4143.383,-70.291
4143.505,-70.291
4143.597,-70.291
4143.699,-70.291
4143.797,-70.291
4143.915,-70.291
4143.998,-70.291
4144.099,-70.291
4144.204,-70.291
4144.239,-70.291
4144.334,-70.291
4144.435,-70.291
4144.535,-70.291
4144.641,-70.291
4144.739,-70.291
4144.842,-70.291
4144.945,-70.291
4145.048,-70.291
4145.152,-70.291
4145.234,-70.291
4145.342,-70.291
4145.435,-70.291
4145.535,-70.291
4145.638,-70.291
4145.753,-70.291
4145.853,-70.291
4145.954,-70.291
4146.077,-70.291
4146.153,-70.291
4146.256,-70.291
4146.354,-70.291
4146.454,-70.291
4146.579,-70.291
4146.670,-70.291
4196.771,-70.291
4196.829,-70.291
4196.937,-70.291
4197.040,-70.291
4197.141,-70.291
4197.275,-70.291
4197.347,-70.291
4197.451,-70.291
4197.589,-70.291
4197.660,-70.291
4197.790,-70.291
4197.915,-70.291
4197.932,-70.291
4198.021,-70.291
4198.128,-70.291
4198.226,-70.291
4198.331,-70.291
4198.427,-70.291
4198.530,-70.291
4198.648,-70.291
4198.739,-70.291
4198.839,-70.291
4198.937,-70.291
4199.025,-70.291
4199.128,-70.291
4199.226,-70.291
4199.326,-70.291
4199.435,-70.291
4199.537,-70.291
4199.633,-70.291
4199.753,-70.291
4199.844,-70.291
4199.947,-70.291
4200.043,-70.291
4200.163,-70.291
4200.246,-70.291
4200.356,-70.291
4200.452,-70.291
4200.557,-70.291
4200.655,-70.291
4200.756,-70.291
4200.861,-70.291
4200.967,-70.291
4201.072,-70.291
4201.170,-70.291
4201.273,-70.291
4201.371,-70.291
4201.472,-70.291
4201.591,-70.291
4201.680,-70.291
4201.782,-70.291
4201.812,-70.291
4201.912,-70.291
4202.025,-70.291
4202.123,-70.291
4202.224,-70.291
4202.324,-70.291
4202.430,-70.291
4202.506,-70.291
4202.616,-70.291
4202.714,-70.291
4202.820,-70.291
4202.917,-70.291
4203.013,-70.291
4203.113,-70.291
4203.209,-70.291
4203.339,-70.291
4203.427,-70.291
4203.525,-70.291
4203.628,-70.291
4203.728,-70.291
4203.839,-70.291
4203.934,-70.291
4204.038,-70.291
4204.136,-70.291
4204.239,-70.291
4204.342,-70.291
4204.445,-70.291
4204.548,-70.291
4204.652,-70.291
4204.751,-70.291
4204.854,-70.291
4204.967,-70.291
4205.065,-70.291
4205.162,-70.291
4205.265,-70.291
4205.302,-70.291
4205.472,-70.291
4205.570,-70.291
4205.679,-70.291
4205.704,-70.291
4205.807,-70.291
4205.912,-70.291
4206.000,-70.291
4206.114,-70.291
4206.219,-70.291
4206.320,-70.291
4206.410,-70.291
4206.523,-70.291
4206.609,-70.291
4206.707,-70.291
4256.807,-70.291
4256.895,-70.291
4257.021,-70.291
4257.106,-70.291
4257.209,-70.291
4257.312,-70.291
4257.413,-70.291
4257.516,-70.291
4257.621,-70.291
4257.724,-70.291
4257.861,-70.291
4257.934,-70.291
4258.028,-70.291
4258.126,-70.291
4258.248,-70.291
4258.344,-70.291
4258.442,-70.291
4258.543,-70.291
4258.646,-70.291
4258.750,-70.291
4258.847,-70.291
4258.951,-70.291
4259.052,-70.291
4259.155,-70.291
4259.258,-70.291
4259.361,-70.291
4259.391,-70.291
4259.489,-70.291
4259.589,-70.291
4259.699,-70.291
4259.795,-70.291
4259.895,-70.291
4259.996,-70.291
4260.087,-70.291
4260.209,-70.291
4260.307,-70.291
4260.410,-70.291
4260.491,-70.291
4260.589,-70.291
4260.689,-70.291
4260.792,-70.291
4260.896,-70.291
4261.000,-70.291
4261.109,-70.291
4261.214,-70.291
4261.310,-70.291
4261.393,-70.291
4261.511,-70.291
4261.601,-70.291
4261.685,-70.291
4261.809,-70.291
4261.925,-70.291
4262.021,-70.291
4262.119,-70.291
4262.217,-70.291
4262.304,-70.291
4262.423,-70.291
4262.510,-70.291
4262.613,-70.291
4262.677,-70.291
4262.842,-70.291
4262.937,-70.291
4262.983,-70.291
4263.079,-70.291
4263.244,-70.291
4263.295,-70.291
4263.388,-70.291
4263.484,-70.291
4263.589,-70.291
4263.690,-70.291
4263.795,-70.291
4263.891,-70.291
4263.988,-70.291
4264.084,-70.291
4264.180,-70.291
4264.277,-70.291
4264.376,-70.291
4264.496,-70.291
4264.616,-70.291
4264.690,-70.291
4264.820,-70.291
4264.891,-70.291
4264.993,-70.291
4265.094,-70.291
4265.195,-70.291
4265.300,-70.291
4265.410,-70.291
4265.506,-70.291
4265.599,-70.291
4265.719,-70.291
4265.820,-70.291
4265.922,-70.291
4266.013,-70.291
4266.116,-70.291
4266.250,-70.291
4266.334,-70.291
4266.430,-70.291
4266.530,-70.291
4266.628,-70.291
4316.731,-70.291
4316.839,-70.291
4316.866,-70.291
4316.996,-70.291
4317.072,-70.291
4317.175,-70.291
4317.283,-70.291
4317.427,-70.291
4317.476,-70.291
4317.574,-70.291
4317.677,-70.291
4317.783,-70.291
4317.878,-70.291
4317.974,-70.291
4318.074,-70.291
4318.172,-70.291
4318.271,-70.291
4318.375,-70.291
4318.496,-70.291
4318.579,-70.291
4318.680,-70.291
4318.788,-70.291
4318.861,-70.291
4318.988,-70.291
4319.089,-70.291
4319.190,-70.291
4319.300,-70.291
4319.398,-70.291
4319.503,-70.291
4319.599,-70.291
4319.702,-70.291
4319.812,-70.291
4319.915,-70.291
4320.011,-70.291
4320.119,-70.291
4320.222,-70.291
4320.332,-70.291
4320.427,-70.291
4320.523,-70.291
4320.633,-70.291
4320.658,-70.291
4320.766,-70.291
4320.864,-70.291
4320.962,-70.291
4321.067,-70.291
4321.172,-70.291
4321.271,-70.291
4321.373,-70.291
4321.457,-70.291
4321.579,-70.291
4321.673,-70.291
4321.755,-70.291
4321.858,-70.291
4321.959,-70.291
4322.059,-70.291
4322.168,-70.291
4322.261,-70.291
4322.368,-70.291
4322.469,-70.291
4322.581,-70.291
4322.677,-70.291
4322.773,-70.291
4322.868,-70.291
4322.961,-70.291
4323.067,-70.291
4323.150,-70.291
4323.288,-70.291
4323.391,-70.291
4323.486,-70.291
4323.589,-70.291
4323.684,-70.291
4323.773,-70.291
4323.903,-70.291
4324.010,-70.291
4324.047,-70.291
4324.211,-70.291
4324.310,-70.291
4324.444,-70.291
4324.609,-70.291
4324.660,-70.291
4324.760,-70.291
4324.856,-70.291
4324.957,-70.291
4325.057,-70.291
4325.153,-70.291
4325.255,-70.291
4325.358,-70.291
4325.439,-70.291
4325.548,-70.291
4325.645,-70.291
4325.746,-70.291
4325.871,-70.291
4325.947,-70.291
4326.050,-70.291
4326.155,-70.291
4326.261,-70.291
4326.361,-70.291
4326.464,-70.291
4326.581,-70.291
4326.673,-70.291
4376.780,-70.291
4376.876,-70.291
4376.947,-70.291
4377.035,-70.291
4377.136,-70.291
4377.315,-70.291
4377.342,-70.291
4377.445,-70.291
4377.548,-70.291
4377.650,-70.291
4377.760,-70.291
4377.910,-70.291
4377.937,-70.291
4378.094,-70.291
4378.195,-70.291
4378.295,-70.291
4378.347,-70.291
4378.440,-70.291
4378.538,-70.291
4378.638,-70.291
4378.734,-70.291
4378.829,-70.291
4378.949,-70.291
4379.047,-70.291
4379.153,-70.291
4379.228,-70.291
4379.327,-70.291
4379.434,-70.291
4379.533,-70.291
4379.636,-70.291
4379.741,-70.291
4379.849,-70.291
4379.951,-70.291
4380.050,-70.291
4380.148,-70.291
4380.256,-70.291
4380.354,-70.291
4380.457,-70.291
4380.557,-70.291
4380.665,-70.291
4380.766,-70.291
4380.864,-70.291
4380.989,-70.291
4381.079,-70.291
4381.173,-70.291
4381.275,-70.291
4381.378,-70.291
4381.472,-70.291
4381.579,-70.291
4381.682,-70.291
4381.724,-70.291
4381.822,-70.291
4381.994,-70.291
4382.030,-70.291
4382.119,-70.291
4382.221,-70.291
4382.324,-70.291
4382.422,-70.291
4382.528,-70.291
4382.631,-70.291
4382.719,-70.291
4382.826,-70.291
4382.929,-70.291
4383.030,-70.291
4383.116,-70.291
4383.219,-70.291
4383.315,-70.291
4383.425,-70.291
4383.521,-70.291
4383.660,-70.291
4383.719,-70.291
4383.841,-70.291
4383.944,-70.291
4384.040,-70.291
4384.148,-70.291
4384.244,-70.291
4384.354,-70.291
4384.452,-70.291
4384.555,-70.291
4384.665,-70.291
4384.758,-70.291
4384.863,-70.291
4384.969,-70.291
4385.077,-70.291
4385.175,-70.291
4385.270,-70.291
4385.371,-70.291
4385.472,-70.291
4385.577,-70.291
4385.679,-70.291
4385.709,-70.291
4385.815,-70.291
4385.910,-70.291
4386.010,-70.291
4386.190,-70.291
4386.219,-70.291
4386.319,-70.291
4386.420,-70.291
4386.527,-70.291
4386.626,-70.291
4676.724,-70.291
4676.822,-70.291
4676.908,-70.291
4677.010,-70.291
4677.114,-70.291
4677.236,-70.291
4677.324,-70.291
4677.420,-70.291
4677.523,-70.291
4677.604,-70.291
4677.716,-70.291
4677.829,-70.291
4677.915,-70.291
4678.021,-70.291
4678.123,-70.291
4678.224,-70.291
4678.304,-70.291
4678.403,-70.291
4678.548,-70.291
4678.618,-70.291
4678.751,-70.291
4678.824,-70.291
4678.947,-70.291
4679.028,-70.291
4679.099,-70.291
4679.263,-70.291
4679.364,-70.291
4679.459,-70.291
4679.508,-70.291
4679.677,-70.291
4679.707,-70.291
4679.810,-70.291
4679.913,-70.291
4680.010,-70.291
4680.111,-70.291
4680.214,-70.291
4680.310,-70.291
4680.413,-70.291
4680.498,-70.291
4680.594,-70.291
4680.694,-70.291
4680.805,-70.291
4680.913,-70.291
4681.008,-70.291
4681.106,-70.291
4681.214,-70.291
4681.324,-70.291
4681.420,-70.291
4681.521,-70.291
4681.616,-70.291
4681.722,-70.291
4681.824,-70.291
4681.949,-70.291
4682.013,-70.291
4682.133,-70.291
4682.233,-70.291
4682.331,-70.291
4682.400,-70.291
4682.508,-70.291
4682.641,-70.291
4682.711,-70.291
4682.854,-70.291
4682.927,-70.291
4683.070,-70.291
4683.189,-70.291
4683.190,-70.291
4683.373,-70.291
4683.402,-70.291
4683.486,-70.291
4683.601,-70.291
4683.697,-70.291
4683.793,-70.291
4683.896,-70.291
4683.991,-70.291
4684.089,-70.291
4684.185,-70.291
4684.290,-70.291
4684.385,-70.291
4684.493,-70.291
4684.589,-70.291
4684.699,-70.291
4684.797,-70.291
4684.902,-70.291
4684.998,-70.291
4685.099,-70.291
4685.202,-70.291
4685.320,-70.291
4685.407,-70.291
4685.510,-70.291
4685.618,-70.291
4685.734,-70.291
4685.815,-70.291
4685.918,-70.291
4686.021,-70.291
4686.126,-70.291
4686.226,-70.291
4686.332,-70.291
4686.423,-70.291
4686.535,-70.291
4686.635,-70.291
4736.738,-70.291
4736.839,-70.291
4736.945,-70.291
4737.054,-70.291
4737.082,-70.291
4737.185,-70.291
4737.282,-70.291
4737.383,-70.291
4737.484,-70.291
4737.574,-70.291
4737.690,-70.291
4737.792,-70.291
4737.896,-70.291
4737.994,-70.291
4738.074,-70.291
4738.189,-70.291
4738.275,-70.291
4738.376,-70.291
4738.479,-70.291
4738.574,-70.291
4738.687,-70.291
4738.788,-70.291
4738.896,-70.291
4738.996,-70.291
4739.074,-70.291
4739.197,-70.291
4739.304,-70.291
4739.432,-70.291
4739.506,-70.291
4739.609,-70.291
4739.707,-70.291
4739.802,-70.291
4739.910,-70.291
4740.015,-70.291
4740.099,-70.291
4740.222,-70.291
4740.320,-70.291
4740.422,-70.291
4740.525,-70.291
4740.630,-70.291
4740.726,-70.291
4740.766,-70.291
4740.937,-70.291
4740.964,-70.291
4741.064,-70.291
4741.167,-70.291
4741.271,-70.291
4741.369,-70.291
4741.479,-70.291
4741.569,-70.291
4741.680,-70.291
4741.782,-70.291
4741.883,-70.291
4741.962,-70.291
4742.062,-70.291
4742.170,-70.291
4742.273,-70.291
4742.375,-70.291
4742.474,-70.291
4742.576,-70.291
4742.670,-70.291
4742.778,-70.291
4742.864,-70.291
4742.984,-70.291
4743.087,-70.291
4743.175,-70.291
4743.278,-70.291
4743.364,-70.291
4743.466,-70.291
4743.570,-70.291
4743.673,-70.291
4743.819,-70.291
4743.885,-70.291
4744.010,-70.291
4744.111,-70.291
4744.219,-70.291
4744.322,-70.291
4744.418,-70.291
4744.510,-70.291
4744.554,-70.291
4744.650,-70.291
4744.755,-70.291
4744.935,-70.291
4744.962,-70.291
4745.060,-70.291
4745.158,-70.291
4745.268,-70.291
4745.371,-70.291
4745.469,-70.291
4745.567,-70.291
4745.657,-70.291
4745.753,-70.291
4745.856,-70.291
4745.954,-70.291
4746.059,-70.291
4746.160,-70.291
4746.258,-70.291
4746.347,-70.291
4746.466,-70.291
4746.567,-70.291
4746.670,-70.291
4796.760,-70.291
4796.881,-70.291
4796.979,-70.291
4797.084,-70.291
4797.182,-70.291
4797.292,-70.291
4797.388,-70.291
4797.494,-70.291
4797.594,-70.291
4797.697,-70.291
4797.817,-70.291
4797.898,-70.291
4798.005,-70.291
4798.106,-70.291
4798.231,-70.291
4798.312,-70.291
4798.373,-70.291
4798.449,-70.291
4798.552,-70.291
4798.646,-70.291
4798.756,-70.291
4798.858,-70.291
4798.949,-70.291
4799.050,-70.291
4799.150,-70.291
4799.250,-70.291
4799.361,-70.291
4799.442,-70.291
4799.538,-70.291
4799.653,-70.291
4799.743,-70.291
4799.839,-70.291
4799.942,-70.291
4800.067,-70.291
4800.160,-70.291
4800.256,-70.291
4800.356,-70.291
4800.461,-70.291
4800.562,-70.291
4800.663,-70.291
4800.773,-70.291
4800.876,-70.291
4800.972,-70.291
4801.081,-70.291
4801.182,-70.291
4801.280,-70.291
4801.332,-70.291
4801.493,-70.291
4801.592,-70.291
4801.694,-70.291
4801.790,-70.291
4801.903,-70.291
4801.934,-70.291
4802.037,-70.291
4802.228,-70.291
4802.305,-70.291
4802.334,-70.291
4802.434,-70.291
4802.533,-70.291
4802.633,-70.291
4802.738,-70.291
4802.837,-70.291
4803.021,-70.291
4803.048,-70.291
4803.146,-70.291
4803.248,-70.291
4803.331,-70.291
4803.442,-70.291
4803.540,-70.291
4803.640,-70.291
4803.743,-70.291
4803.839,-70.291
4803.935,-70.291
4804.064,-70.291
4804.153,-70.291
4804.251,-70.291
4804.353,-70.291
4804.476,-70.291
4804.557,-70.291
4804.658,-70.291
4804.761,-70.291
4804.871,-70.291
4804.967,-70.291
4805.074,-70.291
4805.175,-70.291
4805.278,-70.291
4805.398,-70.291
4805.476,-70.291
4805.579,-70.291
4805.684,-70.291
4805.792,-70.291
4805.822,-70.291
4805.927,-70.291
4806.092,-70.291
4806.121,-70.291
4806.217,-70.291
4806.337,-70.291
4806.425,-70.291
4806.521,-70.291
4806.638,-70.291
4856.734,-70.291
4856.837,-70.291
4856.935,-70.291
4857.028,-70.291
4857.131,-70.291
4857.228,-70.291
4857.320,-70.291
4857.417,-70.291
4857.525,-70.291
4857.633,-70.291
4857.739,-70.291
4857.832,-70.291
4857.940,-70.291
4858.043,-70.291
4858.152,-70.291
4858.251,-70.291
4858.351,-70.291
4858.451,-70.291
4858.560,-70.291
4858.658,-70.291
4858.758,-70.291
4858.842,-70.291
4858.961,-70.291
4859.060,-70.291
4859.163,-70.291
4859.261,-70.291
4859.368,-70.291
4859.462,-70.291
4859.579,-70.291
4859.680,-70.291
4859.778,-70.291
4859.807,-70.291
4859.989,-70.291
4860.018,-70.291
4860.114,-70.291
4860.217,-70.291
4860.312,-70.291
4860.427,-70.291
4860.518,-70.291
4860.619,-70.291
4860.722,-70.291
4860.810,-70.291
4860.910,-70.291
4861.010,-70.291
4861.125,-70.291
4861.248,-70.291
4861.315,-70.291
4861.417,-70.291
4861.518,-70.291
4861.626,-70.291
4861.724,-70.291
4861.826,-70.291
4861.923,-70.291
4862.023,-70.291
4862.150,-70.291
4862.236,-70.291
4862.334,-70.291
4862.442,-70.291
4862.562,-70.291
4862.635,-70.291
4862.756,-70.291
4862.854,-70.291
4862.954,-70.291
4863.048,-70.291
4863.158,-70.291
4863.260,-70.291
4863.298,-70.291
4863.464,-70.291
4863.557,-70.291
4863.670,-70.291
4863.697,-70.291
4863.804,-70.291
4863.900,-70.291
4864.011,-70.291
4864.103,-70.291
4864.199,-70.291
4864.305,-70.291
4864.400,-70.291
4864.496,-70.291
4864.597,-70.291
4864.724,-70.291
4864.800,-70.291
4864.905,-70.291
4865.010,-70.291
4865.099,-70.291
4865.234,-70.291
4865.307,-70.291
4865.415,-70.291
4865.503,-70.291
4865.614,-70.291
4865.717,-70.291
4865.824,-70.291
4865.927,-70.291
4866.030,-70.291
4866.104,-70.291
4866.236,-70.291
4866.295,-70.291
4866.403,-70.291
4866.503,-70.291
4866.606,-70.291
4916.741,-70.291
4916.812,-70.291
4916.945,-70.291
4917.048,-70.291
4917.145,-70.291
4917.241,-70.291
4917.295,-70.291
4917.388,-70.291
4917.484,-70.291
4917.587,-70.291
4917.687,-70.291
4917.788,-70.291
4917.886,-70.291
4917.991,-70.291
4918.103,-70.291
4918.204,-70.291
4918.283,-70.291
4918.398,-70.291
4918.486,-70.291
4918.584,-70.291
4918.687,-70.291
4918.810,-70.291
4918.893,-70.291
4918.994,-70.291
4919.097,-70.291
4919.202,-70.291
4919.302,-70.291
4919.403,-70.291
4919.506,-70.291
4919.614,-70.291
4919.712,-70.291
4919.812,-70.291
4919.918,-70.291
4920.015,-70.291
4920.136,-70.291
4920.236,-70.291
4920.283,-70.291
4920.391,-70.291
4920.498,-70.291
4920.646,-70.291
4920.702,-70.291
4920.829,-70.291
4920.944,-70.291
4921.043,-70.291
4921.146,-70.291
4921.173,-70.291
4921.349,-70.291
4921.378,-70.291
4921.481,-70.291
4921.584,-70.291
4921.680,-70.291
4921.777,-70.291
4921.873,-70.291
4921.996,-70.291
4922.074,-70.291
4922.185,-70.291
4922.283,-70.291
4922.380,-70.291
4922.484,-70.291
4922.581,-70.291
4922.682,-70.291
4922.807,-70.291
4922.878,-70.291
4922.981,-70.291
4923.084,-70.291
4923.173,-70.291
4923.297,-70.291
4923.398,-70.291
4923.494,-70.291
4923.603,-70.291
4923.706,-70.291
4923.807,-70.291
4923.910,-70.291
4924.023,-70.291
4924.119,-70.291
4924.221,-70.291
4924.322,-70.291
4924.420,-70.291
4924.525,-70.291
4924.648,-70.291
4924.663,-70.291
4924.831,-70.291
4924.930,-70.291
4925.011,-70.291
4925.065,-70.291
4925.168,-70.291
4925.265,-70.291
4925.381,-70.291
4925.474,-70.291
4925.577,-70.291
4925.673,-70.291
4925.773,-70.291
4925.878,-70.291
4925.981,-70.291
4926.082,-70.291
4926.162,-70.291
4926.266,-70.291
4926.373,-70.291
4926.481,-70.291
4926.559,-70.291
4926.660,-70.291
4976.782,-70.291
4976.895,-70.291
4976.967,-70.291
4977.059,-70.291
4977.185,-70.291
4977.290,-70.291
4977.396,-70.291
4977.498,-70.291
4977.584,-70.291
4977.701,-70.291
4977.802,-70.291
4977.923,-70.291
4978.008,-70.291
4978.106,-70.291
4978.216,-70.291
4978.322,-70.291
4978.415,-70.291
4978.511,-70.291
4978.626,-70.291
4978.655,-70.291
4978.756,-70.291
4978.932,-70.291
4978.962,-70.291
4979.055,-70.291
4979.163,-70.291
4979.260,-70.291
4979.361,-70.291
4979.464,-70.291
4979.565,-70.291
4979.665,-70.291
4979.766,-70.291
4979.849,-70.291
4979.954,-70.291
4980.055,-70.291
4980.158,-70.291
4980.261,-70.291
4980.361,-70.291
4980.462,-70.291
4980.570,-70.291
4980.667,-70.291
4980.771,-70.291
4980.895,-70.291
4980.983,-70.291
4981.081,-70.291
4981.180,-70.291
4981.258,-70.291
4981.361,-70.291
4981.447,-70.291
4981.548,-70.291
4981.652,-70.291
4981.751,-70.291
4981.896,-70.291
4981.964,-70.291
4982.089,-70.291
4982.173,-70.291
4982.295,-70.291
4982.380,-70.291
4982.483,-70.291
4982.542,-70.291
4982.655,-70.291
4982.753,-70.291
4982.907,-70.291
4982.959,-70.291
4983.050,-70.291
4983.150,-70.291
4983.244,-70.291
4983.347,-70.291
4983.466,-70.291
4983.540,-70.291
4983.636,-70.291
4983.760,-70.291
4983.846,-70.291
4983.954,-70.291
4984.050,-70.291
4984.152,-70.291
4984.253,-70.291
4984.356,-70.291
4984.454,-70.291
4984.569,-70.291
4984.668,-70.291
4984.768,-70.291
4984.866,-70.291
4984.981,-70.291
4985.079,-70.291
4985.180,-70.291
4985.305,-70.291
4985.376,-70.291
4985.483,-70.291
4985.587,-70.291
4985.668,-70.291
4985.795,-70.291
4985.891,-70.291
4986.003,-70.291
4986.094,-70.291
4986.192,-70.291
4986.295,-70.291
4986.408,-70.291
4986.503,-70.291
4986.532,-70.291
4986.633,-70.291
5276.734,-70.291
5276.842,-70.291
5276.940,-70.291
5277.050,-70.291
5277.140,-70.291
5277.233,-70.291
5277.334,-70.291
5277.434,-70.291
5277.552,-70.291
5277.657,-70.291
5277.734,-70.291
5277.832,-70.291
5277.935,-70.291
5278.037,-70.291
5278.133,-70.291
5278.248,-70.291
5278.332,-70.291
5278.452,-70.291
5278.552,-70.291
5278.657,-70.291
5278.753,-70.291
5278.856,-70.291
5278.979,-70.291
5279.067,-70.291
5279.170,-70.291
5279.270,-70.291
5279.344,-70.291
5279.481,-70.291
5279.579,-70.291
5279.685,-70.291
5279.782,-70.291
5279.883,-70.291
5279.986,-70.291
5280.079,-70.291
5280.130,-70.291
5280.226,-70.291
5280.393,-70.291
5280.423,-70.291
5280.518,-70.291
5280.623,-70.291
5280.726,-70.291
5280.817,-70.291
5280.932,-70.291
5281.035,-70.291
5281.118,-70.291
5281.228,-70.291
5281.322,-70.291
5281.423,-70.291
5281.565,-70.291
5281.614,-70.291
5281.714,-70.291
5281.837,-70.291
5281.934,-70.291
5282.016,-70.291
5282.114,-70.291
5282.212,-70.291
5282.344,-70.291
5282.430,-70.291
5282.540,-70.291
5282.643,-70.291
5282.761,-70.291
5282.858,-70.291
5282.954,-70.291
5283.081,-70.291
5283.158,-70.291
5283.263,-70.291
5283.376,-70.291
5283.427,-70.291
5283.572,-70.291
5283.670,-70.291
5283.771,-70.291
5283.812,-70.291
5283.910,-70.291
5284.006,-70.291
5284.111,-70.291
5284.209,-70.291
5284.312,-70.291
5284.422,-70.291
5284.505,-70.291
5284.616,-70.291
5284.719,-70.291
5284.805,-70.291
5284.915,-70.291
5285.037,-70.291
5285.111,-70.291
5285.239,-70.291
5285.309,-70.291
5285.408,-70.291
5285.521,-70.291
5285.630,-70.291
5285.726,-70.291
5285.824,-70.291
5285.925,-70.291
5286.032,-70.291
5286.131,-70.291
5286.229,-70.291
5286.342,-70.291
5286.423,-70.291
5286.501,-70.291
5286.606,-70.291
5336.753,-70.291
5336.812,-70.291
5336.910,-70.291
5337.076,-70.291
5337.128,-70.291
5337.253,-70.291
5337.349,-70.291
5337.402,-70.291
5337.579,-70.291
5337.653,-70.291
5337.704,-70.291
5337.859,-70.291
5337.988,-70.291
5338.013,-70.291
5338.109,-70.291
5338.204,-70.291
5338.307,-70.291
5338.412,-70.291
5338.510,-70.291
5338.594,-70.291
5338.697,-70.291
5338.793,-70.291
5338.915,-70.291
5339.005,-70.291
5339.106,-70.291
5339.229,-70.291
5339.327,-70.291
5339.398,-70.291
5339.516,-70.291
5339.609,-70.291
5339.719,-70.291
5339.826,-70.291
5339.923,-70.291
5340.016,-70.291
5340.123,-70.291
5340.244,-70.291
5340.351,-70.291
5340.430,-70.291
5340.489,-70.291
5340.592,-70.291
5340.751,-70.291
5340.800,-70.291
5340.910,-70.291
5341.042,-70.291
5341.163,-70.291
5341.246,-70.291
5341.344,-70.291
5341.447,-70.291
5341.488,-70.291
5341.652,-70.291
5341.753,-70.291
5341.805,-70.291
5341.891,-70.291
5341.994,-70.291
5342.089,-70.291
5342.192,-70.291
5342.290,-70.291
5342.395,-70.291
5342.501,-70.291
5342.591,-70.291
5342.685,-70.291
5342.785,-70.291
5342.888,-70.291
5343.001,-70.291
5343.101,-70.291
5343.197,-70.291
5343.324,-70.291
5343.405,-70.291
5343.505,-70.291
5343.609,-70.291
5343.704,-70.291
5343.810,-70.291
5343.913,-70.291
5344.015,-70.291
5344.104,-70.291
5344.224,-70.291
5344.324,-70.291
5344.427,-70.291
5344.523,-70.291
5344.630,-70.291
5344.731,-70.291
5344.841,-70.291
5344.942,-70.291
5345.037,-70.291
5345.136,-70.291
5345.239,-70.291
5345.347,-70.291
5345.373,-70.291
5345.472,-70.291
5345.574,-70.291
5345.684,-70.291
5345.785,-70.291
5345.896,-70.291
5345.976,-70.291
5346.074,-70.291
5346.175,-70.291
5346.271,-70.291
5346.376,-70.291
5346.479,-70.291
5346.582,-70.291
5346.675,-70.291
5396.783,-70.291
5396.868,-70.291
5396.998,-70.291
5397.087,-70.291
5397.209,-70.291
5397.282,-70.291
5397.391,-70.291
5397.494,-70.291
5397.597,-70.291
5397.697,-70.291
5397.807,-70.291
5397.907,-70.291
5398.016,-70.291
5398.109,-70.291
5398.216,-70.291
5398.315,-70.291
5398.415,-70.291
5398.520,-70.291
5398.621,-70.291
5398.726,-70.291
5398.837,-70.291
5398.927,-70.291
5399.028,-70.291
5399.136,-70.291
5399.165,-70.291
5399.273,-70.291
5399.369,-70.291
5399.467,-70.291
5399.572,-70.291
5399.670,-70.291
5399.770,-70.291
5399.881,-70.291
5399.976,-70.291
5400.079,-70.291
5400.165,-70.291
5400.273,-70.291
5400.375,-70.291
5400.462,-70.291
5400.579,-70.291
5400.675,-70.291
5400.763,-70.291
5400.886,-70.291
5400.979,-70.291
5401.087,-70.291
5401.180,-70.291
5401.288,-70.291
5401.385,-70.291
5401.481,-70.291
5401.581,-70.291
5401.675,-70.291
5401.798,-70.291
5401.896,-70.291
5401.994,-70.291
5402.101,-70.291
5402.214,-70.291
5402.314,-70.291
5402.420,-70.291
5402.520,-70.291
5402.552,-70.291
5402.719,-70.291
5402.751,-70.291
5402.851,-70.291
5403.028,-70.291
5403.060,-70.291
5403.160,-70.291
5403.271,-70.291
5403.363,-70.291
5403.464,-70.291
5403.564,-70.291
5403.662,-70.291
5403.763,-70.291
5403.866,-70.291
5403.983,-70.291
5404.048,-70.291
5404.155,-70.291
5404.256,-70.291
5404.349,-70.291
5404.461,-70.291
5404.560,-70.291
5404.663,-70.291
5404.763,-70.291
5404.869,-70.291
5404.969,-70.291
5405.084,-70.291
5405.177,-70.291
5405.280,-70.291
5405.378,-70.291
5405.496,-70.291
5405.592,-70.291
5405.648,-70.291
5405.753,-70.291
5405.859,-70.291
5405.959,-70.291
5406.067,-70.291
5406.197,-70.291
5406.300,-70.291
5406.413,-70.291
5406.440,-70.291
5406.599,-70.291
5406.650,-70.291
5456.815,-70.291
5456.844,-70.291
5456.947,-70.291
5457.045,-70.291
5457.153,-70.291
5457.248,-70.291
5457.359,-70.291
5457.457,-70.291
5457.557,-70.291
5457.657,-70.291
5457.744,-70.291
5457.839,-70.291
5457.939,-70.291
5458.042,-70.291
5458.143,-70.291
5458.248,-70.291
5458.354,-70.291
5458.461,-70.291
5458.560,-70.291
5458.660,-70.291
5458.760,-70.291
5458.871,-70.291
5458.967,-70.291
5459.072,-70.291
5459.170,-70.291
5459.271,-70.291
5459.381,-70.291
5459.434,-70.291
5459.589,-70.291
5459.643,-70.291
5459.790,-70.291
5459.907,-70.291
5460.003,-70.291
5460.030,-70.291
5460.131,-70.291
5460.229,-70.291
5460.386,-70.291
5460.437,-70.291
5460.535,-70.291
5460.630,-70.291
5460.734,-70.291
5460.834,-70.291
5460.940,-70.291
5461.035,-70.291
5461.136,-70.291
5461.239,-70.291
5461.332,-70.291
5461.442,-70.291
5461.525,-70.291
5461.631,-70.291
5461.744,-70.291
5461.829,-70.291
5461.930,-70.291
5462.038,-70.291
5462.136,-70.291
5462.241,-70.291
5462.369,-70.291
5462.444,-70.291
5462.548,-70.291
5462.648,-70.291
5462.751,-70.291
5462.847,-70.291
5462.956,-70.291
5463.067,-70.291
5463.195,-70.291
5463.271,-70.291
5463.376,-70.291
5463.479,-70.291
5463.584,-70.291
5463.682,-70.291
5463.778,-70.291
5463.905,-70.291
5463.984,-70.291
5464.081,-70.291
5464.138,-70.291
5464.226,-70.291
5464.388,-70.291
5464.418,-70.291
5464.523,-70.291
5464.640,-70.291
5464.717,-70.291
5464.820,-70.291
5464.918,-70.291
5465.042,-70.291
5465.114,-70.291
5465.214,-70.291
5465.312,-70.291
5465.413,-70.291
5465.513,-70.291
5465.616,-70.291
5465.741,-70.291
5465.824,-70.291
5465.937,-70.291
5466.052,-70.291
5466.153,-70.291
5466.233,-70.291
5466.344,-70.291
5466.447,-70.291
5466.547,-70.291
5466.673,-70.291
5516.753,-70.291
5516.856,-70.291
5516.961,-70.291
5517.059,-70.291
5517.165,-70.291
5517.265,-70.291
5517.388,-70.291
5517.461,-70.291
5517.579,-70.291
5517.667,-70.291
5517.768,-70.291
5517.885,-70.291
5517.913,-70.291
5518.015,-70.291
5518.114,-70.291
5518.214,-70.291
5518.315,-70.291
5518.410,-70.291
5518.511,-70.291
5518.613,-70.291
5518.707,-70.291
5518.861,-70.291
5518.910,-70.291
5519.099,-70.291
5519.101,-70.291
5519.217,-70.291
5519.312,-70.291
5519.418,-70.291
5519.503,-70.291
5519.603,-70.291
5519.717,-70.291
5519.829,-70.291
5519.925,-70.291
5520.023,-70.291
5520.123,-70.291
5520.250,-70.291
5520.347,-70.291
5520.442,-70.291
5520.535,-70.291
5520.636,-70.291
5520.743,-70.291
5520.841,-70.291
5520.947,-70.291
5521.050,-70.291
5521.150,-70.291
5521.258,-70.291
5521.353,-70.291
5521.457,-70.291
5521.576,-70.291
5521.667,-70.291
5521.694,-70.291
5521.868,-70.291
5521.896,-70.291
5522.013,-70.291
5522.094,-70.291
5522.204,-70.291
5522.300,-70.291
5522.400,-70.291
5522.503,-70.291
5522.604,-70.291
5522.726,-70.291
5522.792,-70.291
5522.898,-70.291
5523.021,-70.291
5523.092,-70.291
5523.201,-70.291
5523.307,-70.291
5523.405,-70.291
5523.506,-70.291
5523.614,-70.291
5523.717,-70.291
5523.829,-70.291
5523.895,-70.291
5524.016,-70.291
5524.118,-70.291
5524.194,-70.291
5524.329,-70.291
5524.388,-70.291
5524.494,-70.291
5524.606,-70.291
5524.724,-70.291
5524.834,-70.291
5524.937,-70.291
5525.043,-70.291
5525.140,-70.291
5525.244,-70.291
5525.366,-70.291
5525.449,-70.291
5525.570,-70.291
5525.665,-70.291
5525.682,-70.291
5525.788,-70.291
5525.885,-70.291
5525.988,-70.291
5526.101,-70.291
5526.197,-70.291
5526.293,-70.291
5526.400,-70.291
5526.479,-70.291
5526.601,-70.291
5526.682,-70.291
5576.790,-70.291
5576.881,-70.291
5576.984,-70.291
5577.087,-70.291
5577.199,-70.291
5577.298,-70.291
5577.393,-70.291
5577.501,-70.291
5577.614,-70.291
5577.714,-70.291
5577.810,-70.291
5577.915,-70.291
5578.013,-70.291
5578.111,-70.291
5578.238,-70.291
5578.329,-70.291
5578.423,-70.291
5578.521,-70.291
5578.623,-70.291
5578.728,-70.291
5578.827,-70.291
5578.930,-70.291
5578.974,-70.291
5579.141,-70.291
5579.236,-70.291
5579.339,-70.291
5579.381,-70.291
5579.476,-70.291
5579.574,-70.291
5579.672,-70.291
5579.777,-70.291
5579.890,-70.291
5579.974,-70.291
5580.074,-70.291
5580.192,-70.291
5580.298,-70.291
5580.388,-70.291
5580.474,-70.291
5580.569,-70.291
5580.689,-70.291
5580.778,-70.291
5580.880,-70.291
5580.978,-70.291
5581.074,-70.291
5581.175,-70.291
5581.293,-70.291
5581.413,-70.291
5581.489,-70.291
5581.592,-70.291
5581.695,-70.291
5581.798,-70.291
5581.913,-70.291
5582.003,-70.291
5582.104,-70.291
5582.226,-70.291
5582.324,-70.291
5582.420,-70.291
5582.516,-70.291
5582.616,-70.291
5582.719,-70.291
5582.822,-70.291
5582.923,-70.291
5583.015,-70.291
5583.060,-70.291
5583.231,-70.291
5583.332,-70.291
5583.435,-70.291
5583.464,-70.291
5583.562,-70.291
5583.663,-70.291
5583.775,-70.291
5583.876,-70.291
5583.972,-70.291
5584.074,-70.291
5584.160,-70.291
5584.258,-70.291
5584.359,-70.291
5584.461,-70.291
5584.560,-70.291
5584.672,-70.291
5584.802,-70.291
5584.875,-70.291
5584.964,-70.291
5585.074,-70.291
5585.175,-70.291
5585.278,-70.291
5585.400,-70.291
5585.474,-70.291
5585.587,-70.291
5585.694,-70.291
5585.793,-70.291
5585.895,-70.291
5586.000,-70.291
5586.099,-70.291
5586.201,-70.291
5586.322,-70.291
5586.418,-70.291
5586.516,-70.291
5586.621,-70.291
5876.734,-70.291
5876.807,-70.291
5876.952,-70.291
5876.954,-70.291
5877.059,-70.291
5877.150,-70.291
5877.253,-70.291
5877.359,-70.291
5877.464,-70.291
5877.565,-70.291
5877.663,-70.291
5877.768,-70.291
5877.864,-70.291
5877.966,-70.291
5878.067,-70.291
5878.185,-70.291
5878.248,-70.291
5878.371,-70.291
5878.452,-70.291
5878.572,-70.291
5878.668,-70.291
5878.765,-70.291
5878.863,-70.291
5878.949,-70.291
5879.052,-70.291
5879.153,-70.291
5879.263,-70.291
5879.347,-70.291
5879.467,-70.291
5879.552,-70.291
5879.675,-70.291
5879.777,-70.291
5879.871,-70.291
5879.998,-70.291
5880.082,-70.291
5880.185,-70.291
5880.305,-70.291
5880.410,-70.291
5880.437,-70.291
5880.604,-70.291
5880.706,-70.291
5880.802,-70.291
5880.910,-70.291
5880.940,-70.291
5881.037,-70.291
5881.138,-70.291
5881.243,-70.291
5881.344,-70.291
5881.467,-70.291
5881.557,-70.291
5881.655,-70.291
5881.753,-70.291
5881.837,-70.291
5881.972,-70.291
5882.045,-70.291
5882.141,-70.291
5882.251,-70.291
5882.346,-70.291
5882.447,-70.291
5882.570,-70.291
5882.660,-70.291
5882.756,-70.291
5882.856,-70.291
5882.937,-70.291
5883.032,-70.291
5883.133,-70.291
5883.233,-70.291
5883.332,-70.291
5883.440,-70.291
5883.572,-70.291
5883.645,-70.291
5883.748,-70.291
5883.849,-70.291
5883.974,-70.291
5884.057,-70.291
5884.197,-70.291
5884.270,-70.291
5884.407,-70.291
5884.486,-70.291
5884.528,-70.291
5884.699,-70.291
5884.728,-70.291
5884.844,-70.291
5884.940,-70.291
5885.047,-70.291
5885.143,-70.291
5885.241,-70.291
5885.337,-70.291
5885.435,-70.291
5885.533,-70.291
5885.628,-70.291
5885.726,-70.291
5885.827,-70.291
5885.929,-70.291
5886.030,-70.291
5886.133,-70.291
5886.246,-70.291
5886.337,-70.291
5886.442,-70.291
5886.543,-70.291
5886.657,-70.291
5936.755,-70.291
5936.853,-70.291
5936.952,-70.291
5937.072,-70.291
5937.168,-70.291
5937.263,-70.291
5937.322,-70.291
5937.467,-70.291
5937.525,-70.291
5937.668,-70.291
5937.743,-70.291
5937.875,-70.291
5937.978,-70.291
5938.028,-70.291
5938.177,-70.291
5938.275,-70.291
5938.327,-70.291
5938.415,-70.291
5938.516,-70.291
5938.618,-70.291
5938.721,-70.291
5938.819,-70.291
5938.930,-70.291
5939.028,-70.291
5939.126,-70.291
5939.231,-70.291
5939.331,-70.291
5939.427,-70.291
5939.523,-70.291
5939.623,-70.291
5939.719,-70.291
5939.820,-70.291
5939.923,-70.291
5940.033,-70.291
5940.133,-70.291
5940.229,-70.291
5940.332,-70.291
5940.434,-70.291
5940.545,-70.291
5940.655,-70.291
5940.741,-70.291
5940.847,-70.291
5940.957,-70.291
5941.067,-70.291
5941.187,-70.291
5941.261,-70.291
5941.366,-70.291
5941.459,-70.291
5941.560,-70.291
5941.663,-70.291
5941.758,-70.291
5941.868,-70.291
5941.971,-70.291
5942.081,-70.291
5942.170,-70.291
5942.278,-70.291
5942.302,-70.291
5942.405,-70.291
5942.516,-70.291
5942.616,-70.291
5942.721,-70.291
5942.817,-70.291
5942.903,-70.291
5943.018,-70.291
5943.121,-70.291
5943.228,-70.291
5943.312,-70.291
5943.413,-70.291
5943.500,-70.291
5943.608,-70.291
5943.704,-70.291
5943.804,-70.291
5943.923,-70.291
5944.008,-70.291
5944.130,-70.291
5944.226,-70.291
5944.331,-70.291
5944.437,-70.291
5944.535,-70.291
5944.633,-70.291
5944.744,-70.291
5944.842,-70.291
5944.940,-70.291
5945.065,-70.291
5945.155,-70.291
5945.253,-70.291
5945.354,-70.291
5945.452,-70.291
5945.554,-70.291
5945.655,-70.291
5945.758,-70.291
5945.800,-70.291
5945.964,-70.291
5945.998,-70.291
5946.096,-70.291
5946.194,-70.291
5946.295,-70.291
5946.398,-70.291
5946.501,-70.291
5946.603,-70.291
5946.706,-70.291
5996.807,-70.291
5996.903,-70.291
5997.013,-70.291
5997.091,-70.291
5997.192,-70.291
5997.315,-70.291
5997.410,-70.291
5997.508,-70.291
5997.603,-70.291
5997.714,-70.291
5997.815,-70.291
5997.908,-70.291
5998.005,-70.291
5998.116,-70.291
5998.194,-70.291
5998.342,-70.291
5998.422,-70.291
5998.505,-70.291
5998.626,-70.291
5998.690,-70.291
5998.798,-70.291
5998.925,-70.291
5999.011,-70.291
5999.152,-70.291
5999.214,-70.291
5999.336,-70.291
5999.435,-70.291
5999.548,-70.291
5999.643,-70.291
5999.744,-70.291
5999.793,-70.291
5999.890,-70.291
5999.981,-70.291
6000.103,-70.291
6000.255,-70.291
6000.283,-70.291
6000.402,-70.291
6000.500,-70.291
6000.601,-70.291
6000.702,-70.291
6000.800,-70.291
6000.880,-70.291
6000.989,-70.291
6001.086,-70.291
6001.187,-70.291
6001.314,-70.291
6001.402,-70.291
6001.498,-70.291
6001.597,-70.291
6001.680,-70.291
6001.800,-70.291
6001.905,-70.291
6002.018,-70.291
6002.119,-70.291
6002.216,-70.291
6002.312,-70.291
6002.417,-70.291
6002.528,-70.291
6002.626,-70.291
6002.724,-70.291
6002.827,-70.291
6002.927,-70.291
6003.030,-70.291
6003.148,-70.291
6003.234,-70.291
6003.337,-70.291
6003.440,-70.291
6003.562,-70.291
6003.643,-70.291
6003.675,-70.291
6003.771,-70.291
6003.886,-70.291
6003.979,-70.291
6004.079,-70.291
6004.170,-70.291
6004.293,-70.291
6004.371,-70.291
6004.491,-70.291
6004.574,-70.291
6004.670,-70.291
6004.778,-70.291
6004.885,-70.291
6004.989,-70.291
6005.069,-70.291
6005.180,-70.291
6005.273,-70.291
6005.402,-70.291
6005.489,-70.291
6005.584,-70.291
6005.684,-70.291
6005.795,-70.291
6005.888,-70.291
6005.972,-70.291
6006.089,-70.291
6006.204,-70.291
6006.300,-70.291
6006.386,-70.291
6006.501,-70.291
6006.597,-70.291
6056.717,-70.291
6056.827,-70.291
6056.905,-70.291
6057.023,-70.291
6057.119,-70.291
6057.239,-70.291
6057.268,-70.291
6057.364,-70.291
6057.461,-70.291
6057.562,-70.291
6057.673,-70.291
6057.771,-70.291
6057.866,-70.291
6057.967,-70.291
6058.070,-70.291
6058.175,-70.291
6058.297,-70.291
6058.361,-70.291
6058.459,-70.291
6058.560,-70.291
6058.663,-70.291
6058.788,-70.291
6058.869,-70.291
6058.972,-70.291
6059.074,-70.291
6059.177,-70.291
6059.277,-70.291
6059.396,-70.291
6059.484,-70.291
6059.587,-70.291
6059.692,-70.291
6059.765,-70.291
6059.898,-70.291
6059.996,-70.291
6060.096,-70.291
6060.202,-70.291
6060.300,-70.291
6060.359,-70.291
6060.500,-70.291
6060.570,-70.291
6060.714,-70.291
6060.773,-70.291
6060.915,-70.291
6060.986,-70.291
6061.050,-70.291
6061.153,-70.291
6061.258,-70.291
6061.356,-70.291
6061.459,-70.291
6061.552,-70.291
6061.670,-70.291
6061.763,-70.291
6061.869,-70.291
6061.971,-70.291
6062.060,-70.291
6062.160,-70.291
6062.280,-70.291
6062.349,-70.291
6062.452,-70.291
6062.552,-70.291
6062.658,-70.291
6062.760,-70.291
6062.861,-70.291
6062.964,-70.291
6063.074,-70.291
6063.168,-70.291
6063.271,-70.291
6063.373,-70.291
6063.486,-70.291
6063.584,-70.291
6063.707,-70.291
6063.782,-70.291
6063.876,-70.291
6063.986,-70.291
6064.089,-70.291
6064.175,-70.291
6064.253,-70.291
6064.356,-70.291
6064.464,-70.291
6064.543,-70.291
6064.641,-70.291
6064.743,-70.291
6064.844,-70.291
6065.003,-70.291
6065.054,-70.291
6065.138,-70.291
6065.238,-70.291
6065.347,-70.291
6065.447,-70.291
6065.545,-70.291
6065.646,-70.291
6065.736,-70.291
6065.856,-70.291
6065.957,-70.291
6066.035,-70.291
6066.138,-70.291
6066.239,-70.291
6066.341,-70.291
6066.452,-70.291
6066.548,-70.291
6066.648,-70.291
6116.751,-70.291
6116.861,-70.291
6116.956,-70.291
6117.060,-70.291
6117.160,-70.291
6117.263,-70.291
6117.373,-70.291
6117.484,-70.291
6117.572,-70.291
6117.673,-70.291
6117.775,-70.291
6117.895,-70.291
6117.989,-70.291
6118.043,-70.291
6118.141,-70.291
6118.244,-70.291
6118.347,-70.291
6118.449,-70.291
6118.530,-70.291
6118.633,-70.291
6118.731,-70.291
6118.913,-70.291
6118.969,-70.291
6119.028,-70.291
6119.136,-70.291
6119.234,-70.291
6119.344,-70.291
6119.437,-70.291
6119.540,-70.291
6119.643,-70.291
6119.733,-70.291
6119.831,-70.291
6119.934,-70.291
6120.057,-70.291
6120.123,-70.291
6120.226,-70.291
6120.334,-70.291
6120.422,-70.291
6120.540,-70.291
6120.641,-70.291
6120.744,-70.291
6120.861,-70.291
6120.979,-70.291
6121.052,-70.291
6121.160,-70.291
6121.293,-70.291
6121.364,-70.291
6121.464,-70.291
6121.572,-70.291
6121.670,-70.291
6121.770,-70.291
6121.893,-70.291
6121.981,-70.291
6122.081,-70.291
6122.180,-70.291
6122.260,-70.291
6122.385,-70.291
6122.491,-70.291
6122.520,-70.291
6122.630,-70.291
6122.719,-70.291
6122.826,-70.291
6122.927,-70.291
6123.021,-70.291
6123.133,-70.291
6123.234,-70.291
6123.408,-70.291
6123.437,-70.291
6123.528,-70.291
6123.626,-70.291
6123.729,-70.291
6123.817,-70.291
6123.913,-70.291
6124.016,-70.291
6124.143,-70.291
6124.229,-70.291
6124.329,-70.291
6124.432,-70.291
6124.533,-70.291
6124.631,-70.291
6124.731,-70.291
6124.841,-70.291
6124.923,-70.291
6125.023,-70.291
6125.146,-70.291
6125.246,-70.291
6125.388,-70.291
6125.437,-70.291
6125.569,-70.291
6125.660,-70.291
6125.795,-70.291
6125.866,-70.291
6125.981,-70.291
6126.008,-70.291
6126.175,-70.291
6126.273,-70.291
6126.378,-70.291
6126.405,-70.291
6126.582,-70.291
6126.609,-70.291
6126.707,-70.291
6176.810,-70.291
6176.913,-70.291
6177.094,-70.291
6177.123,-70.291
6177.222,-70.291
6177.322,-70.291
6177.405,-70.291
6177.503,-70.291
6177.613,-70.291
6177.712,-70.291
6177.820,-70.291
6177.915,-70.291
6178.016,-70.291
6178.141,-70.291
6178.231,-70.291
6178.327,-70.291
6178.425,-70.291
6178.508,-70.291
6178.646,-70.291
6178.741,-70.291
6178.841,-70.291
6178.945,-70.291
6179.042,-70.291
6179.143,-70.291
6179.202,-70.291
6179.310,-70.291
6179.442,-70.291
6179.516,-70.291
6179.628,-70.291
6179.750,-70.291
6179.849,-70.291
6179.902,-70.291
6180.001,-70.291
6180.157,-70.291
6180.207,-70.291
6180.390,-70.291
6180.395,-70.291
6180.513,-70.291
6180.599,-70.291
6180.714,-70.291
6180.876,-70.291
6180.907,-70.291
6181.003,-70.291
6181.104,-70.291
6181.226,-70.291
6181.297,-70.291
6181.398,-70.291
6181.518,-70.291
6181.592,-70.291
6181.712,-70.291
6181.817,-70.291
6181.905,-70.291
6182.021,-70.291
6182.143,-70.291
6182.206,-70.291
6182.319,-70.291
6182.425,-70.291
6182.552,-70.291
6182.611,-70.291
6182.733,-70.291
6182.829,-70.291
6182.930,-70.291
6183.035,-70.291
6183.136,-70.291
6183.238,-70.291
6183.329,-70.291
6183.451,-70.291
6183.547,-70.291
6183.657,-70.291
6183.751,-70.291
6183.853,-70.291
6183.949,-70.291
6184.067,-70.291
6184.094,-70.291
6184.190,-70.291
6184.290,-70.291
6184.390,-70.291
6184.503,-70.291
6184.599,-70.291
6184.697,-70.291
6184.802,-70.291
6184.900,-70.291
6185.003,-70.291
6185.099,-70.291
6185.195,-70.291
6185.295,-70.291
6185.393,-70.291
6185.491,-70.291
6185.582,-70.291
6185.695,-70.291
6185.790,-70.291
6185.903,-70.291
6186.003,-70.291
6186.099,-70.291
6186.199,-70.291
6186.319,-70.291
6186.418,-70.291
6186.513,-70.291
6186.638,-70.291
6186.709,-70.291
6476.831,-70.291
6476.927,-70.291
6477.028,-70.291
6477.130,-70.291
6477.231,-70.291
6477.329,-70.291
6477.435,-70.291
6477.540,-70.291
6477.641,-70.291
6477.744,-70.291
6477.775,-70.291
6477.875,-70.291
6477.978,-70.291
6478.087,-70.291
6478.184,-70.291
6478.278,-70.291
6478.381,-70.291
6478.500,-70.291
6478.574,-70.291
6478.675,-70.291
6478.798,-70.291
6478.885,-70.291
6478.989,-70.291
6479.109,-70.291
6479.187,-70.291
6479.271,-70.291
6479.391,-70.291
6479.481,-70.291
6479.592,-70.291
6479.689,-70.291
6479.790,-70.291
6479.902,-70.291
6479.979,-70.291
6480.101,-70.291
6480.199,-70.291
6480.314,-70.291
6480.413,-70.291
6480.510,-70.291
6480.604,-70.291
6480.706,-70.291
6480.815,-70.291
6480.918,-70.291
6481.020,-70.291
6481.123,-70.291
6481.226,-70.291
6481.331,-70.291
6481.371,-70.291
6481.464,-70.291
6481.562,-70.291
6481.665,-70.291
6481.761,-70.291
6481.863,-70.291
6481.966,-70.291
6482.072,-70.291
6482.175,-70.291
6482.273,-70.291
6482.376,-70.291
6482.472,-70.291
6482.560,-70.291
6482.658,-70.291
6482.763,-70.291
6482.864,-70.291
6482.967,-70.291
6483.067,-70.291
6483.170,-70.291
6483.278,-70.291
6483.376,-70.291
6483.472,-70.291
6483.574,-70.291
6483.684,-70.291
6483.785,-70.291
6483.886,-70.291
6483.989,-70.291
6484.060,-70.291
6484.160,-70.291
6484.310,-70.291
6484.366,-70.291
6484.466,-70.291
6484.572,-70.291
6484.724,-70.291
6484.770,-70.291
6484.854,-70.291
6484.952,-70.291
6485.116,-70.291
6485.214,-70.291
6485.312,-70.291
6485.412,-70.291
6485.454,-70.291
6485.557,-70.291
6485.658,-70.291
6485.832,-70.291
6485.861,-70.291
6485.966,-70.291
6486.047,-70.291
6486.173,-70.291
6486.256,-70.291
6486.353,-70.291
6486.457,-70.291
6486.587,-70.291
6486.660,-70.291
6536.783,-70.291
6536.858,-70.291
6536.959,-70.291
6537.062,-70.291
6537.163,-70.291
6537.251,-70.291
6537.369,-70.291
6537.462,-70.291
6537.574,-70.291
6537.687,-70.291
6537.785,-70.291
6537.883,-70.291
6538.011,-70.291
6538.092,-70.291
6538.145,-70.291
6538.290,-70.291
6538.400,-70.291
6538.456,-70.291
6538.559,-70.291
6538.660,-70.291
6538.744,-70.291
6538.839,-70.291
6538.942,-70.291
6539.045,-70.291
6539.202,-70.291
6539.255,-70.291
6539.337,-70.291
6539.457,-70.291
6539.554,-70.291
6539.650,-70.291
6539.748,-70.291
6539.849,-70.291
6539.949,-70.291
6540.043,-70.291
6540.153,-70.291
6540.236,-70.291
6540.337,-70.291
6540.442,-70.291
6540.582,-70.291
6540.653,-70.291
6540.750,-70.291
6540.854,-70.291
6540.971,-70.291
6541.067,-70.291
6541.167,-70.291
6541.261,-70.291
6541.364,-70.291
6541.466,-70.291
6541.567,-70.291
6541.660,-70.291
6541.773,-70.291
6541.873,-70.291
6541.976,-70.291
6542.072,-70.291
6542.182,-70.291
6542.285,-70.291
6542.396,-70.291
6542.500,-70.291
6542.599,-70.291
6542.628,-70.291
6542.807,-70.291
6542.837,-70.291
6542.932,-70.291
6543.028,-70.291
6543.131,-70.291
6543.238,-70.291
6543.344,-70.291
6543.445,-70.291
6543.545,-70.291
6543.648,-70.291
6543.746,-70.291
6543.923,-70.291
6543.927,-70.291
6544.027,-70.291
6544.131,-70.291
6544.234,-70.291
6544.344,-70.291
6544.442,-70.291
6544.540,-70.291
6544.646,-70.291
6544.729,-70.291
6544.832,-70.291
6544.940,-70.291
6545.038,-70.291
6545.143,-70.291
6545.246,-70.291
6545.334,-70.291
6545.449,-70.291
6545.548,-70.291
6545.706,-70.291
6545.755,-70.291
6545.876,-70.291
6545.972,-70.291
6546.072,-70.291
6546.185,-70.291
6546.280,-70.291
6546.380,-70.291
6546.484,-70.291
6546.586,-70.291
6546.706,-70.291
6596.807,-70.291
6596.824,-70.291
6596.918,-70.291
6597.018,-70.291
6597.119,-70.291
6597.217,-70.291
6597.326,-70.291
6597.427,-70.291
6597.543,-70.291
6597.614,-70.291
6597.736,-70.291
6597.812,-70.291
6597.932,-70.291
6598.033,-70.291
6598.131,-70.291
6598.228,-70.291
6598.334,-70.291
6598.459,-70.291
6598.532,-70.291
6598.643,-70.291
6598.717,-70.291
6598.837,-70.291
6598.940,-70.291
6599.057,-70.291
6599.133,-70.291
6599.277,-70.291
6599.380,-70.291
6599.423,-70.291
6599.543,-70.291
6599.631,-70.291
6599.790,-70.291
6599.834,-70.291
6599.954,-70.291
6600.006,-70.291
6600.141,-70.291
6600.271,-70.291
6600.380,-70.291
6600.407,-70.291
6600.508,-70.291
6600.672,-70.291
6600.724,-70.291
6600.820,-70.291
6600.917,-70.291
6601.013,-70.291
6601.114,-70.291
6601.216,-70.291
6601.320,-70.291
6601.423,-70.291
6601.535,-70.291
6601.608,-70.291
6601.707,-70.291
6601.809,-70.291
6601.912,-70.291
6602.020,-70.291
6602.123,-70.291
6602.226,-70.291
6602.320,-70.291
6602.432,-70.291
6602.533,-70.291
6602.628,-70.291
6602.731,-70.291
6602.832,-70.291
6602.934,-70.291
6603.055,-70.291
6603.148,-70.291
6603.268,-70.291
6603.344,-70.291
6603.420,-70.291
6603.557,-70.291
6603.653,-70.291
6603.753,-70.291
6603.856,-70.291
6603.959,-70.291
6604.018,-70.291
6604.096,-70.291
6604.202,-70.291
6604.302,-70.291
6604.407,-70.291
6604.493,-70.291
6604.594,-70.291
6604.699,-70.291
6604.795,-70.291
6604.915,-70.291
6605.013,-70.291
6605.109,-70.291
6605.211,-70.291
6605.302,-70.291
6605.396,-70.291
6605.494,-70.291
6605.597,-70.291
6605.699,-70.291
6605.802,-70.291
6605.903,-70.291
6606.013,-70.291
6606.119,-70.291
6606.219,-70.291
6606.317,-70.291
6606.427,-70.291
6606.528,-70.291
6606.626,-70.291
6656.734,-70.291
6656.834,-70.291
6656.937,-70.291
6657.042,-70.291
6657.141,-70.291
6657.241,-70.291
6657.342,-70.291
6657.440,-70.291
6657.543,-70.291
6657.646,-70.291
6657.746,-70.291
6657.849,-70.291
6657.952,-70.291
6658.006,-70.291
6658.157,-70.291
6658.199,-70.291
6658.287,-70.291
6658.383,-70.291
6658.488,-70.291
6658.599,-70.291
6658.702,-70.291
6658.802,-70.291
6658.898,-70.291
6659.001,-70.291
6659.103,-70.291
6659.180,-70.291
6659.300,-70.291
6659.396,-70.291
6659.488,-70.291
6659.584,-70.291
6659.712,-70.291
6659.787,-70.291
6659.888,-70.291
6659.979,-70.291
6660.079,-70.291
6660.199,-70.291
6660.300,-70.291
6660.403,-70.291
6660.515,-70.291
6660.614,-70.291
6660.719,-70.291
6660.817,-70.291
6660.920,-70.291
6661.023,-70.291
6661.138,-70.291
6661.228,-70.291
6661.332,-70.291
6661.427,-70.291
6661.550,-70.291
6661.577,-70.291
6661.741,-70.291
6661.844,-70.291
6661.875,-70.291
6661.972,-70.291
6662.072,-70.291
6662.192,-70.291
6662.288,-70.291
6662.385,-70.291
6662.481,-70.291
6662.581,-70.291
6662.685,-70.291
6662.788,-70.291
6662.890,-70.291
6662.976,-70.291
6663.074,-70.291
6663.182,-70.291
6663.288,-70.291
6663.388,-70.291
6663.494,-70.291
6663.594,-70.291
6663.712,-70.291
6663.775,-70.291
6663.896,-70.291
6664.003,-70.291
6664.123,-70.291
6664.199,-70.291
6664.300,-70.291
6664.403,-70.291
6664.516,-70.291
6664.613,-70.291
6664.719,-70.291
6664.839,-70.291
6664.915,-70.291
6665.016,-70.291
6665.119,-70.291
6665.226,-70.291
6665.324,-70.291
6665.420,-70.291
6665.548,-70.291
6665.565,-70.291
6665.660,-70.291
6665.837,-70.291
6665.871,-70.291
6665.961,-70.291
6666.065,-70.291
6666.167,-70.291
6666.285,-70.291
6666.376,-70.291
6666.474,-70.291
6666.577,-70.291
6666.680,-70.291
6716.758,-70.291
6716.859,-70.291
6716.962,-70.291
6717.065,-70.291
6717.167,-70.291
6717.268,-70.291
6717.388,-70.291
6717.476,-70.291
6717.581,-70.291
6717.697,-70.291
6717.822,-70.291
6717.896,-70.291
6717.972,-70.291
6718.089,-70.291
6718.163,-70.291
6718.295,-70.291
6718.366,-70.291
6718.489,-70.291
6718.574,-70.291
6718.695,-70.291
6718.795,-70.291
6718.900,-70.291
6719.001,-70.291
6719.054,-70.291
6719.226,-70.291
6719.312,-70.291
6719.440,-70.291
6719.513,-70.291
6719.565,-70.291
6719.660,-70.291
6719.761,-70.291
6719.863,-70.291
6719.959,-70.291
6720.070,-70.291
6720.170,-70.291
6720.275,-70.291
6720.371,-70.291
6720.469,-70.291
6720.548,-70.291
6720.652,-70.291
6720.763,-70.291
6720.861,-70.291
6720.962,-70.291
6721.086,-70.291
6721.163,-70.291
6721.263,-70.291
6721.373,-70.291
6721.498,-70.291
6721.570,-70.291
6721.673,-70.291
6721.797,-70.291
6721.891,-70.291
6721.986,-70.291
6722.084,-70.291
6722.207,-70.291
6722.288,-70.291
6722.390,-70.291
6722.491,-70.291
6722.601,-70.291
6722.701,-70.291
6722.763,-70.291
6722.866,-70.291
6722.969,-70.291
6723.047,-70.291
6723.146,-70.291
6723.315,-70.291
6723.339,-70.291
6723.437,-70.291
6723.559,-70.291
6723.658,-70.291
6723.755,-70.291
6723.854,-70.291
6723.957,-70.291
6724.042,-70.291
6724.138,-70.291
6724.236,-70.291
6724.336,-70.291
6724.437,-70.291
6724.540,-70.291
6724.641,-70.291
6724.736,-70.291
6724.875,-70.291
6724.949,-70.291
6725.052,-70.291
6725.155,-70.291
6725.256,-70.291
6725.359,-70.291
6725.471,-70.291
6725.565,-70.291
6725.667,-70.291
6725.768,-70.291
6725.883,-70.291
6725.979,-70.291
6726.104,-70.291
6726.177,-70.291
6726.280,-70.291
6726.383,-70.291
6726.496,-70.291
6726.574,-70.291
6726.643,-70.291
6776.820,-70.291
6776.851,-70.291
6776.959,-70.291
6777.035,-70.291
6777.133,-70.291
6777.239,-70.291
6777.332,-70.291
6777.439,-70.291
6777.528,-70.291
6777.724,-70.291
6777.728,-70.291
6777.846,-70.291
6777.944,-70.291
6778.045,-70.291
6778.126,-70.291
6778.226,-70.291
6778.369,-70.291
6778.435,-70.291
6778.533,-70.291
6778.657,-70.291
6778.728,-70.291
6778.847,-70.291
6778.947,-70.291
6779.055,-70.291
6779.148,-70.291
6779.261,-70.291
6779.359,-70.291
6779.457,-70.291
6779.557,-70.291
6779.660,-70.291
6779.761,-70.291
6779.881,-70.291
6779.994,-70.291
6780.069,-70.291
6780.172,-70.291
6780.275,-70.291
6780.376,-70.291
6780.479,-70.291
6780.582,-70.291
6780.616,-70.291
6780.719,-70.291
6780.890,-70.291
6780.917,-70.291
6781.030,-70.291
6781.128,-70.291
6781.229,-70.291
6781.324,-70.291
6781.425,-70.291
6781.527,-70.291
6781.641,-70.291
6781.721,-70.291
6781.820,-70.291
6781.918,-70.291
6782.028,-70.291
6782.155,-70.291
6782.221,-70.291
6782.322,-70.291
6782.415,-70.291
6782.547,-70.291
6782.621,-70.291
6782.741,-70.291
6782.834,-70.291
6782.937,-70.291
6783.043,-70.291
6783.143,-70.291
6783.244,-70.291
6783.349,-70.291
6783.449,-70.291
6783.559,-70.291
6783.662,-70.291
6783.766,-70.291
6783.864,-70.291
6783.972,-70.291
6784.076,-70.291
6784.177,-70.291
6784.293,-70.291
6784.310,-70.291
6784.483,-70.291
6784.516,-70.291
6784.613,-70.291
6784.707,-70.291
6784.837,-70.291
6784.915,-70.291
6785.027,-70.291
6785.116,-70.291
6785.212,-70.291
6785.315,-70.291
6785.418,-70.291
6785.521,-70.291
6785.604,-70.291
6785.712,-70.291
6785.805,-70.291
6785.922,-70.291
6786.047,-70.291
6786.153,-70.291
6786.207,-70.291
6786.307,-70.291
6786.418,-70.291
6786.542,-70.291
6786.606,-70.291
7076.726,-70.291
7076.822,-70.291
7076.934,-70.291
7077.033,-70.291
7077.131,-70.291
7077.231,-70.291
7077.344,-70.291
7077.442,-70.291
7077.540,-70.291
7077.648,-70.291
7077.744,-70.291
7077.847,-70.291
7077.967,-70.291
7078.057,-70.291
7078.163,-70.291
7078.266,-70.291
7078.298,-70.291
7078.403,-70.291
7078.501,-70.291
7078.599,-70.291
7078.701,-70.291
7078.798,-70.291
7078.900,-70.291
7079.001,-70.291
7079.106,-70.291
7079.207,-70.291
7079.295,-70.291
7079.395,-70.291
7079.505,-70.291
7079.601,-70.291
7079.697,-70.291
7079.900,-70.291
7079.903,-70.291
7080.006,-70.291
7080.109,-70.291
7080.217,-70.291
7080.312,-70.291
7080.413,-70.291
7080.515,-70.291
7080.638,-70.291
7080.699,-70.291
7080.856,-70.291
7080.923,-70.291
7081.055,-70.291
7081.141,-70.291
7081.234,-70.291
7081.344,-70.291
7081.405,-70.291
7081.530,-70.291
7081.641,-70.291
7081.724,-70.291
7081.854,-70.291
7081.951,-70.291
7082.054,-70.291
7082.153,-70.291
7082.185,-70.291
7082.292,-70.291
7082.400,-70.291
7082.484,-70.291
7082.586,-70.291
7082.689,-70.291
7082.788,-70.291
7082.893,-70.291
7082.996,-70.291
7083.111,-70.291
7083.185,-70.291
7083.283,-70.291
7083.381,-70.291
7083.503,-70.291
7083.623,-70.291
7083.695,-70.291
7083.793,-70.291
7083.893,-70.291
7083.996,-70.291
7084.092,-70.291
7084.216,-70.291
7084.304,-70.291
7084.412,-70.291
7084.511,-70.291
7084.626,-70.291
7084.722,-70.291
7084.844,-70.291
7084.918,-70.291
7085.021,-70.291
7085.123,-70.291
7085.228,-70.291
7085.283,-70.291
7085.388,-70.291
7085.489,-70.291
7085.597,-70.291
7085.738,-70.291
7085.817,-70.291
7085.940,-70.291
7086.054,-70.291
7086.072,-70.291
7086.239,-70.291
7086.275,-70.291
7086.396,-70.291
7086.488,-70.291
7086.584,-70.291
7086.682,-70.291
7136.785,-70.291
7136.873,-70.291
7136.998,-70.291
7137.092,-70.291
7137.172,-70.291
7137.273,-70.291
7137.375,-70.291
7137.478,-70.291
7137.592,-70.291
7137.716,-70.291
7137.790,-70.291
7137.898,-70.291
7138.003,-70.291
7138.099,-70.291
7138.202,-70.291
7138.300,-70.291
7138.408,-70.291
7138.483,-70.291
7138.584,-70.291
7138.672,-70.291
7138.809,-70.291
7138.912,-70.291
7138.991,-70.291
7139.079,-70.291
7139.180,-70.291
7139.283,-70.291
7139.388,-70.291
7139.464,-70.291
7139.569,-70.291
7139.670,-70.291
7139.822,-70.291
7139.875,-70.291
7140.028,-70.291
7140.114,-70.291
7140.168,-70.291
7140.266,-70.291
7140.363,-70.291
7140.486,-70.291
7140.560,-70.291
7140.680,-70.291
7140.783,-70.291
7140.873,-70.291
7140.971,-70.291
7141.067,-70.291
7141.165,-70.291
7141.268,-70.291
7141.371,-70.291
7141.472,-70.291
7141.574,-70.291
7141.682,-70.291
7141.782,-70.291
7141.881,-70.291
7141.984,-70.291
7142.092,-70.291
7142.190,-70.291
7142.302,-70.291
7142.393,-70.291
7142.501,-70.291
7142.599,-70.291
7142.712,-70.291
7142.807,-70.291
7142.864,-70.291
7142.972,-70.291
7143.072,-70.291
7143.172,-70.291
7143.271,-70.291
7143.376,-70.291
7143.476,-70.291
7143.552,-70.291
7143.655,-70.291
7143.770,-70.291
7143.854,-70.291
7143.969,-70.291
7144.072,-70.291
7144.162,-70.291
7144.256,-70.291
7144.364,-70.291
7144.464,-70.291
7144.555,-70.291
7144.655,-70.291
7144.751,-70.291
7144.873,-70.291
7145.089,-70.291
7145.091,-70.291
7145.163,-70.291
7145.271,-70.291
7145.376,-70.291
7145.472,-70.291
7145.569,-70.291
7145.679,-70.291
7145.778,-70.291
7145.875,-70.291
7145.976,-70.291
7146.087,-70.291
7146.187,-70.291
7146.285,-70.291
7146.386,-70.291
7146.489,-70.291
7146.592,-70.291
7146.709,-70.291
7196.798,-70.291
7196.898,-70.291
7197.001,-70.291
7197.121,-70.291
7197.148,-70.291
7197.309,-70.291
7197.412,-70.291
7197.445,-70.291
7197.614,-70.291
7197.643,-70.291
7197.741,-70.291
7197.844,-70.291
7197.945,-70.291
7198.048,-70.291
7198.152,-70.291
7198.253,-70.291
7198.342,-70.291
7198.444,-70.291
7198.548,-70.291
7198.652,-70.291
7198.755,-70.291
7198.839,-70.291
7198.959,-70.291
7199.055,-70.291
7199.153,-70.291
7199.248,-70.291
7199.351,-70.291
7199.494,-70.291
7199.592,-70.291
7199.648,-70.291
7199.775,-70.291
7199.871,-70.291
7199.991,-70.291
7200.074,-70.291
7200.175,-70.291
7200.278,-70.291
7200.386,-70.291
7200.484,-70.291
7200.584,-70.291
7200.689,-70.291
7200.795,-70.291
7200.902,-70.291
7200.996,-70.291
7201.121,-70.291
7201.138,-70.291
7201.234,-70.291
7201.334,-70.291
7201.439,-70.291
7201.540,-70.291
7201.633,-70.291
7201.744,-70.291
7201.854,-70.291
7201.930,-70.291
7202.037,-70.291
7202.131,-70.291
7202.248,-70.291
7202.344,-70.291
7202.442,-70.291
7202.540,-70.291
7202.633,-70.291
7202.756,-70.291
7202.829,-70.291
7202.959,-70.291
7203.043,-70.291
7203.146,-70.291
7203.248,-70.291
7203.324,-70.291
7203.461,-70.291
7203.562,-70.291
7203.658,-70.291
7203.763,-70.291
7203.861,-70.291
7203.957,-70.291
7204.059,-70.291
7204.170,-70.291
7204.271,-70.291
7204.373,-70.291
7204.476,-70.291
7204.579,-70.291
7204.673,-70.291
7204.724,-70.291
7204.820,-70.291
7204.952,-70.291
7205.028,-70.291
7205.131,-70.291
7205.229,-70.291
7205.319,-70.291
7205.439,-70.291
7205.528,-70.291
7205.636,-70.291
7205.736,-70.291
7205.832,-70.291
7205.935,-70.291
7206.021,-70.291
7206.119,-70.291
7206.226,-70.291
7206.320,-70.291
7206.422,-70.291
7206.525,-70.291
7206.633,-70.291
7256.729,-70.291
7256.832,-70.291
7256.935,-70.291
7257.048,-70.291
7257.148,-70.291
7257.246,-70.291
7257.342,-70.291
7257.456,-70.291
7257.552,-70.291
7257.653,-70.291
7257.753,-70.291
7257.856,-70.291
7257.959,-70.291
7258.060,-70.291
7258.172,-70.291
7258.273,-70.291
7258.369,-70.291
7258.425,-70.291
7258.530,-70.291
7258.675,-70.291
7258.739,-70.291
7258.881,-70.291
7258.912,-70.291
7259.015,-70.291
7259.108,-70.291
7259.229,-70.291
7259.320,-70.291
7259.425,-70.291
7259.520,-70.291
7259.619,-70.291
7259.722,-70.291
7259.814,-70.291
7259.910,-70.291
7260.016,-70.291
7260.114,-70.291
7260.214,-70.291
7260.314,-70.291
7260.422,-70.291
7260.525,-70.291
7260.619,-70.291
7260.722,-70.291
7260.827,-70.291
7260.927,-70.291
7261.043,-70.291
7261.133,-70.291
7261.236,-70.291
7261.332,-70.291
7261.457,-70.291
7261.554,-70.291
7261.655,-70.291
7261.778,-70.291
7261.849,-70.291
7261.952,-70.291
7262.072,-70.291
7262.157,-70.291
7262.261,-70.291
7262.361,-70.291
7262.420,-70.291
7262.530,-70.291
7262.604,-70.291
7262.761,-70.291
7262.812,-70.291
7262.905,-70.291
7263.001,-70.291
7263.101,-70.291
7263.204,-70.291
7263.312,-70.291
7263.408,-70.291
7263.513,-70.291
7263.614,-70.291
7263.704,-70.291
7263.800,-70.291
7263.905,-70.291
7264.000,-70.291
7264.106,-70.291
7264.206,-70.291
7264.310,-70.291
7264.422,-70.291
7264.521,-70.291
7264.619,-70.291
7264.717,-70.291
7264.832,-70.291
7264.930,-70.291
7265.032,-70.291
7265.133,-70.291
7265.229,-70.291
7265.341,-70.291
7265.452,-70.291
7265.537,-70.291
7265.648,-70.291
7265.746,-70.291
7265.864,-70.291
7265.945,-70.291
7266.048,-70.291
7266.152,-70.291
7266.187,-70.291
7266.356,-70.291
7266.457,-70.291
7266.554,-70.291
7266.592,-70.291
7266.694,-70.291
7316.788,-70.291
7316.891,-70.291
7316.993,-70.291
7317.099,-70.291
7317.202,-70.291
7317.314,-70.291
7317.385,-70.291
7317.506,-70.291
7317.586,-70.291
7317.702,-70.291
7317.800,-70.291
7317.900,-70.291
7317.988,-70.291
7318.089,-70.291
7318.199,-70.291
7318.295,-70.291
7318.395,-70.291
7318.496,-70.291
7318.614,-70.291
7318.711,-70.291
7318.804,-70.291
7318.915,-70.291
7319.018,-70.291
7319.131,-70.291
7319.222,-70.291
7319.336,-70.291
7319.432,-70.291
7319.538,-70.291
7319.638,-70.291
7319.736,-70.291
7319.837,-70.291
7319.939,-70.291
7320.042,-70.291
7320.145,-70.291
7320.275,-70.291
7320.278,-70.291
7320.383,-70.291
7320.481,-70.291
7320.597,-70.291
7320.682,-70.291
7320.782,-70.291
7320.883,-70.291
7320.989,-70.291
7321.089,-70.291
7321.192,-70.291
7321.293,-70.291
7321.376,-70.291
7321.484,-70.291
7321.577,-70.291
7321.702,-70.291
7321.782,-70.291
7321.918,-70.291
7322.021,-70.291
7322.089,-70.291
7322.187,-70.291
7322.304,-70.291
7322.398,-70.291
7322.510,-70.291
7322.601,-70.291
7322.714,-70.291
7322.815,-70.291
7322.915,-70.291
7323.011,-70.291
7323.113,-70.291
7323.216,-70.291
7323.327,-70.291
7323.423,-70.291
7323.538,-70.291
7323.626,-70.291
7323.728,-70.291
7323.831,-70.291
7323.949,-70.291
7323.976,-70.291
7324.067,-70.291
7324.241,-70.291
7324.273,-70.291
7324.369,-70.291
7324.472,-70.291
7324.579,-70.291
7324.673,-70.291
7324.785,-70.291
7324.866,-70.291
7324.971,-70.291
7325.076,-70.291
7325.163,-70.291
7325.263,-70.291
7325.376,-70.291
7325.489,-70.291
7325.560,-70.291
7325.682,-70.291
7325.787,-70.291
7325.883,-70.291
7325.981,-70.291
7326.077,-70.291
7326.195,-70.291
7326.288,-70.291
7326.388,-70.291
7326.494,-70.291
7326.594,-70.291
7326.690,-70.291
7376.798,-70.291
7376.915,-70.291
7377.011,-70.291
7377.108,-70.291
7377.214,-70.291
7377.322,-70.291
7377.423,-70.291
7377.518,-70.291
7377.626,-70.291
7377.657,-70.291
7377.753,-70.291
7377.858,-70.291
7377.972,-70.291
7378.055,-70.291
7378.155,-70.291
7378.256,-70.291
7378.361,-70.291
7378.464,-70.291
7378.564,-70.291
7378.655,-70.291
7378.756,-70.291
7378.856,-70.291
7378.952,-70.291
7379.062,-70.291
7379.167,-70.291
7379.263,-70.291
7379.368,-70.291
7379.462,-70.291
7379.574,-70.291
7379.648,-70.291
7379.787,-70.291
7379.875,-70.291
7379.974,-70.291
7380.097,-70.291
7380.197,-70.291
7380.250,-70.291
7380.347,-70.291
7380.451,-70.291
7380.557,-70.291
7380.660,-70.291
7380.766,-70.291
7380.888,-70.291
7380.967,-70.291
7381.089,-70.291
7381.182,-70.291
7381.300,-70.291
7381.400,-70.291
7381.451,-70.291
7381.545,-70.291
7381.646,-70.291
7381.743,-70.291
7381.849,-70.291
7381.947,-70.291
7382.060,-70.291
7382.162,-70.291
7382.256,-70.291
7382.359,-70.291
7382.440,-70.291
7382.560,-70.291
7382.665,-70.291
7382.748,-70.291
7382.846,-70.291
7382.944,-70.291
7383.054,-70.291
7383.148,-70.291
7383.263,-70.291
7383.356,-70.291
7383.462,-70.291
7383.557,-70.291
7383.662,-70.291
7383.763,-70.291
7383.873,-70.291
7383.969,-70.291
7384.045,-70.291
7384.197,-70.291
7384.287,-70.291
7384.383,-70.291
7384.479,-70.291
7384.608,-70.291
7384.685,-70.291
7385.488,-70.291
7385.489,-70.291
7385.489,-70.291
7385.572,-70.291
7385.717,-70.291
7385.741,-70.291
7385.836,-70.291
7385.942,-70.291
7386.033,-70.291
7386.145,-70.291
7386.241,-70.291
7386.347,-70.291
7386.444,-70.291
7386.535,-70.291
7386.631,-70.291
7676.741,-70.291
7676.842,-70.291
7676.942,-70.291
7677.040,-70.291
7677.133,-70.291
7677.246,-70.291
7677.347,-70.291
7677.442,-70.291
7677.552,-70.291
7677.655,-70.291
7677.756,-70.291
7677.871,-70.291
7677.962,-70.291
7678.065,-70.291
7678.160,-70.291
7678.282,-70.291
7678.376,-70.291
7678.474,-70.291
7678.574,-70.291
7678.679,-70.291
7678.775,-70.291
7678.885,-70.291
7678.986,-70.291
7679.087,-70.291
7679.192,-70.291
7679.293,-70.291
7679.396,-70.291
7679.427,-70.291
7679.527,-70.291
7679.633,-70.291
7679.734,-70.291
7679.842,-70.291
7679.923,-70.291
7680.033,-70.291
7680.119,-70.291
7680.241,-70.291
7680.351,-70.291
7680.442,-70.291
7680.537,-70.291
7680.635,-70.291
7680.756,-70.291
7680.831,-70.291
7680.930,-70.291
7681.040,-70.291
7681.136,-70.291
7681.248,-70.291
7681.344,-70.291
7681.444,-70.291
7681.545,-70.291
7681.655,-70.291
7681.751,-70.291
7681.854,-70.291
7681.957,-70.291
7682.059,-70.291
7682.162,-70.291
7682.283,-70.291
7682.369,-70.291
7682.469,-70.291
7682.577,-70.291
7682.692,-70.291
7682.777,-70.291
7682.886,-70.291
7682.915,-70.291
7683.089,-70.291
7683.116,-70.291
7683.212,-70.291
7683.319,-70.291
7683.413,-70.291
7683.515,-70.291
7683.616,-70.291
7683.719,-70.291
7683.817,-70.291
7683.913,-70.291
7684.011,-70.291
7684.119,-70.291
7684.209,-70.291
7684.329,-70.291
7684.427,-70.291
7684.528,-70.291
7684.618,-70.291
7684.716,-70.291
7684.822,-70.291
7684.925,-70.291
7685.021,-70.291
7685.121,-70.291
7685.231,-70.291
7685.334,-70.291
7685.430,-70.291
7685.532,-70.291
7685.631,-70.291
7685.751,-70.291
7685.853,-70.291
7685.957,-70.291
7686.045,-70.291
7686.146,-70.291
7686.256,-70.291
7686.368,-70.291
7686.466,-70.291
7686.562,-70.291
7686.665,-70.291
7736.760,-70.291
7736.804,-70.291
7736.903,-70.291
7737.001,-70.291
7737.106,-70.291
7737.202,-70.291
7737.302,-70.291
7737.425,-70.291
7737.511,-70.291
7737.611,-70.291
7737.712,-70.291
7737.817,-70.291
7737.920,-70.291
7738.020,-70.291
7738.116,-70.291
7738.204,-70.291
7738.305,-70.291
7738.413,-70.291
7738.528,-70.291
7738.623,-70.291
7738.719,-70.291
7738.820,-70.291
7738.895,-70.291
7739.030,-70.291
7739.126,-70.291
7739.234,-70.291
7739.327,-70.291
7739.403,-70.291
7739.511,-70.291
7739.592,-70.291
7739.697,-70.291
7739.849,-70.291
7739.903,-70.291
7740.079,-70.291
7740.113,-70.291
7740.217,-70.291
7740.290,-70.291
7740.427,-70.291
7740.559,-70.291
7740.660,-70.291
7740.778,-70.291
7740.805,-70.291
7740.896,-70.291
7740.996,-70.291
7741.099,-70.291
7741.206,-70.291
7741.304,-70.291
7741.398,-70.291
7741.491,-70.291
7741.613,-70.291
7741.709,-70.291
7741.809,-70.291
7741.888,-70.291
7741.986,-70.291
7742.094,-70.291
7742.204,-70.291
7742.298,-70.291
7742.400,-70.291
7742.503,-70.291
7742.616,-70.291
7742.712,-70.291
7742.810,-70.291
7742.913,-70.291
7743.015,-70.291
7743.116,-70.291
7743.221,-70.291
7743.322,-70.291
7743.425,-70.291
7743.538,-70.291
7743.635,-70.291
7743.741,-70.291
7743.841,-70.291
7743.937,-70.291
7744.042,-70.291
7744.081,-70.291
7744.243,-70.291
7744.344,-70.291
7744.452,-70.291
7744.479,-70.291
7744.581,-70.291
7744.687,-70.291
7744.798,-70.291
7744.881,-70.291
7744.983,-70.291
7745.092,-70.291
7745.190,-70.291
7745.280,-70.291
7745.383,-70.291
7745.511,-70.291
7745.574,-70.291
7745.692,-70.291
7745.780,-70.291
7745.881,-70.291
7745.994,-70.291
7746.119,-70.291
7746.190,-70.291
7746.300,-70.291
7746.398,-70.291
7746.496,-70.291
7746.613,-70.291
7796.714,-70.291
7796.837,-70.291
7796.910,-70.291
7796.979,-70.291
7797.113,-70.291
7797.212,-70.291
7797.315,-70.291
7797.418,-70.291
7797.520,-70.291
7797.621,-70.291
7797.714,-70.291
7797.827,-70.291
7797.947,-70.291
7798.032,-70.291
7798.136,-70.291
7798.238,-70.291
7798.339,-70.291
7798.369,-70.291
7798.474,-70.291
7798.570,-70.291
7798.682,-70.291
7798.780,-70.291
7798.886,-70.291
7798.984,-70.291
7799.081,-70.291
7799.185,-70.291
7799.285,-70.291
7799.386,-70.291
7799.466,-70.291
7799.576,-70.291
7799.672,-70.291
7799.771,-70.291
7799.875,-70.291
7799.991,-70.291
7800.079,-70.291
7800.167,-70.291
7800.288,-70.291
7800.386,-70.291
7800.476,-70.291
7800.584,-70.291
7800.699,-70.291
7800.766,-70.291
7800.888,-70.291
7800.976,-70.291
7801.077,-70.291
7801.197,-70.291
7801.310,-70.291
7801.390,-70.291
7801.505,-70.291
7801.599,-70.291
7801.721,-70.291
7801.758,-70.291
7801.859,-70.291
7801.957,-70.291
7802.126,-70.291
7802.168,-70.291
7802.265,-70.291
7802.363,-70.291
7802.462,-70.291
7802.562,-70.291
7802.665,-70.291
7802.766,-70.291
7802.861,-70.291
7802.972,-70.291
7803.060,-70.291
7803.160,-70.291
7803.271,-70.291
7803.369,-70.291
7803.467,-70.291
7803.570,-70.291
7803.677,-70.291
7803.775,-70.291
7803.878,-70.291
7803.971,-70.291
7804.092,-70.291
7804.177,-70.291
7804.278,-70.291
7804.381,-70.291
7804.484,-70.291
7804.586,-70.291
7804.699,-70.291
7804.790,-70.291
7804.854,-70.291
7804.959,-70.291
7805.109,-70.291
7805.163,-70.291
7805.263,-70.291
7805.369,-70.291
7805.478,-70.291
7805.599,-70.291
7805.653,-70.291
7805.800,-70.291
7805.910,-70.291
7806.011,-70.291
7806.060,-70.291
7806.217,-70.291
7806.248,-70.291
7806.359,-70.291
7806.454,-70.291
7806.562,-70.291
7806.665,-70.291
7856.763,-70.291
7856.861,-70.291
7856.947,-70.291
7857.045,-70.291
7857.145,-70.291
7857.241,-70.291
7857.351,-70.291
7857.454,-70.291
7857.557,-70.291
7857.657,-70.291
7857.760,-70.291
7857.863,-70.291
7857.966,-70.291
7858.074,-70.291
7858.170,-70.291
7858.271,-70.291
7858.373,-70.291
7858.510,-70.291
7858.586,-70.291
7858.680,-70.291
7858.785,-70.291
7858.893,-70.291
7858.989,-70.291
7859.109,-70.291
7859.194,-70.291
7859.290,-70.291
7859.356,-70.291
7859.521,-70.291
7859.604,-70.291
7859.668,-70.291
7859.744,-70.291
7859.844,-70.291
7859.942,-70.291
7860.055,-70.291
7860.150,-70.291
7860.241,-70.291
7860.354,-70.291
7860.437,-70.291
7860.646,-70.291
7860.648,-70.291
7860.746,-70.291
7860.847,-70.291
7860.945,-70.291
7861.030,-70.291
7861.146,-70.291
7861.243,-70.291
7861.356,-70.291
7861.456,-70.291
7861.552,-70.291
7861.653,-70.291
7861.755,-70.291
7861.856,-70.291
7861.957,-70.291
7862.048,-70.291
7862.163,-70.291
7862.266,-70.291
7862.369,-70.291
7862.471,-70.291
7862.572,-70.291
7862.692,-70.291
7862.783,-70.291
7862.880,-70.291
7862.983,-70.291
7863.084,-70.291
7863.195,-70.291
7863.226,-70.291
7863.324,-70.291
7863.425,-70.291
7863.597,-70.291
7863.626,-70.291
7863.724,-70.291
7863.826,-70.291
7863.927,-70.291
7864.038,-70.291
7864.135,-70.291
7864.256,-70.291
7864.341,-70.291
7864.442,-70.291
7864.543,-70.291
7864.643,-70.291
7864.722,-70.291
7864.824,-70.291
7864.927,-70.291
7865.032,-70.291
7865.133,-70.291
7865.234,-70.291
7865.332,-70.291
7865.447,-70.291
7865.545,-70.291
7865.665,-70.291
7865.722,-70.291
7865.836,-70.291
7865.937,-70.291
7866.016,-70.291
7866.125,-70.291
7866.234,-70.291
7866.356,-70.291
7866.464,-70.291
7866.550,-70.291
7866.670,-70.291
7916.780,-70.291
7916.907,-70.291
7916.966,-70.291
7917.016,-70.291
7917.114,-70.291
7917.217,-70.291
7917.315,-70.291
7917.418,-70.291
7917.516,-70.291
7917.631,-70.291
7917.726,-70.291
7917.827,-70.291
7917.929,-70.291
7918.028,-70.291
7918.128,-70.291
7918.231,-70.291
7918.331,-70.291
7918.432,-70.291
7918.511,-70.291
7918.616,-70.291
7918.716,-70.291
7918.820,-70.291
7918.923,-70.291
7919.033,-70.291
7919.131,-70.291
7919.229,-70.291
7919.331,-70.291
7919.442,-70.291
7919.540,-70.291
7919.640,-70.291
7919.741,-70.291
7919.854,-70.291
7919.954,-70.291
7920.050,-70.291
7920.150,-70.291
7920.253,-70.291
7920.354,-70.291
7920.457,-70.291
7920.525,-70.291
7920.668,-70.291
7920.726,-70.291
7920.824,-70.291
7920.969,-70.291
7921.040,-70.291
7921.175,-70.291
7921.280,-70.291
7921.309,-70.291
7921.403,-70.291
7921.523,-70.291
7921.604,-70.291
7921.716,-70.291
7921.815,-70.291
7921.915,-70.291
7922.015,-70.291
7922.121,-70.291
7922.199,-70.291
7922.302,-70.291
7922.408,-70.291
7922.506,-70.291
7922.608,-70.291
7922.704,-70.291
7922.812,-70.291
7922.915,-70.291
7923.018,-70.291
7923.119,-70.291
7923.224,-70.291
7923.326,-70.291
7923.464,-70.291
7923.537,-70.291
7923.643,-70.291
7923.744,-70.291
7923.853,-70.291
7923.952,-70.291
7924.052,-70.291
7924.148,-70.291
7924.255,-70.291
7924.353,-70.291
7924.459,-70.291
7924.542,-70.291
7924.657,-70.291
7924.758,-70.291
7924.859,-70.291
7924.962,-70.291
7925.067,-70.291
7925.096,-70.291
7925.192,-70.291
7925.302,-70.291
7925.402,-70.291
7925.500,-70.291
7925.601,-70.291
7925.692,-70.291
7925.790,-70.291
7925.898,-70.291
7926.013,-70.291
7926.101,-70.291
7926.190,-70.291
7926.288,-70.291
7926.405,-70.291
7926.500,-70.291
7926.619,-70.291
7926.695,-70.291
7976.817,-70.291
7976.912,-70.291
7977.013,-70.291
7977.116,-70.291
7977.217,-70.291
7977.319,-70.291
7977.423,-70.291
7977.555,-70.291
7977.626,-70.291
7977.728,-70.291
7977.851,-70.291
7977.932,-70.291
7978.035,-70.291
7978.138,-70.291
7978.263,-70.291
7978.342,-70.291
7978.445,-70.291
7978.547,-70.291
7978.586,-70.291
7978.753,-70.291
7978.780,-70.291
7978.976,-70.291
7978.979,-70.291
7979.087,-70.291
7979.185,-70.291
7979.288,-70.291
7979.398,-70.291
7979.496,-70.291
7979.596,-70.291
7979.689,-70.291
7979.777,-70.291
7979.878,-70.291
7979.981,-70.291
7980.101,-70.291
7980.185,-70.291
7980.288,-70.291
7980.391,-70.291
7980.498,-70.291
7980.594,-70.291
7980.699,-70.291
7980.809,-70.291
7980.880,-70.291
7981.011,-70.291
7981.082,-70.291
7981.202,-70.291
7981.344,-70.291
7981.417,-70.291
7981.528,-70.291
7981.619,-70.291
7981.716,-70.291
7981.834,-70.291
7981.937,-70.291
7982.033,-70.291
7982.133,-70.291
7982.234,-70.291
7982.337,-70.291
7982.440,-70.291
7982.540,-70.291
7982.628,-70.291
7982.675,-70.291
7982.771,-70.291
7982.871,-70.291
7982.996,-70.291
7983.079,-70.291
7983.180,-70.291
7983.282,-70.291
7983.386,-70.291
7983.484,-70.291
7983.587,-70.291
7983.667,-70.291
7983.775,-70.291
7983.873,-70.291
7983.974,-70.291
7984.097,-70.291
7984.189,-70.291
7984.287,-70.291
7984.385,-70.291
7984.464,-70.291
7984.567,-70.291
7984.677,-70.291
7984.780,-70.291
7984.864,-70.291
7984.964,-70.291
7985.089,-70.291
7985.202,-70.291
7985.305,-70.291
7985.408,-70.291
7985.505,-70.291
7985.586,-70.291
7985.707,-70.291
7985.802,-70.291
7985.935,-70.291
7986.023,-70.291
7986.125,-70.291
7986.229,-70.291
7986.322,-70.291
7986.369,-70.291
7986.467,-70.291
7986.564,-70.291
7986.670,-70.291
8276.766,-70.291
8276.866,-70.291
8276.967,-70.291
8277.087,-70.291
8277.158,-70.291
8277.260,-70.291
8277.356,-70.291
8277.456,-70.291
8277.596,-70.291
8277.670,-70.291
8277.775,-70.291
8277.875,-70.291
8278.000,-70.291
8278.082,-70.291
8278.187,-70.291
8278.287,-70.291
8278.381,-70.291
8278.481,-70.291
8278.582,-70.291
8278.684,-70.291
8278.785,-70.291
8278.888,-70.291
8278.991,-70.291
8279.094,-70.291
8279.195,-70.291
8279.312,-70.291
8279.408,-70.291
8279.464,-70.291
8279.616,-70.291
8279.652,-70.291
8279.748,-70.291
8279.851,-70.291
8279.952,-70.291
8280.052,-70.291
8280.160,-70.291
8280.347,-70.291
8280.364,-70.291
8280.449,-70.291
8280.569,-70.291
8280.655,-70.291
8280.760,-70.291
8280.859,-70.291
8280.979,-70.291
8281.081,-70.291
8281.173,-70.291
8281.251,-70.291
8281.347,-70.291
8281.451,-70.291
8281.557,-70.291
8281.655,-70.291
8281.756,-70.291
8281.863,-70.291
8281.961,-70.291
8282.064,-70.291
8282.209,-70.291
8282.268,-70.291
8282.371,-70.291
8282.472,-70.291
8282.594,-70.291
8282.677,-70.291
8282.775,-70.291
8282.920,-70.291
8282.988,-70.291
8283.087,-70.291
8283.190,-70.291
8283.285,-70.291
8283.396,-70.291
8283.498,-70.291
8283.601,-70.291
8283.704,-70.291
8283.805,-70.291
8283.908,-70.291
8284.021,-70.291
8284.040,-70.291
8284.214,-70.291
8284.243,-70.291
8284.351,-70.291
8284.457,-70.291
8284.557,-70.291
8284.655,-70.291
8284.756,-70.291
8284.856,-70.291
8284.942,-70.291
8285.038,-70.291
8285.168,-70.291
8285.241,-70.291
8285.342,-70.291
8285.445,-70.291
8285.535,-70.291
8285.655,-70.291
8285.761,-70.291
8285.859,-70.291
8285.974,-70.291
8286.057,-70.291
8286.160,-70.291
8286.270,-70.291
8286.332,-70.291
8286.457,-70.291
8286.543,-70.291
8286.660,-70.291
8336.782,-70.291
8336.910,-70.291
8336.979,-70.291
8337.082,-70.291
8337.177,-70.291
8337.304,-70.291
8337.383,-70.291
8337.508,-70.291
8337.533,-70.291
8337.628,-70.291
8337.795,-70.291
8337.824,-70.291
8338.003,-70.291
8338.030,-70.291
8338.131,-70.291
8338.231,-70.291
8338.334,-70.291
8338.430,-70.291
8338.543,-70.291
8338.631,-70.291
8338.724,-70.291
8338.842,-70.291
8338.925,-70.291
8339.032,-70.291
8339.131,-70.291
8339.236,-70.291
8339.334,-70.291
8339.437,-70.291
8339.533,-70.291
8339.643,-70.291
8339.744,-70.291
8339.949,-70.291
8339.952,-70.291
8340.050,-70.291
8340.146,-70.291
8340.268,-70.291
8340.358,-70.291
8340.459,-70.291
8340.582,-70.291
8340.667,-70.291
8340.768,-70.291
8340.871,-70.291
8340.922,-70.291
8341.076,-70.291
8341.185,-70.291
8341.280,-70.291
8341.344,-70.291
8341.418,-70.291
8341.523,-70.291
8341.623,-70.291
8341.783,-70.291
8341.822,-70.291
8341.925,-70.291
8342.028,-70.291
8342.131,-70.291
8342.233,-70.291
8342.329,-70.291
8342.415,-70.291
8342.521,-70.291
8342.619,-70.291
8342.716,-70.291
8342.842,-70.291
8342.956,-70.291
8343.028,-70.291
8343.128,-70.291
8343.233,-70.291
8343.332,-70.291
8343.435,-70.291
8343.533,-70.291
8343.646,-70.291
8343.739,-70.291
8343.842,-70.291
8343.945,-70.291
8344.057,-70.291
8344.153,-70.291
8344.251,-70.291
8344.356,-70.291
8344.454,-70.291
8344.557,-70.291
8344.677,-70.291
8344.761,-70.291
8344.864,-70.291
8344.929,-70.291
8345.091,-70.291
8345.135,-70.291
8345.211,-70.291
8345.312,-70.291
8345.413,-70.291
8345.572,-70.291
8345.626,-70.291
8345.707,-70.291
8345.805,-70.291
8345.905,-70.291
8346.016,-70.291
8346.111,-70.291
8346.219,-70.291
8346.315,-70.291
8346.420,-70.291
8346.518,-70.291
8346.604,-70.291
8346.707,-70.291
8396.810,-70.291
8396.952,-70.291
8397.025,-70.291
8397.126,-70.291
8397.253,-70.291
8397.324,-70.291
8397.425,-70.291
8397.545,-70.291
8397.618,-70.291
8397.731,-70.291
8397.834,-70.291
8397.935,-70.291
8398.047,-70.291
8398.148,-70.291
8398.256,-70.291
8398.378,-70.291
8398.449,-70.291
8398.560,-70.291
8398.662,-70.291
8398.765,-70.291
8398.866,-70.291
8398.895,-70.291
8399.062,-70.291
8399.165,-70.291
8399.192,-70.291
8399.320,-70.291
8399.396,-70.291
8399.503,-70.291
8399.601,-70.291
8399.707,-70.291
8399.824,-70.291
8399.893,-70.291
8399.989,-70.291
8400.118,-70.291
8400.190,-70.291
8400.305,-70.291
8400.395,-70.291
8400.513,-70.291
8400.599,-70.291
8400.721,-70.291
8400.810,-70.291
8400.927,-70.291
8401.010,-70.291
8401.131,-70.291
8401.202,-70.291
8401.337,-70.291
8401.410,-70.291
8401.511,-70.291
8401.635,-70.291
8401.731,-70.291
8401.827,-70.291
8401.930,-70.291
8402.032,-70.291
8402.146,-70.291
8402.244,-70.291
8402.339,-70.291
8402.442,-70.291
8402.543,-70.291
8402.658,-70.291
8402.684,-70.291
8402.788,-70.291
8402.952,-70.291
8403.057,-70.291
8403.084,-70.291
8403.199,-70.291
8403.295,-70.291
8403.398,-70.291
8403.500,-70.291
8403.596,-70.291
8403.695,-70.291
8403.800,-70.291
8403.888,-70.291
8403.986,-70.291
8404.082,-70.291
8404.182,-70.291
8404.278,-70.291
8404.402,-70.291
8404.500,-70.291
8404.601,-70.291
8404.680,-70.291
8404.785,-70.291
8404.930,-70.291
8405.013,-70.291
8405.114,-70.291
8405.195,-70.291
8405.309,-70.291
8405.445,-70.291
8405.533,-70.291
8405.606,-70.291
8405.704,-70.291
8405.800,-70.291
8405.924,-70.291
8406.025,-70.291
8406.108,-70.291
8406.222,-70.291
8406.322,-70.291
8406.373,-70.291
8406.530,-70.291
8406.680,-70.291
8406.684,-70.291
8456.851,-70.291
8456.876,-70.291
8456.972,-70.291
8457.074,-70.291
8457.174,-70.291
8457.288,-70.291
8457.385,-70.291
8457.486,-70.291
8457.587,-70.291
8457.687,-70.291
8457.775,-70.291
8457.875,-70.291
8457.978,-70.291
8458.074,-70.291
8458.175,-70.291
8458.278,-70.291
8458.393,-70.291
8458.486,-70.291
8458.586,-70.291
8458.689,-70.291
8458.790,-70.291
8458.891,-70.291
8459.013,-70.291
8459.097,-70.291
8459.201,-70.291
8459.304,-70.291
8459.424,-70.291
8459.516,-70.291
8459.614,-70.291
8459.714,-70.291
8459.819,-70.291
8459.917,-70.291
8459.969,-70.291
8460.114,-70.291
8460.224,-70.291
8460.337,-70.291
8460.368,-70.291
8460.530,-70.291
8460.597,-70.291
8460.673,-70.291
8460.773,-70.291
8460.876,-70.291
8460.978,-70.291
8461.067,-70.291
8461.163,-70.291
8461.261,-70.291
8461.378,-70.291
8461.476,-70.291
8461.586,-70.291
8461.670,-70.291
8461.768,-70.291
8461.871,-70.291
8461.976,-70.291
8462.069,-70.291
8462.172,-70.291
8462.376,-70.291
8462.380,-70.291
8462.489,-70.291
8462.586,-70.291
8462.690,-70.291
8462.783,-70.291
8462.878,-70.291
8462.994,-70.291
8463.099,-70.291
8463.197,-70.291
8463.297,-70.291
8463.422,-70.291
8463.511,-70.291
8463.604,-70.291
8463.707,-70.291
8463.788,-70.291
8463.910,-70.291
8464.013,-70.291
8464.116,-70.291
8464.157,-70.291
8464.320,-70.291
8464.423,-70.291
8464.449,-70.291
8464.549,-70.291
8464.650,-70.291
8464.753,-70.291
8464.856,-70.291
8464.959,-70.291
8465.060,-70.291
8465.163,-70.291
8465.258,-70.291
8465.354,-70.291
8465.459,-70.291
8465.557,-70.291
8465.670,-70.291
8465.765,-70.291
8465.869,-70.291
8465.969,-70.291
8466.062,-70.291
8466.153,-70.291
8466.266,-70.291
8466.361,-70.291
8466.451,-70.291
8466.572,-70.291
8466.668,-70.291
8516.798,-70.291
8516.900,-70.291
8517.003,-70.291
8517.097,-70.291
8517.189,-70.291
8517.290,-70.291
8517.400,-70.291
8517.533,-70.291
8517.606,-70.291
8517.704,-70.291
8517.802,-70.291
8517.905,-70.291
8518.006,-70.291
8518.108,-70.291
8518.211,-70.291
8518.241,-70.291
8518.415,-70.291
8518.444,-70.291
8518.542,-70.291
8518.648,-70.291
8518.756,-70.291
8518.837,-70.291
8518.962,-70.291
8519.040,-70.291
8519.145,-70.291
8519.241,-70.291
8519.347,-70.291
8519.442,-70.291
8519.552,-70.291
8519.670,-70.291
8519.748,-70.291
8519.849,-70.291
8519.952,-70.291
8520.037,-70.291
8520.157,-70.291
8520.260,-70.291
8520.361,-70.291
8520.435,-70.291
8520.577,-70.291
8520.636,-70.291
8520.771,-70.291
8520.849,-70.291
8520.969,-70.291
8521.070,-70.291
8521.158,-70.291
8521.283,-70.291
8521.386,-70.291
8521.481,-70.291
8521.596,-70.291
8521.694,-70.291
8521.799,-70.291
8521.918,-70.291
8522.000,-70.291
8522.027,-70.291
8522.204,-70.291
8522.241,-70.291
8522.334,-70.291
8522.437,-70.291
8522.535,-70.291
8522.631,-70.291
8522.729,-70.291
8522.829,-70.291
8522.930,-70.291
8523.023,-70.291
8523.136,-70.291
8523.231,-70.291
8523.346,-70.291
8523.434,-70.291
8523.537,-70.291
8523.640,-70.291
8523.756,-70.291
8523.851,-70.291
8523.949,-70.291
8524.049,-70.291
8524.152,-70.291
8524.251,-70.291
8524.342,-70.291
8524.457,-70.291
8524.525,-70.291
8524.628,-70.291
8524.771,-70.291
8524.841,-70.291
8524.969,-70.291
8525.072,-70.291
8525.182,-70.291
8525.277,-70.291
8525.380,-70.291
8525.476,-70.291
8525.569,-70.291
8525.619,-70.291
8525.798,-70.291
8525.827,-70.291
8525.918,-70.291
8526.023,-70.291
8526.126,-70.291
8526.229,-70.291
8526.329,-70.291
8526.435,-70.291
8526.533,-70.291
8526.652,-70.291
8576.714,-70.291
8576.812,-70.291
8576.915,-70.291
8577.018,-70.291
8577.126,-70.291
8577.229,-70.291
8577.334,-70.291
8577.437,-70.291
8577.533,-70.291
8577.631,-70.291
8577.729,-70.291
8577.847,-70.291
8577.942,-70.291
8578.045,-70.291
8578.123,-70.291
8578.255,-70.291
8578.356,-70.291
8578.452,-70.291
8578.559,-70.291
8578.611,-70.291
8578.717,-70.291
8578.827,-70.291
8578.929,-70.291
8579.030,-70.291
8579.131,-70.291
8579.271,-70.291
8579.344,-70.291
8579.466,-70.291
8579.518,-70.291
8579.616,-70.291
8579.722,-70.291
8579.807,-70.291
8579.925,-70.291
8580.003,-70.291
8580.114,-70.291
8580.216,-70.291
8580.327,-70.291
8580.410,-70.291
8580.508,-70.291
8580.614,-70.291
8580.717,-70.291
8580.815,-70.291
8580.920,-70.291
8581.021,-70.291
8581.106,-70.291
8581.226,-70.291
8581.326,-70.291
8581.429,-70.291
8581.525,-70.291
8581.626,-70.291
8581.724,-70.291
8581.841,-70.291
8581.937,-70.291
8582.037,-70.291
8582.138,-70.291
8582.241,-70.291
8582.342,-70.291
8582.445,-70.291
8582.547,-70.291
8582.657,-70.291
8582.761,-70.291
8582.859,-70.291
8582.900,-70.291
8582.994,-70.291
8583.094,-70.291
8583.199,-70.291
8583.300,-70.291
8583.395,-70.291
8583.530,-70.291
8583.594,-70.291
8583.704,-70.291
8583.807,-70.291
8583.908,-70.291
8584.003,-70.291
8584.101,-70.291
8584.199,-70.291
8584.314,-70.291
8584.391,-70.291
8584.494,-70.291
8584.614,-70.291
8584.709,-70.291
8584.805,-70.291
8584.903,-70.291
8585.000,-70.291
8585.108,-70.291
8585.221,-70.291
8585.322,-70.291
8585.420,-70.291
8585.516,-70.291
8585.614,-70.291
8585.722,-70.291
8585.839,-70.291
8585.935,-70.291
8586.033,-70.291
8586.131,-70.291
8586.251,-70.291
8586.346,-70.291
8586.442,-70.291
8586.545,-70.291
8586.646,-70.291
8876.746,-70.291
8876.805,-70.291
8876.886,-70.291
8876.988,-70.291
8877.087,-70.291
8877.184,-70.291
8877.282,-70.291
8877.385,-70.291
8877.486,-70.291
8877.582,-70.291
8877.699,-70.291
8877.793,-70.291
8877.896,-70.291
8877.998,-70.291
8878.089,-70.291
8878.202,-70.291
8878.280,-70.291
8878.412,-70.291
8878.498,-70.291
8878.594,-70.291
8878.690,-70.291
8878.780,-70.291
8878.896,-70.291
8878.993,-70.291
8879.099,-70.291
8879.238,-70.291
8879.310,-70.291
8879.415,-70.291
8879.520,-70.291
8879.611,-70.291
8879.716,-70.291
8879.827,-70.291
8879.929,-70.291
8880.030,-70.291
8880.128,-70.291
8880.250,-70.291
8880.339,-70.291
8880.432,-70.291
8880.535,-70.291
8880.636,-70.291
8880.741,-70.291
8880.842,-70.291
8880.871,-70.291
8880.986,-70.291
8881.089,-70.291
8881.185,-70.291
8881.285,-70.291
8881.378,-70.291
8881.488,-70.291
8881.589,-70.291
8881.668,-70.291
8881.788,-70.291
8881.876,-70.291
8881.991,-70.291
8882.086,-70.291
8882.206,-70.291
8882.312,-70.291
8882.386,-70.291
8882.498,-70.291
8882.574,-70.291
8882.675,-70.291
8882.775,-70.291
8882.907,-70.291
8882.981,-70.291
8883.065,-70.291
8883.189,-70.291
8883.271,-70.291
8883.391,-70.291
8883.479,-70.291
8883.601,-70.291
8883.709,-70.291
8883.805,-70.291
8883.925,-70.291
8884.005,-70.291
8884.128,-70.291
8884.226,-70.291
8884.342,-70.291
8884.366,-70.291
8884.528,-70.291
8884.631,-70.291
8884.734,-70.291
8884.763,-70.291
8884.861,-70.291
8884.961,-70.291
8885.074,-70.291
8885.170,-70.291
8885.270,-70.291
8885.449,-70.291
8885.478,-70.291
8885.577,-70.291
8885.679,-70.291
8885.763,-70.291
8885.875,-70.291
8885.972,-70.291
8886.069,-70.291
8886.175,-70.291
8886.273,-70.291
8886.378,-70.291
8886.498,-70.291
8886.587,-70.291
8886.680,-70.291
8936.790,-70.291
8936.864,-70.291
8936.994,-70.291
8937.091,-70.291
8937.233,-70.291
8937.293,-70.291
8937.415,-70.291
8937.518,-70.291
8937.601,-70.291
8937.665,-70.291
8937.809,-70.291
8937.908,-70.291
8938.011,-70.291
8938.074,-70.291
8938.152,-70.291
8938.253,-70.291
8938.361,-70.291
8938.515,-70.291
8938.614,-70.291
8938.667,-70.291
8938.809,-70.291
8938.863,-70.291
8938.959,-70.291
8939.070,-70.291
8939.150,-70.291
8939.270,-70.291
8939.366,-70.291
8939.462,-70.291
8939.559,-70.291
8939.657,-70.291
8939.751,-70.291
8939.871,-70.291
8939.957,-70.291
8940.069,-70.291
8940.172,-70.291
8940.261,-70.291
8940.364,-70.291
8940.467,-70.291
8940.584,-70.291
8940.680,-70.291
8940.785,-70.291
8940.908,-70.291
8940.979,-70.291
8941.089,-70.291
8941.189,-70.291
8941.297,-70.291
8941.391,-70.291
8941.491,-70.291
8941.594,-70.291
8941.695,-70.291
8941.817,-70.291
8941.841,-70.291
8941.957,-70.291
8942.045,-70.291
8942.143,-70.291
8942.266,-70.291
8942.425,-70.291
8942.457,-70.291
8942.538,-70.291
8942.641,-70.291
8942.746,-70.291
8942.837,-70.291
8942.959,-70.291
8943.040,-70.291
8943.136,-70.291
8943.238,-70.291
8943.344,-70.291
8943.481,-70.291
8943.543,-70.291
8943.643,-70.291
8943.739,-70.291
8943.856,-70.291
8943.959,-70.291
8944.055,-70.291
8944.153,-70.291
8944.234,-70.291
8944.359,-70.291
8944.462,-70.291
8944.557,-70.291
8944.670,-70.291
8944.766,-70.291
8944.866,-70.291
8944.949,-70.291
8945.084,-70.291
8945.180,-70.291
8945.280,-70.291
8945.386,-70.291
8945.484,-70.291
8945.587,-70.291
8945.690,-70.291
8945.736,-70.291
8945.895,-70.291
8945.998,-70.291
8946.027,-70.291
8946.128,-70.291
8946.304,-70.291
8946.332,-70.291
8946.445,-70.291
8946.533,-70.291
8946.635,-70.291
8996.739,-70.291
8996.832,-70.291
8996.929,-70.291
8997.045,-70.291
8997.153,-70.291
8997.226,-70.291
8997.329,-70.291
8997.430,-70.291
8997.521,-70.291
8997.646,-70.291
8997.741,-70.291
8997.839,-70.291
8997.934,-70.291
8998.055,-70.291
8998.150,-70.291
8998.258,-70.291
8998.361,-70.291
8998.424,-70.291
8998.548,-70.291
8998.668,-70.291
8998.736,-70.291
8998.856,-70.291
8998.956,-70.291
8999.072,-70.291
8999.170,-70.291
8999.273,-70.291
8999.359,-70.291
8999.472,-70.291
8999.523,-70.291
8999.625,-70.291
8999.728,-70.291
8999.883,-70.291
8999.998,-70.291
9000.025,-70.291
9000.126,-70.291
9000.222,-70.291
9000.329,-70.291
9000.432,-70.291
9000.532,-70.291
9000.614,-70.291
9000.717,-70.291
9000.829,-70.291
9000.918,-70.291
9001.016,-70.291
9001.118,-70.291
9001.243,-70.291
9001.322,-70.291
9001.425,-70.291
9001.565,-70.291
9001.630,-70.291
9001.731,-70.291
9001.842,-70.291
9001.937,-70.291
9002.028,-70.291
9002.111,-70.291
9002.244,-70.291
9002.346,-70.291
9002.418,-70.291
9002.542,-70.291
9002.668,-70.291
9002.741,-70.291
9002.886,-70.291
9002.959,-70.291
9003.055,-70.291
9003.106,-70.291
9003.302,-70.291
9003.361,-70.291
9003.472,-70.291
9003.592,-70.291
9003.670,-70.291
9003.768,-70.291
9003.810,-70.291
9003.908,-70.291
9004.016,-70.291
9004.190,-70.291
9004.217,-70.291
9004.315,-70.291
9004.418,-70.291
9004.503,-70.291
9004.614,-70.291
9004.711,-70.291
9004.812,-70.291
9004.915,-70.291
9005.013,-70.291
9005.111,-70.291
9005.214,-70.291
9005.315,-70.291
9005.418,-70.291
9005.528,-70.291
9005.623,-70.291
9005.726,-70.291
9005.827,-70.291
9005.930,-70.291
9006.032,-70.291
9006.133,-70.291
9006.236,-70.291
9006.344,-70.291
9006.442,-70.291
9006.562,-70.291
9006.658,-70.291
9056.778,-70.291
9056.859,-70.291
9056.962,-70.291
9057.077,-70.291
9057.096,-70.291
9057.270,-70.291
9057.300,-70.291
9057.396,-70.291
9057.569,-70.291
9057.606,-70.291
9057.702,-70.291
9057.812,-70.291
9057.903,-70.291
9058.001,-70.291
9058.099,-70.291
9058.207,-70.291
9058.309,-70.291
9058.398,-70.291
9058.508,-70.291
9058.594,-70.291
9058.689,-70.291
9058.817,-70.291
9058.888,-70.291
9059.003,-70.291
9059.116,-70.291
9059.217,-70.291
9059.327,-70.291
9059.400,-70.291
9059.523,-70.291
9059.625,-70.291
9059.707,-70.291
9059.829,-70.291
9059.924,-70.291
9060.033,-70.291
9060.131,-70.291
9060.229,-70.291
9060.324,-70.291
9060.430,-70.291
9060.538,-70.291
9060.648,-70.291
9060.753,-70.291
9060.844,-70.291
9060.949,-70.291
9061.050,-70.291
9061.165,-70.291
9061.194,-70.291
9061.290,-70.291
9061.386,-70.291
9061.489,-70.291
9061.587,-70.291
9061.690,-70.291
9061.790,-70.291
9061.902,-70.291
9062.001,-70.291
9062.097,-70.291
9062.280,-70.291
9062.282,-70.291
9062.381,-70.291
9062.484,-70.291
9062.589,-70.291
9062.679,-70.291
9062.780,-70.291
9062.913,-70.291
9063.001,-70.291
9063.099,-70.291
9063.195,-70.291
9063.297,-70.291
9063.396,-70.291
9063.518,-70.291
9063.619,-70.291
9063.714,-70.291
9063.824,-70.291
9063.925,-70.291
9064.023,-70.291
9064.130,-70.291
9064.234,-70.291
9064.334,-70.291
9064.437,-70.291
9064.474,-70.291
9064.635,-70.291
9064.736,-70.291
9064.839,-70.291
9064.942,-70.291
9065.043,-70.291
9065.072,-70.291
9065.187,-70.291
9065.283,-70.291
9065.380,-70.291
9065.479,-70.291
9065.574,-70.291
9065.692,-70.291
9065.773,-70.291
9065.898,-70.291
9065.991,-70.291
9066.086,-70.291
9066.180,-70.291
9066.271,-70.291
9066.373,-70.291
9066.471,-70.291
9066.570,-70.291
9066.677,-70.291
9116.783,-70.291
9116.896,-70.291
9117.005,-70.291
9117.091,-70.291
9117.194,-70.291
9117.265,-70.291
9117.413,-70.291
9117.501,-70.291
9117.613,-70.291
9117.707,-70.291
9117.809,-70.291
9117.912,-70.291
9118.013,-70.291
9118.101,-70.291
9118.217,-70.291
9118.320,-70.291
9118.525,-70.291
9118.528,-70.291
9118.626,-70.291
9118.753,-70.291
9118.837,-70.291
9118.878,-70.291
9118.959,-70.291
9119.072,-70.291
9119.172,-70.291
9119.275,-70.291
9119.371,-70.291
9119.479,-70.291
9119.618,-70.291
9119.675,-70.291
9119.768,-70.291
9119.869,-70.291
9119.959,-70.291
9120.077,-70.291
9120.172,-70.291
9120.266,-70.291
9120.380,-70.291
9120.479,-70.291
9120.577,-70.291
9120.682,-70.291
9120.761,-70.291
9120.885,-70.291
9120.983,-70.291
9121.087,-70.291
9121.197,-70.291
9121.300,-70.291
9121.412,-70.291
9121.498,-70.291
9121.597,-70.291
9121.707,-70.291
9121.822,-70.291
9121.905,-70.291
9122.016,-70.291
9122.113,-70.291
9122.214,-70.291
9122.315,-70.291
9122.418,-70.291
9122.518,-70.291
9122.555,-70.291
9122.655,-70.291
9122.751,-70.291
9122.856,-70.291
9122.957,-70.291
9123.055,-70.291
9123.163,-70.291
9123.271,-70.291
9123.361,-70.291
9123.452,-70.291
9123.567,-70.291
9123.660,-70.291
9123.751,-70.291
9123.849,-70.291
9123.981,-70.291
9124.064,-70.291
9124.163,-70.291
9124.268,-70.291
9124.351,-70.291
9124.466,-70.291
9124.577,-70.291
9124.682,-70.291
9124.763,-70.291
9124.873,-70.291
9124.976,-70.291
9125.087,-70.291
9125.182,-70.291
9125.283,-70.291
9125.386,-70.291
9125.496,-70.291
9125.597,-70.291
9125.695,-70.291
9125.795,-70.291
9125.898,-70.291
9126.001,-70.291
9126.126,-70.291
9126.204,-70.291
9126.315,-70.291
9126.344,-70.291
9126.442,-70.291
9126.555,-70.291
9126.646,-70.291
9176.820,-70.291
9176.847,-70.291
9176.947,-70.291
9177.050,-70.291
9177.158,-70.291
9177.239,-70.291
9177.342,-70.291
9177.449,-70.291
9177.538,-70.291
9177.658,-70.291
9177.756,-70.291
9177.853,-70.291
9177.956,-70.291
9178.049,-70.291
9178.160,-70.291
9178.258,-70.291
9178.356,-70.291
9178.462,-70.291
9178.570,-70.291
9178.668,-70.291
9178.766,-70.291
9178.856,-70.291
9178.978,-70.291
9179.074,-70.291
9179.175,-70.291
9179.278,-70.291
9179.385,-70.291
9179.523,-70.291
9179.584,-70.291
9179.697,-70.291
9179.795,-70.291
9179.908,-70.291
9179.935,-70.291
9180.030,-70.291
9180.197,-70.291
9180.229,-70.291
9180.403,-70.291
9180.430,-70.291
9180.528,-70.291
9180.633,-70.291
9180.744,-70.291
9180.841,-70.291
9181.018,-70.291
9181.048,-70.291
9181.138,-70.291
9181.241,-70.291
9181.334,-70.291
9181.467,-70.291
9181.538,-70.291
9181.636,-70.291
9181.741,-70.291
9181.839,-70.291
9181.940,-70.291
9182.035,-70.291
9182.136,-70.291
9182.256,-70.291
9182.353,-70.291
9182.452,-70.291
9182.554,-70.291
9182.657,-70.291
9182.758,-70.291
9182.873,-70.291
9182.972,-70.291
9183.070,-70.291
9183.173,-70.291
9183.278,-70.291
9183.376,-70.291
9183.486,-70.291
9183.582,-70.291
9183.680,-70.291
9183.783,-70.291
9183.905,-70.291
9183.924,-70.291
9184.020,-70.291
9184.202,-70.291
9184.226,-70.291
9184.327,-70.291
9184.420,-70.291
9184.516,-70.291
9184.641,-70.291
9184.739,-70.291
9184.815,-70.291
9184.917,-70.291
9185.021,-70.291
9185.121,-70.291
9185.219,-70.291
9185.320,-70.291
9185.420,-70.291
9185.523,-70.291
9185.626,-70.291
9185.743,-70.291
9185.832,-70.291
9185.934,-70.291
9186.035,-70.291
9186.177,-70.291
9186.251,-70.291
9186.354,-70.291
9186.447,-70.291
9186.550,-70.291
9186.650,-70.291
21476.771,-70.291
21476.844,-70.291
21476.959,-70.291
21477.060,-70.291
21477.162,-70.291
21477.263,-70.291
21477.386,-70.291
21477.410,-70.291
21477.581,-70.291
21477.673,-70.291
21477.785,-70.291
21477.812,-70.291
21477.913,-70.291
21478.016,-70.291
21478.111,-70.291
21478.209,-70.291
21478.317,-70.291
21478.415,-70.291
21478.596,-70.291
21478.623,-70.291
21478.722,-70.291
21478.824,-70.291
21478.903,-70.291
21479.006,-70.291
21479.121,-70.291
21479.217,-70.291
21479.315,-70.291
21479.418,-70.291
21479.528,-70.291
21479.625,-70.291
21479.722,-70.291
21479.829,-70.291
21479.935,-70.291
21480.062,-70.291
21480.103,-70.291
21480.211,-70.291
21480.337,-70.291
21480.434,-70.291
21480.565,-70.291
21480.638,-70.291
21480.746,-70.291
21480.842,-70.291
21480.959,-70.291
21481.052,-70.291
21481.165,-70.291
21481.268,-70.291
21481.304,-70.291
21481.474,-70.291
21481.501,-70.291
21481.598,-70.291
21481.707,-70.291
21481.809,-70.291
21481.907,-70.291
21482.016,-70.291
21482.101,-70.291
21482.204,-70.291
21482.402,-70.291
21482.405,-70.291
21482.498,-70.291
21482.616,-70.291
21482.692,-70.291
21482.795,-70.291
21482.905,-70.291
21483.000,-70.291
21483.092,-70.291
21483.204,-70.291
21483.295,-70.291
21483.396,-70.291
21483.511,-70.291
21483.601,-70.291
21483.723,-70.291
21483.790,-70.291
21483.922,-70.291
21484.018,-70.291
21484.119,-70.291
21484.214,-70.291
21484.320,-70.291
21484.420,-70.291
21484.562,-70.291
21484.626,-70.291
21484.741,-70.291
21484.844,-70.291
21484.945,-70.291
21485.050,-70.291
21485.158,-70.291
21485.251,-70.291
21485.353,-70.291
21485.456,-70.291
21485.484,-70.291
21485.667,-70.291
21485.685,-70.291
21485.793,-70.291
21485.891,-70.291
21485.994,-70.291
21486.082,-70.291
21486.185,-70.291
21486.283,-70.291
21486.400,-70.291
21486.493,-70.291
21486.589,-70.291
21486.694,-70.291
21536.788,-70.291
21536.890,-70.291
21536.993,-70.291
21537.094,-70.291
21537.207,-70.291
21537.299,-70.291
21537.388,-70.291
21537.505,-70.291
21537.579,-70.291
21537.680,-70.291
21537.812,-70.291
21537.920,-70.291
21538.027,-70.291
21538.128,-70.291
21538.236,-70.291
21538.332,-70.291
21538.435,-70.291
21538.540,-70.291
21538.648,-70.291
21538.724,-70.291
21538.777,-70.291
21538.940,-70.291
21539.042,-70.291
21539.143,-70.291
21539.246,-70.291
21539.275,-70.291
21539.381,-70.291
21539.483,-70.291
21539.655,-70.291
21539.682,-70.291
21539.785,-70.291
21539.885,-70.291
21539.986,-70.291
21540.076,-70.291
21540.175,-70.291
21540.275,-70.291
21540.371,-70.291
21540.489,-70.291
21540.589,-70.291
21540.685,-70.291
21540.783,-70.291
21540.883,-70.291
21540.986,-70.291
21541.089,-70.291
21541.190,-70.291
21541.277,-70.291
21541.396,-70.291
21541.501,-70.291
21541.591,-70.291
21541.677,-70.291
21541.797,-70.291
21541.913,-70.291
21541.988,-70.291
21542.119,-70.291
21542.192,-70.291
21542.300,-70.291
21542.424,-70.291
21542.523,-70.291
21542.648,-70.291
21542.665,-70.291
21542.831,-70.291
21542.932,-70.291
21543.015,-70.291
21543.062,-70.291
21543.239,-70.291
21543.266,-70.291
21543.385,-70.291
21543.472,-70.291
21543.570,-70.291
21543.674,-70.291
21543.761,-70.291
21543.866,-70.291
21543.964,-70.291
21544.082,-70.291
21544.163,-70.291
21544.268,-70.291
21544.391,-70.291
21544.486,-70.291
21544.570,-70.291
21544.673,-70.291
21544.783,-70.291
21544.898,-70.291
21544.979,-70.291
21545.082,-70.291
21545.222,-70.291
21545.298,-70.291
21545.420,-70.291
21545.494,-70.291
21545.589,-70.291
21545.679,-70.291
21545.763,-70.291
21545.866,-70.291
21545.976,-70.291
21546.106,-70.291
21546.207,-70.291
21546.322,-70.291
21546.408,-70.291
21546.533,-70.291
21546.562,-70.291
21546.660,-70.291
21596.758,-70.291
21596.854,-70.291
21597.020,-70.291
21597.057,-70.291
21597.172,-70.291
21597.268,-70.291
21597.364,-70.291
21597.462,-70.291
21597.565,-70.291
21597.667,-70.291
21597.768,-70.291
21597.864,-70.291
21597.959,-70.291
21598.062,-70.291
21598.160,-70.291
21598.258,-70.291
21598.359,-70.291
21598.462,-70.291
21598.572,-70.291
21598.675,-70.291
21598.778,-70.291
21598.896,-70.291
21598.974,-70.291
21599.077,-70.291
21599.179,-70.291
21599.261,-70.291
21599.386,-70.291
21599.491,-70.291
21599.587,-70.291
21599.701,-70.291
21599.793,-70.291
21599.895,-70.291
21599.998,-70.291
21600.113,-70.291
21600.143,-70.291
21600.305,-70.291
21600.418,-70.291
21600.445,-70.291
21600.543,-70.291
21600.646,-70.291
21600.756,-70.291
21600.854,-70.291
21600.949,-70.291
21601.040,-70.291
21601.145,-70.291
21601.250,-70.291
21601.353,-70.291
21601.538,-70.291
21601.543,-70.291
21601.655,-70.291
21601.748,-70.291
21601.859,-70.291
21601.974,-70.291
21602.055,-70.291
21602.180,-70.291
21602.239,-70.291
21602.361,-70.291
21602.462,-70.291
21602.572,-70.291
21602.660,-70.291
21602.763,-70.291
21602.864,-70.291
21602.983,-70.291
21603.077,-70.291
21603.175,-70.291
21603.273,-70.291
21603.376,-70.291
21603.473,-70.291
21603.581,-70.291
21603.672,-70.291
21603.785,-70.291
21603.890,-70.291
21603.991,-70.291
21604.094,-70.291
21604.197,-70.291
21604.299,-70.291
21604.415,-70.291
21604.503,-70.291
21604.530,-70.291
21604.707,-70.291
21604.734,-70.291
21604.844,-70.291
21604.944,-70.291
21605.043,-70.291
21605.143,-70.291
21605.246,-70.291
21605.342,-70.291
21605.451,-70.291
21605.533,-70.291
21605.638,-70.291
21605.734,-70.291
21605.834,-70.291
21605.947,-70.291
21606.050,-70.291
21606.128,-70.291
21606.244,-70.291
21606.341,-70.291
21606.440,-70.291
21606.542,-70.291
21606.630,-70.291
21656.750,-70.291
21656.859,-70.291
21656.954,-70.291
21657.052,-70.291
21657.175,-70.291
21657.273,-70.291
21657.393,-70.291
21657.474,-70.291
21657.570,-70.291
21657.668,-70.291
21657.785,-70.291
21657.883,-70.291
21657.979,-70.291
21658.108,-70.291
21658.190,-70.291
21658.219,-70.291
21658.396,-70.291
21658.422,-70.291
21658.530,-70.291
21658.636,-70.291
21658.731,-70.291
21658.817,-70.291
21658.920,-70.291
21659.018,-70.291
21659.146,-70.291
21659.231,-70.291
21659.327,-70.291
21659.427,-70.291
21659.523,-70.291
21659.623,-70.291
21659.724,-70.291
21659.827,-70.291
21659.920,-70.291
21660.038,-70.291
21660.135,-70.291
21660.246,-70.291
21660.339,-70.291
21660.442,-70.291
21660.545,-70.291
21660.657,-70.291
21660.741,-70.291
21660.864,-70.291
21660.972,-70.291
21661.067,-70.291
21661.163,-70.291
21661.261,-70.291
21661.327,-70.291
21661.434,-70.291
21661.535,-70.291
21661.609,-70.291
21661.773,-70.291
21661.875,-70.291
21661.972,-70.291
21662.070,-70.291
21662.128,-70.291
21662.209,-70.291
21662.312,-70.291
21662.423,-70.291
21662.518,-70.291
21662.616,-70.291
21662.716,-70.291
21662.817,-70.291
21662.929,-70.291
21663.028,-70.291
21663.123,-70.291
21663.228,-70.291
21663.317,-70.291
21663.418,-70.291
21663.518,-70.291
21663.640,-70.291
21663.719,-70.291
21663.822,-70.291
21663.930,-70.291
21664.033,-70.291
21664.128,-70.291
21664.231,-70.291
21664.334,-70.291
21664.447,-70.291
21664.543,-70.291
21664.650,-70.291
21664.744,-70.291
21664.844,-70.291
21664.947,-70.291
21665.067,-70.291
21665.157,-70.291
21665.256,-70.291
21665.366,-70.291
21665.432,-70.291
21665.498,-70.291
21665.673,-70.291
21665.699,-70.291
21665.800,-70.291
21665.898,-70.291
21666.006,-70.291
21666.103,-70.291
21666.209,-70.291
21666.305,-70.291
21666.405,-70.291
21666.508,-70.291
21666.599,-70.291
21666.702,-70.291
21716.829,-70.291
21716.903,-70.291
21716.996,-70.291
21717.116,-70.291
21717.204,-70.291
21717.315,-70.291
21717.415,-70.291
21717.518,-70.291
21717.613,-70.291
21717.712,-70.291
21717.815,-70.291
21717.910,-70.291
21718.018,-70.291
21718.116,-70.291
21718.244,-70.291
21718.320,-70.291
21718.449,-70.291
21718.543,-70.291
21718.641,-70.291
21718.741,-70.291
21718.829,-70.291
21718.951,-70.291
21719.043,-70.291
21719.153,-70.291
21719.190,-70.291
21719.290,-70.291
21719.388,-70.291
21719.493,-70.291
21719.587,-70.291
21719.690,-70.291
21719.788,-70.291
21719.891,-70.291
21719.989,-70.291
21720.091,-70.291
21720.212,-70.291
21720.283,-70.291
21720.383,-70.291
21720.503,-70.291
21720.606,-70.291
21720.684,-70.291
21720.785,-70.291
21720.898,-70.291
21720.989,-70.291
21721.101,-70.291
21721.201,-70.291
21721.314,-70.291
21721.403,-70.291
21721.501,-70.291
21721.592,-70.291
21721.726,-70.291
21721.810,-70.291
21721.910,-70.291
21722.008,-70.291
21722.118,-70.291
21722.229,-70.291
21722.334,-70.291
21722.424,-70.291
21722.537,-70.291
21722.636,-70.291
21722.739,-70.291
21722.859,-70.291
21722.937,-70.291
21723.047,-70.291
21723.153,-70.291
21723.243,-70.291
21723.344,-70.291
21723.457,-70.291
21723.488,-70.291
21723.586,-70.291
21723.758,-70.291
21723.790,-70.291
21723.886,-70.291
21723.986,-70.291
21724.084,-70.291
21724.192,-70.291
21724.278,-70.291
21724.375,-70.291
21724.473,-70.291
21724.582,-70.291
21724.675,-70.291
21724.799,-70.291
21724.880,-70.291
21724.989,-70.291
21725.074,-70.291
21725.179,-70.291
21725.290,-70.291
21725.400,-70.291
21725.474,-70.291
21725.598,-70.291
21725.724,-70.291
21725.790,-70.291
21725.910,-70.291
21726.016,-70.291
21726.136,-70.291
21726.212,-70.291
21726.315,-70.291
21726.417,-70.291
21726.528,-70.291
21726.633,-70.291
21776.736,-70.291
21776.827,-70.291
21776.869,-70.291
21777.030,-70.291
21777.133,-70.291
21777.238,-70.291
21777.268,-70.291
21777.364,-70.291
21777.467,-70.291
21777.584,-70.291
21777.680,-70.291
21777.778,-70.291
21777.873,-70.291
21777.984,-70.291
21778.079,-70.291
21778.182,-70.291
21778.283,-70.291
21778.361,-70.291
21778.464,-70.291
21778.574,-70.291
21778.679,-70.291
21778.782,-70.291
21778.880,-70.291
21778.986,-70.291
21779.089,-70.291
21779.185,-70.291
21779.288,-70.291
21779.396,-70.291
21779.491,-70.291
21779.594,-70.291
21779.695,-70.291
21779.805,-70.291
21779.907,-70.291
21780.001,-70.291
21780.101,-70.291
21780.170,-70.291
21780.280,-70.291
21780.400,-70.291
21780.513,-70.291
21780.614,-70.291
21780.717,-70.291
21780.837,-70.291
21780.864,-70.291
21780.959,-70.291
21781.057,-70.291
21781.160,-70.291
21781.261,-70.291
21781.359,-70.291
21781.457,-70.291
21781.560,-70.291
21781.655,-70.291
21781.753,-70.291
21781.853,-70.291
21781.973,-70.291
21782.074,-70.291
21782.150,-70.291
21782.270,-70.291
21782.366,-70.291
21782.467,-70.291
21782.564,-70.291
21782.663,-70.291
21782.765,-70.291
21782.869,-70.291
21782.971,-70.291
21783.072,-70.291
21783.175,-70.291
21783.285,-70.291
21783.408,-70.291
21783.483,-70.291
21783.577,-70.291
21783.697,-70.291
21783.795,-70.291
21783.891,-70.291
21784.030,-70.291
21784.097,-70.291
21784.194,-70.291
21784.302,-70.291
21784.361,-70.291
21784.469,-70.291
21784.547,-70.291
21784.646,-70.291
21784.744,-70.291
21784.908,-70.291
21785.011,-70.291
21785.062,-70.291
21785.160,-70.291
21785.255,-70.291
21785.353,-70.291
21785.462,-70.291
21785.559,-70.291
21785.655,-70.291
21785.758,-70.291
21785.851,-70.291
21785.949,-70.291
21786.047,-70.291
21786.155,-70.291
21786.256,-70.291
21786.354,-70.291
21786.456,-70.291
21786.557,-70.291
21786.665,-70.291
22076.768,-70.291
22076.864,-70.291
22076.973,-70.291
22077.097,-70.291
22077.168,-70.291
22077.271,-70.291
22077.373,-70.291
22077.469,-70.291
22077.587,-70.291
22077.690,-70.291
22077.785,-70.291
22077.891,-70.291
22077.993,-70.291
22078.092,-70.291
22078.214,-70.291
22078.295,-70.291
22078.354,-70.291
22078.501,-70.291
22078.626,-70.291
22078.674,-70.291
22078.775,-70.291
22078.900,-70.291
22078.949,-70.291
22079.038,-70.291
22079.133,-70.291
22079.243,-70.291
22079.339,-70.291
22079.435,-70.291
22079.535,-70.291
22079.636,-70.291
22079.753,-70.291
22079.849,-70.291
22079.934,-70.291
22080.052,-70.291
22080.141,-70.291
22080.239,-70.291
22080.342,-70.291
22080.488,-70.291
22080.562,-70.291
22080.657,-70.291
22080.756,-70.291
22080.856,-70.291
22080.959,-70.291
22081.060,-70.291
22081.160,-70.291
22081.273,-70.291
22081.376,-70.291
22081.471,-70.291
22081.572,-70.291
22081.675,-70.291
22081.773,-70.291
22081.891,-70.291
22081.993,-70.291
22082.092,-70.291
22082.190,-70.291
22082.300,-70.291
22082.398,-70.291
22082.430,-70.291
22082.530,-70.291
22082.626,-70.291
22082.726,-70.291
22082.832,-70.291
22082.939,-70.291
22083.038,-70.291
22083.140,-70.291
22083.222,-70.291
22083.425,-70.291
22083.427,-70.291
22083.527,-70.291
22083.631,-70.291
22083.726,-70.291
22083.837,-70.291
22083.937,-70.291
22084.033,-70.291
22084.138,-70.291
22084.234,-70.291
22084.329,-70.291
22084.432,-70.291
22084.532,-70.291
22084.636,-70.291
22084.756,-70.291
22084.873,-70.291
22084.951,-70.291
22085.045,-70.291
22085.163,-70.291
22085.266,-70.291
22085.366,-70.291
22085.467,-70.291
22085.567,-70.291
22085.670,-70.291
22085.770,-70.291
22085.881,-70.291
22085.976,-70.291
22086.077,-70.291
22086.114,-70.291
22086.214,-70.291
22086.322,-70.291
22086.420,-70.291
22086.521,-70.291
22086.619,-70.291
22136.714,-70.291
22136.817,-70.291
22136.925,-70.291
22137.035,-70.291
22137.130,-70.291
22137.231,-70.291
22137.329,-70.291
22137.424,-70.291
22137.525,-70.291
22137.628,-70.291
22137.724,-70.291
22137.837,-70.291
22137.934,-70.291
22138.013,-70.291
22138.135,-70.291
22138.253,-70.291
22138.326,-70.291
22138.442,-70.291
22138.548,-70.291
22138.645,-70.291
22138.744,-70.291
22138.871,-70.291
22138.944,-70.291
22139.055,-70.291
22139.160,-70.291
22139.251,-70.291
22139.354,-70.291
22139.457,-70.291
22139.567,-70.291
22139.670,-70.291
22139.793,-70.291
22139.868,-70.291
22139.979,-70.291
22140.081,-70.291
22140.109,-70.291
22140.204,-70.291
22140.307,-70.291
22140.408,-70.291
22140.513,-70.291
22140.611,-70.291
22140.707,-70.291
22140.820,-70.291
22140.920,-70.291
22141.023,-70.291
22141.118,-70.291
22141.222,-70.291
22141.300,-70.291
22141.403,-70.291
22141.516,-70.291
22141.618,-70.291
22141.717,-70.291
22141.812,-70.291
22141.927,-70.291
22142.021,-70.291
22142.141,-70.291
22142.223,-70.291
22142.305,-70.291
22142.413,-70.291
22142.498,-70.291
22142.640,-70.291
22142.709,-70.291
22142.812,-70.291
22142.957,-70.291
22143.018,-70.291
22143.136,-70.291
22143.236,-70.291
22143.351,-70.291
22143.459,-70.291
22143.555,-70.291
22143.655,-70.291
22143.695,-70.291
22143.795,-70.291
22143.893,-70.291
22144.065,-70.291
22144.098,-70.291
22144.201,-70.291
22144.298,-70.291
22144.410,-70.291
22144.506,-70.291
22144.603,-70.291
22144.704,-70.291
22144.795,-70.291
22144.898,-70.291
22144.993,-70.291
22145.094,-70.291
22145.192,-70.291
22145.317,-70.291
22145.395,-70.291
22145.498,-70.291
22145.609,-70.291
22145.707,-70.291
22145.829,-70.291
22145.910,-70.291
22145.989,-70.291
22146.096,-70.291
22146.244,-70.291
22146.329,-70.291
22146.390,-70.291
22146.516,-70.291
22146.604,-70.291
22196.741,-70.291
22196.900,-70.291
22196.957,-70.291
22197.021,-70.291
22197.148,-70.291
22197.244,-70.291
22197.369,-70.291
22197.444,-70.291
22197.547,-70.291
22197.648,-70.291
22197.692,-70.291
22197.853,-70.291
22197.881,-70.291
22197.979,-70.291
22198.082,-70.291
22198.184,-70.291
22198.288,-70.291
22198.391,-70.291
22198.496,-70.291
22198.598,-70.291
22198.699,-70.291
22198.793,-70.291
22198.881,-70.291
22198.981,-70.291
22199.082,-70.291
22199.207,-70.291
22199.288,-70.291
22199.388,-70.291
22199.528,-70.291
22199.596,-70.291
22199.719,-70.291
22199.790,-70.291
22199.902,-70.291
22200.008,-70.291
22200.096,-70.291
22200.182,-70.291
22200.312,-70.291
22200.408,-70.291
22200.510,-70.291
22200.631,-70.291
22200.714,-70.291
22200.834,-70.291
22200.939,-70.291
22201.045,-70.291
22201.077,-70.291
22201.258,-70.291
22201.354,-70.291
22201.516,-70.291
22201.562,-70.291
22201.609,-70.291
22201.741,-70.291
22201.942,-70.291
22202.052,-70.291
22202.082,-70.291
22202.123,-70.291
22202.239,-70.291
22202.337,-70.291
22202.476,-70.291
22202.506,-70.291
22202.606,-70.291
22202.684,-70.291
22202.788,-70.291
22202.896,-70.291
22202.996,-70.291
22203.113,-70.291
22203.192,-70.291
22203.288,-70.291
22203.396,-70.291
22203.508,-70.291
22203.597,-70.291
22203.675,-70.291
22203.819,-70.291
22203.912,-70.291
22204.351,-70.291
22204.413,-70.291
22204.670,-70.291
22204.859,-70.291
22204.915,-70.291
22204.947,-70.291
22205.040,-70.291
22205.125,-70.291
22205.260,-70.291
22205.366,-70.291
22205.472,-70.291
22205.538,-70.291
22205.626,-70.291
22205.667,-70.291
22205.793,-70.291
22205.886,-70.291
22205.966,-70.291
22206.092,-70.291
22206.170,-70.291
22206.278,-70.291
22206.356,-70.291
22206.467,-70.291
22206.564,-70.291
22206.672,-70.291
22256.800,-70.291
22256.888,-70.291
22256.983,-70.291
22257.092,-70.291
22257.187,-70.291
22257.295,-70.291
22257.391,-70.291
22257.501,-70.291
22257.596,-70.291
22257.690,-70.291
22257.812,-70.291
22257.907,-70.291
22257.988,-70.291
22258.099,-70.291
22258.160,-70.291
22258.271,-70.291
22258.408,-70.291
22258.471,-70.291
22258.614,-70.291
22258.677,-70.291
22258.820,-70.291
22258.893,-70.291
22259.020,-70.291
22259.131,-70.291
22259.163,-70.291
22259.322,-70.291
22259.369,-70.291
22259.457,-70.291
22259.569,-70.291
22259.665,-70.291
22259.760,-70.291
22259.871,-70.291
22259.962,-70.291
22260.057,-70.291
22260.150,-70.291
22260.261,-70.291
22260.356,-70.291
22260.454,-70.291
22260.570,-70.291
22260.679,-70.291
22260.775,-70.291
22260.869,-70.291
22260.994,-70.291
22261.089,-70.291
22261.180,-70.291
22261.398,-70.291
22261.462,-70.291
22261.521,-70.291
22261.631,-70.291
22261.722,-70.291
22261.846,-70.291
22261.910,-70.291
22262.033,-70.291
22262.111,-70.291
22262.168,-70.291
22262.310,-70.291
22262.405,-70.291
22262.437,-70.291
22262.606,-70.291
22262.653,-70.291
22262.810,-70.291
22262.922,-70.291
22263.018,-70.291
22263.049,-70.291
22263.155,-70.291
22263.251,-70.291
22263.346,-70.291
22263.457,-70.291
22263.552,-70.291
22263.643,-70.291
22263.751,-70.291
22263.863,-70.291
22263.944,-70.291
22264.035,-70.291
22264.146,-70.291
22264.253,-70.291
22264.347,-70.291
22264.457,-70.291
22264.552,-70.291
22264.646,-70.291
22264.768,-70.291
22264.863,-70.291
22264.974,-70.291
22265.084,-70.291
22265.182,-70.291
22265.246,-70.291
22265.381,-70.291
22265.445,-70.291
22265.554,-70.291
22265.663,-70.291
22265.770,-70.291
22265.881,-70.291
22265.974,-70.291
22266.070,-70.291
22266.199,-70.291
22266.315,-70.291
22266.415,-70.291
22266.494,-70.291
22266.606,-70.291
22266.699,-70.291
22316.746,-70.291
22316.836,-70.291
22316.930,-70.291
22317.040,-70.291
22317.152,-70.291
22317.246,-70.291
22317.337,-70.291
22317.447,-70.291
22317.543,-70.291
22317.638,-70.291
22317.731,-70.291
22317.834,-70.291
22317.967,-70.291
22318.028,-70.291
22318.138,-70.291
22318.239,-70.291
22318.366,-70.291
22318.454,-70.291
22318.545,-70.291
22318.658,-70.291
22318.750,-70.291
22318.861,-70.291
22318.949,-70.291
22319.062,-70.291
22319.170,-70.291
22319.248,-70.291
22319.375,-70.291
22319.469,-70.291
22319.560,-70.291
22319.640,-70.291
22319.913,-70.291
22319.929,-70.291
22319.974,-70.291
22320.016,-70.291
22320.190,-70.291
22320.300,-70.291
22320.380,-70.291
22320.427,-70.291
22320.533,-70.291
22320.643,-70.291
22320.738,-70.291
22320.981,-70.291
22321.023,-70.291
22321.163,-70.291
22321.503,-70.291
22321.655,-70.291
22321.670,-70.291
22321.756,-70.291
22321.839,-70.291
22321.967,-70.291
22322.028,-70.291
22322.130,-70.291
22322.226,-70.291
22322.320,-70.291
22322.432,-70.291
22322.542,-70.291
22322.636,-70.291
22322.729,-70.291
22322.854,-70.291
22322.979,-70.291
22323.091,-70.291
22323.153,-70.291
22323.258,-70.291
22323.353,-70.291
22323.464,-70.291
22323.560,-70.291
22323.623,-70.291
22323.793,-70.291
22323.809,-70.291
22323.935,-70.291
22324.077,-70.291
22324.204,-70.291
22324.246,-70.291
22324.326,-70.291
22324.422,-70.291
22324.533,-70.291
22324.611,-70.291
22324.723,-70.291
22324.826,-70.291
22324.920,-70.291
22325.016,-70.291
22325.126,-70.291
22325.207,-70.291
22325.327,-70.291
22325.423,-70.291
22325.516,-70.291
22325.628,-70.291
22325.707,-70.291
22325.829,-70.291
22325.924,-70.291
22326.035,-70.291
22326.131,-70.291
22326.226,-70.291
22326.336,-70.291
22326.440,-70.291
22326.535,-70.291
22326.631,-70.291
22376.726,-70.291
22376.837,-70.291
22376.940,-70.291
22377.052,-70.291
22377.148,-70.291
22377.243,-70.291
22377.339,-70.291
22377.476,-70.291
22377.552,-70.291
22377.663,-70.291
22377.761,-70.291
22377.886,-70.291
22377.900,-70.291
22378.006,-70.291
22378.101,-70.291
22378.197,-70.291
22378.307,-70.291
22378.402,-70.291
22378.543,-70.291
22378.621,-70.291
22378.714,-70.291
22378.810,-70.291
22378.903,-70.291
22378.998,-70.291
22379.101,-70.291
22379.195,-70.291
22379.322,-70.291
22379.418,-70.291
22379.511,-70.291
22379.619,-70.291
22379.714,-70.291
22379.807,-70.291
22379.918,-70.291
22380.045,-70.291
22380.109,-70.291
22380.233,-70.291
22380.329,-70.291
22380.408,-70.291
22380.537,-70.291
22380.625,-70.291
22380.748,-70.291
22380.842,-70.291
22380.937,-70.291
22381.050,-70.291
22381.153,-70.291
22381.248,-70.291
22381.342,-70.291
22381.454,-70.291
22381.564,-70.291
22381.597,-70.291
22381.766,-70.291
22381.876,-70.291
22381.891,-70.291
22381.986,-70.291
22382.097,-70.291
22382.190,-70.291
22382.283,-70.291
22382.395,-70.291
22382.505,-70.291
22382.582,-70.291
22382.711,-70.291
22382.815,-70.291
22382.895,-70.291
22382.989,-70.291
22383.084,-70.291
22383.209,-70.291
22383.285,-70.291
22383.395,-70.291
22383.489,-70.291
22383.584,-70.291
22383.711,-70.291
22383.802,-70.291
22383.898,-70.291
22384.008,-70.291
22384.101,-70.291
22384.229,-70.291
22384.319,-70.291
22384.413,-70.291
22384.523,-70.291
22384.619,-70.291
22384.729,-70.291
22384.864,-70.291
22384.945,-70.291
22385.040,-70.291
22385.135,-70.291
22385.244,-70.291
22385.339,-70.291
22385.447,-70.291
22385.559,-70.291
22385.653,-70.291
22385.748,-70.291
22385.844,-70.291
22385.876,-70.291
22385.996,-70.291
22386.091,-70.291
22386.187,-70.291
22386.280,-70.291
22386.390,-70.291
22386.496,-70.291
22386.592,-70.291
22386.687,-70.291
22676.815,-70.291
22676.878,-70.291
22677.000,-70.291
22677.079,-70.291
22677.187,-70.291
22677.282,-70.291
22677.393,-70.291
22677.488,-70.291
22677.628,-70.291
22677.707,-70.291
22677.770,-70.291
22677.896,-70.291
22677.976,-70.291
22678.126,-70.291
22678.190,-70.291
22678.302,-70.291
22678.427,-70.291
22678.493,-70.291
22678.628,-70.291
22678.724,-70.291
22678.834,-70.291
22678.929,-70.291
22679.025,-70.291
22679.128,-70.291
22679.224,-70.291
22679.334,-70.291
22679.430,-70.291
22679.540,-70.291
22679.679,-70.291
22679.773,-70.291
22679.868,-70.291
22679.994,-70.291
22680.091,-70.291
22680.180,-70.291
22680.290,-70.291
22680.369,-70.291
22680.466,-70.291
22680.574,-70.291
22680.665,-70.291
22680.773,-70.291
22680.869,-70.291
22680.979,-70.291
22681.059,-70.291
22681.170,-70.291
22681.275,-70.291
22681.369,-70.291
22681.481,-70.291
22681.591,-70.291
22681.687,-70.291
22681.793,-70.291
22681.888,-70.291
22681.984,-70.291
22682.094,-70.291
22682.204,-70.291
22682.310,-70.291
22682.405,-70.291
22682.533,-70.291
22682.611,-70.291
22682.707,-70.291
22682.810,-70.291
22682.922,-70.291
22683.016,-70.291
22683.128,-70.291
22683.224,-70.291
22683.271,-70.291
22683.452,-70.291
22683.469,-70.291
22683.564,-70.291
22683.658,-70.291
22683.753,-70.291
22683.876,-70.291
22683.971,-70.291
22684.067,-70.291
22684.177,-70.291
22684.271,-70.291
22684.376,-70.291
22684.456,-70.291
22684.567,-70.291
22684.662,-70.291
22684.773,-70.291
22684.866,-70.291
22684.973,-70.291
22685.082,-70.291
22685.179,-70.291
22685.305,-70.291
22685.386,-70.291
22685.506,-70.291
22685.584,-70.291
22685.680,-70.291
22685.790,-70.291
22685.886,-70.291
22685.949,-70.291
22686.101,-70.291
22686.165,-70.291
22686.277,-70.291
22686.420,-70.291
22686.491,-70.291
22686.586,-70.291
22736.712,-70.291
22736.809,-70.291
22736.920,-70.291
22737.025,-70.291
22737.119,-70.291
22737.214,-70.291
22737.246,-70.291
22737.341,-70.291
22737.467,-70.291
22737.557,-70.291
22737.652,-70.291
22737.748,-70.291
22737.859,-70.291
22737.954,-70.291
22738.049,-70.291
22738.170,-70.291
22738.248,-70.291
22738.359,-70.291
22738.454,-70.291
22738.549,-70.291
22738.653,-70.291
22738.748,-70.291
22738.859,-70.291
22738.939,-70.291
22739.050,-70.291
22739.155,-70.291
22739.266,-70.291
22739.361,-70.291
22739.457,-70.291
22739.552,-70.291
22739.672,-70.291
22739.750,-70.291
22739.846,-70.291
22740.025,-70.291
22740.081,-70.291
22740.192,-70.291
22740.300,-70.291
22740.364,-70.291
22740.459,-70.291
22740.616,-70.291
22740.633,-70.291
22740.768,-70.291
22740.910,-70.291
22741.006,-70.291
22741.038,-70.291
22741.228,-70.291
22741.263,-70.291
22741.349,-70.291
22741.444,-70.291
22741.554,-70.291
22741.650,-70.291
22741.744,-70.291
22741.849,-70.291
22741.945,-70.291
22742.060,-70.291
22742.150,-70.291
22742.261,-70.291
22742.351,-70.291
22742.478,-70.291
22742.540,-70.291
22742.652,-70.291
22742.748,-70.291
22742.866,-70.291
22742.947,-70.291
22743.057,-70.291
22743.152,-70.291
22743.263,-70.291
22743.356,-70.291
22743.479,-70.291
22743.574,-70.291
22743.685,-70.291
22743.780,-70.291
22743.876,-70.291
22743.981,-70.291
22744.077,-70.291
22744.187,-70.291
22744.299,-70.291
22744.346,-70.291
22744.483,-70.291
22744.594,-70.291
22744.704,-70.291
22744.736,-70.291
22744.895,-70.291
22744.927,-70.291
22745.030,-70.291
22745.126,-70.291
22745.234,-70.291
22745.347,-70.291
22745.442,-70.291
22745.533,-70.291
22745.628,-70.291
22745.723,-70.291
22745.834,-70.291
22745.930,-70.291
22746.033,-70.291
22746.126,-70.291
22746.238,-70.291
22746.332,-70.291
22746.445,-70.291
22746.538,-70.291
22746.643,-70.291
22796.739,-70.291
22796.866,-70.291
22796.961,-70.291
22797.055,-70.291
22797.155,-70.291
22797.226,-70.291
22797.349,-70.291
22797.451,-70.291
22797.552,-70.291
22797.663,-70.291
22797.763,-70.291
22797.864,-70.291
22797.962,-70.291
22798.008,-70.291
22798.158,-70.291
22798.212,-70.291
22798.381,-70.291
22798.410,-70.291
22798.510,-70.291
22798.723,-70.291
22798.726,-70.291
22798.820,-70.291
22798.908,-70.291
22799.018,-70.291
22799.114,-70.291
22799.224,-70.291
22799.320,-70.291
22799.403,-70.291
22799.501,-70.291
22799.611,-70.291
22799.719,-70.291
22799.822,-70.291
22799.924,-70.291
22800.010,-70.291
22800.114,-70.291
22800.214,-70.291
22800.312,-70.291
22800.413,-70.291
22800.537,-70.291
22800.621,-70.291
22800.723,-70.291
22800.820,-70.291
22800.945,-70.291
22801.042,-70.291
22801.140,-70.291
22801.239,-70.291
22801.344,-70.291
22801.445,-70.291
22801.549,-70.291
22801.636,-70.291
22801.756,-70.291
22801.795,-70.291
22801.898,-70.291
22802.069,-70.291
22802.097,-70.291
22802.195,-70.291
22802.295,-70.291
22802.396,-70.291
22802.570,-70.291
22802.596,-70.291
22802.697,-70.291
22802.810,-70.291
22802.905,-70.291
22803.005,-70.291
22803.108,-70.291
22803.209,-70.291
22803.310,-70.291
22803.413,-70.291
22803.498,-70.291
22803.599,-70.291
22803.701,-70.291
22803.805,-70.291
22803.913,-70.291
22804.013,-70.291
22804.091,-70.291
22804.209,-70.291
22804.320,-70.291
22804.418,-70.291
22804.501,-70.291
22804.621,-70.291
22804.689,-70.291
22804.814,-70.291
22804.900,-70.291
22805.001,-70.291
22805.106,-70.291
22805.226,-70.291
22805.312,-70.291
22805.447,-70.291
22805.550,-70.291
22805.653,-70.291
22805.750,-70.291
22805.856,-70.291
22805.885,-70.291
22806.062,-70.291
22806.089,-70.291
22806.187,-70.291
22806.292,-70.291
22806.388,-70.291
22806.484,-70.291
22806.589,-70.291
22806.690,-70.291
22856.783,-70.291
22856.895,-70.291
22857.000,-70.291
22857.104,-70.291
22857.217,-70.291
22857.280,-70.291
22857.391,-70.291
22857.491,-70.291
22857.591,-70.291
22857.690,-70.291
22857.793,-70.291
22857.883,-70.291
22857.998,-70.291
22858.109,-70.291
22858.209,-70.291
22858.305,-70.291
22858.391,-70.291
22858.493,-70.291
22858.577,-70.291
22858.680,-70.291
22858.788,-70.291
22858.920,-70.291
22859.032,-70.291
22859.099,-70.291
22859.221,-70.291
22859.320,-70.291
22859.427,-70.291
22859.543,-70.291
22859.641,-70.291
22859.738,-70.291
22859.834,-70.291
22859.885,-70.291
22859.983,-70.291
22860.092,-70.291
22860.175,-70.291
22860.278,-70.291
22860.381,-70.291
22860.481,-70.291
22860.586,-70.291
22860.684,-70.291
22860.787,-70.291
22860.871,-70.291
22860.993,-70.291
22861.070,-70.291
22861.192,-70.291
22861.278,-70.291
22861.378,-70.291
22861.479,-70.291
22861.604,-70.291
22861.684,-70.291
22861.788,-70.291
22861.888,-70.291
22862.003,-70.291
22862.104,-70.291
22862.207,-70.291
22862.299,-70.291
22862.410,-70.291
22862.511,-70.291
22862.611,-70.291
22862.744,-70.291
22862.819,-70.291
22862.895,-70.291
22863.030,-70.291
22863.086,-70.291
22863.162,-70.291
22863.263,-70.291
22863.366,-70.291
22863.521,-70.291
22863.631,-70.291
22863.734,-70.291
22863.766,-70.291
22863.871,-70.291
22863.967,-70.291
22864.070,-70.291
22864.167,-70.291
22864.268,-70.291
22864.366,-70.291
22864.469,-70.291
22864.569,-70.291
22864.695,-70.291
22864.768,-70.291
22864.869,-70.291
22864.962,-70.291
22865.062,-70.291
22865.165,-70.291
22865.280,-70.291
22865.376,-70.291
22865.478,-70.291
22865.576,-70.291
22865.677,-70.291
22865.780,-70.291
22865.883,-70.291
22865.986,-70.291
22866.087,-70.291
22866.190,-70.291
22866.293,-70.291
22866.407,-70.291
22866.506,-70.291
22866.601,-70.291
22866.706,-70.291
22916.804,-70.291
22916.873,-70.291
22916.979,-70.291
22917.118,-70.291
22917.185,-70.291
22917.305,-70.291
22917.358,-70.291
22917.464,-70.291
22917.614,-70.291
22917.667,-70.291
22917.751,-70.291
22917.854,-70.291
22917.954,-70.291
22918.077,-70.291
22918.175,-70.291
22918.251,-70.291
22918.351,-70.291
22918.478,-70.291
22918.570,-70.291
22918.652,-70.291
22918.748,-70.291
22918.875,-70.291
22918.967,-70.291
22919.089,-70.291
22919.190,-70.291
22919.278,-70.291
22919.375,-70.291
22919.479,-70.291
22919.582,-70.291
22919.646,-70.291
22919.805,-70.291
22919.876,-70.291
22919.979,-70.291
22920.106,-70.291
22920.185,-70.291
22920.310,-70.291
22920.380,-70.291
22920.491,-70.291
22920.594,-70.291
22920.695,-70.291
22920.822,-70.291
22920.902,-70.291
22920.959,-70.291
22921.116,-70.291
22921.209,-70.291
22921.310,-70.291
22921.341,-70.291
22921.440,-70.291
22921.554,-70.291
22921.687,-70.291
22921.741,-70.291
22921.849,-70.291
22921.945,-70.291
22922.040,-70.291
22922.136,-70.291
22922.236,-70.291
22922.339,-70.291
22922.447,-70.291
22922.540,-70.291
22922.641,-70.291
22922.758,-70.291
22922.847,-70.291
22922.961,-70.291
22923.052,-70.291
22923.153,-70.291
22923.255,-70.291
22923.364,-70.291
22923.462,-70.291
22923.569,-70.291
22923.687,-70.291
22923.741,-70.291
22923.878,-70.291
22923.973,-70.291
22924.074,-70.291
22924.177,-70.291
22924.278,-70.291
22924.381,-70.291
22924.491,-70.291
22924.597,-70.291
22924.694,-70.291
22924.793,-70.291
22924.834,-70.291
22924.996,-70.291
22925.101,-70.291
22925.126,-70.291
22925.315,-70.291
22925.344,-70.291
22925.442,-70.291
22925.549,-70.291
22925.638,-70.291
22925.739,-70.291
22925.848,-70.291
22925.927,-70.291
22926.023,-70.291
22926.133,-70.291
22926.233,-70.291
22926.332,-70.291
22926.440,-70.291
22926.540,-70.291
22926.626,-70.291
22976.748,-70.291
22976.841,-70.291
22976.942,-70.291
22977.045,-70.291
22977.141,-70.291
22977.224,-70.291
22977.364,-70.291
22977.429,-70.291
22977.530,-70.291
22977.650,-70.291
22977.751,-70.291
22977.847,-70.291
22977.969,-70.291
22978.098,-70.291
22978.160,-70.291
22978.270,-70.291
22978.319,-70.291
22978.418,-70.291
22978.586,-70.291
22978.685,-70.291
22978.778,-70.291
22978.876,-70.291
22978.927,-70.291
22979.025,-70.291
22979.121,-70.291
22979.224,-70.291
22979.327,-70.291
22979.425,-70.291
22979.613,-70.291
22979.616,-70.291
22979.739,-70.291
22979.815,-70.291
22979.935,-70.291
22980.021,-70.291
22980.121,-70.291
22980.219,-70.291
22980.320,-70.291
22980.427,-70.291
22980.527,-70.291
22980.628,-70.291
22980.739,-70.291
22980.837,-70.291
22980.935,-70.291
22981.038,-70.291
22981.148,-70.291
22981.246,-70.291
22981.329,-70.291
22981.449,-70.291
22981.516,-70.291
22981.618,-70.291
22981.722,-70.291
22981.827,-70.291
22981.929,-70.291
22982.052,-70.291
22982.185,-70.291
22982.258,-70.291
22982.361,-70.291
22982.412,-70.291
22982.511,-70.291
22982.611,-70.291
22982.707,-70.291
22982.805,-70.291
22982.922,-70.291
22983.020,-70.291
22983.116,-70.291
22983.214,-70.291
22983.315,-70.291
22983.425,-70.291
22983.505,-70.291
22983.611,-70.291
22983.724,-70.291
22983.802,-70.291
22983.905,-70.291
22984.021,-70.291
22984.116,-70.291
22984.212,-70.291
22984.315,-70.291
22984.417,-70.291
22984.520,-70.291
22984.625,-70.291
22984.724,-70.291
22984.827,-70.291
22984.930,-70.291
22985.030,-70.291
22985.135,-70.291
22985.236,-70.291
22985.347,-70.291
22985.449,-70.291
22985.543,-70.291
22985.646,-70.291
22985.750,-70.291
22985.861,-70.291
22985.959,-70.291
22986.064,-70.291
22986.094,-70.291
22986.224,-70.291
22986.302,-70.291
22986.456,-70.291
22986.508,-70.291
22986.597,-70.291
22986.692,-70.291
23276.812,-70.291
23276.918,-70.291
23277.011,-70.291
23277.108,-70.291
23277.206,-70.291
23277.309,-70.291
23277.412,-70.291
23277.498,-70.291
23277.596,-70.291
23277.697,-70.291
23277.795,-70.291
23277.888,-70.291
23278.045,-70.291
23278.104,-70.291
23278.207,-70.291
23278.309,-70.291
23278.432,-70.291
23278.513,-70.291
23278.616,-70.291
23278.717,-70.291
23278.822,-70.291
23278.927,-70.291
23279.025,-70.291
23279.121,-70.291
23279.231,-70.291
23279.332,-70.291
23279.435,-70.291
23279.545,-70.291
23279.641,-70.291
23279.753,-70.291
23279.859,-70.291
23279.898,-70.291
23280.059,-70.291
23280.086,-70.291
23280.185,-70.291
23280.297,-70.291
23280.395,-70.291
23280.484,-70.291
23280.592,-70.291
23280.692,-70.291
23280.800,-70.291
23280.891,-70.291
23280.996,-70.291
23281.094,-70.291
23281.199,-70.291
23281.302,-70.291
23281.381,-70.291
23281.484,-70.291
23281.626,-70.291
23281.711,-70.291
23281.800,-70.291
23281.896,-70.291
23281.994,-70.291
23282.097,-70.291
23282.199,-70.291
23282.302,-70.291
23282.391,-70.291
23282.476,-70.291
23282.576,-70.291
23282.702,-70.291
23282.814,-70.291
23282.898,-70.291
23283.020,-70.291
23283.113,-70.291
23283.226,-70.291
23283.322,-70.291
23283.424,-70.291
23283.523,-70.291
23283.626,-70.291
23283.731,-70.291
23283.832,-70.291
23283.932,-70.291
23284.045,-70.291
23284.074,-70.291
23284.172,-70.291
23284.283,-70.291
23284.376,-70.291
23284.476,-70.291
23284.572,-70.291
23284.697,-70.291
23284.770,-70.291
23284.888,-70.291
23284.988,-70.291
23285.091,-70.291
23285.170,-70.291
23285.273,-70.291
23285.386,-70.291
23285.476,-70.291
23285.579,-70.291
23285.680,-70.291
23285.797,-70.291
23285.893,-70.291
23285.989,-70.291
23286.091,-70.291
23286.199,-70.291
23286.295,-70.291
23286.398,-70.291
23286.486,-70.291
23286.611,-70.291
23336.711,-70.291
23336.817,-70.291
23336.945,-70.291
23336.973,-70.291
23337.070,-70.291
23337.174,-70.291
23337.280,-70.291
23337.386,-70.291
23337.462,-70.291
23337.562,-70.291
23337.731,-70.291
23337.761,-70.291
23337.925,-70.291
23338.028,-70.291
23338.077,-70.291
23338.170,-70.291
23338.271,-70.291
23338.366,-70.291
23338.462,-70.291
23338.560,-70.291
23338.692,-70.291
23338.771,-70.291
23338.880,-70.291
23338.959,-70.291
23339.060,-70.291
23339.179,-70.291
23339.273,-70.291
23339.371,-70.291
23339.473,-70.291
23339.572,-70.291
23339.675,-70.291
23339.795,-70.291
23339.890,-70.291
23339.986,-70.291
23340.086,-70.291
23340.207,-70.291
23340.288,-70.291
23340.391,-70.291
23340.501,-70.291
23340.601,-70.291
23340.699,-70.291
23340.800,-70.291
23340.896,-70.291
23341.008,-70.291
23341.109,-70.291
23341.204,-70.291
23341.317,-70.291
23341.415,-70.291
23341.518,-70.291
23341.582,-70.291
23341.658,-70.291
23341.760,-70.291
23341.856,-70.291
23341.951,-70.291
23342.067,-70.291
23342.165,-70.291
23342.251,-70.291
23342.368,-70.291
23342.469,-70.291
23342.567,-70.291
23342.663,-70.291
23342.761,-70.291
23342.853,-70.291
23342.951,-70.291
23343.045,-70.291
23343.146,-70.291
23343.268,-70.291
23343.373,-70.291
23343.472,-70.291
23343.570,-70.291
23343.677,-70.291
23343.775,-70.291
23343.883,-70.291
23343.979,-70.291
23344.089,-70.291
23344.207,-70.291
23344.295,-70.291
23344.391,-70.291
23344.486,-70.291
23344.589,-70.291
23344.692,-70.291
23344.795,-70.291
23344.896,-70.291
23344.940,-70.291
23345.101,-70.291
23345.195,-70.291
23345.310,-70.291
23345.410,-70.291
23345.516,-70.291
23345.547,-70.291
23345.646,-70.291
23345.744,-70.291
23345.844,-70.291
23345.945,-70.291
23346.043,-70.291
23346.150,-70.291
23346.256,-70.291
23346.344,-70.291
23346.457,-70.291
23346.549,-70.291
23346.652,-70.291
23396.739,-70.291
23396.837,-70.291
23396.937,-70.291
23397.037,-70.291
23397.145,-70.291
23397.255,-70.291
23397.354,-70.291
23397.451,-70.291
23397.560,-70.291
23397.658,-70.291
23397.760,-70.291
23397.849,-70.291
23397.974,-70.291
23398.072,-70.291
23398.173,-70.291
23398.293,-70.291
23398.390,-70.291
23398.488,-70.291
23398.584,-70.291
23398.685,-70.291
23398.788,-70.291
23398.896,-70.291
23398.983,-70.291
23399.096,-70.291
23399.190,-70.291
23399.241,-70.291
23399.415,-70.291
23399.442,-70.291
23399.538,-70.291
23399.638,-70.291
23399.741,-70.291
23399.842,-70.291
23399.939,-70.291
23400.043,-70.291
23400.131,-70.291
23400.231,-70.291
23400.324,-70.291
23400.454,-70.291
23400.537,-70.291
23400.631,-70.291
23400.743,-70.291
23400.846,-70.291
23400.932,-70.291
23401.050,-70.291
23401.143,-70.291
23401.224,-70.291
23401.349,-70.291
23401.452,-70.291
23401.557,-70.291
23401.645,-70.291
23401.741,-70.291
23401.864,-70.291
23401.967,-70.291
23402.065,-70.291
23402.163,-70.291
23402.293,-70.291
23402.373,-70.291
23402.469,-70.291
23402.577,-70.291
23402.679,-70.291
23402.783,-70.291
23402.908,-70.291
23402.988,-70.291
23403.027,-70.291
23403.116,-70.291
23403.217,-70.291
23403.317,-70.291
23403.420,-70.291
23403.521,-70.291
23403.625,-70.291
23403.728,-70.291
23403.829,-70.291
23403.932,-70.291
23404.035,-70.291
23404.128,-70.291
23404.217,-70.291
23404.317,-70.291
23404.420,-70.291
23404.543,-70.291
23404.636,-70.291
23404.712,-70.291
23404.837,-70.291
23404.935,-70.291
23405.020,-70.291
23405.123,-70.291
23405.229,-70.291
23405.342,-70.291
23405.454,-70.291
23405.513,-70.291
23405.616,-70.291
23405.721,-70.291
23405.842,-70.291
23405.930,-70.291
23406.065,-70.291
23406.170,-70.291
23406.266,-70.291
23406.351,-70.291
23406.472,-70.291
23406.572,-70.291
23406.665,-70.291
23456.770,-70.291
23456.810,-70.291
23456.910,-70.291
23457.011,-70.291
23457.113,-70.291
23457.209,-70.291
23457.320,-70.291
23457.506,-70.291
23457.510,-70.291
23457.608,-70.291
23457.706,-70.291
23457.810,-70.291
23457.913,-70.291
23458.015,-70.291
23458.111,-70.291
23458.217,-70.291
23458.312,-70.291
23458.408,-70.291
23458.540,-70.291
23458.623,-70.291
23458.721,-70.291
23458.824,-70.291
23458.925,-70.291
23459.021,-70.291
23459.131,-70.291
23459.273,-70.291
23459.337,-70.291
23459.439,-70.291
23459.501,-70.291
23459.643,-70.291
23459.758,-70.291
23459.854,-70.291
23459.915,-70.291
23460.052,-70.291
23460.123,-70.291
23460.246,-70.291
23460.300,-70.291
23460.398,-70.291
23460.555,-70.291
23460.606,-70.291
23460.788,-70.291
23460.814,-70.291
23460.903,-70.291
23461.001,-70.291
23461.111,-70.291
23461.209,-70.291
23461.307,-70.291
23461.408,-70.291
23461.510,-70.291
23461.606,-70.291
23461.704,-70.291
23461.800,-70.291
23461.896,-70.291
23461.998,-70.291
23462.101,-70.291
23462.214,-70.291
23462.305,-70.291
23462.408,-70.291
23462.513,-70.291
23462.626,-70.291
23462.726,-70.291
23462.817,-70.291
23462.920,-70.291
23463.021,-70.291
23463.125,-70.291
23463.228,-70.291
23463.329,-70.291
23463.430,-70.291
23463.533,-70.291
23463.636,-70.291
23463.739,-70.291
23463.792,-70.291
23463.952,-70.291
23464.050,-70.291
23464.113,-70.291
23464.187,-70.291
23464.288,-70.291
23464.383,-70.291
23464.489,-70.291
23464.592,-70.291
23464.697,-70.291
23464.856,-70.291
23464.885,-70.291
23464.983,-70.291
23465.101,-70.291
23465.197,-70.291
23465.298,-70.291
23465.396,-70.291
23465.481,-70.291
23465.591,-70.291
23465.690,-70.291
23465.788,-70.291
23465.888,-70.291
23465.998,-70.291
23466.099,-70.291
23466.197,-70.291
23466.302,-70.291
23466.402,-70.291
23466.505,-70.291
23466.625,-70.291
23516.712,-70.291
23516.812,-70.291
23516.924,-70.291
23517.037,-70.291
23517.130,-70.291
23517.233,-70.291
23517.363,-70.291
23517.427,-70.291
23517.528,-70.291
23517.633,-70.291
23517.724,-70.291
23517.773,-70.291
23517.939,-70.291
23518.040,-70.291
23518.143,-70.291
23518.207,-70.291
23518.283,-70.291
23518.378,-70.291
23518.486,-70.291
23518.577,-70.291
23518.677,-70.291
23518.775,-70.291
23518.873,-70.291
23518.971,-70.291
23519.070,-70.291
23519.197,-70.291
23519.268,-70.291
23519.371,-70.291
23519.474,-70.291
23519.577,-70.291
23519.679,-70.291
23519.783,-70.291
23519.986,-70.291
23519.988,-70.291
23520.089,-70.291
23520.190,-70.291
23520.299,-70.291
23520.388,-70.291
23520.500,-70.291
23520.601,-70.291
23520.711,-70.291
23520.836,-70.291
23520.912,-70.291
23521.035,-70.291
23521.121,-70.291
23521.216,-70.291
23521.327,-70.291
23521.445,-70.291
23521.532,-70.291
23521.633,-70.291
23521.662,-70.291
23521.768,-70.291
23521.935,-70.291
23521.962,-70.291
23522.060,-70.291
23522.160,-70.291
23522.261,-70.291
23522.364,-70.291
23522.466,-70.291
23522.648,-70.291
23522.673,-70.291
23522.773,-70.291
23522.871,-70.291
23522.973,-70.291
23523.057,-70.291
23523.177,-70.291
23523.283,-70.291
23523.366,-70.291
23523.462,-70.291
23523.574,-70.291
23523.672,-70.291
23523.766,-70.291
23523.876,-70.291
23523.974,-70.291
23524.092,-70.291
23524.160,-70.291
23524.278,-70.291
23524.388,-70.291
23524.489,-70.291
23524.587,-70.291
23524.709,-70.291
23524.787,-70.291
23524.908,-70.291
23525.003,-70.291
23525.121,-70.291
23525.222,-70.291
23525.322,-70.291
23525.417,-70.291
23525.516,-70.291
23525.621,-70.291
23525.652,-70.291
23525.810,-70.291
23525.849,-70.291
23526.025,-70.291
23526.055,-70.291
23526.153,-70.291
23526.255,-70.291
23526.358,-70.291
23526.459,-70.291
23526.547,-70.291
23526.665,-70.291
23576.768,-70.291
23576.847,-70.291
23576.957,-70.291
23577.054,-70.291
23577.160,-70.291
23577.282,-70.291
23577.371,-70.291
23577.466,-70.291
23577.570,-70.291
23577.665,-70.291
23577.777,-70.291
23577.878,-70.291
23577.981,-70.291
23578.074,-70.291
23578.199,-70.291
23578.305,-70.291
23578.398,-70.291
23578.498,-70.291
23578.552,-70.291
23578.690,-70.291
23578.795,-70.291
23578.861,-70.291
23578.996,-70.291
23579.038,-70.291
23579.143,-70.291
23579.238,-70.291
23579.396,-70.291
23579.447,-70.291
23579.611,-70.291
23579.714,-70.291
23579.743,-70.291
23579.854,-70.291
23579.957,-70.291
23580.052,-70.291
23580.148,-70.291
23580.248,-70.291
23580.346,-70.291
23580.442,-70.291
23580.537,-70.291
23580.658,-70.291
23580.736,-70.291
23580.839,-70.291
23580.957,-70.291
23581.045,-70.291
23581.148,-70.291
23581.251,-70.291
23581.369,-70.291
23581.464,-70.291
23581.567,-70.291
23581.660,-70.291
23581.761,-70.291
23581.868,-70.291
23581.966,-70.291
23582.057,-70.291
23582.170,-70.291
23582.273,-70.291
23582.376,-70.291
23582.478,-70.291
23582.574,-70.291
23582.697,-70.291
23582.795,-70.291
23582.890,-70.291
23582.989,-70.291
23583.092,-70.291
23583.206,-70.291
23583.234,-70.291
23583.331,-70.291
23583.427,-70.291
23583.528,-70.291
23583.633,-70.291
23583.733,-70.291
23583.844,-70.291
23583.935,-70.291
23584.028,-70.291
23584.133,-70.291
23584.263,-70.291
23584.326,-70.291
23584.434,-70.291
23584.535,-70.291
23584.631,-70.291
23584.736,-70.291
23584.844,-70.291
23584.949,-70.291
23585.043,-70.291
23585.152,-70.291
23585.250,-70.291
23585.366,-70.291
23585.456,-70.291
23585.560,-70.291
23585.660,-70.291
23585.734,-70.291
23585.858,-70.291
23585.969,-70.291
23586.067,-70.291
23586.174,-70.291
23586.270,-70.291
23586.371,-70.291
23586.473,-70.291
23586.516,-70.291
23586.677,-70.291
23876.731,-70.291
23876.881,-70.291
23876.945,-70.291
23877.021,-70.291
23877.116,-70.291
23877.228,-70.291
23877.314,-70.291
23877.418,-70.291
23877.516,-70.291
23877.619,-70.291
23877.724,-70.291
23877.814,-70.291
23877.940,-70.291
23878.033,-70.291
23878.133,-70.291
23878.229,-70.291
23878.331,-70.291
23878.432,-70.291
23878.520,-70.291
23878.616,-70.291
23878.717,-70.291
23878.810,-70.291
23878.934,-70.291
23879.042,-70.291
23879.135,-70.291
23879.236,-70.291
23879.358,-70.291
23879.457,-70.291
23879.567,-70.291
23879.645,-70.291
23879.748,-70.291
23879.851,-70.291
23879.959,-70.291
23880.059,-70.291
23880.143,-70.291
23880.261,-70.291
23880.366,-70.291
23880.467,-70.291
23880.579,-70.291
23880.608,-70.291
23880.773,-70.291
23880.880,-70.291
23880.920,-70.291
23881.032,-70.291
23881.184,-70.291
23881.214,-70.291
23881.314,-70.291
23881.415,-70.291
23881.518,-70.291
23881.614,-70.291
23881.717,-70.291
23881.805,-70.291
23881.932,-70.291
23882.003,-70.291
23882.138,-70.291
23882.212,-70.291
23882.320,-70.291
23882.415,-70.291
23882.515,-70.291
23882.608,-70.291
23882.719,-70.291
23882.807,-70.291
23882.927,-70.291
23883.025,-70.291
23883.128,-70.291
23883.241,-70.291
23883.337,-70.291
23883.452,-70.291
23883.542,-70.291
23883.641,-70.291
23883.744,-70.291
23883.864,-70.291
23883.957,-70.291
23884.055,-70.291
23884.152,-70.291
23884.256,-70.291
23884.356,-70.291
23884.459,-70.291
23884.562,-70.291
23884.597,-70.291
23884.699,-70.291
23884.799,-70.291
23884.896,-70.291
23884.994,-70.291
23885.097,-70.291
23885.204,-70.291
23885.290,-70.291
23885.403,-70.291
23885.508,-70.291
23885.609,-70.291
23885.702,-70.291
23885.800,-70.291
23885.898,-70.291
23885.998,-70.291
23886.098,-70.291
23886.209,-70.291
23886.288,-70.291
23886.391,-70.291
23886.491,-70.291
23886.599,-70.291
23886.697,-70.291
23936.814,-70.291
23936.910,-70.291
23937.013,-70.291
23937.126,-70.291
23937.202,-70.291
23937.320,-70.291
23937.420,-70.291
23937.538,-70.291
23937.636,-70.291
23937.736,-70.291
23937.832,-70.291
23937.940,-70.291
23938.043,-70.291
23938.146,-70.291
23938.273,-70.291
23938.359,-70.291
23938.388,-70.291
23938.484,-70.291
23938.597,-70.291
23938.697,-70.291
23938.785,-70.291
23938.893,-70.291
23938.998,-70.291
23939.101,-70.291
23939.202,-70.291
23939.295,-70.291
23939.400,-70.291
23939.500,-70.291
23939.579,-70.291
23939.699,-70.291
23939.793,-70.291
23939.890,-70.291
23939.989,-70.291
23940.091,-70.291
23940.192,-70.291
23940.295,-70.291
23940.398,-70.291
23940.501,-70.291
23940.604,-70.291
23940.706,-70.291
23940.800,-70.291
23940.875,-70.291
23940.976,-70.291
23941.082,-70.291
23941.229,-70.291
23941.288,-70.291
23941.412,-70.291
23941.494,-70.291
23941.601,-70.291
23941.729,-70.291
23941.826,-70.291
23941.876,-70.291
23942.038,-70.291
23942.158,-70.291
23942.229,-70.291
23942.271,-70.291
23942.383,-70.291
23942.479,-70.291
23942.576,-70.291
23942.684,-70.291
23942.780,-70.291
23942.880,-70.291
23942.981,-70.291
23943.087,-70.291
23943.187,-70.291
23943.270,-70.291
23943.375,-70.291
23943.471,-70.291
23943.572,-70.291
23943.675,-70.291
23943.785,-70.291
23943.886,-70.291
23943.986,-70.291
23944.086,-70.291
23944.177,-70.291
23944.300,-70.291
23944.400,-70.291
23944.494,-70.291
23944.597,-70.291
23944.702,-70.291
23944.810,-70.291
23944.913,-70.291
23945.008,-70.291
23945.146,-70.291
23945.219,-70.291
23945.327,-70.291
23945.425,-70.291
23945.527,-70.291
23945.623,-70.291
23945.733,-70.291
23945.761,-70.291
23945.858,-70.291
23945.964,-70.291
23946.070,-70.291
23946.168,-70.291
23946.266,-70.291
23946.383,-70.291
23946.467,-70.291
23946.567,-70.291
23946.682,-70.291
23996.775,-70.291
23996.861,-70.291
23996.959,-70.291
23997.072,-70.291
23997.155,-70.291
23997.260,-70.291
23997.361,-70.291
23997.464,-70.291
23997.586,-70.291
23997.682,-70.291
23997.756,-70.291
23997.858,-70.291
23997.961,-70.291
23998.067,-70.291
23998.197,-70.291
23998.261,-70.291
23998.386,-70.291
23998.483,-70.291
23998.589,-70.291
23998.685,-70.291
23998.785,-70.291
23998.886,-70.291
23999.032,-70.291
23999.104,-70.291
23999.204,-70.291
23999.307,-70.291
23999.410,-70.291
23999.506,-70.291
23999.621,-70.291
23999.719,-70.291
23999.751,-70.291
23999.856,-70.291
23999.957,-70.291
24000.060,-70.291
24000.158,-70.291
24000.253,-70.291
24000.356,-70.291
24000.445,-70.291
24000.565,-70.291
24000.662,-70.291
24000.746,-70.291
24000.866,-70.291
24000.945,-70.291
24001.048,-70.291
24001.162,-70.291
24001.258,-70.291
24001.356,-70.291
24001.459,-70.291
24001.574,-70.291
24001.674,-70.291
24001.770,-70.291
24001.871,-70.291
24001.954,-70.291
24002.079,-70.291
24002.158,-70.291
24002.244,-70.291
24002.349,-70.291
24002.452,-70.291
24002.560,-70.291
24002.658,-70.291
24002.798,-70.291
24002.900,-70.291
24002.974,-70.291
24003.096,-70.291
24003.192,-70.291
24003.295,-70.291
24003.403,-70.291
24003.500,-70.291
24003.606,-70.291
24003.636,-70.291
24003.812,-70.291
24003.837,-70.291
24003.940,-70.291
24004.055,-70.291
24004.157,-70.291
24004.236,-70.291
24004.356,-70.291
24004.442,-70.291
24004.554,-70.291
24004.655,-70.291
24004.734,-70.291
24004.846,-70.291
24004.942,-70.291
24005.042,-70.291
24005.143,-70.291
24005.251,-70.291
24005.351,-70.291
24005.452,-70.291
24005.545,-70.291
24005.655,-70.291
24005.758,-70.291
24005.873,-70.291
24005.962,-70.291
24006.065,-70.291
24006.162,-70.291
24006.280,-70.291
24006.378,-70.291
24006.476,-70.291
24006.577,-70.291
24006.680,-70.291
24056.782,-70.291
24056.878,-70.291
24057.016,-70.291
24057.089,-70.291
24057.152,-70.291
24057.226,-70.291
24057.339,-70.291
24057.489,-70.291
24057.540,-70.291
24057.645,-70.291
24057.741,-70.291
24057.831,-70.291
24057.929,-70.291
24058.030,-70.291
24058.141,-70.291
24058.246,-70.291
24058.344,-70.291
24058.466,-70.291
24058.523,-70.291
24058.628,-70.291
24058.729,-70.291
24058.854,-70.291
24058.934,-70.291
24059.035,-70.291
24059.146,-70.291
24059.250,-70.291
24059.347,-70.291
24059.452,-70.291
24059.560,-70.291
24059.685,-70.291
24059.753,-70.291
24059.864,-70.291
24059.957,-70.291
24060.060,-70.291
24060.163,-70.291
24060.280,-70.291
24060.366,-70.291
24060.469,-70.291
24060.570,-70.291
24060.690,-70.291
24060.744,-70.291
24060.817,-70.291
24060.915,-70.291
24061.015,-70.291
24061.185,-70.291
24061.214,-70.291
24061.381,-70.291
24061.422,-70.291
24061.525,-70.291
24061.621,-70.291
24061.721,-70.291
24061.824,-70.291
24061.915,-70.291
24062.030,-70.291
24062.118,-70.291
24062.234,-70.291
24062.322,-70.291
24062.427,-70.291
24062.530,-70.291
24062.619,-70.291
24062.722,-70.291
24062.853,-70.291
24062.910,-70.291
24063.016,-70.291
24063.126,-70.291
24063.234,-70.291
24063.329,-70.291
24063.439,-70.291
24063.560,-70.291
24063.631,-70.291
24063.717,-70.291
24063.839,-70.291
24063.923,-70.291
24064.048,-70.291
24064.148,-70.291
24064.266,-70.291
24064.366,-70.291
24064.494,-70.291
24064.559,-70.291
24064.690,-70.291
24064.707,-70.291
24064.807,-70.291
24064.903,-70.291
24065.055,-70.291
24065.119,-70.291
24065.222,-70.291
24065.317,-70.291
24065.423,-70.291
24065.516,-70.291
24065.616,-70.291
24065.702,-70.291
24065.817,-70.291
24065.905,-70.291
24066.006,-70.291
24066.106,-70.291
24066.206,-70.291
24066.315,-70.291
24066.418,-70.291
24066.528,-70.291
24066.641,-70.291
24116.726,-70.291
24116.822,-70.291
24116.920,-70.291
24117.023,-70.291
24117.125,-70.291
24117.228,-70.291
24117.332,-70.291
24117.432,-70.291
24117.557,-70.291
24117.628,-70.291
24117.748,-70.291
24117.799,-70.291
24117.949,-70.291
24118.040,-70.291
24118.114,-70.291
24118.222,-70.291
24118.364,-70.291
24118.449,-70.291
24118.494,-70.291
24118.653,-70.291
24118.748,-70.291
24118.800,-70.291
24118.896,-70.291
24118.993,-70.291
24119.099,-70.291
24119.209,-70.291
24119.307,-70.291
24119.408,-70.291
24119.489,-70.291
24119.611,-70.291
24119.709,-70.291
24119.895,-70.291
24119.898,-70.291
24120.005,-70.291
24120.104,-70.291
24120.202,-70.291
24120.300,-70.291
24120.402,-70.291
24120.503,-70.291
24120.619,-70.291
24120.719,-70.291
24120.815,-70.291
24120.937,-70.291
24121.016,-70.291
24121.119,-70.291
24121.221,-70.291
24121.349,-70.291
24121.425,-70.291
24121.528,-70.291
24121.631,-70.291
24121.741,-70.291
24121.841,-70.291
24121.944,-70.291
24122.049,-70.291
24122.086,-70.291
24122.244,-70.291
24122.348,-70.291
24122.452,-70.291
24122.552,-70.291
24122.581,-70.291
24122.685,-70.291
24122.799,-70.291
24122.898,-70.291
24122.986,-70.291
24123.099,-70.291
24123.212,-70.291
24123.337,-70.291
24123.388,-70.291
24123.510,-70.291
24123.584,-70.291
24123.679,-70.291
24123.782,-70.291
24123.883,-70.291
24123.994,-70.291
24124.094,-70.291
24124.190,-70.291
24124.293,-70.291
24124.395,-70.291
24124.498,-70.291
24124.616,-70.291
24124.702,-70.291
24124.805,-70.291
24124.907,-70.291
24125.023,-70.291
24125.113,-70.291
24125.216,-70.291
24125.310,-70.291
24125.418,-70.291
24125.521,-70.291
24125.623,-70.291
24125.712,-70.291
24125.829,-70.291
24125.930,-70.291
24126.033,-70.291
24126.136,-70.291
24126.239,-70.291
24126.341,-70.291
24126.369,-70.291
24126.476,-70.291
24126.572,-70.291
24126.673,-70.291
24176.775,-70.291
24176.886,-70.291
24176.981,-70.291
24177.082,-70.291
24177.185,-70.291
24177.273,-70.291
24177.369,-70.291
24177.476,-70.291
24177.570,-70.291
24177.685,-70.291
24177.787,-70.291
24177.869,-70.291
24178.003,-70.291
24178.069,-70.291
24178.165,-70.291
24178.288,-70.291
24178.366,-70.291
24178.467,-70.291
24178.569,-70.291
24178.673,-70.291
24178.777,-70.291
24178.881,-70.291
24178.983,-70.291
24179.087,-70.291
24179.209,-70.291
24179.305,-70.291
24179.405,-70.291
24179.508,-70.291
24179.650,-70.291
24179.729,-70.291
24179.827,-70.291
24179.935,-70.291
24179.964,-70.291
24180.060,-70.291
24180.244,-70.291
24180.273,-70.291
24180.373,-70.291
24180.540,-70.291
24180.567,-70.291
24180.665,-70.291
24180.768,-70.291
24180.859,-70.291
24180.974,-70.291
24181.074,-70.291
24181.177,-70.291
24181.271,-70.291
24181.366,-70.291
24181.472,-70.291
24181.565,-70.291
24181.665,-70.291
24181.768,-70.291
24181.871,-70.291
24181.962,-70.291
24182.082,-70.291
24182.187,-70.291
24182.287,-70.291
24182.381,-70.291
24182.484,-70.291
24182.579,-70.291
24182.719,-70.291
24182.753,-70.291
24182.898,-70.291
24182.962,-70.291
24183.109,-70.291
24183.175,-70.291
24183.295,-70.291
24183.398,-70.291
24183.501,-70.291
24183.550,-70.291
24183.648,-70.291
24183.817,-70.291
24183.913,-70.291
24184.013,-70.291
24184.064,-70.291
24184.168,-70.291
24184.253,-70.291
24184.354,-70.291
24184.454,-70.291
24184.560,-70.291
24184.663,-70.291
24184.761,-70.291
24184.864,-70.291
24184.947,-70.291
24185.050,-70.291
24185.157,-70.291
24185.268,-70.291
24185.356,-70.291
24185.454,-70.291
24185.560,-70.291
24185.682,-70.291
24185.763,-70.291
24185.871,-70.291
24185.969,-70.291
24186.074,-70.291
24186.172,-70.291
24186.273,-70.291
24186.395,-70.291
24186.488,-70.291
24186.587,-70.291
24186.692,-70.291
24476.800,-70.291
24476.900,-70.291
24476.998,-70.291
24477.106,-70.291
24477.155,-70.291
24477.258,-70.291
24477.361,-70.291
24477.518,-70.291
24477.594,-70.291
24477.645,-70.291
24477.750,-70.291
24477.844,-70.291
24477.937,-70.291
24478.038,-70.291
24478.136,-70.291
24478.243,-70.291
24478.364,-70.291
24478.435,-70.291
24478.621,-70.291
24478.655,-70.291
24478.734,-70.291
24478.832,-70.291
24478.945,-70.291
24479.038,-70.291
24479.141,-70.291
24479.244,-70.291
24479.358,-70.291
24479.449,-70.291
24479.550,-70.291
24479.653,-70.291
24479.756,-70.291
24479.858,-70.291
24479.961,-70.291
24480.045,-70.291
24480.165,-70.291
24480.268,-70.291
24480.371,-70.291
24480.484,-70.291
24480.579,-70.291
24480.638,-70.291
24480.783,-70.291
24480.846,-70.291
24480.949,-70.291
24481.027,-70.291
24481.194,-70.291
24481.292,-70.291
24481.388,-70.291
24481.489,-70.291
24481.542,-70.291
24481.690,-70.291
24481.743,-70.291
24481.839,-70.291
24481.932,-70.291
24482.030,-70.291
24482.138,-70.291
24482.253,-70.291
24482.322,-70.291
24482.423,-70.291
24482.523,-70.291
24482.623,-70.291
24482.739,-70.291
24482.836,-70.291
24482.932,-70.291
24483.033,-70.291
24483.136,-70.291
24483.246,-70.291
24483.356,-70.291
24483.442,-70.291
24483.550,-70.291
24483.655,-70.291
24483.766,-70.291
24483.866,-70.291
24483.964,-70.291
24484.065,-70.291
24484.168,-70.291
24484.271,-70.291
24484.373,-70.291
24484.425,-70.291
24484.567,-70.291
24484.665,-70.291
24484.765,-70.291
24484.871,-70.291
24484.969,-70.291
24485.021,-70.291
24485.192,-70.291
24485.278,-70.291
24485.388,-70.291
24485.415,-70.291
24485.513,-70.291
24485.628,-70.291
24485.724,-70.291
24485.827,-70.291
24485.927,-70.291
24486.013,-70.291
24486.114,-70.291
24486.214,-70.291
24486.332,-70.291
24486.430,-70.291
24486.525,-70.291
24486.623,-70.291
24536.729,-70.291
24536.829,-70.291
24536.927,-70.291
24537.030,-70.291
24537.141,-70.291
24537.236,-70.291
24537.332,-70.291
24537.442,-70.291
24537.540,-70.291
24537.641,-70.291
24537.766,-70.291
24537.859,-70.291
24537.957,-70.291
24538.055,-70.291
24538.153,-70.291
24538.255,-70.291
24538.359,-70.291
24538.459,-70.291
24538.570,-70.291
24538.621,-70.291
24538.773,-70.291
24538.805,-70.291
24538.972,-70.291
24539.074,-70.291
24539.177,-70.291
24539.209,-70.291
24539.302,-70.291
24539.405,-70.291
24539.520,-70.291
24539.604,-70.291
24539.704,-70.291
24539.805,-70.291
24539.910,-70.291
24540.020,-70.291
24540.103,-70.291
24540.214,-70.291
24540.337,-70.291
24540.410,-70.291
24540.545,-70.291
24540.621,-70.291
24540.714,-70.291
24540.827,-70.291
24540.927,-70.291
24541.030,-70.291
24541.116,-70.291
24541.214,-70.291
24541.336,-70.291
24541.442,-70.291
24541.530,-70.291
24541.635,-70.291
24541.736,-70.291
24541.876,-70.291
24541.949,-70.291
24542.049,-70.291
24542.148,-70.291
24542.250,-70.291
24542.354,-70.291
24542.454,-70.291
24542.542,-70.291
24542.658,-70.291
24542.761,-70.291
24542.864,-70.291
24542.967,-70.291
24542.998,-70.291
24543.101,-70.291
24543.195,-70.291
24543.302,-70.291
24543.405,-70.291
24543.528,-70.291
24543.604,-70.291
24543.717,-70.291
24543.792,-70.291
24543.912,-70.291
24544.011,-70.291
24544.098,-70.291
24544.197,-70.291
24544.298,-70.291
24544.403,-70.291
24544.513,-70.291
24544.603,-70.291
24544.697,-70.291
24544.795,-70.291
24544.898,-70.291
24545.013,-70.291
24545.114,-70.291
24545.229,-70.291
24545.295,-70.291
24545.423,-70.291
24545.501,-70.291
24545.623,-70.291
24545.722,-70.291
24545.824,-70.291
24545.917,-70.291
24546.038,-70.291
24546.135,-70.291
24546.285,-70.291
24546.334,-70.291
24546.386,-70.291
24546.552,-70.291
24546.586,-70.291
24596.758,-70.291
24596.787,-70.291
24596.883,-70.291
24596.991,-70.291
24597.089,-70.291
24597.187,-70.291
24597.381,-70.291
24597.383,-70.291
24597.479,-70.291
24597.579,-70.291
24597.689,-70.291
24597.788,-70.291
24597.888,-70.291
24597.984,-70.291
24598.099,-70.291
24598.197,-70.291
24598.322,-70.291
24598.393,-70.291
24598.494,-70.291
24598.598,-70.291
24598.699,-70.291
24598.802,-70.291
24598.891,-70.291
24598.994,-70.291
24599.081,-70.291
24599.202,-70.291
24599.288,-70.291
24599.410,-70.291
24599.525,-70.291
24599.614,-70.291
24599.723,-70.291
24599.822,-70.291
24599.944,-70.291
24600.037,-70.291
24600.070,-70.291
24600.261,-70.291
24600.278,-70.291
24600.373,-70.291
24600.469,-70.291
24600.574,-70.291
24600.672,-70.291
24600.771,-70.291
24600.875,-70.291
24600.996,-70.291
24601.070,-70.291
24601.174,-70.291
24601.364,-70.291
24601.378,-70.291
24601.474,-70.291
24601.581,-70.291
24601.675,-70.291
24601.782,-70.291
24601.873,-70.291
24601.974,-70.291
24602.099,-70.291
24602.180,-70.291
24602.283,-70.291
24602.391,-70.291
24602.510,-70.291
24602.591,-70.291
24602.692,-70.291
24602.797,-70.291
24602.903,-70.291
24603.000,-70.291
24603.133,-70.291
24603.206,-70.291
24603.315,-70.291
24603.413,-70.291
24603.513,-70.291
24603.614,-70.291
24603.717,-70.291
24603.856,-70.291
24603.859,-70.291
24603.962,-70.291
24604.062,-70.291
24604.163,-70.291
24604.266,-70.291
24604.371,-70.291
24604.478,-70.291
24604.574,-70.291
24604.672,-70.291
24604.778,-70.291
24604.878,-70.291
24604.978,-70.291
24605.072,-70.291
24605.168,-70.291
24605.278,-70.291
24605.356,-70.291
24605.459,-70.291
24605.560,-70.291
24605.663,-70.291
24605.773,-70.291
24605.863,-70.291
24606.006,-70.291
24606.081,-70.291
24606.199,-70.291
24606.280,-70.291
24606.378,-70.291
24606.452,-70.291
24606.584,-70.291
24606.697,-70.291
24656.797,-70.291
24656.875,-70.291
24656.994,-70.291
24657.098,-70.291
24657.199,-70.291
24657.315,-70.291
24657.413,-70.291
24657.508,-70.291
24657.611,-70.291
24657.709,-70.291
24657.807,-70.291
24657.915,-70.291
24658.021,-70.291
24658.050,-70.291
24658.223,-70.291
24658.251,-70.291
24658.347,-70.291
24658.456,-70.291
24658.560,-70.291
24658.658,-70.291
24658.760,-70.291
24658.844,-70.291
24658.967,-70.291
24659.047,-70.291
24659.145,-70.291
24659.266,-70.291
24659.366,-70.291
24659.476,-70.291
24659.560,-70.291
24659.667,-70.291
24659.765,-70.291
24659.861,-70.291
24659.983,-70.291
24660.059,-70.291
24660.185,-70.291
24660.273,-70.291
24660.373,-70.291
24660.469,-70.291
24660.596,-70.291
24660.690,-70.291
24660.785,-70.291
24660.888,-70.291
24660.998,-70.291
24661.094,-70.291
24661.192,-70.291
24661.285,-70.291
24661.407,-70.291
24661.510,-70.291
24661.540,-70.291
24661.741,-70.291
24661.746,-70.291
24661.839,-70.291
24661.937,-70.291
24662.045,-70.291
24662.143,-70.291
24662.239,-70.291
24662.353,-70.291
24662.457,-70.291
24662.535,-70.291
24662.731,-70.291
24662.773,-70.291
24662.832,-70.291
24662.934,-70.291
24663.037,-70.291
24663.146,-70.291
24663.243,-70.291
24663.344,-70.291
24663.491,-70.291
24663.550,-70.291
24663.652,-70.291
24663.758,-70.291
24663.856,-70.291
24663.971,-70.291
24664.065,-70.291
24664.146,-70.291
24664.270,-70.291
24664.336,-70.291
24664.442,-70.291
24664.562,-70.291
24664.657,-70.291
24664.787,-70.291
24664.883,-70.291
24664.959,-70.291
24665.070,-70.291
24665.190,-70.291
24665.293,-70.291
24665.329,-70.291
24665.494,-70.291
24665.596,-70.291
24665.699,-70.291
24665.741,-70.291
24665.824,-70.291
24665.927,-70.291
24666.030,-70.291
24666.140,-70.291
24666.238,-70.291
24666.430,-70.291
24666.449,-70.291
24666.542,-70.291
24666.643,-70.291
24716.722,-70.291
24716.844,-70.291
24716.927,-70.291
24717.028,-70.291
24717.131,-70.291
24717.246,-70.291
24717.324,-70.291
24717.427,-70.291
24717.533,-70.291
24717.653,-70.291
24717.751,-70.291
24717.944,-70.291
24717.951,-70.291
24718.052,-70.291
24718.165,-70.291
24718.268,-70.291
24718.373,-70.291
24718.472,-70.291
24718.574,-70.291
24718.680,-70.291
24718.778,-70.291
24718.878,-70.291
24719.003,-70.291
24719.021,-70.291
24719.114,-70.291
24719.283,-70.291
24719.385,-70.291
24719.488,-70.291
24719.516,-70.291
24719.613,-70.291
24719.782,-70.291
24719.812,-70.291
24719.920,-70.291
24720.023,-70.291
24720.130,-70.291
24720.212,-70.291
24720.317,-70.291
24720.435,-70.291
24720.518,-70.291
24720.618,-70.291
24720.719,-70.291
24720.841,-70.291
24720.920,-70.291
24721.013,-70.291
24721.126,-70.291
24721.236,-70.291
24721.331,-70.291
24721.452,-70.291
24721.525,-70.291
24721.646,-70.291
24721.744,-70.291
24721.854,-70.291
24721.954,-70.291
24722.055,-70.291
24722.155,-70.291
24722.253,-70.291
24722.354,-70.291
24722.457,-70.291
24722.559,-70.291
24722.704,-70.291
24722.706,-70.291
24722.866,-70.291
24722.969,-70.291
24723.045,-70.291
24723.111,-70.291
24723.209,-70.291
24723.307,-70.291
24723.413,-70.291
24723.508,-70.291
24723.609,-70.291
24723.709,-70.291
24723.815,-70.291
24723.920,-70.291
24724.021,-70.291
24724.119,-70.291
24724.324,-70.291
24724.327,-70.291
24724.402,-70.291
24724.518,-70.291
24724.618,-70.291
24724.719,-70.291
24724.817,-70.291
24724.927,-70.291
24725.030,-70.291
24725.150,-70.291
24725.251,-70.291
24725.324,-70.291
24725.434,-70.291
24725.513,-70.291
24725.631,-70.291
24725.734,-70.291
24725.815,-70.291
24725.898,-70.291
24726.003,-70.291
24726.106,-70.291
24726.209,-70.291
24726.310,-70.291
24726.413,-70.291
24726.552,-70.291
24726.594,-70.291
24776.766,-70.291
24776.795,-70.291
24776.952,-70.291
24777.057,-70.291
24777.158,-70.291
24777.258,-70.291
24777.312,-70.291
24777.408,-70.291
24777.503,-70.291
24777.604,-70.291
24777.707,-70.291
24777.824,-70.291
24777.913,-70.291
24778.010,-70.291
24778.089,-70.291
24778.192,-70.291
24778.305,-70.291
24778.398,-70.291
24778.500,-70.291
24778.603,-70.291
24778.695,-70.291
24778.829,-70.291
24778.927,-70.291
24779.020,-70.291
24779.121,-70.291
24779.216,-70.291
24779.337,-70.291
24779.420,-70.291
24779.521,-70.291
24779.625,-70.291
24779.739,-70.291
24779.834,-70.291
24779.932,-70.291
24779.998,-70.291
24780.104,-70.291
24780.207,-70.291
24780.331,-70.291
24780.452,-70.291
24780.483,-70.291
24780.648,-70.291
24780.765,-70.291
24780.849,-70.291
24780.881,-70.291
24780.979,-70.291
24781.101,-70.291
24781.266,-70.291
24781.305,-70.291
24781.400,-70.291
24781.498,-70.291
24781.695,-70.291
24781.697,-70.291
24781.792,-70.291
24781.886,-70.291
24781.981,-70.291
24782.092,-70.291
24782.187,-70.291
24782.299,-70.291
24782.393,-70.291
24782.494,-70.291
24782.601,-70.291
24782.692,-70.291
24782.799,-70.291
24782.902,-70.291
24783.011,-70.291
24783.108,-70.291
24783.207,-70.291
24783.310,-70.291
24783.415,-70.291
24783.516,-70.291
24783.618,-70.291
24783.702,-70.291
24783.822,-70.291
24783.925,-70.291
24784.028,-70.291
24784.141,-70.291
24784.173,-70.291
24784.339,-70.291
24784.391,-70.291
24784.540,-70.291
24784.597,-70.291
24784.672,-70.291
24784.775,-70.291
24784.878,-70.291
24784.976,-70.291
24785.084,-70.291
24785.173,-70.291
24785.293,-70.291
24785.373,-70.291
24785.479,-70.291
24785.587,-70.291
24785.685,-70.291
24785.809,-70.291
24785.873,-70.291
24785.978,-70.291
24786.076,-70.291
24786.173,-70.291
24786.275,-70.291
24786.388,-70.291
24786.486,-70.291
24786.587,-70.291
24786.689,-70.291
25076.787,-70.291
25076.896,-70.291
25077.011,-70.291
25077.101,-70.291
25077.204,-70.291
25077.304,-70.291
25077.423,-70.291
25077.521,-70.291
25077.616,-70.291
25077.714,-70.291
25077.817,-70.291
25077.920,-70.291
25078.023,-70.291
25078.114,-70.291
25078.226,-70.291
25078.337,-70.291
25078.366,-70.291
25078.535,-70.291
25078.562,-70.291
25078.670,-70.291
25078.773,-70.291
25078.875,-70.291
25078.976,-70.291
25079.072,-70.291
25079.158,-70.291
25079.258,-70.291
25079.364,-70.291
25079.466,-70.291
25079.584,-70.291
25079.662,-70.291
25079.756,-70.291
25079.854,-70.291
25079.974,-70.291
25080.069,-70.291
25080.165,-70.291
25080.266,-70.291
25080.359,-70.291
25080.481,-70.291
25080.591,-70.291
25080.690,-70.291
25080.798,-70.291
25080.893,-70.291
25080.991,-70.291
25081.098,-70.291
25081.197,-70.291
25081.297,-70.291
25081.420,-70.291
25081.506,-70.291
25081.604,-70.291
25081.707,-70.291
25081.788,-70.291
25081.853,-70.291
25081.949,-70.291
25082.116,-70.291
25082.157,-70.291
25082.246,-70.291
25082.348,-70.291
25082.451,-70.291
25082.570,-70.291
25082.653,-70.291
25082.756,-70.291
25082.866,-70.291
25082.964,-70.291
25083.064,-70.291
25083.165,-70.291
25083.258,-70.291
25083.348,-70.291
25083.449,-70.291
25083.554,-70.291
25083.670,-70.291
25083.756,-70.291
25083.859,-70.291
25083.961,-70.291
25084.062,-70.291
25084.165,-70.291
25084.268,-70.291
25084.369,-70.291
25084.457,-70.291
25084.542,-70.291
25084.643,-70.291
25084.746,-70.291
25084.883,-70.291
25084.949,-70.291
25085.050,-70.291
25085.157,-70.291
25085.261,-70.291
25085.366,-70.291
25085.506,-70.291
25085.609,-70.291
25085.706,-70.291
25085.832,-70.291
25085.849,-70.291
25085.945,-70.291
25086.043,-70.291
25086.138,-70.291
25086.236,-70.291
25086.339,-70.291
25086.445,-70.291
25086.565,-70.291
25086.650,-70.291
25136.827,-70.291
25136.856,-70.291
25136.932,-70.291
25137.042,-70.291
25137.141,-70.291
25137.239,-70.291
25137.346,-70.291
25137.442,-70.291
25137.545,-70.291
25137.670,-70.291
25137.760,-70.291
25137.859,-70.291
25137.964,-70.291
25138.035,-70.291
25138.170,-70.291
25138.266,-70.291
25138.363,-70.291
25138.473,-70.291
25138.569,-70.291
25138.672,-70.291
25138.731,-70.291
25138.876,-70.291
25138.979,-70.291
25139.042,-70.291
25139.190,-70.291
25139.290,-70.291
25139.388,-70.291
25139.508,-70.291
25139.576,-70.291
25139.695,-70.291
25139.790,-70.291
25139.918,-70.291
25139.945,-70.291
25140.038,-70.291
25140.133,-70.291
25140.241,-70.291
25140.353,-70.291
25140.435,-70.291
25140.540,-70.291
25140.626,-70.291
25140.744,-70.291
25140.824,-70.291
25140.925,-70.291
25141.043,-70.291
25141.140,-70.291
25141.239,-70.291
25141.344,-70.291
25141.435,-70.291
25141.538,-70.291
25141.641,-70.291
25141.756,-70.291
25141.851,-70.291
25141.956,-70.291
25142.079,-70.291
25142.153,-70.291
25142.265,-70.291
25142.320,-70.291
25142.445,-70.291
25142.528,-70.291
25142.628,-70.291
25142.753,-70.291
25142.834,-70.291
25142.962,-70.291
25143.042,-70.291
25143.116,-70.291
25143.248,-70.291
25143.381,-70.291
25143.478,-70.291
25143.516,-70.291
25143.616,-70.291
25143.783,-70.291
25143.836,-70.291
25143.915,-70.291
25144.030,-70.291
25144.131,-70.291
25144.234,-70.291
25144.329,-70.291
25144.429,-70.291
25144.530,-70.291
25144.650,-70.291
25144.714,-70.291
25144.815,-70.291
25144.918,-70.291
25145.028,-70.291
25145.136,-70.291
25145.234,-70.291
25145.327,-70.291
25145.430,-70.291
25145.532,-70.291
25145.633,-70.291
25145.753,-70.291
25145.839,-70.291
25145.940,-70.291
25146.043,-70.291
25146.165,-70.291
25146.248,-70.291
25146.312,-70.291
25146.418,-70.291
25146.557,-70.291
25146.677,-70.291
25196.751,-70.291
25196.864,-70.291
25196.967,-70.291
25197.067,-70.291
25197.163,-70.291
25197.266,-70.291
25197.366,-70.291
25197.417,-70.291
25197.518,-70.291
25197.616,-70.291
25197.712,-70.291
25197.807,-70.291
25197.910,-70.291
25198.003,-70.291
25198.123,-70.291
25198.222,-70.291
25198.326,-70.291
25198.417,-70.291
25198.513,-70.291
25198.611,-70.291
25198.706,-70.291
25198.817,-70.291
25198.920,-70.291
25199.013,-70.291
25199.125,-70.291
25199.226,-70.291
25199.324,-70.291
25199.432,-70.291
25199.533,-70.291
25199.636,-70.291
25199.739,-70.291
25199.839,-70.291
25199.937,-70.291
25200.040,-70.291
25200.165,-70.291
25200.253,-70.291
25200.349,-70.291
25200.447,-70.291
25200.549,-70.291
25200.601,-70.291
25200.753,-70.291
25200.814,-70.291
25200.898,-70.291
25201.023,-70.291
25201.099,-70.291
25201.199,-70.291
25201.334,-70.291
25201.408,-70.291
25201.494,-70.291
25201.606,-70.291
25201.699,-70.291
25201.797,-70.291
25201.907,-70.291
25202.001,-70.291
25202.098,-70.291
25202.192,-70.291
25202.290,-70.291
25202.393,-70.291
25202.494,-70.291
25202.598,-70.291
25202.695,-70.291
25202.805,-70.291
25202.905,-70.291
25203.008,-70.291
25203.103,-70.291
25203.214,-70.291
25203.314,-70.291
25203.418,-70.291
25203.543,-70.291
25203.616,-70.291
25203.728,-70.291
25203.839,-70.291
25203.929,-70.291
25204.030,-70.291
25204.133,-70.291
25204.273,-70.291
25204.349,-70.291
25204.449,-70.291
25204.547,-70.291
25204.645,-70.291
25204.771,-70.291
25204.851,-70.291
25204.940,-70.291
25204.981,-70.291
25205.163,-70.291
25205.192,-70.291
25205.363,-70.291
25205.390,-70.291
25205.488,-70.291
25205.584,-70.291
25205.702,-70.291
25205.782,-70.291
25205.878,-70.291
25205.984,-70.291
25206.089,-70.291
25206.182,-70.291
25206.293,-70.291
25206.410,-70.291
25206.498,-70.291
25206.599,-70.291
25206.695,-70.291
25256.777,-70.291
25256.893,-70.291
25257.021,-70.291
25257.104,-70.291
25257.216,-70.291
25257.310,-70.291
25257.412,-70.291
25257.513,-70.291
25257.626,-70.291
25257.724,-70.291
25257.820,-70.291
25257.925,-70.291
25258.025,-70.291
25258.126,-70.291
25258.223,-70.291
25258.273,-70.291
25258.442,-70.291
25258.538,-70.291
25258.662,-70.291
25258.741,-70.291
25258.868,-70.291
25258.869,-70.291
25258.984,-70.291
25259.077,-70.291
25259.175,-70.291
25259.278,-70.291
25259.380,-70.291
25259.491,-70.291
25259.589,-70.291
25259.685,-70.291
25259.788,-70.291
25259.880,-70.291
25259.986,-70.291
25260.087,-70.291
25260.184,-70.291
25260.280,-70.291
25260.380,-70.291
25260.498,-70.291
25260.567,-70.291
25260.687,-70.291
25260.793,-70.291
25260.900,-70.291
25260.994,-70.291
25261.091,-70.291
25261.199,-70.291
25261.302,-70.291
25261.398,-70.291
25261.508,-70.291
25261.599,-70.291
25261.719,-70.291
25261.817,-70.291
25261.924,-70.291
25262.018,-70.291
25262.119,-70.291
25262.217,-70.291
25262.334,-70.291
25262.364,-70.291
25262.462,-70.291
25262.562,-70.291
25262.734,-70.291
25262.765,-70.291
25262.869,-70.291
25262.972,-70.291
25263.072,-70.291
25263.175,-70.291
25263.275,-70.291
25263.358,-70.291
25263.462,-70.291
25263.565,-70.291
25263.665,-70.291
25263.761,-70.291
25263.863,-70.291
25263.964,-70.291
25264.091,-70.291
25264.173,-70.291
25264.271,-70.291
25264.383,-70.291
25264.496,-70.291
25264.567,-70.291
25264.672,-70.291
25264.773,-70.291
25264.864,-70.291
25264.957,-70.291
25265.081,-70.291
25265.170,-70.291
25265.300,-70.291
25265.396,-70.291
25265.493,-70.291
25265.621,-70.291
25265.697,-70.291
25265.814,-70.291
25265.910,-70.291
25266.011,-70.291
25266.109,-70.291
25266.217,-70.291
25266.334,-70.291
25266.351,-70.291
25266.449,-70.291
25266.548,-70.291
25266.650,-70.291
25316.768,-70.291
25316.854,-70.291
25316.957,-70.291
25317.069,-70.291
25317.165,-70.291
25317.268,-70.291
25317.349,-70.291
25317.445,-70.291
25317.549,-70.291
25317.650,-70.291
25317.753,-70.291
25317.854,-70.291
25317.959,-70.291
25318.060,-70.291
25318.170,-70.291
25318.263,-70.291
25318.366,-70.291
25318.469,-70.291
25318.584,-70.291
25318.658,-70.291
25318.763,-70.291
25318.842,-70.291
25318.944,-70.291
25319.054,-70.291
25319.177,-70.291
25319.273,-70.291
25319.400,-70.291
25319.472,-70.291
25319.596,-70.291
25319.643,-70.291
25319.810,-70.291
25319.927,-70.291
25320.011,-70.291
25320.109,-70.291
25320.138,-70.291
25320.243,-70.291
25320.344,-70.291
25320.447,-70.291
25320.543,-70.291
25320.643,-70.291
25320.744,-70.291
25320.856,-70.291
25320.935,-70.291
25321.055,-70.291
25321.158,-70.291
25321.243,-70.291
25321.339,-70.291
25321.440,-70.291
25321.550,-70.291
25321.648,-70.291
25321.746,-70.291
25321.849,-70.291
25321.957,-70.291
25322.054,-70.291
25322.150,-70.291
25322.258,-70.291
25322.363,-70.291
25322.464,-70.291
25322.533,-70.291
25322.635,-70.291
25322.739,-70.291
25322.863,-70.291
25322.994,-70.291
25323.050,-70.291
25323.155,-70.291
25323.275,-70.291
25323.385,-70.291
25323.479,-70.291
25323.579,-70.291
25323.631,-70.291
25323.788,-70.291
25323.896,-70.291
25324.023,-70.291
25324.027,-70.291
25324.143,-70.291
25324.239,-70.291
25324.336,-70.291
25324.442,-70.291
25324.538,-70.291
25324.640,-70.291
25324.739,-70.291
25324.831,-70.291
25324.927,-70.291
25325.023,-70.291
25325.155,-70.291
25325.229,-70.291
25325.331,-70.291
25325.427,-70.291
25325.545,-70.291
25325.638,-70.291
25325.739,-70.291
25325.842,-70.291
25325.952,-70.291
25326.049,-70.291
25326.143,-70.291
25326.256,-70.291
25326.375,-70.291
25326.459,-70.291
25326.567,-70.291
25326.668,-70.291
25376.726,-70.291
25376.831,-70.291
25376.932,-70.291
25377.037,-70.291
25377.140,-70.291
25377.283,-70.291
25377.378,-70.291
25377.481,-70.291
25377.577,-70.291
25377.726,-70.291
25377.788,-70.291
25377.817,-70.291
25377.915,-70.291
25378.035,-70.291
25378.118,-70.291
25378.221,-70.291
25378.319,-70.291
25378.425,-70.291
25378.530,-70.291
25378.625,-70.291
25378.734,-70.291
25378.829,-70.291
25378.922,-70.291
25379.020,-70.291
25379.143,-70.291
25379.241,-70.291
25379.324,-70.291
25379.427,-70.291
25379.528,-70.291
25379.638,-70.291
25379.736,-70.291
25379.836,-70.291
25379.930,-70.291
25380.040,-70.291
25380.165,-70.291
25380.246,-70.291
25380.358,-70.291
25380.452,-70.291
25380.554,-70.291
25380.665,-70.291
25380.707,-70.291
25380.815,-70.291
25380.925,-70.291
25381.077,-70.291
25381.108,-70.291
25381.206,-70.291
25381.305,-70.291
25381.447,-70.291
25381.569,-70.291
25381.619,-70.291
25381.768,-70.291
25381.815,-70.291
25381.907,-70.291
25382.005,-70.291
25382.180,-70.291
25382.211,-70.291
25382.304,-70.291
25382.422,-70.291
25382.506,-70.291
25382.616,-70.291
25382.714,-70.291
25382.810,-70.291
25382.915,-70.291
25383.013,-70.291
25383.114,-70.291
25383.216,-70.291
25383.327,-70.291
25383.429,-70.291
25383.530,-70.291
25383.648,-70.291
25383.736,-70.291
25383.839,-70.291
25383.940,-70.291
25384.043,-70.291
25384.146,-70.291
25384.241,-70.291
25384.342,-70.291
25384.452,-70.291
25384.552,-70.291
25384.650,-70.291
25384.753,-70.291
25384.805,-70.291
25384.956,-70.291
25385.013,-70.291
25385.101,-70.291
25385.195,-70.291
25385.295,-70.291
25385.467,-70.291
25385.498,-70.291
25385.594,-70.291
25385.712,-70.291
25385.812,-70.291
25385.915,-70.291
25386.010,-70.291
25386.111,-70.291
25386.202,-70.291
25386.300,-70.291
25386.395,-70.291
25386.494,-70.291
25386.594,-70.291
25386.702,-70.291
25676.800,-70.291
25676.913,-70.291
25677.005,-70.291
25677.106,-70.291
25677.209,-70.291
25677.326,-70.291
25677.422,-70.291
25677.518,-70.291
25677.618,-70.291
25677.721,-70.291
25677.822,-70.291
25677.949,-70.291
25678.038,-70.291
25678.140,-70.291
25678.236,-70.291
25678.336,-70.291
25678.439,-70.291
25678.540,-70.291
25678.643,-70.291
25678.751,-70.291
25678.842,-70.291
25678.949,-70.291
25679.052,-70.291
25679.163,-70.291
25679.190,-70.291
25679.287,-70.291
25679.383,-70.291
25679.486,-70.291
25679.598,-70.291
25679.697,-70.291
25679.795,-70.291
25679.900,-70.291
25679.996,-70.291
25680.094,-70.291
25680.190,-70.291
25680.293,-70.291
25680.391,-70.291
25680.489,-70.291
25680.597,-70.291
25680.699,-70.291
25680.802,-70.291
25680.898,-70.291
25681.006,-70.291
25681.104,-70.291
25681.204,-70.291
25681.324,-70.291
25681.408,-70.291
25681.513,-70.291
25681.611,-70.291
25681.690,-70.291
25681.824,-70.291
25681.923,-70.291
25682.057,-70.291
25682.126,-70.291
25682.244,-70.291
25682.329,-70.291
25682.425,-70.291
25682.538,-70.291
25682.636,-70.291
25682.738,-70.291
25682.842,-70.291
25682.942,-70.291
25682.969,-70.291
25683.070,-70.291
25683.185,-70.291
25683.277,-70.291
25683.376,-70.291
25683.479,-70.291
25683.574,-70.291
25683.668,-70.291
25683.788,-70.291
25683.898,-70.291
25683.976,-70.291
25684.072,-70.291
25684.172,-70.291
25684.287,-70.291
25684.368,-70.291
25684.467,-70.291
25684.587,-70.291
25684.674,-70.291
25684.795,-70.291
25684.885,-70.291
25685.000,-70.291
25685.084,-70.291
25685.185,-70.291
25685.280,-70.291
25685.385,-70.291
25685.506,-70.291
25685.601,-70.291
25685.699,-70.291
25685.804,-70.291
25685.912,-70.291
25686.015,-70.291
25686.101,-70.291
25686.239,-70.291
25686.266,-70.291
25686.420,-70.291
25686.469,-70.291
25686.630,-70.291
25736.733,-70.291
25736.758,-70.291
25736.861,-70.291
25736.969,-70.291
25737.072,-70.291
25737.168,-70.291
25737.275,-70.291
25737.378,-70.291
25737.481,-70.291
25737.572,-70.291
25737.660,-70.291
25737.765,-70.291
25737.868,-70.291
25737.962,-70.291
25738.062,-70.291
25738.160,-70.291
25738.277,-70.291
25738.376,-70.291
25738.474,-70.291
25738.576,-70.291
25738.697,-70.291
25738.780,-70.291
25738.876,-70.291
25738.996,-70.291
25739.087,-70.291
25739.153,-70.291
25739.255,-70.291
25739.359,-70.291
25739.464,-70.291
25739.565,-70.291
25739.711,-70.291
25739.820,-70.291
25739.891,-70.291
25740.011,-70.291
25740.111,-70.291
25740.212,-70.291
25740.310,-70.291
25740.418,-70.291
25740.511,-70.291
25740.560,-70.291
25740.658,-70.291
25740.755,-70.291
25740.853,-70.291
25740.954,-70.291
25741.057,-70.291
25741.160,-70.291
25741.248,-70.291
25741.363,-70.291
25741.464,-70.291
25741.570,-70.291
25741.660,-70.291
25741.756,-70.291
25741.854,-70.291
25741.954,-70.291
25742.055,-70.291
25742.153,-70.291
25742.261,-70.291
25742.349,-70.291
25742.467,-70.291
25742.570,-70.291
25742.677,-70.291
25742.787,-70.291
25742.863,-70.291
25742.961,-70.291
25743.084,-70.291
25743.163,-70.291
25743.244,-70.291
25743.354,-70.291
25743.496,-70.291
25743.565,-70.291
25743.685,-70.291
25743.768,-70.291
25743.844,-70.291
25744.003,-70.291
25744.097,-70.291
25744.231,-70.291
25744.310,-70.291
25744.337,-70.291
25744.445,-70.291
25744.554,-70.291
25744.658,-70.291
25744.753,-70.291
25744.854,-70.291
25744.949,-70.291
25745.050,-70.291
25745.152,-70.291
25745.255,-70.291
25745.356,-70.291
25745.439,-70.291
25745.548,-70.291
25745.658,-70.291
25745.744,-70.291
25745.846,-70.291
25745.947,-70.291
25746.049,-70.291
25746.146,-70.291
25746.261,-70.291
25746.356,-70.291
25746.461,-70.291
25746.562,-70.291
25746.665,-70.291
25796.758,-70.291
25796.873,-70.291
25796.976,-70.291
25797.076,-70.291
25797.177,-70.291
25797.278,-70.291
25797.383,-70.291
25797.494,-70.291
25797.589,-70.291
25797.690,-70.291
25797.790,-70.291
25797.905,-70.291
25797.934,-70.291
25798.030,-70.291
25798.126,-70.291
25798.229,-70.291
25798.339,-70.291
25798.440,-70.291
25798.535,-70.291
25798.643,-70.291
25798.743,-70.291
25798.826,-70.291
25798.984,-70.291
25799.037,-70.291
25799.133,-70.291
25799.224,-70.291
25799.332,-70.291
25799.430,-70.291
25799.535,-70.291
25799.635,-70.291
25799.744,-70.291
25799.841,-70.291
25799.940,-70.291
25800.065,-70.291
25800.153,-70.291
25800.250,-70.291
25800.354,-70.291
25800.434,-70.291
25800.555,-70.291
25800.658,-70.291
25800.761,-70.291
25800.873,-70.291
25800.976,-70.291
25801.076,-70.291
25801.180,-70.291
25801.283,-70.291
25801.378,-70.291
25801.486,-70.291
25801.581,-70.291
25801.690,-70.291
25801.719,-70.291
25801.815,-70.291
25801.929,-70.291
25802.092,-70.291
25802.189,-70.291
25802.231,-70.291
25802.315,-70.291
25802.418,-70.291
25802.535,-70.291
25802.614,-70.291
25802.731,-70.291
25802.829,-70.291
25802.925,-70.291
25803.030,-70.291
25803.130,-70.291
25803.229,-70.291
25803.332,-70.291
25803.447,-70.291
25803.525,-70.291
25803.619,-70.291
25803.741,-70.291
25803.832,-70.291
25803.927,-70.291
25804.028,-70.291
25804.128,-70.291
25804.250,-70.291
25804.368,-70.291
25804.440,-70.291
25804.550,-70.291
25804.648,-70.291
25804.756,-70.291
25804.844,-70.291
25804.959,-70.291
25805.062,-70.291
25805.163,-70.291
25805.266,-70.291
25805.368,-70.291
25805.471,-70.291
25805.579,-70.291
25805.618,-70.291
25805.712,-70.291
25805.810,-70.291
25805.905,-70.291
25806.015,-70.291
25806.113,-70.291
25806.216,-70.291
25806.314,-70.291
25806.424,-70.291
25806.520,-70.291
25806.621,-70.291
25856.724,-70.291
25856.802,-70.291
25856.907,-70.291
25857.015,-70.291
25857.119,-70.291
25857.199,-70.291
25857.305,-70.291
25857.415,-70.291
25857.513,-70.291
25857.613,-70.291
25857.734,-70.291
25857.800,-70.291
25857.930,-70.291
25858.025,-70.291
25858.153,-70.291
25858.221,-70.291
25858.348,-70.291
25858.445,-70.291
25858.537,-70.291
25858.646,-70.291
25858.743,-70.291
25858.861,-70.291
25858.959,-70.291
25859.057,-70.291
25859.158,-70.291
25859.260,-70.291
25859.361,-70.291
25859.395,-70.291
25859.567,-70.291
25859.668,-70.291
25859.695,-70.291
25859.797,-70.291
25859.898,-70.291
25860.013,-70.291
25860.109,-70.291
25860.207,-70.291
25860.310,-70.291
25860.424,-70.291
25860.513,-70.291
25860.592,-70.291
25860.694,-70.291
25860.820,-70.291
25860.898,-70.291
25861.001,-70.291
25861.091,-70.291
25861.204,-70.291
25861.317,-70.291
25861.415,-70.291
25861.535,-70.291
25861.616,-70.291
25861.717,-70.291
25861.827,-70.291
25861.922,-70.291
25862.033,-70.291
25862.091,-70.291
25862.238,-70.291
25862.300,-70.291
25862.400,-70.291
25862.500,-70.291
25862.603,-70.291
25862.706,-70.291
25862.810,-70.291
25862.886,-70.291
25863.040,-70.291
25863.089,-70.291
25863.243,-70.291
25863.297,-70.291
25863.385,-70.291
25863.481,-70.291
25863.601,-70.291
25863.690,-70.291
25863.790,-70.291
25863.886,-70.291
25864.001,-70.291
25864.099,-70.291
25864.199,-70.291
25864.280,-70.291
25864.398,-70.291
25864.491,-70.291
25864.594,-70.291
25864.690,-70.291
25864.798,-70.291
25864.900,-70.291
25865.005,-70.291
25865.101,-70.291
25865.206,-70.291
25865.312,-70.291
25865.413,-70.291
25865.508,-70.291
25865.609,-70.291
25865.711,-70.291
25865.814,-70.291
25865.915,-70.291
25866.018,-70.291
25866.121,-70.291
25866.236,-70.291
25866.327,-70.291
25866.427,-70.291
25866.530,-70.291
25866.648,-70.291
25866.677,-70.291
25916.837,-70.291
25916.940,-70.291
25916.973,-70.291
25917.079,-70.291
25917.177,-70.291
25917.273,-70.291
25917.386,-70.291
25917.486,-70.291
25917.582,-70.291
25917.680,-70.291
25917.770,-70.291
25917.871,-70.291
25917.989,-70.291
25918.076,-70.291
25918.168,-70.291
25918.288,-70.291
25918.381,-70.291
25918.486,-70.291
25918.584,-70.291
25918.680,-70.291
25918.777,-70.291
25918.883,-70.291
25919.011,-70.291
25919.091,-70.291
25919.175,-70.291
25919.295,-70.291
25919.396,-70.291
25919.501,-70.291
25919.614,-70.291
25919.709,-70.291
25919.807,-70.291
25919.913,-70.291
25920.023,-70.291
25920.119,-70.291
25920.217,-70.291
25920.324,-70.291
25920.422,-70.291
25920.523,-70.291
25920.648,-70.291
25920.665,-70.291
25920.761,-70.291
25920.934,-70.291
25920.959,-70.291
25921.060,-70.291
25921.163,-70.291
25921.263,-70.291
25921.383,-70.291
25921.473,-70.291
25921.574,-70.291
25921.660,-70.291
25921.773,-70.291
25921.856,-70.291
25921.966,-70.291
25922.069,-70.291
25922.170,-70.291
25922.268,-70.291
25922.376,-70.291
25922.484,-70.291
25922.572,-70.291
25922.675,-70.291
25922.778,-70.291
25922.896,-70.291
25922.994,-70.291
25923.084,-70.291
25923.187,-70.291
25923.275,-70.291
25923.359,-70.291
25923.464,-70.291
25923.586,-70.291
25923.697,-70.291
25923.802,-70.291
25923.898,-70.291
25924.000,-70.291
25924.128,-70.291
25924.211,-70.291
25924.322,-70.291
25924.415,-70.291
25924.518,-70.291
25924.619,-70.291
25924.734,-70.291
25924.761,-70.291
25924.858,-70.291
25924.957,-70.291
25925.057,-70.291
25925.155,-70.291
25925.261,-70.291
25925.359,-70.291
25925.447,-70.291
25925.569,-70.291
25925.657,-70.291
25925.753,-70.291
25925.861,-70.291
25925.957,-70.291
25926.054,-70.291
25926.160,-70.291
25926.283,-70.291
25926.361,-70.291
25926.464,-70.291
25926.572,-70.291
25926.668,-70.291
25976.770,-70.291
25976.895,-70.291
25976.984,-70.291
25977.082,-70.291
25977.189,-70.291
25977.283,-70.291
25977.385,-70.291
25977.508,-70.291
25977.545,-70.291
25977.697,-70.291
25977.795,-70.291
25977.898,-70.291
25977.956,-70.291
25978.059,-70.291
25978.160,-70.291
25978.266,-70.291
25978.408,-70.291
25978.481,-70.291
25978.543,-70.291
25978.646,-70.291
25978.756,-70.291
25978.851,-70.291
25978.954,-70.291
25979.055,-70.291
25979.165,-70.291
25979.241,-70.291
25979.339,-70.291
25979.435,-70.291
25979.538,-70.291
25979.638,-70.291
25979.741,-70.291
25979.834,-70.291
25979.945,-70.291
25980.049,-70.291
25980.150,-70.291
25980.251,-70.291
25980.354,-70.291
25980.449,-70.291
25980.570,-70.291
25980.662,-70.291
25980.768,-70.291
25980.866,-70.291
25980.981,-70.291
25981.079,-70.291
25981.175,-70.291
25981.277,-70.291
25981.378,-70.291
25981.489,-70.291
25981.586,-70.291
25981.673,-70.291
25981.783,-70.291
25981.890,-70.291
25981.993,-70.291
25982.057,-70.291
25982.133,-70.291
25982.229,-70.291
25982.331,-70.291
25982.430,-70.291
25982.543,-70.291
25982.631,-70.291
25982.748,-70.291
25982.844,-70.291
25982.930,-70.291
25983.027,-70.291
25983.143,-70.291
25983.226,-70.291
25983.324,-70.291
25983.445,-70.291
25983.532,-70.291
25983.640,-70.291
25983.738,-70.291
25983.836,-70.291
25983.945,-70.291
25984.040,-70.291
25984.143,-70.291
25984.246,-70.291
25984.358,-70.291
25984.454,-70.291
25984.554,-70.291
25984.657,-70.291
25984.758,-70.291
25984.861,-70.291
25984.981,-70.291
25985.074,-70.291
25985.175,-70.291
25985.273,-70.291
25985.347,-70.291
25985.506,-70.291
25985.579,-70.291
25985.689,-70.291
25985.719,-70.291
25985.817,-70.291
25985.917,-70.291
25986.020,-70.291
25986.128,-70.291
25986.228,-70.291
25986.319,-70.291
25986.498,-70.291
25986.528,-70.291
25986.626,-70.291
26276.729,-70.291
26276.817,-70.291
26276.935,-70.291
26277.035,-70.291
26277.130,-70.291
26277.224,-70.291
26277.324,-70.291
26277.420,-70.291
26277.513,-70.291
26277.625,-70.291
26277.721,-70.291
26277.829,-70.291
26277.930,-70.291
26278.038,-70.291
26278.138,-70.291
26278.234,-70.291
26278.334,-70.291
26278.444,-70.291
26278.545,-70.291
26278.655,-70.291
26278.761,-70.291
26278.856,-70.291
26278.957,-70.291
26279.067,-70.291
26279.165,-70.291
26279.263,-70.291
26279.366,-70.291
26279.408,-70.291
26279.572,-70.291
26279.606,-70.291
26279.756,-70.291
26279.804,-70.291
26279.981,-70.291
26280.082,-70.291
26280.125,-70.291
26280.219,-70.291
26280.317,-70.291
26280.415,-70.291
26280.516,-70.291
26280.618,-70.291
26280.707,-70.291
26280.804,-70.291
26280.912,-70.291
26281.008,-70.291
26281.106,-70.291
26281.228,-70.291
26281.317,-70.291
26281.413,-70.291
26281.538,-70.291
26281.638,-70.291
26281.712,-70.291
26281.815,-70.291
26281.898,-70.291
26282.032,-70.291
26282.104,-70.291
26282.204,-70.291
26282.329,-70.291
26282.471,-70.291
26282.549,-70.291
26282.645,-70.291
26282.753,-70.291
26282.849,-70.291
26282.981,-70.291
26283.065,-70.291
26283.155,-70.291
26283.256,-70.291
26283.361,-70.291
26283.478,-70.291
26283.505,-70.291
26283.601,-70.291
26283.697,-70.291
26283.800,-70.291
26283.898,-70.291
26283.998,-70.291
26284.101,-70.291
26284.202,-70.291
26284.305,-70.291
26284.408,-70.291
26284.508,-70.291
26284.589,-70.291
26284.690,-70.291
26284.793,-70.291
26284.903,-70.291
26285.003,-70.291
26285.104,-70.291
26285.204,-70.291
26285.315,-70.291
26285.398,-70.291
26285.498,-70.291
26285.606,-70.291
26285.704,-70.291
26285.788,-70.291
26285.920,-70.291
26286.003,-70.291
26286.116,-70.291
26286.217,-70.291
26286.307,-70.291
26286.413,-70.291
26286.543,-70.291
26286.638,-70.291
26336.741,-70.291
26336.849,-70.291
26336.947,-70.291
26337.045,-70.291
26337.152,-70.291
26337.260,-70.291
26337.288,-70.291
26337.383,-70.291
26337.498,-70.291
26337.594,-70.291
26337.695,-70.291
26337.792,-70.291
26337.888,-70.291
26338.001,-70.291
26338.098,-70.291
26338.211,-70.291
26338.300,-70.291
26338.378,-70.291
26338.479,-70.291
26338.601,-70.291
26338.697,-70.291
26338.793,-70.291
26338.890,-70.291
26338.991,-70.291
26339.079,-70.291
26339.180,-70.291
26339.312,-70.291
26339.391,-70.291
26339.498,-70.291
26339.582,-70.291
26339.724,-70.291
26339.793,-70.291
26339.913,-70.291
26340.018,-70.291
26340.118,-70.291
26340.214,-70.291
26340.322,-70.291
26340.425,-70.291
26340.528,-70.291
26340.623,-70.291
26340.724,-70.291
26340.827,-70.291
26340.929,-70.291
26341.040,-70.291
26341.150,-70.291
26341.246,-70.291
26341.273,-70.291
26341.369,-70.291
26341.473,-70.291
26341.587,-70.291
26341.685,-70.291
26341.780,-70.291
26341.885,-70.291
26341.986,-70.291
26342.089,-70.291
26342.189,-70.291
26342.277,-70.291
26342.371,-70.291
26342.473,-70.291
26342.576,-70.291
26342.690,-70.291
26342.785,-70.291
26342.883,-70.291
26342.986,-70.291
26343.094,-70.291
26343.214,-70.291
26343.293,-70.291
26343.400,-70.291
26343.498,-70.291
26343.599,-70.291
26343.675,-70.291
26343.815,-70.291
26343.910,-70.291
26344.008,-70.291
26344.133,-70.291
26344.175,-70.291
26344.283,-70.291
26344.385,-70.291
26344.527,-70.291
26344.623,-70.291
26344.751,-70.291
26344.829,-70.291
26344.869,-70.291
26344.966,-70.291
26345.062,-70.291
26345.165,-70.291
26345.261,-70.291
26345.364,-70.291
26345.467,-70.291
26345.560,-70.291
26345.657,-70.291
26345.761,-70.291
26345.858,-70.291
26345.986,-70.291
26346.067,-70.291
26346.163,-70.291
26346.295,-70.291
26346.376,-70.291
26346.476,-70.291
26346.577,-70.291
26346.662,-70.291
26396.798,-70.291
26396.876,-70.291
26397.001,-70.291
26397.074,-70.291
26397.182,-70.291
26397.285,-70.291
26397.398,-70.291
26397.494,-70.291
26397.653,-70.291
26397.655,-70.291
26397.810,-70.291
26397.863,-70.291
26397.967,-70.291
26398.094,-70.291
26398.202,-70.291
26398.253,-70.291
26398.437,-70.291
26398.500,-70.291
26398.609,-70.291
26398.711,-70.291
26398.760,-70.291
26398.937,-70.291
26398.964,-70.291
26399.060,-70.291
26399.157,-70.291
26399.263,-70.291
26399.366,-70.291
26399.462,-70.291
26399.564,-70.291
26399.646,-70.291
26399.748,-70.291
26399.846,-70.291
26399.971,-70.291
26400.060,-70.291
26400.162,-70.291
26400.258,-70.291
26400.359,-70.291
26400.461,-70.291
26400.562,-70.291
26400.665,-70.291
26400.775,-70.291
26400.871,-70.291
26400.973,-70.291
26401.074,-70.291
26401.182,-70.291
26401.278,-70.291
26401.383,-70.291
26401.484,-70.291
26401.587,-70.291
26401.690,-70.291
26401.809,-70.291
26401.895,-70.291
26401.996,-70.291
26402.101,-70.291
26402.219,-70.291
26402.246,-70.291
26402.396,-70.291
26402.447,-70.291
26402.543,-70.291
26402.638,-70.291
26402.748,-70.291
26402.849,-70.291
26402.935,-70.291
26403.049,-70.291
26403.157,-70.291
26403.253,-70.291
26403.337,-70.291
26403.432,-70.291
26403.542,-70.291
26403.645,-70.291
26403.755,-70.291
26403.851,-70.291
26403.947,-70.291
26404.057,-70.291
26404.153,-70.291
26404.251,-70.291
26404.349,-70.291
26404.454,-70.291
26404.557,-70.291
26404.660,-70.291
26404.761,-70.291
26404.864,-70.291
26404.973,-70.291
26405.067,-70.291
26405.182,-70.291
26405.280,-70.291
26405.376,-70.291
26405.484,-70.291
26405.582,-70.291
26405.707,-70.291
26405.780,-70.291
26405.896,-70.291
26405.991,-70.291
26406.092,-70.291
26406.217,-70.291
26406.236,-70.291
26406.349,-70.291
26406.427,-70.291
26406.535,-70.291
26406.633,-70.291
26456.812,-70.291
26456.839,-70.291
26456.952,-70.291
26457.043,-70.291
26457.128,-70.291
26457.228,-70.291
26457.346,-70.291
26457.440,-70.291
26457.527,-70.291
26457.628,-70.291
26457.731,-70.291
26457.853,-70.291
26457.925,-70.291
26458.055,-70.291
26458.128,-70.291
26458.246,-70.291
26458.346,-70.291
26458.467,-70.291
26458.582,-70.291
26458.685,-70.291
26458.763,-70.291
26458.861,-70.291
26458.959,-70.291
26459.055,-70.291
26459.157,-70.291
26459.275,-70.291
26459.369,-70.291
26459.469,-70.291
26459.584,-70.291
26459.685,-70.291
26459.783,-70.291
26459.893,-70.291
26460.016,-70.291
26460.018,-70.291
26460.121,-70.291
26460.222,-70.291
26460.329,-70.291
26460.427,-70.291
26460.523,-70.291
26460.630,-70.291
26460.712,-70.291
26460.836,-70.291
26460.929,-70.291
26461.020,-70.291
26461.114,-70.291
26461.212,-70.291
26461.315,-70.291
26461.427,-70.291
26461.521,-70.291
26461.623,-70.291
26461.729,-70.291
26461.819,-70.291
26461.940,-70.291
26462.035,-70.291
26462.141,-70.291
26462.239,-70.291
26462.339,-70.291
26462.435,-70.291
26462.543,-70.291
26462.670,-70.291
26462.771,-70.291
26462.878,-70.291
26462.952,-70.291
26463.048,-70.291
26463.167,-70.291
26463.268,-70.291
26463.364,-70.291
26463.466,-70.291
26463.577,-70.291
26463.611,-70.291
26463.766,-70.291
26463.815,-70.291
26463.981,-70.291
26464.006,-70.291
26464.104,-70.291
26464.302,-70.291
26464.320,-70.291
26464.415,-70.291
26464.515,-70.291
26464.618,-70.291
26464.716,-70.291
26464.819,-70.291
26464.923,-70.291
26465.001,-70.291
26465.108,-70.291
26465.231,-70.291
26465.307,-70.291
26465.405,-70.291
26465.516,-70.291
26465.604,-70.291
26465.699,-70.291
26465.829,-70.291
26465.924,-70.291
26465.996,-70.291
26466.104,-70.291
26466.207,-70.291
26466.332,-70.291
26466.440,-70.291
26466.552,-70.291
26466.646,-70.291
26516.751,-70.291
26516.876,-70.291
26516.947,-70.291
26517.070,-70.291
26517.092,-70.291
26517.263,-70.291
26517.359,-70.291
26517.459,-70.291
26517.560,-70.291
26517.667,-70.291
26517.778,-70.291
26517.807,-70.291
26517.902,-70.291
26518.005,-70.291
26518.101,-70.291
26518.199,-70.291
26518.304,-70.291
26518.388,-70.291
26518.511,-70.291
26518.609,-70.291
26518.714,-70.291
26518.792,-70.291
26518.898,-70.291
26518.994,-70.291
26519.121,-70.291
26519.192,-70.291
26519.292,-70.291
26519.407,-70.291
26519.516,-70.291
26519.589,-70.291
26519.711,-70.291
26519.815,-70.291
26519.923,-70.291
26520.021,-70.291
26520.116,-70.291
26520.228,-70.291
26520.349,-70.291
26520.420,-70.291
26520.515,-70.291
26520.616,-70.291
26520.736,-70.291
26520.847,-70.291
26520.962,-70.291
26521.042,-70.291
26521.148,-70.291
26521.246,-70.291
26521.287,-70.291
26521.381,-70.291
26521.555,-70.291
26521.581,-70.291
26521.699,-70.291
26521.783,-70.291
26521.886,-70.291
26521.989,-70.291
26522.092,-70.291
26522.194,-70.291
26522.282,-70.291
26522.388,-70.291
26522.478,-70.291
26522.579,-70.291
26522.680,-70.291
26522.800,-70.291
26522.896,-70.291
26522.998,-70.291
26523.094,-70.291
26523.194,-70.291
26523.307,-70.291
26523.407,-70.291
26523.501,-70.291
26523.582,-70.291
26523.731,-70.291
26523.787,-70.291
26523.942,-70.291
26524.016,-70.291
26524.077,-70.291
26524.177,-70.291
26524.280,-70.291
26524.383,-70.291
26524.489,-70.291
26524.636,-70.291
26524.699,-70.291
26524.832,-70.291
26524.935,-70.291
26525.028,-70.291
26525.079,-70.291
26525.234,-70.291
26525.285,-70.291
26525.375,-70.291
26525.471,-70.291
26525.572,-70.291
26525.668,-70.291
26525.766,-70.291
26525.886,-70.291
26525.966,-70.291
26526.087,-70.291
26526.185,-70.291
26526.266,-70.291
26526.366,-70.291
26526.476,-70.291
26526.574,-70.291
26526.707,-70.291
26576.798,-70.291
26576.880,-70.291
26577.006,-70.291
26577.084,-70.291
26577.165,-70.291
26577.299,-70.291
26577.398,-70.291
26577.494,-70.291
26577.601,-70.291
26577.699,-70.291
26577.795,-70.291
26577.903,-70.291
26578.013,-70.291
26578.118,-70.291
26578.214,-70.291
26578.314,-70.291
26578.376,-70.291
26578.481,-70.291
26578.636,-70.291
26578.689,-70.291
26578.765,-70.291
26578.861,-70.291
26579.048,-70.291
26579.076,-70.291
26579.157,-70.291
26579.329,-70.291
26579.371,-70.291
26579.473,-70.291
26579.572,-70.291
26579.738,-70.291
26579.753,-70.291
26579.873,-70.291
26579.961,-70.291
26580.064,-70.291
26580.155,-70.291
26580.268,-70.291
26580.395,-70.291
26580.498,-70.291
26580.576,-70.291
26580.675,-70.291
26580.783,-70.291
26580.885,-70.291
26580.981,-70.291
26581.081,-70.291
26581.180,-70.291
26581.282,-70.291
26581.385,-70.291
26581.488,-70.291
26581.619,-70.291
26581.697,-70.291
26581.817,-70.291
26581.898,-70.291
26582.000,-70.291
26582.103,-70.291
26582.206,-70.291
26582.310,-70.291
26582.400,-70.291
26582.451,-70.291
26582.547,-70.291
26582.724,-70.291
26582.751,-70.291
26582.846,-70.291
26582.945,-70.291
26583.045,-70.291
26583.160,-70.291
26583.256,-70.291
26583.359,-70.291
26583.459,-70.291
26583.560,-70.291
26583.648,-70.291
26583.780,-70.291
26583.842,-70.291
26583.945,-70.291
26584.043,-70.291
26584.150,-70.291
26584.260,-70.291
26584.356,-70.291
26584.451,-70.291
26584.560,-70.291
26584.662,-70.291
26584.783,-70.291
26584.883,-70.291
26584.969,-70.291
26585.096,-70.291
26585.168,-70.291
26585.295,-70.291
26585.391,-70.291
26585.488,-70.291
26585.584,-70.291
26585.687,-70.291
26585.812,-70.291
26585.896,-70.291
26585.993,-70.291
26586.096,-70.291
26586.197,-70.291
26586.300,-70.291
26586.403,-70.291
26586.506,-70.291
26586.611,-70.291
26586.638,-70.291
26876.746,-70.291
26876.846,-70.291
26876.947,-70.291
26877.045,-70.291
26877.133,-70.291
26877.231,-70.291
26877.353,-70.291
26877.456,-70.291
26877.538,-70.291
26877.640,-70.291
26877.743,-70.291
26877.836,-70.291
26877.939,-70.291
26878.040,-70.291
26878.143,-70.291
26878.246,-70.291
26878.349,-70.291
26878.452,-70.291
26878.557,-70.291
26878.650,-70.291
26878.750,-70.291
26878.871,-70.291
26878.969,-70.291
26879.038,-70.291
26879.158,-70.291
26879.246,-70.291
26879.373,-70.291
26879.469,-70.291
26879.582,-70.291
26879.704,-70.291
26879.783,-70.291
26879.886,-70.291
26880.028,-70.291
26880.094,-70.291
26880.192,-70.291
26880.300,-70.291
26880.329,-70.291
26880.423,-70.291
26880.523,-70.291
26880.626,-70.291
26880.726,-70.291
26880.832,-70.291
26880.934,-70.291
26881.043,-70.291
26881.133,-70.291
26881.317,-70.291
26881.320,-70.291
26881.420,-70.291
26881.543,-70.291
26881.628,-70.291
26881.723,-70.291
26881.831,-70.291
26881.935,-70.291
26882.035,-70.291
26882.138,-70.291
26882.233,-70.291
26882.342,-70.291
26882.452,-70.291
26882.550,-70.291
26882.648,-70.291
26882.736,-70.291
26882.815,-70.291
26882.923,-70.291
26883.028,-70.291
26883.152,-70.291
26883.271,-70.291
26883.380,-70.291
26883.476,-70.291
26883.574,-70.291
26883.704,-70.291
26883.768,-70.291
26883.819,-70.291
26883.920,-70.291
26884.016,-70.291
26884.118,-70.291
26884.214,-70.291
26884.320,-70.291
26884.525,-70.291
26884.527,-70.291
26884.626,-70.291
26884.728,-70.291
26884.831,-70.291
26884.930,-70.291
26885.028,-70.291
26885.126,-70.291
26885.217,-70.291
26885.317,-70.291
26885.415,-70.291
26885.518,-70.291
26885.653,-70.291
26885.726,-70.291
26885.824,-70.291
26885.907,-70.291
26886.038,-70.291
26886.136,-70.291
26886.233,-70.291
26886.344,-70.291
26886.440,-70.291
26886.516,-70.291
26886.643,-70.291
26936.756,-70.291
26936.807,-70.291
26936.952,-70.291
26937.055,-70.291
26937.121,-70.291
26937.226,-70.291
26937.349,-70.291
26937.402,-70.291
26937.555,-70.291
26937.606,-70.291
26937.790,-70.291
26937.863,-70.291
26937.913,-70.291
26938.008,-70.291
26938.113,-70.291
26938.219,-70.291
26938.317,-70.291
26938.413,-70.291
26938.503,-70.291
26938.601,-70.291
26938.699,-70.291
26938.820,-70.291
26938.896,-70.291
26939.005,-70.291
26939.101,-70.291
26939.217,-70.291
26939.305,-70.291
26939.407,-70.291
26939.511,-70.291
26939.650,-70.291
26939.724,-70.291
26939.820,-70.291
26939.920,-70.291
26940.023,-70.291
26940.146,-70.291
26940.228,-70.291
26940.329,-70.291
26940.430,-70.291
26940.525,-70.291
26940.646,-70.291
26940.729,-70.291
26940.812,-70.291
26940.945,-70.291
26941.052,-70.291
26941.141,-70.291
26941.250,-70.291
26941.347,-70.291
26941.464,-70.291
26941.491,-70.291
26941.589,-70.291
26941.755,-70.291
26941.790,-70.291
26941.900,-70.291
26941.996,-70.291
26942.098,-70.291
26942.195,-70.291
26942.300,-70.291
26942.396,-70.291
26942.523,-70.291
26942.587,-70.291
26942.707,-70.291
26942.787,-70.291
26942.891,-70.291
26943.006,-70.291
26943.101,-70.291
26943.197,-70.291
26943.302,-70.291
26943.402,-70.291
26943.503,-70.291
26943.626,-70.291
26943.709,-70.291
26943.836,-70.291
26943.918,-70.291
26944.037,-70.291
26944.118,-70.291
26944.219,-70.291
26944.361,-70.291
26944.425,-70.291
26944.528,-70.291
26944.653,-70.291
26944.690,-70.291
26944.793,-70.291
26944.900,-70.291
26945.001,-70.291
26945.143,-70.291
26945.239,-70.291
26945.339,-70.291
26945.391,-70.291
26945.489,-70.291
26945.645,-70.291
26945.695,-70.291
26945.782,-70.291
26945.898,-70.291
26945.991,-70.291
26946.094,-70.291
26946.199,-70.291
26946.282,-70.291
26946.381,-70.291
26946.489,-70.291
26946.574,-70.291
26946.677,-70.291
26996.790,-70.291
26996.885,-70.291
26996.986,-70.291
26997.082,-70.291
26997.190,-70.291
26997.302,-70.291
26997.398,-70.291
26997.498,-70.291
26997.609,-70.291
26997.712,-70.291
26997.814,-70.291
26997.913,-70.291
26998.035,-70.291
26998.111,-70.291
26998.222,-70.291
26998.327,-70.291
26998.378,-70.291
26998.521,-70.291
26998.623,-70.291
26998.726,-70.291
26998.771,-70.291
26998.942,-70.291
26998.969,-70.291
26999.140,-70.291
26999.239,-70.291
26999.339,-70.291
26999.368,-70.291
26999.466,-70.291
26999.574,-70.291
26999.680,-70.291
26999.777,-70.291
26999.875,-70.291
26999.964,-70.291
27000.084,-70.291
27000.182,-70.291
27000.265,-70.291
27000.383,-70.291
27000.572,-70.291
27000.574,-70.291
27000.679,-70.291
27000.775,-70.291
27000.876,-70.291
27000.979,-70.291
27001.089,-70.291
27001.184,-70.291
27001.285,-70.291
27001.386,-70.291
27001.491,-70.291
27001.592,-70.291
27001.687,-70.291
27001.805,-70.291
27001.910,-70.291
27002.008,-70.291
27002.123,-70.291
27002.173,-70.291
27002.273,-70.291
27002.378,-70.291
27002.483,-70.291
27002.589,-70.291
27002.712,-70.291
27002.812,-70.291
27002.925,-70.291
27003.025,-70.291
27003.055,-70.291
27003.226,-70.291
27003.256,-70.291
27003.376,-70.291
27003.471,-70.291
27003.572,-70.291
27003.670,-70.291
27003.770,-70.291
27003.871,-70.291
27003.962,-70.291
27004.065,-70.291
27004.160,-70.291
27004.256,-70.291
27004.351,-70.291
27004.469,-70.291
27004.572,-70.291
27004.665,-70.291
27004.777,-70.291
27004.903,-70.291
27004.976,-70.291
27005.109,-70.291
27005.182,-70.291
27005.290,-70.291
27005.386,-70.291
27005.496,-70.291
27005.592,-70.291
27005.670,-70.291
27005.798,-70.291
27005.881,-70.291
27006.001,-70.291
27006.072,-70.291
27006.234,-70.291
27006.305,-70.291
27006.405,-70.291
27006.508,-70.291
27006.606,-70.291
27006.704,-70.291
27056.755,-70.291
27056.856,-70.291
27056.945,-70.291
27057.049,-70.291
27057.146,-70.291
27057.250,-70.291
27057.351,-70.291
27057.456,-70.291
27057.557,-70.291
27057.660,-70.291
27057.765,-70.291
27057.861,-70.291
27057.959,-70.291
27058.043,-70.291
27058.148,-70.291
27058.273,-70.291
27058.371,-70.291
27058.467,-70.291
27058.564,-70.291
27058.662,-70.291
27058.763,-70.291
27058.864,-70.291
27058.966,-70.291
27059.074,-70.291
27059.172,-70.291
27059.273,-70.291
27059.376,-70.291
27059.478,-70.291
27059.606,-70.291
27059.704,-70.291
27059.798,-70.291
27059.888,-70.291
27059.991,-70.291
27060.054,-70.291
27060.207,-70.291
27060.238,-70.291
27060.366,-70.291
27060.442,-70.291
27060.574,-70.291
27060.633,-70.291
27060.775,-70.291
27060.834,-70.291
27060.935,-70.291
27061.038,-70.291
27061.140,-70.291
27061.354,-70.291
27061.356,-70.291
27061.432,-70.291
27061.552,-70.291
27061.636,-70.291
27061.746,-70.291
27061.844,-70.291
27061.969,-70.291
27062.047,-70.291
27062.148,-70.291
27062.246,-70.291
27062.344,-70.291
27062.449,-70.291
27062.550,-70.291
27062.677,-70.291
27062.780,-70.291
27062.858,-70.291
27062.959,-70.291
27063.064,-70.291
27063.173,-70.291
27063.270,-70.291
27063.369,-70.291
27063.479,-70.291
27063.582,-70.291
27063.680,-70.291
27063.780,-70.291
27063.883,-70.291
27063.984,-70.291
27064.086,-70.291
27064.207,-70.291
27064.226,-70.291
27064.344,-70.291
27064.496,-70.291
27064.523,-70.291
27064.641,-70.291
27064.724,-70.291
27064.827,-70.291
27064.940,-70.291
27065.035,-70.291
27065.136,-70.291
27065.236,-70.291
27065.342,-70.291
27065.418,-70.291
27065.520,-70.291
27065.625,-70.291
27065.724,-70.291
27065.827,-70.291
27065.930,-70.291
27066.045,-70.291
27066.123,-70.291
27066.236,-70.291
27066.339,-70.291
27066.457,-70.291
27066.552,-70.291
27066.648,-70.291
27116.750,-70.291
27116.851,-70.291
27116.956,-70.291
27117.064,-70.291
27117.158,-70.291
27117.260,-70.291
27117.366,-70.291
27117.466,-70.291
27117.589,-70.291
27117.677,-70.291
27117.775,-70.291
27117.881,-70.291
27117.978,-70.291
27118.087,-70.291
27118.118,-70.291
27118.216,-70.291
27118.319,-70.291
27118.423,-70.291
27118.521,-70.291
27118.616,-70.291
27118.726,-70.291
27118.827,-70.291
27118.908,-70.291
27119.037,-70.291
27119.138,-70.291
27119.209,-70.291
27119.310,-70.291
27119.423,-70.291
27119.520,-70.291
27119.640,-70.291
27119.719,-70.291
27119.829,-70.291
27119.925,-70.291
27120.025,-70.291
27120.126,-70.291
27120.229,-70.291
27120.332,-70.291
27120.452,-70.291
27120.545,-70.291
27120.645,-70.291
27120.741,-70.291
27120.864,-70.291
27120.949,-70.291
27121.050,-70.291
27121.152,-70.291
27121.261,-70.291
27121.356,-70.291
27121.459,-70.291
27121.562,-70.291
27121.665,-70.291
27121.766,-70.291
27121.868,-70.291
27121.983,-70.291
27122.011,-70.291
27122.106,-70.291
27122.204,-70.291
27122.317,-70.291
27122.417,-70.291
27122.515,-70.291
27122.611,-70.291
27122.702,-70.291
27122.802,-70.291
27122.920,-70.291
27123.027,-70.291
27123.098,-70.291
27123.202,-70.291
27123.304,-70.291
27123.405,-70.291
27123.506,-70.291
27123.611,-70.291
27123.712,-70.291
27123.814,-70.291
27123.917,-70.291
27124.021,-70.291
27124.128,-70.291
27124.223,-70.291
27124.327,-70.291
27124.429,-70.291
27124.540,-70.291
27124.640,-70.291
27124.736,-70.291
27124.839,-70.291
27124.949,-70.291
27125.008,-70.291
27125.146,-70.291
27125.275,-70.291
27125.353,-70.291
27125.452,-70.291
27125.599,-70.291
27125.670,-70.291
27125.699,-70.291
27125.793,-70.291
27125.891,-70.291
27125.996,-70.291
27126.098,-70.291
27126.195,-70.291
27126.298,-70.291
27126.403,-70.291
27126.501,-70.291
27126.606,-70.291
27126.702,-70.291
27176.788,-70.291
27176.886,-70.291
27176.989,-70.291
27177.114,-70.291
27177.195,-70.291
27177.319,-70.291
27177.398,-70.291
27177.506,-70.291
27177.604,-70.291
27177.707,-70.291
27177.815,-70.291
27177.917,-70.291
27178.013,-70.291
27178.114,-70.291
27178.217,-70.291
27178.320,-70.291
27178.423,-70.291
27178.540,-70.291
27178.628,-70.291
27178.753,-70.291
27178.832,-70.291
27178.952,-70.291
27178.979,-70.291
27179.141,-70.291
27179.275,-70.291
27179.346,-70.291
27179.415,-70.291
27179.549,-70.291
27179.577,-70.291
27179.755,-70.291
27179.783,-70.291
27179.881,-70.291
27179.984,-70.291
27180.094,-70.291
27180.192,-70.291
27180.293,-70.291
27180.376,-70.291
27180.494,-70.291
27180.596,-70.291
27180.697,-70.291
27180.790,-70.291
27180.890,-70.291
27180.984,-70.291
27181.084,-70.291
27181.187,-70.291
27181.290,-70.291
27181.425,-70.291
27181.494,-70.291
27181.597,-70.291
27181.699,-70.291
27181.802,-70.291
27181.915,-70.291
27182.013,-70.291
27182.118,-70.291
27182.221,-70.291
27182.319,-70.291
27182.425,-70.291
27182.521,-70.291
27182.655,-70.291
27182.726,-70.291
27182.834,-70.291
27182.949,-70.291
27182.967,-70.291
27183.135,-70.291
27183.261,-70.291
27183.361,-70.291
27183.398,-70.291
27183.473,-70.291
27183.567,-70.291
27183.684,-70.291
27183.775,-70.291
27183.873,-70.291
27183.976,-70.291
27184.077,-70.291
27184.180,-70.291
27184.285,-70.291
27184.366,-70.291
27184.464,-70.291
27184.567,-70.291
27184.668,-70.291
27184.788,-70.291
27184.873,-70.291
27185.001,-70.291
27185.082,-70.291
27185.172,-70.291
27185.278,-70.291
27185.378,-70.291
27185.488,-70.291
27185.591,-70.291
27185.685,-70.291
27185.795,-70.291
27185.920,-70.291
27186.001,-70.291
27186.101,-70.291
27186.206,-70.291
27186.307,-70.291
27186.410,-70.291
27186.520,-70.291
27186.626,-70.291
25076.716,-70.291
25076.820,-70.291
25076.922,-70.291
25077.037,-70.291
25077.064,-70.291
25077.158,-70.291
25077.263,-70.291
25077.359,-70.291
25077.469,-70.291
25077.564,-70.291
25077.662,-70.291
25077.765,-70.291
25077.871,-70.291
25077.954,-70.291
25078.094,-70.291
25078.152,-70.291
25078.253,-70.291
25078.356,-70.291
25078.462,-70.291
25078.572,-70.291
25078.670,-70.291
25078.768,-70.291
25078.876,-70.291
25078.974,-70.291
25079.074,-70.291
25079.197,-70.291
25079.285,-70.291
25079.383,-70.291
25079.503,-70.291
25079.609,-70.291
25079.646,-70.291
25079.746,-70.291
25079.849,-70.291
25080.001,-70.291
25080.103,-70.291
25080.160,-70.291
25080.263,-70.291
25080.369,-70.291
25080.445,-70.291
25080.547,-70.291
25080.719,-70.291
25080.746,-70.291
25080.844,-70.291
25081.035,-70.291
25081.052,-70.291
25081.148,-70.291
25081.246,-70.291
25081.349,-70.291
25081.447,-70.291
25081.557,-70.291
25081.655,-70.291
25081.771,-70.291
25081.841,-70.291
25081.940,-70.291
25082.043,-70.291
25082.177,-70.291
25082.251,-70.291
25082.349,-70.291
25082.451,-70.291
25082.552,-70.291
25082.657,-70.291
25082.758,-70.291
25082.871,-70.291
25082.964,-70.291
25083.067,-70.291
25083.167,-70.291
25083.283,-70.291
25083.381,-70.291
25083.484,-70.291
25083.581,-70.291
25083.680,-70.291
25083.782,-70.291
25083.885,-70.291
25084.011,-70.291
25084.089,-70.291
25084.194,-70.291
25084.304,-70.291
25084.396,-70.291
25084.501,-70.291
25084.603,-70.291
25084.709,-70.291
25084.750,-70.291
25084.832,-70.291
25084.932,-70.291
25085.035,-70.291
25085.143,-70.291
25085.246,-70.291
25085.344,-70.291
25085.445,-70.291
25085.535,-70.291
25085.633,-70.291
25085.738,-70.291
25085.829,-70.291
25085.935,-70.291
25086.067,-70.291
25086.143,-70.291
25086.250,-70.291
25086.344,-70.291
25086.454,-70.291
25086.555,-70.291
25086.648,-70.291
25136.753,-70.291
25136.856,-70.291
25136.959,-70.291
25137.059,-70.291
25137.160,-70.291
25137.280,-70.291
25137.371,-70.291
25137.467,-70.291
25137.572,-70.291
25137.694,-70.291
25137.777,-70.291
25137.878,-70.291
25137.984,-70.291
25138.087,-70.291
25138.184,-70.291
25138.288,-70.291
25138.391,-70.291
25138.425,-70.291
25138.521,-70.291
25138.619,-70.291
25138.726,-70.291
25138.824,-70.291
25138.927,-70.291
25139.028,-70.291
25139.121,-70.291
25139.234,-70.291
25139.336,-70.291
25139.424,-70.291
25139.528,-70.291
25139.623,-70.291
25139.721,-70.291
25139.854,-70.291
25139.929,-70.291
25140.028,-70.291
25140.138,-70.291
25140.234,-70.291
25140.336,-70.291
25140.439,-70.291
25140.540,-70.291
25140.645,-70.291
25140.746,-70.291
25140.839,-70.291
25140.957,-70.291
25141.054,-70.291
25141.157,-70.291
25141.256,-70.291
25141.369,-70.291
25141.464,-70.291
25141.574,-70.291
25141.692,-70.291
25141.712,-70.291
25141.873,-70.291
25141.976,-70.291
25142.060,-70.291
25142.180,-70.291
25142.280,-70.291
25142.383,-70.291
25142.427,-70.291
25142.525,-70.291
25142.623,-70.291
25142.719,-70.291
25142.822,-70.291
25143.000,-70.291
25143.027,-70.291
25143.111,-70.291
25143.209,-70.291
25143.315,-70.291
25143.432,-70.291
25143.530,-70.291
25143.619,-70.291
25143.716,-70.291
25143.827,-70.291
25143.920,-70.291
25144.013,-70.291
25144.114,-70.291
25144.217,-70.291
25144.326,-70.291
25144.442,-70.291
25144.508,-70.291
25144.631,-70.291
25144.741,-70.291
25144.844,-70.291
25144.942,-70.291
25145.047,-70.291
25145.158,-70.291
25145.278,-70.291
25145.368,-70.291
25145.456,-70.291
25145.554,-70.291
25145.660,-70.291
25145.778,-70.291
25145.807,-70.291
25145.969,-70.291
25146.072,-70.291
25146.101,-70.291
25146.202,-70.291
25146.300,-70.291
25146.400,-70.291
25146.503,-70.291
25146.606,-70.291
25146.709,-70.291
25196.810,-70.291
25196.917,-70.291
25197.015,-70.291
25197.118,-70.291
25197.206,-70.291
25197.322,-70.291
25197.405,-70.291
25197.503,-70.291
25197.616,-70.291
25197.714,-70.291
25197.812,-70.291
25197.913,-70.291
25198.030,-70.291
25198.126,-70.291
25198.224,-70.291
25198.322,-70.291
25198.410,-70.291
25198.491,-70.291
25198.592,-70.291
25198.744,-70.291
25198.802,-70.291
25198.939,-70.291
25199.042,-70.291
25199.118,-70.291
25199.238,-70.291
25199.358,-70.291
25199.459,-70.291
25199.528,-70.291
25199.660,-70.291
25199.689,-70.291
25199.802,-70.291
25199.890,-70.291
25199.986,-70.291
25200.087,-70.291
25200.199,-70.291
25200.300,-70.291
25200.396,-70.291
25200.511,-70.291
25200.603,-70.291
25200.704,-70.291
25200.805,-70.291
25200.883,-70.291
25200.994,-70.291
25201.089,-70.291
25201.190,-70.291
25201.293,-70.291
25201.395,-70.291
25201.498,-70.291
25201.614,-70.291
25201.709,-70.291
25201.805,-70.291
25201.907,-70.291
25202.027,-70.291
25202.125,-70.291
25202.223,-70.291
25202.320,-70.291
25202.425,-70.291
25202.523,-70.291
25202.643,-70.291
25202.726,-70.291
25202.788,-70.291
25202.893,-70.291
25203.040,-70.291
25203.145,-70.291
25203.214,-70.291
25203.342,-70.291
25203.452,-70.291
25203.545,-70.291
25203.648,-70.291
25203.677,-70.291
25203.782,-70.291
25203.890,-70.291
25203.986,-70.291
25204.084,-70.291
25204.187,-70.291
25204.287,-70.291
25204.390,-70.291
25204.478,-70.291
25204.592,-70.291
25204.673,-70.291
25204.775,-70.291
25204.878,-70.291
25204.991,-70.291
25205.087,-70.291
25205.184,-70.291
25205.290,-70.291
25205.396,-70.291
25205.493,-70.291
25205.594,-70.291
25205.702,-70.291
25205.820,-70.291
25205.903,-70.291
25206.025,-70.291
25206.116,-70.291
25206.217,-70.291
25206.344,-70.291
25206.437,-70.291
25206.467,-70.291
25206.626,-70.291
25256.723,-70.291
25256.782,-70.291
25256.890,-70.291
25256.994,-70.291
25257.094,-70.291
25257.234,-70.291
25257.305,-70.291
25257.366,-70.291
25257.538,-70.291
25257.565,-70.291
25257.665,-70.291
25257.785,-70.291
25257.863,-70.291
25257.972,-70.291
25258.070,-70.291
25258.177,-70.291
25258.273,-70.291
25258.366,-70.291
25258.467,-70.291
25258.565,-70.291
25258.668,-70.291
25258.771,-70.291
25258.871,-70.291
25258.964,-70.291
25259.074,-70.291
25259.179,-70.291
25259.280,-70.291
25259.381,-70.291
25259.484,-70.291
25259.613,-70.291
25259.699,-70.291
25259.793,-70.291
25259.893,-70.291
25259.998,-70.291
25260.111,-70.291
25260.207,-70.291
25260.305,-70.291
25260.407,-70.291
25260.508,-70.291
25260.611,-70.291
25260.714,-70.291
25260.802,-70.291
25260.918,-70.291
25261.021,-70.291
25261.123,-70.291
25261.226,-70.291
25261.251,-70.291
25261.351,-70.291
25261.461,-70.291
25261.560,-70.291
25261.652,-70.291
25261.756,-70.291
25261.859,-70.291
25261.949,-70.291
25262.067,-70.291
25262.170,-70.291
25262.273,-70.291
25262.361,-70.291
25262.457,-70.291
25262.559,-70.291
25262.660,-70.291
25262.761,-70.291
25262.864,-70.291
25262.967,-70.291
25263.076,-70.291
25263.180,-70.291
25263.278,-70.291
25263.408,-70.291
25263.488,-70.291
25263.582,-70.291
25263.692,-70.291
25263.793,-70.291
25263.896,-70.291
25264.000,-70.291
25264.109,-70.291
25264.199,-70.291
25264.297,-70.291
25264.349,-70.291
25264.476,-70.291
25264.614,-70.291
25264.643,-70.291
25264.844,-70.291
25264.913,-70.291
25264.940,-70.291
25265.118,-70.291
25265.146,-70.291
25265.244,-70.291
25265.347,-70.291
25265.447,-70.291
25265.550,-70.291
25265.655,-70.291
25265.756,-70.291
25265.844,-70.291
25265.949,-70.291
25266.047,-70.291
25266.146,-70.291
25266.244,-70.291
25266.359,-70.291
25266.447,-70.291
25266.550,-70.291
25266.645,-70.291
25316.780,-70.291
25316.853,-70.291
25316.961,-70.291
25317.062,-70.291
25317.167,-70.291
25317.268,-70.291
25317.371,-70.291
25317.476,-70.291
25317.579,-70.291
25317.677,-70.291
25317.785,-70.291
25317.883,-70.291
25318.008,-70.291
25318.086,-70.291
25318.222,-70.291
25318.293,-70.291
25318.395,-70.291
25318.494,-70.291
25318.623,-70.291
25318.701,-70.291
25318.804,-70.291
25318.832,-70.291
25318.930,-70.291
25319.052,-70.291
25319.146,-70.291
25319.255,-70.291
25319.342,-70.291
25319.442,-70.291
25319.543,-70.291
25319.648,-70.291
25319.750,-70.291
25319.827,-70.291
25319.932,-70.291
25320.035,-70.291
25320.135,-70.291
25320.246,-70.291
25320.329,-70.291
25320.435,-70.291
25320.535,-70.291
25320.625,-70.291
25320.770,-70.291
25320.844,-70.291
25320.944,-70.291
25321.057,-70.291
25321.165,-70.291
25321.263,-70.291
25321.364,-70.291
25321.466,-70.291
25321.594,-70.291
25321.672,-70.291
25321.795,-70.291
25321.876,-70.291
25322.001,-70.291
25322.076,-70.291
25322.195,-70.291
25322.285,-70.291
25322.388,-70.291
25322.513,-70.291
25322.518,-70.291
25322.630,-70.291
25322.728,-70.291
25322.824,-70.291
25322.929,-70.291
25323.025,-70.291
25323.128,-70.291
25323.231,-70.291
25323.317,-70.291
25323.437,-70.291
25323.538,-70.291
25323.641,-70.291
25323.736,-70.291
25323.822,-70.291
25323.924,-70.291
25324.033,-70.291
25324.128,-70.291
25324.231,-70.291
25324.332,-70.291
25324.444,-70.291
25324.540,-70.291
25324.643,-70.291
25324.766,-70.291
25324.856,-70.291
25324.930,-70.291
25325.055,-70.291
25325.133,-70.291
25325.278,-70.291
25325.317,-70.291
25325.418,-70.291
25325.527,-70.291
25325.628,-70.291
25325.733,-70.291
25325.832,-70.291
25325.937,-70.291
25326.013,-70.291
25326.114,-70.291
25326.256,-70.291
25326.309,-70.291
25326.405,-70.291
25326.527,-70.291
25326.628,-70.291
25376.724,-70.291
25376.827,-70.291
25376.924,-70.291
25377.021,-70.291
25377.106,-70.291
25377.204,-70.291
25377.341,-70.291
25377.413,-70.291
25377.516,-70.291
25377.619,-70.291
25377.707,-70.291
25377.822,-70.291
25377.920,-70.291
25378.043,-70.291
25378.121,-70.291
25378.229,-70.291
25378.327,-70.291
25378.467,-70.291
25378.540,-70.291
25378.638,-70.291
25378.761,-70.291
25378.842,-70.291
25378.945,-70.291
25379.045,-70.291
25379.179,-70.291
25379.250,-70.291
25379.351,-70.291
25379.410,-70.291
25379.516,-70.291
25379.616,-70.291
25379.760,-70.291
25379.822,-70.291
25379.966,-70.291
25380.025,-70.291
25380.128,-70.291
25380.238,-70.291
25380.304,-70.291
25380.407,-70.291
25380.501,-70.291
25380.603,-70.291
25380.717,-70.291
25380.814,-70.291
25380.989,-70.291
25381.013,-70.291
25381.104,-70.291
25381.202,-70.291
25381.299,-70.291
25381.398,-70.291
25381.501,-70.291
25381.628,-70.291
25381.706,-70.291
25381.820,-70.291
25381.918,-70.291
25382.015,-70.291
25382.119,-70.291
25382.228,-70.291
25382.324,-70.291
25382.447,-70.291
25382.530,-70.291
25382.626,-70.291
25382.753,-70.291
25382.853,-70.291
25382.939,-70.291
25383.035,-70.291
25383.140,-70.291
25383.263,-70.291
25383.346,-70.291
25383.471,-70.291
25383.549,-70.291
25383.587,-70.291
25383.755,-70.291
25383.822,-70.291
25383.888,-70.291
25383.991,-70.291
25384.089,-70.291
25384.207,-70.291
25384.298,-70.291
25384.402,-70.291
25384.503,-70.291
25384.690,-70.291
25384.709,-70.291
25384.785,-70.291
25384.883,-70.291
25384.984,-70.291
25385.103,-70.291
25385.201,-70.291
25385.293,-70.291
25385.391,-70.291
25385.503,-70.291
25385.603,-70.291
25385.699,-70.291
25385.804,-70.291
25385.908,-70.291
25386.006,-70.291
25386.109,-70.291
25386.212,-70.291
25386.315,-70.291
25386.442,-70.291
25386.528,-70.291
25386.621,-70.291
25676.746,-70.291
25676.824,-70.291
25676.940,-70.291
25677.035,-70.291
25677.133,-70.291
25677.234,-70.291
25677.337,-70.291
25677.440,-70.291
25677.540,-70.291
25677.645,-70.291
25677.709,-70.291
25677.773,-70.291
25677.873,-70.291
25677.998,-70.291
25678.079,-70.291
25678.182,-70.291
25678.283,-70.291
25678.371,-70.291
25678.476,-70.291
25678.572,-70.291
25678.694,-70.291
25678.773,-70.291
25678.876,-70.291
25679.101,-70.291
25679.119,-70.291
25679.192,-70.291
25679.290,-70.291
25679.386,-70.291
25679.488,-70.291
25679.592,-70.291
25679.694,-70.291
25679.795,-70.291
25679.908,-70.291
25680.003,-70.291
25680.103,-70.291
25680.204,-70.291
25680.319,-70.291
25680.417,-70.291
25680.521,-70.291
25680.616,-70.291
25680.726,-70.291
25680.827,-70.291
25680.939,-70.291
25681.033,-70.291
25681.136,-70.291
25681.165,-70.291
25681.263,-70.291
25681.373,-70.291
25681.469,-70.291
25681.638,-70.291
25681.673,-70.291
25681.768,-70.291
25681.868,-70.291
25681.969,-70.291
25682.072,-70.291
25682.175,-70.291
25682.277,-70.291
25682.380,-70.291
25682.459,-70.291
25682.559,-70.291
25682.663,-70.291
25682.800,-70.291
25682.871,-70.291
25682.969,-70.291
25683.072,-70.291
25683.187,-70.291
25683.280,-70.291
25683.378,-70.291
25683.484,-70.291
25683.586,-70.291
25683.709,-70.291
25683.773,-70.291
25683.893,-70.291
25683.994,-70.291
25684.092,-70.291
25684.201,-70.291
25684.302,-70.291
25684.403,-70.291
25684.508,-70.291
25684.614,-70.291
25684.655,-70.291
25684.812,-70.291
25684.917,-70.291
25685.025,-70.291
25685.055,-70.291
25685.153,-70.291
25685.346,-70.291
25685.364,-70.291
25685.454,-70.291
25685.555,-70.291
25685.667,-70.291
25685.761,-70.291
25685.861,-70.291
25685.964,-70.291
25686.082,-70.291
25686.148,-70.291
25686.248,-70.291
25686.356,-70.291
25686.452,-70.291
25686.560,-70.291
25686.657,-70.291
25736.758,-70.291
25736.863,-70.291
25736.964,-70.291
25737.065,-70.291
25737.185,-70.291
25737.271,-70.291
25737.396,-70.291
25737.474,-70.291
25737.597,-70.291
25737.684,-70.291
25737.793,-70.291
25737.854,-70.291
25737.989,-70.291
25738.052,-70.291
25738.158,-70.291
25738.297,-70.291
25738.366,-70.291
25738.440,-70.291
25738.542,-70.291
25738.672,-70.291
25738.741,-70.291
25738.839,-70.291
25738.945,-70.291
25739.047,-70.291
25739.146,-70.291
25739.248,-70.291
25739.435,-70.291
25739.440,-70.291
25739.559,-70.291
25739.653,-70.291
25739.758,-70.291
25739.841,-70.291
25739.937,-70.291
25740.057,-70.291
25740.138,-70.291
25740.236,-70.291
25740.344,-70.291
25740.447,-70.291
25740.582,-70.291
25740.652,-70.291
25740.756,-70.291
25740.861,-70.291
25740.971,-70.291
25741.067,-70.291
25741.165,-70.291
25741.271,-70.291
25741.378,-70.291
25741.474,-70.291
25741.594,-70.291
25741.680,-70.291
25741.777,-70.291
25741.878,-70.291
25741.983,-70.291
25742.082,-70.291
25742.211,-70.291
25742.288,-70.291
25742.329,-70.291
25742.516,-70.291
25742.597,-70.291
25742.704,-70.291
25742.739,-70.291
25742.836,-70.291
25742.937,-70.291
25743.035,-70.291
25743.135,-70.291
25743.234,-70.291
25743.337,-70.291
25743.435,-70.291
25743.543,-70.291
25743.643,-70.291
25743.746,-70.291
25743.844,-70.291
25743.927,-70.291
25744.030,-70.291
25744.131,-70.291
25744.236,-70.291
25744.339,-70.291
25744.439,-70.291
25744.564,-70.291
25744.643,-70.291
25744.746,-70.291
25744.858,-70.291
25744.951,-70.291
25745.055,-70.291
25745.150,-70.291
25745.273,-70.291
25745.361,-70.291
25745.464,-70.291
25745.577,-70.291
25745.682,-70.291
25745.778,-70.291
25745.908,-70.291
25746.003,-70.291
25746.079,-70.291
25746.182,-70.291
25746.282,-70.291
25746.386,-70.291
25746.417,-70.291
25746.589,-70.291
25746.690,-70.291
25796.793,-70.291
25796.820,-70.291
25796.918,-70.291
25797.023,-70.291
25797.133,-70.291
25797.236,-70.291
25797.329,-70.291
25797.432,-70.291
25797.520,-70.291
25797.619,-70.291
25797.716,-70.291
25797.844,-70.291
25797.932,-70.291
25798.023,-70.291
25798.126,-70.291
25798.229,-70.291
25798.329,-70.291
25798.432,-70.291
25798.543,-70.291
25798.645,-70.291
25798.743,-70.291
25798.842,-70.291
25798.969,-70.291
25799.048,-70.291
25799.172,-70.291
25799.260,-70.291
25799.356,-70.291
25799.456,-70.291
25799.559,-70.291
25799.682,-70.291
25799.768,-70.291
25799.868,-70.291
25799.976,-70.291
25800.006,-70.291
25800.114,-70.291
25800.299,-70.291
25800.378,-70.291
25800.415,-70.291
25800.511,-70.291
25800.606,-70.291
25800.719,-70.291
25800.814,-70.291
25800.915,-70.291
25801.018,-70.291
25801.119,-70.291
25801.300,-70.291
25801.304,-70.291
25801.410,-70.291
25801.518,-70.291
25801.631,-70.291
25801.712,-70.291
25801.812,-70.291
25801.930,-70.291
25802.023,-70.291
25802.128,-70.291
25802.228,-70.291
25802.347,-70.291
25802.425,-70.291
25802.528,-70.291
25802.733,-70.291
25802.736,-70.291
25802.802,-70.291
25802.937,-70.291
25803.040,-70.291
25803.143,-70.291
25803.356,-70.291
25803.371,-70.291
25803.451,-70.291
25803.548,-70.291
25803.655,-70.291
25803.768,-70.291
25803.795,-70.291
25803.986,-70.291
25804.067,-70.291
25804.170,-70.291
25804.207,-70.291
25804.304,-70.291
25804.400,-70.291
25804.500,-70.291
25804.601,-70.291
25804.702,-70.291
25804.826,-70.291
25804.912,-70.291
25805.013,-70.291
25805.092,-70.291
25805.195,-70.291
25805.300,-70.291
25805.396,-70.291
25805.498,-70.291
25805.604,-70.291
25805.702,-70.291
25805.805,-70.291
25805.927,-70.291
25806.013,-70.291
25806.136,-70.291
25806.217,-70.291
25806.342,-70.291
25806.420,-70.291
25806.491,-70.291
25806.592,-70.291
25856.731,-70.291
25856.829,-70.291
25856.930,-70.291
25857.037,-70.291
25857.145,-70.291
25857.244,-70.291
25857.341,-70.291
25857.445,-70.291
25857.650,-70.291
25857.652,-70.291
25857.766,-70.291
25857.853,-70.291
25857.956,-70.291
25857.984,-70.291
25858.084,-70.291
25858.201,-70.291
25858.305,-70.291
25858.403,-70.291
25858.501,-70.291
25858.594,-70.291
25858.702,-70.291
25858.802,-70.291
25858.900,-70.291
25858.986,-70.291
25859.084,-70.291
25859.187,-70.291
25859.287,-70.291
25859.398,-70.291
25859.498,-70.291
25859.604,-70.291
25859.699,-70.291
25859.799,-70.291
25859.903,-70.291
25860.021,-70.291
25860.116,-70.291
25860.222,-70.291
25860.339,-70.291
25860.413,-70.291
25860.516,-70.291
25860.621,-70.291
25860.724,-70.291
25860.851,-70.291
25860.925,-70.291
25860.984,-70.291
25861.143,-70.291
25861.195,-70.291
25861.339,-70.291
25861.440,-70.291
25861.479,-70.291
25861.577,-70.291
25861.766,-70.291
25861.771,-70.291
25861.876,-70.291
25862.052,-70.291
25862.074,-70.291
25862.177,-70.291
25862.288,-70.291
25862.388,-70.291
25862.484,-70.291
25862.589,-70.291
25862.670,-70.291
25862.768,-70.291
25862.873,-70.291
25862.979,-70.291
25863.077,-70.291
25863.180,-70.291
25863.282,-70.291
25863.391,-70.291
25863.494,-70.291
25863.589,-70.291
25863.689,-70.291
25863.792,-70.291
25863.896,-70.291
25864.013,-70.291
25864.103,-70.291
25864.202,-70.291
25864.307,-70.291
25864.425,-70.291
25864.523,-70.291
25864.621,-70.291
25864.717,-70.291
25864.822,-70.291
25864.918,-70.291
25865.023,-70.291
25865.123,-70.291
25865.194,-70.291
25865.351,-70.291
25865.430,-70.291
25865.533,-70.291
25865.635,-70.291
25865.663,-70.291
25865.763,-70.291
25865.875,-70.291
25865.971,-70.291
25866.072,-70.291
25866.172,-70.291
25866.263,-70.291
25866.361,-70.291
25866.464,-70.291
25866.584,-70.291
25866.660,-70.291
25916.761,-70.291
25916.866,-70.291
25916.967,-70.291
25917.094,-70.291
25917.173,-70.291
25917.275,-70.291
25917.376,-70.291
25917.478,-70.291
25917.584,-70.291
25917.690,-70.291
25917.797,-70.291
25917.896,-70.291
25917.996,-70.291
25918.099,-70.291
25918.197,-70.291
25918.299,-70.291
25918.423,-70.291
25918.501,-70.291
25918.606,-70.291
25918.707,-70.291
25918.810,-70.291
25918.912,-70.291
25919.021,-70.291
25919.055,-70.291
25919.160,-70.291
25919.273,-70.291
25919.427,-70.291
25919.457,-70.291
25919.550,-70.291
25919.648,-70.291
25919.755,-70.291
25919.861,-70.291
25919.962,-70.291
25920.150,-70.291
25920.153,-70.291
25920.261,-70.291
25920.346,-70.291
25920.449,-70.291
25920.550,-70.291
25920.673,-70.291
25920.756,-70.291
25920.853,-70.291
25920.961,-70.291
25921.065,-70.291
25921.165,-70.291
25921.268,-70.291
25921.369,-70.291
25921.476,-70.291
25921.582,-70.291
25921.680,-70.291
25921.780,-70.291
25921.881,-70.291
25921.984,-70.291
25922.104,-70.291
25922.511,-70.291
25922.601,-70.291
25922.643,-70.291
25922.743,-70.291
25922.907,-70.291
25923.011,-70.291
25923.038,-70.291
25923.214,-70.291
25923.246,-70.291
25923.342,-70.291
25923.440,-70.291
25923.623,-70.291
25923.650,-70.291
25923.756,-70.291
25923.854,-70.291
25923.937,-70.291
25924.057,-70.291
25924.136,-70.291
25924.238,-70.291
25924.348,-70.291
25924.447,-70.291
25924.547,-70.291
25924.673,-70.291
25924.741,-70.291
25924.853,-70.291
25924.940,-70.291
25925.084,-70.291
25925.143,-70.291
25925.263,-70.291
25925.364,-70.291
25925.454,-70.291
25925.533,-70.291
25925.633,-70.291
25925.736,-70.291
25925.878,-70.291
25925.986,-70.291
25926.043,-70.291
25926.185,-70.291
25926.285,-70.291
25926.388,-70.291
25926.508,-70.291
25926.594,-70.291
25926.697,-70.291
25976.798,-70.291
25976.920,-70.291
25977.001,-70.291
25977.030,-70.291
25977.126,-70.291
25977.243,-70.291
25977.334,-70.291
25977.437,-70.291
25977.616,-70.291
25977.635,-70.291
25977.733,-70.291
25977.832,-70.291
25977.932,-70.291
25978.030,-70.291
25978.140,-70.291
25978.234,-70.291
25978.347,-70.291
25978.447,-70.291
25978.552,-70.291
25978.652,-70.291
25978.760,-70.291
25978.856,-70.291
25978.952,-70.291
25979.050,-70.291
25979.153,-70.291
25979.255,-70.291
25979.358,-70.291
25979.459,-70.291
25979.570,-70.291
25979.667,-70.291
25979.766,-70.291
25979.869,-70.291
25979.935,-70.291
25980.074,-70.291
25980.146,-70.291
25980.288,-70.291
25980.356,-70.291
25980.486,-70.291
25980.594,-70.291
25980.626,-70.291
25980.728,-70.291
25980.815,-70.291
25980.917,-70.291
25981.028,-70.291
25981.125,-70.291
25981.226,-70.291
25981.327,-70.291
25981.508,-70.291
25981.535,-70.291
25981.655,-70.291
25981.714,-70.291
25981.815,-70.291
25981.918,-70.291
25982.021,-70.291
25982.123,-70.291
25982.226,-70.291
25982.327,-70.291
25982.435,-70.291
25982.545,-70.291
25982.643,-70.291
25982.756,-70.291
25982.841,-70.291
25982.942,-70.291
25983.045,-70.291
25983.168,-70.291
25983.250,-70.291
25983.349,-70.291
25983.452,-70.291
25983.560,-70.291
25983.658,-70.291
25983.766,-70.291
25983.886,-70.291
25983.964,-70.291
25984.069,-70.291
25984.170,-70.291
25984.271,-70.291
25984.373,-70.291
25984.486,-70.291
25984.513,-70.291
25984.619,-70.291
25984.714,-70.291
25984.812,-70.291
25984.910,-70.291
25985.006,-70.291
25985.197,-70.291
25985.202,-70.291
25985.302,-70.291
25985.400,-70.291
25985.501,-70.291
25985.604,-70.291
25985.721,-70.291
25985.817,-70.291
25985.918,-70.291
25986.016,-70.291
25986.116,-70.291
25986.221,-70.291
25986.320,-70.291
25986.432,-70.291
25986.523,-70.291
25986.630,-70.291
26276.731,-70.291
26276.844,-70.291
26276.945,-70.291
26277.043,-70.291
26277.140,-70.291
26277.266,-70.291
26277.344,-70.291
26277.447,-70.291
26277.548,-70.291
26277.652,-70.291
26277.753,-70.291
26277.858,-70.291
26277.900,-70.291
26278.065,-70.291
26278.094,-70.291
26278.268,-70.291
26278.310,-70.291
26278.469,-70.291
26278.500,-70.291
26278.598,-70.291
26278.704,-70.291
26278.800,-70.291
26278.905,-70.291
26279.005,-70.291
26279.109,-70.291
26279.211,-70.291
26279.290,-70.291
26279.393,-70.291
26279.500,-70.291
26279.598,-70.291
26279.699,-70.291
26279.807,-70.291
26279.905,-70.291
26280.033,-70.291
26280.109,-70.291
26280.212,-70.291
26280.314,-70.291
26280.418,-70.291
26280.518,-70.291
26280.621,-70.291
26280.724,-70.291
26280.842,-70.291
26280.940,-70.291
26281.038,-70.291
26281.133,-70.291
26281.253,-70.291
26281.337,-70.291
26281.440,-70.291
26281.543,-70.291
26281.646,-70.291
26281.751,-70.291
26281.849,-70.291
26281.954,-70.291
26281.986,-70.291
26282.084,-70.291
26282.180,-70.291
26282.283,-70.291
26282.386,-70.291
26282.493,-70.291
26282.591,-70.291
26282.679,-70.291
26282.795,-70.291
26282.898,-70.291
26283.000,-70.291
26283.092,-70.291
26283.189,-70.291
26283.293,-70.291
26283.413,-70.291
26283.501,-70.291
26283.599,-70.291
26283.702,-70.291
26283.798,-70.291
26283.907,-70.291
26284.005,-70.291
26284.103,-70.291
26284.224,-70.291
26284.310,-70.291
26284.413,-70.291
26284.479,-70.291
26284.586,-70.291
26284.690,-70.291
26284.810,-70.291
26284.929,-70.291
26285.048,-70.291
26285.114,-70.291
26285.224,-70.291
26285.336,-70.291
26285.434,-70.291
26285.535,-70.291
26285.638,-70.291
26285.741,-70.291
26285.844,-70.291
26285.873,-70.291
26285.988,-70.291
26286.077,-70.291
26286.175,-70.291
26286.278,-70.291
26286.381,-70.291
26286.560,-70.291
26286.587,-70.291
26336.773,-70.291
26336.775,-70.291
26336.876,-70.291
26336.974,-70.291
26337.089,-70.291
26337.177,-70.291
26337.277,-70.291
26337.381,-70.291
26337.501,-70.291
26337.597,-70.291
26337.694,-70.291
26337.793,-70.291
26337.893,-70.291
26337.994,-70.291
26338.097,-70.291
26338.209,-70.291
26338.309,-70.291
26338.361,-70.291
26338.506,-70.291
26338.608,-70.291
26338.672,-70.291
26338.812,-70.291
26338.932,-70.291
26338.984,-70.291
26339.086,-70.291
26339.224,-70.291
26339.339,-70.291
26339.366,-70.291
26339.462,-70.291
26339.663,-70.291
26339.736,-70.291
26339.763,-70.291
26339.940,-70.291
26339.979,-70.291
26340.067,-70.291
26340.246,-70.291
26340.273,-70.291
26340.452,-70.291
26340.478,-70.291
26340.577,-70.291
26340.657,-70.291
26340.765,-70.291
26340.863,-70.291
26340.964,-70.291
26341.065,-70.291
26341.175,-70.291
26341.277,-70.291
26341.371,-70.291
26341.500,-70.291
26341.577,-70.291
26341.682,-70.291
26341.783,-70.291
26341.913,-70.291
26341.989,-70.291
26342.092,-70.291
26342.194,-70.291
26342.304,-70.291
26342.400,-70.291
26342.501,-70.291
26342.604,-70.291
26342.712,-70.291
26342.809,-70.291
26342.910,-70.291
26343.013,-70.291
26343.136,-70.291
26343.217,-70.291
26343.275,-70.291
26343.361,-70.291
26343.457,-70.291
26343.548,-70.291
26343.668,-70.291
26343.748,-70.291
26343.932,-70.291
26343.961,-70.291
26344.070,-70.291
26344.170,-70.291
26344.359,-70.291
26344.361,-70.291
26344.445,-70.291
26344.552,-70.291
26344.652,-70.291
26344.753,-70.291
26344.854,-70.291
26344.959,-70.291
26345.059,-70.291
26345.179,-70.291
26345.265,-70.291
26345.366,-70.291
26345.472,-70.291
26345.589,-70.291
26345.690,-70.291
26345.788,-70.291
26345.883,-70.291
26345.981,-70.291
26346.084,-70.291
26346.195,-70.291
26346.288,-70.291
26346.393,-70.291
26346.494,-70.291
26346.596,-70.291
26346.697,-70.291
26396.804,-70.291
26396.903,-70.291
26397.011,-70.291
26397.049,-70.291
26397.211,-70.291
26397.243,-70.291
26397.337,-70.291
26397.445,-70.291
26397.548,-70.291
26397.655,-70.291
26397.746,-70.291
26397.927,-70.291
26397.954,-70.291
26398.052,-70.291
26398.155,-70.291
26398.244,-70.291
26398.346,-70.291
26398.444,-70.291
26398.549,-70.291
26398.643,-70.291
26398.746,-70.291
26398.848,-70.291
26398.959,-70.291
26399.057,-70.291
26399.157,-70.291
26399.260,-70.291
26399.332,-70.291
26399.454,-70.291
26399.582,-70.291
26399.670,-70.291
26399.771,-70.291
26399.873,-70.291
26399.996,-70.291
26400.077,-70.291
26400.182,-70.291
26400.283,-70.291
26400.418,-70.291
26400.493,-70.291
26400.591,-70.291
26400.692,-70.291
26400.728,-70.291
26400.898,-70.291
26401.000,-70.291
26401.028,-70.291
26401.206,-70.291
26401.234,-70.291
26401.334,-70.291
26401.445,-70.291
26401.543,-70.291
26401.641,-70.291
26401.739,-70.291
26401.834,-70.291
26401.932,-70.291
26402.030,-70.291
26402.128,-70.291
26402.228,-70.291
26402.329,-70.291
26402.434,-70.291
26402.543,-70.291
26402.638,-70.291
26402.758,-70.291
26402.842,-70.291
26402.945,-70.291
26403.045,-70.291
26403.148,-70.291
26403.261,-70.291
26403.354,-70.291
26403.424,-70.291
26403.548,-70.291
26403.672,-70.291
26403.766,-70.291
26403.866,-70.291
26403.994,-70.291
26404.084,-70.291
26404.182,-70.291
26404.278,-70.291
26404.378,-70.291
26404.481,-70.291
26404.584,-70.291
26404.685,-70.291
26404.729,-70.291
26404.817,-70.291
26404.991,-70.291
26405.025,-70.291
26405.121,-70.291
26405.222,-70.291
26405.402,-70.291
26405.430,-70.291
26405.532,-70.291
26405.635,-70.291
26405.733,-70.291
26405.829,-70.291
26405.918,-70.291
26406.018,-70.291
26406.119,-70.291
26406.266,-70.291
26406.324,-70.291
26406.425,-70.291
26406.530,-70.291
26406.631,-70.291
26456.734,-70.291
26456.837,-70.291
26456.937,-70.291
26457.045,-70.291
26457.143,-70.291
26457.246,-70.291
26457.349,-70.291
26457.449,-70.291
26457.550,-70.291
26457.668,-70.291
26457.758,-70.291
26457.859,-70.291
26457.961,-70.291
26458.081,-70.291
26458.109,-70.291
26458.270,-70.291
26458.326,-70.291
26458.474,-70.291
26458.537,-70.291
26458.643,-70.291
26458.704,-70.291
26458.883,-70.291
26458.915,-70.291
26459.098,-70.291
26459.101,-70.291
26459.295,-70.291
26459.322,-70.291
26459.420,-70.291
26459.506,-70.291
26459.695,-70.291
26459.702,-70.291
26459.807,-70.291
26459.920,-70.291
26460.013,-70.291
26460.114,-70.291
26460.241,-70.291
26460.327,-70.291
26460.425,-70.291
26460.530,-70.291
26460.623,-70.291
26460.728,-70.291
26460.829,-70.291
26460.932,-70.291
26461.035,-70.291
26461.136,-70.291
26461.239,-70.291
26461.351,-70.291
26461.444,-70.291
26461.545,-70.291
26461.648,-70.291
26461.756,-70.291
26461.853,-70.291
26461.954,-70.291
26462.081,-70.291
26462.097,-70.291
26462.214,-70.291
26462.366,-70.291
26462.393,-70.291
26462.537,-70.291
26462.594,-70.291
26462.704,-70.291
26462.812,-70.291
26462.981,-70.291
26463.008,-70.291
26463.108,-70.291
26463.209,-70.291
26463.398,-70.291
26463.400,-70.291
26463.500,-70.291
26463.594,-70.291
26463.697,-70.291
26463.800,-70.291
26463.920,-70.291
26464.008,-70.291
26464.108,-70.291
26464.207,-70.291
26464.329,-70.291
26464.427,-70.291
26464.525,-70.291
26464.625,-70.291
26464.721,-70.291
26464.824,-70.291
26464.927,-70.291
26465.028,-70.291
26465.133,-70.291
26465.233,-70.291
26465.334,-70.291
26465.437,-70.291
26465.543,-70.291
26465.652,-70.291
26465.780,-70.291
26465.785,-70.291
26465.949,-70.291
26466.013,-70.291
26466.165,-70.291
26466.194,-70.291
26466.288,-70.291
26466.386,-70.291
26466.489,-70.291
26466.582,-70.291
26466.699,-70.291
26516.798,-70.291
26516.896,-70.291
26516.998,-70.291
26517.094,-70.291
26517.179,-70.291
26517.295,-70.291
26517.390,-70.291
26517.486,-70.291
26517.592,-70.291
26517.706,-70.291
26517.800,-70.291
26517.898,-70.291
26518.003,-70.291
26518.101,-70.291
26518.202,-70.291
26518.327,-70.291
26518.415,-70.291
26518.513,-70.291
26518.613,-70.291
26518.716,-70.291
26518.819,-70.291
26518.918,-70.291
26519.021,-70.291
26519.131,-70.291
26519.226,-70.291
26519.329,-70.291
26519.432,-70.291
26519.542,-70.291
26519.570,-70.291
26519.738,-70.291
26519.839,-70.291
26519.942,-70.291
26519.971,-70.291
26520.072,-70.291
26520.189,-70.291
26520.278,-70.291
26520.385,-70.291
26520.481,-70.291
26520.576,-70.291
26520.675,-70.291
26520.771,-70.291
26520.869,-70.291
26520.967,-70.291
26521.074,-70.291
26521.172,-70.291
26521.273,-70.291
26521.381,-70.291
26521.479,-70.291
26521.582,-70.291
26521.685,-70.291
26521.787,-70.291
26521.888,-70.291
26522.005,-70.291
26522.094,-70.291
26522.197,-70.291
26522.299,-70.291
26522.388,-70.291
26522.510,-70.291
26522.609,-70.291
26522.709,-70.291
26522.810,-70.291
26522.913,-70.291
26523.018,-70.291
26523.118,-70.291
26523.224,-70.291
26523.322,-70.291
26523.425,-70.291
26523.528,-70.291
26523.630,-70.291
26523.733,-70.291
26523.760,-70.291
26523.864,-70.291
26523.961,-70.291
26524.141,-70.291
26524.167,-70.291
26524.273,-70.291
26524.449,-70.291
26524.476,-70.291
26524.662,-70.291
26524.665,-70.291
26524.761,-70.291
26524.861,-70.291
26524.962,-70.291
26525.062,-70.291
26525.165,-70.291
26525.266,-70.291
26525.376,-70.291
26525.473,-70.291
26525.574,-70.291
26525.677,-70.291
26525.785,-70.291
26525.883,-70.291
26525.986,-70.291
26526.089,-70.291
26526.190,-70.291
26526.292,-70.291
26526.415,-70.291
26526.501,-70.291
26526.599,-70.291
26526.702,-70.291
26576.822,-70.291
26576.908,-70.291
26576.976,-70.291
26577.113,-70.291
26577.184,-70.291
26577.315,-70.291
26577.420,-70.291
26577.521,-70.291
26577.564,-70.291
26577.648,-70.291
26577.748,-70.291
26577.853,-70.291
26577.954,-70.291
26578.055,-70.291
26578.153,-70.291
26578.253,-70.291
26578.366,-70.291
26578.464,-70.291
26578.545,-70.291
26578.663,-70.291
26578.763,-70.291
26578.859,-70.291
26578.954,-70.291
26579.055,-70.291
26579.160,-70.291
26579.261,-70.291
26579.364,-70.291
26579.467,-70.291
26579.569,-70.291
26579.670,-70.291
26579.773,-70.291
26579.876,-70.291
26579.978,-70.291
26580.087,-70.291
26580.184,-70.291
26580.285,-70.291
26580.388,-70.291
26580.500,-70.291
26580.594,-70.291
26580.695,-70.291
26580.798,-70.291
26580.839,-70.291
26581.005,-70.291
26581.040,-70.291
26581.138,-70.291
26581.310,-70.291
26581.337,-70.291
26581.515,-70.291
26581.555,-70.291
26581.641,-70.291
26581.743,-70.291
26581.854,-70.291
26581.949,-70.291
26582.049,-70.291
26582.152,-70.291
26582.336,-70.291
26582.339,-70.291
26582.435,-70.291
26582.538,-70.291
26582.658,-70.291
26582.746,-70.291
26582.844,-70.291
26582.947,-70.291
26583.070,-70.291
26583.146,-70.291
26583.263,-70.291
26583.361,-70.291
26583.462,-70.291
26583.562,-70.291
26583.665,-70.291
26583.768,-70.291
26583.875,-70.291
26583.974,-70.291
26584.076,-70.291
26584.177,-70.291
26584.280,-70.291
26584.383,-70.291
26584.496,-70.291
26584.597,-70.291
26584.692,-70.291
26584.790,-70.291
26584.908,-70.291
26584.937,-70.291
26585.099,-70.291
26585.133,-70.291
26585.231,-70.291
26585.329,-70.291
26585.425,-70.291
26585.532,-70.291
26585.714,-70.291
26585.726,-70.291
26585.844,-70.291
26585.942,-70.291
26586.021,-70.291
26586.123,-70.291
26586.224,-70.291
26586.334,-70.291
26586.430,-70.291
26586.532,-70.291
26586.636,-70.291
26876.746,-70.291
26876.844,-70.291
26876.942,-70.291
26877.038,-70.291
26877.160,-70.291
26877.256,-70.291
26877.351,-70.291
26877.454,-70.291
26877.562,-70.291
26877.660,-70.291
26877.758,-70.291
26877.873,-70.291
26877.972,-70.291
26878.067,-70.291
26878.174,-70.291
26878.285,-70.291
26878.383,-70.291
26878.479,-70.291
26878.584,-70.291
26878.682,-70.291
26878.785,-70.291
26878.907,-70.291
26878.923,-70.291
26879.018,-70.291
26879.195,-70.291
26879.222,-70.291
26879.342,-70.291
26879.425,-70.291
26879.528,-70.291
26879.614,-70.291
26879.734,-70.291
26879.832,-70.291
26879.912,-70.291
26880.015,-70.291
26880.125,-70.291
26880.222,-70.291
26880.322,-70.291
26880.424,-70.291
26880.543,-70.291
26880.665,-70.291
26880.771,-70.291
26880.844,-70.291
26880.942,-70.291
26881.037,-70.291
26881.155,-70.291
26881.278,-70.291
26881.351,-70.291
26881.454,-70.291
26881.549,-70.291
26881.653,-70.291
26881.763,-70.291
26881.864,-70.291
26881.957,-70.291
26882.062,-70.291
26882.163,-70.291
26882.273,-70.291
26882.371,-70.291
26882.471,-70.291
26882.598,-70.291
26882.614,-70.291
26882.702,-70.291
26882.802,-70.291
26882.925,-70.291
26883.010,-70.291
26883.190,-70.291
26883.216,-70.291
26883.329,-70.291
26883.420,-70.291
26883.523,-70.291
26883.621,-70.291
26883.724,-70.291
26883.802,-70.291
26883.905,-70.291
26884.016,-70.291
26884.109,-70.291
26884.212,-70.291
26884.315,-70.291
26884.435,-70.291
26884.521,-70.291
26884.621,-70.291
26884.724,-70.291
26884.846,-70.291
26884.940,-70.291
26885.038,-70.291
26885.138,-70.291
26885.238,-70.291
26885.341,-70.291
26885.447,-70.291
26885.543,-70.291
26885.653,-70.291
26885.756,-70.291
26885.851,-70.291
26885.956,-70.291
26886.079,-70.291
26886.160,-70.291
26886.273,-70.291
26886.363,-70.291
26886.466,-70.291
26886.494,-70.291
26886.591,-70.291
26886.706,-70.291
26936.804,-70.291
26936.903,-70.291
26937.006,-70.291
26937.106,-70.291
26937.206,-70.291
26937.310,-70.291
26937.410,-70.291
26937.515,-70.291
26937.591,-70.291
26937.694,-70.291
26937.798,-70.291
26937.898,-70.291
26938.001,-70.291
26938.109,-70.291
26938.207,-70.291
26938.310,-70.291
26938.435,-70.291
26938.521,-70.291
26938.616,-70.291
26938.719,-70.291
26938.842,-70.291
26938.893,-70.291
26939.016,-70.291
26939.104,-70.291
26939.231,-70.291
26939.332,-70.291
26939.435,-70.291
26939.535,-70.291
26939.648,-70.291
26939.751,-70.291
26939.849,-70.291
26939.947,-70.291
26939.991,-70.291
26940.153,-70.291
26940.253,-70.291
26940.283,-70.291
26940.381,-70.291
26940.489,-70.291
26940.587,-70.291
26940.682,-70.291
26940.866,-70.291
26940.895,-70.291
26940.994,-70.291
26941.092,-70.291
26941.185,-70.291
26941.290,-70.291
26941.390,-70.291
26941.484,-70.291
26941.584,-70.291
26941.689,-70.291
26941.790,-70.291
26941.896,-70.291
26942.005,-70.291
26942.101,-70.291
26942.199,-70.291
26942.322,-70.291
26942.405,-70.291
26942.525,-70.291
26942.608,-70.291
26942.712,-70.291
26942.814,-70.291
26942.930,-70.291
26942.986,-70.291
26943.121,-70.291
26943.190,-70.291
26943.298,-70.291
26943.427,-70.291
26943.530,-70.291
26943.633,-70.291
26943.734,-70.291
26943.837,-70.291
26943.940,-70.291
26944.052,-70.291
26944.084,-70.291
26944.177,-70.291
26944.280,-70.291
26944.381,-70.291
26944.476,-70.291
26944.577,-70.291
26944.680,-70.291
26944.771,-70.291
26944.869,-70.291
26944.969,-70.291
26945.168,-70.291
26945.170,-70.291
26945.271,-70.291
26945.373,-70.291
26945.476,-70.291
26945.577,-70.291
26945.682,-70.291
26945.785,-70.291
26945.895,-70.291
26945.994,-70.291
26946.091,-70.291
26946.195,-70.291
26946.304,-70.291
26946.403,-70.291
26946.501,-70.291
26946.604,-70.291
26946.706,-70.291
26996.807,-70.291
26996.929,-70.291
26997.015,-70.291
26997.114,-70.291
26997.180,-70.291
26997.341,-70.291
26997.422,-70.291
26997.523,-70.291
26997.626,-70.291
26997.665,-70.291
26997.763,-70.291
26997.934,-70.291
26997.961,-70.291
26998.079,-70.291
26998.165,-70.291
26998.263,-70.291
26998.371,-70.291
26998.474,-70.291
26998.570,-70.291
26998.674,-70.291
26998.768,-70.291
26998.856,-70.291
26998.957,-70.291
26999.065,-70.291
26999.182,-70.291
26999.265,-70.291
26999.369,-70.291
26999.471,-70.291
26999.572,-70.291
26999.675,-70.291
26999.783,-70.291
26999.888,-70.291
26999.986,-70.291
27000.084,-70.291
27000.185,-70.291
27000.288,-70.291
27000.391,-70.291
27000.494,-70.291
27000.604,-70.291
27000.699,-70.291
27000.804,-70.291
27000.903,-70.291
27001.016,-70.291
27001.113,-70.291
27001.211,-70.291
27001.312,-70.291
27001.356,-70.291
27001.518,-70.291
27001.626,-70.291
27001.655,-70.291
27001.824,-70.291
27001.853,-70.291
27001.951,-70.291
27002.074,-70.291
27002.158,-70.291
27002.256,-70.291
27002.364,-70.291
27002.464,-70.291
27002.550,-70.291
27002.650,-70.291
27002.746,-70.291
27002.851,-70.291
27002.951,-70.291
27003.052,-70.291
27003.175,-70.291
27003.261,-70.291
27003.369,-70.291
27003.466,-70.291
27003.560,-70.291
27003.668,-70.291
27003.771,-70.291
27003.873,-70.291
27003.979,-70.291
27004.079,-70.291
27004.180,-70.291
27004.292,-70.291
27004.388,-70.291
27004.488,-70.291
27004.589,-70.291
27004.694,-70.291
27004.795,-70.291
27004.896,-70.291
27005.015,-70.291
27005.101,-70.291
27005.209,-70.291
27005.238,-70.291
27005.427,-70.291
27005.511,-70.291
27005.538,-70.291
27005.638,-70.291
27005.748,-70.291
27005.848,-70.291
27005.945,-70.291
27006.126,-70.291
27006.155,-70.291
27006.253,-70.291
27006.432,-70.291
27006.435,-70.291
27006.535,-70.291
27006.638,-70.291
27056.741,-70.291
27056.851,-70.291
27056.945,-70.291
27057.047,-70.291
27057.148,-70.291
27057.263,-70.291
27057.354,-70.291
27057.457,-70.291
27057.559,-70.291
27057.631,-70.291
27057.765,-70.291
27057.866,-70.291
27057.969,-70.291
27058.072,-70.291
27058.174,-70.291
27058.295,-70.291
27058.378,-70.291
27058.483,-70.291
27058.584,-70.291
27058.690,-70.291
27058.795,-70.291
27058.891,-70.291
27058.993,-70.291
27059.101,-70.291
27059.197,-70.291
27059.302,-70.291
27059.327,-70.291
27059.447,-70.291
27059.530,-70.291
27059.633,-70.291
27059.741,-70.291
27059.913,-70.291
27059.942,-70.291
27060.042,-70.291
27060.158,-70.291
27060.224,-70.291
27060.326,-70.291
27060.427,-70.291
27060.528,-70.291
27060.648,-70.291
27060.744,-70.291
27060.839,-70.291
27060.940,-70.291
27061.040,-70.291
27061.143,-70.291
27061.265,-70.291
27061.349,-70.291
27061.451,-70.291
27061.579,-70.291
27061.675,-70.291
27061.758,-70.291
27061.900,-70.291
27061.962,-70.291
27062.065,-70.291
27062.168,-70.291
27062.273,-70.291
27062.361,-70.291
27062.476,-70.291
27062.577,-70.291
27062.680,-70.291
27062.780,-70.291
27062.878,-70.291
27062.986,-70.291
27063.018,-70.291
27063.126,-70.291
27063.216,-70.291
27063.317,-70.291
27063.415,-70.291
27063.533,-70.291
27063.630,-70.291
27063.728,-70.291
27063.834,-70.291
27063.915,-70.291
27064.025,-70.291
27064.123,-70.291
27064.216,-70.291
27064.319,-70.291
27064.418,-70.291
27064.523,-70.291
27064.640,-70.291
27064.738,-70.291
27064.834,-70.291
27064.937,-70.291
27065.045,-70.291
27065.143,-70.291
27065.241,-70.291
27065.348,-70.291
27065.449,-70.291
27065.547,-70.291
27065.673,-70.291
27065.761,-70.291
27065.861,-70.291
27065.957,-70.291
27066.082,-70.291
27066.160,-70.291
27066.263,-70.291
27066.366,-70.291
27066.408,-70.291
27066.570,-70.291
27066.673,-70.291
27116.777,-70.291
27116.820,-70.291
27116.989,-70.291
27117.016,-70.291
27117.109,-70.291
27117.209,-70.291
27117.310,-70.291
27117.413,-70.291
27117.508,-70.291
27117.619,-70.291
27117.800,-70.291
27117.802,-70.291
27117.922,-70.291
27118.016,-70.291
27118.113,-70.291
27118.211,-70.291
27118.312,-70.291
27118.413,-70.291
27118.501,-70.291
27118.611,-70.291
27118.712,-70.291
27118.834,-70.291
27118.902,-70.291
27119.023,-70.291
27119.121,-70.291
27119.241,-70.291
27119.347,-70.291
27119.432,-70.291
27119.540,-70.291
27119.638,-70.291
27119.758,-70.291
27119.856,-70.291
27119.952,-70.291
27120.052,-70.291
27120.153,-70.291
27120.251,-70.291
27120.359,-70.291
27120.462,-70.291
27120.494,-70.291
27120.594,-70.291
27120.770,-70.291
27120.871,-70.291
27120.900,-70.291
27120.998,-70.291
27121.099,-70.291
27121.207,-70.291
27121.310,-70.291
27121.393,-70.291
27121.494,-70.291
27121.594,-70.291
27121.692,-70.291
27121.792,-70.291
27121.918,-70.291
27122.008,-70.291
27122.106,-70.291
27122.202,-70.291
27122.331,-70.291
27122.415,-70.291
27122.516,-70.291
27122.618,-70.291
27122.724,-70.291
27122.817,-70.291
27122.920,-70.291
27123.021,-70.291
27123.091,-70.291
27123.234,-70.291
27123.329,-70.291
27123.432,-70.291
27123.494,-70.291
27123.592,-70.291
27123.697,-70.291
27123.804,-70.291
27123.903,-70.291
27124.003,-70.291
27124.168,-70.291
27124.212,-70.291
27124.288,-70.291
27124.395,-70.291
27124.491,-70.291
27124.584,-70.291
27124.685,-70.291
27124.783,-70.291
27124.888,-70.291
27124.998,-70.291
27125.097,-70.291
27125.273,-70.291
27125.300,-70.291
27125.395,-70.291
27125.494,-70.291
27125.594,-70.291
27125.680,-70.291
27125.788,-70.291
27125.898,-70.291
27126.005,-70.291
27126.104,-70.291
27126.204,-70.291
27126.302,-70.291
27126.402,-70.291
27126.503,-70.291
27126.608,-70.291
27126.707,-70.291
27176.815,-70.291
27176.923,-70.291
27177.021,-70.291
27177.118,-70.291
27177.219,-70.291
27177.324,-70.291
27177.430,-70.291
27177.527,-70.291
27177.630,-70.291
27177.731,-70.291
27177.842,-70.291
27177.937,-70.291
27178.038,-70.291
27178.143,-70.291
27178.244,-70.291
27178.271,-70.291
27178.447,-70.291
27178.476,-70.291
27178.653,-70.291
27178.756,-70.291
27178.783,-70.291
27178.900,-70.291
27178.988,-70.291
27179.087,-70.291
27179.190,-70.291
27179.270,-70.291
27179.381,-70.291
27179.483,-70.291
27179.606,-70.291
27179.680,-70.291
27179.780,-70.291
27179.883,-70.291
27180.003,-70.291
27180.089,-70.291
27180.189,-70.291
27180.293,-70.291
27180.415,-70.291
27180.503,-70.291
27180.577,-70.291
27180.702,-70.291
27180.805,-70.291
27180.908,-70.291
27181.008,-70.291
27181.111,-70.291
27181.214,-70.291
27181.322,-70.291
27181.422,-70.291
27181.520,-70.291
27181.623,-70.291
27181.726,-70.291
27181.842,-70.291
27181.861,-70.291
27182.033,-70.291
27182.060,-70.291
27182.255,-70.291
27182.265,-70.291
27182.364,-70.291
27182.467,-70.291
27182.577,-70.291
27182.675,-70.291
27182.775,-70.291
27182.942,-70.291
27182.961,-70.291
27183.081,-70.291
27183.160,-70.291
27183.261,-70.291
27183.366,-70.291
27183.484,-70.291
27183.569,-70.291
27183.680,-70.291
27183.775,-70.291
27183.878,-70.291
27183.988,-70.291
27184.092,-70.291
27184.155,-70.291
27184.285,-70.291
27184.388,-70.291
27184.491,-70.291
27184.594,-70.291
27184.695,-70.291
27184.797,-70.291
27184.900,-70.291
27185.010,-70.291
27185.106,-70.291
27185.243,-70.291
27185.314,-70.291
27185.412,-70.291
27185.518,-70.291
27185.555,-70.291
27185.719,-70.291
27185.827,-70.291
27185.854,-70.291
27185.952,-70.291
27186.050,-70.291
27186.155,-70.291
27186.253,-70.291
27186.364,-70.291
27186.462,-70.291
27186.564,-70.291
27186.663,-70.291
27476.770,-70.291
27476.844,-70.291
27476.949,-70.291
27477.057,-70.291
27477.153,-70.291
27477.256,-70.291
27477.359,-70.291
27477.474,-70.291
27477.572,-70.291
27477.668,-70.291
27477.768,-70.291
27477.869,-70.291
27477.973,-70.291
27478.091,-70.291
27478.177,-70.291
27478.278,-70.291
27478.375,-70.291
27478.501,-70.291
27478.587,-70.291
27478.687,-70.291
27478.746,-70.291
27478.854,-70.291
27478.962,-70.291
27479.099,-70.291
27479.201,-70.291
27479.302,-70.291
27479.413,-70.291
27479.444,-70.291
27479.604,-70.291
27479.707,-70.291
27479.758,-70.291
27479.839,-70.291
27479.954,-70.291
27480.050,-70.291
27480.148,-70.291
27480.248,-70.291
27480.342,-70.291
27480.439,-70.291
27480.540,-70.291
27480.663,-70.291
27480.736,-70.291
27480.841,-70.291
27480.942,-70.291
27481.043,-70.291
27481.146,-70.291
27481.258,-70.291
27481.354,-70.291
27481.467,-70.291
27481.565,-70.291
27481.665,-70.291
27481.763,-70.291
27481.871,-70.291
27481.969,-70.291
27482.077,-70.291
27482.177,-70.291
27482.233,-70.291
27482.337,-70.291
27482.447,-70.291
27482.550,-70.291
27482.682,-70.291
27482.756,-70.291
27482.888,-70.291
27482.989,-70.291
27483.101,-70.291
27483.130,-70.291
27483.236,-70.291
27483.329,-70.291
27483.521,-70.291
27483.604,-70.291
27483.626,-70.291
27483.810,-70.291
27483.834,-70.291
27483.942,-70.291
27484.038,-70.291
27484.217,-70.291
27484.246,-70.291
27484.337,-70.291
27484.423,-70.291
27484.525,-70.291
27484.628,-70.291
27484.750,-70.291
27484.842,-70.291
27484.942,-70.291
27485.038,-70.291
27485.141,-70.291
27485.244,-70.291
27485.346,-70.291
27485.447,-70.291
27485.549,-70.291
27485.653,-70.291
27485.755,-70.291
27485.856,-70.291
27485.959,-70.291
27486.062,-70.291
27486.175,-70.291
27486.268,-70.291
27486.329,-70.291
27486.472,-70.291
27486.587,-70.291
27486.618,-70.291
27536.778,-70.291
27536.881,-70.291
27536.984,-70.291
27537.086,-70.291
27537.187,-70.291
27537.216,-70.291
27537.315,-70.291
27537.417,-70.291
27537.518,-70.291
27537.701,-70.291
27537.731,-70.291
27537.905,-70.291
27537.934,-70.291
27538.037,-70.291
27538.212,-70.291
27538.214,-70.291
27538.314,-70.291
27538.424,-70.291
27538.521,-70.291
27538.623,-70.291
27538.746,-70.291
27538.827,-70.291
27538.927,-70.291
27539.032,-70.291
27539.133,-70.291
27539.236,-70.291
27539.347,-70.291
27539.442,-70.291
27539.552,-70.291
27539.648,-70.291
27539.748,-70.291
27539.851,-70.291
27539.957,-70.291
27540.055,-70.291
27540.167,-70.291
27540.261,-70.291
27540.363,-70.291
27540.466,-70.291
27540.586,-70.291
27540.606,-70.291
27540.771,-70.291
27540.839,-70.291
27540.996,-70.291
27541.045,-70.291
27541.113,-70.291
27541.283,-70.291
27541.317,-70.291
27541.456,-70.291
27541.594,-70.291
27541.618,-70.291
27541.717,-70.291
27541.900,-70.291
27541.903,-70.291
27542.003,-70.291
27542.113,-70.291
27542.209,-70.291
27542.309,-70.291
27542.423,-70.291
27542.513,-70.291
27542.614,-70.291
27542.712,-70.291
27542.836,-70.291
27542.934,-70.291
27543.030,-70.291
27543.128,-70.291
27543.231,-70.291
27543.332,-70.291
27543.435,-70.291
27543.537,-70.291
27543.641,-70.291
27543.743,-70.291
27543.854,-70.291
27543.947,-70.291
27544.050,-70.291
27544.153,-70.291
27544.258,-70.291
27544.356,-70.291
27544.459,-70.291
27544.560,-70.291
27544.672,-70.291
27544.702,-70.291
27544.800,-70.291
27544.896,-70.291
27544.994,-70.291
27545.111,-70.291
27545.199,-70.291
27545.378,-70.291
27545.407,-70.291
27545.506,-70.291
27545.611,-70.291
27545.690,-70.291
27545.798,-70.291
27545.898,-70.291
27545.996,-70.291
27546.097,-70.291
27546.209,-70.291
27546.309,-70.291
27546.403,-70.291
27546.508,-70.291
27546.611,-70.291
27596.712,-70.291
27596.832,-70.291
27596.920,-70.291
27597.018,-70.291
27597.121,-70.291
27597.246,-70.291
27597.326,-70.291
27597.435,-70.291
27597.533,-70.291
27597.636,-70.291
27597.739,-70.291
27597.792,-70.291
27597.942,-70.291
27597.983,-70.291
27598.146,-70.291
27598.248,-70.291
27598.349,-70.291
27598.405,-70.291
27598.555,-70.291
27598.582,-70.291
27598.697,-70.291
27598.783,-70.291
27598.964,-70.291
27598.993,-70.291
27599.081,-70.291
27599.201,-70.291
27599.280,-70.291
27599.403,-70.291
27599.491,-70.291
27599.587,-70.291
27599.687,-70.291
27599.785,-70.291
27599.890,-70.291
27599.989,-70.291
27600.096,-70.291
27600.197,-70.291
27600.295,-70.291
27600.396,-70.291
27600.508,-70.291
27600.603,-70.291
27600.704,-70.291
27600.807,-70.291
27600.920,-70.291
27601.021,-70.291
27601.119,-70.291
27601.217,-70.291
27601.320,-70.291
27601.423,-70.291
27601.523,-70.291
27601.628,-70.291
27601.731,-70.291
27601.831,-70.291
27601.932,-70.291
27601.976,-70.291
27602.138,-70.291
27602.192,-70.291
27602.445,-70.291
27602.449,-70.291
27602.474,-70.291
27602.572,-70.291
27602.675,-70.291
27602.778,-70.291
27602.878,-70.291
27602.983,-70.291
27603.079,-70.291
27603.190,-70.291
27603.290,-70.291
27603.391,-70.291
27603.493,-70.291
27603.587,-70.291
27603.684,-70.291
27603.785,-70.291
27603.885,-70.291
27603.981,-70.291
27604.086,-70.291
27604.187,-70.291
27604.293,-70.291
27604.391,-70.291
27604.491,-70.291
27604.599,-70.291
27604.701,-70.291
27604.800,-70.291
27604.918,-70.291
27605.006,-70.291
27605.109,-70.291
27605.212,-70.291
27605.332,-70.291
27605.415,-70.291
27605.527,-70.291
27605.619,-70.291
27605.722,-70.291
27605.824,-70.291
27605.927,-70.291
27606.030,-70.291
27606.060,-70.291
27606.165,-70.291
27606.261,-70.291
27606.361,-70.291
27606.467,-70.291
27606.565,-70.291
27606.695,-70.291
27656.778,-70.291
27656.907,-70.291
27656.979,-70.291
27657.077,-70.291
27657.165,-70.291
27657.263,-70.291
27657.361,-70.291
27657.464,-70.291
27657.565,-70.291
27657.668,-70.291
27657.771,-70.291
27657.873,-70.291
27657.976,-70.291
27658.079,-70.291
27658.187,-70.291
27658.293,-70.291
27658.388,-70.291
27658.489,-70.291
27658.594,-70.291
27658.702,-70.291
27658.829,-70.291
27658.903,-70.291
27659.003,-70.291
27659.109,-70.291
27659.212,-70.291
27659.327,-70.291
27659.417,-70.291
27659.515,-70.291
27659.614,-70.291
27659.738,-70.291
27659.817,-70.291
27659.923,-70.291
27659.949,-70.291
27660.062,-70.291
27660.157,-70.291
27660.258,-70.291
27660.434,-70.291
27660.449,-70.291
27660.570,-70.291
27660.665,-70.291
27660.768,-70.291
27660.866,-70.291
27660.964,-70.291
27661.049,-70.291
27661.165,-70.291
27661.253,-70.291
27661.354,-70.291
27661.457,-70.291
27661.577,-70.291
27661.675,-70.291
27661.771,-70.291
27661.868,-70.291
27661.969,-70.291
27662.067,-70.291
27662.165,-70.291
27662.278,-70.291
27662.378,-70.291
27662.481,-70.291
27662.584,-70.291
27662.689,-70.291
27662.788,-70.291
27662.891,-70.291
27663.003,-70.291
27663.094,-70.291
27663.197,-70.291
27663.300,-70.291
27663.413,-70.291
27663.445,-70.291
27663.616,-70.291
27663.650,-70.291
27663.736,-70.291
27663.837,-70.291
27663.939,-70.291
27664.042,-70.291
27664.143,-70.291
27664.246,-70.291
27664.427,-70.291
27664.435,-70.291
27664.542,-70.291
27664.638,-70.291
27664.758,-70.291
27664.841,-70.291
27664.949,-70.291
27665.043,-70.291
27665.143,-70.291
27665.251,-70.291
27665.348,-70.291
27665.452,-70.291
27665.576,-70.291
27665.665,-70.291
27665.761,-70.291
27665.859,-70.291
27665.962,-70.291
27666.089,-70.291
27666.168,-70.291
27666.270,-70.291
27666.381,-70.291
27666.481,-70.291
27666.577,-70.291
27666.679,-70.291
27716.755,-70.291
27716.908,-70.291
27716.986,-70.291
27717.089,-70.291
27717.195,-70.291
27717.298,-70.291
27717.415,-70.291
27717.427,-70.291
27717.603,-70.291
27717.630,-70.291
27717.728,-70.291
27717.847,-70.291
27717.942,-70.291
27718.043,-70.291
27718.148,-70.291
27718.226,-70.291
27718.344,-70.291
27718.445,-70.291
27718.547,-70.291
27718.625,-70.291
27718.729,-70.291
27718.831,-70.291
27718.932,-70.291
27719.038,-70.291
27719.138,-70.291
27719.253,-70.291
27719.342,-70.291
27719.445,-70.291
27719.545,-70.291
27719.663,-70.291
27719.760,-70.291
27719.859,-70.291
27719.956,-70.291
27720.082,-70.291
27720.163,-70.291
27720.263,-70.291
27720.366,-70.291
27720.467,-70.291
27720.570,-70.291
27720.778,-70.291
27720.782,-70.291
27720.888,-70.291
27720.981,-70.291
27721.052,-70.291
27721.128,-70.291
27721.288,-70.291
27721.388,-70.291
27721.417,-70.291
27721.523,-70.291
27721.623,-70.291
27721.729,-70.291
27721.822,-70.291
27722.003,-70.291
27722.033,-70.291
27722.131,-70.291
27722.233,-70.291
27722.336,-70.291
27722.415,-70.291
27722.518,-70.291
27722.628,-70.291
27722.746,-70.291
27722.822,-70.291
27722.927,-70.291
27723.033,-70.291
27723.131,-70.291
27723.256,-70.291
27723.337,-70.291
27723.437,-70.291
27723.550,-70.291
27723.660,-70.291
27723.744,-70.291
27723.849,-70.291
27723.951,-70.291
27724.097,-70.291
27724.155,-70.291
27724.256,-70.291
27724.369,-70.291
27724.471,-70.291
27724.565,-70.291
27724.665,-70.291
27724.768,-70.291
27724.873,-70.291
27724.974,-70.291
27725.082,-70.291
27725.180,-70.291
27725.207,-70.291
27725.305,-70.291
27725.435,-70.291
27725.521,-70.291
27725.619,-70.291
27725.717,-70.291
27725.908,-70.291
27725.913,-70.291
27726.101,-70.291
27726.103,-70.291
27726.204,-70.291
27726.329,-70.291
27726.402,-70.291
27726.511,-70.291
27726.613,-70.291
27776.714,-70.291
27776.815,-70.291
27776.920,-70.291
27777.023,-70.291
27777.133,-70.291
27777.233,-70.291
27777.337,-70.291
27777.432,-70.291
27777.533,-70.291
27777.638,-70.291
27777.746,-70.291
27777.842,-70.291
27777.942,-70.291
27778.074,-70.291
27778.150,-70.291
27778.251,-70.291
27778.354,-70.291
27778.457,-70.291
27778.559,-70.291
27778.663,-70.291
27778.763,-70.291
27778.805,-70.291
27778.893,-70.291
27778.993,-70.291
27779.094,-70.291
27779.197,-70.291
27779.300,-70.291
27779.503,-70.291
27779.508,-70.291
27779.608,-70.291
27779.709,-70.291
27779.829,-70.291
27779.908,-70.291
27779.994,-70.291
27780.094,-70.291
27780.199,-70.291
27780.320,-70.291
27780.402,-70.291
27780.505,-70.291
27780.606,-70.291
27780.712,-70.291
27780.810,-70.291
27780.913,-70.291
27781.008,-70.291
27781.123,-70.291
27781.219,-70.291
27781.322,-70.291
27781.425,-70.291
27781.521,-70.291
27781.625,-70.291
27781.744,-70.291
27781.834,-70.291
27781.935,-70.291
27782.040,-70.291
27782.158,-70.291
27782.185,-70.291
27782.347,-70.291
27782.449,-70.291
27782.559,-70.291
27782.589,-70.291
27782.684,-70.291
27782.782,-70.291
27782.893,-70.291
27782.991,-70.291
27783.165,-70.291
27783.260,-70.291
27783.288,-70.291
27783.383,-70.291
27783.503,-70.291
27783.582,-70.291
27783.702,-70.291
27783.780,-70.291
27783.888,-70.291
27783.994,-70.291
27784.087,-70.291
27784.190,-70.291
27784.293,-70.291
27784.386,-70.291
27784.506,-70.291
27784.606,-70.291
27784.702,-70.291
27784.804,-70.291
27784.878,-70.291
27785.008,-70.291
27785.123,-70.291
27785.175,-70.291
27785.317,-70.291
27785.420,-70.291
27785.530,-70.291
27785.604,-70.291
27785.724,-70.291
27785.831,-70.291
27785.932,-70.291
27786.035,-70.291
27786.155,-70.291
27786.174,-70.291
27786.342,-70.291
27786.442,-70.291
27786.567,-70.291
27786.648,-70.291
27786.675,-70.291
28076.775,-70.291
28076.890,-70.291
28076.972,-70.291
28077.089,-70.291
28077.187,-70.291
28077.364,-70.291
28077.369,-70.291
28077.491,-70.291
28077.574,-70.291
28077.672,-70.291
28077.773,-70.291
28077.878,-70.291
28077.993,-70.291
28078.082,-70.291
28078.184,-70.291
28078.287,-70.291
28078.405,-70.291
28078.500,-70.291
28078.597,-70.291
28078.728,-70.291
28078.802,-70.291
28078.902,-70.291
28078.964,-70.291
28079.064,-70.291
28079.207,-70.291
28079.310,-70.291
28079.376,-70.291
28079.486,-70.291
28079.584,-70.291
28079.719,-70.291
28079.831,-70.291
28079.924,-70.291
28079.996,-70.291
28080.130,-70.291
28080.241,-70.291
28080.271,-70.291
28080.403,-70.291
28080.464,-70.291
28080.567,-70.291
28080.674,-70.291
28080.775,-70.291
28080.869,-70.291
28080.973,-70.291
28081.076,-70.291
28081.175,-70.291
28081.300,-70.291
28081.358,-70.291
28081.461,-70.291
28081.569,-70.291
28081.668,-70.291
28081.773,-70.291
28081.871,-70.291
28081.973,-70.291
28082.079,-70.291
28082.175,-70.291
28082.280,-70.291
28082.402,-70.291
28082.494,-70.291
28082.591,-70.291
28082.689,-70.291
28082.815,-70.291
28082.895,-70.291
28082.996,-70.291
28083.098,-70.291
28083.207,-70.291
28083.305,-70.291
28083.400,-70.291
28083.508,-70.291
28083.619,-70.291
28083.716,-70.291
28083.815,-70.291
28083.918,-70.291
28084.016,-70.291
28084.123,-70.291
28084.185,-70.291
28084.263,-70.291
28084.366,-70.291
28084.469,-70.291
28084.572,-70.291
28084.655,-70.291
28084.753,-70.291
28084.864,-70.291
28084.974,-70.291
28085.052,-70.291
28085.150,-70.291
28085.248,-70.291
28085.353,-70.291
28085.459,-70.291
28085.557,-70.291
28085.660,-70.291
28085.763,-70.291
28085.866,-70.291
28085.981,-70.291
28086.079,-70.291
28086.170,-70.291
28086.273,-70.291
28086.375,-70.291
28086.493,-70.291
28086.589,-70.291
28086.684,-70.291
28136.785,-70.291
28136.888,-70.291
28137.000,-70.291
28137.099,-70.291
28137.197,-70.291
28137.297,-70.291
28137.400,-70.291
28137.503,-70.291
28137.548,-70.291
28137.707,-70.291
28137.809,-70.291
28137.873,-70.291
28137.939,-70.291
28138.038,-70.291
28138.140,-70.291
28138.244,-70.291
28138.349,-70.291
28138.452,-70.291
28138.650,-70.291
28138.668,-70.291
28138.756,-70.291
28138.858,-70.291
28138.935,-70.291
28139.038,-70.291
28139.141,-70.291
28139.243,-70.291
28139.344,-70.291
28139.447,-70.291
28139.550,-70.291
28139.650,-70.291
28139.755,-70.291
28139.864,-70.291
28139.962,-70.291
28140.062,-70.291
28140.163,-70.291
28140.266,-70.291
28140.371,-70.291
28140.488,-70.291
28140.577,-70.291
28140.704,-70.291
28140.778,-70.291
28140.900,-70.291
28140.984,-70.291
28141.087,-70.291
28141.190,-70.291
28141.292,-70.291
28141.400,-70.291
28141.599,-70.291
28141.609,-70.291
28141.736,-70.291
28141.739,-70.291
28141.837,-70.291
28142.008,-70.291
28142.035,-70.291
28142.135,-70.291
28142.236,-70.291
28142.324,-70.291
28142.440,-70.291
28142.543,-70.291
28142.646,-70.291
28142.736,-70.291
28142.827,-70.291
28142.930,-70.291
28143.033,-70.291
28143.135,-70.291
28143.236,-70.291
28143.339,-70.291
28143.440,-70.291
28143.543,-70.291
28143.646,-70.291
28143.748,-70.291
28143.851,-70.291
28143.952,-70.291
28144.057,-70.291
28144.128,-70.291
28144.260,-70.291
28144.388,-70.291
28144.466,-70.291
28144.574,-70.291
28144.670,-70.291
28144.773,-70.291
28144.896,-70.291
28144.986,-70.291
28145.087,-70.291
28145.119,-70.291
28145.285,-70.291
28145.381,-70.291
28145.481,-70.291
28145.633,-70.291
28145.689,-70.291
28145.719,-70.291
28145.822,-70.291
28145.923,-70.291
28146.028,-70.291
28146.128,-70.291
28146.310,-70.291
28146.317,-70.291
28146.435,-70.291
28146.513,-70.291
28146.618,-70.291
28196.736,-70.291
28196.820,-70.291
28196.923,-70.291
28197.027,-70.291
28197.148,-70.291
28197.239,-70.291
28197.342,-70.291
28197.471,-70.291
28197.540,-70.291
28197.648,-70.291
28197.744,-70.291
28197.846,-70.291
28197.949,-70.291
28198.057,-70.291
28198.162,-70.291
28198.256,-70.291
28198.364,-70.291
28198.459,-70.291
28198.574,-70.291
28198.663,-70.291
28198.788,-70.291
28198.827,-70.291
28198.986,-70.291
28199.016,-70.291
28199.135,-70.291
28199.244,-70.291
28199.307,-70.291
28199.405,-70.291
28199.508,-70.291
28199.609,-70.291
28199.711,-70.291
28199.814,-70.291
28199.922,-70.291
28200.098,-70.291
28200.126,-70.291
28200.223,-70.291
28200.320,-70.291
28200.410,-70.291
28200.516,-70.291
28200.614,-70.291
28200.712,-70.291
28200.822,-70.291
28200.918,-70.291
28201.021,-70.291
28201.226,-70.291
28201.229,-70.291
28201.326,-70.291
28201.430,-70.291
28201.532,-70.291
28201.633,-70.291
28201.736,-70.291
28201.841,-70.291
28201.949,-70.291
28202.043,-70.291
28202.146,-70.291
28202.248,-70.291
28202.351,-70.291
28202.478,-70.291
28202.555,-70.291
28202.658,-70.291
28202.758,-70.291
28202.863,-70.291
28202.984,-70.291
28202.998,-70.291
28203.096,-70.291
28203.197,-70.291
28203.295,-70.291
28203.393,-70.291
28203.500,-70.291
28203.603,-70.291
28203.719,-70.291
28203.807,-70.291
28203.910,-70.291
28204.013,-70.291
28204.092,-70.291
28204.195,-70.291
28204.297,-70.291
28204.391,-70.291
28204.501,-70.291
28204.604,-70.291
28204.704,-70.291
28204.837,-70.291
28204.910,-70.291
28205.013,-70.291
28205.119,-70.291
28205.234,-70.291
28205.331,-70.291
28205.430,-70.291
28205.525,-70.291
28205.628,-70.291
28205.729,-70.291
28205.831,-70.291
28205.932,-70.291
28206.040,-70.291
28206.138,-70.291
28206.250,-70.291
28206.336,-70.291
28206.440,-70.291
28206.548,-70.291
28206.658,-70.291
28256.753,-70.291
28256.856,-70.291
28256.883,-70.291
28257.070,-70.291
28257.104,-70.291
28257.194,-70.291
28257.292,-70.291
28257.393,-70.291
28257.503,-70.291
28257.674,-70.291
28257.702,-70.291
28257.880,-70.291
28257.881,-70.291
28257.991,-70.291
28258.091,-70.291
28258.197,-70.291
28258.295,-70.291
28258.393,-70.291
28258.520,-70.291
28258.599,-70.291
28258.699,-70.291
28258.802,-70.291
28258.908,-70.291
28259.010,-70.291
28259.109,-70.291
28259.231,-70.291
28259.315,-70.291
28259.417,-70.291
28259.518,-70.291
28259.643,-70.291
28259.724,-70.291
28259.783,-70.291
28259.937,-70.291
28260.033,-70.291
28260.092,-70.291
28260.202,-70.291
28260.337,-70.291
28260.378,-70.291
28260.474,-70.291
28260.576,-70.291
28260.674,-70.291
28260.849,-70.291
28260.876,-70.291
28260.976,-70.291
28261.092,-70.291
28261.187,-70.291
28261.283,-70.291
28261.386,-70.291
28261.479,-70.291
28261.574,-70.291
28261.673,-70.291
28261.771,-70.291
28261.875,-70.291
28261.976,-70.291
28262.077,-70.291
28262.182,-70.291
28262.283,-70.291
28262.385,-70.291
28262.496,-70.291
28262.599,-70.291
28262.699,-70.291
28262.799,-70.291
28262.907,-70.291
28263.023,-70.291
28263.101,-70.291
28263.204,-70.291
28263.317,-70.291
28263.413,-70.291
28263.479,-70.291
28263.582,-70.291
28263.721,-70.291
28263.817,-70.291
28263.922,-70.291
28264.023,-70.291
28264.119,-70.291
28264.170,-70.291
28264.337,-70.291
28264.375,-70.291
28264.467,-70.291
28264.562,-70.291
28264.663,-70.291
28264.766,-70.291
28264.866,-70.291
28264.969,-70.291
28265.072,-70.291
28265.180,-70.291
28265.278,-70.291
28265.378,-70.291
28265.479,-70.291
28265.565,-70.291
28265.662,-70.291
28265.763,-70.291
28265.890,-70.291
28265.969,-70.291
28266.081,-70.291
28266.177,-70.291
28266.285,-70.291
28266.381,-70.291
28266.483,-70.291
28266.584,-70.291
28266.690,-70.291
28316.788,-70.291
28316.891,-70.291
28317.001,-70.291
28317.106,-70.291
28317.160,-70.291
28317.266,-70.291
28317.375,-70.291
28317.506,-70.291
28317.608,-70.291
28317.728,-70.291
28317.753,-70.291
28317.913,-70.291
28318.011,-70.291
28318.052,-70.291
28318.216,-70.291
28318.324,-70.291
28318.427,-70.291
28318.462,-70.291
28318.559,-70.291
28318.658,-70.291
28318.758,-70.291
28318.854,-70.291
28318.974,-70.291
28319.047,-70.291
28319.153,-70.291
28319.251,-70.291
28319.349,-70.291
28319.451,-70.291
28319.565,-70.291
28319.663,-70.291
28319.768,-70.291
28319.890,-70.291
28319.962,-70.291
28320.065,-70.291
28320.168,-70.291
28320.270,-70.291
28320.371,-70.291
28320.476,-70.291
28320.717,-70.291
28320.719,-70.291
28320.790,-70.291
28320.908,-70.291
28320.991,-70.291
28321.101,-70.291
28321.199,-70.291
28321.295,-70.291
28321.403,-70.291
28321.501,-70.291
28321.611,-70.291
28321.663,-70.291
28321.748,-70.291
28321.873,-70.291
28322.011,-70.291
28322.114,-70.291
28322.145,-70.291
28322.239,-70.291
28322.342,-70.291
28322.459,-70.291
28322.549,-70.291
28322.726,-70.291
28322.755,-70.291
28322.854,-70.291
28322.956,-70.291
28323.128,-70.291
28323.138,-70.291
28323.239,-70.291
28323.351,-70.291
28323.449,-70.291
28323.565,-70.291
28323.751,-70.291
28323.756,-70.291
28323.854,-70.291
28323.974,-70.291
28324.074,-70.291
28324.170,-70.291
28324.268,-70.291
28324.366,-70.291
28324.469,-70.291
28324.570,-70.291
28324.675,-70.291
28324.780,-70.291
28324.878,-70.291
28324.981,-70.291
28325.082,-70.291
28325.187,-70.291
28325.288,-70.291
28325.400,-70.291
28325.491,-70.291
28325.618,-70.291
28325.697,-70.291
28325.812,-70.291
28325.844,-70.291
28326.011,-70.291
28326.037,-70.291
28326.135,-70.291
28326.234,-70.291
28326.336,-70.291
28326.437,-70.291
28326.543,-70.291
28376.722,-70.291
28376.748,-70.291
28376.935,-70.291
28376.940,-70.291
28377.037,-70.291
28377.133,-70.291
28377.239,-70.291
28377.336,-70.291
28377.437,-70.291
28377.540,-70.291
28377.650,-70.291
28377.746,-70.291
28377.853,-70.291
28377.973,-70.291
28378.030,-70.291
28378.153,-70.291
28378.258,-70.291
28378.359,-70.291
28378.484,-70.291
28378.562,-70.291
28378.673,-70.291
28378.777,-70.291
28378.871,-70.291
28378.974,-70.291
28379.079,-70.291
28379.182,-70.291
28379.280,-70.291
28379.385,-70.291
28379.489,-70.291
28379.598,-70.291
28379.621,-70.291
28379.719,-70.291
28379.836,-70.291
28379.930,-70.291
28380.028,-70.291
28380.125,-70.291
28380.223,-70.291
28380.329,-70.291
28380.432,-70.291
28380.545,-70.291
28380.623,-70.291
28380.719,-70.291
28380.817,-70.291
28380.920,-70.291
28381.030,-70.291
28381.128,-70.291
28381.228,-70.291
28381.329,-70.291
28381.432,-70.291
28381.535,-70.291
28381.650,-70.291
28381.761,-70.291
28381.842,-70.291
28381.944,-70.291
28382.062,-70.291
28382.160,-70.291
28382.261,-70.291
28382.383,-70.291
28382.437,-70.291
28382.559,-70.291
28382.660,-70.291
28382.763,-70.291
28382.864,-70.291
28382.969,-70.291
28383.070,-70.291
28383.172,-70.291
28383.283,-70.291
28383.317,-70.291
28383.415,-70.291
28383.511,-70.291
28383.606,-70.291
28383.709,-70.291
28383.898,-70.291
28383.927,-70.291
28384.023,-70.291
28384.119,-70.291
28384.221,-70.291
28384.322,-70.291
28384.503,-70.291
28384.506,-70.291
28384.606,-70.291
28384.707,-70.291
28384.810,-70.291
28384.915,-70.291
28385.025,-70.291
28385.121,-70.291
28385.219,-70.291
28385.324,-70.291
28385.432,-70.291
28385.532,-70.291
28385.630,-70.291
28385.736,-70.291
28385.799,-70.291
28385.907,-70.291
28386.008,-70.291
28386.153,-70.291
28386.212,-70.291
28386.315,-70.291
28386.469,-70.291
28386.550,-70.291
28386.653,-70.291
28676.761,-70.291
28676.863,-70.291
28676.956,-70.291
28677.064,-70.291
28677.167,-70.291
28677.207,-70.291
28677.305,-70.291
28677.403,-70.291
28677.687,-70.291
28677.690,-70.291
28677.694,-70.291
28677.814,-70.291
28677.900,-70.291
28678.011,-70.291
28678.113,-70.291
28678.190,-70.291
28678.310,-70.291
28678.407,-70.291
28678.503,-70.291
28678.603,-70.291
28678.702,-70.291
28678.804,-70.291
28678.908,-70.291
28679.010,-70.291
28679.114,-70.291
28679.214,-70.291
28679.320,-70.291
28679.420,-70.291
28679.521,-70.291
28679.623,-70.291
28679.734,-70.291
28679.891,-70.291
28679.895,-70.291
28680.033,-70.291
28680.146,-70.291
28680.244,-70.291
28680.341,-70.291
28680.442,-70.291
28680.545,-70.291
28680.648,-70.291
28680.751,-70.291
28680.853,-70.291
28680.920,-70.291
28681.049,-70.291
28681.099,-70.291
28681.204,-70.291
28681.290,-70.291
28681.388,-70.291
28681.491,-70.291
28681.594,-70.291
28681.695,-70.291
28681.799,-70.291
28681.903,-70.291
28681.984,-70.291
28682.082,-70.291
28682.192,-70.291
28682.305,-70.291
28682.391,-70.291
28682.493,-70.291
28682.592,-70.291
28682.717,-70.291
28682.799,-70.291
28682.900,-70.291
28683.001,-70.291
28683.111,-70.291
28683.207,-70.291
28683.312,-70.291
28683.413,-70.291
28683.525,-70.291
28683.625,-70.291
28683.717,-70.291
28683.826,-70.291
28683.925,-70.291
28684.027,-70.291
28684.143,-70.291
28684.231,-70.291
28684.334,-70.291
28684.440,-70.291
28684.555,-70.291
28684.584,-70.291
28684.744,-70.291
28684.847,-70.291
28684.959,-70.291
28684.989,-70.291
28685.084,-70.291
28685.177,-70.291
28685.280,-70.291
28685.383,-70.291
28685.479,-70.291
28685.657,-70.291
28685.690,-70.291
28685.771,-70.291
28685.875,-70.291
28685.981,-70.291
28686.099,-70.291
28686.175,-70.291
28686.280,-70.291
28686.393,-70.291
28686.493,-70.291
28686.591,-70.291
28686.692,-70.291
28736.792,-70.291
28736.896,-70.291
28737.000,-70.291
28737.099,-70.291
28737.201,-70.291
28737.305,-70.291
28737.407,-70.291
28737.543,-70.291
28737.618,-70.291
28737.717,-70.291
28737.819,-70.291
28737.929,-70.291
28738.025,-70.291
28738.123,-70.291
28738.231,-70.291
28738.327,-70.291
28738.430,-70.291
28738.554,-70.291
28738.567,-70.291
28738.665,-70.291
28738.761,-70.291
28738.920,-70.291
28738.971,-70.291
28739.067,-70.291
28739.170,-70.291
28739.288,-70.291
28739.386,-70.291
28739.459,-70.291
28739.560,-70.291
28739.660,-70.291
28739.761,-70.291
28739.864,-70.291
28739.979,-70.291
28740.067,-70.291
28740.163,-70.291
28740.263,-70.291
28740.393,-70.291
28740.501,-70.291
28740.579,-70.291
28740.805,-70.291
28740.807,-70.291
28740.886,-70.291
28740.991,-70.291
28741.092,-70.291
28741.195,-70.291
28741.292,-70.291
28741.400,-70.291
28741.503,-70.291
28741.606,-70.291
28741.709,-70.291
28741.810,-70.291
28741.912,-70.291
28742.016,-70.291
28742.119,-70.291
28742.229,-70.291
28742.320,-70.291
28742.425,-70.291
28742.451,-70.291
28742.550,-70.291
28742.663,-70.291
28742.761,-70.291
28742.864,-70.291
28742.964,-70.291
28743.049,-70.291
28743.148,-70.291
28743.268,-70.291
28743.349,-70.291
28743.447,-70.291
28743.554,-70.291
28743.653,-70.291
28743.768,-70.291
28743.861,-70.291
28743.986,-70.291
28744.067,-70.291
28744.165,-70.291
28744.266,-70.291
28744.369,-70.291
28744.479,-70.291
28744.574,-70.291
28744.679,-70.291
28744.802,-70.291
28744.869,-70.291
28744.988,-70.291
28745.086,-70.291
28745.190,-70.291
28745.287,-70.291
28745.395,-70.291
28745.496,-70.291
28745.604,-70.291
28745.704,-70.291
28745.805,-70.291
28745.905,-70.291
28745.944,-70.291
28746.040,-70.291
28746.136,-70.291
28746.239,-70.291
28746.339,-70.291
28746.442,-70.291
28746.550,-70.291
28746.640,-70.291
28796.748,-70.291
28796.849,-70.291
28796.954,-70.291
28797.050,-70.291
28797.157,-70.291
28797.241,-70.291
28797.339,-70.291
28797.543,-70.291
28797.545,-70.291
28797.646,-70.291
28797.750,-70.291
28797.858,-70.291
28797.952,-70.291
28798.055,-70.291
28798.158,-70.291
28798.261,-70.291
28798.381,-70.291
28798.476,-70.291
28798.569,-70.291
28798.673,-70.291
28798.795,-70.291
28798.886,-70.291
28798.986,-70.291
28799.084,-70.291
28799.182,-70.291
28799.251,-70.291
28799.351,-70.291
28799.427,-70.291
28799.592,-70.291
28799.694,-70.291
28799.797,-70.291
28799.898,-70.291
28800.015,-70.291
28800.043,-70.291
28800.141,-70.291
28800.236,-70.291
28800.342,-70.291
28800.437,-70.291
28800.618,-70.291
28800.643,-70.291
28800.726,-70.291
28800.846,-70.291
28800.923,-70.291
28801.049,-70.291
28801.135,-70.291
28801.234,-70.291
28801.332,-70.291
28801.435,-70.291
28801.538,-70.291
28801.641,-70.291
28801.741,-70.291
28801.854,-70.291
28801.949,-70.291
28802.054,-70.291
28802.152,-70.291
28802.258,-70.291
28802.359,-70.291
28802.420,-70.291
28802.564,-70.291
28802.663,-70.291
28802.766,-70.291
28802.888,-70.291
28802.974,-70.291
28803.074,-70.291
28803.170,-70.291
28803.221,-70.291
28803.380,-70.291
28803.484,-70.291
28803.584,-70.291
28803.621,-70.291
28803.716,-70.291
28803.820,-70.291
28803.927,-70.291
28804.020,-70.291
28804.121,-70.291
28804.224,-70.291
28804.327,-70.291
28804.429,-70.291
28804.530,-70.291
28804.633,-70.291
28804.724,-70.291
28804.820,-70.291
28804.922,-70.291
28805.018,-70.291
28805.136,-70.291
28805.236,-70.291
28805.334,-70.291
28805.427,-70.291
28805.530,-70.291
28805.636,-70.291
28805.734,-70.291
28805.837,-70.291
28805.912,-70.291
28806.043,-70.291
28806.145,-70.291
28806.246,-70.291
28806.349,-70.291
28806.452,-70.291
28806.564,-70.291
28806.658,-70.291
28856.760,-70.291
28856.863,-70.291
28856.973,-70.291
28857.070,-70.291
28857.168,-70.291
28857.273,-70.291
28857.385,-70.291
28857.410,-70.291
28857.506,-70.291
28857.604,-70.291
28857.785,-70.291
28857.812,-70.291
28857.910,-70.291
28858.030,-70.291
28858.121,-70.291
28858.219,-70.291
28858.300,-70.291
28858.408,-70.291
28858.513,-70.291
28858.609,-70.291
28858.704,-70.291
28858.810,-70.291
28858.910,-70.291
28859.013,-70.291
28859.133,-70.291
28859.219,-70.291
28859.322,-70.291
28859.424,-70.291
28859.545,-70.291
28859.628,-70.291
28859.729,-70.291
28859.832,-70.291
28859.937,-70.291
28860.040,-70.291
28860.148,-70.291
28860.243,-70.291
28860.354,-70.291
28860.449,-70.291
28860.549,-70.291
28860.655,-70.291
28860.753,-70.291
28860.856,-70.291
28860.978,-70.291
28861.060,-70.291
28861.094,-70.291
28861.266,-70.291
28861.293,-70.291
28861.410,-70.291
28861.508,-70.291
28861.604,-70.291
28861.707,-70.291
28861.805,-70.291
28861.903,-70.291
28861.991,-70.291
28862.187,-70.291
28862.199,-70.291
28862.298,-70.291
28862.393,-70.291
28862.494,-70.291
28862.606,-70.291
28862.702,-70.291
28862.809,-70.291
28862.903,-70.291
28863.006,-70.291
28863.109,-70.291
28863.222,-70.291
28863.319,-70.291
28863.440,-70.291
28863.543,-70.291
28863.628,-70.291
28863.731,-70.291
28863.824,-70.291
28863.929,-70.291
28864.030,-70.291
28864.133,-70.291
28864.236,-70.291
28864.347,-70.291
28864.442,-70.291
28864.543,-70.291
28864.614,-70.291
28864.748,-70.291
28864.849,-70.291
28864.920,-70.291
28865.059,-70.291
28865.084,-70.291
28865.184,-70.291
28865.283,-70.291
28865.381,-70.291
28865.489,-70.291
28865.670,-70.291
28865.697,-70.291
28865.793,-70.291
28865.898,-70.291
28866.001,-70.291
28866.077,-70.291
28866.184,-70.291
28866.283,-70.291
28866.385,-70.291
28866.486,-70.291
28866.599,-70.291
28866.697,-70.291
28916.898,-70.291
28916.900,-70.291
28917.001,-70.291
28917.103,-70.291
28917.219,-70.291
28917.310,-70.291
28917.415,-70.291
28917.511,-70.291
28917.631,-70.291
28917.731,-70.291
28917.827,-70.291
28917.927,-70.291
28918.025,-70.291
28918.126,-70.291
28918.229,-70.291
28918.331,-70.291
28918.435,-70.291
28918.501,-70.291
28918.638,-70.291
28918.741,-70.291
28918.844,-70.291
28918.873,-70.291
28918.969,-70.291
28919.081,-70.291
28919.177,-70.291
28919.277,-70.291
28919.378,-70.291
28919.469,-70.291
28919.660,-70.291
28919.690,-70.291
28919.792,-70.291
28919.976,-70.291
28919.978,-70.291
28920.074,-70.291
28920.197,-70.291
28920.282,-70.291
28920.378,-70.291
28920.481,-70.291
28920.597,-70.291
28920.692,-70.291
28920.788,-70.291
28920.898,-70.291
28921.003,-70.291
28921.101,-70.291
28921.197,-70.291
28921.307,-70.291
28921.405,-70.291
28921.506,-70.291
28921.628,-70.291
28921.717,-70.291
28921.814,-70.291
28921.915,-70.291
28922.040,-70.291
28922.072,-70.291
28922.223,-70.291
28922.283,-70.291
28922.364,-70.291
28922.496,-70.291
28922.633,-70.291
28922.667,-70.291
28922.765,-70.291
28922.864,-70.291
28923.043,-70.291
28923.069,-70.291
28923.248,-70.291
28923.275,-70.291
28923.373,-70.291
28923.467,-70.291
28923.555,-70.291
28923.663,-70.291
28923.758,-70.291
28923.878,-70.291
28923.978,-70.291
28924.074,-70.291
28924.174,-70.291
28924.271,-70.291
28924.396,-70.291
28924.478,-70.291
28924.577,-70.291
28924.687,-70.291
28924.783,-70.291
28924.885,-70.291
28924.986,-70.291
28925.089,-70.291
28925.219,-70.291
28925.305,-70.291
28925.402,-70.291
28925.506,-70.291
28925.601,-70.291
28925.716,-70.291
28925.812,-70.291
28925.908,-70.291
28926.011,-70.291
28926.113,-70.291
28926.239,-70.291
28926.317,-70.291
28926.422,-70.291
28926.523,-70.291
28926.552,-70.291
28926.648,-70.291
28976.773,-70.291
28976.853,-70.291
28976.957,-70.291
28977.059,-70.291
28977.167,-70.291
28977.346,-70.291
28977.349,-70.291
28977.444,-70.291
28977.555,-70.291
28977.652,-70.291
28977.751,-70.291
28977.875,-70.291
28977.961,-70.291
28978.062,-70.291
28978.163,-70.291
28978.265,-70.291
28978.368,-70.291
28978.469,-70.291
28978.570,-70.291
28978.682,-70.291
28978.783,-70.291
28978.885,-70.291
28978.983,-70.291
28979.086,-70.291
28979.187,-70.291
28979.290,-70.291
28979.391,-70.291
28979.494,-70.291
28979.597,-70.291
28979.714,-70.291
28979.800,-70.291
28979.903,-70.291
28980.013,-70.291
28980.040,-70.291
28980.148,-70.291
28980.246,-70.291
28980.342,-70.291
28980.449,-70.291
28980.547,-70.291
28980.650,-70.291
28980.748,-70.291
28980.848,-70.291
28980.949,-70.291
28981.052,-70.291
28981.155,-70.291
28981.258,-70.291
28981.337,-70.291
28981.440,-70.291
28981.574,-70.291
28981.643,-70.291
28981.849,-70.291
28981.851,-70.291
28981.964,-70.291
28982.062,-70.291
28982.155,-70.291
28982.258,-70.291
28982.359,-70.291
28982.462,-70.291
28982.565,-70.291
28982.697,-70.291
28982.746,-70.291
28982.873,-70.291
28982.974,-70.291
28983.079,-70.291
28983.177,-70.291
28983.283,-70.291
28983.390,-70.291
28983.484,-70.291
28983.596,-70.291
28983.694,-70.291
28983.800,-70.291
28983.829,-70.291
28983.998,-70.291
28984.125,-70.291
28984.141,-70.291
28984.239,-70.291
28984.329,-70.291
28984.432,-70.291
28984.535,-70.291
28984.717,-70.291
28984.820,-70.291
28984.831,-70.291
28984.927,-70.291
28985.023,-70.291
28985.126,-70.291
28985.226,-70.291
28985.337,-70.291
28985.432,-70.291
28985.535,-70.291
28985.638,-70.291
28985.741,-70.291
28985.842,-70.291
28985.962,-70.291
28986.049,-70.291
28986.150,-70.291
28986.258,-70.291
28986.373,-70.291
28986.429,-70.291
28986.557,-70.291
28986.662,-70.291
29276.766,-70.291
29276.866,-70.291
29276.969,-70.291
29277.079,-70.291
29277.182,-70.291
29277.283,-70.291
29277.381,-70.291
29277.479,-70.291
29277.582,-70.291
29277.685,-70.291
29277.805,-70.291
29277.815,-70.291
29278.000,-70.291
29278.028,-70.291
29278.128,-70.291
29278.234,-70.291
29278.331,-70.291
29278.427,-70.291
29278.533,-70.291
29278.628,-70.291
29278.731,-70.291
29278.810,-70.291
29278.913,-70.291
29279.016,-70.291
29279.119,-70.291
29279.244,-70.291
29279.327,-70.291
29279.425,-70.291
29279.528,-70.291
29279.640,-70.291
29279.743,-70.291
29279.844,-70.291
29279.940,-70.291
29280.049,-70.291
29280.111,-70.291
29280.244,-70.291
29280.315,-70.291
29280.415,-70.291
29280.554,-70.291
29280.653,-70.291
29280.761,-70.291
29280.859,-70.291
29280.962,-70.291
29281.065,-70.291
29281.104,-70.291
29281.268,-70.291
29281.369,-70.291
29281.478,-70.291
29281.518,-70.291
29281.680,-70.291
29281.702,-70.291
29281.804,-70.291
29281.986,-70.291
29282.013,-70.291
29282.111,-70.291
29282.209,-70.291
29282.317,-70.291
29282.418,-70.291
29282.621,-70.291
29282.626,-70.291
29282.704,-70.291
29282.805,-70.291
29282.907,-70.291
29283.013,-70.291
29283.111,-70.291
29283.216,-70.291
29283.320,-70.291
29283.425,-70.291
29283.527,-70.291
29283.626,-70.291
29283.726,-70.291
29283.829,-70.291
29283.951,-70.291
29284.074,-70.291
29284.146,-70.291
29284.202,-70.291
29284.342,-70.291
29284.461,-70.291
29284.513,-70.291
29284.650,-70.291
29284.750,-70.291
29284.822,-70.291
29284.954,-70.291
29285.057,-70.291
29285.148,-70.291
29285.271,-70.291
29285.300,-70.291
29285.396,-70.291
29285.570,-70.291
29285.672,-70.291
29285.699,-70.291
29285.804,-70.291
29285.910,-70.291
29286.013,-70.291
29286.092,-70.291
29286.212,-70.291
29286.297,-70.291
29286.395,-70.291
29286.493,-70.291
29286.594,-70.291
29286.695,-70.291
29336.799,-70.291
29336.902,-70.291
29337.010,-70.291
29337.106,-70.291
29337.209,-70.291
29337.310,-70.291
29337.425,-70.291
29337.518,-70.291
29337.619,-70.291
29337.722,-70.291
29337.822,-70.291
29337.925,-70.291
29338.027,-70.291
29338.135,-70.291
29338.231,-70.291
29338.334,-70.291
29338.457,-70.291
29338.501,-70.291
29338.641,-70.291
29338.707,-70.291
29338.868,-70.291
29338.915,-70.291
29339.050,-70.291
29339.092,-70.291
29339.192,-70.291
29339.349,-70.291
29339.402,-70.291
29339.486,-70.291
29339.589,-70.291
29339.692,-70.291
29339.869,-70.291
29339.898,-70.291
29339.996,-70.291
29340.092,-70.291
29340.177,-70.291
29340.295,-70.291
29340.383,-70.291
29340.486,-70.291
29340.591,-70.291
29340.707,-70.291
29340.805,-70.291
29340.903,-70.291
29341.001,-70.291
29341.099,-70.291
29341.202,-70.291
29341.302,-70.291
29341.407,-70.291
29341.515,-70.291
29341.611,-70.291
29341.714,-70.291
29341.815,-70.291
29341.918,-70.291
29342.021,-70.291
29342.133,-70.291
29342.228,-70.291
29342.327,-70.291
29342.440,-70.291
29342.532,-70.291
29342.636,-70.291
29342.739,-70.291
29342.839,-70.291
29342.942,-70.291
29342.969,-70.291
29343.148,-70.291
29343.175,-70.291
29343.273,-70.291
29343.376,-70.291
29343.479,-70.291
29343.604,-70.291
29343.689,-70.291
29343.787,-70.291
29343.890,-70.291
29343.967,-70.291
29344.069,-70.291
29344.194,-70.291
29344.282,-70.291
29344.381,-70.291
29344.479,-70.291
29344.574,-70.291
29344.677,-70.291
29344.785,-70.291
29344.888,-70.291
29344.984,-70.291
29345.116,-70.291
29345.195,-70.291
29345.297,-70.291
29345.400,-70.291
29345.508,-70.291
29345.606,-70.291
29345.709,-70.291
29345.810,-70.291
29345.918,-70.291
29346.018,-70.291
29346.121,-70.291
29346.219,-70.291
29346.320,-70.291
29346.424,-70.291
29346.543,-70.291
29346.560,-70.291
29396.731,-70.291
29396.761,-70.291
29396.954,-70.291
29396.961,-70.291
29397.062,-70.291
29397.163,-70.291
29397.278,-70.291
29397.373,-70.291
29397.471,-70.291
29397.576,-70.291
29397.675,-70.291
29397.778,-70.291
29397.861,-70.291
29397.961,-70.291
29398.055,-70.291
29398.163,-70.291
29398.268,-70.291
29398.380,-70.291
29398.474,-70.291
29398.574,-70.291
29398.680,-70.291
29398.792,-70.291
29398.893,-70.291
29398.989,-70.291
29399.086,-70.291
29399.189,-70.291
29399.290,-70.291
29399.395,-70.291
29399.496,-70.291
29399.598,-70.291
29399.709,-70.291
29399.905,-70.291
29399.910,-70.291
29400.010,-70.291
29400.135,-70.291
29400.217,-70.291
29400.256,-70.291
29400.631,-70.291
29400.635,-70.291
29400.636,-70.291
29400.660,-70.291
29400.758,-70.291
29400.952,-70.291
29400.967,-70.291
29401.065,-70.291
29401.158,-70.291
29401.265,-70.291
29401.364,-70.291
29401.447,-70.291
29401.545,-70.291
29401.648,-70.291
29401.755,-70.291
29401.851,-70.291
29401.954,-70.291
29402.055,-70.291
29402.168,-70.291
29402.263,-70.291
29402.364,-70.291
29402.467,-70.291
29402.570,-70.291
29402.670,-70.291
29402.790,-70.291
29402.876,-70.291
29402.978,-70.291
29403.079,-70.291
29403.201,-70.291
29403.285,-70.291
29403.353,-70.291
29403.489,-70.291
29403.594,-70.291
29403.694,-70.291
29403.800,-70.291
29403.900,-70.291
29403.940,-70.291
29404.104,-70.291
29404.216,-70.291
29404.310,-70.291
29404.339,-70.291
29404.515,-70.291
29404.540,-70.291
29404.650,-70.291
29404.748,-70.291
29404.846,-70.291
29404.945,-70.291
29405.038,-70.291
29405.138,-70.291
29405.241,-70.291
29405.363,-70.291
29405.435,-70.291
29405.538,-70.291
29405.640,-70.291
29405.743,-70.291
29405.846,-70.291
29405.956,-70.291
29406.050,-70.291
29406.153,-70.291
29406.255,-70.291
29406.366,-70.291
29406.466,-70.291
29406.572,-70.291
29406.674,-70.291
29456.771,-70.291
29456.876,-70.291
29456.973,-70.291
29457.074,-70.291
29457.199,-70.291
29457.285,-70.291
29457.383,-70.291
29457.483,-70.291
29457.587,-70.291
29457.690,-70.291
29457.797,-70.291
29457.893,-70.291
29457.935,-70.291
29458.091,-70.291
29458.199,-70.291
29458.228,-70.291
29458.329,-70.291
29458.430,-70.291
29458.532,-70.291
29458.633,-70.291
29458.744,-70.291
29458.839,-70.291
29458.942,-70.291
29459.037,-70.291
29459.123,-70.291
29459.224,-70.291
29459.326,-70.291
29459.449,-70.291
29459.540,-70.291
29459.643,-70.291
29459.736,-70.291
29459.841,-70.291
29459.940,-70.291
29460.043,-70.291
29460.146,-70.291
29460.251,-70.291
29460.349,-70.291
29460.461,-70.291
29460.559,-70.291
29460.658,-70.291
29460.761,-70.291
29460.876,-70.291
29460.966,-70.291
29461.065,-70.291
29461.170,-70.291
29461.290,-70.291
29461.315,-70.291
29461.479,-70.291
29461.579,-70.291
29461.702,-70.291
29461.729,-70.291
29461.888,-70.291
29461.917,-70.291
29462.045,-70.291
29462.116,-70.291
29462.228,-70.291
29462.361,-70.291
29462.423,-70.291
29462.525,-70.291
29462.628,-70.291
29462.712,-70.291
29462.832,-70.291
29462.912,-70.291
29463.013,-70.291
29463.123,-70.291
29463.226,-70.291
29463.324,-70.291
29463.423,-70.291
29463.525,-70.291
29463.628,-70.291
29463.724,-70.291
29463.832,-70.291
29463.935,-70.291
29464.030,-70.291
29464.135,-70.291
29464.251,-70.291
29464.346,-70.291
29464.447,-70.291
29464.550,-70.291
29464.668,-70.291
29464.768,-70.291
29464.863,-70.291
29464.962,-70.291
29465.062,-70.291
29465.163,-70.291
29465.285,-70.291
29465.366,-70.291
29465.471,-70.291
29465.572,-70.291
29465.695,-70.291
29465.778,-70.291
29465.805,-70.291
29465.988,-70.291
29466.020,-70.291
29466.111,-70.291
29466.290,-70.291
29466.320,-70.291
29466.415,-70.291
29466.516,-70.291
29466.601,-70.291
29516.731,-70.291
29516.812,-70.291
29516.903,-70.291
29517.006,-70.291
29517.125,-70.291
29517.212,-70.291
29517.314,-70.291
29517.418,-70.291
29517.535,-70.291
29517.628,-70.291
29517.724,-70.291
29517.859,-70.291
29517.922,-70.291
29518.032,-70.291
29518.133,-70.291
29518.236,-70.291
29518.337,-70.291
29518.440,-70.291
29518.550,-70.291
29518.646,-70.291
29518.748,-70.291
29518.851,-70.291
29518.959,-70.291
29519.055,-70.291
29519.158,-70.291
29519.258,-70.291
29519.371,-70.291
29519.402,-70.291
29519.500,-70.291
29519.599,-70.291
29519.695,-70.291
29519.795,-70.291
29519.898,-70.291
29520.001,-70.291
29520.101,-70.291
29520.204,-70.291
29520.307,-70.291
29520.429,-70.291
29520.489,-70.291
29520.589,-70.291
29520.694,-70.291
29520.798,-70.291
29520.905,-70.291
29521.000,-70.291
29521.104,-70.291
29521.209,-70.291
29521.307,-70.291
29521.408,-70.291
29521.533,-70.291
29521.623,-70.291
29521.719,-70.291
29521.820,-70.291
29521.944,-70.291
29522.025,-70.291
29522.126,-70.291
29522.226,-70.291
29522.337,-70.291
29522.434,-70.291
29522.537,-70.291
29522.638,-70.291
29522.685,-70.291
29522.844,-70.291
29522.947,-70.291
29523.049,-70.291
29523.153,-70.291
29523.253,-70.291
29523.371,-70.291
29523.386,-70.291
29523.484,-70.291
29523.584,-70.291
29523.687,-70.291
29523.782,-70.291
29523.880,-70.291
29524.000,-70.291
29524.106,-70.291
29524.179,-70.291
29524.280,-70.291
29524.381,-70.291
29524.481,-70.291
29524.586,-70.291
29524.687,-70.291
29524.891,-70.291
29524.893,-70.291
29524.994,-70.291
29525.097,-70.291
29525.209,-70.291
29525.302,-70.291
29525.403,-70.291
29525.478,-70.291
29525.619,-70.291
29525.721,-70.291
29525.783,-70.291
29525.915,-70.291
29526.018,-70.291
29526.121,-70.291
29526.223,-70.291
29526.324,-70.291
29526.429,-70.291
29526.530,-70.291
29526.633,-70.291
29526.679,-70.291
29576.839,-70.291
29576.940,-70.291
29577.045,-70.291
29577.084,-70.291
29577.180,-70.291
29577.275,-70.291
29577.373,-70.291
29577.481,-70.291
29577.579,-70.291
29577.690,-70.291
29577.780,-70.291
29577.893,-70.291
29577.988,-70.291
29578.089,-70.291
29578.168,-70.291
29578.270,-70.291
29578.373,-70.291
29578.474,-70.291
29578.584,-70.291
29578.682,-70.291
29578.783,-70.291
29578.885,-70.291
29578.988,-70.291
29579.089,-70.291
29579.190,-70.291
29579.302,-70.291
29579.400,-70.291
29579.500,-70.291
29579.618,-70.291
29579.704,-70.291
29579.800,-70.291
29579.910,-70.291
29580.003,-70.291
29580.114,-70.291
29580.222,-70.291
29580.319,-70.291
29580.420,-70.291
29580.527,-70.291
29580.628,-70.291
29580.728,-70.291
29580.829,-70.291
29580.861,-70.291
29581.035,-70.291
29581.064,-70.291
29581.165,-70.291
29581.344,-70.291
29581.369,-70.291
29581.479,-70.291
29581.574,-70.291
29581.679,-70.291
29581.775,-70.291
29581.866,-70.291
29581.959,-70.291
29582.065,-70.291
29582.160,-70.291
29582.265,-70.291
29582.366,-70.291
29582.473,-70.291
29582.572,-70.291
29582.674,-70.291
29582.778,-70.291
29582.886,-70.291
29582.981,-70.291
29583.084,-70.291
29583.187,-70.291
29583.292,-70.291
29583.390,-70.291
29583.494,-70.291
29583.596,-70.291
29583.704,-70.291
29583.804,-70.291
29583.903,-70.291
29584.027,-70.291
29584.116,-70.291
29584.214,-70.291
29584.312,-70.291
29584.413,-70.291
29584.520,-70.291
29584.548,-70.291
29584.680,-70.291
29584.761,-70.291
29584.848,-70.291
29585.030,-70.291
29585.064,-70.291
29585.155,-70.291
29585.258,-70.291
29585.359,-70.291
29585.462,-70.291
29585.565,-70.291
29585.652,-70.291
29585.748,-70.291
29585.866,-70.291
29585.954,-70.291
29586.052,-70.291
29586.148,-70.291
29586.278,-70.291
29586.359,-70.291
29586.464,-70.291
29586.567,-70.291
29586.670,-70.291
29876.768,-70.291
29876.871,-70.291
29876.974,-70.291
29877.081,-70.291
29877.180,-70.291
29877.282,-70.291
29877.390,-70.291
29877.489,-70.291
29877.589,-70.291
29877.726,-70.291
29877.799,-70.291
29877.896,-70.291
29878.000,-70.291
29878.114,-70.291
29878.140,-70.291
29878.310,-70.291
29878.339,-70.291
29878.439,-70.291
29878.538,-70.291
29878.638,-70.291
29878.746,-70.291
29878.842,-70.291
29878.945,-70.291
29879.126,-70.291
29879.228,-70.291
29879.236,-70.291
29879.356,-70.291
29879.454,-70.291
29879.540,-70.291
29879.638,-70.291
29879.741,-70.291
29879.842,-70.291
29879.952,-70.291
29880.048,-70.291
29880.152,-70.291
29880.378,-70.291
29880.381,-70.291
29880.457,-70.291
29880.557,-70.291
29880.660,-70.291
29880.763,-70.291
29880.866,-70.291
29880.967,-70.291
29881.079,-70.291
29881.152,-70.291
29881.275,-70.291
29881.378,-70.291
29881.462,-70.291
29881.584,-70.291
29881.684,-70.291
29881.790,-70.291
29881.896,-70.291
29882.001,-70.291
29882.025,-70.291
29882.136,-70.291
29882.224,-70.291
29882.403,-70.291
29882.430,-70.291
29882.523,-70.291
29882.633,-70.291
29882.736,-70.291
29882.847,-70.291
29882.942,-70.291
29883.043,-70.291
29883.131,-70.291
29883.222,-70.291
29883.334,-70.291
29883.432,-70.291
29883.528,-70.291
29883.630,-70.291
29883.736,-70.291
29883.836,-70.291
29883.952,-70.291
29884.040,-70.291
29884.143,-70.291
29884.246,-70.291
29884.361,-70.291
29884.427,-70.291
29884.552,-70.291
29884.685,-70.291
29884.761,-70.291
29884.859,-70.291
29884.962,-70.291
29885.065,-70.291
29885.167,-70.291
29885.268,-70.291
29885.366,-70.291
29885.472,-70.291
29885.579,-70.291
29885.677,-70.291
29885.788,-70.291
29885.883,-70.291
29885.986,-70.291
29886.013,-70.291
29886.199,-70.291
29886.231,-70.291
29886.327,-70.291
29886.424,-70.291
29886.523,-70.291
29886.613,-70.291
29936.805,-70.291
29936.834,-70.291
29936.932,-70.291
29937.011,-70.291
29937.113,-70.291
29937.217,-70.291
29937.326,-70.291
29937.425,-70.291
29937.523,-70.291
29937.625,-70.291
29937.731,-70.291
29937.829,-70.291
29937.932,-70.291
29938.038,-70.291
29938.136,-70.291
29938.258,-70.291
29938.359,-70.291
29938.444,-70.291
29938.545,-70.291
29938.648,-70.291
29938.773,-70.291
29938.853,-70.291
29938.957,-70.291
29939.057,-70.291
29939.165,-70.291
29939.263,-70.291
29939.364,-70.291
29939.467,-70.291
29939.508,-70.291
29939.604,-70.291
29939.775,-70.291
29939.802,-70.291
29939.905,-70.291
29940.011,-70.291
29940.116,-70.291
29940.223,-70.291
29940.322,-70.291
29940.423,-70.291
29940.518,-70.291
29940.611,-70.291
29940.707,-70.291
29940.807,-70.291
29940.932,-70.291
29941.013,-70.291
29941.111,-70.291
29941.233,-70.291
29941.310,-70.291
29941.418,-70.291
29941.516,-70.291
29941.618,-70.291
29941.721,-70.291
29941.822,-70.291
29941.927,-70.291
29942.035,-70.291
29942.131,-70.291
29942.233,-70.291
29942.359,-70.291
29942.445,-70.291
29942.548,-70.291
29942.646,-70.291
29942.770,-70.291
29942.856,-70.291
29942.954,-70.291
29943.052,-70.291
29943.155,-70.291
29943.258,-70.291
29943.358,-70.291
29943.427,-70.291
29943.506,-70.291
29943.665,-70.291
29943.694,-70.291
29943.792,-70.291
29943.973,-70.291
29944.001,-70.291
29944.099,-70.291
29944.202,-70.291
29944.307,-70.291
29944.405,-70.291
29944.488,-70.291
29944.606,-70.291
29944.689,-70.291
29944.793,-70.291
29944.893,-70.291
29945.018,-70.291
29945.099,-70.291
29945.202,-70.291
29945.305,-70.291
29945.410,-70.291
29945.520,-70.291
29945.618,-70.291
29945.714,-70.291
29945.822,-70.291
29945.920,-70.291
29946.021,-70.291
29946.123,-70.291
29946.226,-70.291
29946.327,-70.291
29946.447,-70.291
29946.533,-70.291
29946.636,-70.291
29996.739,-70.291
29996.859,-70.291
29996.942,-70.291
29997.045,-70.291
29997.148,-70.291
29997.260,-70.291
29997.285,-70.291
29997.381,-70.291
29997.560,-70.291
29997.592,-70.291
29997.761,-70.291
29997.790,-70.291
29997.967,-70.291
29997.994,-70.291
29998.094,-70.291
29998.197,-70.291
29998.283,-70.291
29998.376,-70.291
29998.479,-70.291
29998.581,-70.291
29998.690,-70.291
29998.787,-70.291
29998.888,-70.291
29999.018,-70.291
29999.092,-70.291
29999.197,-70.291
29999.299,-70.291
29999.400,-70.291
29999.505,-70.291
29999.604,-70.291
29999.707,-70.291
29999.820,-70.291
29999.920,-70.291
30000.021,-70.291
30000.126,-70.291
30000.221,-70.291
30000.324,-70.291
30000.424,-70.291
30000.532,-70.291
30000.628,-70.291
30000.731,-70.291
30000.856,-70.291
30000.871,-70.291
30001.038,-70.291
30001.070,-70.291
30001.243,-70.291
30001.268,-70.291
30001.369,-70.291
30001.472,-70.291
30001.589,-70.291
30001.680,-70.291
30001.780,-70.291
30001.880,-70.291
30001.984,-70.291
30002.087,-70.291
30002.187,-70.291
30002.266,-70.291
30002.371,-70.291
30002.473,-70.291
30002.574,-70.291
30002.695,-70.291
30002.778,-70.291
30002.905,-70.291
30002.984,-70.291
30003.104,-70.291
30003.201,-70.291
30003.278,-70.291
30003.393,-70.291
30003.496,-70.291
30003.603,-70.291
30003.699,-70.291
30003.805,-70.291
30003.905,-70.291
30004.010,-70.291
30004.113,-70.291
30004.239,-70.291
30004.317,-70.291
30004.420,-70.291
30004.530,-70.291
30004.623,-70.291
30004.726,-70.291
30004.827,-70.291
30004.945,-70.291
30004.974,-70.291
30005.059,-70.291
30005.158,-70.291
30005.265,-70.291
30005.376,-70.291
30005.479,-70.291
30005.574,-70.291
30005.670,-70.291
30005.773,-70.291
30005.876,-70.291
30005.957,-70.291
30006.057,-70.291
30006.158,-70.291
30006.261,-70.291
30006.369,-70.291
30006.503,-70.291
30006.576,-70.291
30006.673,-70.291
30056.780,-70.291
30056.878,-70.291
30056.978,-70.291
30057.103,-70.291
30057.184,-70.291
30057.251,-70.291
30057.388,-70.291
30057.489,-70.291
30057.616,-70.291
30057.695,-70.291
30057.802,-70.291
30057.876,-70.291
30058.003,-70.291
30058.114,-70.291
30058.177,-70.291
30058.310,-70.291
30058.413,-70.291
30058.521,-70.291
30058.548,-70.291
30058.719,-70.291
30058.820,-70.291
30058.849,-70.291
30058.962,-70.291
30059.050,-70.291
30059.146,-70.291
30059.266,-70.291
30059.353,-70.291
30059.461,-70.291
30059.547,-70.291
30059.675,-70.291
30059.744,-70.291
30059.853,-70.291
30059.951,-70.291
30060.074,-70.291
30060.153,-70.291
30060.255,-70.291
30060.361,-70.291
30060.461,-70.291
30060.562,-70.291
30060.665,-70.291
30060.778,-70.291
30060.869,-70.291
30060.972,-70.291
30061.074,-70.291
30061.190,-70.291
30061.287,-70.291
30061.386,-70.291
30061.484,-70.291
30061.592,-70.291
30061.687,-70.291
30061.792,-70.291
30061.893,-70.291
30061.996,-70.291
30062.098,-70.291
30062.201,-70.291
30062.302,-70.291
30062.405,-70.291
30062.508,-70.291
30062.616,-70.291
30062.636,-70.291
30062.736,-70.291
30062.839,-70.291
30062.945,-70.291
30063.052,-70.291
30063.146,-70.291
30063.277,-70.291
30063.332,-70.291
30063.454,-70.291
30063.554,-70.291
30063.633,-70.291
30063.736,-70.291
30063.839,-70.291
30063.940,-70.291
30064.045,-70.291
30064.153,-70.291
30064.248,-70.291
30064.351,-70.291
30064.452,-70.291
30064.565,-70.291
30064.665,-70.291
30064.761,-70.291
30064.866,-70.291
30064.964,-70.291
30065.067,-70.291
30065.190,-70.291
30065.273,-70.291
30065.373,-70.291
30065.481,-70.291
30065.599,-70.291
30065.682,-70.291
30065.788,-70.291
30065.886,-70.291
30065.993,-70.291
30066.099,-70.291
30066.130,-70.291
30066.226,-70.291
30066.423,-70.291
30066.425,-70.291
30066.525,-70.291
30066.626,-70.291
30116.731,-70.291
30116.834,-70.291
30116.935,-70.291
30117.027,-70.291
30117.141,-70.291
30117.241,-70.291
30117.439,-70.291
30117.440,-70.291
30117.537,-70.291
30117.635,-70.291
30117.731,-70.291
30117.832,-70.291
30117.934,-70.291
30118.040,-70.291
30118.141,-70.291
30118.243,-70.291
30118.344,-70.291
30118.449,-70.291
30118.552,-70.291
30118.619,-70.291
30118.723,-70.291
30118.864,-70.291
30118.925,-70.291
30119.067,-70.291
30119.138,-70.291
30119.275,-70.291
30119.369,-70.291
30119.472,-70.291
30119.599,-70.291
30119.675,-70.291
30119.719,-70.291
30119.814,-70.291
30119.917,-70.291
30120.086,-70.291
30120.116,-70.291
30120.212,-70.291
30120.332,-70.291
30120.420,-70.291
30120.520,-70.291
30120.709,-70.291
30120.717,-70.291
30120.812,-70.291
30120.940,-70.291
30121.011,-70.291
30121.138,-70.291
30121.212,-70.291
30121.314,-70.291
30121.435,-70.291
30121.521,-70.291
30121.621,-70.291
30121.724,-70.291
30121.847,-70.291
30121.930,-70.291
30122.030,-70.291
30122.133,-70.291
30122.241,-70.291
30122.339,-70.291
30122.449,-70.291
30122.542,-70.291
30122.655,-70.291
30122.758,-70.291
30122.853,-70.291
30122.952,-70.291
30123.055,-70.291
30123.160,-70.291
30123.275,-70.291
30123.364,-70.291
30123.464,-70.291
30123.567,-70.291
30123.687,-70.291
30123.716,-70.291
30123.896,-70.291
30123.952,-70.291
30124.008,-70.291
30124.103,-70.291
30124.204,-70.291
30124.307,-70.291
30124.410,-70.291
30124.513,-70.291
30124.616,-70.291
30124.716,-70.291
30124.819,-70.291
30124.898,-70.291
30124.998,-70.291
30125.111,-70.291
30125.204,-70.291
30125.307,-70.291
30125.408,-70.291
30125.521,-70.291
30125.616,-70.291
30125.723,-70.291
30125.819,-70.291
30125.922,-70.291
30126.033,-70.291
30126.131,-70.291
30126.229,-70.291
30126.331,-70.291
30126.434,-70.291
30126.537,-70.291
30126.648,-70.291
30176.746,-70.291
30176.844,-70.291
30176.949,-70.291
30177.059,-70.291
30177.175,-70.291
30177.253,-70.291
30177.359,-70.291
30177.457,-70.291
30177.560,-70.291
30177.682,-70.291
30177.697,-70.291
30177.793,-70.291
30177.900,-70.291
30177.996,-70.291
30178.094,-70.291
30178.199,-70.291
30178.381,-70.291
30178.420,-70.291
30178.508,-70.291
30178.687,-70.291
30178.690,-70.291
30178.790,-70.291
30178.902,-70.291
30178.998,-70.291
30179.121,-70.291
30179.199,-70.291
30179.300,-70.291
30179.403,-70.291
30179.521,-70.291
30179.613,-70.291
30179.719,-70.291
30179.814,-70.291
30179.929,-70.291
30180.025,-70.291
30180.125,-70.291
30180.222,-70.291
30180.324,-70.291
30180.427,-70.291
30180.530,-70.291
30180.633,-70.291
30180.736,-70.291
30180.832,-70.291
30180.940,-70.291
30181.040,-70.291
30181.143,-70.291
30181.241,-70.291
30181.359,-70.291
30181.442,-70.291
30181.554,-70.291
30181.658,-70.291
30181.685,-70.291
30181.793,-70.291
30181.900,-70.291
30181.996,-70.291
30182.092,-70.291
30182.177,-70.291
30182.278,-70.291
30182.376,-70.291
30182.474,-70.291
30182.579,-70.291
30182.680,-70.291
30182.783,-70.291
30182.898,-70.291
30182.994,-70.291
30183.089,-70.291
30183.197,-70.291
30183.295,-70.291
30183.400,-70.291
30183.501,-70.291
30183.608,-70.291
30183.706,-70.291
30183.807,-70.291
30183.871,-70.291
30183.979,-70.291
30184.116,-70.291
30184.179,-70.291
30184.319,-70.291
30184.388,-70.291
30184.523,-70.291
30184.626,-70.291
30184.736,-70.291
30184.831,-70.291
30184.934,-70.291
30185.045,-70.291
30185.074,-70.291
30185.170,-70.291
30185.348,-70.291
30185.371,-70.291
30185.469,-70.291
30185.570,-70.291
30185.675,-70.291
30185.768,-70.291
30185.962,-70.291
30185.966,-70.291
30186.065,-70.291
30186.180,-70.291
30186.277,-70.291
30186.375,-70.291
30186.472,-70.291
30186.572,-70.291
30186.673,-70.291
30476.783,-70.291
30476.888,-70.291
30476.986,-70.291
30477.087,-70.291
30477.187,-70.291
30477.288,-70.291
30477.391,-70.291
30477.494,-70.291
30477.606,-70.291
30477.697,-70.291
30477.809,-70.291
30477.905,-70.291
30478.020,-70.291
30478.082,-70.291
30478.211,-70.291
30478.312,-70.291
30478.415,-70.291
30478.513,-70.291
30478.621,-70.291
30478.726,-70.291
30478.824,-70.291
30478.925,-70.291
30479.028,-70.291
30479.131,-70.291
30479.162,-70.291
30479.261,-70.291
30479.359,-70.291
30479.467,-70.291
30479.572,-70.291
30479.670,-70.291
30479.773,-70.291
30479.854,-70.291
30479.976,-70.291
30480.052,-70.291
30480.179,-70.291
30480.258,-70.291
30480.359,-70.291
30480.471,-70.291
30480.565,-70.291
30480.668,-70.291
30480.770,-70.291
30480.873,-70.291
30480.981,-70.291
30481.077,-70.291
30481.180,-70.291
30481.290,-70.291
30481.386,-70.291
30481.488,-70.291
30481.608,-70.291
30481.716,-70.291
30481.795,-70.291
30481.896,-70.291
30481.959,-70.291
30482.067,-70.291
30482.204,-70.291
30482.270,-70.291
30482.430,-70.291
30482.511,-70.291
30482.614,-70.291
30482.684,-70.291
30482.751,-70.291
30482.844,-70.291
30482.945,-70.291
30483.045,-70.291
30483.148,-70.291
30483.251,-70.291
30483.349,-70.291
30483.456,-70.291
30483.557,-70.291
30483.643,-70.291
30483.741,-70.291
30483.854,-70.291
30483.945,-70.291
30484.049,-70.291
30484.148,-70.291
30484.265,-70.291
30484.361,-70.291
30484.459,-70.291
30484.559,-70.291
30484.662,-70.291
30484.765,-70.291
30484.866,-70.291
30484.954,-70.291
30485.072,-70.291
30485.174,-70.291
30485.275,-70.291
30485.378,-70.291
30485.479,-70.291
30485.584,-70.291
30485.652,-70.291
30485.788,-70.291
30485.890,-70.291
30485.994,-70.291
30486.077,-70.291
30486.199,-70.291
30486.299,-70.291
30486.402,-70.291
30486.503,-70.291
30486.608,-70.291
30486.633,-70.291
30536.733,-70.291
30536.834,-70.291
30536.937,-70.291
30537.040,-70.291
30537.162,-70.291
30537.251,-70.291
30537.349,-70.291
30537.449,-70.291
30537.530,-70.291
30537.638,-70.291
30537.736,-70.291
30537.836,-70.291
30537.940,-70.291
30538.040,-70.291
30538.143,-70.291
30538.265,-70.291
30538.349,-70.291
30538.449,-70.291
30538.552,-70.291
30538.675,-70.291
30538.760,-70.291
30538.861,-70.291
30538.962,-70.291
30539.065,-70.291
30539.168,-70.291
30539.270,-70.291
30539.373,-70.291
30539.481,-70.291
30539.577,-70.291
30539.680,-70.291
30539.780,-70.291
30539.883,-70.291
30539.949,-70.291
30540.101,-70.291
30540.192,-70.291
30540.293,-70.291
30540.322,-70.291
30540.422,-70.291
30540.533,-70.291
30540.628,-70.291
30540.726,-70.291
30540.834,-70.291
30540.935,-70.291
30541.035,-70.291
30541.138,-70.291
30541.239,-70.291
30541.320,-70.291
30541.418,-70.291
30541.523,-70.291
30541.623,-70.291
30541.728,-70.291
30541.829,-70.291
30541.939,-70.291
30542.035,-70.291
30542.136,-70.291
30542.239,-70.291
30542.349,-70.291
30542.447,-70.291
30542.545,-70.291
30542.648,-70.291
30542.751,-70.291
30542.854,-70.291
30542.959,-70.291
30543.059,-70.291
30543.160,-70.291
30543.263,-70.291
30543.366,-70.291
30543.478,-70.291
30543.576,-70.291
30543.673,-70.291
30543.777,-70.291
30543.815,-70.291
30543.910,-70.291
30544.082,-70.291
30544.111,-70.291
30544.212,-70.291
30544.310,-70.291
30544.510,-70.291
30544.528,-70.291
30544.623,-70.291
30544.721,-70.291
30544.824,-70.291
30544.923,-70.291
30545.028,-70.291
30545.106,-70.291
30545.246,-70.291
30545.312,-70.291
30545.413,-70.291
30545.516,-70.291
30545.618,-70.291
30545.728,-70.291
30545.822,-70.291
30545.929,-70.291
30546.027,-70.291
30546.131,-70.291
30546.233,-70.291
30546.351,-70.291
30546.440,-70.291
30546.540,-70.291
30546.643,-70.291
30596.761,-70.291
30596.861,-70.291
30596.957,-70.291
30597.052,-70.291
30597.153,-70.291
30597.258,-70.291
30597.359,-70.291
30597.462,-70.291
30597.564,-70.291
30597.668,-70.291
30597.777,-70.291
30597.871,-70.291
30597.896,-70.291
30597.996,-70.291
30598.099,-70.291
30598.209,-70.291
30598.307,-70.291
30598.407,-70.291
30598.511,-70.291
30598.598,-70.291
30598.695,-70.291
30598.815,-70.291
30598.893,-70.291
30599.003,-70.291
30599.099,-70.291
30599.202,-70.291
30599.305,-70.291
30599.408,-70.291
30599.511,-70.291
30599.611,-70.291
30599.724,-70.291
30599.820,-70.291
30599.918,-70.291
30600.025,-70.291
30600.131,-70.291
30600.229,-70.291
30600.329,-70.291
30600.435,-70.291
30600.533,-70.291
30600.636,-70.291
30600.758,-70.291
30600.844,-70.291
30600.942,-70.291
30601.064,-70.291
30601.089,-70.291
30601.250,-70.291
30601.353,-70.291
30601.456,-70.291
30601.494,-70.291
30601.589,-70.291
30601.684,-70.291
30601.787,-70.291
30601.966,-70.291
30601.996,-70.291
30602.092,-70.291
30602.204,-70.291
30602.298,-70.291
30602.400,-70.291
30602.503,-70.291
30602.598,-70.291
30602.685,-70.291
30602.787,-70.291
30602.898,-70.291
30603.008,-70.291
30603.104,-70.291
30603.204,-70.291
30603.298,-70.291
30603.400,-70.291
30603.503,-70.291
30603.606,-70.291
30603.707,-70.291
30603.778,-70.291
30603.913,-70.291
30604.025,-70.291
30604.126,-70.291
30604.221,-70.291
30604.322,-70.291
30604.434,-70.291
30604.528,-70.291
30604.628,-70.291
30604.739,-70.291
30604.848,-70.291
30604.942,-70.291
30605.038,-70.291
30605.140,-70.291
30605.243,-70.291
30605.347,-70.291
30605.375,-70.291
30605.550,-70.291
30605.579,-70.291
30605.677,-70.291
30605.780,-70.291
30605.973,-70.291
30605.976,-70.291
30606.077,-70.291
30606.175,-70.291
30606.271,-70.291
30606.381,-70.291
30606.476,-70.291
30606.577,-70.291
30606.684,-70.291
30656.805,-70.291
30656.883,-70.291
30657.006,-70.291
30657.092,-70.291
30657.189,-70.291
30657.290,-70.291
30657.395,-70.291
30657.521,-70.291
30657.623,-70.291
30657.706,-70.291
30657.810,-70.291
30657.907,-70.291
30658.013,-70.291
30658.113,-70.291
30658.216,-70.291
30658.315,-70.291
30658.413,-70.291
30658.521,-70.291
30658.623,-70.291
30658.726,-70.291
30658.844,-70.291
30658.956,-70.291
30659.033,-70.291
30659.064,-70.291
30659.168,-70.291
30659.278,-70.291
30659.376,-70.291
30659.473,-70.291
30659.577,-70.291
30659.675,-70.291
30659.773,-70.291
30659.861,-70.291
30659.978,-70.291
30660.082,-70.291
30660.158,-70.291
30660.261,-70.291
30660.388,-70.291
30660.467,-70.291
30660.569,-70.291
30660.707,-70.291
30660.777,-70.291
30660.875,-70.291
30660.979,-70.291
30661.097,-70.291
30661.194,-70.291
30661.293,-70.291
30661.388,-70.291
30661.491,-70.291
30661.594,-70.291
30661.695,-70.291
30661.805,-70.291
30661.873,-70.291
30662.011,-70.291
30662.207,-70.291
30662.211,-70.291
30662.310,-70.291
30662.353,-70.291
30662.454,-70.291
30662.618,-70.291
30662.719,-70.291
30662.822,-70.291
30662.932,-70.291
30662.959,-70.291
30663.128,-70.291
30663.160,-70.291
30663.253,-70.291
30663.366,-70.291
30663.469,-70.291
30663.641,-70.291
30663.670,-70.291
30663.768,-70.291
30663.869,-70.291
30663.951,-70.291
30664.059,-70.291
30664.162,-70.291
30664.256,-70.291
30664.364,-70.291
30664.462,-70.291
30664.562,-70.291
30664.687,-70.291
30664.768,-70.291
30664.898,-70.291
30664.972,-70.291
30665.092,-70.291
30665.202,-70.291
30665.278,-70.291
30665.347,-70.291
30665.503,-70.291
30665.549,-70.291
30665.657,-70.291
30665.790,-70.291
30665.866,-70.291
30665.996,-70.291
30666.121,-70.291
30666.201,-70.291
30666.305,-70.291
30666.415,-70.291
30666.442,-70.291
30666.611,-70.291
30716.719,-70.291
30716.750,-70.291
30716.847,-70.291
30716.952,-70.291
30717.052,-70.291
30717.314,-70.291
30717.315,-70.291
30717.429,-70.291
30717.457,-70.291
30717.555,-70.291
30717.738,-70.291
30717.739,-70.291
30717.848,-70.291
30717.945,-70.291
30718.043,-70.291
30718.146,-70.291
30718.248,-70.291
30718.351,-70.291
30718.454,-70.291
30718.565,-70.291
30718.663,-70.291
30718.768,-70.291
30718.864,-70.291
30718.964,-70.291
30719.067,-70.291
30719.177,-70.291
30719.280,-70.291
30719.380,-70.291
30719.501,-70.291
30719.579,-70.291
30719.706,-70.291
30719.787,-70.291
30719.886,-70.291
30719.991,-70.291
30720.049,-70.291
30720.194,-70.291
30720.236,-70.291
30720.359,-70.291
30720.501,-70.291
30720.530,-70.291
30720.707,-70.291
30720.741,-70.291
30720.832,-70.291
30720.935,-70.291
30721.040,-70.291
30721.140,-70.291
30721.236,-70.291
30721.339,-70.291
30721.424,-70.291
30721.527,-70.291
30721.628,-70.291
30721.751,-70.291
30721.844,-70.291
30721.945,-70.291
30722.040,-70.291
30722.143,-70.291
30722.241,-70.291
30722.344,-70.291
30722.447,-70.291
30722.557,-70.291
30722.662,-70.291
30722.761,-70.291
30722.858,-70.291
30722.959,-70.291
30723.062,-70.291
30723.179,-70.291
30723.275,-70.291
30723.393,-70.291
30723.471,-70.291
30723.616,-70.291
30723.618,-70.291
30723.802,-70.291
30723.912,-70.291
30723.988,-70.291
30724.094,-70.291
30724.123,-70.291
30724.219,-70.291
30724.393,-70.291
30724.423,-70.291
30724.518,-70.291
30724.709,-70.291
30724.736,-70.291
30724.834,-70.291
30724.932,-70.291
30725.016,-70.291
30725.135,-70.291
30725.236,-70.291
30725.341,-70.291
30725.425,-70.291
30725.525,-70.291
30725.621,-70.291
30725.723,-70.291
30725.826,-70.291
30725.952,-70.291
30726.030,-70.291
30726.157,-70.291
30726.224,-70.291
30726.342,-70.291
30726.440,-70.291
30726.552,-70.291
30726.648,-70.291
30776.748,-70.291
30776.851,-70.291
30776.962,-70.291
30777.059,-70.291
30777.163,-70.291
30777.263,-70.291
30777.363,-70.291
30777.464,-70.291
30777.609,-70.291
30777.611,-70.291
30777.771,-70.291
30777.875,-70.291
30777.905,-70.291
30778.023,-70.291
30778.106,-70.291
30778.207,-70.291
30778.322,-70.291
30778.413,-70.291
30778.521,-70.291
30778.619,-70.291
30778.717,-70.291
30778.820,-70.291
30778.923,-70.291
30779.003,-70.291
30779.128,-70.291
30779.216,-70.291
30779.336,-70.291
30779.424,-70.291
30779.513,-70.291
30779.640,-70.291
30779.724,-70.291
30779.837,-70.291
30779.932,-70.291
30780.032,-70.291
30780.128,-70.291
30780.231,-70.291
30780.332,-70.291
30780.435,-70.291
30780.537,-70.291
30780.665,-70.291
30780.702,-70.291
30780.807,-70.291
30780.915,-70.291
30781.072,-70.291
30781.152,-70.291
30781.263,-70.291
30781.358,-70.291
30781.459,-70.291
30781.562,-70.291
30781.697,-70.291
30781.699,-70.291
30781.792,-70.291
30781.996,-70.291
30782.011,-70.291
30782.114,-70.291
30782.207,-70.291
30782.307,-70.291
30782.403,-70.291
30782.506,-70.291
30782.609,-70.291
30782.733,-70.291
30782.800,-70.291
30782.896,-70.291
30782.994,-70.291
30783.099,-70.291
30783.209,-70.291
30783.307,-70.291
30783.403,-70.291
30783.535,-70.291
30783.608,-70.291
30783.711,-70.291
30783.856,-70.291
30783.915,-70.291
30784.018,-70.291
30784.123,-70.291
30784.246,-70.291
30784.326,-70.291
30784.452,-70.291
30784.530,-70.291
30784.636,-70.291
30784.736,-70.291
30784.837,-70.291
30784.940,-70.291
30785.045,-70.291
30785.168,-70.291
30785.271,-70.291
30785.349,-70.291
30785.445,-70.291
30785.549,-70.291
30785.672,-70.291
30785.689,-70.291
30785.788,-70.291
30785.886,-70.291
30785.989,-70.291
30786.082,-70.291
30786.202,-70.291
30786.278,-70.291
30786.407,-70.291
30786.479,-70.291
30786.601,-70.291
30786.682,-70.291
28676.785,-70.291
28676.886,-70.291
28676.991,-70.291
28677.091,-70.291
28677.192,-70.291
28677.295,-70.291
28677.403,-70.291
28677.511,-70.291
28677.603,-70.291
28677.712,-70.291
28677.832,-70.291
28677.920,-70.291
28677.976,-70.291
28678.079,-70.291
28678.216,-70.291
28678.290,-70.291
28678.422,-70.291
28678.523,-70.291
28678.650,-70.291
28678.729,-70.291
28678.829,-70.291
28678.979,-70.291
28679.016,-70.291
28679.138,-70.291
28679.241,-70.291
28679.347,-70.291
28679.437,-70.291
28679.469,-70.291
28679.572,-70.291
28679.674,-70.291
28679.783,-70.291
28679.883,-70.291
28679.986,-70.291
28680.082,-70.291
28680.172,-70.291
28680.268,-70.291
28680.366,-70.291
28680.471,-70.291
28680.572,-70.291
28680.685,-70.291
28680.817,-70.291
28680.881,-70.291
28680.981,-70.291
28681.084,-70.291
28681.187,-70.291
28681.293,-70.291
28681.400,-70.291
28681.498,-70.291
28681.596,-70.291
28681.722,-70.291
28681.800,-70.291
28681.920,-70.291
28682.008,-70.291
28682.108,-70.291
28682.168,-70.291
28682.332,-70.291
28682.415,-70.291
28682.478,-70.291
28682.582,-70.291
28682.685,-70.291
28682.832,-70.291
28682.861,-70.291
28682.991,-70.291
28683.101,-70.291
28683.201,-70.291
28683.258,-70.291
28683.361,-70.291
28683.469,-70.291
28683.567,-70.291
28683.668,-70.291
28683.758,-70.291
28683.871,-70.291
28683.976,-70.291
28684.077,-70.291
28684.170,-70.291
28684.266,-70.291
28684.361,-70.291
28684.464,-70.291
28684.565,-70.291
28684.694,-70.291
28684.793,-70.291
28684.873,-70.291
28684.981,-70.291
28685.086,-70.291
28685.180,-70.291
28685.283,-70.291
28685.385,-70.291
28685.486,-70.291
28685.594,-70.291
28685.695,-70.291
28685.795,-70.291
28685.922,-70.291
28686.006,-70.291
28686.103,-70.291
28686.229,-70.291
28686.331,-70.291
28686.349,-70.291
28686.540,-70.291
28686.614,-70.291
28736.739,-70.291
28736.842,-70.291
28736.922,-70.291
28736.949,-70.291
28737.064,-70.291
28737.153,-70.291
28737.253,-70.291
28737.354,-70.291
28737.457,-70.291
28737.557,-70.291
28737.646,-70.291
28737.746,-70.291
28737.866,-70.291
28737.945,-70.291
28738.048,-70.291
28738.168,-70.291
28738.244,-70.291
28738.353,-70.291
28738.484,-70.291
28738.581,-70.291
28738.662,-70.291
28738.763,-70.291
28738.866,-70.291
28738.972,-70.291
28739.070,-70.291
28739.175,-70.291
28739.268,-70.291
28739.380,-70.291
28739.481,-70.291
28739.584,-70.291
28739.685,-70.291
28739.788,-70.291
28739.891,-70.291
28740.003,-70.291
28740.052,-70.291
28740.202,-70.291
28740.300,-70.291
28740.417,-70.291
28740.445,-70.291
28740.562,-70.291
28740.702,-70.291
28740.739,-70.291
28740.839,-70.291
28740.976,-70.291
28741.045,-70.291
28741.153,-70.291
28741.236,-70.291
28741.356,-70.291
28741.445,-70.291
28741.554,-70.291
28741.648,-70.291
28741.734,-70.291
28741.842,-70.291
28741.930,-70.291
28742.042,-70.291
28742.146,-70.291
28742.253,-70.291
28742.349,-70.291
28742.451,-70.291
28742.552,-70.291
28742.655,-70.291
28742.751,-70.291
28742.869,-70.291
28742.964,-70.291
28743.065,-70.291
28743.187,-70.291
28743.261,-70.291
28743.381,-70.291
28743.479,-70.291
28743.577,-70.291
28743.682,-70.291
28743.793,-70.291
28743.891,-70.291
28743.986,-70.291
28744.092,-70.291
28744.192,-70.291
28744.293,-70.291
28744.415,-70.291
28744.432,-70.291
28744.528,-70.291
28744.630,-70.291
28744.728,-70.291
28744.826,-70.291
28744.934,-70.291
28745.035,-70.291
28745.150,-70.291
28745.241,-70.291
28745.324,-70.291
28745.420,-70.291
28745.540,-70.291
28745.633,-70.291
28745.734,-70.291
28745.834,-70.291
28745.932,-70.291
28746.023,-70.291
28746.131,-70.291
28746.251,-70.291
28746.341,-70.291
28746.452,-70.291
28746.548,-70.291
28746.665,-70.291
28796.739,-70.291
28796.854,-70.291
28796.956,-70.291
28797.084,-70.291
28797.163,-70.291
28797.263,-70.291
28797.366,-70.291
28797.469,-70.291
28797.572,-70.291
28797.674,-70.291
28797.775,-70.291
28797.883,-70.291
28798.003,-70.291
28798.089,-70.291
28798.209,-70.291
28798.212,-70.291
28798.314,-70.291
28798.413,-70.291
28798.525,-70.291
28798.623,-70.291
28798.722,-70.291
28798.824,-70.291
28798.925,-70.291
28799.030,-70.291
28799.130,-70.291
28799.231,-70.291
28799.320,-70.291
28799.442,-70.291
28799.516,-70.291
28799.628,-70.291
28799.748,-70.291
28799.846,-70.291
28799.930,-70.291
28800.028,-70.291
28800.153,-70.291
28800.233,-70.291
28800.341,-70.291
28800.445,-70.291
28800.545,-70.291
28800.662,-70.291
28800.775,-70.291
28800.814,-70.291
28800.949,-70.291
28801.074,-70.291
28801.155,-70.291
28801.256,-70.291
28801.351,-70.291
28801.467,-70.291
28801.565,-70.291
28801.667,-70.291
28801.768,-70.291
28801.807,-70.291
28801.905,-70.291
28802.001,-70.291
28802.101,-70.291
28802.201,-70.291
28802.304,-70.291
28802.405,-70.291
28802.500,-70.291
28802.613,-70.291
28802.711,-70.291
28802.810,-70.291
28802.912,-70.291
28803.010,-70.291
28803.106,-70.291
28803.202,-70.291
28803.305,-70.291
28803.407,-70.291
28803.511,-70.291
28803.613,-70.291
28803.726,-70.291
28803.824,-70.291
28803.922,-70.291
28804.021,-70.291
28804.125,-70.291
28804.226,-70.291
28804.337,-70.291
28804.437,-70.291
28804.559,-70.291
28804.636,-70.291
28804.748,-70.291
28804.846,-70.291
28804.942,-70.291
28805.072,-70.291
28805.158,-70.291
28805.253,-70.291
28805.376,-70.291
28805.456,-70.291
28805.564,-70.291
28805.592,-70.291
28805.771,-70.291
28805.807,-70.291
28805.891,-70.291
28805.989,-70.291
28806.109,-70.291
28806.199,-70.291
28806.300,-70.291
28806.400,-70.291
28806.505,-70.291
28806.613,-70.291
28806.707,-70.291
28856.810,-70.291
28856.910,-70.291
28856.998,-70.291
28857.119,-70.291
28857.221,-70.291
28857.322,-70.291
28857.403,-70.291
28857.530,-70.291
28857.606,-70.291
28857.714,-70.291
28857.810,-70.291
28857.937,-70.291
28858.025,-70.291
28858.126,-70.291
28858.231,-70.291
28858.327,-70.291
28858.425,-70.291
28858.528,-70.291
28858.631,-70.291
28858.748,-70.291
28858.834,-70.291
28858.935,-70.291
28859.038,-70.291
28859.160,-70.291
28859.185,-70.291
28859.298,-70.291
28859.403,-70.291
28859.484,-70.291
28859.680,-70.291
28859.682,-70.291
28859.780,-70.291
28859.883,-70.291
28859.984,-70.291
28860.087,-70.291
28860.268,-70.291
28860.295,-70.291
28860.393,-70.291
28860.498,-70.291
28860.584,-70.291
28860.684,-70.291
28860.788,-70.291
28860.890,-70.291
28860.996,-70.291
28861.092,-70.291
28861.189,-70.291
28861.292,-70.291
28861.418,-70.291
28861.496,-70.291
28861.599,-70.291
28861.702,-70.291
28861.805,-70.291
28861.907,-70.291
28862.010,-70.291
28862.123,-70.291
28862.221,-70.291
28862.341,-70.291
28862.424,-70.291
28862.521,-70.291
28862.623,-70.291
28862.751,-70.291
28862.834,-70.291
28862.932,-70.291
28862.989,-70.291
28863.158,-70.291
28863.175,-70.291
28863.307,-70.291
28863.445,-70.291
28863.473,-70.291
28863.570,-70.291
28863.680,-70.291
28863.778,-70.291
28863.893,-70.291
28863.976,-70.291
28864.074,-70.291
28864.184,-70.291
28864.285,-70.291
28864.373,-70.291
28864.494,-70.291
28864.572,-70.291
28864.674,-70.291
28864.775,-70.291
28864.900,-70.291
28864.996,-70.291
28865.084,-70.291
28865.192,-70.291
28865.314,-70.291
28865.408,-70.291
28865.501,-70.291
28865.599,-70.291
28865.695,-70.291
28865.804,-70.291
28865.903,-70.291
28866.030,-70.291
28866.104,-70.291
28866.209,-70.291
28866.309,-70.291
28866.410,-70.291
28866.538,-70.291
28866.643,-70.291
28916.719,-70.291
28916.834,-70.291
28916.947,-70.291
28917.050,-70.291
28917.126,-70.291
28917.244,-70.291
28917.268,-70.291
28917.364,-70.291
28917.461,-70.291
28917.567,-70.291
28917.675,-70.291
28917.773,-70.291
28917.876,-70.291
28917.972,-70.291
28918.057,-70.291
28918.177,-70.291
28918.256,-70.291
28918.363,-70.291
28918.459,-70.291
28918.562,-70.291
28918.670,-70.291
28918.780,-70.291
28918.871,-70.291
28918.973,-70.291
28919.082,-70.291
28919.177,-70.291
28919.280,-70.291
28919.405,-70.291
28919.494,-70.291
28919.592,-70.291
28919.690,-70.291
28919.792,-70.291
28919.900,-70.291
28919.998,-70.291
28920.094,-70.291
28920.209,-70.291
28920.310,-70.291
28920.430,-70.291
28920.508,-70.291
28920.550,-70.291
28920.646,-70.291
28920.815,-70.291
28920.927,-70.291
28920.956,-70.291
28921.055,-70.291
28921.243,-70.291
28921.261,-70.291
28921.359,-70.291
28921.462,-70.291
28921.557,-70.291
28921.655,-70.291
28921.761,-70.291
28921.861,-70.291
28921.978,-70.291
28922.043,-70.291
28922.148,-70.291
28922.246,-70.291
28922.351,-70.291
28922.479,-70.291
28922.555,-70.291
28922.658,-70.291
28922.760,-70.291
28922.858,-70.291
28922.966,-70.291
28923.081,-70.291
28923.179,-70.291
28923.299,-70.291
28923.398,-70.291
28923.491,-70.291
28923.592,-70.291
28923.690,-70.291
28923.815,-70.291
28923.900,-70.291
28923.996,-70.291
28924.094,-70.291
28924.195,-70.291
28924.299,-70.291
28924.400,-70.291
28924.501,-70.291
28924.604,-70.291
28924.729,-70.291
28924.832,-70.291
28924.834,-70.291
28924.942,-70.291
28925.038,-70.291
28925.141,-70.291
28925.243,-70.291
28925.361,-70.291
28925.449,-70.291
28925.549,-70.291
28925.653,-70.291
28925.731,-70.291
28925.832,-70.291
28925.935,-70.291
28926.065,-70.291
28926.140,-70.291
28926.244,-70.291
28926.349,-70.291
28926.456,-70.291
28926.555,-70.291
28926.675,-70.291
28976.761,-70.291
28976.834,-70.291
28976.983,-70.291
28977.062,-70.291
28977.167,-70.291
28977.266,-70.291
28977.369,-70.291
28977.464,-70.291
28977.579,-70.291
28977.675,-70.291
28977.778,-70.291
28977.902,-70.291
28977.984,-70.291
28978.114,-70.291
28978.189,-70.291
28978.224,-70.291
28978.393,-70.291
28978.496,-70.291
28978.525,-70.291
28978.699,-70.291
28978.728,-70.291
28978.834,-70.291
28979.006,-70.291
28979.035,-70.291
28979.133,-70.291
28979.234,-70.291
28979.329,-70.291
28979.442,-70.291
28979.528,-70.291
28979.631,-70.291
28979.739,-70.291
28979.834,-70.291
28979.932,-70.291
28980.033,-70.291
28980.133,-70.291
28980.260,-70.291
28980.342,-70.291
28980.464,-70.291
28980.535,-70.291
28980.655,-70.291
28980.751,-70.291
28980.851,-70.291
28980.952,-70.291
28981.057,-70.291
28981.167,-70.291
28981.283,-70.291
28981.388,-70.291
28981.466,-70.291
28981.577,-70.291
28981.680,-70.291
28981.777,-70.291
28981.875,-70.291
28981.976,-70.291
28982.081,-70.291
28982.182,-70.291
28982.283,-70.291
28982.314,-70.291
28982.413,-70.291
28982.513,-70.291
28982.635,-70.291
28982.719,-70.291
28982.822,-70.291
28982.923,-70.291
28983.025,-70.291
28983.128,-70.291
28983.214,-70.291
28983.312,-70.291
28983.413,-70.291
28983.516,-70.291
28983.614,-70.291
28983.739,-70.291
28983.829,-70.291
28983.925,-70.291
28984.023,-70.291
28984.148,-70.291
28984.253,-70.291
28984.327,-70.291
28984.474,-70.291
28984.513,-70.291
28984.641,-70.291
28984.741,-70.291
28984.844,-70.291
28984.952,-70.291
28985.048,-70.291
28985.146,-70.291
28985.256,-70.291
28985.356,-70.291
28985.461,-70.291
28985.577,-70.291
28985.687,-70.291
28985.766,-70.291
28985.891,-70.291
28985.986,-70.291
28986.097,-70.291
28986.101,-70.291
28986.283,-70.291
28986.310,-70.291
28986.408,-70.291
28986.505,-70.291
28986.609,-70.291
29276.711,-70.291
29276.814,-70.291
29276.915,-70.291
29277.018,-70.291
29277.121,-70.291
29277.202,-70.291
29277.304,-70.291
29277.415,-70.291
29277.508,-70.291
29277.609,-70.291
29277.712,-70.291
29277.824,-70.291
29277.920,-70.291
29278.043,-70.291
29278.121,-70.291
29278.231,-70.291
29278.327,-70.291
29278.427,-70.291
29278.555,-70.291
29278.633,-70.291
29278.739,-70.291
29278.842,-70.291
29278.949,-70.291
29279.048,-70.291
29279.145,-70.291
29279.251,-70.291
29279.349,-70.291
29279.452,-70.291
29279.555,-70.291
29279.662,-70.291
29279.689,-70.291
29279.863,-70.291
29279.888,-70.291
29280.008,-70.291
29280.109,-70.291
29280.197,-70.291
29280.398,-70.291
29280.400,-70.291
29280.500,-70.291
29280.601,-70.291
29280.722,-70.291
29280.787,-70.291
29280.908,-70.291
29280.989,-70.291
29281.091,-70.291
29281.202,-70.291
29281.300,-70.291
29281.398,-70.291
29281.501,-70.291
29281.601,-70.291
29281.707,-70.291
29281.824,-70.291
29281.910,-70.291
29282.013,-70.291
29282.116,-70.291
29282.234,-70.291
29282.331,-70.291
29282.427,-70.291
29282.533,-70.291
29282.652,-70.291
29282.729,-70.291
29282.832,-70.291
29282.934,-70.291
29283.003,-70.291
29283.138,-70.291
29283.241,-70.291
29283.353,-70.291
29283.381,-70.291
29283.549,-70.291
29283.660,-70.291
29283.677,-70.291
29283.880,-70.291
29283.881,-70.291
29283.986,-70.291
29284.092,-70.291
29284.187,-70.291
29284.293,-70.291
29284.396,-70.291
29284.488,-70.291
29284.596,-70.291
29284.699,-70.291
29284.807,-70.291
29284.881,-70.291
29285.006,-70.291
29285.084,-70.291
29285.199,-70.291
29285.295,-70.291
29285.393,-70.291
29285.503,-70.291
29285.596,-70.291
29285.697,-70.291
29285.824,-70.291
29285.910,-70.291
29286.006,-70.291
29286.108,-70.291
29286.234,-70.291
29286.324,-70.291
29286.420,-70.291
29286.523,-70.291
29286.621,-70.291
29336.722,-70.291
29336.824,-70.291
29336.927,-70.291
29337.035,-70.291
29337.155,-70.291
29337.192,-70.291
29337.300,-70.291
29337.400,-70.291
29337.506,-70.291
29337.570,-70.291
29337.668,-70.291
29337.771,-70.291
29337.871,-70.291
29337.974,-70.291
29338.072,-70.291
29338.185,-70.291
29338.287,-70.291
29338.364,-70.291
29338.479,-70.291
29338.574,-70.291
29338.694,-70.291
29338.771,-70.291
29338.875,-70.291
29338.972,-70.291
29339.084,-70.291
29339.180,-70.291
29339.285,-70.291
29339.386,-70.291
29339.488,-70.291
29339.592,-70.291
29339.717,-70.291
29339.798,-70.291
29339.908,-70.291
29340.023,-70.291
29340.126,-70.291
29340.206,-70.291
29340.319,-70.291
29340.415,-70.291
29340.515,-70.291
29340.614,-70.291
29340.716,-70.291
29340.817,-70.291
29340.922,-70.291
29341.023,-70.291
29341.057,-70.291
29341.158,-70.291
29341.266,-70.291
29341.457,-70.291
29341.462,-70.291
29341.564,-70.291
29341.668,-70.291
29341.768,-70.291
29341.866,-70.291
29341.952,-70.291
29342.074,-70.291
29342.158,-70.291
29342.278,-70.291
29342.380,-70.291
29342.481,-70.291
29342.559,-70.291
29342.662,-70.291
29342.763,-70.291
29342.864,-70.291
29342.969,-70.291
29343.070,-70.291
29343.175,-70.291
29343.282,-70.291
29343.378,-70.291
29343.449,-70.291
29343.586,-70.291
29343.658,-70.291
29343.788,-70.291
29343.891,-70.291
29344.020,-70.291
29344.094,-70.291
29344.192,-70.291
29344.319,-70.291
29344.405,-70.291
29344.503,-70.291
29344.608,-70.291
29344.731,-70.291
29344.812,-70.291
29344.913,-70.291
29345.018,-70.291
29345.052,-70.291
29345.150,-70.291
29345.251,-70.291
29345.349,-70.291
29345.461,-70.291
29345.557,-70.291
29345.736,-70.291
29345.746,-70.291
29345.861,-70.291
29345.962,-70.291
29346.065,-70.291
29346.155,-70.291
29346.246,-70.291
29346.351,-70.291
29346.476,-70.291
29346.567,-70.291
29346.679,-70.291
29396.763,-70.291
29396.891,-70.291
29396.962,-70.291
29397.064,-70.291
29397.192,-70.291
29397.270,-70.291
29397.396,-70.291
29397.476,-70.291
29397.587,-70.291
29397.680,-70.291
29397.775,-70.291
29397.886,-70.291
29397.994,-70.291
29398.087,-70.291
29398.192,-70.291
29398.304,-70.291
29398.405,-70.291
29398.527,-70.291
29398.625,-70.291
29398.729,-70.291
29398.746,-70.291
29398.908,-70.291
29398.937,-70.291
29399.043,-70.291
29399.138,-70.291
29399.239,-70.291
29399.348,-70.291
29399.464,-70.291
29399.550,-70.291
29399.648,-70.291
29399.736,-70.291
29399.854,-70.291
29399.932,-70.291
29400.057,-70.291
29400.136,-70.291
29400.243,-70.291
29400.342,-70.291
29400.449,-70.291
29400.565,-70.291
29400.650,-70.291
29400.771,-70.291
29400.854,-70.291
29400.976,-70.291
29401.072,-70.291
29401.162,-70.291
29401.268,-70.291
29401.369,-70.291
29401.429,-70.291
29401.535,-70.291
29401.641,-70.291
29401.775,-70.291
29401.885,-70.291
29401.983,-70.291
29402.082,-70.291
29402.125,-70.291
29402.290,-70.291
29402.324,-70.291
29402.425,-70.291
29402.521,-70.291
29402.625,-70.291
29402.731,-70.291
29402.839,-70.291
29402.935,-70.291
29403.032,-70.291
29403.140,-70.291
29403.236,-70.291
29403.336,-70.291
29403.422,-70.291
29403.540,-70.291
29403.641,-70.291
29403.722,-70.291
29403.824,-70.291
29403.927,-70.291
29404.027,-70.291
29404.138,-70.291
29404.241,-70.291
29404.334,-70.291
29404.444,-70.291
29404.540,-70.291
29404.653,-70.291
29404.748,-70.291
29404.871,-70.291
29404.976,-70.291
29405.052,-70.291
29405.179,-70.291
29405.280,-70.291
29405.361,-70.291
29405.462,-70.291
29405.574,-70.291
29405.677,-70.291
29405.780,-70.291
29405.834,-70.291
29405.937,-70.291
29406.016,-70.291
29406.141,-70.291
29406.290,-70.291
29406.317,-70.291
29406.415,-70.291
29406.513,-70.291
29406.613,-70.291
29456.717,-70.291
29456.812,-70.291
29456.922,-70.291
29457.028,-70.291
29457.126,-70.291
29457.222,-70.291
29457.317,-70.291
29457.415,-70.291
29457.549,-70.291
29457.619,-70.291
29457.714,-70.291
29457.820,-70.291
29457.920,-70.291
29458.028,-70.291
29458.128,-70.291
29458.226,-70.291
29458.329,-70.291
29458.430,-70.291
29458.543,-70.291
29458.653,-70.291
29458.739,-70.291
29458.842,-70.291
29458.944,-70.291
29459.062,-70.291
29459.158,-70.291
29459.256,-70.291
29459.354,-70.291
29459.456,-70.291
29459.562,-70.291
29459.660,-70.291
29459.712,-70.291
29459.815,-70.291
29459.967,-70.291
29460.070,-70.291
29460.175,-70.291
29460.201,-70.291
29460.336,-70.291
29460.403,-70.291
29460.513,-70.291
29460.611,-70.291
29460.707,-70.291
29460.812,-70.291
29460.900,-70.291
29461.015,-70.291
29461.111,-70.291
29461.224,-70.291
29461.309,-70.291
29461.410,-70.291
29461.506,-70.291
29461.606,-70.291
29461.704,-70.291
29461.802,-70.291
29461.908,-70.291
29462.028,-70.291
29462.123,-70.291
29462.221,-70.291
29462.327,-70.291
29462.435,-70.291
29462.533,-70.291
29462.630,-70.291
29462.739,-70.291
29462.837,-70.291
29462.939,-70.291
29463.060,-70.291
29463.146,-70.291
29463.244,-70.291
29463.347,-70.291
29463.449,-70.291
29463.552,-70.291
29463.653,-70.291
29463.756,-70.291
29463.795,-70.291
29463.961,-70.291
29463.991,-70.291
29464.175,-70.291
29464.207,-70.291
29464.305,-70.291
29464.402,-70.291
29464.500,-70.291
29464.599,-70.291
29464.707,-70.291
29464.807,-70.291
29464.898,-70.291
29464.986,-70.291
29465.089,-70.291
29465.190,-70.291
29465.312,-70.291
29465.396,-70.291
29465.521,-70.291
29465.609,-70.291
29465.702,-70.291
29465.829,-70.291
29465.930,-70.291
29466.011,-70.291
29466.138,-70.291
29466.214,-70.291
29466.339,-70.291
29466.442,-70.291
29466.521,-70.291
29466.623,-70.291
29516.736,-70.291
29516.829,-70.291
29516.932,-70.291
29517.030,-70.291
29517.148,-70.291
29517.246,-70.291
29517.300,-70.291
29517.407,-70.291
29517.513,-70.291
29517.648,-70.291
29517.719,-70.291
29517.853,-70.291
29517.880,-70.291
29517.979,-70.291
29518.082,-70.291
29518.204,-70.291
29518.280,-70.291
29518.393,-70.291
29518.500,-70.291
29518.577,-70.291
29518.690,-70.291
29518.788,-70.291
29518.900,-70.291
29518.984,-70.291
29519.081,-70.291
29519.185,-70.291
29519.310,-70.291
29519.388,-70.291
29519.489,-70.291
29519.592,-70.291
29519.675,-70.291
29519.802,-70.291
29519.907,-70.291
29520.006,-70.291
29520.111,-70.291
29520.209,-70.291
29520.334,-70.291
29520.413,-70.291
29520.518,-70.291
29520.619,-70.291
29520.724,-70.291
29520.822,-70.291
29520.925,-70.291
29521.028,-70.291
29521.148,-70.291
29521.233,-70.291
29521.342,-70.291
29521.369,-70.291
29521.557,-70.291
29521.569,-70.291
29521.667,-70.291
29521.768,-70.291
29521.883,-70.291
29521.976,-70.291
29522.082,-70.291
29522.177,-70.291
29522.280,-70.291
29522.383,-70.291
29522.474,-70.291
29522.579,-70.291
29522.668,-70.291
29522.783,-70.291
29522.869,-70.291
29522.984,-70.291
29523.070,-70.291
29523.170,-70.291
29523.280,-70.291
29523.395,-70.291
29523.462,-70.291
29523.586,-70.291
29523.690,-70.291
29523.792,-70.291
29523.888,-70.291
29523.989,-70.291
29524.084,-70.291
29524.202,-70.291
29524.305,-70.291
29524.400,-70.291
29524.508,-70.291
29524.609,-70.291
29524.712,-70.291
29524.822,-70.291
29524.927,-70.291
29525.023,-70.291
29525.121,-70.291
29525.234,-70.291
29525.258,-70.291
29525.430,-70.291
29525.457,-70.291
29525.560,-70.291
29525.665,-70.291
29525.766,-70.291
29525.869,-70.291
29525.971,-70.291
29526.069,-70.291
29526.248,-70.291
29526.290,-70.291
29526.354,-70.291
29526.456,-70.291
29526.555,-70.291
29526.684,-70.291
29576.785,-70.291
29576.863,-70.291
29576.967,-70.291
29577.070,-70.291
29577.195,-70.291
29577.278,-70.291
29577.393,-70.291
29577.484,-70.291
29577.606,-70.291
29577.682,-70.291
29577.805,-70.291
29577.893,-70.291
29577.998,-70.291
29578.128,-70.291
29578.155,-70.291
29578.256,-70.291
29578.358,-70.291
29578.464,-70.291
29578.570,-70.291
29578.707,-70.291
29578.809,-70.291
29578.885,-70.291
29579.015,-70.291
29579.116,-70.291
29579.146,-70.291
29579.253,-70.291
29579.349,-70.291
29579.452,-70.291
29579.550,-70.291
29579.643,-70.291
29579.763,-70.291
29579.859,-70.291
29579.967,-70.291
29580.049,-70.291
29580.143,-70.291
29580.266,-70.291
29580.344,-70.291
29580.449,-70.291
29580.550,-70.291
29580.652,-70.291
29580.756,-70.291
29580.863,-70.291
29580.959,-70.291
29581.070,-70.291
29581.163,-70.291
29581.268,-70.291
29581.369,-70.291
29581.479,-70.291
29581.584,-70.291
29581.704,-70.291
29581.780,-70.291
29581.881,-70.291
29582.008,-70.291
29582.087,-70.291
29582.187,-70.291
29582.299,-70.291
29582.396,-70.291
29582.498,-70.291
29582.540,-70.291
29582.699,-70.291
29582.738,-70.291
29582.905,-70.291
29583.010,-70.291
29583.038,-70.291
29583.136,-70.291
29583.241,-70.291
29583.341,-70.291
29583.440,-70.291
29583.554,-70.291
29583.641,-70.291
29583.746,-70.291
29583.851,-70.291
29583.949,-70.291
29584.055,-70.291
29584.155,-70.291
29584.256,-70.291
29584.376,-70.291
29584.445,-70.291
29584.543,-70.291
29584.665,-70.291
29584.743,-70.291
29584.851,-70.291
29584.954,-70.291
29585.048,-70.291
29585.157,-70.291
29585.255,-70.291
29585.388,-70.291
29585.479,-70.291
29585.569,-70.291
29585.670,-70.291
29585.771,-70.291
29585.891,-70.291
29585.989,-70.291
29586.084,-70.291
29586.182,-70.291
29586.309,-70.291
29586.388,-70.291
29586.489,-70.291
29586.591,-70.291
29586.695,-70.291
29876.724,-70.291
29876.924,-70.291
29877.001,-70.291
29877.030,-70.291
29877.126,-70.291
29877.239,-70.291
29877.339,-70.291
29877.435,-70.291
29877.538,-70.291
29877.638,-70.291
29877.729,-70.291
29877.829,-70.291
29877.930,-70.291
29878.052,-70.291
29878.128,-70.291
29878.229,-70.291
29878.332,-70.291
29878.459,-70.291
29878.538,-70.291
29878.640,-70.291
29878.741,-70.291
29878.856,-70.291
29878.954,-70.291
29879.049,-70.291
29879.153,-70.291
29879.266,-70.291
29879.317,-70.291
29879.462,-70.291
29879.567,-70.291
29879.663,-70.291
29879.765,-70.291
29879.890,-70.291
29879.978,-70.291
29880.074,-70.291
29880.130,-70.291
29880.255,-70.291
29880.380,-70.291
29880.484,-70.291
29880.542,-70.291
29880.625,-70.291
29880.721,-70.291
29880.827,-70.291
29880.935,-70.291
29881.016,-70.291
29881.114,-70.291
29881.216,-70.291
29881.319,-70.291
29881.430,-70.291
29881.535,-70.291
29881.609,-70.291
29881.726,-70.291
29881.815,-70.291
29881.917,-70.291
29882.023,-70.291
29882.140,-70.291
29882.226,-70.291
29882.336,-70.291
29882.430,-70.291
29882.530,-70.291
29882.626,-70.291
29882.734,-70.291
29882.829,-70.291
29882.949,-70.291
29883.168,-70.291
29883.173,-70.291
29883.248,-70.291
29883.373,-70.291
29883.454,-70.291
29883.564,-70.291
29883.665,-70.291
29883.785,-70.291
29883.863,-70.291
29883.976,-70.291
29884.070,-70.291
29884.168,-70.291
29884.273,-70.291
29884.307,-70.291
29884.408,-70.291
29884.508,-70.291
29884.604,-70.291
29884.712,-70.291
29884.805,-70.291
29884.920,-70.291
29885.033,-70.291
29885.109,-70.291
29885.217,-70.291
29885.314,-70.291
29885.403,-70.291
29885.516,-70.291
29885.604,-70.291
29885.704,-70.291
29885.815,-70.291
29885.913,-70.291
29886.013,-70.291
29886.136,-70.291
29886.219,-70.291
29886.320,-70.291
29886.422,-70.291
29886.549,-70.291
29886.626,-70.291
29936.729,-70.291
29936.832,-70.291
29936.942,-70.291
29937.037,-70.291
29937.138,-70.291
29937.243,-70.291
29937.351,-70.291
29937.474,-70.291
29937.577,-70.291
29937.679,-70.291
29937.751,-70.291
29937.854,-70.291
29937.973,-70.291
29937.993,-70.291
29938.163,-70.291
29938.192,-70.291
29938.388,-70.291
29938.391,-70.291
29938.494,-70.291
29938.597,-70.291
29938.709,-70.291
29938.880,-70.291
29938.903,-70.291
29939.076,-70.291
29939.092,-70.291
29939.187,-70.291
29939.288,-70.291
29939.393,-70.291
29939.505,-70.291
29939.601,-70.291
29939.699,-70.291
29939.812,-70.291
29939.903,-70.291
29939.996,-70.291
29940.119,-70.291
29940.223,-70.291
29940.320,-70.291
29940.415,-70.291
29940.545,-70.291
29940.621,-70.291
29940.723,-70.291
29940.785,-70.291
29940.888,-70.291
29941.021,-70.291
29941.155,-70.291
29941.234,-70.291
29941.326,-70.291
29941.447,-70.291
29941.545,-70.291
29941.648,-70.291
29941.756,-70.291
29941.783,-70.291
29941.881,-70.291
29942.060,-70.291
29942.089,-70.291
29942.260,-70.291
29942.290,-70.291
29942.386,-70.291
29942.500,-70.291
29942.579,-70.291
29942.680,-70.291
29942.798,-70.291
29942.898,-70.291
29942.998,-70.291
29943.084,-70.291
29943.187,-70.291
29943.307,-70.291
29943.410,-70.291
29943.488,-70.291
29943.592,-70.291
29943.692,-70.291
29943.797,-70.291
29943.907,-70.291
29944.003,-70.291
29944.101,-70.291
29944.223,-70.291
29944.332,-70.291
29944.410,-70.291
29944.535,-70.291
29944.633,-70.291
29944.741,-70.291
29944.819,-70.291
29944.923,-70.291
29944.981,-70.291
29945.084,-70.291
29945.229,-70.291
29945.334,-70.291
29945.403,-70.291
29945.527,-70.291
29945.630,-70.291
29945.736,-70.291
29945.834,-70.291
29945.935,-70.291
29945.986,-70.291
29946.082,-70.291
29946.179,-70.291
29946.277,-70.291
29946.378,-70.291
29946.472,-70.291
29946.572,-70.291
29946.677,-70.291
29996.795,-70.291
29996.866,-70.291
29996.989,-70.291
29997.072,-70.291
29997.184,-70.291
29997.288,-70.291
29997.386,-70.291
29997.489,-70.291
29997.582,-70.291
29997.687,-70.291
29997.788,-70.291
29997.896,-70.291
29997.986,-70.291
29998.096,-70.291
29998.202,-70.291
29998.309,-70.291
29998.405,-70.291
29998.530,-70.291
29998.631,-70.291
29998.719,-70.291
29998.837,-70.291
29998.917,-70.291
29999.042,-70.291
29999.119,-70.291
29999.222,-70.291
29999.317,-70.291
29999.366,-70.291
29999.528,-70.291
29999.633,-70.291
29999.660,-70.291
29999.760,-70.291
29999.861,-70.291
29999.976,-70.291
30000.060,-70.291
30000.168,-70.291
30000.273,-70.291
30000.375,-70.291
30000.478,-70.291
30000.577,-70.291
30000.655,-70.291
30000.778,-70.291
30000.881,-70.291
30000.976,-70.291
30001.074,-70.291
30001.204,-70.291
30001.263,-70.291
30001.361,-70.291
30001.484,-70.291
30001.570,-70.291
30001.680,-70.291
30001.793,-70.291
30001.913,-70.291
30001.988,-70.291
30002.089,-70.291
30002.190,-70.291
30002.305,-70.291
30002.396,-70.291
30002.503,-70.291
30002.604,-70.291
30002.719,-70.291
30002.748,-70.291
30002.908,-70.291
30003.011,-70.291
30003.119,-70.291
30003.217,-70.291
30003.324,-70.291
30003.351,-70.291
30003.523,-70.291
30003.626,-70.291
30003.751,-70.291
30003.927,-70.291
30003.942,-70.291
30003.966,-70.291
30004.064,-70.291
30004.239,-70.291
30004.342,-70.291
30004.347,-70.291
30004.445,-70.291
30004.555,-70.291
30004.650,-70.291
30004.773,-70.291
30004.856,-70.291
30004.947,-70.291
30005.059,-70.291
30005.160,-70.291
30005.366,-70.291
30005.368,-70.291
30005.467,-70.291
30005.572,-70.291
30005.673,-70.291
30005.741,-70.291
30005.885,-70.291
30005.991,-70.291
30006.089,-70.291
30006.185,-70.291
30006.288,-70.291
30006.393,-70.291
30006.494,-70.291
30006.594,-70.291
30056.717,-70.291
30056.800,-70.291
30056.903,-70.291
30057.005,-70.291
30057.037,-70.291
30057.152,-70.291
30057.312,-70.291
30057.339,-70.291
30057.452,-70.291
30057.554,-70.291
30057.641,-70.291
30057.746,-70.291
30057.848,-70.291
30057.951,-70.291
30058.052,-70.291
30058.136,-70.291
30058.243,-70.291
30058.339,-70.291
30058.469,-70.291
30058.562,-70.291
30058.643,-70.291
30058.744,-70.291
30058.849,-70.291
30058.967,-70.291
30059.054,-70.291
30059.155,-70.291
30059.258,-70.291
30059.359,-70.291
30059.451,-70.291
30059.530,-70.291
30059.701,-70.291
30059.743,-70.291
30059.871,-70.291
30059.967,-70.291
30060.067,-70.291
30060.150,-70.291
30060.280,-70.291
30060.393,-70.291
30060.481,-70.291
30060.579,-70.291
30060.692,-70.291
30060.804,-70.291
30060.829,-70.291
30061.005,-70.291
30061.033,-70.291
30061.126,-70.291
30061.229,-70.291
30061.327,-70.291
30061.434,-70.291
30061.543,-70.291
30061.645,-70.291
30061.741,-70.291
30061.863,-70.291
30061.925,-70.291
30062.045,-70.291
30062.126,-70.291
30062.229,-70.291
30062.327,-70.291
30062.430,-70.291
30062.533,-70.291
30062.641,-70.291
30062.739,-70.291
30062.839,-70.291
30062.966,-70.291
30063.048,-70.291
30063.148,-70.291
30063.251,-70.291
30063.376,-70.291
30063.425,-70.291
30063.548,-70.291
30063.662,-70.291
30063.746,-70.291
30063.866,-70.291
30063.969,-70.291
30064.070,-70.291
30064.157,-70.291
30064.273,-70.291
30064.378,-70.291
30064.479,-70.291
30064.582,-70.291
30064.616,-70.291
30064.717,-70.291
30064.891,-70.291
30064.917,-70.291
30065.013,-70.291
30065.119,-70.291
30065.216,-70.291
30065.322,-70.291
30065.435,-70.291
30065.537,-70.291
30065.636,-70.291
30065.736,-70.291
30065.834,-70.291
30065.913,-70.291
30066.016,-70.291
30066.123,-70.291
30066.219,-70.291
30066.322,-70.291
30066.425,-70.291
30066.527,-70.291
30066.638,-70.291
30116.714,-70.291
30116.817,-70.291
30116.937,-70.291
30117.052,-70.291
30117.143,-70.291
30117.212,-70.291
30117.337,-70.291
30117.418,-70.291
30117.543,-70.291
30117.628,-70.291
30117.760,-70.291
30117.859,-70.291
30117.956,-70.291
30118.055,-70.291
30118.109,-70.291
30118.261,-70.291
30118.310,-70.291
30118.408,-70.291
30118.577,-70.291
30118.606,-70.291
30118.709,-70.291
30118.804,-70.291
30118.912,-70.291
30119.016,-70.291
30119.114,-70.291
30119.212,-70.291
30119.326,-70.291
30119.425,-70.291
30119.523,-70.291
30119.604,-70.291
30119.702,-70.291
30119.805,-70.291
30119.900,-70.291
30120.016,-70.291
30120.114,-70.291
30120.214,-70.291
30120.315,-70.291
30120.427,-70.291
30120.523,-70.291
30120.626,-70.291
30120.726,-70.291
30120.827,-70.291
30120.932,-70.291
30121.050,-70.291
30121.138,-70.291
30121.244,-70.291
30121.342,-70.291
30121.462,-70.291
30121.557,-70.291
30121.655,-70.291
30121.751,-70.291
30121.854,-70.291
30121.966,-70.291
30122.062,-70.291
30122.158,-70.291
30122.195,-70.291
30122.293,-70.291
30122.467,-70.291
30122.494,-70.291
30122.628,-70.291
30122.695,-70.291
30122.800,-70.291
30122.910,-70.291
30123.003,-70.291
30123.106,-70.291
30123.207,-70.291
30123.299,-70.291
30123.396,-70.291
30123.491,-70.291
30123.623,-70.291
30123.690,-70.291
30123.792,-70.291
30123.900,-70.291
30124.027,-70.291
30124.109,-70.291
30124.209,-70.291
30124.297,-70.291
30124.403,-70.291
30124.523,-70.291
30124.621,-70.291
30124.822,-70.291
30124.824,-70.291
30124.927,-70.291
30125.027,-70.291
30125.136,-70.291
30125.231,-70.291
30125.332,-70.291
30125.461,-70.291
30125.548,-70.291
30125.648,-70.291
30125.744,-70.291
30125.847,-70.291
30125.947,-70.291
30126.052,-70.291
30126.162,-70.291
30126.195,-70.291
30126.288,-70.291
30126.386,-70.291
30126.565,-70.291
30126.581,-70.291
30126.689,-70.291
30176.793,-70.291
30176.881,-70.291
30176.998,-70.291
30177.099,-70.291
30177.202,-70.291
30177.300,-70.291
30177.393,-70.291
30177.484,-70.291
30177.581,-70.291
30177.712,-70.291
30177.792,-70.291
30177.895,-70.291
30177.998,-70.291
30178.101,-70.291
30178.201,-70.291
30178.297,-70.291
30178.412,-70.291
30178.513,-70.291
30178.611,-70.291
30178.712,-70.291
30178.817,-70.291
30178.918,-70.291
30179.021,-70.291
30179.136,-70.291
30179.226,-70.291
30179.327,-70.291
30179.432,-70.291
30179.552,-70.291
30179.579,-70.291
30179.738,-70.291
30179.871,-70.291
30179.944,-70.291
30179.974,-70.291
30180.146,-70.291
30180.175,-70.291
30180.285,-70.291
30180.383,-70.291
30180.478,-70.291
30180.660,-70.291
30180.684,-70.291
30180.785,-70.291
30180.886,-70.291
30180.973,-70.291
30181.081,-70.291
30181.172,-70.291
30181.273,-70.291
30181.383,-70.291
30181.486,-70.291
30181.581,-70.291
30181.682,-70.291
30181.785,-70.291
30181.891,-70.291
30181.989,-70.291
30182.092,-70.291
30182.195,-70.291
30182.298,-70.291
30182.400,-70.291
30182.511,-70.291
30182.614,-70.291
30182.685,-70.291
30182.809,-70.291
30182.913,-70.291
30183.027,-70.291
30183.125,-70.291
30183.244,-70.291
30183.320,-70.291
30183.424,-70.291
30183.545,-70.291
30183.562,-70.291
30183.731,-70.291
30183.763,-70.291
30183.957,-70.291
30183.959,-70.291
30184.070,-70.291
30184.174,-70.291
30184.280,-70.291
30184.373,-70.291
30184.474,-70.291
30184.574,-70.291
30184.677,-70.291
30184.780,-70.291
30184.866,-70.291
30184.972,-70.291
30185.062,-70.291
30185.165,-70.291
30185.266,-70.291
30185.383,-70.291
30185.473,-70.291
30185.574,-70.291
30185.682,-70.291
30185.793,-70.291
30185.881,-70.291
30185.984,-70.291
30186.087,-70.291
30186.170,-70.291
30186.292,-70.291
30186.403,-70.291
30186.496,-70.291
30186.560,-70.291
30186.668,-70.291
30476.827,-70.291
30476.900,-70.291
30477.008,-70.291
30477.119,-70.291
30477.189,-70.291
30477.315,-70.291
30477.413,-70.291
30477.511,-70.291
30477.562,-70.291
30477.657,-70.291
30477.758,-70.291
30477.954,-70.291
30477.969,-70.291
30478.067,-70.291
30478.238,-70.291
30478.339,-70.291
30478.373,-70.291
30478.469,-70.291
30478.569,-70.291
30478.646,-70.291
30478.758,-70.291
30478.853,-70.291
30478.954,-70.291
30479.057,-70.291
30479.165,-70.291
30479.268,-70.291
30479.366,-70.291
30479.467,-70.291
30479.567,-70.291
30479.690,-70.291
30479.793,-70.291
30479.883,-70.291
30480.003,-70.291
30480.079,-70.291
30480.202,-70.291
30480.246,-70.291
30480.354,-70.291
30480.479,-70.291
30480.565,-70.291
30480.685,-70.291
30480.790,-70.291
30480.893,-70.291
30480.971,-70.291
30481.094,-70.291
30481.145,-70.291
30481.320,-70.291
30481.342,-70.291
30481.444,-70.291
30481.543,-70.291
30481.641,-70.291
30481.746,-70.291
30481.844,-70.291
30481.949,-70.291
30482.062,-70.291
30482.162,-70.291
30482.327,-70.291
30482.356,-70.291
30482.451,-70.291
30482.547,-70.291
30482.643,-70.291
30482.775,-70.291
30482.847,-70.291
30482.947,-70.291
30483.062,-70.291
30483.141,-70.291
30483.255,-70.291
30483.356,-70.291
30483.469,-70.291
30483.560,-70.291
30483.665,-70.291
30483.766,-70.291
30483.878,-70.291
30483.972,-70.291
30484.074,-70.291
30484.185,-70.291
30484.288,-70.291
30484.395,-70.291
30484.483,-70.291
30484.584,-70.291
30484.687,-70.291
30484.790,-70.291
30484.886,-70.291
30484.979,-70.291
30485.097,-70.291
30485.201,-70.291
30485.229,-70.291
30485.348,-70.291
30485.506,-70.291
30485.538,-70.291
30485.641,-70.291
30485.741,-70.291
30485.839,-70.291
30485.940,-70.291
30486.043,-70.291
30486.126,-70.291
30486.224,-70.291
30486.327,-70.291
30486.452,-70.291
30486.532,-70.291
30486.635,-70.291
30536.760,-70.291
30536.863,-70.291
30536.940,-70.291
30537.045,-70.291
30537.155,-70.291
30537.253,-70.291
30537.351,-70.291
30537.452,-70.291
30537.555,-70.291
30537.648,-70.291
30537.783,-70.291
30537.871,-70.291
30537.964,-70.291
30538.070,-70.291
30538.172,-70.291
30538.290,-70.291
30538.375,-70.291
30538.476,-70.291
30538.579,-70.291
30538.699,-70.291
30538.726,-70.291
30538.886,-70.291
30538.918,-70.291
30539.021,-70.291
30539.123,-70.291
30539.217,-70.291
30539.390,-70.291
30539.432,-70.291
30539.535,-70.291
30539.636,-70.291
30539.712,-70.291
30539.832,-70.291
30539.935,-70.291
30540.015,-70.291
30540.125,-70.291
30540.217,-70.291
30540.320,-70.291
30540.425,-70.291
30540.538,-70.291
30540.636,-70.291
30540.714,-70.291
30540.824,-70.291
30540.935,-70.291
30541.035,-70.291
30541.140,-70.291
30541.226,-70.291
30541.342,-70.291
30541.437,-70.291
30541.559,-70.291
30541.663,-70.291
30541.763,-70.291
30541.863,-70.291
30541.964,-70.291
30542.086,-70.291
30542.163,-70.291
30542.266,-70.291
30542.376,-70.291
30542.471,-70.291
30542.572,-70.291
30542.702,-70.291
30542.716,-70.291
30542.812,-70.291
30542.908,-70.291
30543.015,-70.291
30543.114,-70.291
30543.212,-70.291
30543.312,-70.291
30543.432,-70.291
30543.525,-70.291
30543.623,-70.291
30543.702,-70.291
30543.802,-70.291
30543.903,-70.291
30544.006,-70.291
30544.109,-70.291
30544.211,-70.291
30544.312,-70.291
30544.415,-70.291
30544.550,-70.291
30544.619,-70.291
30544.699,-70.291
30544.834,-70.291
30544.961,-70.291
30545.005,-70.291
30545.114,-70.291
30545.217,-70.291
30545.339,-70.291
30545.440,-70.291
30545.537,-70.291
30545.668,-70.291
30545.741,-70.291
30545.842,-70.291
30545.945,-70.291
30546.050,-70.291
30546.158,-70.291
30546.263,-70.291
30546.373,-70.291
30546.395,-70.291
30546.494,-70.291
30546.668,-70.291
30546.707,-70.291
30596.795,-70.291
30596.893,-70.291
30597.008,-70.291
30597.114,-70.291
30597.209,-70.291
30597.312,-70.291
30597.410,-70.291
30597.496,-70.291
30597.619,-70.291
30597.695,-70.291
30597.804,-70.291
30597.898,-70.291
30598.000,-70.291
30598.103,-70.291
30598.209,-70.291
30598.305,-70.291
30598.410,-70.291
30598.538,-70.291
30598.621,-70.291
30598.717,-70.291
30598.814,-70.291
30598.945,-70.291
30599.025,-70.291
30599.135,-70.291
30599.236,-70.291
30599.310,-70.291
30599.395,-70.291
30599.500,-70.291
30599.604,-70.291
30599.707,-70.291
30599.810,-70.291
30599.937,-70.291
30600.048,-70.291
30600.087,-70.291
30600.185,-70.291
30600.348,-70.291
30600.461,-70.291
30600.491,-70.291
30600.587,-70.291
30600.697,-70.291
30600.790,-70.291
30600.893,-70.291
30600.994,-70.291
30601.096,-70.291
30601.195,-70.291
30601.278,-70.291
30601.378,-70.291
30601.481,-70.291
30601.586,-70.291
30601.685,-70.291
30601.788,-70.291
30601.885,-70.291
30602.094,-70.291
30602.099,-70.291
30602.204,-70.291
30602.300,-70.291
30602.403,-70.291
30602.506,-70.291
30602.621,-70.291
30602.719,-70.291
30602.822,-70.291
30602.917,-70.291
30603.035,-70.291
30603.123,-70.291
30603.224,-70.291
30603.329,-70.291
30603.429,-70.291
30603.528,-70.291
30603.633,-70.291
30603.723,-70.291
30603.836,-70.291
30603.940,-70.291
30604.042,-70.291
30604.135,-70.291
30604.187,-70.291
30604.273,-70.291
30604.383,-70.291
30604.484,-70.291
30604.572,-70.291
30604.670,-70.291
30604.778,-70.291
30604.871,-70.291
30604.986,-70.291
30605.084,-70.291
30605.192,-70.291
30605.282,-70.291
30605.373,-70.291
30605.476,-70.291
30605.587,-70.291
30605.709,-70.291
30605.807,-70.291
30605.871,-70.291
30605.994,-70.291
30606.187,-70.291
30606.192,-70.291
30606.297,-70.291
30606.386,-70.291
30606.510,-70.291
30606.608,-70.291
30606.707,-70.291
30656.807,-70.291
30656.908,-70.291
30657.033,-70.291
30657.121,-70.291
30657.217,-70.291
30657.324,-70.291
30657.398,-70.291
30657.464,-70.291
30657.628,-70.291
30657.738,-70.291
30657.763,-70.291
30657.863,-70.291
30657.959,-70.291
30658.062,-70.291
30658.179,-70.291
30658.275,-70.291
30658.454,-70.291
30658.549,-70.291
30658.574,-70.291
30658.674,-70.291
30658.792,-70.291
30658.868,-70.291
30658.989,-70.291
30659.060,-70.291
30659.170,-70.291
30659.280,-70.291
30659.356,-70.291
30659.459,-70.291
30659.572,-70.291
30659.674,-70.291
30659.771,-70.291
30659.871,-70.291
30659.969,-70.291
30660.086,-70.291
30660.187,-70.291
30660.290,-70.291
30660.391,-70.291
30660.493,-70.291
30660.606,-70.291
30660.704,-70.291
30660.800,-70.291
30660.902,-70.291
30661.003,-70.291
30661.118,-70.291
30661.211,-70.291
30661.310,-70.291
30661.415,-70.291
30661.516,-70.291
30661.619,-70.291
30661.650,-70.291
30661.824,-70.291
30661.883,-70.291
30661.951,-70.291
30662.054,-70.291
30662.175,-70.291
30662.258,-70.291
30662.361,-70.291
30662.508,-70.291
30662.567,-70.291
30662.663,-70.291
30662.746,-70.291
30662.849,-70.291
30662.979,-70.291
30663.052,-70.291
30663.150,-70.291
30663.251,-70.291
30663.351,-70.291
30663.461,-70.291
30663.569,-70.291
30663.690,-70.291
30663.770,-70.291
30663.871,-70.291
30663.974,-70.291
30664.082,-70.291
30664.180,-70.291
30664.290,-70.291
30664.383,-70.291
30664.493,-70.291
30664.589,-70.291
30664.690,-70.291
30664.795,-70.291
30664.922,-70.291
30665.005,-70.291
30665.143,-70.291
30665.145,-70.291
30665.307,-70.291
30665.408,-70.291
30665.440,-70.291
30665.552,-70.291
30665.638,-70.291
30665.746,-70.291
30665.851,-70.291
30665.952,-70.291
30666.055,-70.291
30666.158,-70.291
30666.241,-70.291
30666.354,-70.291
30666.435,-70.291
30666.538,-70.291
30666.636,-70.291
30716.739,-70.291
30716.842,-70.291
30716.954,-70.291
30717.045,-70.291
30717.152,-70.291
30717.258,-70.291
30717.337,-70.291
30717.457,-70.291
30717.565,-70.291
30717.662,-70.291
30717.756,-70.291
30717.866,-70.291
30717.967,-70.291
30718.070,-70.291
30718.173,-70.291
30718.277,-70.291
30718.378,-70.291
30718.494,-70.291
30718.594,-70.291
30718.689,-70.291
30718.788,-70.291
30718.832,-70.291
30718.993,-70.291
30719.094,-70.291
30719.202,-70.291
30719.234,-70.291
30719.329,-70.291
30719.429,-70.291
30719.548,-70.291
30719.633,-70.291
30719.734,-70.291
30719.834,-70.291
30719.937,-70.291
30720.040,-70.291
30720.123,-70.291
30720.258,-70.291
30720.324,-70.291
30720.425,-70.291
30720.528,-70.291
30720.628,-70.291
30720.734,-70.291
30720.869,-70.291
30720.940,-70.291
30721.040,-70.291
30721.141,-70.291
30721.246,-70.291
30721.364,-70.291
30721.454,-70.291
30721.564,-70.291
30721.619,-70.291
30721.775,-70.291
30721.859,-70.291
30721.932,-70.291
30722.065,-70.291
30722.165,-70.291
30722.270,-70.291
30722.371,-70.291
30722.473,-70.291
30722.577,-70.291
30722.677,-70.291
30722.771,-70.291
30722.886,-70.291
30722.991,-70.291
30723.018,-70.291
30723.201,-70.291
30723.217,-70.291
30723.329,-70.291
30723.427,-70.291
30723.523,-70.291
30723.636,-70.291
30723.734,-70.291
30723.907,-70.291
30723.937,-70.291
30724.021,-70.291
30724.123,-70.291
30724.223,-70.291
30724.317,-70.291
30724.418,-70.291
30724.521,-70.291
30724.623,-70.291
30724.739,-70.291
30724.839,-70.291
30724.935,-70.291
30725.136,-70.291
30725.138,-70.291
30725.244,-70.291
30725.341,-70.291
30725.451,-70.291
30725.545,-70.291
30725.648,-70.291
30725.771,-70.291
30725.858,-70.291
30725.954,-70.291
30726.057,-70.291
30726.140,-70.291
30726.261,-70.291
30726.364,-70.291
30726.476,-70.291
30726.508,-70.291
30726.672,-70.291
30776.773,-70.291
30776.804,-70.291
30776.979,-70.291
30777.082,-70.291
30777.106,-70.291
30777.207,-70.291
30777.310,-70.291
30777.420,-70.291
30777.503,-70.291
30777.626,-70.291
30777.704,-70.291
30777.809,-70.291
30777.905,-70.291
30778.023,-70.291
30778.106,-70.291
30778.207,-70.291
30778.314,-70.291
30778.415,-70.291
30778.515,-70.291
30778.619,-70.291
30778.723,-70.291
30778.827,-70.291
30778.949,-70.291
30779.028,-70.291
30779.130,-70.291
30779.231,-70.291
30779.341,-70.291
30779.449,-70.291
30779.540,-70.291
30779.643,-70.291
30779.744,-70.291
30779.859,-70.291
30779.959,-70.291
30779.996,-70.291
30780.153,-70.291
30780.256,-70.291
30780.364,-70.291
30780.462,-70.291
30780.550,-70.291
30780.665,-70.291
30780.768,-70.291
30780.800,-70.291
30780.972,-70.291
30781.000,-70.291
30781.099,-70.291
30781.201,-70.291
30781.309,-70.291
30781.415,-70.291
30781.498,-70.291
30781.599,-70.291
30781.697,-70.291
30781.792,-70.291
30781.888,-70.291
30781.989,-70.291
30782.089,-70.291
30782.189,-70.291
30782.310,-70.291
30782.408,-70.291
30782.508,-70.291
30782.611,-70.291
30782.714,-70.291
30782.805,-70.291
30782.927,-70.291
30783.023,-70.291
30783.123,-70.291
30783.226,-70.291
30783.329,-70.291
30783.430,-70.291
30783.535,-70.291
30783.635,-70.291
30783.741,-70.291
30783.783,-70.291
30783.952,-70.291
30784.048,-70.291
30784.148,-70.291
30784.271,-70.291
30784.351,-70.291
30784.457,-70.291
30784.488,-70.291
30784.592,-70.291
30784.692,-70.291
30784.790,-70.291
30784.888,-70.291
30784.991,-70.291
30785.091,-70.291
30785.180,-70.291
30785.298,-70.291
30785.400,-70.291
30785.486,-70.291
30785.582,-70.291
30785.695,-70.291
30785.787,-70.291
30785.896,-70.291
30785.976,-70.291
30786.079,-70.291
30786.194,-70.291
30786.297,-70.291
30786.400,-70.291
30786.501,-70.291
30786.606,-70.291
30786.702,-70.291
31076.810,-70.291
31076.912,-70.291
31077.013,-70.291
31077.114,-70.291
31077.219,-70.291
31077.332,-70.291
31077.435,-70.291
31077.532,-70.291
31077.628,-70.291
31077.731,-70.291
31077.834,-70.291
31077.945,-70.291
31077.971,-70.291
31078.141,-70.291
31078.244,-70.291
31078.285,-70.291
31078.369,-70.291
31078.472,-70.291
31078.577,-70.291
31078.682,-70.291
31078.788,-70.291
31078.885,-70.291
31079.003,-70.291
31079.074,-70.291
31079.177,-70.291
31079.275,-70.291
31079.371,-70.291
31079.473,-70.291
31079.577,-70.291
31079.677,-70.291
31079.782,-70.291
31079.881,-70.291
31079.984,-70.291
31080.104,-70.291
31080.189,-70.291
31080.299,-70.291
31080.398,-70.291
31080.518,-70.291
31080.604,-70.291
31080.702,-70.291
31080.802,-70.291
31080.908,-70.291
31081.006,-70.291
31081.111,-70.291
31081.207,-70.291
31081.315,-70.291
31081.418,-70.291
31081.521,-70.291
31081.628,-70.291
31081.724,-70.291
31081.827,-70.291
31081.944,-70.291
31082.033,-70.291
31082.059,-70.291
31082.199,-70.291
31082.263,-70.291
31082.380,-70.291
31082.467,-70.291
31082.567,-70.291
31082.723,-70.291
31082.775,-70.291
31082.875,-70.291
31082.978,-70.291
31083.065,-70.291
31083.165,-70.291
31083.261,-70.291
31083.364,-70.291
31083.467,-70.291
31083.567,-70.291
31083.670,-70.291
31083.782,-70.291
31083.881,-70.291
31084.003,-70.291
31084.074,-70.291
31084.192,-70.291
31084.288,-70.291
31084.388,-70.291
31084.516,-70.291
31084.599,-70.291
31084.697,-70.291
31084.798,-70.291
31084.900,-70.291
31085.005,-70.291
31085.104,-70.291
31085.251,-70.291
31085.310,-70.291
31085.435,-70.291
31085.513,-70.291
31085.619,-70.291
31085.723,-70.291
31085.753,-70.291
31085.924,-70.291
31085.952,-70.291
31086.055,-70.291
31086.160,-70.291
31086.256,-70.291
31086.354,-70.291
31086.462,-70.291
31086.562,-70.291
31086.665,-70.291
31136.766,-70.291
31136.869,-70.291
31136.947,-70.291
31137.050,-70.291
31137.158,-70.291
31137.253,-70.291
31137.364,-70.291
31137.459,-70.291
31137.572,-70.291
31137.646,-70.291
31137.766,-70.291
31137.869,-70.291
31137.959,-70.291
31138.064,-70.291
31138.146,-70.291
31138.248,-70.291
31138.381,-70.291
31138.501,-70.291
31138.609,-70.291
31138.665,-70.291
31138.790,-70.291
31138.869,-70.291
31138.996,-70.291
31139.121,-70.291
31139.199,-70.291
31139.302,-70.291
31139.405,-70.291
31139.506,-70.291
31139.604,-70.291
31139.707,-70.291
31139.815,-70.291
31139.842,-70.291
31139.942,-70.291
31140.052,-70.291
31140.150,-70.291
31140.256,-70.291
31140.337,-70.291
31140.440,-70.291
31140.545,-70.291
31140.641,-70.291
31140.761,-70.291
31140.846,-70.291
31140.944,-70.291
31141.050,-70.291
31141.153,-70.291
31141.250,-70.291
31141.349,-70.291
31141.452,-70.291
31141.565,-70.291
31141.668,-70.291
31141.768,-70.291
31141.866,-70.291
31141.932,-70.291
31142.069,-70.291
31142.163,-70.291
31142.250,-70.291
31142.383,-70.291
31142.457,-70.291
31142.601,-70.291
31142.667,-70.291
31142.788,-70.291
31142.886,-70.291
31142.988,-70.291
31143.084,-70.291
31143.194,-70.291
31143.298,-70.291
31143.336,-70.291
31143.432,-70.291
31143.535,-70.291
31143.635,-70.291
31143.729,-70.291
31143.842,-70.291
31143.940,-70.291
31144.043,-70.291
31144.138,-70.291
31144.244,-70.291
31144.342,-70.291
31144.462,-70.291
31144.535,-70.291
31144.628,-70.291
31144.729,-70.291
31144.856,-70.291
31144.935,-70.291
31145.038,-70.291
31145.138,-70.291
31145.243,-70.291
31145.366,-70.291
31145.472,-70.291
31145.548,-70.291
31145.652,-70.291
31145.753,-70.291
31145.856,-70.291
31145.925,-70.291
31146.030,-70.291
31146.165,-70.291
31146.273,-70.291
31146.361,-70.291
31146.469,-70.291
31146.572,-70.291
31146.687,-70.291
31196.785,-70.291
31196.881,-70.291
31196.984,-70.291
31197.084,-70.291
31197.114,-70.291
31197.293,-70.291
31197.320,-70.291
31197.415,-70.291
31197.528,-70.291
31197.628,-70.291
31197.802,-70.291
31197.827,-70.291
31197.927,-70.291
31198.030,-70.291
31198.114,-70.291
31198.219,-70.291
31198.317,-70.291
31198.415,-70.291
31198.525,-70.291
31198.621,-70.291
31198.724,-70.291
31198.849,-70.291
31198.937,-70.291
31199.035,-70.291
31199.135,-70.291
31199.236,-70.291
31199.337,-70.291
31199.440,-70.291
31199.543,-70.291
31199.653,-70.291
31199.756,-70.291
31199.851,-70.291
31199.952,-70.291
31200.064,-70.291
31200.119,-70.291
31200.226,-70.291
31200.371,-70.291
31200.489,-70.291
31200.565,-70.291
31200.687,-70.291
31200.704,-70.291
31200.875,-70.291
31200.976,-70.291
31201.005,-70.291
31201.192,-70.291
31201.219,-70.291
31201.315,-70.291
31201.422,-70.291
31201.525,-70.291
31201.623,-70.291
31201.719,-70.291
31201.804,-70.291
31201.902,-70.291
31202.021,-70.291
31202.104,-70.291
31202.206,-70.291
31202.307,-70.291
31202.410,-70.291
31202.523,-70.291
31202.616,-70.291
31202.717,-70.291
31202.820,-70.291
31202.934,-70.291
31203.032,-70.291
31203.130,-70.291
31203.229,-70.291
31203.331,-70.291
31203.432,-70.291
31203.535,-70.291
31203.626,-70.291
31203.741,-70.291
31203.844,-70.291
31203.908,-70.291
31204.038,-70.291
31204.121,-70.291
31204.241,-70.291
31204.295,-70.291
31204.452,-70.291
31204.552,-70.291
31204.604,-70.291
31204.695,-70.291
31204.797,-70.291
31204.893,-70.291
31204.996,-70.291
31205.096,-70.291
31205.204,-70.291
31205.300,-70.291
31205.403,-70.291
31205.508,-70.291
31205.608,-70.291
31205.709,-70.291
31205.832,-70.291
31205.893,-70.291
31205.993,-70.291
31206.097,-70.291
31206.204,-70.291
31206.302,-70.291
31206.412,-70.291
31206.506,-70.291
31206.611,-70.291
31256.712,-70.291
31256.814,-70.291
31256.934,-70.291
31257.018,-70.291
31257.121,-70.291
31257.243,-70.291
31257.300,-70.291
31257.386,-70.291
31257.496,-70.291
31257.601,-70.291
31257.704,-70.291
31257.837,-70.291
31257.939,-70.291
31258.040,-70.291
31258.146,-70.291
31258.248,-70.291
31258.349,-70.291
31258.452,-70.291
31258.547,-70.291
31258.646,-70.291
31258.771,-70.291
31258.790,-70.291
31258.885,-70.291
31258.998,-70.291
31259.185,-70.291
31259.192,-70.291
31259.297,-70.291
31259.396,-70.291
31259.505,-70.291
31259.603,-70.291
31259.680,-70.291
31259.782,-70.291
31259.896,-70.291
31259.988,-70.291
31260.089,-70.291
31260.192,-70.291
31260.295,-70.291
31260.398,-70.291
31260.508,-70.291
31260.609,-70.291
31260.704,-70.291
31260.824,-70.291
31260.918,-70.291
31261.021,-70.291
31261.119,-70.291
31261.226,-70.291
31261.344,-70.291
31261.422,-70.291
31261.523,-70.291
31261.587,-70.291
31261.709,-70.291
31261.800,-70.291
31261.923,-70.291
31261.971,-70.291
31262.079,-70.291
31262.241,-70.291
31262.337,-70.291
31262.445,-70.291
31262.486,-70.291
31262.582,-70.291
31262.677,-70.291
31262.778,-70.291
31262.881,-70.291
31262.984,-70.291
31263.082,-70.291
31263.207,-70.291
31263.275,-70.291
31263.371,-70.291
31263.467,-70.291
31263.592,-70.291
31263.674,-70.291
31263.777,-70.291
31263.885,-70.291
31263.986,-70.291
31264.084,-70.291
31264.182,-70.291
31264.288,-70.291
31264.400,-70.291
31264.496,-70.291
31264.594,-70.291
31264.697,-70.291
31264.807,-70.291
31264.902,-70.291
31265.043,-70.291
31265.108,-70.291
31265.209,-70.291
31265.310,-70.291
31265.430,-70.291
31265.508,-70.291
31265.628,-70.291
31265.722,-70.291
31265.824,-70.291
31265.927,-70.291
31266.030,-70.291
31266.119,-70.291
31266.163,-70.291
31266.261,-70.291
31266.359,-70.291
31266.532,-70.291
31266.564,-70.291
31266.660,-70.291
31316.771,-70.291
31316.952,-70.291
31317.054,-70.291
31317.057,-70.291
31317.177,-70.291
31317.268,-70.291
31317.364,-70.291
31317.464,-70.291
31317.591,-70.291
31317.660,-70.291
31317.763,-70.291
31317.873,-70.291
31317.976,-70.291
31318.076,-70.291
31318.175,-70.291
31318.290,-70.291
31318.396,-70.291
31318.494,-70.291
31318.589,-70.291
31318.692,-70.291
31318.795,-70.291
31318.895,-70.291
31319.006,-70.291
31319.106,-70.291
31319.229,-70.291
31319.305,-70.291
31319.429,-70.291
31319.515,-70.291
31319.613,-70.291
31319.714,-70.291
31319.839,-70.291
31319.920,-70.291
31320.023,-70.291
31320.126,-70.291
31320.163,-70.291
31320.256,-70.291
31320.356,-70.291
31320.459,-70.291
31320.557,-70.291
31320.660,-70.291
31320.763,-70.291
31320.864,-70.291
31320.967,-70.291
31321.045,-70.291
31321.150,-70.291
31321.271,-70.291
31321.356,-70.291
31321.454,-70.291
31321.567,-70.291
31321.684,-70.291
31321.761,-70.291
31321.866,-70.291
31321.967,-70.291
31322.072,-70.291
31322.172,-70.291
31322.275,-70.291
31322.380,-70.291
31322.481,-70.291
31322.584,-70.291
31322.685,-70.291
31322.788,-70.291
31322.851,-70.291
31322.954,-70.291
31323.059,-70.291
31323.168,-70.291
31323.299,-70.291
31323.432,-70.291
31323.516,-70.291
31323.542,-70.291
31323.640,-70.291
31323.744,-70.291
31323.839,-70.291
31323.951,-70.291
31324.050,-70.291
31324.253,-70.291
31324.256,-70.291
31324.336,-70.291
31324.437,-70.291
31324.540,-70.291
31324.643,-70.291
31324.744,-70.291
31324.861,-70.291
31324.945,-70.291
31325.040,-70.291
31325.143,-70.291
31325.244,-70.291
31325.354,-70.291
31325.474,-70.291
31325.552,-70.291
31325.675,-70.291
31325.763,-70.291
31325.859,-70.291
31325.962,-70.291
31326.064,-70.291
31326.167,-70.291
31326.277,-70.291
31326.373,-70.291
31326.479,-70.291
31326.576,-70.291
31326.685,-70.291
31376.780,-70.291
31376.893,-70.291
31376.994,-70.291
31377.025,-70.291
31377.190,-70.291
31377.293,-70.291
31377.395,-70.291
31377.425,-70.291
31377.538,-70.291
31377.636,-70.291
31377.804,-70.291
31377.834,-70.291
31377.930,-70.291
31378.033,-70.291
31378.135,-70.291
31378.250,-70.291
31378.348,-70.291
31378.427,-70.291
31378.528,-70.291
31378.638,-70.291
31378.744,-70.291
31378.829,-70.291
31378.932,-70.291
31379.025,-70.291
31379.146,-70.291
31379.248,-70.291
31379.376,-70.291
31379.424,-70.291
31379.545,-70.291
31379.641,-70.291
31379.734,-70.291
31379.856,-70.291
31379.964,-70.291
31380.057,-70.291
31380.155,-70.291
31380.258,-70.291
31380.364,-70.291
31380.467,-70.291
31380.577,-70.291
31380.677,-70.291
31380.775,-70.291
31380.876,-70.291
31380.979,-70.291
31381.082,-70.291
31381.190,-70.291
31381.288,-70.291
31381.391,-70.291
31381.420,-70.291
31381.518,-70.291
31381.625,-70.291
31381.721,-70.291
31381.827,-70.291
31381.924,-70.291
31382.013,-70.291
31382.111,-70.291
31382.234,-70.291
31382.334,-70.291
31382.413,-70.291
31382.516,-70.291
31382.616,-70.291
31382.721,-70.291
31382.832,-70.291
31382.927,-70.291
31383.025,-70.291
31383.138,-70.291
31383.234,-70.291
31383.334,-70.291
31383.439,-70.291
31383.549,-70.291
31383.641,-70.291
31383.761,-70.291
31383.849,-70.291
31383.949,-70.291
31384.045,-70.291
31384.146,-70.291
31384.250,-70.291
31384.364,-70.291
31384.461,-70.291
31384.565,-70.291
31384.667,-70.291
31384.766,-70.291
31384.876,-70.291
31384.908,-70.291
31385.013,-70.291
31385.109,-70.291
31385.280,-70.291
31385.307,-70.291
31385.408,-70.291
31385.508,-70.291
31385.623,-70.291
31385.702,-70.291
31385.802,-70.291
31385.900,-70.291
31386.011,-70.291
31386.101,-70.291
31386.202,-70.291
31386.305,-70.291
31386.508,-70.291
31386.513,-70.291
31386.611,-70.291
31676.714,-70.291
31676.815,-70.291
31676.927,-70.291
31677.030,-70.291
31677.131,-70.291
31677.228,-70.291
31677.327,-70.291
31677.437,-70.291
31677.533,-70.291
31677.636,-70.291
31677.738,-70.291
31677.849,-70.291
31677.945,-70.291
31678.047,-70.291
31678.106,-70.291
31678.250,-70.291
31678.315,-70.291
31678.422,-70.291
31678.496,-70.291
31678.658,-70.291
31678.729,-70.291
31678.864,-70.291
31678.905,-70.291
31679.070,-70.291
31679.096,-70.291
31679.197,-70.291
31679.299,-70.291
31679.398,-70.291
31679.513,-70.291
31679.609,-70.291
31679.706,-70.291
31679.810,-70.291
31679.912,-70.291
31680.008,-70.291
31680.094,-70.291
31680.195,-70.291
31680.299,-70.291
31680.420,-70.291
31680.496,-70.291
31680.606,-70.291
31680.702,-70.291
31680.810,-70.291
31680.915,-70.291
31681.016,-70.291
31681.116,-70.291
31681.229,-70.291
31681.326,-70.291
31681.432,-70.291
31681.535,-70.291
31681.633,-70.291
31681.733,-70.291
31681.847,-70.291
31681.935,-70.291
31682.047,-70.291
31682.146,-70.291
31682.258,-70.291
31682.285,-70.291
31682.381,-70.291
31682.552,-70.291
31682.582,-70.291
31682.680,-70.291
31682.790,-70.291
31682.947,-70.291
31682.988,-70.291
31683.084,-70.291
31683.266,-70.291
31683.369,-70.291
31683.398,-70.291
31683.496,-70.291
31683.599,-70.291
31683.685,-70.291
31683.778,-70.291
31683.883,-70.291
31683.984,-70.291
31684.097,-70.291
31684.190,-70.291
31684.292,-70.291
31684.388,-70.291
31684.496,-70.291
31684.609,-70.291
31684.680,-70.291
31684.805,-70.291
31684.905,-70.291
31685.010,-70.291
31685.111,-70.291
31685.197,-70.291
31685.319,-70.291
31685.418,-70.291
31685.523,-70.291
31685.631,-70.291
31685.728,-70.291
31685.826,-70.291
31685.934,-70.291
31686.033,-70.291
31686.136,-70.291
31686.256,-70.291
31686.271,-70.291
31686.451,-70.291
31686.479,-70.291
31686.577,-70.291
31686.670,-70.291
31736.849,-70.291
31736.878,-70.291
31736.991,-70.291
31737.084,-70.291
31737.189,-70.291
31737.285,-70.291
31737.388,-70.291
31737.489,-70.291
31737.569,-70.291
31737.670,-70.291
31737.773,-70.291
31737.883,-70.291
31738.003,-70.291
31738.119,-70.291
31738.182,-70.291
31738.285,-70.291
31738.390,-70.291
31738.506,-70.291
31738.603,-70.291
31738.699,-70.291
31738.797,-70.291
31738.900,-70.291
31739.001,-70.291
31739.104,-70.291
31739.168,-70.291
31739.273,-70.291
31739.415,-70.291
31739.513,-70.291
31739.616,-70.291
31739.724,-70.291
31739.790,-70.291
31739.932,-70.291
31740.035,-70.291
31740.062,-70.291
31740.158,-70.291
31740.342,-70.291
31740.371,-70.291
31740.538,-70.291
31740.567,-70.291
31740.668,-70.291
31740.766,-70.291
31740.871,-70.291
31740.969,-70.291
31741.074,-70.291
31741.177,-70.291
31741.255,-70.291
31741.356,-70.291
31741.469,-70.291
31741.570,-70.291
31741.665,-70.291
31741.770,-70.291
31741.881,-70.291
31741.976,-70.291
31742.074,-70.291
31742.180,-70.291
31742.285,-70.291
31742.380,-70.291
31742.503,-70.291
31742.592,-70.291
31742.687,-70.291
31742.790,-70.291
31742.915,-70.291
31742.996,-70.291
31743.057,-70.291
31743.158,-70.291
31743.309,-70.291
31743.364,-70.291
31743.471,-70.291
31743.574,-70.291
31743.650,-70.291
31743.753,-70.291
31743.918,-70.291
31744.020,-70.291
31744.048,-70.291
31744.216,-70.291
31744.266,-70.291
31744.364,-70.291
31744.464,-70.291
31744.562,-70.291
31744.660,-70.291
31744.753,-70.291
31744.859,-70.291
31744.967,-70.291
31745.077,-70.291
31745.150,-70.291
31745.248,-70.291
31745.351,-70.291
31745.452,-70.291
31745.582,-70.291
31745.658,-70.291
31745.766,-70.291
31745.863,-70.291
31745.966,-70.291
31746.067,-70.291
31746.180,-70.291
31746.273,-70.291
31746.375,-70.291
31746.486,-70.291
31746.592,-70.291
31796.712,-70.291
31796.787,-70.291
31796.888,-70.291
31796.989,-70.291
31797.092,-70.291
31797.153,-70.291
31797.297,-70.291
31797.359,-70.291
31797.462,-70.291
31797.562,-70.291
31797.648,-70.291
31797.770,-70.291
31797.869,-70.291
31797.945,-70.291
31798.043,-70.291
31798.138,-70.291
31798.241,-70.291
31798.342,-70.291
31798.452,-70.291
31798.555,-70.291
31798.653,-70.291
31798.753,-70.291
31798.861,-70.291
31798.935,-70.291
31799.037,-70.291
31799.138,-70.291
31799.243,-70.291
31799.354,-70.291
31799.449,-70.291
31799.581,-70.291
31799.677,-70.291
31799.755,-70.291
31799.856,-70.291
31799.947,-70.291
31800.070,-70.291
31800.173,-70.291
31800.266,-70.291
31800.371,-70.291
31800.471,-70.291
31800.589,-70.291
31800.677,-70.291
31800.785,-70.291
31800.890,-70.291
31801.005,-70.291
31801.084,-70.291
31801.187,-70.291
31801.290,-70.291
31801.391,-70.291
31801.503,-70.291
31801.532,-70.291
31801.628,-70.291
31801.805,-70.291
31801.834,-70.291
31801.932,-70.291
31802.030,-70.291
31802.133,-70.291
31802.236,-70.291
31802.339,-70.291
31802.427,-70.291
31802.548,-70.291
31802.621,-70.291
31802.724,-70.291
31802.839,-70.291
31802.939,-70.291
31803.035,-70.291
31803.135,-70.291
31803.229,-70.291
31803.332,-70.291
31803.456,-70.291
31803.528,-70.291
31803.638,-70.291
31803.756,-70.291
31803.827,-70.291
31803.940,-70.291
31804.032,-70.291
31804.158,-70.291
31804.263,-70.291
31804.351,-70.291
31804.472,-70.291
31804.594,-70.291
31804.675,-70.291
31804.771,-70.291
31804.873,-70.291
31805.001,-70.291
31805.018,-70.291
31805.114,-70.291
31805.283,-70.291
31805.315,-70.291
31805.489,-70.291
31805.516,-70.291
31805.616,-70.291
31805.734,-70.291
31805.824,-70.291
31805.932,-70.291
31806.028,-70.291
31806.111,-70.291
31806.229,-70.291
31806.332,-70.291
31806.435,-70.291
31806.515,-70.291
31806.623,-70.291
31856.719,-70.291
31856.837,-70.291
31856.923,-70.291
31857.025,-70.291
31857.150,-70.291
31857.248,-70.291
31857.364,-70.291
31857.437,-70.291
31857.535,-70.291
31857.646,-70.291
31857.743,-70.291
31857.842,-70.291
31857.945,-70.291
31858.049,-70.291
31858.150,-70.291
31858.271,-70.291
31858.354,-70.291
31858.452,-70.291
31858.560,-70.291
31858.675,-70.291
31858.714,-70.291
31858.817,-70.291
31858.971,-70.291
31859.087,-70.291
31859.114,-70.291
31859.212,-70.291
31859.307,-70.291
31859.410,-70.291
31859.508,-70.291
31859.616,-70.291
31859.714,-70.291
31859.815,-70.291
31859.915,-70.291
31860.018,-70.291
31860.197,-70.291
31860.199,-70.291
31860.309,-70.291
31860.403,-70.291
31860.511,-70.291
31860.619,-70.291
31860.714,-70.291
31860.812,-70.291
31860.925,-70.291
31861.028,-70.291
31861.123,-70.291
31861.224,-70.291
31861.326,-70.291
31861.427,-70.291
31861.528,-70.291
31861.631,-70.291
31861.760,-70.291
31861.837,-70.291
31861.940,-70.291
31862.050,-70.291
31862.172,-70.291
31862.248,-70.291
31862.358,-70.291
31862.444,-70.291
31862.552,-70.291
31862.657,-70.291
31862.765,-70.291
31862.861,-70.291
31862.893,-70.291
31863.086,-70.291
31863.101,-70.291
31863.204,-70.291
31863.373,-70.291
31863.405,-70.291
31863.496,-70.291
31863.603,-70.291
31863.704,-70.291
31863.820,-70.291
31863.891,-70.291
31863.988,-70.291
31864.089,-70.291
31864.192,-70.291
31864.300,-70.291
31864.398,-70.291
31864.508,-70.291
31864.601,-70.291
31864.706,-70.291
31864.807,-70.291
31864.923,-70.291
31865.011,-70.291
31865.114,-70.291
31865.204,-70.291
31865.334,-70.291
31865.434,-70.291
31865.493,-70.291
31865.626,-70.291
31865.726,-70.291
31865.831,-70.291
31865.942,-70.291
31866.033,-70.291
31866.138,-70.291
31866.239,-70.291
31866.336,-70.291
31866.445,-70.291
31866.547,-70.291
31866.650,-70.291
31916.761,-70.291
31916.849,-70.291
31916.881,-70.291
31916.981,-70.291
31917.084,-70.291
31917.195,-70.291
31917.293,-70.291
31917.391,-70.291
31917.494,-70.291
31917.596,-70.291
31917.697,-70.291
31917.775,-70.291
31917.905,-70.291
31917.983,-70.291
31918.082,-70.291
31918.229,-70.291
31918.290,-70.291
31918.391,-70.291
31918.494,-70.291
31918.598,-70.291
31918.699,-70.291
31918.800,-70.291
31918.930,-70.291
31919.008,-70.291
31919.108,-70.291
31919.174,-70.291
31919.337,-70.291
31919.413,-70.291
31919.521,-70.291
31919.596,-70.291
31919.744,-70.291
31919.824,-70.291
31919.893,-70.291
31919.971,-70.291
31920.136,-70.291
31920.175,-70.291
31920.273,-70.291
31920.373,-70.291
31920.469,-70.291
31920.638,-70.291
31920.668,-70.291
31920.770,-70.291
31920.871,-70.291
31920.973,-70.291
31921.081,-70.291
31921.170,-70.291
31921.283,-70.291
31921.383,-70.291
31921.486,-70.291
31921.584,-70.291
31921.668,-70.291
31921.768,-70.291
31921.871,-70.291
31921.976,-70.291
31922.077,-70.291
31922.180,-70.291
31922.283,-70.291
31922.395,-70.291
31922.589,-70.291
31922.592,-70.291
31922.692,-70.291
31922.814,-70.291
31922.896,-70.291
31923.006,-70.291
31923.062,-70.291
31923.204,-70.291
31923.266,-70.291
31923.418,-70.291
31923.479,-70.291
31923.613,-70.291
31923.687,-70.291
31923.827,-70.291
31923.898,-70.291
31924.023,-70.291
31924.126,-70.291
31924.226,-70.291
31924.331,-70.291
31924.432,-70.291
31924.478,-70.291
31924.562,-70.291
31924.662,-70.291
31924.763,-70.291
31924.869,-70.291
31924.969,-70.291
31925.072,-70.291
31925.173,-70.291
31925.256,-70.291
31925.363,-70.291
31925.457,-70.291
31925.579,-70.291
31925.690,-70.291
31925.763,-70.291
31925.866,-70.291
31925.991,-70.291
31926.079,-70.291
31926.175,-70.291
31926.275,-70.291
31926.383,-70.291
31926.479,-70.291
31926.582,-70.291
31926.685,-70.291
31976.798,-70.291
31976.896,-70.291
31976.993,-70.291
31977.096,-70.291
31977.197,-70.291
31977.261,-70.291
31977.366,-70.291
31977.474,-70.291
31977.613,-70.291
31977.679,-70.291
31977.832,-70.291
31977.913,-70.291
31978.018,-70.291
31978.048,-70.291
31978.150,-70.291
31978.256,-70.291
31978.353,-70.291
31978.449,-70.291
31978.550,-70.291
31978.650,-70.291
31978.748,-70.291
31978.848,-70.291
31978.962,-70.291
31979.065,-70.291
31979.143,-70.291
31979.253,-70.291
31979.348,-70.291
31979.449,-70.291
31979.552,-70.291
31979.667,-70.291
31979.765,-70.291
31979.861,-70.291
31979.962,-70.291
31980.065,-70.291
31980.168,-70.291
31980.270,-70.291
31980.400,-70.291
31980.476,-70.291
31980.577,-70.291
31980.672,-70.291
31980.793,-70.291
31980.848,-70.291
31980.986,-70.291
31981.094,-70.291
31981.190,-70.291
31981.295,-70.291
31981.396,-70.291
31981.505,-70.291
31981.599,-70.291
31981.702,-70.291
31981.829,-70.291
31981.842,-70.291
31981.937,-70.291
31982.035,-70.291
31982.138,-70.291
31982.239,-70.291
31982.341,-70.291
31982.445,-70.291
31982.562,-70.291
31982.729,-70.291
31982.753,-70.291
31982.853,-70.291
31982.932,-70.291
31983.033,-70.291
31983.136,-70.291
31983.246,-70.291
31983.351,-70.291
31983.447,-70.291
31983.547,-70.291
31983.665,-70.291
31983.751,-70.291
31983.854,-70.291
31983.956,-70.291
31984.077,-70.291
31984.160,-70.291
31984.263,-70.291
31984.364,-70.291
31984.467,-70.291
31984.570,-70.291
31984.674,-70.291
31984.736,-70.291
31984.841,-70.291
31984.979,-70.291
31985.082,-70.291
31985.184,-70.291
31985.285,-70.291
31985.398,-70.291
31985.425,-70.291
31985.525,-70.291
31985.697,-70.291
31985.724,-70.291
31985.829,-70.291
31985.937,-70.291
31986.106,-70.291
31986.133,-70.291
31986.238,-70.291
31986.322,-70.291
31986.445,-70.291
31986.540,-70.291
31986.641,-70.291
32276.719,-70.291
32276.834,-70.291
32276.927,-70.291
32277.027,-70.291
32277.131,-70.291
32277.233,-70.291
32277.341,-70.291
32277.437,-70.291
32277.550,-70.291
32277.646,-70.291
32277.751,-70.291
32277.849,-70.291
32277.949,-70.291
32278.074,-70.291
32278.123,-70.291
32278.266,-70.291
32278.368,-70.291
32278.462,-70.291
32278.564,-70.291
32278.665,-70.291
32278.770,-70.291
32278.834,-70.291
32278.932,-70.291
32279.084,-70.291
32279.113,-70.291
32279.243,-70.291
32279.342,-70.291
32279.476,-70.291
32279.589,-70.291
32279.618,-70.291
32279.714,-70.291
32279.827,-70.291
32279.915,-70.291
32280.021,-70.291
32280.118,-70.291
32280.219,-70.291
32280.326,-70.291
32280.423,-70.291
32280.521,-70.291
32280.614,-70.291
32280.714,-70.291
32280.815,-70.291
32280.913,-70.291
32281.013,-70.291
32281.133,-70.291
32281.231,-70.291
32281.329,-70.291
32281.432,-70.291
32281.532,-70.291
32281.636,-70.291
32281.751,-70.291
32281.841,-70.291
32281.945,-70.291
32282.045,-70.291
32282.163,-70.291
32282.261,-70.291
32282.359,-70.291
32282.557,-70.291
32282.560,-70.291
32282.667,-70.291
32282.788,-70.291
32282.864,-70.291
32282.967,-70.291
32283.067,-70.291
32283.172,-70.291
32283.273,-70.291
32283.302,-70.291
32283.403,-70.291
32283.589,-70.291
32283.603,-70.291
32283.709,-70.291
32283.810,-70.291
32283.913,-70.291
32284.000,-70.291
32284.099,-70.291
32284.221,-70.291
32284.322,-70.291
32284.403,-70.291
32284.501,-70.291
32284.604,-70.291
32284.734,-70.291
32284.819,-70.291
32284.915,-70.291
32285.016,-70.291
32285.099,-70.291
32285.222,-70.291
32285.322,-70.291
32285.425,-70.291
32285.537,-70.291
32285.631,-70.291
32285.731,-70.291
32285.837,-70.291
32285.937,-70.291
32286.048,-70.291
32286.160,-70.291
32286.244,-70.291
32286.348,-70.291
32286.449,-70.291
32286.528,-70.291
32286.594,-70.291
32336.756,-70.291
32336.866,-70.291
32336.896,-70.291
32337.064,-70.291
32337.092,-70.291
32337.189,-70.291
32337.310,-70.291
32337.395,-70.291
32337.496,-70.291
32337.675,-70.291
32337.704,-70.291
32337.804,-70.291
32337.905,-70.291
32337.998,-70.291
32338.087,-70.291
32338.189,-70.291
32338.292,-70.291
32338.410,-70.291
32338.508,-70.291
32338.604,-70.291
32338.701,-70.291
32338.802,-70.291
32338.905,-70.291
32339.016,-70.291
32339.109,-70.291
32339.214,-70.291
32339.315,-70.291
32339.408,-70.291
32339.511,-70.291
32339.614,-70.291
32339.733,-70.291
32339.834,-70.291
32339.930,-70.291
32340.033,-70.291
32340.136,-70.291
32340.246,-70.291
32340.299,-70.291
32340.452,-70.291
32340.570,-70.291
32340.586,-70.291
32340.682,-70.291
32340.780,-70.291
32340.954,-70.291
32340.979,-70.291
32341.079,-70.291
32341.185,-70.291
32341.305,-70.291
32341.393,-70.291
32341.491,-70.291
32341.592,-70.291
32341.695,-70.291
32341.798,-70.291
32341.876,-70.291
32341.981,-70.291
32342.084,-70.291
32342.182,-70.291
32342.287,-70.291
32342.408,-70.291
32342.489,-70.291
32342.594,-70.291
32342.702,-70.291
32342.819,-70.291
32342.900,-70.291
32343.003,-70.291
32343.104,-70.291
32343.212,-70.291
32343.310,-70.291
32343.422,-70.291
32343.515,-70.291
32343.621,-70.291
32343.729,-70.291
32343.847,-70.291
32343.925,-70.291
32344.025,-70.291
32344.123,-70.291
32344.244,-70.291
32344.334,-70.291
32344.435,-70.291
32344.538,-70.291
32344.657,-70.291
32344.743,-70.291
32344.775,-70.291
32344.873,-70.291
32344.979,-70.291
32345.076,-70.291
32345.175,-70.291
32345.278,-70.291
32345.371,-70.291
32345.469,-70.291
32345.589,-70.291
32345.674,-70.291
32345.785,-70.291
32345.883,-70.291
32345.981,-70.291
32346.082,-70.291
32346.175,-70.291
32346.288,-70.291
32346.390,-70.291
32346.494,-70.291
32346.591,-70.291
32346.689,-70.291
32396.790,-70.291
32396.891,-70.291
32396.994,-70.291
32397.092,-70.291
32397.185,-70.291
32397.304,-70.291
32397.405,-70.291
32397.508,-70.291
32397.621,-70.291
32397.719,-70.291
32397.815,-70.291
32397.876,-70.291
32398.021,-70.291
32398.091,-70.291
32398.226,-70.291
32398.332,-70.291
32398.359,-70.291
32398.459,-70.291
32398.574,-70.291
32398.655,-70.291
32398.761,-70.291
32398.875,-70.291
32399.067,-70.291
32399.070,-70.291
32399.168,-70.291
32399.263,-70.291
32399.391,-70.291
32399.469,-70.291
32399.555,-70.291
32399.658,-70.291
32399.761,-70.291
32399.866,-70.291
32399.966,-70.291
32400.067,-70.291
32400.172,-70.291
32400.273,-70.291
32400.375,-70.291
32400.493,-70.291
32400.586,-70.291
32400.684,-70.291
32400.785,-70.291
32400.907,-70.291
32400.989,-70.291
32401.092,-70.291
32401.194,-70.291
32401.305,-70.291
32401.408,-70.291
32401.505,-70.291
32401.603,-70.291
32401.707,-70.291
32401.807,-70.291
32401.910,-70.291
32402.021,-70.291
32402.050,-70.291
32402.148,-70.291
32402.331,-70.291
32402.349,-70.291
32402.445,-70.291
32402.565,-70.291
32402.652,-70.291
32402.766,-70.291
32402.864,-70.291
32402.959,-70.291
32403.064,-70.291
32403.152,-70.291
32403.246,-70.291
32403.347,-70.291
32403.447,-70.291
32403.552,-70.291
32403.652,-70.291
32403.753,-70.291
32403.888,-70.291
32403.961,-70.291
32404.060,-70.291
32404.168,-70.291
32404.277,-70.291
32404.373,-70.291
32404.469,-70.291
32404.579,-70.291
32404.675,-70.291
32404.778,-70.291
32404.903,-70.291
32404.991,-70.291
32405.084,-70.291
32405.207,-70.291
32405.290,-70.291
32405.393,-70.291
32405.496,-70.291
32405.598,-70.291
32405.638,-70.291
32405.804,-70.291
32405.905,-70.291
32406.006,-70.291
32406.047,-70.291
32406.143,-70.291
32406.244,-70.291
32406.344,-70.291
32406.449,-70.291
32406.552,-70.291
32406.655,-70.291
32456.744,-70.291
32456.853,-70.291
32456.952,-70.291
32457.030,-70.291
32457.153,-70.291
32457.236,-70.291
32457.339,-70.291
32457.440,-70.291
32457.545,-70.291
32457.646,-70.291
32457.731,-70.291
32457.849,-70.291
32457.945,-70.291
32458.045,-70.291
32458.138,-70.291
32458.255,-70.291
32458.354,-70.291
32458.454,-70.291
32458.579,-70.291
32458.658,-70.291
32458.773,-70.291
32458.873,-70.291
32458.966,-70.291
32459.072,-70.291
32459.189,-70.291
32459.283,-70.291
32459.385,-70.291
32459.516,-70.291
32459.589,-70.291
32459.694,-70.291
32459.795,-70.291
32459.827,-70.291
32459.925,-70.291
32460.104,-70.291
32460.130,-70.291
32460.229,-70.291
32460.331,-70.291
32460.439,-70.291
32460.537,-70.291
32460.638,-70.291
32460.726,-70.291
32460.827,-70.291
32460.922,-70.291
32461.025,-70.291
32461.150,-70.291
32461.239,-70.291
32461.337,-70.291
32461.444,-70.291
32461.535,-70.291
32461.648,-70.291
32461.768,-70.291
32461.844,-70.291
32461.956,-70.291
32462.052,-70.291
32462.152,-70.291
32462.253,-70.291
32462.356,-70.291
32462.459,-70.291
32462.560,-70.291
32462.665,-70.291
32462.773,-70.291
32462.878,-70.291
32462.989,-70.291
32463.035,-70.291
32463.138,-70.291
32463.278,-70.291
32463.400,-70.291
32463.425,-70.291
32463.594,-70.291
32463.619,-70.291
32463.724,-70.291
32463.817,-70.291
32463.915,-70.291
32464.018,-70.291
32464.121,-70.291
32464.234,-70.291
32464.329,-70.291
32464.429,-70.291
32464.530,-70.291
32464.608,-70.291
32464.709,-70.291
32464.826,-70.291
32464.915,-70.291
32465.018,-70.291
32465.121,-70.291
32465.238,-70.291
32465.334,-70.291
32465.432,-70.291
32465.530,-70.291
32465.633,-70.291
32465.734,-70.291
32465.837,-70.291
32465.940,-70.291
32466.042,-70.291
32466.145,-70.291
32466.246,-70.291
32466.349,-70.291
32466.462,-70.291
32466.555,-70.291
32466.687,-70.291
32516.766,-70.291
32516.864,-70.291
32516.964,-70.291
32517.076,-70.291
32517.104,-70.291
32517.271,-70.291
32517.322,-70.291
32517.476,-70.291
32517.503,-70.291
32517.601,-70.291
32517.704,-70.291
32517.807,-70.291
32517.908,-70.291
32518.010,-70.291
32518.131,-70.291
32518.216,-70.291
32518.320,-70.291
32518.396,-70.291
32518.500,-70.291
32518.596,-70.291
32518.706,-70.291
32518.807,-70.291
32518.913,-70.291
32519.013,-70.291
32519.114,-70.291
32519.239,-70.291
32519.327,-70.291
32519.425,-70.291
32519.523,-70.291
32519.648,-70.291
32519.728,-70.291
32519.831,-70.291
32519.932,-70.291
32520.040,-70.291
32520.138,-70.291
32520.239,-70.291
32520.342,-70.291
32520.447,-70.291
32520.547,-70.291
32520.650,-70.291
32520.761,-70.291
32520.881,-70.291
32520.957,-70.291
32521.072,-70.291
32521.091,-70.291
32521.265,-70.291
32521.293,-70.291
32521.390,-70.291
32521.508,-70.291
32521.604,-70.291
32521.701,-70.291
32521.810,-70.291
32521.888,-70.291
32522.006,-70.291
32522.106,-70.291
32522.187,-70.291
32522.288,-70.291
32522.383,-70.291
32522.486,-70.291
32522.589,-70.291
32522.717,-70.291
32522.810,-70.291
32522.913,-70.291
32523.003,-70.291
32523.106,-70.291
32523.211,-70.291
32523.322,-70.291
32523.418,-70.291
32523.518,-70.291
32523.646,-70.291
32523.734,-70.291
32523.829,-70.291
32523.927,-70.291
32524.030,-70.291
32524.131,-70.291
32524.234,-70.291
32524.337,-70.291
32524.381,-70.291
32524.543,-70.291
32524.643,-70.291
32524.748,-70.291
32524.790,-70.291
32524.885,-70.291
32524.983,-70.291
32525.081,-70.291
32525.190,-70.291
32525.285,-70.291
32525.396,-70.291
32525.481,-70.291
32525.591,-70.291
32525.692,-70.291
32525.795,-70.291
32525.896,-70.291
32525.976,-70.291
32526.077,-70.291
32526.180,-70.291
32526.288,-70.291
32526.385,-70.291
32526.513,-70.291
32526.599,-70.291
32526.699,-70.291
32576.780,-70.291
32576.902,-70.291
32577.010,-70.291
32577.077,-70.291
32577.212,-70.291
32577.322,-70.291
32577.390,-70.291
32577.511,-70.291
32577.606,-70.291
32577.704,-70.291
32577.809,-70.291
32577.930,-70.291
32578.018,-70.291
32578.126,-70.291
32578.229,-70.291
32578.329,-70.291
32578.432,-70.291
32578.535,-70.291
32578.645,-70.291
32578.675,-70.291
32578.842,-70.291
32578.871,-70.291
32578.967,-70.291
32579.074,-70.291
32579.185,-70.291
32579.353,-70.291
32579.381,-70.291
32579.464,-70.291
32579.570,-70.291
32579.665,-70.291
32579.763,-70.291
32579.866,-70.291
32579.969,-70.291
32580.070,-70.291
32580.182,-70.291
32580.275,-70.291
32580.380,-70.291
32580.479,-70.291
32580.582,-70.291
32580.695,-70.291
32580.793,-70.291
32580.888,-70.291
32580.994,-70.291
32581.077,-70.291
32581.197,-70.291
32581.300,-70.291
32581.407,-70.291
32581.505,-70.291
32581.613,-70.291
32581.731,-70.291
32581.820,-70.291
32581.918,-70.291
32582.018,-70.291
32582.141,-70.291
32582.224,-70.291
32582.329,-70.291
32582.427,-70.291
32582.467,-70.291
32582.557,-70.291
32582.660,-70.291
32582.761,-70.291
32582.859,-70.291
32582.962,-70.291
32583.065,-70.291
32583.167,-70.291
32583.270,-70.291
32583.373,-70.291
32583.474,-70.291
32583.570,-70.291
32583.660,-70.291
32583.756,-70.291
32583.861,-70.291
32583.979,-70.291
32584.065,-70.291
32584.167,-70.291
32584.268,-70.291
32584.381,-70.291
32584.479,-70.291
32584.577,-70.291
32584.687,-70.291
32584.782,-70.291
32584.883,-70.291
32584.986,-70.291
32585.098,-70.291
32585.148,-70.291
32585.293,-70.291
32585.407,-70.291
32585.447,-70.291
32585.601,-70.291
32585.702,-70.291
32585.817,-70.291
32585.846,-70.291
32585.978,-70.291
32586.113,-70.291
32586.214,-70.291
32586.244,-70.291
32586.420,-70.291
32586.447,-70.291
32586.545,-70.291
32586.658,-70.291
32876.753,-70.291
32876.920,-70.291
32876.957,-70.291
32877.057,-70.291
32877.153,-70.291
32877.248,-70.291
32877.349,-70.291
32877.447,-70.291
32877.545,-70.291
32877.655,-70.291
32877.751,-70.291
32877.854,-70.291
32877.979,-70.291
32878.065,-70.291
32878.163,-70.291
32878.263,-70.291
32878.364,-70.291
32878.467,-70.291
32878.570,-70.291
32878.674,-70.291
32878.782,-70.291
32878.876,-70.291
32878.979,-70.291
32879.082,-70.291
32879.194,-70.291
32879.288,-70.291
32879.339,-70.291
32879.491,-70.291
32879.594,-70.291
32879.695,-70.291
32879.819,-70.291
32879.863,-70.291
32879.969,-70.291
32880.106,-70.291
32880.133,-70.291
32880.251,-70.291
32880.347,-70.291
32880.437,-70.291
32880.549,-70.291
32880.645,-70.291
32880.744,-70.291
32880.848,-70.291
32880.932,-70.291
32881.054,-70.291
32881.131,-70.291
32881.234,-70.291
32881.336,-70.291
32881.437,-70.291
32881.538,-70.291
32881.653,-70.291
32881.744,-70.291
32881.849,-70.291
32881.949,-70.291
32882.065,-70.291
32882.165,-70.291
32882.261,-70.291
32882.388,-70.291
32882.474,-70.291
32882.567,-70.291
32882.665,-70.291
32882.770,-70.291
32882.871,-70.291
32882.974,-70.291
32883.079,-70.291
32883.179,-70.291
32883.280,-70.291
32883.383,-70.291
32883.491,-70.291
32883.530,-70.291
32883.690,-70.291
32883.746,-70.291
32883.827,-70.291
32883.927,-70.291
32884.021,-70.291
32884.123,-70.291
32884.226,-70.291
32884.339,-70.291
32884.435,-70.291
32884.518,-70.291
32884.636,-70.291
32884.736,-70.291
32884.839,-70.291
32884.923,-70.291
32885.028,-70.291
32885.126,-70.291
32885.221,-70.291
32885.331,-70.291
32885.440,-70.291
32885.538,-70.291
32885.636,-70.291
32885.739,-70.291
32885.841,-70.291
32885.944,-70.291
32886.087,-70.291
32886.160,-70.291
32886.260,-70.291
32886.356,-70.291
32886.476,-70.291
32886.557,-70.291
32886.660,-70.291
32936.771,-70.291
32936.869,-70.291
32936.966,-70.291
32937.067,-70.291
32937.172,-70.291
32937.275,-70.291
32937.376,-70.291
32937.489,-70.291
32937.582,-70.291
32937.677,-70.291
32937.709,-70.291
32937.814,-70.291
32937.925,-70.291
32938.021,-70.291
32938.126,-70.291
32938.223,-70.291
32938.312,-70.291
32938.410,-70.291
32938.528,-70.291
32938.606,-70.291
32938.707,-70.291
32938.820,-70.291
32938.945,-70.291
32939.016,-70.291
32939.118,-70.291
32939.219,-70.291
32939.324,-70.291
32939.425,-70.291
32939.527,-70.291
32939.630,-70.291
32939.739,-70.291
32939.804,-70.291
32939.937,-70.291
32940.047,-70.291
32940.150,-70.291
32940.250,-70.291
32940.322,-70.291
32940.449,-70.291
32940.552,-70.291
32940.653,-70.291
32940.756,-70.291
32940.859,-70.291
32940.971,-70.291
32941.067,-70.291
32941.165,-70.291
32941.209,-70.291
32941.371,-70.291
32941.400,-70.291
32941.501,-70.291
32941.601,-70.291
32941.712,-70.291
32941.883,-70.291
32941.915,-70.291
32942.011,-70.291
32942.111,-70.291
32942.212,-70.291
32942.312,-70.291
32942.396,-70.291
32942.503,-70.291
32942.608,-70.291
32942.724,-70.291
32942.804,-70.291
32942.907,-70.291
32943.008,-70.291
32943.114,-70.291
32943.217,-70.291
32943.315,-70.291
32943.418,-70.291
32943.521,-70.291
32943.623,-70.291
32943.719,-70.291
32943.829,-70.291
32943.934,-70.291
32943.996,-70.291
32944.148,-70.291
32944.204,-70.291
32944.339,-70.291
32944.442,-70.291
32944.549,-70.291
32944.657,-70.291
32944.751,-70.291
32944.853,-70.291
32944.956,-70.291
32945.057,-70.291
32945.168,-70.291
32945.195,-70.291
32945.290,-70.291
32945.396,-70.291
32945.493,-70.291
32945.673,-70.291
32945.699,-70.291
32945.798,-70.291
32945.902,-70.291
32945.986,-70.291
32946.092,-70.291
32946.190,-70.291
32946.287,-70.291
32946.398,-70.291
32946.493,-70.291
32946.592,-70.291
32946.695,-70.291
32996.800,-70.291
32996.900,-70.291
32997.001,-70.291
32997.106,-70.291
32997.207,-70.291
32997.309,-70.291
32997.420,-70.291
32997.523,-70.291
32997.619,-70.291
32997.685,-70.291
32997.824,-70.291
32997.888,-70.291
32998.025,-70.291
32998.138,-70.291
32998.236,-70.291
32998.332,-70.291
32998.435,-70.291
32998.559,-70.291
32998.643,-70.291
32998.741,-70.291
32998.854,-70.291
32998.881,-70.291
32999.050,-70.291
32999.077,-70.291
32999.180,-70.291
32999.293,-70.291
32999.386,-70.291
32999.484,-70.291
32999.596,-70.291
32999.674,-70.291
32999.795,-70.291
32999.893,-70.291
32999.972,-70.291
33000.076,-70.291
33000.177,-70.291
33000.288,-70.291
33000.420,-70.291
33000.491,-70.291
33000.589,-70.291
33000.690,-70.291
33000.810,-70.291
33000.893,-70.291
33000.996,-70.291
33001.131,-70.291
33001.204,-70.291
33001.305,-70.291
33001.405,-70.291
33001.508,-70.291
33001.611,-70.291
33001.714,-70.291
33001.824,-70.291
33001.917,-70.291
33002.021,-70.291
33002.123,-70.291
33002.234,-70.291
33002.327,-70.291
33002.430,-70.291
33002.525,-70.291
33002.646,-70.291
33002.695,-70.291
33002.847,-70.291
33002.873,-70.291
33002.967,-70.291
33003.067,-70.291
33003.170,-70.291
33003.282,-70.291
33003.375,-70.291
33003.484,-70.291
33003.584,-70.291
33003.702,-70.291
33003.765,-70.291
33003.861,-70.291
33003.966,-70.291
33004.098,-70.291
33004.173,-70.291
33004.271,-70.291
33004.376,-70.291
33004.483,-70.291
33004.579,-70.291
33004.680,-70.291
33004.805,-70.291
33004.895,-70.291
33004.998,-70.291
33005.096,-70.291
33005.195,-70.291
33005.298,-70.291
33005.408,-70.291
33005.503,-70.291
33005.609,-70.291
33005.706,-70.291
33005.810,-70.291
33005.880,-70.291
33006.013,-70.291
33006.118,-70.291
33006.228,-70.291
33006.320,-70.291
33006.425,-70.291
33006.520,-70.291
33006.552,-70.291
33006.668,-70.291
33056.756,-70.291
33056.859,-70.291
33056.966,-70.291
33057.060,-70.291
33057.163,-70.291
33057.266,-70.291
33057.380,-70.291
33057.451,-70.291
33057.550,-70.291
33057.652,-70.291
33057.755,-70.291
33057.859,-70.291
33057.969,-70.291
33058.062,-70.291
33058.163,-70.291
33058.266,-70.291
33058.369,-70.291
33058.481,-70.291
33058.572,-70.291
33058.675,-70.291
33058.778,-70.291
33058.891,-70.291
33058.994,-70.291
33059.089,-70.291
33059.187,-70.291
33059.290,-70.291
33059.393,-70.291
33059.494,-70.291
33059.596,-70.291
33059.699,-70.291
33059.802,-70.291
33059.898,-70.291
33059.951,-70.291
33060.109,-70.291
33060.165,-70.291
33060.342,-70.291
33060.344,-70.291
33060.451,-70.291
33060.552,-70.291
33060.646,-70.291
33060.753,-70.291
33060.851,-70.291
33060.952,-70.291
33061.054,-70.291
33061.143,-70.291
33061.246,-70.291
33061.342,-70.291
33061.442,-70.291
33061.543,-70.291
33061.668,-70.291
33061.748,-70.291
33061.859,-70.291
33062.055,-70.291
33062.060,-70.291
33062.158,-70.291
33062.271,-70.291
33062.388,-70.291
33062.464,-70.291
33062.574,-70.291
33062.670,-70.291
33062.771,-70.291
33062.893,-70.291
33062.981,-70.291
33063.087,-70.291
33063.209,-70.291
33063.302,-70.291
33063.395,-70.291
33063.491,-70.291
33063.589,-70.291
33063.695,-70.291
33063.797,-70.291
33063.898,-70.291
33064.000,-70.291
33064.038,-70.291
33064.136,-70.291
33064.233,-70.291
33064.331,-70.291
33064.435,-70.291
33064.538,-70.291
33064.640,-70.291
33064.729,-70.291
33064.829,-70.291
33064.951,-70.291
33065.050,-70.291
33065.140,-70.291
33065.238,-70.291
33065.336,-70.291
33065.464,-70.291
33065.549,-70.291
33065.648,-70.291
33065.744,-70.291
33065.844,-70.291
33065.947,-70.291
33066.045,-70.291
33066.155,-70.291
33066.253,-70.291
33066.349,-70.291
33066.459,-70.291
33066.567,-70.291
33066.663,-70.291
33116.765,-70.291
33116.876,-70.291
33117.001,-70.291
33117.074,-70.291
33117.175,-70.291
33117.302,-70.291
33117.388,-70.291
33117.484,-70.291
33117.591,-70.291
33117.621,-70.291
33117.788,-70.291
33117.891,-70.291
33117.918,-70.291
33118.037,-70.291
33118.123,-70.291
33118.233,-70.291
33118.334,-70.291
33118.437,-70.291
33118.533,-70.291
33118.635,-70.291
33118.734,-70.291
33118.839,-70.291
33118.918,-70.291
33119.016,-70.291
33119.138,-70.291
33119.228,-70.291
33119.326,-70.291
33119.429,-70.291
33119.550,-70.291
33119.633,-70.291
33119.736,-70.291
33119.837,-70.291
33119.942,-70.291
33120.043,-70.291
33120.146,-70.291
33120.248,-70.291
33120.354,-70.291
33120.462,-70.291
33120.582,-70.291
33120.655,-70.291
33120.768,-70.291
33120.861,-70.291
33120.978,-70.291
33121.067,-70.291
33121.179,-70.291
33121.299,-70.291
33121.375,-70.291
33121.469,-70.291
33121.577,-70.291
33121.608,-70.291
33121.712,-70.291
33121.812,-70.291
33121.917,-70.291
33122.021,-70.291
33122.116,-70.291
33122.217,-70.291
33122.319,-70.291
33122.422,-70.291
33122.528,-70.291
33122.606,-70.291
33122.706,-70.291
33122.837,-70.291
33122.935,-70.291
33123.011,-70.291
33123.114,-70.291
33123.224,-70.291
33123.329,-70.291
33123.424,-70.291
33123.523,-70.291
33123.625,-70.291
33123.731,-70.291
33123.829,-70.291
33123.932,-70.291
33124.045,-70.291
33124.143,-70.291
33124.239,-70.291
33124.353,-70.291
33124.449,-70.291
33124.549,-70.291
33124.652,-70.291
33124.763,-70.291
33124.861,-70.291
33124.957,-70.291
33125.062,-70.291
33125.163,-70.291
33125.214,-70.291
33125.388,-70.291
33125.403,-70.291
33125.503,-70.291
33125.599,-70.291
33125.697,-70.291
33125.798,-70.291
33125.912,-70.291
33126.008,-70.291
33126.121,-70.291
33126.199,-70.291
33126.315,-70.291
33126.417,-70.291
33126.494,-70.291
33126.596,-70.291
33126.697,-70.291
33176.800,-70.291
33176.903,-70.291
33177.013,-70.291
33177.109,-70.291
33177.224,-70.291
33177.312,-70.291
33177.415,-70.291
33177.515,-70.291
33177.636,-70.291
33177.729,-70.291
33177.827,-70.291
33177.930,-70.291
33178.030,-70.291
33178.131,-70.291
33178.234,-70.291
33178.337,-70.291
33178.447,-70.291
33178.545,-70.291
33178.643,-70.291
33178.748,-70.291
33178.849,-70.291
33178.952,-70.291
33179.062,-70.291
33179.165,-70.291
33179.192,-70.291
33179.361,-70.291
33179.386,-70.291
33179.498,-70.291
33179.596,-70.291
33179.692,-70.291
33179.795,-70.291
33179.907,-70.291
33180.001,-70.291
33180.101,-70.291
33180.204,-70.291
33180.283,-70.291
33180.383,-70.291
33180.486,-70.291
33180.599,-70.291
33180.701,-70.291
33180.820,-70.291
33180.900,-70.291
33181.010,-70.291
33181.106,-70.291
33181.204,-70.291
33181.314,-70.291
33181.415,-70.291
33181.511,-70.291
33181.636,-70.291
33181.723,-70.291
33181.820,-70.291
33181.920,-70.291
33182.048,-70.291
33182.126,-70.291
33182.226,-70.291
33182.329,-70.291
33182.461,-70.291
33182.535,-70.291
33182.636,-70.291
33182.748,-70.291
33182.849,-70.291
33182.878,-70.291
33183.048,-70.291
33183.150,-70.291
33183.177,-70.291
33183.275,-70.291
33183.378,-70.291
33183.494,-70.291
33183.592,-70.291
33183.674,-70.291
33183.788,-70.291
33183.908,-70.291
33183.979,-70.291
33184.101,-70.291
33184.175,-70.291
33184.302,-70.291
33184.378,-70.291
33184.481,-70.291
33184.584,-70.291
33184.687,-70.291
33184.782,-70.291
33184.883,-70.291
33185.001,-70.291
33185.121,-70.291
33185.197,-70.291
33185.307,-70.291
33185.402,-70.291
33185.498,-70.291
33185.599,-70.291
33185.719,-70.291
33185.814,-70.291
33185.913,-70.291
33186.018,-70.291
33186.128,-70.291
33186.224,-70.291
33186.322,-70.291
33186.425,-70.291
33186.528,-70.291
33186.631,-70.291
33476.734,-70.291
33476.780,-70.291
33476.864,-70.291
33477.050,-70.291
33477.077,-70.291
33477.177,-70.291
33477.273,-70.291
33477.375,-70.291
33477.474,-70.291
33477.582,-70.291
33477.682,-70.291
33477.766,-70.291
33477.905,-70.291
33477.964,-70.291
33478.065,-70.291
33478.168,-70.291
33478.271,-70.291
33478.371,-70.291
33478.474,-70.291
33478.577,-70.291
33478.684,-70.291
33478.782,-70.291
33478.883,-70.291
33478.986,-70.291
33479.153,-70.291
33479.192,-70.291
33479.256,-70.291
33479.395,-70.291
33479.461,-70.291
33479.562,-70.291
33479.739,-70.291
33479.812,-70.291
33479.908,-70.291
33480.020,-70.291
33480.131,-70.291
33480.158,-70.291
33480.317,-70.291
33480.418,-70.291
33480.454,-70.291
33480.565,-70.291
33480.726,-70.291
33480.755,-70.291
33480.853,-70.291
33480.951,-70.291
33481.072,-70.291
33481.248,-70.291
33481.251,-70.291
33481.369,-70.291
33481.469,-70.291
33481.555,-70.291
33481.648,-70.291
33481.750,-70.291
33481.854,-70.291
33481.967,-70.291
33482.067,-70.291
33482.165,-70.291
33482.263,-70.291
33482.366,-70.291
33482.469,-70.291
33482.570,-70.291
33482.674,-70.291
33482.783,-70.291
33482.881,-70.291
33482.981,-70.291
33483.087,-70.291
33483.185,-70.291
33483.287,-70.291
33483.393,-70.291
33483.501,-70.291
33483.621,-70.291
33483.697,-70.291
33483.809,-70.291
33483.905,-70.291
33484.006,-70.291
33484.128,-70.291
33484.145,-70.291
33484.244,-70.291
33484.344,-70.291
33484.442,-70.291
33484.619,-70.291
33484.646,-70.291
33484.744,-70.291
33484.863,-70.291
33484.954,-70.291
33485.052,-70.291
33485.155,-70.291
33485.256,-70.291
33485.358,-70.291
33485.456,-70.291
33485.552,-70.291
33485.643,-70.291
33485.771,-70.291
33485.848,-70.291
33485.973,-70.291
33486.052,-70.291
33486.155,-70.291
33486.256,-70.291
33486.381,-70.291
33486.464,-70.291
33486.564,-70.291
33486.665,-70.291
33536.770,-70.291
33536.871,-70.291
33536.974,-70.291
33537.076,-70.291
33537.187,-70.291
33537.285,-70.291
33537.383,-70.291
33537.484,-70.291
33537.582,-70.291
33537.692,-70.291
33537.805,-70.291
33537.905,-70.291
33537.998,-70.291
33538.101,-70.291
33538.217,-70.291
33538.243,-70.291
33538.339,-70.291
33538.440,-70.291
33538.540,-70.291
33538.646,-70.291
33538.744,-70.291
33538.842,-70.291
33538.951,-70.291
33539.045,-70.291
33539.148,-70.291
33539.226,-70.291
33539.329,-70.291
33539.430,-70.291
33539.533,-70.291
33539.643,-70.291
33539.738,-70.291
33539.839,-70.291
33539.942,-70.291
33540.054,-70.291
33540.148,-70.291
33540.251,-70.291
33540.378,-70.291
33540.425,-70.291
33540.557,-70.291
33540.660,-70.291
33540.763,-70.291
33540.873,-70.291
33540.994,-70.291
33541.042,-70.291
33541.152,-70.291
33541.275,-70.291
33541.378,-70.291
33541.481,-70.291
33541.574,-70.291
33541.682,-70.291
33541.787,-70.291
33541.891,-70.291
33541.989,-70.291
33542.020,-70.291
33542.217,-70.291
33542.229,-70.291
33542.326,-70.291
33542.425,-70.291
33542.527,-70.291
33542.626,-70.291
33542.731,-70.291
33542.834,-70.291
33542.949,-70.291
33543.016,-70.291
33543.118,-70.291
33543.222,-70.291
33543.322,-70.291
33543.430,-70.291
33543.528,-70.291
33543.628,-70.291
33543.733,-70.291
33543.836,-70.291
33543.937,-70.291
33544.054,-70.291
33544.141,-70.291
33544.244,-70.291
33544.346,-70.291
33544.464,-70.291
33544.560,-70.291
33544.657,-70.291
33544.721,-70.291
33544.820,-70.291
33544.925,-70.291
33545.064,-70.291
33545.165,-70.291
33545.268,-70.291
33545.376,-70.291
33545.473,-70.291
33545.565,-70.291
33545.670,-70.291
33545.719,-70.291
33545.815,-70.291
33545.913,-70.291
33546.011,-70.291
33546.111,-70.291
33546.300,-70.291
33546.309,-70.291
33546.418,-70.291
33546.521,-70.291
33546.623,-70.291
33546.709,-70.291
33596.807,-70.291
33596.908,-70.291
33597.013,-70.291
33597.113,-70.291
33597.212,-70.291
33597.315,-70.291
33597.418,-70.291
33597.521,-70.291
33597.623,-70.291
33597.728,-70.291
33597.827,-70.291
33597.934,-70.291
33598.043,-70.291
33598.138,-70.291
33598.236,-70.291
33598.341,-70.291
33598.462,-70.291
33598.545,-70.291
33598.648,-70.291
33598.748,-70.291
33598.873,-70.291
33598.954,-70.291
33599.057,-70.291
33599.167,-70.291
33599.266,-70.291
33599.364,-70.291
33599.464,-70.291
33599.569,-70.291
33599.604,-70.291
33599.744,-70.291
33599.802,-70.291
33599.900,-70.291
33600.003,-70.291
33600.104,-70.291
33600.211,-70.291
33600.300,-70.291
33600.413,-70.291
33600.513,-70.291
33600.594,-70.291
33600.734,-70.291
33600.809,-70.291
33600.903,-70.291
33601.003,-70.291
33601.106,-70.291
33601.207,-70.291
33601.310,-70.291
33601.413,-70.291
33601.523,-70.291
33601.621,-70.291
33601.728,-70.291
33601.822,-70.291
33601.925,-70.291
33602.028,-70.291
33602.138,-70.291
33602.231,-70.291
33602.334,-70.291
33602.435,-70.291
33602.550,-70.291
33602.645,-70.291
33602.744,-70.291
33602.800,-70.291
33602.908,-70.291
33603.015,-70.291
33603.152,-70.291
33603.256,-70.291
33603.320,-70.291
33603.425,-70.291
33603.562,-70.291
33603.606,-70.291
33603.690,-70.291
33603.793,-70.291
33603.893,-70.291
33603.998,-70.291
33604.099,-70.291
33604.199,-70.291
33604.287,-70.291
33604.405,-70.291
33604.483,-70.291
33604.587,-70.291
33604.709,-70.291
33604.798,-70.291
33604.893,-70.291
33604.996,-70.291
33605.201,-70.291
33605.202,-70.291
33605.302,-70.291
33605.405,-70.291
33605.511,-70.291
33605.611,-70.291
33605.714,-70.291
33605.817,-70.291
33605.923,-70.291
33606.028,-70.291
33606.131,-70.291
33606.224,-70.291
33606.351,-70.291
33606.430,-70.291
33606.571,-70.291
33606.643,-70.291
33656.741,-70.291
33656.849,-70.291
33656.876,-70.291
33656.981,-70.291
33657.076,-70.291
33657.250,-70.291
33657.283,-70.291
33657.378,-70.291
33657.476,-70.291
33657.582,-70.291
33657.682,-70.291
33657.785,-70.291
33657.890,-70.291
33657.989,-70.291
33658.092,-70.291
33658.194,-70.291
33658.272,-70.291
33658.386,-70.291
33658.479,-70.291
33658.579,-70.291
33658.682,-70.291
33658.795,-70.291
33658.893,-70.291
33658.989,-70.291
33659.092,-70.291
33659.196,-70.291
33659.298,-70.291
33659.503,-70.291
33659.505,-70.291
33659.571,-70.291
33659.709,-70.291
33659.810,-70.291
33659.888,-70.291
33660.013,-70.291
33660.116,-70.291
33660.223,-70.291
33660.324,-70.291
33660.432,-70.291
33660.552,-70.291
33660.633,-70.291
33660.731,-70.291
33660.834,-70.291
33660.930,-70.291
33660.974,-70.291
33661.072,-70.291
33661.170,-70.291
33661.270,-70.291
33661.369,-70.291
33661.473,-70.291
33661.574,-70.291
33661.692,-70.291
33661.783,-70.291
33661.881,-70.291
33661.967,-70.291
33662.060,-70.291
33662.173,-70.291
33662.268,-70.291
33662.368,-70.291
33662.472,-70.291
33662.574,-70.291
33662.677,-70.291
33662.795,-70.291
33662.881,-70.291
33662.984,-70.291
33663.089,-70.291
33663.206,-70.291
33663.302,-70.291
33663.398,-70.291
33663.496,-70.291
33663.562,-70.291
33663.702,-70.291
33663.773,-70.291
33663.905,-70.291
33664.008,-70.291
33664.111,-70.291
33664.212,-70.291
33664.314,-70.291
33664.418,-70.291
33664.511,-70.291
33664.557,-70.291
33664.657,-70.291
33664.755,-70.291
33664.853,-70.291
33664.956,-70.291
33665.069,-70.291
33665.163,-70.291
33665.263,-70.291
33665.368,-70.291
33665.467,-70.291
33665.570,-70.291
33665.670,-70.291
33665.773,-70.291
33665.859,-70.291
33665.956,-70.291
33666.055,-70.291
33666.157,-70.291
33666.260,-70.291
33666.363,-70.291
33666.469,-70.291
33666.577,-70.291
33666.677,-70.291
33716.775,-70.291
33716.905,-70.291
33716.978,-70.291
33717.099,-70.291
33717.206,-70.291
33717.283,-70.291
33717.386,-70.291
33717.489,-70.291
33717.591,-70.291
33717.702,-70.291
33717.802,-70.291
33717.861,-70.291
33717.974,-70.291
33718.045,-70.291
33718.147,-70.291
33718.248,-70.291
33718.425,-70.291
33718.454,-70.291
33718.616,-70.291
33718.641,-70.291
33718.820,-70.291
33718.847,-70.291
33718.947,-70.291
33719.040,-70.291
33719.155,-70.291
33719.253,-70.291
33719.356,-70.291
33719.456,-70.291
33719.562,-70.291
33719.648,-70.291
33719.744,-70.291
33719.844,-70.291
33719.947,-70.291
33720.048,-70.291
33720.150,-70.291
33720.255,-70.291
33720.364,-70.291
33720.462,-70.291
33720.562,-70.291
33720.663,-70.291
33720.792,-70.291
33720.880,-70.291
33720.972,-70.291
33721.074,-70.291
33721.182,-70.291
33721.290,-70.291
33721.388,-70.291
33721.486,-70.291
33721.584,-70.291
33721.687,-70.291
33721.790,-70.291
33721.891,-70.291
33721.993,-70.291
33722.097,-70.291
33722.199,-70.291
33722.302,-70.291
33722.403,-70.291
33722.432,-70.291
33722.530,-70.291
33722.650,-70.291
33722.741,-70.291
33722.837,-70.291
33722.940,-70.291
33723.050,-70.291
33723.128,-70.291
33723.250,-70.291
33723.327,-70.291
33723.452,-70.291
33723.540,-70.291
33723.636,-70.291
33723.734,-70.291
33723.842,-70.291
33723.949,-70.291
33724.045,-70.291
33724.148,-70.291
33724.256,-70.291
33724.376,-70.291
33724.452,-70.291
33724.555,-70.291
33724.658,-70.291
33724.760,-70.291
33724.864,-70.291
33724.966,-70.291
33725.065,-70.291
33725.170,-70.291
33725.290,-70.291
33725.373,-70.291
33725.476,-70.291
33725.579,-70.291
33725.704,-70.291
33725.783,-70.291
33725.886,-70.291
33725.989,-70.291
33726.023,-70.291
33726.121,-70.291
33726.295,-70.291
33726.324,-70.291
33726.422,-70.291
33726.523,-70.291
33726.635,-70.291
33776.807,-70.291
33776.836,-70.291
33776.934,-70.291
33777.037,-70.291
33777.126,-70.291
33777.217,-70.291
33777.329,-70.291
33777.425,-70.291
33777.538,-70.291
33777.626,-70.291
33777.729,-70.291
33777.832,-70.291
33777.935,-70.291
33778.037,-70.291
33778.138,-70.291
33778.239,-70.291
33778.344,-70.291
33778.452,-70.291
33778.550,-70.291
33778.650,-70.291
33778.753,-70.291
33778.854,-70.291
33778.966,-70.291
33779.072,-70.291
33779.170,-70.291
33779.273,-70.291
33779.378,-70.291
33779.474,-70.291
33779.572,-70.291
33779.675,-70.291
33779.719,-70.291
33779.869,-70.291
33779.913,-70.291
33780.010,-70.291
33780.109,-70.291
33780.212,-70.291
33780.312,-70.291
33780.435,-70.291
33780.522,-70.291
33780.621,-70.291
33780.726,-70.291
33780.829,-70.291
33780.927,-70.291
33781.030,-70.291
33781.109,-70.291
33781.217,-70.291
33781.312,-70.291
33781.415,-70.291
33781.540,-70.291
33781.722,-70.291
33781.726,-70.291
33781.826,-70.291
33781.949,-70.291
33782.021,-70.291
33782.103,-70.291
33782.234,-70.291
33782.305,-70.291
33782.445,-70.291
33782.543,-70.291
33782.645,-70.291
33782.751,-70.291
33782.849,-70.291
33782.952,-70.291
33783.054,-70.291
33783.155,-70.291
33783.258,-70.291
33783.375,-70.291
33783.462,-70.291
33783.565,-70.291
33783.668,-70.291
33783.785,-70.291
33783.812,-70.291
33783.908,-70.291
33784.003,-70.291
33784.109,-70.291
33784.207,-70.291
33784.305,-70.291
33784.396,-70.291
33784.511,-70.291
33784.614,-70.291
33784.717,-70.291
33784.804,-70.291
33784.898,-70.291
33785.010,-70.291
33785.106,-70.291
33785.212,-70.291
33785.305,-70.291
33785.408,-70.291
33785.513,-70.291
33785.625,-70.291
33785.726,-70.291
33785.819,-70.291
33785.922,-70.291
33786.023,-70.291
33786.089,-70.291
33786.228,-70.291
33786.331,-70.291
33786.432,-70.291
33786.545,-70.291
33786.638,-70.291
34076.751,-70.291
34076.848,-70.291
34076.946,-70.291
34077.050,-70.291
34077.091,-70.291
34077.253,-70.291
34077.354,-70.291
34077.464,-70.291
34077.491,-70.291
34077.592,-70.291
34077.787,-70.291
34077.800,-70.291
34077.897,-70.291
34077.994,-70.291
34078.094,-70.291
34078.197,-70.291
34078.285,-70.291
34078.407,-70.291
34078.518,-70.291
34078.586,-70.291
34078.685,-70.291
34078.790,-70.291
34078.893,-70.291
34078.994,-70.291
34079.096,-70.291
34079.197,-70.291
34079.305,-70.291
34079.403,-70.291
34079.506,-70.291
34079.623,-70.291
34079.709,-70.291
34079.814,-70.291
34079.920,-70.291
34080.033,-70.291
34080.131,-70.291
34080.231,-70.291
34080.332,-70.291
34080.427,-70.291
34080.528,-70.291
34080.631,-70.291
34080.734,-70.291
34080.837,-70.291
34080.939,-70.291
34081.042,-70.291
34081.143,-70.291
34081.197,-70.291
34081.305,-70.291
34081.459,-70.291
34081.476,-70.291
34081.576,-70.291
34081.680,-70.291
34081.782,-70.291
34081.896,-70.291
34081.991,-70.291
34082.089,-70.291
34082.197,-70.291
34082.273,-70.291
34082.371,-70.291
34082.493,-70.291
34082.577,-70.291
34082.680,-70.291
34082.790,-70.291
34082.893,-70.291
34083.000,-70.291
34083.097,-70.291
34083.195,-70.291
34083.299,-70.291
34083.408,-70.291
34083.506,-70.291
34083.604,-70.291
34083.709,-70.291
34083.809,-70.291
34083.908,-70.291
34084.033,-70.291
34084.119,-70.291
34084.217,-70.291
34084.319,-70.291
34084.420,-70.291
34084.522,-70.291
34084.626,-70.291
34084.731,-70.291
34084.766,-70.291
34084.932,-70.291
34085.033,-70.291
34085.064,-70.291
34085.239,-70.291
34085.266,-70.291
34085.364,-70.291
34085.467,-70.291
34085.616,-70.291
34085.674,-70.291
34085.775,-70.291
34085.869,-70.291
34085.981,-70.291
34086.082,-70.291
34086.160,-70.291
34086.283,-70.291
34086.373,-70.291
34086.469,-70.291
34086.570,-70.291
34086.674,-70.291
34136.775,-70.291
34136.878,-70.291
34136.981,-70.291
34137.082,-70.291
34137.184,-70.291
34137.315,-70.291
34137.403,-70.291
34137.500,-70.291
34137.594,-70.291
34137.707,-70.291
34137.799,-70.291
34137.903,-70.291
34138.005,-70.291
34138.119,-70.291
34138.219,-70.291
34138.315,-70.291
34138.415,-70.291
34138.518,-70.291
34138.619,-70.291
34138.722,-70.291
34138.824,-70.291
34138.925,-70.291
34138.952,-70.291
34139.055,-70.291
34139.234,-70.291
34139.260,-70.291
34139.359,-70.291
34139.462,-70.291
34139.569,-70.291
34139.667,-70.291
34139.770,-70.291
34139.871,-70.291
34139.957,-70.291
34140.054,-70.291
34140.157,-70.291
34140.278,-70.291
34140.369,-70.291
34140.464,-70.291
34140.564,-70.291
34140.668,-70.291
34140.770,-70.291
34140.880,-70.291
34140.978,-70.291
34141.082,-70.291
34141.177,-70.291
34141.280,-70.291
34141.383,-70.291
34141.486,-70.291
34141.587,-70.291
34141.690,-70.291
34141.793,-70.291
34141.905,-70.291
34142.005,-70.291
34142.119,-70.291
34142.202,-70.291
34142.305,-70.291
34142.408,-70.291
34142.535,-70.291
34142.613,-70.291
34142.641,-70.291
34142.748,-70.291
34142.853,-70.291
34142.957,-70.291
34143.055,-70.291
34143.150,-70.291
34143.251,-70.291
34143.356,-70.291
34143.454,-70.291
34143.559,-70.291
34143.638,-70.291
34143.739,-70.291
34143.842,-70.291
34143.956,-70.291
34144.045,-70.291
34144.148,-70.291
34144.250,-70.291
34144.366,-70.291
34144.464,-70.291
34144.567,-70.291
34144.663,-70.291
34144.763,-70.291
34144.866,-70.291
34144.967,-70.291
34145.069,-70.291
34145.141,-70.291
34145.241,-70.291
34145.383,-70.291
34145.488,-70.291
34145.584,-70.291
34145.684,-70.291
34145.793,-70.291
34145.832,-70.291
34145.993,-70.291
34146.092,-70.291
34146.302,-70.291
34146.304,-70.291
34146.332,-70.291
34146.437,-70.291
34146.604,-70.291
34146.635,-70.291
34196.733,-70.291
34196.834,-70.291
34196.937,-70.291
34197.040,-70.291
34197.141,-70.291
34197.263,-70.291
34197.348,-70.291
34197.447,-70.291
34197.528,-70.291
34197.631,-70.291
34197.744,-70.291
34197.842,-70.291
34197.935,-70.291
34198.048,-70.291
34198.143,-70.291
34198.244,-70.291
34198.366,-70.291
34198.449,-70.291
34198.552,-70.291
34198.655,-70.291
34198.778,-70.291
34198.859,-70.291
34198.972,-70.291
34199.074,-70.291
34199.194,-70.291
34199.268,-70.291
34199.371,-70.291
34199.473,-70.291
34199.579,-70.291
34199.679,-70.291
34199.780,-70.291
34199.886,-70.291
34200.011,-70.291
34200.089,-70.291
34200.202,-70.291
34200.219,-70.291
34200.393,-70.291
34200.422,-70.291
34200.522,-70.291
34200.638,-70.291
34200.724,-70.291
34200.829,-70.291
34200.939,-70.291
34201.035,-70.291
34201.135,-70.291
34201.221,-70.291
34201.317,-70.291
34201.418,-70.291
34201.520,-70.291
34201.623,-70.291
34201.726,-70.291
34201.829,-70.291
34201.930,-70.291
34202.042,-70.291
34202.136,-70.291
34202.239,-70.291
34202.341,-70.291
34202.452,-70.291
34202.545,-70.291
34202.648,-70.291
34202.748,-70.291
34202.864,-70.291
34202.962,-70.291
34203.025,-70.291
34203.160,-70.291
34203.261,-70.291
34203.366,-70.291
34203.484,-70.291
34203.569,-70.291
34203.672,-70.291
34203.773,-70.291
34203.878,-70.291
34203.923,-70.291
34204.082,-70.291
34204.111,-70.291
34204.207,-70.291
34204.315,-70.291
34204.413,-70.291
34204.515,-70.291
34204.618,-70.291
34204.798,-70.291
34204.807,-70.291
34204.927,-70.291
34205.025,-70.291
34205.104,-70.291
34205.207,-70.291
34205.321,-70.291
34205.418,-70.291
34205.513,-70.291
34205.618,-70.291
34205.721,-70.291
34205.827,-70.291
34205.925,-70.291
34206.025,-70.291
34206.128,-70.291
34206.239,-70.291
34206.339,-70.291
34206.452,-70.291
34206.538,-70.291
34206.641,-70.291
34256.743,-70.291
34256.864,-70.291
34256.957,-70.291
34257.055,-70.291
34257.121,-70.291
34257.224,-70.291
34257.358,-70.291
34257.462,-70.291
34257.562,-70.291
34257.597,-70.291
34257.768,-70.291
34257.797,-70.291
34257.972,-70.291
34258.008,-70.291
34258.103,-70.291
34258.199,-70.291
34258.312,-70.291
34258.408,-70.291
34258.508,-70.291
34258.613,-70.291
34258.699,-70.291
34258.795,-70.291
34258.893,-70.291
34258.996,-70.291
34259.099,-70.291
34259.199,-70.291
34259.304,-70.291
34259.405,-70.291
34259.508,-70.291
34259.611,-70.291
34259.714,-70.291
34259.827,-70.291
34259.924,-70.291
34260.018,-70.291
34260.126,-70.291
34260.224,-70.291
34260.327,-70.291
34260.447,-70.291
34260.537,-70.291
34260.633,-70.291
34260.746,-70.291
34260.861,-70.291
34260.949,-70.291
34261.047,-70.291
34261.147,-70.291
34261.273,-70.291
34261.312,-70.291
34261.422,-70.291
34261.522,-70.291
34261.594,-70.291
34261.685,-70.291
34261.785,-70.291
34261.888,-70.291
34261.991,-70.291
34262.092,-70.291
34262.194,-70.291
34262.300,-70.291
34262.400,-70.291
34262.483,-70.291
34262.587,-70.291
34262.699,-70.291
34262.788,-70.291
34262.888,-70.291
34262.989,-70.291
34263.109,-70.291
34263.199,-70.291
34263.297,-70.291
34263.403,-70.291
34263.511,-70.291
34263.608,-70.291
34263.707,-70.291
34263.810,-70.291
34263.913,-70.291
34264.016,-70.291
34264.116,-70.291
34264.219,-70.291
34264.320,-70.291
34264.424,-70.291
34264.537,-70.291
34264.628,-70.291
34264.731,-70.291
34264.832,-70.291
34264.949,-70.291
34264.979,-70.291
34265.141,-70.291
34265.271,-70.291
34265.288,-70.291
34265.440,-70.291
34265.474,-70.291
34265.574,-70.291
34265.675,-70.291
34265.780,-70.291
34265.880,-70.291
34266.067,-70.291
34266.072,-70.291
34266.190,-70.291
34266.288,-70.291
34266.373,-70.291
34266.484,-70.291
34266.582,-70.291
34266.677,-70.291
34316.785,-70.291
34316.881,-70.291
34317.013,-70.291
34317.111,-70.291
34317.197,-70.291
34317.293,-70.291
34317.393,-70.291
34317.496,-70.291
34317.599,-70.291
34317.701,-70.291
34317.804,-70.291
34317.910,-70.291
34318.018,-70.291
34318.114,-70.291
34318.214,-70.291
34318.322,-70.291
34318.420,-70.291
34318.528,-70.291
34318.599,-70.291
34318.726,-70.291
34318.836,-70.291
34318.864,-70.291
34318.972,-70.291
34319.133,-70.291
34319.163,-70.291
34319.261,-70.291
34319.378,-70.291
34319.474,-70.291
34319.579,-70.291
34319.680,-70.291
34319.782,-70.291
34319.878,-70.291
34319.978,-70.291
34320.079,-70.291
34320.158,-70.291
34320.260,-70.291
34320.361,-70.291
34320.464,-70.291
34320.574,-70.291
34320.672,-70.291
34320.783,-70.291
34320.875,-70.291
34320.976,-70.291
34321.081,-70.291
34321.194,-70.291
34321.292,-70.291
34321.391,-70.291
34321.489,-70.291
34321.592,-70.291
34321.694,-70.291
34321.795,-70.291
34321.898,-70.291
34322.001,-70.291
34322.104,-70.291
34322.206,-70.291
34322.307,-70.291
34322.364,-70.291
34322.469,-70.291
34322.621,-70.291
34322.707,-70.291
34322.820,-70.291
34322.888,-70.291
34323.033,-70.291
34323.059,-70.291
34323.155,-70.291
34323.253,-70.291
34323.356,-70.291
34323.464,-70.291
34323.560,-70.291
34323.648,-70.291
34323.766,-70.291
34323.863,-70.291
34323.947,-70.291
34324.050,-70.291
34324.162,-70.291
34324.256,-70.291
34324.356,-70.291
34324.459,-70.291
34324.567,-70.291
34324.663,-70.291
34324.766,-70.291
34324.871,-70.291
34324.969,-70.291
34325.082,-70.291
34325.192,-70.291
34325.280,-70.291
34325.380,-70.291
34325.481,-70.291
34325.606,-70.291
34325.699,-70.291
34325.798,-70.291
34325.896,-70.291
34326.003,-70.291
34326.104,-70.291
34326.207,-70.291
34326.239,-70.291
34326.407,-70.291
34326.506,-70.291
34326.608,-70.291
34376.712,-70.291
34376.814,-70.291
34376.841,-70.291
34376.940,-70.291
34377.055,-70.291
34377.150,-70.291
34377.253,-70.291
34377.351,-70.291
34377.442,-70.291
34377.540,-70.291
34377.660,-70.291
34377.736,-70.291
34377.841,-70.291
34377.940,-70.291
34378.047,-70.291
34378.147,-70.291
34378.248,-70.291
34378.351,-70.291
34378.452,-70.291
34378.555,-70.291
34378.652,-70.291
34378.768,-70.291
34378.837,-70.291
34378.966,-70.291
34379.067,-70.291
34379.163,-70.291
34379.280,-70.291
34379.378,-70.291
34379.476,-70.291
34379.604,-70.291
34379.690,-70.291
34379.810,-70.291
34379.886,-70.291
34379.989,-70.291
34380.091,-70.291
34380.194,-70.291
34380.295,-70.291
34380.339,-70.291
34380.505,-70.291
34380.533,-70.291
34380.630,-70.291
34380.731,-70.291
34380.832,-70.291
34380.932,-70.291
34381.038,-70.291
34381.141,-70.291
34381.241,-70.291
34381.344,-70.291
34381.442,-70.291
34381.525,-70.291
34381.628,-70.291
34381.729,-70.291
34381.854,-70.291
34381.935,-70.291
34382.038,-70.291
34382.141,-70.291
34382.244,-70.291
34382.344,-70.291
34382.466,-70.291
34382.549,-70.291
34382.653,-70.291
34382.753,-70.291
34382.856,-70.291
34382.959,-70.291
34383.060,-70.291
34383.170,-70.291
34383.280,-70.291
34383.366,-70.291
34383.464,-70.291
34383.572,-70.291
34383.690,-70.291
34383.719,-70.291
34383.878,-70.291
34383.981,-70.291
34384.084,-70.291
34384.196,-70.291
34384.224,-70.291
34384.391,-70.291
34384.493,-70.291
34384.523,-70.291
34384.623,-70.291
34384.802,-70.291
34384.829,-70.291
34384.927,-70.291
34385.030,-70.291
34385.116,-70.291
34385.224,-70.291
34385.342,-70.291
34385.417,-70.291
34385.527,-70.291
34385.625,-70.291
34385.724,-70.291
34385.826,-70.291
34385.939,-70.291
34386.038,-70.291
34386.133,-70.291
34386.236,-70.291
34386.337,-70.291
34386.467,-70.291
34386.542,-70.291
34386.611,-70.291
32276.714,-70.291
32276.853,-70.291
32276.925,-70.291
32277.054,-70.291
32277.155,-70.291
32277.260,-70.291
32277.366,-70.291
32277.464,-70.291
32277.516,-70.291
32277.689,-70.291
32277.773,-70.291
32277.873,-70.291
32277.974,-70.291
32278.099,-70.291
32278.104,-70.291
32278.283,-70.291
32278.307,-70.291
32278.424,-70.291
32278.516,-70.291
32278.614,-70.291
32278.716,-70.291
32278.820,-70.291
32278.924,-70.291
32279.001,-70.291
32279.126,-70.291
32279.202,-70.291
32279.307,-70.291
32279.408,-70.291
32279.525,-70.291
32279.614,-70.291
32279.716,-70.291
32279.820,-70.291
32279.937,-70.291
32280.035,-70.291
32280.133,-70.291
32280.231,-70.291
32280.332,-70.291
32280.442,-70.291
32280.535,-70.291
32280.638,-70.291
32280.702,-70.291
32280.844,-70.291
32280.945,-70.291
32281.013,-70.291
32281.116,-70.291
32281.253,-70.291
32281.364,-70.291
32281.457,-70.291
32281.569,-70.291
32281.599,-70.291
32281.775,-70.291
32281.804,-70.291
32281.898,-70.291
32281.996,-70.291
32282.099,-70.291
32282.207,-70.291
32282.304,-70.291
32282.403,-70.291
32282.506,-70.291
32282.606,-70.291
32282.711,-70.291
32282.834,-70.291
32282.891,-70.291
32282.993,-70.291
32283.094,-70.291
32283.207,-70.291
32283.300,-70.291
32283.405,-70.291
32283.506,-70.291
32283.614,-70.291
32283.709,-70.291
32283.812,-70.291
32283.937,-70.291
32284.027,-70.291
32284.126,-70.291
32284.222,-70.291
32284.347,-70.291
32284.429,-70.291
32284.530,-70.291
32284.633,-70.291
32284.739,-70.291
32284.837,-70.291
32284.935,-70.291
32285.040,-70.291
32285.148,-70.291
32285.246,-70.291
32285.349,-70.291
32285.452,-70.291
32285.548,-70.291
32285.655,-70.291
32285.684,-70.291
32285.798,-70.291
32285.893,-70.291
32285.991,-70.291
32286.094,-70.291
32286.192,-70.291
32286.293,-70.291
32286.402,-70.291
32286.479,-70.291
32286.601,-70.291
32286.689,-70.291
32336.790,-70.291
32336.898,-70.291
32336.998,-70.291
32337.077,-70.291
32337.185,-70.291
32337.288,-70.291
32337.388,-70.291
32337.478,-70.291
32337.609,-70.291
32337.709,-70.291
32337.807,-70.291
32337.908,-70.291
32338.023,-70.291
32338.123,-70.291
32338.217,-70.291
32338.320,-70.291
32338.420,-70.291
32338.532,-70.291
32338.626,-70.291
32338.729,-70.291
32338.831,-70.291
32338.969,-70.291
32339.037,-70.291
32339.138,-70.291
32339.239,-70.291
32339.271,-70.291
32339.452,-70.291
32339.547,-70.291
32339.574,-70.291
32339.674,-70.291
32339.775,-70.291
32339.883,-70.291
32339.984,-70.291
32340.082,-70.291
32340.185,-70.291
32340.273,-70.291
32340.390,-70.291
32340.467,-70.291
32340.570,-70.291
32340.690,-70.291
32340.778,-70.291
32340.878,-70.291
32340.986,-70.291
32341.084,-70.291
32341.192,-70.291
32341.287,-70.291
32341.393,-70.291
32341.493,-70.291
32341.596,-70.291
32341.697,-70.291
32341.793,-70.291
32341.893,-70.291
32341.989,-70.291
32342.091,-70.291
32342.214,-70.291
32342.312,-70.291
32342.388,-70.291
32342.523,-70.291
32342.619,-70.291
32342.722,-70.291
32342.826,-70.291
32342.925,-70.291
32343.030,-70.291
32343.131,-70.291
32343.168,-70.291
32343.266,-70.291
32343.363,-70.291
32343.540,-70.291
32343.567,-70.291
32343.746,-70.291
32343.773,-70.291
32343.859,-70.291
32343.976,-70.291
32344.077,-70.291
32344.179,-70.291
32344.270,-70.291
32344.359,-70.291
32344.464,-70.291
32344.592,-70.291
32344.655,-70.291
32344.778,-70.291
32344.861,-70.291
32344.974,-70.291
32345.067,-70.291
32345.180,-70.291
32345.278,-70.291
32345.385,-70.291
32345.481,-70.291
32345.579,-70.291
32345.699,-70.291
32345.785,-70.291
32345.905,-70.291
32346.001,-70.291
32346.106,-70.291
32346.204,-70.291
32346.305,-70.291
32346.432,-70.291
32346.451,-70.291
32346.619,-70.291
32396.714,-70.291
32396.817,-70.291
32396.869,-70.291
32396.954,-70.291
32397.050,-70.291
32397.165,-70.291
32397.255,-70.291
32397.353,-70.291
32397.454,-70.291
32397.562,-70.291
32397.673,-70.291
32397.768,-70.291
32397.869,-70.291
32397.967,-70.291
32398.045,-70.291
32398.148,-70.291
32398.268,-70.291
32398.358,-70.291
32398.462,-70.291
32398.560,-70.291
32398.660,-70.291
32398.756,-70.291
32398.864,-70.291
32398.962,-70.291
32399.048,-70.291
32399.172,-70.291
32399.270,-70.291
32399.388,-70.291
32399.483,-70.291
32399.582,-70.291
32399.685,-70.291
32399.785,-70.291
32399.890,-70.291
32399.994,-70.291
32400.109,-70.291
32400.197,-70.291
32400.295,-70.291
32400.405,-70.291
32400.518,-70.291
32400.545,-70.291
32400.641,-70.291
32400.739,-70.291
32400.842,-70.291
32400.940,-70.291
32401.038,-70.291
32401.143,-70.291
32401.244,-70.291
32401.348,-70.291
32401.449,-70.291
32401.552,-70.291
32401.657,-70.291
32401.756,-70.291
32401.834,-70.291
32401.945,-70.291
32402.048,-70.291
32402.170,-70.291
32402.246,-70.291
32402.356,-70.291
32402.452,-70.291
32402.550,-70.291
32402.655,-70.291
32402.768,-70.291
32402.868,-70.291
32402.964,-70.291
32403.045,-70.291
32403.167,-70.291
32403.268,-70.291
32403.344,-70.291
32403.483,-70.291
32403.533,-70.291
32403.636,-70.291
32403.744,-70.291
32403.853,-70.291
32403.952,-70.291
32404.077,-70.291
32404.190,-70.291
32404.288,-70.291
32404.383,-70.291
32404.489,-70.291
32404.540,-70.291
32404.628,-70.291
32404.798,-70.291
32404.848,-70.291
32404.949,-70.291
32405.045,-70.291
32405.145,-70.291
32405.251,-70.291
32405.344,-70.291
32405.447,-70.291
32405.545,-70.291
32405.626,-70.291
32405.734,-70.291
32405.832,-70.291
32405.930,-70.291
32406.035,-70.291
32406.135,-70.291
32406.238,-70.291
32406.354,-70.291
32406.444,-70.291
32406.548,-70.291
32406.646,-70.291
32456.765,-70.291
32456.863,-70.291
32456.962,-70.291
32457.055,-70.291
32457.168,-70.291
32457.265,-70.291
32457.371,-70.291
32457.466,-70.291
32457.570,-70.291
32457.672,-70.291
32457.775,-70.291
32457.876,-70.291
32457.937,-70.291
32458.038,-70.291
32458.192,-70.291
32458.292,-70.291
32458.320,-70.291
32458.422,-70.291
32458.515,-70.291
32458.626,-70.291
32458.721,-70.291
32458.822,-70.291
32458.925,-70.291
32459.035,-70.291
32459.114,-70.291
32459.236,-70.291
32459.312,-70.291
32459.413,-70.291
32459.516,-70.291
32459.626,-70.291
32459.731,-70.291
32459.829,-70.291
32459.927,-70.291
32460.030,-70.291
32460.138,-70.291
32460.234,-70.291
32460.334,-70.291
32460.440,-70.291
32460.540,-70.291
32460.641,-70.291
32460.763,-70.291
32460.851,-70.291
32460.949,-70.291
32461.059,-70.291
32461.177,-70.291
32461.256,-70.291
32461.307,-70.291
32461.413,-70.291
32461.523,-70.291
32461.621,-70.291
32461.729,-70.291
32461.866,-70.291
32461.905,-70.291
32462.003,-70.291
32462.177,-70.291
32462.204,-70.291
32462.383,-70.291
32462.410,-70.291
32462.508,-70.291
32462.626,-70.291
32462.714,-70.291
32462.815,-70.291
32462.913,-70.291
32463.010,-70.291
32463.106,-70.291
32463.204,-70.291
32463.304,-70.291
32463.407,-70.291
32463.511,-70.291
32463.613,-70.291
32463.714,-70.291
32463.817,-70.291
32463.918,-70.291
32464.021,-70.291
32464.121,-70.291
32464.226,-70.291
32464.327,-70.291
32464.440,-70.291
32464.533,-70.291
32464.643,-70.291
32464.741,-70.291
32464.851,-70.291
32464.947,-70.291
32465.045,-70.291
32465.141,-70.291
32465.250,-70.291
32465.351,-70.291
32465.403,-70.291
32465.513,-70.291
32465.658,-70.291
32465.719,-70.291
32465.795,-70.291
32465.910,-70.291
32466.008,-70.291
32466.106,-70.291
32466.194,-70.291
32466.302,-70.291
32466.408,-70.291
32466.505,-70.291
32466.613,-70.291
32466.692,-70.291
32516.814,-70.291
32516.903,-70.291
32517.011,-70.291
32517.101,-70.291
32517.197,-70.291
32517.327,-70.291
32517.425,-70.291
32517.511,-70.291
32517.609,-70.291
32517.707,-70.291
32517.815,-70.291
32517.912,-70.291
32518.016,-70.291
32518.116,-70.291
32518.228,-70.291
32518.326,-70.291
32518.424,-70.291
32518.528,-70.291
32518.628,-70.291
32518.733,-70.291
32518.849,-70.291
32518.935,-70.291
32519.038,-70.291
32519.148,-70.291
32519.244,-70.291
32519.346,-70.291
32519.449,-70.291
32519.550,-70.291
32519.584,-70.291
32519.753,-70.291
32519.782,-70.291
32519.966,-70.291
32519.994,-70.291
32520.094,-70.291
32520.195,-70.291
32520.293,-70.291
32520.472,-70.291
32520.500,-70.291
32520.599,-70.291
32520.687,-70.291
32520.800,-70.291
32520.881,-70.291
32521.008,-70.291
32521.099,-70.291
32521.195,-70.291
32521.290,-70.291
32521.393,-70.291
32521.496,-70.291
32521.599,-70.291
32521.701,-70.291
32521.802,-70.291
32521.905,-70.291
32522.008,-70.291
32522.111,-70.291
32522.199,-70.291
32522.305,-70.291
32522.408,-70.291
32522.527,-70.291
32522.623,-70.291
32522.719,-70.291
32522.836,-70.291
32522.937,-70.291
32523.035,-70.291
32523.143,-70.291
32523.172,-70.291
32523.339,-70.291
32523.451,-70.291
32523.479,-70.291
32523.670,-70.291
32523.673,-70.291
32523.771,-70.291
32523.873,-70.291
32523.994,-70.291
32524.086,-70.291
32524.180,-70.291
32524.285,-70.291
32524.386,-70.291
32524.484,-70.291
32524.567,-70.291
32524.670,-70.291
32524.773,-70.291
32524.875,-70.291
32524.976,-70.291
32525.096,-70.291
32525.184,-70.291
32525.285,-70.291
32525.386,-70.291
32525.508,-70.291
32525.592,-70.291
32525.692,-70.291
32525.795,-70.291
32525.900,-70.291
32526.000,-70.291
32526.104,-70.291
32526.206,-70.291
32526.278,-70.291
32526.420,-70.291
32526.471,-70.291
32526.616,-70.291
32576.721,-70.291
32576.820,-70.291
32576.934,-70.291
32577.021,-70.291
32577.128,-70.291
32577.233,-70.291
32577.261,-70.291
32577.369,-70.291
32577.471,-70.291
32577.565,-70.291
32577.668,-70.291
32577.778,-70.291
32577.875,-70.291
32577.974,-70.291
32578.072,-70.291
32578.177,-70.291
32578.256,-70.291
32578.358,-70.291
32578.472,-70.291
32578.592,-70.291
32578.665,-70.291
32578.773,-70.291
32578.869,-70.291
32578.981,-70.291
32579.074,-70.291
32579.207,-70.291
32579.280,-70.291
32579.364,-70.291
32579.467,-70.291
32579.584,-70.291
32579.657,-70.291
32579.763,-70.291
32579.893,-70.291
32580.018,-70.291
32580.082,-70.291
32580.209,-70.291
32580.312,-70.291
32580.410,-70.291
32580.516,-70.291
32580.609,-70.291
32580.652,-70.291
32580.817,-70.291
32580.925,-70.291
32581.023,-70.291
32581.052,-70.291
32581.150,-70.291
32581.248,-70.291
32581.369,-70.291
32581.464,-70.291
32581.562,-70.291
32581.658,-70.291
32581.760,-70.291
32581.861,-70.291
32581.966,-70.291
32582.079,-70.291
32582.146,-70.291
32582.248,-70.291
32582.351,-70.291
32582.452,-70.291
32582.560,-70.291
32582.658,-70.291
32582.760,-70.291
32582.861,-70.291
32582.964,-70.291
32583.067,-70.291
32583.182,-70.291
32583.271,-70.291
32583.373,-70.291
32583.479,-70.291
32583.592,-70.291
32583.689,-70.291
32583.787,-70.291
32583.886,-70.291
32583.945,-70.291
32584.089,-70.291
32584.194,-70.291
32584.295,-70.291
32584.398,-70.291
32584.467,-70.291
32584.603,-70.291
32584.706,-70.291
32584.807,-70.291
32584.912,-70.291
32584.937,-70.291
32585.043,-70.291
32585.138,-70.291
32585.243,-70.291
32585.353,-70.291
32585.454,-70.291
32585.552,-70.291
32585.652,-70.291
32585.756,-70.291
32585.841,-70.291
32585.939,-70.291
32586.037,-70.291
32586.141,-70.291
32586.250,-70.291
32586.354,-70.291
32586.456,-70.291
32586.557,-70.291
32586.660,-70.291
32876.761,-70.291
32876.863,-70.291
32876.971,-70.291
32877.070,-70.291
32877.172,-70.291
32877.273,-70.291
32877.371,-70.291
32877.469,-70.291
32877.591,-70.291
32877.679,-70.291
32877.777,-70.291
32877.880,-70.291
32878.003,-70.291
32878.092,-70.291
32878.190,-70.291
32878.292,-70.291
32878.327,-70.291
32878.494,-70.291
32878.596,-70.291
32878.699,-70.291
32878.739,-70.291
32878.837,-70.291
32878.932,-70.291
32879.033,-70.291
32879.133,-70.291
32879.236,-70.291
32879.337,-70.291
32879.429,-70.291
32879.543,-70.291
32879.643,-70.291
32879.723,-70.291
32879.839,-70.291
32879.932,-70.291
32880.030,-70.291
32880.131,-70.291
32880.234,-70.291
32880.341,-70.291
32880.440,-70.291
32880.543,-70.291
32880.643,-70.291
32880.780,-70.291
32880.951,-70.291
32880.954,-70.291
32881.055,-70.291
32881.157,-70.291
32881.361,-70.291
32881.364,-70.291
32881.464,-70.291
32881.577,-70.291
32881.680,-70.291
32881.775,-70.291
32881.873,-70.291
32881.976,-70.291
32882.079,-70.291
32882.182,-70.291
32882.283,-70.291
32882.386,-70.291
32882.491,-70.291
32882.518,-70.291
32882.625,-70.291
32882.736,-70.291
32882.824,-70.291
32882.922,-70.291
32883.023,-70.291
32883.128,-70.291
32883.212,-70.291
32883.317,-70.291
32883.413,-70.291
32883.516,-70.291
32883.623,-70.291
32883.726,-70.291
32883.842,-70.291
32883.929,-70.291
32884.015,-70.291
32884.116,-70.291
32884.251,-70.291
32884.329,-70.291
32884.420,-70.291
32884.535,-70.291
32884.640,-70.291
32884.711,-70.291
32884.842,-70.291
32884.945,-70.291
32885.021,-70.291
32885.150,-70.291
32885.251,-70.291
32885.356,-70.291
32885.457,-70.291
32885.560,-70.291
32885.677,-70.291
32885.766,-70.291
32885.866,-70.291
32885.969,-70.291
32886.089,-70.291
32886.165,-70.291
32886.216,-70.291
32886.322,-70.291
32886.410,-70.291
32886.511,-70.291
32886.609,-70.291
32936.712,-70.291
32936.812,-70.291
32936.915,-70.291
32937.018,-70.291
32937.121,-70.291
32937.202,-70.291
32937.302,-70.291
32937.403,-70.291
32937.513,-70.291
32937.609,-70.291
32937.711,-70.291
32937.812,-70.291
32937.925,-70.291
32938.021,-70.291
32938.119,-70.291
32938.223,-70.291
32938.324,-70.291
32938.427,-70.291
32938.530,-70.291
32938.631,-70.291
32938.734,-70.291
32938.846,-70.291
32938.940,-70.291
32939.052,-70.291
32939.150,-70.291
32939.246,-70.291
32939.300,-70.291
32939.405,-70.291
32939.508,-70.291
32939.611,-70.291
32939.766,-70.291
32939.795,-70.291
32939.898,-70.291
32939.996,-70.291
32940.111,-70.291
32940.202,-70.291
32940.298,-70.291
32940.400,-70.291
32940.570,-70.291
32940.596,-70.291
32940.697,-70.291
32940.795,-70.291
32940.895,-70.291
32940.996,-70.291
32941.094,-70.291
32941.192,-70.291
32941.302,-70.291
32941.398,-70.291
32941.508,-70.291
32941.606,-70.291
32941.704,-70.291
32941.800,-70.291
32941.925,-70.291
32942.011,-70.291
32942.113,-70.291
32942.217,-70.291
32942.337,-70.291
32942.420,-70.291
32942.523,-70.291
32942.626,-70.291
32942.728,-70.291
32942.832,-70.291
32942.932,-70.291
32943.033,-70.291
32943.138,-70.291
32943.239,-70.291
32943.300,-70.291
32943.445,-70.291
32943.548,-70.291
32943.616,-70.291
32943.761,-70.291
32943.854,-70.291
32943.881,-70.291
32943.984,-70.291
32944.084,-70.291
32944.199,-70.291
32944.297,-70.291
32944.395,-70.291
32944.496,-70.291
32944.601,-70.291
32944.699,-70.291
32944.802,-70.291
32944.878,-70.291
32944.981,-70.291
32945.082,-70.291
32945.195,-70.291
32945.299,-70.291
32945.396,-70.291
32945.494,-70.291
32945.599,-70.291
32945.709,-70.291
32945.805,-70.291
32945.903,-70.291
32946.011,-70.291
32946.106,-70.291
32946.209,-70.291
32946.334,-70.291
32946.424,-70.291
32946.520,-70.291
32946.619,-70.291
32996.721,-70.291
32996.822,-70.291
32996.927,-70.291
32997.028,-70.291
32997.138,-70.291
32997.337,-70.291
32997.442,-70.291
32997.479,-70.291
32997.650,-70.291
32997.679,-70.291
32997.849,-70.291
32997.878,-70.291
32997.984,-70.291
32998.079,-70.291
32998.175,-70.291
32998.285,-70.291
32998.383,-70.291
32998.486,-70.291
32998.584,-70.291
32998.668,-70.291
32998.780,-70.291
32998.871,-70.291
32998.976,-70.291
32999.077,-70.291
32999.179,-70.291
32999.283,-70.291
32999.385,-70.291
32999.486,-70.291
32999.589,-70.291
32999.701,-70.291
32999.795,-70.291
32999.896,-70.291
33000.011,-70.291
33000.101,-70.291
33000.202,-70.291
33000.314,-70.291
33000.422,-70.291
33000.518,-70.291
33000.614,-70.291
33000.714,-70.291
33000.817,-70.291
33000.915,-70.291
33001.021,-70.291
33001.126,-70.291
33001.226,-70.291
33001.329,-70.291
33001.432,-70.291
33001.533,-70.291
33001.560,-70.291
33001.662,-70.291
33001.765,-70.291
33001.871,-70.291
33001.973,-70.291
33002.069,-70.291
33002.172,-70.291
33002.258,-70.291
33002.356,-70.291
33002.454,-70.291
33002.557,-70.291
33002.658,-70.291
33002.761,-70.291
33002.864,-70.291
33002.967,-70.291
33003.070,-70.291
33003.201,-70.291
33003.275,-70.291
33003.385,-70.291
33003.483,-70.291
33003.582,-70.291
33003.684,-70.291
33003.795,-70.291
33003.849,-70.291
33003.956,-70.291
33004.103,-70.291
33004.163,-70.291
33004.300,-70.291
33004.437,-70.291
33004.474,-70.291
33004.579,-70.291
33004.682,-70.291
33004.788,-70.291
33004.851,-70.291
33005.025,-70.291
33005.052,-70.291
33005.155,-70.291
33005.246,-70.291
33005.348,-70.291
33005.449,-70.291
33005.550,-70.291
33005.658,-70.291
33005.756,-70.291
33005.859,-70.291
33005.945,-70.291
33006.043,-70.291
33006.165,-70.291
33006.258,-70.291
33006.347,-70.291
33006.454,-70.291
33006.552,-70.291
33006.672,-70.291
33056.768,-70.291
33056.866,-70.291
33056.964,-70.291
33057.062,-70.291
33057.167,-70.291
33057.268,-70.291
33057.371,-70.291
33057.473,-70.291
33057.577,-70.291
33057.687,-70.291
33057.780,-70.291
33057.881,-70.291
33057.940,-70.291
33058.119,-70.291
33058.148,-70.291
33058.248,-70.291
33058.395,-70.291
33058.530,-70.291
33058.535,-70.291
33058.702,-70.291
33058.736,-70.291
33058.905,-70.291
33059.010,-70.291
33059.038,-70.291
33059.136,-70.291
33059.238,-70.291
33059.342,-70.291
33059.442,-70.291
33059.565,-70.291
33059.650,-70.291
33059.755,-70.291
33059.854,-70.291
33059.932,-70.291
33060.045,-70.291
33060.168,-70.291
33060.243,-70.291
33060.344,-70.291
33060.444,-70.291
33060.540,-70.291
33060.667,-70.291
33060.755,-70.291
33060.854,-70.291
33060.962,-70.291
33061.079,-70.291
33061.160,-70.291
33061.271,-70.291
33061.375,-70.291
33061.476,-70.291
33061.572,-70.291
33061.680,-70.291
33061.770,-70.291
33061.881,-70.291
33062.001,-70.291
33062.082,-70.291
33062.217,-70.291
33062.295,-70.291
33062.391,-70.291
33062.445,-70.291
33062.528,-70.291
33062.695,-70.291
33062.722,-70.291
33062.917,-70.291
33062.940,-70.291
33063.037,-70.291
33063.135,-70.291
33063.241,-70.291
33063.332,-70.291
33063.437,-70.291
33063.525,-70.291
33063.643,-70.291
33063.726,-70.291
33063.822,-70.291
33063.925,-70.291
33064.033,-70.291
33064.135,-70.291
33064.233,-70.291
33064.342,-70.291
33064.435,-70.291
33064.538,-70.291
33064.641,-70.291
33064.755,-70.291
33064.851,-70.291
33064.949,-70.291
33065.054,-70.291
33065.153,-70.291
33065.256,-70.291
33065.359,-70.291
33065.462,-70.291
33065.562,-70.291
33065.665,-70.291
33065.777,-70.291
33065.881,-70.291
33066.000,-70.291
33066.076,-70.291
33066.180,-70.291
33066.219,-70.291
33066.317,-70.291
33066.417,-70.291
33066.515,-70.291
33066.614,-70.291
33116.722,-70.291
33116.824,-70.291
33116.918,-70.291
33117.027,-70.291
33117.125,-70.291
33117.224,-70.291
33117.327,-70.291
33117.430,-70.291
33117.540,-70.291
33117.621,-70.291
33117.826,-70.291
33117.827,-70.291
33117.925,-70.291
33118.020,-70.291
33118.131,-70.291
33118.234,-70.291
33118.337,-70.291
33118.440,-70.291
33118.516,-70.291
33118.619,-70.291
33118.724,-70.291
33118.809,-70.291
33118.934,-70.291
33119.045,-70.291
33119.163,-70.291
33119.224,-70.291
33119.351,-70.291
33119.454,-70.291
33119.557,-70.291
33119.658,-70.291
33119.761,-70.291
33119.864,-70.291
33119.969,-70.291
33120.069,-70.291
33120.173,-70.291
33120.275,-70.291
33120.302,-70.291
33120.408,-70.291
33120.506,-70.291
33120.614,-70.291
33120.712,-70.291
33120.809,-70.291
33120.913,-70.291
33121.001,-70.291
33121.119,-70.291
33121.202,-70.291
33121.324,-70.291
33121.408,-70.291
33121.505,-70.291
33121.604,-70.291
33121.706,-70.291
33121.834,-70.291
33121.935,-70.291
33122.015,-70.291
33122.116,-70.291
33122.219,-70.291
33122.322,-70.291
33122.452,-70.291
33122.528,-70.291
33122.598,-70.291
33122.731,-70.291
33122.812,-70.291
33122.935,-70.291
33123.072,-70.291
33123.160,-70.291
33123.243,-70.291
33123.364,-70.291
33123.449,-70.291
33123.550,-70.291
33123.653,-70.291
33123.758,-70.291
33123.858,-70.291
33123.896,-70.291
33124.064,-70.291
33124.089,-70.291
33124.192,-70.291
33124.290,-70.291
33124.403,-70.291
33124.503,-70.291
33124.599,-70.291
33124.790,-70.291
33124.792,-70.291
33124.912,-70.291
33125.001,-70.291
33125.097,-70.291
33125.197,-70.291
33125.293,-70.291
33125.403,-70.291
33125.496,-70.291
33125.606,-70.291
33125.736,-70.291
33125.785,-70.291
33125.907,-70.291
33126.015,-70.291
33126.109,-70.291
33126.214,-70.291
33126.283,-70.291
33126.418,-70.291
33126.521,-70.291
33126.631,-70.291
33176.724,-70.291
33176.783,-70.291
33176.900,-70.291
33177.000,-70.291
33177.133,-70.291
33177.248,-70.291
33177.344,-70.291
33177.442,-70.291
33177.545,-70.291
33177.646,-70.291
33177.750,-70.291
33177.778,-70.291
33177.954,-70.291
33177.981,-70.291
33178.081,-70.291
33178.185,-70.291
33178.363,-70.291
33178.386,-70.291
33178.494,-70.291
33178.592,-70.291
33178.675,-70.291
33178.795,-70.291
33178.875,-70.291
33178.976,-70.291
33179.087,-70.291
33179.182,-70.291
33179.285,-70.291
33179.410,-70.291
33179.489,-70.291
33179.592,-70.291
33179.694,-70.291
33179.795,-70.291
33179.900,-70.291
33180.001,-70.291
33180.104,-70.291
33180.216,-70.291
33180.314,-70.291
33180.410,-70.291
33180.513,-70.291
33180.625,-70.291
33180.746,-70.291
33180.820,-70.291
33180.924,-70.291
33181.025,-70.291
33181.136,-70.291
33181.248,-70.291
33181.266,-70.291
33181.437,-70.291
33181.494,-70.291
33181.570,-70.291
33181.672,-70.291
33181.778,-70.291
33181.885,-70.291
33181.983,-70.291
33182.087,-70.291
33182.185,-70.291
33182.282,-70.291
33182.383,-70.291
33182.484,-70.291
33182.587,-70.291
33182.670,-70.291
33182.766,-70.291
33182.878,-70.291
33182.976,-70.291
33183.084,-70.291
33183.175,-70.291
33183.278,-70.291
33183.381,-70.291
33183.496,-70.291
33183.594,-70.291
33183.690,-70.291
33183.792,-70.291
33183.900,-70.291
33183.998,-70.291
33184.099,-70.291
33184.199,-70.291
33184.302,-70.291
33184.403,-70.291
33184.508,-70.291
33184.609,-70.291
33184.711,-70.291
33184.765,-70.291
33184.869,-70.291
33185.020,-70.291
33185.121,-70.291
33185.182,-70.291
33185.334,-70.291
33185.432,-70.291
33185.459,-70.291
33185.554,-70.291
33185.660,-70.291
33185.768,-70.291
33185.871,-70.291
33185.966,-70.291
33186.067,-70.291
33186.163,-70.291
33186.261,-70.291
33186.354,-70.291
33186.462,-70.291
33186.560,-70.291
33186.657,-70.291
33476.761,-70.291
33476.869,-70.291
33476.967,-70.291
33477.067,-70.291
33477.172,-70.291
33477.271,-70.291
33477.378,-70.291
33477.496,-70.291
33477.581,-70.291
33477.682,-70.291
33477.785,-70.291
33477.907,-70.291
33477.989,-70.291
33478.099,-70.291
33478.204,-70.291
33478.299,-70.291
33478.402,-70.291
33478.511,-70.291
33478.609,-70.291
33478.711,-70.291
33478.815,-70.291
33478.920,-70.291
33479.023,-70.291
33479.118,-70.291
33479.146,-70.291
33479.241,-70.291
33479.356,-70.291
33479.447,-70.291
33479.550,-70.291
33479.648,-70.291
33479.744,-70.291
33479.891,-70.291
33479.959,-70.291
33480.067,-70.291
33480.148,-70.291
33480.244,-70.291
33480.344,-70.291
33480.445,-70.291
33480.550,-70.291
33480.653,-70.291
33480.756,-70.291
33480.858,-70.291
33480.962,-70.291
33481.060,-70.291
33481.170,-70.291
33481.266,-70.291
33481.369,-70.291
33481.469,-70.291
33481.582,-70.291
33481.679,-70.291
33481.778,-70.291
33481.880,-70.291
33481.984,-70.291
33482.084,-70.291
33482.187,-70.291
33482.290,-70.291
33482.393,-70.291
33482.494,-70.291
33482.596,-70.291
33482.640,-70.291
33482.802,-70.291
33482.905,-70.291
33482.932,-70.291
33483.033,-70.291
33483.133,-70.291
33483.238,-70.291
33483.337,-70.291
33483.444,-70.291
33483.545,-70.291
33483.645,-70.291
33483.743,-70.291
33483.832,-70.291
33483.930,-70.291
33484.030,-70.291
33484.155,-70.291
33484.236,-70.291
33484.337,-70.291
33484.440,-70.291
33484.548,-70.291
33484.675,-70.291
33484.748,-70.291
33484.849,-70.291
33484.961,-70.291
33485.087,-70.291
33485.128,-70.291
33485.229,-70.291
33485.332,-70.291
33485.464,-70.291
33485.579,-70.291
33485.670,-70.291
33485.780,-70.291
33485.905,-70.291
33485.947,-70.291
33486.081,-70.291
33486.180,-70.291
33486.283,-70.291
33486.396,-70.291
33486.420,-70.291
33486.591,-70.291
33486.692,-70.291
33536.724,-70.291
33536.820,-70.291
33536.920,-70.291
33537.025,-70.291
33537.130,-70.291
33537.231,-70.291
33537.337,-70.291
33537.418,-70.291
33537.535,-70.291
33537.640,-70.291
33537.739,-70.291
33537.829,-70.291
33537.930,-70.291
33538.030,-70.291
33538.126,-70.291
33538.231,-70.291
33538.329,-70.291
33538.452,-70.291
33538.537,-70.291
33538.638,-70.291
33538.739,-70.291
33538.844,-70.291
33538.957,-70.291
33539.028,-70.291
33539.158,-70.291
33539.231,-70.291
33539.354,-70.291
33539.452,-70.291
33539.552,-70.291
33539.667,-70.291
33539.765,-70.291
33539.866,-70.291
33539.994,-70.291
33540.077,-70.291
33540.177,-70.291
33540.228,-70.291
33540.400,-70.291
33540.483,-70.291
33540.510,-70.291
33540.687,-70.291
33540.724,-70.291
33540.817,-70.291
33540.915,-70.291
33541.018,-70.291
33541.123,-70.291
33541.224,-70.291
33541.326,-70.291
33541.427,-70.291
33541.530,-70.291
33541.609,-70.291
33541.711,-70.291
33541.827,-70.291
33541.925,-70.291
33542.021,-70.291
33542.131,-70.291
33542.239,-70.291
33542.337,-70.291
33542.435,-70.291
33542.562,-70.291
33542.641,-70.291
33542.768,-70.291
33542.820,-70.291
33542.940,-70.291
33543.021,-70.291
33543.106,-70.291
33543.209,-70.291
33543.351,-70.291
33543.452,-70.291
33543.552,-70.291
33543.667,-70.291
33543.758,-70.291
33543.859,-70.291
33543.964,-70.291
33544.077,-70.291
33544.106,-70.291
33544.201,-70.291
33544.299,-70.291
33544.400,-70.291
33544.501,-70.291
33544.609,-70.291
33544.707,-70.291
33544.807,-70.291
33544.912,-70.291
33545.011,-70.291
33545.136,-70.291
33545.195,-70.291
33545.295,-70.291
33545.396,-70.291
33545.506,-70.291
33545.603,-70.291
33545.704,-70.291
33545.805,-70.291
33545.915,-70.291
33546.011,-70.291
33546.114,-70.291
33546.209,-70.291
33546.324,-70.291
33546.420,-70.291
33546.523,-70.291
33546.626,-70.291
33596.728,-70.291
33596.831,-70.291
33596.932,-70.291
33597.040,-70.291
33597.109,-70.291
33597.239,-70.291
33597.344,-70.291
33597.476,-70.291
33597.549,-70.291
33597.650,-70.291
33597.753,-70.291
33597.856,-70.291
33597.957,-70.291
33598.077,-70.291
33598.097,-70.291
33598.192,-70.291
33598.288,-70.291
33598.408,-70.291
33598.486,-70.291
33598.597,-70.291
33598.707,-70.291
33598.787,-70.291
33598.905,-70.291
33599.000,-70.291
33599.092,-70.291
33599.201,-70.291
33599.300,-70.291
33599.425,-70.291
33599.503,-70.291
33599.604,-70.291
33599.726,-70.291
33599.800,-70.291
33599.913,-70.291
33600.011,-70.291
33600.109,-70.291
33600.211,-70.291
33600.324,-70.291
33600.420,-70.291
33600.518,-70.291
33600.619,-70.291
33600.723,-70.291
33600.834,-70.291
33600.954,-70.291
33601.030,-70.291
33601.131,-70.291
33601.236,-70.291
33601.334,-70.291
33601.439,-70.291
33601.540,-70.291
33601.643,-70.291
33601.751,-70.291
33601.848,-70.291
33601.876,-70.291
33601.974,-70.291
33602.077,-70.291
33602.187,-70.291
33602.285,-70.291
33602.385,-70.291
33602.486,-70.291
33602.574,-70.291
33602.692,-70.291
33602.793,-70.291
33602.873,-70.291
33602.974,-70.291
33603.077,-70.291
33603.180,-70.291
33603.288,-70.291
33603.386,-70.291
33603.488,-70.291
33603.621,-70.291
33603.692,-70.291
33603.793,-70.291
33603.897,-70.291
33604.001,-70.291
33604.099,-70.291
33604.202,-70.291
33604.324,-70.291
33604.408,-70.291
33604.510,-70.291
33604.614,-70.291
33604.734,-70.291
33604.827,-70.291
33604.927,-70.291
33605.023,-70.291
33605.128,-70.291
33605.226,-70.291
33605.339,-70.291
33605.366,-70.291
33605.543,-70.291
33605.572,-70.291
33605.670,-70.291
33605.768,-70.291
33605.880,-70.291
33605.976,-70.291
33606.077,-70.291
33606.185,-70.291
33606.280,-70.291
33606.361,-70.291
33606.466,-70.291
33606.572,-70.291
33606.672,-70.291
33656.766,-70.291
33656.866,-70.291
33656.969,-70.291
33657.174,-70.291
33657.175,-70.291
33657.275,-70.291
33657.376,-70.291
33657.486,-70.291
33657.586,-70.291
33657.712,-70.291
33657.787,-70.291
33657.891,-70.291
33657.993,-70.291
33658.067,-70.291
33658.197,-70.291
33658.300,-70.291
33658.402,-70.291
33658.537,-70.291
33658.611,-70.291
33658.707,-70.291
33658.815,-70.291
33658.913,-70.291
33659.016,-70.291
33659.143,-70.291
33659.157,-70.291
33659.256,-70.291
33659.354,-70.291
33659.550,-70.291
33659.552,-70.291
33659.653,-70.291
33659.873,-70.291
33659.939,-70.291
33659.967,-70.291
33660.070,-70.291
33660.168,-70.291
33660.270,-70.291
33660.373,-70.291
33660.451,-70.291
33660.552,-70.291
33660.653,-70.291
33660.766,-70.291
33660.888,-70.291
33660.976,-70.291
33661.065,-70.291
33661.168,-70.291
33661.386,-70.291
33661.388,-70.291
33661.474,-70.291
33661.587,-70.291
33661.685,-70.291
33661.750,-70.291
33661.883,-70.291
33661.986,-70.291
33662.089,-70.291
33662.190,-70.291
33662.293,-70.291
33662.391,-70.291
33662.508,-70.291
33662.604,-70.291
33662.697,-70.291
33662.815,-70.291
33662.917,-70.291
33662.947,-70.291
33663.043,-70.291
33663.143,-70.291
33663.326,-70.291
33663.354,-70.291
33663.454,-70.291
33663.548,-70.291
33663.650,-70.291
33663.755,-70.291
33663.853,-70.291
33663.957,-70.291
33664.057,-70.291
33664.160,-70.291
33664.241,-70.291
33664.353,-70.291
33664.451,-70.291
33664.547,-70.291
33664.650,-70.291
33664.751,-70.291
33664.854,-70.291
33664.956,-70.291
33665.062,-70.291
33665.160,-70.291
33665.268,-70.291
33665.390,-70.291
33665.472,-70.291
33665.570,-70.291
33665.673,-70.291
33665.798,-70.291
33665.878,-70.291
33665.979,-70.291
33666.082,-70.291
33666.190,-70.291
33666.287,-70.291
33666.347,-70.291
33666.491,-70.291
33666.597,-70.291
33666.655,-70.291
33716.798,-70.291
33716.902,-70.291
33717.003,-70.291
33717.032,-70.291
33717.133,-70.291
33717.246,-70.291
33717.337,-70.291
33717.437,-70.291
33717.540,-70.291
33717.635,-70.291
33717.731,-70.291
33717.849,-70.291
33718.028,-70.291
33718.030,-70.291
33718.130,-70.291
33718.234,-70.291
33718.334,-70.291
33718.437,-70.291
33718.542,-70.291
33718.643,-70.291
33718.744,-70.291
33718.841,-70.291
33718.951,-70.291
33719.060,-70.291
33719.153,-70.291
33719.266,-70.291
33719.368,-70.291
33719.473,-70.291
33719.572,-70.291
33719.675,-70.291
33719.795,-70.291
33719.881,-70.291
33719.983,-70.291
33720.037,-70.291
33720.163,-70.291
33720.238,-70.291
33720.344,-70.291
33720.420,-70.291
33720.599,-70.291
33720.626,-70.291
33720.723,-70.291
33720.898,-70.291
33720.939,-70.291
33721.022,-70.291
33721.123,-70.291
33721.226,-70.291
33721.334,-70.291
33721.430,-70.291
33721.518,-70.291
33721.633,-70.291
33721.714,-70.291
33721.817,-70.291
33721.918,-70.291
33722.021,-70.291
33722.123,-70.291
33722.226,-70.291
33722.329,-70.291
33722.437,-70.291
33722.533,-70.291
33722.636,-70.291
33722.739,-70.291
33722.851,-70.291
33722.947,-70.291
33723.045,-70.291
33723.148,-70.291
33723.251,-70.291
33723.353,-70.291
33723.471,-70.291
33723.559,-70.291
33723.660,-70.291
33723.761,-70.291
33723.886,-70.291
33723.967,-70.291
33724.067,-70.291
33724.180,-70.291
33724.275,-70.291
33724.327,-70.291
33724.479,-70.291
33724.581,-70.291
33724.614,-70.291
33724.714,-70.291
33724.812,-70.291
33724.913,-70.291
33725.016,-70.291
33725.126,-70.291
33725.207,-70.291
33725.309,-70.291
33725.425,-70.291
33725.525,-70.291
33725.606,-70.291
33725.719,-70.291
33725.815,-70.291
33725.913,-70.291
33726.011,-70.291
33726.126,-70.291
33726.228,-70.291
33726.326,-70.291
33726.410,-70.291
33726.520,-70.291
33726.619,-70.291
33776.712,-70.291
33776.824,-70.291
33776.905,-70.291
33777.025,-70.291
33777.101,-70.291
33777.238,-70.291
33777.334,-70.291
33777.456,-70.291
33777.557,-70.291
33777.655,-70.291
33777.748,-70.291
33777.849,-70.291
33777.952,-70.291
33778.055,-70.291
33778.104,-70.291
33778.201,-70.291
33778.307,-70.291
33778.405,-70.291
33778.501,-70.291
33778.616,-70.291
33778.709,-70.291
33778.807,-70.291
33778.907,-70.291
33779.008,-70.291
33779.113,-70.291
33779.212,-70.291
33779.319,-70.291
33779.395,-70.291
33779.496,-70.291
33779.598,-70.291
33779.717,-70.291
33779.804,-70.291
33779.905,-70.291
33780.006,-70.291
33780.111,-70.291
33780.212,-70.291
33780.315,-70.291
33780.418,-70.291
33780.522,-70.291
33780.623,-70.291
33780.743,-70.291
33780.821,-70.291
33780.891,-70.291
33780.991,-70.291
33781.098,-70.291
33781.236,-70.291
33781.334,-70.291
33781.449,-70.291
33781.525,-70.291
33781.647,-70.291
33781.744,-70.291
33781.842,-70.291
33781.893,-70.291
33782.057,-70.291
33782.155,-70.291
33782.184,-70.291
33782.292,-70.291
33782.390,-70.291
33782.494,-70.291
33782.591,-70.291
33782.704,-70.291
33782.802,-70.291
33782.903,-70.291
33783.079,-70.291
33783.082,-70.291
33783.192,-70.291
33783.293,-70.291
33783.393,-70.291
33783.501,-70.291
33783.601,-70.291
33783.699,-70.291
33783.807,-70.291
33783.903,-70.291
33784.010,-70.291
33784.128,-70.291
33784.217,-70.291
33784.315,-70.291
33784.413,-70.291
33784.513,-70.291
33784.616,-70.291
33784.719,-70.291
33784.822,-70.291
33784.932,-70.291
33785.030,-70.291
33785.131,-70.291
33785.231,-70.291
33785.342,-70.291
33785.440,-70.291
33785.538,-70.291
33785.641,-70.291
33785.741,-70.291
33785.846,-70.291
33785.908,-70.291
33785.993,-70.291
33786.074,-70.291
33786.179,-70.291
33786.278,-70.291
33786.378,-70.291
33786.481,-70.291
33786.587,-70.291
33786.701,-70.291
34076.783,-70.291
34076.878,-70.291
34076.974,-70.291
34077.074,-70.291
34077.180,-70.291
34077.280,-70.291
34077.380,-70.291
34077.483,-70.291
34077.587,-70.291
34077.719,-70.291
34077.804,-70.291
34077.893,-70.291
34077.996,-70.291
34078.098,-70.291
34078.214,-70.291
34078.315,-70.291
34078.410,-70.291
34078.508,-70.291
34078.609,-70.291
34078.714,-70.291
34078.815,-70.291
34078.918,-70.291
34079.021,-70.291
34079.123,-70.291
34079.224,-70.291
34079.327,-70.291
34079.430,-70.291
34079.532,-70.291
34079.641,-70.291
34079.662,-70.291
34079.763,-70.291
34079.863,-70.291
34079.967,-70.291
34080.076,-70.291
34080.175,-70.291
34080.273,-70.291
34080.378,-70.291
34080.469,-70.291
34080.567,-70.291
34080.687,-70.291
34080.766,-70.291
34080.871,-70.291
34080.974,-70.291
34081.072,-70.291
34081.180,-70.291
34081.280,-70.291
34081.375,-70.291
34081.486,-70.291
34081.579,-70.291
34081.660,-70.291
34081.770,-70.291
34081.891,-70.291
34081.974,-70.291
34082.055,-70.291
34082.165,-70.291
34082.265,-70.291
34082.390,-70.291
34082.469,-70.291
34082.582,-70.291
34082.707,-70.291
34082.805,-70.291
34082.900,-70.291
34083.018,-70.291
34083.116,-70.291
34083.212,-70.291
34083.315,-70.291
34083.358,-70.291
34083.452,-70.291
34083.550,-70.291
34083.652,-70.291
34083.753,-70.291
34083.935,-70.291
34083.961,-70.291
34084.050,-70.291
34084.165,-70.291
34084.266,-70.291
34084.369,-70.291
34084.462,-70.291
34084.555,-70.291
34084.652,-70.291
34084.753,-70.291
34084.858,-70.291
34084.967,-70.291
34085.065,-70.291
34085.153,-70.291
34085.285,-70.291
34085.368,-70.291
34085.449,-70.291
34085.574,-70.291
34085.657,-70.291
34085.780,-70.291
34085.945,-70.291
34085.949,-70.291
34086.054,-70.291
34086.162,-70.291
34086.300,-70.291
34086.373,-70.291
34086.496,-70.291
34086.594,-70.291
34086.692,-70.291
34136.810,-70.291
34136.907,-70.291
34136.959,-70.291
34137.109,-70.291
34137.212,-70.291
34137.241,-70.291
34137.359,-70.291
34137.445,-70.291
34137.545,-70.291
34137.662,-70.291
34137.751,-70.291
34137.853,-70.291
34137.954,-70.291
34138.055,-70.291
34138.138,-70.291
34138.236,-70.291
34138.356,-70.291
34138.461,-70.291
34138.550,-70.291
34138.655,-70.291
34138.748,-70.291
34138.851,-70.291
34138.947,-70.291
34139.055,-70.291
34139.167,-70.291
34139.265,-70.291
34139.371,-70.291
34139.471,-70.291
34139.565,-70.291
34139.680,-70.291
34139.773,-70.291
34139.873,-70.291
34139.976,-70.291
34140.079,-70.291
34140.131,-70.291
34140.297,-70.291
34140.395,-70.291
34140.494,-70.291
34140.547,-70.291
34140.709,-70.291
34140.736,-70.291
34140.834,-70.291
34140.967,-70.291
34141.035,-70.291
34141.145,-70.291
34141.229,-70.291
34141.339,-70.291
34141.449,-70.291
34141.540,-70.291
34141.638,-70.291
34141.812,-70.291
34141.831,-70.291
34141.929,-70.291
34142.025,-70.291
34142.136,-70.291
34142.246,-70.291
34142.346,-70.291
34142.442,-70.291
34142.523,-70.291
34142.643,-70.291
34142.739,-70.291
34142.837,-70.291
34142.939,-70.291
34143.059,-70.291
34143.157,-70.291
34143.239,-70.291
34143.351,-70.291
34143.449,-70.291
34143.547,-70.291
34143.648,-70.291
34143.772,-70.291
34143.869,-70.291
34143.998,-70.291
34144.070,-70.291
34144.190,-70.291
34144.219,-70.291
34144.386,-70.291
34144.479,-70.291
34144.574,-70.291
34144.626,-70.291
34144.793,-70.291
34144.821,-70.291
34144.918,-70.291
34145.018,-70.291
34145.123,-70.291
34145.224,-70.291
34145.403,-70.291
34145.444,-70.291
34145.533,-70.291
34145.633,-70.291
34145.817,-70.291
34145.829,-70.291
34145.925,-70.291
34146.027,-70.291
34146.121,-70.291
34146.223,-70.291
34146.334,-70.291
34146.435,-70.291
34146.548,-70.291
34146.641,-70.291
34196.766,-70.291
34196.844,-70.291
34196.959,-70.291
34197.065,-70.291
34197.146,-70.291
34197.248,-70.291
34197.329,-70.291
34197.410,-70.291
34197.511,-70.291
34197.614,-70.291
34197.724,-70.291
34197.824,-70.291
34197.930,-70.291
34198.065,-70.291
34198.133,-70.291
34198.206,-70.291
34198.307,-70.291
34198.408,-70.291
34198.540,-70.291
34198.616,-70.291
34198.721,-70.291
34198.819,-70.291
34198.912,-70.291
34199.013,-70.291
34199.119,-70.291
34199.202,-70.291
34199.300,-70.291
34199.420,-70.291
34199.508,-70.291
34199.606,-70.291
34199.704,-70.291
34199.800,-70.291
34199.922,-70.291
34200.018,-70.291
34200.114,-70.291
34200.221,-70.291
34200.319,-70.291
34200.422,-70.291
34200.525,-70.291
34200.633,-70.291
34200.731,-70.291
34200.832,-70.291
34200.957,-70.291
34201.001,-70.291
34201.148,-70.291
34201.248,-70.291
34201.324,-70.291
34201.446,-70.291
34201.547,-70.291
34201.645,-70.291
34201.761,-70.291
34201.856,-70.291
34201.912,-70.291
34202.022,-70.291
34202.123,-70.291
34202.228,-70.291
34202.305,-70.291
34202.471,-70.291
34202.498,-70.291
34202.614,-70.291
34202.696,-70.291
34202.795,-70.291
34202.900,-70.291
34202.998,-70.291
34203.109,-70.291
34203.209,-70.291
34203.305,-70.291
34203.415,-70.291
34203.489,-70.291
34203.598,-70.291
34203.694,-70.291
34203.812,-70.291
34203.896,-70.291
34204.033,-70.291
34204.106,-70.291
34204.204,-70.291
34204.309,-70.291
34204.408,-70.291
34204.506,-70.291
34204.631,-70.291
34204.721,-70.291
34204.817,-70.291
34204.912,-70.291
34205.013,-70.291
34205.136,-70.291
34205.236,-70.291
34205.331,-70.291
34205.435,-70.291
34205.533,-70.291
34205.587,-70.291
34205.685,-70.291
34205.851,-70.291
34205.949,-70.291
34206.043,-70.291
34206.146,-70.291
34206.197,-70.291
34206.298,-70.291
34206.393,-70.291
34206.493,-70.291
34206.592,-70.291
34206.702,-70.291
34256.881,-70.291
34256.883,-70.291
34256.984,-70.291
34257.087,-70.291
34257.204,-70.291
34257.295,-70.291
34257.393,-70.291
34257.481,-70.291
34257.594,-70.291
34257.690,-70.291
34257.787,-70.291
34257.881,-70.291
34258.030,-70.291
34258.104,-70.291
34258.202,-70.291
34258.305,-70.291
34258.415,-70.291
34258.508,-70.291
34258.609,-70.291
34258.717,-70.291
34258.817,-70.291
34258.913,-70.291
34259.043,-70.291
34259.128,-70.291
34259.229,-70.291
34259.331,-70.291
34259.408,-70.291
34259.476,-70.291
34259.630,-70.291
34259.682,-70.291
34259.777,-70.291
34259.945,-70.291
34260.047,-70.291
34260.077,-70.291
34260.182,-70.291
34260.280,-70.291
34260.380,-70.291
34260.481,-70.291
34260.582,-70.291
34260.685,-70.291
34260.768,-70.291
34260.880,-70.291
34260.974,-70.291
34261.079,-70.291
34261.179,-70.291
34261.290,-70.291
34261.378,-70.291
34261.472,-70.291
34261.616,-70.291
34261.665,-70.291
34261.795,-70.291
34261.900,-70.291
34261.981,-70.291
34262.074,-70.291
34262.197,-70.291
34262.295,-70.291
34262.393,-70.291
34262.513,-70.291
34262.609,-70.291
34262.717,-70.291
34262.814,-70.291
34262.947,-70.291
34263.022,-70.291
34263.126,-70.291
34263.226,-70.291
34263.260,-70.291
34263.425,-70.291
34263.528,-70.291
34263.631,-70.291
34263.733,-70.291
34263.761,-70.291
34263.861,-70.291
34263.962,-70.291
34264.064,-70.291
34264.185,-70.291
34264.273,-70.291
34264.373,-70.291
34264.474,-70.291
34264.579,-70.291
34264.658,-70.291
34264.758,-70.291
34264.859,-70.291
34264.966,-70.291
34265.065,-70.291
34265.167,-70.291
34265.288,-70.291
34265.371,-70.291
34265.494,-70.291
34265.555,-70.291
34265.655,-70.291
34265.768,-70.291
34265.869,-70.291
34265.969,-70.291
34266.092,-70.291
34266.153,-70.291
34266.260,-70.291
34266.391,-70.291
34266.467,-70.291
34266.591,-70.291
34266.697,-70.291
34316.805,-70.291
34316.905,-70.291
34317.001,-70.291
34317.101,-70.291
34317.150,-70.291
34317.317,-70.291
34317.413,-70.291
34317.538,-70.291
34317.548,-70.291
34317.667,-70.291
34317.761,-70.291
34317.932,-70.291
34317.957,-70.291
34318.052,-70.291
34318.148,-70.291
34318.251,-70.291
34318.349,-70.291
34318.444,-70.291
34318.548,-70.291
34318.648,-70.291
34318.751,-70.291
34318.854,-70.291
34318.964,-70.291
34319.060,-70.291
34319.168,-70.291
34319.272,-70.291
34319.376,-70.291
34319.474,-70.291
34319.579,-70.291
34319.699,-70.291
34319.787,-70.291
34319.885,-70.291
34319.988,-70.291
34320.065,-70.291
34320.185,-70.291
34320.287,-70.291
34320.337,-70.291
34320.503,-70.291
34320.555,-70.291
34320.701,-70.291
34320.758,-70.291
34320.869,-70.291
34320.945,-70.291
34321.094,-70.291
34321.212,-70.291
34321.241,-70.291
34321.337,-70.291
34321.435,-70.291
34321.538,-70.291
34321.643,-70.291
34321.746,-70.291
34321.849,-70.291
34321.949,-70.291
34322.052,-70.291
34322.136,-70.291
34322.234,-70.291
34322.342,-70.291
34322.437,-70.291
34322.540,-70.291
34322.643,-70.291
34322.753,-70.291
34322.853,-70.291
34322.951,-70.291
34323.052,-70.291
34323.153,-70.291
34323.256,-70.291
34323.375,-70.291
34323.462,-70.291
34323.562,-70.291
34323.668,-70.291
34323.739,-70.291
34323.876,-70.291
34323.974,-70.291
34324.076,-70.291
34324.179,-70.291
34324.280,-70.291
34324.332,-70.291
34324.476,-70.291
34324.548,-70.291
34324.658,-70.291
34324.782,-70.291
34324.888,-70.291
34324.989,-70.291
34325.101,-70.291
34325.126,-70.291
34325.234,-70.291
34325.332,-70.291
34325.432,-70.291
34325.535,-70.291
34325.623,-70.291
34325.741,-70.291
34325.839,-70.291
34325.946,-70.291
34326.033,-70.291
34326.128,-70.291
34326.226,-70.291
34326.334,-70.291
34326.432,-70.291
34326.533,-70.291
34326.636,-70.291
34376.739,-70.291
34376.849,-70.291
34376.952,-70.291
34377.055,-70.291
34377.123,-70.291
34377.258,-70.291
34377.354,-70.291
34377.464,-70.291
34377.562,-70.291
34377.668,-70.291
34377.788,-70.291
34377.873,-70.291
34377.972,-70.291
34378.077,-70.291
34378.275,-70.291
34378.277,-70.291
34378.331,-70.291
34378.440,-70.291
34378.521,-70.291
34378.616,-70.291
34378.751,-70.291
34378.856,-70.291
34378.993,-70.291
34379.023,-70.291
34379.133,-70.291
34379.299,-70.291
34379.324,-70.291
34379.427,-70.291
34379.528,-70.291
34379.621,-70.291
34379.734,-70.291
34379.812,-70.291
34379.913,-70.291
34380.040,-70.291
34380.119,-70.291
34380.219,-70.291
34380.322,-70.291
34380.430,-70.291
34380.528,-70.291
34380.623,-70.291
34380.724,-70.291
34380.842,-70.291
34380.937,-70.291
34381.136,-70.291
34381.145,-70.291
34381.244,-70.291
34381.346,-70.291
34381.459,-70.291
34381.552,-70.291
34381.653,-70.291
34381.748,-70.291
34381.871,-70.291
34381.964,-70.291
34382.064,-70.291
34382.165,-70.291
34382.270,-70.291
34382.371,-70.291
34382.473,-70.291
34382.560,-70.291
34382.680,-70.291
34382.780,-70.291
34382.807,-70.291
34382.986,-70.291
34383.021,-70.291
34383.116,-70.291
34383.214,-70.291
34383.322,-70.291
34383.420,-70.291
34383.523,-70.291
34383.601,-70.291
34383.709,-70.291
34383.805,-70.291
34383.907,-70.291
34384.035,-70.291
34384.121,-70.291
34384.204,-70.291
34384.310,-70.291
34384.418,-70.291
34384.516,-70.291
34384.599,-70.291
34384.766,-70.291
34384.810,-70.291
34384.937,-70.291
34385.042,-70.291
34385.143,-70.291
34385.241,-70.291
34385.349,-70.291
34385.447,-70.291
34385.547,-70.291
34385.648,-70.291
34385.741,-70.291
34385.869,-70.291
34385.959,-70.291
34386.055,-70.291
34386.158,-70.291
34386.280,-70.291
34386.354,-70.291
34386.407,-70.291
34386.491,-70.291
34386.606,-70.291
34386.699,-70.291
34676.800,-70.291
34676.900,-70.291
34677.084,-70.291
34677.111,-70.291
34677.207,-70.291
34677.312,-70.291
34677.412,-70.291
34677.489,-70.291
34677.592,-70.291
34677.707,-70.291
34677.797,-70.291
34677.900,-70.291
34678.001,-70.291
34678.118,-70.291
34678.219,-70.291
34678.315,-70.291
34678.410,-70.291
34678.513,-70.291
34678.616,-70.291
34678.719,-70.291
34678.809,-70.291
34678.930,-70.291
34678.984,-70.291
34679.092,-70.291
34679.231,-70.291
34679.305,-70.291
34679.435,-70.291
34679.543,-70.291
34679.633,-70.291
34679.736,-70.291
34679.837,-70.291
34679.886,-70.291
34680.050,-70.291
34680.148,-70.291
34680.182,-70.291
34680.280,-70.291
34680.396,-70.291
34680.491,-70.291
34680.591,-70.291
34680.697,-70.291
34680.795,-70.291
34680.895,-70.291
34681.013,-70.291
34681.077,-70.291
34681.177,-70.291
34681.287,-70.291
34681.383,-70.291
34681.496,-70.291
34681.596,-70.291
34681.690,-70.291
34681.799,-70.291
34681.903,-70.291
34682.005,-70.291
34682.118,-70.291
34682.209,-70.291
34682.285,-70.291
34682.405,-70.291
34682.528,-70.291
34682.611,-70.291
34682.712,-70.291
34682.814,-70.291
34682.922,-70.291
34683.020,-70.291
34683.140,-70.291
34683.190,-70.291
34683.334,-70.291
34683.395,-70.291
34683.530,-70.291
34683.633,-70.291
34683.706,-70.291
34683.839,-70.291
34683.954,-70.291
34683.973,-70.291
34684.069,-70.291
34684.170,-70.291
34684.273,-70.291
34684.390,-70.291
34684.555,-70.291
34684.582,-70.291
34684.689,-70.291
34684.788,-70.291
34684.886,-70.291
34684.964,-70.291
34685.067,-70.291
34685.170,-70.291
34685.280,-70.291
34685.381,-70.291
34685.478,-70.291
34685.579,-70.291
34685.684,-70.291
34685.793,-70.291
34685.886,-70.291
34685.991,-70.291
34686.094,-70.291
34686.204,-70.291
34686.300,-70.291
34686.400,-70.291
34686.503,-70.291
34686.604,-70.291
34686.706,-70.291
34736.827,-70.291
34736.861,-70.291
34737.013,-70.291
34737.116,-70.291
34737.175,-70.291
34737.263,-70.291
34737.378,-70.291
34737.525,-70.291
34737.594,-70.291
34737.670,-70.291
34737.822,-70.291
34737.875,-70.291
34738.042,-70.291
34738.067,-70.291
34738.158,-70.291
34738.258,-70.291
34738.364,-70.291
34738.489,-70.291
34738.572,-70.291
34738.670,-70.291
34738.755,-70.291
34738.856,-70.291
34738.966,-70.291
34739.070,-70.291
34739.168,-70.291
34739.268,-70.291
34739.376,-70.291
34739.467,-70.291
34739.582,-70.291
34739.680,-70.291
34739.787,-70.291
34739.883,-70.291
34739.981,-70.291
34740.086,-70.291
34740.204,-70.291
34740.288,-70.291
34740.393,-70.291
34740.496,-70.291
34740.614,-70.291
34740.709,-70.291
34740.805,-70.291
34740.905,-70.291
34741.013,-70.291
34741.108,-70.291
34741.212,-70.291
34741.304,-70.291
34741.348,-70.291
34741.447,-70.291
34741.621,-70.291
34741.717,-70.291
34741.748,-70.291
34741.849,-70.291
34741.954,-70.291
34742.064,-70.291
34742.163,-70.291
34742.246,-70.291
34742.347,-70.291
34742.452,-70.291
34742.564,-70.291
34742.660,-70.291
34742.750,-70.291
34742.858,-70.291
34742.957,-70.291
34743.055,-70.291
34743.157,-70.291
34743.255,-70.291
34743.364,-70.291
34743.466,-70.291
34743.579,-70.291
34743.675,-70.291
34743.773,-70.291
34743.876,-70.291
34743.989,-70.291
34744.084,-70.291
34744.185,-70.291
34744.288,-70.291
34744.388,-70.291
34744.488,-70.291
34744.611,-70.291
34744.704,-70.291
34744.824,-70.291
34744.898,-70.291
34744.942,-70.291
34745.104,-70.291
34745.206,-70.291
34745.236,-70.291
34745.348,-70.291
34745.440,-70.291
34745.542,-70.291
34745.640,-70.291
34745.750,-70.291
34745.854,-70.291
34745.949,-70.291
34746.035,-70.291
34746.136,-70.291
34746.234,-70.291
34746.334,-70.291
34746.449,-70.291
34746.545,-70.291
34746.648,-70.291
34796.744,-70.291
34796.861,-70.291
34796.959,-70.291
34797.055,-70.291
34797.150,-70.291
34797.255,-70.291
34797.376,-70.291
34797.474,-70.291
34797.550,-70.291
34797.665,-70.291
34797.741,-70.291
34797.890,-70.291
34797.969,-70.291
34798.094,-70.291
34798.130,-70.291
34798.236,-70.291
34798.339,-70.291
34798.447,-70.291
34798.549,-70.291
34798.699,-70.291
34798.761,-70.291
34798.891,-70.291
34798.922,-70.291
34799.022,-70.291
34799.123,-70.291
34799.224,-70.291
34799.327,-70.291
34799.437,-70.291
34799.533,-70.291
34799.633,-70.291
34799.802,-70.291
34799.839,-70.291
34799.940,-70.291
34800.045,-70.291
34800.125,-70.291
34800.223,-70.291
34800.324,-70.291
34800.420,-70.291
34800.560,-70.291
34800.633,-70.291
34800.734,-70.291
34800.859,-70.291
34800.940,-70.291
34801.042,-70.291
34801.143,-70.291
34801.246,-70.291
34801.349,-70.291
34801.461,-70.291
34801.555,-70.291
34801.665,-70.291
34801.761,-70.291
34801.863,-70.291
34801.934,-70.291
34802.065,-70.291
34802.170,-70.291
34802.302,-70.291
34802.375,-70.291
34802.476,-70.291
34802.579,-70.291
34802.697,-70.291
34802.717,-70.291
34802.815,-70.291
34802.913,-70.291
34803.013,-70.291
34803.116,-70.291
34803.219,-70.291
34803.322,-70.291
34803.432,-70.291
34803.511,-70.291
34803.630,-70.291
34803.731,-70.291
34803.822,-70.291
34803.942,-70.291
34804.015,-70.291
34804.133,-70.291
34804.226,-70.291
34804.327,-70.291
34804.424,-70.291
34804.535,-70.291
34804.626,-70.291
34804.729,-70.291
34804.832,-70.291
34804.947,-70.291
34805.045,-70.291
34805.143,-70.291
34805.244,-70.291
34805.346,-70.291
34805.446,-70.291
34805.548,-70.291
34805.650,-70.291
34805.753,-70.291
34805.854,-70.291
34805.964,-70.291
34806.057,-70.291
34806.162,-70.291
34806.266,-70.291
34806.336,-70.291
34806.464,-70.291
34806.565,-70.291
34806.665,-70.291
34856.717,-70.291
34856.812,-70.291
34856.903,-70.291
34856.998,-70.291
34857.108,-70.291
34857.217,-70.291
34857.315,-70.291
34857.415,-70.291
34857.518,-70.291
34857.621,-70.291
34857.697,-70.291
34857.804,-70.291
34857.932,-70.291
34858.006,-70.291
34858.108,-70.291
34858.212,-70.291
34858.321,-70.291
34858.417,-70.291
34858.516,-70.291
34858.621,-70.291
34858.726,-70.291
34858.824,-70.291
34858.947,-70.291
34859.032,-70.291
34859.131,-70.291
34859.234,-70.291
34859.312,-70.291
34859.445,-70.291
34859.550,-70.291
34859.648,-70.291
34859.750,-70.291
34859.849,-70.291
34859.952,-70.291
34860.055,-70.291
34860.160,-70.291
34860.268,-70.291
34860.293,-70.291
34860.464,-70.291
34860.493,-70.291
34860.597,-70.291
34860.701,-70.291
34860.807,-70.291
34860.978,-70.291
34861.010,-70.291
34861.086,-70.291
34861.194,-70.291
34861.290,-70.291
34861.391,-70.291
34861.489,-70.291
34861.589,-70.291
34861.685,-70.291
34861.815,-70.291
34861.898,-70.291
34862.022,-70.291
34862.101,-70.291
34862.184,-70.291
34862.339,-70.291
34862.393,-70.291
34862.501,-70.291
34862.582,-70.291
34862.687,-70.291
34862.807,-70.291
34862.905,-70.291
34863.003,-70.291
34863.125,-70.291
34863.221,-70.291
34863.322,-70.291
34863.425,-70.291
34863.525,-70.291
34863.646,-70.291
34863.722,-70.291
34863.841,-70.291
34863.945,-70.291
34864.048,-70.291
34864.089,-70.291
34864.180,-70.291
34864.354,-70.291
34864.381,-70.291
34864.483,-70.291
34864.584,-70.291
34864.685,-70.291
34864.788,-70.291
34864.898,-70.291
34864.976,-70.291
34865.094,-70.291
34865.195,-70.291
34865.283,-70.291
34865.378,-70.291
34865.484,-70.291
34865.604,-70.291
34865.677,-70.291
34865.788,-70.291
34865.895,-70.291
34865.974,-70.291
34866.096,-70.291
34866.180,-70.291
34866.293,-70.291
34866.383,-70.291
34866.486,-70.291
34866.571,-70.291
34916.711,-70.291
34916.783,-70.291
34916.903,-70.291
34916.979,-70.291
34917.094,-70.291
34917.212,-70.291
34917.315,-70.291
34917.366,-70.291
34917.510,-70.291
34917.641,-70.291
34917.739,-70.291
34917.768,-70.291
34917.947,-70.291
34917.974,-70.291
34918.072,-70.291
34918.180,-70.291
34918.275,-70.291
34918.381,-70.291
34918.552,-70.291
34918.579,-70.291
34918.665,-70.291
34918.766,-70.291
34918.869,-70.291
34918.962,-70.291
34919.065,-70.291
34919.165,-70.291
34919.280,-70.291
34919.376,-70.291
34919.473,-70.291
34919.577,-70.291
34919.675,-70.291
34919.802,-70.291
34919.861,-70.291
34919.969,-70.291
34920.065,-70.291
34920.172,-70.291
34920.277,-70.291
34920.361,-70.291
34920.462,-70.291
34920.609,-70.291
34920.675,-70.291
34920.805,-70.291
34920.908,-70.291
34921.011,-70.291
34921.116,-70.291
34921.224,-70.291
34921.299,-70.291
34921.444,-70.291
34921.457,-70.291
34921.555,-70.291
34921.723,-70.291
34921.756,-70.291
34921.856,-70.291
34921.957,-70.291
34922.057,-70.291
34922.175,-70.291
34922.266,-70.291
34922.369,-70.291
34922.471,-70.291
34922.565,-70.291
34922.674,-70.291
34922.753,-70.291
34922.854,-70.291
34922.956,-70.291
34923.060,-70.291
34923.163,-70.291
34923.277,-70.291
34923.364,-70.291
34923.469,-70.291
34923.552,-70.291
34923.690,-70.291
34923.775,-70.291
34923.888,-70.291
34923.984,-70.291
34924.052,-70.291
34924.185,-70.291
34924.287,-70.291
34924.390,-70.291
34924.491,-70.291
34924.594,-70.291
34924.690,-70.291
34924.800,-70.291
34924.910,-70.291
34925.003,-70.291
34925.114,-70.291
34925.209,-70.291
34925.310,-70.291
34925.413,-70.291
34925.527,-70.291
34925.555,-70.291
34925.729,-70.291
34925.849,-70.291
34925.868,-70.291
34925.952,-70.291
34926.060,-70.291
34926.140,-70.291
34926.256,-70.291
34926.342,-70.291
34926.442,-70.291
34926.549,-70.291
34926.653,-70.291
34976.753,-70.291
34976.849,-70.291
34976.952,-70.291
34977.050,-70.291
34977.155,-70.291
34977.261,-70.291
34977.364,-70.291
34977.469,-70.291
34977.567,-70.291
34977.694,-70.291
34977.736,-70.291
34977.871,-70.291
34977.973,-70.291
34978.077,-70.291
34978.177,-70.291
34978.283,-70.291
34978.358,-70.291
34978.459,-70.291
34978.560,-70.291
34978.690,-70.291
34978.793,-70.291
34978.837,-70.291
34978.989,-70.291
34979.040,-70.291
34979.202,-70.291
34979.231,-70.291
34979.408,-70.291
34979.437,-70.291
34979.550,-70.291
34979.636,-70.291
34979.739,-70.291
34979.841,-70.291
34979.937,-70.291
34980.045,-70.291
34980.155,-70.291
34980.231,-70.291
34980.334,-70.291
34980.430,-70.291
34980.543,-70.291
34980.636,-70.291
34980.741,-70.291
34980.844,-70.291
34980.944,-70.291
34981.047,-70.291
34981.180,-70.291
34981.253,-70.291
34981.364,-70.291
34981.456,-70.291
34981.559,-70.291
34981.660,-70.291
34981.775,-70.291
34981.871,-70.291
34981.974,-70.291
34982.028,-70.291
34982.173,-70.291
34982.273,-70.291
34982.326,-70.291
34982.430,-70.291
34982.538,-70.291
34982.640,-70.291
34982.770,-70.291
34982.851,-70.291
34982.927,-70.291
34983.030,-70.291
34983.199,-70.291
34983.224,-70.291
34983.329,-70.291
34983.434,-70.291
34983.530,-70.291
34983.636,-70.291
34983.731,-70.291
34983.836,-70.291
34984.006,-70.291
34984.033,-70.291
34984.126,-70.291
34984.223,-70.291
34984.322,-70.291
34984.425,-70.291
34984.525,-70.291
34984.630,-70.291
34984.763,-70.291
34984.834,-70.291
34984.935,-70.291
34985.040,-70.291
34985.141,-70.291
34985.244,-70.291
34985.353,-70.291
34985.449,-70.291
34985.550,-70.291
34985.655,-70.291
34985.772,-70.291
34985.858,-70.291
34985.962,-70.291
34986.062,-70.291
34986.187,-70.291
34986.268,-70.291
34986.373,-70.291
34986.481,-70.291
34986.508,-70.291
34986.677,-70.291
35276.780,-70.291
35276.807,-70.291
35276.984,-70.291
35277.011,-70.291
35277.111,-70.291
35277.209,-70.291
35277.317,-70.291
35277.418,-70.291
35277.523,-70.291
35277.609,-70.291
35277.726,-70.291
35277.829,-70.291
35277.905,-70.291
35278.022,-70.291
35278.116,-70.291
35278.212,-70.291
35278.309,-70.291
35278.418,-70.291
35278.525,-70.291
35278.623,-70.291
35278.724,-70.291
35278.829,-70.291
35278.925,-70.291
35279.025,-70.291
35279.136,-70.291
35279.250,-70.291
35279.349,-70.291
35279.451,-70.291
35279.545,-70.291
35279.647,-70.291
35279.744,-70.291
35279.885,-70.291
35279.959,-70.291
35280.089,-70.291
35280.184,-70.291
35280.197,-70.291
35280.366,-70.291
35280.467,-70.291
35280.569,-70.291
35280.597,-70.291
35280.724,-70.291
35280.800,-70.291
35280.918,-70.291
35281.011,-70.291
35281.116,-70.291
35281.195,-70.291
35281.310,-70.291
35281.397,-70.291
35281.505,-70.291
35281.616,-70.291
35281.697,-70.291
35281.798,-70.291
35281.896,-70.291
35282.020,-70.291
35282.106,-70.291
35282.202,-70.291
35282.302,-70.291
35282.432,-70.291
35282.506,-70.291
35282.616,-70.291
35282.719,-70.291
35282.854,-70.291
35282.927,-70.291
35283.028,-70.291
35283.128,-70.291
35283.233,-70.291
35283.332,-70.291
35283.430,-70.291
35283.538,-70.291
35283.633,-70.291
35283.746,-70.291
35283.858,-70.291
35283.947,-70.291
35284.052,-70.291
35284.153,-70.291
35284.268,-70.291
35284.297,-70.291
35284.461,-70.291
35284.486,-70.291
35284.592,-70.291
35284.692,-70.291
35284.798,-70.291
35284.896,-70.291
35284.983,-70.291
35285.103,-70.291
35285.202,-70.291
35285.283,-70.291
35285.381,-70.291
35285.484,-70.291
35285.586,-70.291
35285.695,-70.291
35285.802,-70.291
35285.923,-70.291
35285.996,-70.291
35286.108,-70.291
35286.204,-70.291
35286.304,-70.291
35286.430,-70.291
35286.538,-70.291
35286.613,-70.291
35336.712,-70.291
35336.814,-70.291
35336.918,-70.291
35337.028,-70.291
35337.131,-70.291
35337.234,-70.291
35337.283,-70.291
35337.386,-70.291
35337.494,-70.291
35337.596,-70.291
35337.699,-70.291
35337.778,-70.291
35337.949,-70.291
35337.979,-70.291
35338.146,-70.291
35338.174,-70.291
35338.292,-70.291
35338.375,-70.291
35338.476,-70.291
35338.572,-70.291
35338.679,-70.291
35338.778,-70.291
35338.873,-70.291
35339.005,-70.291
35339.070,-70.291
35339.175,-70.291
35339.272,-70.291
35339.376,-70.291
35339.479,-70.291
35339.579,-70.291
35339.682,-70.291
35339.785,-70.291
35339.888,-70.291
35339.998,-70.291
35340.106,-70.291
35340.195,-70.291
35340.297,-70.291
35340.400,-70.291
35340.516,-70.291
35340.604,-70.291
35340.707,-70.291
35340.810,-70.291
35340.910,-70.291
35341.013,-70.291
35341.111,-70.291
35341.167,-70.291
35341.324,-70.291
35341.371,-70.291
35341.525,-70.291
35341.630,-70.291
35341.690,-70.291
35341.766,-70.291
35341.863,-70.291
35341.969,-70.291
35342.074,-70.291
35342.163,-70.291
35342.282,-70.291
35342.420,-70.291
35342.473,-70.291
35342.574,-70.291
35342.677,-70.291
35342.761,-70.291
35342.881,-70.291
35342.978,-70.291
35343.062,-70.291
35343.158,-70.291
35343.265,-70.291
35343.369,-70.291
35343.483,-70.291
35343.579,-70.291
35343.675,-70.291
35343.782,-70.291
35343.891,-70.291
35343.993,-70.291
35344.087,-70.291
35344.192,-70.291
35344.299,-70.291
35344.398,-70.291
35344.518,-70.291
35344.601,-70.291
35344.707,-70.291
35344.810,-70.291
35344.881,-70.291
35345.001,-70.291
35345.109,-70.291
35345.212,-70.291
35345.342,-70.291
35345.427,-70.291
35345.452,-70.291
35345.552,-70.291
35345.652,-70.291
35345.756,-70.291
35345.853,-70.291
35345.954,-70.291
35346.055,-70.291
35346.158,-70.291
35346.263,-70.291
35346.354,-70.291
35346.456,-70.291
35346.567,-70.291
35346.670,-70.291
35396.765,-70.291
35396.861,-70.291
35396.956,-70.291
35397.054,-70.291
35397.158,-70.291
35397.251,-70.291
35397.353,-70.291
35397.464,-70.291
35397.571,-70.291
35397.670,-70.291
35397.763,-70.291
35397.873,-70.291
35397.979,-70.291
35398.087,-70.291
35398.214,-70.291
35398.283,-70.291
35398.380,-70.291
35398.489,-70.291
35398.603,-70.291
35398.699,-70.291
35398.820,-70.291
35398.898,-70.291
35399.003,-70.291
35399.104,-70.291
35399.206,-70.291
35399.292,-70.291
35399.412,-70.291
35399.513,-70.291
35399.542,-70.291
35399.658,-70.291
35399.744,-70.291
35399.844,-70.291
35399.947,-70.291
35400.052,-70.291
35400.152,-70.291
35400.253,-70.291
35400.354,-70.291
35400.439,-70.291
35400.537,-70.291
35400.658,-70.291
35400.768,-70.291
35400.847,-70.291
35400.947,-70.291
35401.042,-70.291
35401.153,-70.291
35401.253,-70.291
35401.351,-70.291
35401.449,-70.291
35401.548,-70.291
35401.652,-70.291
35401.734,-70.291
35401.878,-70.291
35401.962,-70.291
35402.067,-70.291
35402.175,-70.291
35402.278,-70.291
35402.390,-70.291
35402.442,-70.291
35402.601,-70.291
35402.628,-70.291
35402.733,-70.291
35402.831,-70.291
35403.013,-70.291
35403.097,-70.291
35403.195,-70.291
35403.226,-70.291
35403.336,-70.291
35403.432,-70.291
35403.540,-70.291
35403.641,-70.291
35403.734,-70.291
35403.837,-70.291
35403.940,-70.291
35404.043,-70.291
35404.147,-70.291
35404.226,-70.291
35404.327,-70.291
35404.437,-70.291
35404.532,-70.291
35404.633,-70.291
35404.738,-70.291
35404.849,-70.291
35404.925,-70.291
35405.027,-70.291
35405.130,-70.291
35405.229,-70.291
35405.332,-70.291
35405.452,-70.291
35405.538,-70.291
35405.641,-70.291
35405.743,-70.291
35405.821,-70.291
35405.964,-70.291
35406.023,-70.291
35406.131,-70.291
35406.239,-70.291
35406.366,-70.291
35406.476,-70.291
35406.572,-70.291
35406.660,-70.291
35456.783,-70.291
35456.881,-70.291
35456.981,-70.291
35457.084,-70.291
35457.121,-70.291
35457.217,-70.291
35457.322,-70.291
35457.423,-70.291
35457.523,-70.291
35457.626,-70.291
35457.746,-70.291
35457.834,-70.291
35457.934,-70.291
35458.038,-70.291
35458.123,-70.291
35458.248,-70.291
35458.322,-70.291
35458.454,-70.291
35458.532,-70.291
35458.628,-70.291
35458.738,-70.291
35458.849,-70.291
35458.932,-70.291
35459.037,-70.291
35459.138,-70.291
35459.261,-70.291
35459.353,-70.291
35459.447,-70.291
35459.549,-70.291
35459.650,-70.291
35459.751,-70.291
35459.856,-70.291
35459.957,-70.291
35460.059,-70.291
35460.119,-70.291
35460.221,-70.291
35460.369,-70.291
35460.469,-70.291
35460.572,-70.291
35460.641,-70.291
35460.711,-70.291
35460.817,-70.291
35460.905,-70.291
35461.006,-70.291
35461.163,-70.291
35461.214,-70.291
35461.312,-70.291
35461.422,-70.291
35461.508,-70.291
35461.613,-70.291
35461.711,-70.291
35461.832,-70.291
35461.905,-70.291
35462.006,-70.291
35462.108,-70.291
35462.209,-70.291
35462.312,-70.291
35462.417,-70.291
35462.523,-70.291
35462.631,-70.291
35462.729,-70.291
35462.826,-70.291
35462.935,-70.291
35463.030,-70.291
35463.133,-70.291
35463.229,-70.291
35463.336,-70.291
35463.447,-70.291
35463.545,-70.291
35463.625,-70.291
35463.746,-70.291
35463.854,-70.291
35463.952,-70.291
35464.064,-70.291
35464.157,-70.291
35464.256,-70.291
35464.364,-70.291
35464.462,-70.291
35464.515,-70.291
35464.616,-70.291
35464.773,-70.291
35464.800,-70.291
35464.902,-70.291
35465.003,-70.291
35465.096,-70.291
35465.194,-70.291
35465.299,-70.291
35465.408,-70.291
35465.513,-70.291
35465.633,-70.291
35465.702,-70.291
35465.795,-70.291
35465.930,-70.291
35466.011,-70.291
35466.111,-70.291
35466.197,-70.291
35466.315,-70.291
35466.388,-70.291
35466.503,-70.291
35466.614,-70.291
35516.734,-70.291
35516.827,-70.291
35516.934,-70.291
35517.033,-70.291
35517.130,-70.291
35517.253,-70.291
35517.344,-70.291
35517.435,-70.291
35517.535,-70.291
35517.638,-70.291
35517.739,-70.291
35517.836,-70.291
35517.945,-70.291
35518.035,-70.291
35518.150,-70.291
35518.253,-70.291
35518.282,-70.291
35518.457,-70.291
35518.488,-70.291
35518.586,-70.291
35518.687,-70.291
35518.795,-70.291
35518.893,-70.291
35519.000,-70.291
35519.097,-70.291
35519.185,-70.291
35519.305,-70.291
35519.402,-70.291
35519.481,-70.291
35519.596,-70.291
35519.692,-70.291
35519.799,-70.291
35519.898,-70.291
35519.984,-70.291
35520.081,-70.291
35520.190,-70.291
35520.295,-70.291
35520.391,-70.291
35520.533,-70.291
35520.609,-70.291
35520.702,-70.291
35520.799,-70.291
35520.920,-70.291
35521.020,-70.291
35521.118,-70.291
35521.224,-70.291
35521.344,-70.291
35521.432,-70.291
35521.532,-70.291
35521.631,-70.291
35521.755,-70.291
35521.837,-70.291
35521.939,-70.291
35522.043,-70.291
35522.077,-70.291
35522.172,-70.291
35522.272,-70.291
35522.380,-70.291
35522.493,-70.291
35522.591,-70.291
35522.689,-70.291
35522.785,-70.291
35522.883,-70.291
35522.969,-70.291
35523.074,-70.291
35523.182,-70.291
35523.272,-70.291
35523.405,-70.291
35523.474,-70.291
35523.592,-70.291
35523.670,-70.291
35523.768,-70.291
35523.878,-70.291
35523.986,-70.291
35524.082,-70.291
35524.202,-70.291
35524.283,-70.291
35524.397,-70.291
35524.493,-70.291
35524.591,-70.291
35524.695,-70.291
35524.795,-70.291
35524.918,-70.291
35525.018,-70.291
35525.121,-70.291
35525.219,-70.291
35525.317,-70.291
35525.430,-70.291
35525.527,-70.291
35525.625,-70.291
35525.729,-70.291
35525.822,-70.291
35525.932,-70.291
35526.033,-70.291
35526.062,-70.291
35526.168,-70.291
35526.271,-70.291
35526.366,-70.291
35526.489,-70.291
35526.574,-70.291
35526.674,-70.291
35576.775,-70.291
35576.859,-70.291
35576.979,-70.291
35577.077,-70.291
35577.173,-70.291
35577.268,-70.291
35577.364,-70.291
35577.467,-70.291
35577.591,-70.291
35577.673,-70.291
35577.778,-70.291
35577.878,-70.291
35578.003,-70.291
35578.082,-70.291
35578.185,-70.291
35578.288,-70.291
35578.395,-70.291
35578.491,-70.291
35578.589,-70.291
35578.716,-70.291
35578.812,-70.291
35578.908,-70.291
35579.003,-70.291
35579.136,-70.291
35579.211,-70.291
35579.310,-70.291
35579.429,-70.291
35579.523,-70.291
35579.549,-70.291
35579.724,-70.291
35579.748,-70.291
35579.864,-70.291
35579.962,-70.291
35580.062,-70.291
35580.163,-70.291
35580.272,-70.291
35580.366,-70.291
35580.464,-70.291
35580.555,-70.291
35580.653,-70.291
35580.753,-70.291
35580.849,-70.291
35580.949,-70.291
35581.052,-70.291
35581.153,-70.291
35581.266,-70.291
35581.359,-70.291
35581.461,-70.291
35581.565,-70.291
35581.679,-70.291
35581.775,-70.291
35581.871,-70.291
35581.967,-70.291
35582.076,-70.291
35582.158,-70.291
35582.302,-70.291
35582.368,-70.291
35582.442,-70.291
35582.543,-70.291
35582.650,-70.291
35582.805,-70.291
35582.903,-70.291
35583.000,-70.291
35583.070,-70.291
35583.175,-70.291
35583.280,-70.291
35583.407,-70.291
35583.518,-70.291
35583.543,-70.291
35583.704,-70.291
35583.755,-70.291
35583.841,-70.291
35583.954,-70.291
35584.052,-70.291
35584.153,-70.291
35584.255,-70.291
35584.334,-70.291
35584.456,-70.291
35584.574,-70.291
35584.653,-70.291
35584.751,-70.291
35584.871,-70.291
35584.976,-70.291
35585.052,-70.291
35585.150,-70.291
35585.244,-70.291
35585.354,-70.291
35585.456,-70.291
35585.552,-70.291
35585.675,-70.291
35585.761,-70.291
35585.859,-70.291
35585.967,-70.291
35586.087,-70.291
35586.174,-70.291
35586.275,-70.291
35586.376,-70.291
35586.481,-70.291
35586.582,-70.291
35876.714,-70.291
35876.778,-70.291
35876.890,-70.291
35876.991,-70.291
35877.092,-70.291
35877.190,-70.291
35877.299,-70.291
35877.405,-70.291
35877.432,-70.291
35877.638,-70.291
35877.640,-70.291
35877.739,-70.291
35877.839,-70.291
35877.925,-70.291
35878.049,-70.291
35878.147,-70.291
35878.248,-70.291
35878.326,-70.291
35878.434,-70.291
35878.533,-70.291
35878.638,-70.291
35878.734,-70.291
35878.834,-70.291
35878.935,-70.291
35879.038,-70.291
35879.121,-70.291
35879.244,-70.291
35879.326,-70.291
35879.457,-70.291
35879.550,-70.291
35879.638,-70.291
35879.787,-70.291
35879.831,-70.291
35879.952,-70.291
35880.086,-70.291
35880.148,-70.291
35880.270,-70.291
35880.366,-70.291
35880.452,-70.291
35880.567,-70.291
35880.670,-70.291
35880.775,-70.291
35880.822,-70.291
35880.925,-70.291
35881.087,-70.291
35881.116,-70.291
35881.214,-70.291
35881.315,-70.291
35881.420,-70.291
35881.522,-70.291
35881.626,-70.291
35881.729,-70.291
35881.831,-70.291
35881.924,-70.291
35882.033,-70.291
35882.119,-70.291
35882.244,-70.291
35882.334,-70.291
35882.418,-70.291
35882.521,-70.291
35882.623,-70.291
35882.728,-70.291
35882.827,-70.291
35882.930,-70.291
35883.025,-70.291
35883.116,-70.291
35883.214,-70.291
35883.337,-70.291
35883.437,-70.291
35883.530,-70.291
35883.650,-70.291
35883.726,-70.291
35883.854,-70.291
35883.910,-70.291
35884.043,-70.291
35884.147,-70.291
35884.224,-70.291
35884.329,-70.291
35884.405,-70.291
35884.535,-70.291
35884.611,-70.291
35884.766,-70.291
35884.817,-70.291
35884.981,-70.291
35885.011,-70.291
35885.109,-70.291
35885.280,-70.291
35885.312,-70.291
35885.434,-70.291
35885.500,-70.291
35885.623,-70.291
35885.723,-70.291
35885.821,-70.291
35885.918,-70.291
35886.033,-70.291
35886.106,-70.291
35886.204,-70.291
35886.302,-70.291
35886.402,-70.291
35886.500,-70.291
35886.621,-70.291
35936.714,-70.291
35936.815,-70.291
35936.908,-70.291
35937.030,-70.291
35937.114,-70.291
35937.234,-70.291
35937.329,-70.291
35937.437,-70.291
35937.503,-70.291
35937.599,-70.291
35937.707,-70.291
35937.848,-70.291
35937.915,-70.291
35938.023,-70.291
35938.146,-70.291
35938.248,-70.291
35938.347,-70.291
35938.398,-70.291
35938.538,-70.291
35938.604,-70.291
35938.692,-70.291
35938.810,-70.291
35938.907,-70.291
35939.008,-70.291
35939.108,-70.291
35939.204,-70.291
35939.302,-70.291
35939.403,-70.291
35939.501,-70.291
35939.601,-70.291
35939.709,-70.291
35939.807,-70.291
35939.908,-70.291
35940.010,-70.291
35940.098,-70.291
35940.197,-70.291
35940.295,-70.291
35940.391,-70.291
35940.511,-70.291
35940.609,-70.291
35940.707,-70.291
35940.814,-70.291
35940.907,-70.291
35941.006,-70.291
35941.113,-70.291
35941.223,-70.291
35941.322,-70.291
35941.422,-70.291
35941.523,-70.291
35941.643,-70.291
35941.741,-70.291
35941.848,-70.291
35941.927,-70.291
35942.049,-70.291
35942.145,-70.291
35942.234,-70.291
35942.285,-70.291
35942.381,-70.291
35942.486,-70.291
35942.582,-70.291
35942.697,-70.291
35942.792,-70.291
35942.898,-70.291
35942.983,-70.291
35943.082,-70.291
35943.194,-70.291
35943.282,-70.291
35943.383,-70.291
35943.481,-70.291
35943.601,-70.291
35943.682,-70.291
35943.799,-70.291
35943.891,-70.291
35943.989,-70.291
35944.096,-70.291
35944.194,-70.291
35944.297,-70.291
35944.395,-70.291
35944.513,-70.291
35944.633,-70.291
35944.709,-70.291
35944.831,-70.291
35944.913,-70.291
35945.013,-70.291
35945.116,-70.291
35945.248,-70.291
35945.324,-70.291
35945.423,-70.291
35945.521,-70.291
35945.631,-70.291
35945.731,-70.291
35945.832,-70.291
35945.935,-70.291
35946.038,-70.291
35946.141,-70.291
35946.168,-70.291
35946.305,-70.291
35946.381,-70.291
35946.479,-70.291
35946.576,-70.291
35946.670,-70.291
35996.778,-70.291
35996.885,-70.291
35996.991,-70.291
35997.065,-70.291
35997.189,-70.291
35997.266,-70.291
35997.381,-70.291
35997.478,-70.291
35997.574,-70.291
35997.677,-70.291
35997.778,-70.291
35997.885,-70.291
35997.984,-70.291
35998.094,-70.291
35998.187,-70.291
35998.285,-70.291
35998.424,-70.291
35998.506,-70.291
35998.572,-70.291
35998.702,-70.291
35998.804,-70.291
35998.905,-70.291
35999.003,-70.291
35999.104,-70.291
35999.195,-70.291
35999.327,-70.291
35999.425,-70.291
35999.520,-70.291
35999.564,-70.291
35999.724,-70.291
35999.827,-70.291
35999.932,-70.291
36000.032,-70.291
36000.060,-70.291
36000.168,-70.291
36000.263,-70.291
36000.366,-70.291
36000.469,-70.291
36000.571,-70.291
36000.668,-70.291
36000.756,-70.291
36000.875,-70.291
36000.962,-70.291
36001.065,-70.291
36001.160,-70.291
36001.268,-70.291
36001.403,-70.291
36001.498,-70.291
36001.572,-70.291
36001.652,-70.291
36001.771,-70.291
36001.859,-70.291
36001.962,-70.291
36002.062,-70.291
36002.182,-70.291
36002.251,-70.291
36002.364,-70.291
36002.505,-70.291
36002.565,-70.291
36002.685,-70.291
36002.777,-70.291
36002.915,-70.291
36002.991,-70.291
36003.113,-70.291
36003.209,-70.291
36003.307,-70.291
36003.410,-70.291
36003.513,-70.291
36003.614,-70.291
36003.650,-70.291
36003.748,-70.291
36003.847,-70.291
36003.947,-70.291
36004.049,-70.291
36004.153,-70.291
36004.256,-70.291
36004.366,-70.291
36004.444,-70.291
36004.565,-70.291
36004.665,-70.291
36004.753,-70.291
36004.875,-70.291
36004.947,-70.291
36005.050,-70.291
36005.152,-70.291
36005.253,-70.291
36005.358,-70.291
36005.444,-70.291
36005.562,-70.291
36005.663,-70.291
36005.766,-70.291
36005.881,-70.291
36005.976,-70.291
36006.072,-70.291
36006.179,-70.291
36006.266,-70.291
36006.342,-70.291
36006.486,-70.291
36006.591,-70.291
36006.662,-70.291
36056.783,-70.291
36056.920,-70.291
36056.957,-70.291
36057.087,-70.291
36057.138,-70.291
36057.280,-70.291
36057.396,-70.291
36057.447,-70.291
36057.538,-70.291
36057.650,-70.291
36057.744,-70.291
36057.842,-70.291
36057.942,-70.291
36058.043,-70.291
36058.148,-70.291
36058.248,-70.291
36058.358,-70.291
36058.440,-70.291
36058.559,-70.291
36058.643,-70.291
36058.753,-70.291
36058.842,-70.291
36058.952,-70.291
36059.048,-70.291
36059.185,-70.291
36059.246,-70.291
36059.349,-70.291
36059.452,-70.291
36059.555,-70.291
36059.657,-70.291
36059.758,-70.291
36059.853,-70.291
36059.966,-70.291
36060.076,-70.291
36060.272,-70.291
36060.273,-70.291
36060.373,-70.291
36060.474,-70.291
36060.591,-70.291
36060.685,-70.291
36060.738,-70.291
36060.912,-70.291
36061.001,-70.291
36061.028,-70.291
36061.192,-70.291
36061.295,-70.291
36061.322,-70.291
36061.498,-70.291
36061.527,-70.291
36061.626,-70.291
36061.729,-70.291
36061.831,-70.291
36061.942,-70.291
36062.104,-70.291
36062.131,-70.291
36062.229,-70.291
36062.324,-70.291
36062.427,-70.291
36062.525,-70.291
36062.626,-70.291
36062.731,-70.291
36062.837,-70.291
36062.937,-70.291
36063.038,-70.291
36063.163,-70.291
36063.251,-70.291
36063.348,-70.291
36063.445,-70.291
36063.528,-70.291
36063.650,-70.291
36063.753,-70.291
36063.856,-70.291
36063.966,-70.291
36064.062,-70.291
36064.163,-70.291
36064.265,-70.291
36064.378,-70.291
36064.473,-70.291
36064.572,-70.291
36064.675,-70.291
36064.778,-70.291
36064.873,-70.291
36064.925,-70.291
36065.016,-70.291
36065.113,-70.291
36065.214,-70.291
36065.317,-70.291
36065.415,-70.291
36065.522,-70.291
36065.623,-70.291
36065.734,-70.291
36065.815,-70.291
36065.929,-70.291
36066.015,-70.291
36066.125,-70.291
36066.211,-70.291
36066.307,-70.291
36066.425,-70.291
36066.527,-70.291
36066.631,-70.291
36116.726,-70.291
36116.837,-70.291
36116.927,-70.291
36117.030,-70.291
36117.133,-70.291
36117.248,-70.291
36117.359,-70.291
36117.445,-70.291
36117.572,-70.291
36117.648,-70.291
36117.748,-70.291
36117.849,-70.291
36117.939,-70.291
36118.052,-70.291
36118.157,-70.291
36118.251,-70.291
36118.364,-70.291
36118.464,-70.291
36118.522,-70.291
36118.625,-70.291
36118.731,-70.291
36118.873,-70.291
36118.900,-70.291
36119.000,-70.291
36119.109,-70.291
36119.214,-70.291
36119.319,-70.291
36119.410,-70.291
36119.503,-70.291
36119.616,-70.291
36119.696,-70.291
36119.820,-70.291
36119.900,-70.291
36120.000,-70.291
36120.097,-70.291
36120.238,-70.291
36120.312,-70.291
36120.410,-70.291
36120.513,-70.291
36120.626,-70.291
36120.746,-70.291
36120.819,-70.291
36120.930,-70.291
36121.025,-70.291
36121.136,-70.291
36121.246,-70.291
36121.334,-70.291
36121.434,-70.291
36121.532,-70.291
36121.663,-70.291
36121.739,-70.291
36121.842,-70.291
36121.945,-70.291
36122.050,-70.291
36122.158,-70.291
36122.256,-70.291
36122.349,-70.291
36122.388,-70.291
36122.560,-70.291
36122.587,-70.291
36122.763,-70.291
36122.790,-70.291
36122.897,-70.291
36122.998,-70.291
36123.108,-70.291
36123.206,-70.291
36123.300,-70.291
36123.391,-70.291
36123.494,-70.291
36123.592,-70.291
36123.695,-70.291
36123.821,-70.291
36123.896,-70.291
36123.984,-70.291
36124.087,-70.291
36124.199,-70.291
36124.309,-70.291
36124.413,-70.291
36124.486,-70.291
36124.598,-70.291
36124.717,-70.291
36124.846,-70.291
36124.923,-70.291
36125.018,-70.291
36125.119,-70.291
36125.223,-70.291
36125.334,-70.291
36125.432,-70.291
36125.532,-70.291
36125.631,-70.291
36125.733,-70.291
36125.837,-70.291
36125.939,-70.291
36126.045,-70.291
36126.143,-70.291
36126.246,-70.291
36126.349,-70.291
36126.391,-70.291
36126.481,-70.291
36126.577,-70.291
36126.682,-70.291
36176.785,-70.291
36176.883,-70.291
36176.986,-70.291
36177.089,-70.291
36177.196,-70.291
36177.295,-70.291
36177.373,-70.291
36177.506,-70.291
36177.584,-70.291
36177.682,-70.291
36177.780,-70.291
36177.885,-70.291
36177.986,-70.291
36178.087,-70.291
36178.192,-70.291
36178.299,-70.291
36178.405,-70.291
36178.503,-70.291
36178.597,-70.291
36178.704,-70.291
36178.800,-70.291
36178.908,-70.291
36179.011,-70.291
36179.113,-70.291
36179.214,-70.291
36179.332,-70.291
36179.422,-70.291
36179.523,-70.291
36179.626,-70.291
36179.744,-70.291
36179.772,-70.291
36179.871,-70.291
36179.967,-70.291
36180.067,-70.291
36180.165,-70.291
36180.266,-70.291
36180.371,-70.291
36180.481,-70.291
36180.584,-70.291
36180.663,-70.291
36180.772,-70.291
36180.880,-70.291
36180.981,-70.291
36181.082,-70.291
36181.168,-70.291
36181.265,-70.291
36181.359,-70.291
36181.476,-70.291
36181.581,-70.291
36181.680,-70.291
36181.807,-70.291
36181.905,-70.291
36181.991,-70.291
36182.089,-70.291
36182.192,-70.291
36182.287,-70.291
36182.391,-70.291
36182.491,-70.291
36182.594,-70.291
36182.709,-70.291
36182.802,-70.291
36182.912,-70.291
36183.008,-70.291
36183.106,-70.291
36183.209,-70.291
36183.310,-70.291
36183.418,-70.291
36183.516,-70.291
36183.618,-70.291
36183.741,-70.291
36183.760,-70.291
36183.930,-70.291
36183.957,-70.291
36184.055,-70.291
36184.157,-70.291
36184.258,-70.291
36184.358,-70.291
36184.545,-70.291
36184.572,-70.291
36184.670,-70.291
36184.778,-70.291
36184.868,-70.291
36184.949,-70.291
36185.054,-70.291
36185.153,-70.291
36185.272,-70.291
36185.349,-70.291
36185.451,-70.291
36185.550,-70.291
36185.658,-70.291
36185.750,-70.291
36185.871,-70.291
36185.947,-70.291
36186.082,-70.291
36186.179,-70.291
36186.275,-70.291
36186.383,-70.291
36186.486,-70.291
36186.587,-70.291
36186.692,-70.291
36476.795,-70.291
36476.896,-70.291
36476.998,-70.291
36477.101,-70.291
36477.202,-70.291
36477.305,-70.291
36477.415,-70.291
36477.510,-70.291
36477.614,-70.291
36477.641,-70.291
36477.741,-70.291
36477.851,-70.291
36477.949,-70.291
36478.050,-70.291
36478.153,-70.291
36478.251,-70.291
36478.354,-70.291
36478.456,-70.291
36478.542,-70.291
36478.660,-70.291
36478.739,-70.291
36478.849,-70.291
36478.954,-70.291
36479.052,-70.291
36479.158,-70.291
36479.258,-70.291
36479.375,-70.291
36479.481,-70.291
36479.589,-70.291
36479.668,-70.291
36479.751,-70.291
36479.834,-70.291
36479.989,-70.291
36480.048,-70.291
36480.168,-70.291
36480.275,-70.291
36480.356,-70.291
36480.481,-70.291
36480.576,-70.291
36480.677,-70.291
36480.771,-70.291
36480.881,-70.291
36480.930,-70.291
36481.030,-70.291
36481.196,-70.291
36481.293,-70.291
36481.403,-70.291
36481.432,-70.291
36481.597,-70.291
36481.631,-70.291
36481.731,-70.291
36481.851,-70.291
36481.947,-70.291
36482.045,-70.291
36482.143,-70.291
36482.239,-70.291
36482.332,-70.291
36482.430,-70.291
36482.528,-70.291
36482.631,-70.291
36482.739,-70.291
36482.837,-70.291
36482.929,-70.291
36483.038,-70.291
36483.141,-70.291
36483.244,-70.291
36483.347,-70.291
36483.449,-70.291
36483.530,-70.291
36483.635,-70.291
36483.741,-70.291
36483.826,-70.291
36483.934,-70.291
36484.077,-70.291
36484.141,-70.291
36484.261,-70.291
36484.400,-70.291
36484.454,-70.291
36484.577,-70.291
36484.682,-70.291
36484.768,-70.291
36484.876,-70.291
36484.984,-70.291
36485.082,-70.291
36485.190,-70.291
36485.219,-70.291
36485.317,-70.291
36485.420,-70.291
36485.530,-70.291
36485.626,-70.291
36485.729,-70.291
36485.915,-70.291
36485.917,-70.291
36486.023,-70.291
36486.119,-70.291
36486.239,-70.291
36486.327,-70.291
36486.425,-70.291
36486.523,-70.291
36486.650,-70.291
36536.734,-70.291
36536.834,-70.291
36536.940,-70.291
36537.043,-70.291
36537.138,-70.291
36537.217,-70.291
36537.351,-70.291
36537.452,-70.291
36537.527,-70.291
36537.631,-70.291
36537.753,-70.291
36537.822,-70.291
36537.956,-70.291
36538.074,-70.291
36538.160,-70.291
36538.266,-70.291
36538.364,-70.291
36538.442,-70.291
36538.562,-70.291
36538.670,-70.291
36538.773,-70.291
36538.810,-70.291
36538.972,-70.291
36539.084,-70.291
36539.111,-70.291
36539.214,-70.291
36539.309,-70.291
36539.410,-70.291
36539.518,-70.291
36539.619,-70.291
36539.722,-70.291
36539.822,-70.291
36539.913,-70.291
36540.037,-70.291
36540.104,-70.291
36540.207,-70.291
36540.324,-70.291
36540.422,-70.291
36540.522,-70.291
36540.619,-70.291
36540.719,-70.291
36540.821,-70.291
36540.932,-70.291
36541.015,-70.291
36541.109,-70.291
36541.212,-70.291
36541.320,-70.291
36541.403,-70.291
36541.506,-70.291
36541.606,-70.291
36541.712,-70.291
36541.812,-70.291
36541.913,-70.291
36542.020,-70.291
36542.162,-70.291
36542.226,-70.291
36542.348,-70.291
36542.402,-70.291
36542.554,-70.291
36542.608,-70.291
36542.756,-70.291
36542.812,-70.291
36542.895,-70.291
36542.994,-70.291
36543.116,-70.291
36543.219,-70.291
36543.305,-70.291
36543.408,-70.291
36543.511,-70.291
36543.611,-70.291
36543.712,-70.291
36543.793,-70.291
36543.893,-70.291
36543.998,-70.291
36544.099,-70.291
36544.204,-70.291
36544.298,-70.291
36544.402,-70.291
36544.510,-70.291
36544.621,-70.291
36544.689,-70.291
36544.824,-70.291
36544.927,-70.291
36545.022,-70.291
36545.131,-70.291
36545.229,-70.291
36545.329,-70.291
36545.430,-70.291
36545.540,-70.291
36545.638,-70.291
36545.736,-70.291
36545.839,-70.291
36545.942,-70.291
36546.043,-70.291
36546.160,-70.291
36546.251,-70.291
36546.361,-70.291
36546.388,-70.291
36546.488,-70.291
36546.665,-70.291
36596.795,-70.291
36596.798,-70.291
36596.895,-70.291
36596.994,-70.291
36597.092,-70.291
36597.197,-70.291
36597.295,-70.291
36597.402,-70.291
36597.481,-70.291
36597.579,-70.291
36597.682,-70.291
36597.785,-70.291
36597.888,-70.291
36597.998,-70.291
36598.092,-70.291
36598.216,-70.291
36598.299,-70.291
36598.410,-70.291
36598.489,-70.291
36598.592,-70.291
36598.690,-70.291
36598.793,-70.291
36598.895,-70.291
36598.996,-70.291
36599.098,-70.291
36599.197,-70.291
36599.283,-70.291
36599.388,-70.291
36599.494,-70.291
36599.598,-70.291
36599.724,-70.291
36599.841,-70.291
36599.927,-70.291
36599.981,-70.291
36600.141,-70.291
36600.246,-70.291
36600.273,-70.291
36600.371,-70.291
36600.571,-70.291
36600.587,-70.291
36600.677,-70.291
36600.783,-70.291
36600.885,-70.291
36600.986,-70.291
36601.086,-70.291
36601.170,-70.291
36601.373,-70.291
36601.376,-70.291
36601.473,-70.291
36601.574,-70.291
36601.677,-70.291
36601.785,-70.291
36601.890,-70.291
36601.994,-70.291
36602.087,-70.291
36602.212,-70.291
36602.285,-70.291
36602.408,-70.291
36602.496,-70.291
36602.606,-70.291
36602.733,-70.291
36602.817,-70.291
36602.905,-70.291
36602.964,-70.291
36603.070,-70.291
36603.172,-70.291
36603.273,-70.291
36603.420,-70.291
36603.486,-70.291
36603.623,-70.291
36603.694,-70.291
36603.827,-70.291
36603.929,-70.291
36604.030,-70.291
36604.133,-70.291
36604.270,-70.291
36604.272,-70.291
36604.371,-70.291
36604.469,-70.291
36604.657,-70.291
36604.658,-70.291
36604.780,-70.291
36604.876,-70.291
36604.979,-70.291
36605.077,-70.291
36605.158,-70.291
36605.260,-70.291
36605.366,-70.291
36605.464,-70.291
36605.569,-70.291
36605.670,-70.291
36605.785,-70.291
36605.905,-70.291
36605.979,-70.291
36606.082,-70.291
36606.182,-70.291
36606.283,-70.291
36606.388,-70.291
36606.494,-70.291
36606.591,-70.291
36606.695,-70.291
36656.819,-70.291
36656.930,-70.291
36657.006,-70.291
36657.059,-70.291
36657.185,-70.291
36657.273,-70.291
36657.371,-70.291
36657.479,-70.291
36657.554,-70.291
36657.655,-70.291
36657.756,-70.291
36657.932,-70.291
36657.964,-70.291
36658.049,-70.291
36658.170,-70.291
36658.255,-70.291
36658.356,-70.291
36658.454,-70.291
36658.562,-70.291
36658.655,-70.291
36658.751,-70.291
36658.853,-70.291
36658.949,-70.291
36659.059,-70.291
36659.170,-70.291
36659.258,-70.291
36659.361,-70.291
36659.459,-70.291
36659.571,-70.291
36659.697,-70.291
36659.766,-70.291
36659.873,-70.291
36659.972,-70.291
36660.074,-70.291
36660.175,-70.291
36660.278,-70.291
36660.381,-70.291
36660.493,-70.291
36660.584,-70.291
36660.696,-70.291
36660.795,-70.291
36660.903,-70.291
36661.001,-70.291
36661.097,-70.291
36661.199,-70.291
36661.253,-70.291
36661.405,-70.291
36661.457,-70.291
36661.565,-70.291
36661.638,-70.291
36661.777,-70.291
36661.839,-70.291
36662.018,-70.291
36662.047,-70.291
36662.150,-70.291
36662.248,-70.291
36662.354,-70.291
36662.437,-70.291
36662.555,-70.291
36662.658,-70.291
36662.739,-70.291
36662.839,-70.291
36662.956,-70.291
36663.065,-70.291
36663.153,-70.291
36663.256,-70.291
36663.353,-70.291
36663.454,-70.291
36663.557,-70.291
36663.655,-70.291
36663.760,-70.291
36663.871,-70.291
36663.969,-70.291
36664.065,-70.291
36664.170,-70.291
36664.272,-70.291
36664.369,-70.291
36664.476,-70.291
36664.579,-70.291
36664.687,-70.291
36664.783,-70.291
36664.903,-70.291
36664.989,-70.291
36665.091,-70.291
36665.196,-70.291
36665.270,-70.291
36665.334,-70.291
36665.501,-70.291
36665.527,-70.291
36665.709,-70.291
36665.736,-70.291
36665.837,-70.291
36665.940,-70.291
36666.028,-70.291
36666.131,-70.291
36666.233,-70.291
36666.336,-70.291
36666.430,-70.291
36666.533,-70.291
36666.633,-70.291
36716.739,-70.291
36716.864,-70.291
36716.937,-70.291
36717.045,-70.291
36717.150,-70.291
36717.248,-70.291
36717.351,-70.291
36717.451,-70.291
36717.549,-70.291
36717.645,-70.291
36717.753,-70.291
36717.842,-70.291
36717.967,-70.291
36718.064,-70.291
36718.163,-70.291
36718.266,-70.291
36718.368,-70.291
36718.469,-70.291
36718.601,-70.291
36718.675,-70.291
36718.778,-70.291
36718.880,-70.291
36719.013,-70.291
36719.015,-70.291
36719.114,-70.291
36719.214,-70.291
36719.314,-70.291
36719.424,-70.291
36719.525,-70.291
36719.626,-70.291
36719.723,-70.291
36719.831,-70.291
36719.929,-70.291
36720.048,-70.291
36720.113,-70.291
36720.216,-70.291
36720.347,-70.291
36720.417,-70.291
36720.530,-70.291
36720.609,-70.291
36720.717,-70.291
36720.827,-70.291
36720.927,-70.291
36721.023,-70.291
36721.126,-70.291
36721.241,-70.291
36721.337,-70.291
36721.442,-70.291
36721.562,-70.291
36721.636,-70.291
36721.748,-70.291
36721.851,-70.291
36721.954,-70.291
36722.055,-70.291
36722.158,-70.291
36722.253,-70.291
36722.366,-70.291
36722.464,-70.291
36722.565,-70.291
36722.668,-70.291
36722.771,-70.291
36722.873,-70.291
36722.988,-70.291
36723.003,-70.291
36723.101,-70.291
36723.204,-70.291
36723.315,-70.291
36723.423,-70.291
36723.520,-70.291
36723.618,-70.291
36723.724,-70.291
36723.822,-70.291
36723.900,-70.291
36723.998,-70.291
36724.111,-70.291
36724.212,-70.291
36724.310,-70.291
36724.474,-70.291
36724.521,-70.291
36724.599,-70.291
36724.699,-70.291
36724.824,-70.291
36724.913,-70.291
36725.030,-70.291
36725.103,-70.291
36725.209,-70.291
36725.331,-70.291
36725.427,-70.291
36725.537,-70.291
36725.650,-70.291
36725.746,-70.291
36725.844,-70.291
36725.927,-70.291
36726.052,-70.291
36726.150,-70.291
36726.253,-70.291
36726.297,-70.291
36726.457,-70.291
36726.559,-70.291
36726.663,-70.291
36776.765,-70.291
36776.793,-70.291
36776.891,-70.291
36777.003,-70.291
36777.099,-70.291
36777.199,-70.291
36777.304,-70.291
36777.398,-70.291
36777.488,-70.291
36777.611,-70.291
36777.712,-70.291
36777.812,-70.291
36777.893,-70.291
36777.994,-70.291
36778.096,-70.291
36778.202,-70.291
36778.300,-70.291
36778.403,-70.291
36778.500,-70.291
36778.608,-70.291
36778.711,-70.291
36778.812,-70.291
36778.917,-70.291
36779.013,-70.291
36779.104,-70.291
36779.187,-70.291
36779.327,-70.291
36779.390,-70.291
36779.491,-70.291
36779.647,-70.291
36779.734,-70.291
36779.797,-70.291
36779.903,-70.291
36780.010,-70.291
36780.084,-70.291
36780.182,-70.291
36780.285,-70.291
36780.385,-70.291
36780.543,-70.291
36780.631,-70.291
36780.750,-70.291
36780.802,-70.291
36780.888,-70.291
36780.989,-70.291
36781.094,-70.291
36781.199,-70.291
36781.299,-70.291
36781.396,-70.291
36781.508,-70.291
36781.582,-70.291
36781.699,-70.291
36781.810,-70.291
36781.898,-70.291
36781.994,-70.291
36782.099,-70.291
36782.175,-70.291
36782.297,-70.291
36782.405,-70.291
36782.508,-70.291
36782.611,-70.291
36782.712,-70.291
36782.787,-70.291
36782.910,-70.291
36782.984,-70.291
36783.092,-70.291
36783.174,-70.291
36783.322,-70.291
36783.378,-70.291
36783.486,-70.291
36783.643,-70.291
36783.696,-70.291
36783.797,-70.291
36783.923,-70.291
36783.974,-70.291
36784.128,-70.291
36784.179,-70.291
36784.336,-70.291
36784.380,-70.291
36784.481,-70.291
36784.577,-70.291
36784.677,-70.291
36784.775,-70.291
36784.878,-70.291
36784.981,-70.291
36785.082,-70.291
36785.190,-70.291
36785.288,-70.291
36785.371,-70.291
36785.483,-70.291
36785.572,-70.291
36785.673,-70.291
36785.777,-70.291
36785.893,-70.291
36785.991,-70.291
36786.087,-70.291
36786.219,-70.291
36786.297,-70.291
36786.391,-70.291
36786.486,-70.291
36786.584,-70.291
36786.697,-70.291
37076.802,-70.291
37076.907,-70.291
37077.003,-70.291
37077.101,-70.291
37077.217,-70.291
37077.321,-70.291
37077.363,-70.291
37077.471,-70.291
37077.577,-70.291
37077.731,-70.291
37077.760,-70.291
37077.861,-70.291
37077.959,-70.291
37078.131,-70.291
37078.158,-70.291
37078.261,-70.291
37078.435,-70.291
37078.462,-70.291
37078.564,-70.291
37078.675,-70.291
37078.790,-70.291
37078.940,-70.291
37078.967,-70.291
37079.072,-70.291
37079.160,-70.291
37079.260,-70.291
37079.359,-70.291
37079.472,-70.291
37079.572,-70.291
37079.668,-70.291
37079.771,-70.291
37079.895,-70.291
37079.978,-70.291
37080.096,-70.291
37080.174,-70.291
37080.260,-70.291
37080.396,-70.291
37080.489,-70.291
37080.584,-70.291
37080.695,-70.291
37080.793,-70.291
37080.897,-70.291
37080.998,-70.291
37081.108,-70.291
37081.204,-70.291
37081.315,-70.291
37081.410,-70.291
37081.511,-70.291
37081.613,-70.291
37081.731,-70.291
37081.750,-70.291
37081.847,-70.291
37081.945,-70.291
37082.047,-70.291
37082.167,-70.291
37082.251,-70.291
37082.354,-70.291
37082.466,-70.291
37082.560,-70.291
37082.643,-70.291
37082.763,-70.291
37082.851,-70.291
37082.947,-70.291
37083.072,-70.291
37083.148,-70.291
37083.251,-70.291
37083.353,-70.291
37083.457,-70.291
37083.569,-70.291
37083.660,-70.291
37083.763,-70.291
37083.861,-70.291
37083.957,-70.291
37084.079,-70.291
37084.177,-70.291
37084.275,-70.291
37084.376,-70.291
37084.479,-70.291
37084.577,-70.291
37084.670,-70.291
37084.788,-70.291
37084.890,-70.291
37084.991,-70.291
37085.096,-70.291
37085.190,-70.291
37085.241,-70.291
37085.407,-70.291
37085.505,-70.291
37085.606,-70.291
37085.633,-70.291
37085.736,-70.291
37085.842,-70.291
37085.937,-70.291
37086.040,-70.291
37086.141,-70.291
37086.256,-70.291
37086.349,-70.291
37086.449,-70.291
37086.530,-70.291
37086.655,-70.291
37136.760,-70.291
37136.836,-70.291
37136.947,-70.291
37137.049,-70.291
37137.143,-70.291
37137.277,-70.291
37137.336,-70.291
37137.447,-70.291
37137.542,-70.291
37137.628,-70.291
37137.729,-70.291
37137.849,-70.291
37137.930,-70.291
37138.033,-70.291
37138.135,-70.291
37138.260,-70.291
37138.347,-70.291
37138.447,-70.291
37138.565,-70.291
37138.653,-70.291
37138.753,-70.291
37138.875,-70.291
37138.924,-70.291
37139.079,-70.291
37139.165,-70.291
37139.285,-70.291
37139.386,-70.291
37139.493,-70.291
37139.523,-70.291
37139.625,-70.291
37139.729,-70.291
37139.910,-70.291
37139.935,-70.291
37140.035,-70.291
37140.136,-70.291
37140.228,-70.291
37140.324,-70.291
37140.418,-70.291
37140.552,-70.291
37140.626,-70.291
37140.729,-70.291
37140.829,-70.291
37140.940,-70.291
37141.038,-70.291
37141.136,-70.291
37141.238,-70.291
37141.329,-70.291
37141.452,-70.291
37141.545,-70.291
37141.653,-70.291
37141.751,-70.291
37141.854,-70.291
37141.949,-70.291
37142.065,-70.291
37142.168,-70.291
37142.266,-70.291
37142.317,-70.291
37142.427,-70.291
37142.532,-70.291
37142.633,-70.291
37142.787,-70.291
37142.837,-70.291
37142.940,-70.291
37143.018,-70.291
37143.123,-70.291
37143.222,-70.291
37143.380,-70.291
37143.430,-70.291
37143.515,-70.291
37143.613,-70.291
37143.711,-70.291
37143.812,-70.291
37143.932,-70.291
37144.028,-70.291
37144.109,-70.291
37144.224,-70.291
37144.310,-70.291
37144.413,-70.291
37144.515,-70.291
37144.618,-70.291
37144.716,-70.291
37144.832,-70.291
37144.932,-70.291
37145.016,-70.291
37145.136,-70.291
37145.212,-70.291
37145.327,-70.291
37145.442,-70.291
37145.547,-70.291
37145.650,-70.291
37145.751,-70.291
37145.849,-70.291
37145.949,-70.291
37146.062,-70.291
37146.155,-70.291
37146.256,-70.291
37146.359,-70.291
37146.474,-70.291
37146.503,-70.291
37146.668,-70.291
37196.768,-70.291
37196.869,-70.291
37196.973,-70.291
37197.001,-70.291
37197.099,-70.291
37197.212,-70.291
37197.312,-70.291
37197.410,-70.291
37197.508,-70.291
37197.618,-70.291
37197.717,-70.291
37197.820,-70.291
37197.923,-70.291
37198.003,-70.291
37198.109,-70.291
37198.212,-70.291
37198.336,-70.291
37198.442,-70.291
37198.501,-70.291
37198.604,-70.291
37198.707,-70.291
37198.795,-70.291
37198.918,-70.291
37199.003,-70.291
37199.118,-70.291
37199.217,-70.291
37199.337,-70.291
37199.439,-70.291
37199.537,-70.291
37199.635,-70.291
37199.739,-70.291
37199.804,-70.291
37199.949,-70.291
37200.045,-70.291
37200.148,-70.291
37200.251,-70.291
37200.347,-70.291
37200.397,-70.291
37200.498,-70.291
37200.589,-70.291
37200.756,-70.291
37200.805,-70.291
37200.886,-70.291
37201.008,-70.291
37201.101,-70.291
37201.209,-70.291
37201.288,-70.291
37201.391,-70.291
37201.491,-70.291
37201.599,-70.291
37201.702,-70.291
37201.804,-70.291
37201.883,-70.291
37201.989,-70.291
37202.084,-70.291
37202.206,-70.291
37202.322,-70.291
37202.383,-70.291
37202.506,-70.291
37202.604,-70.291
37202.702,-70.291
37202.793,-70.291
37202.915,-70.291
37203.011,-70.291
37203.116,-70.291
37203.211,-70.291
37203.307,-70.291
37203.415,-70.291
37203.511,-70.291
37203.631,-70.291
37203.684,-70.291
37203.826,-70.291
37203.920,-70.291
37204.040,-70.291
37204.148,-70.291
37204.199,-70.291
37204.275,-70.291
37204.378,-70.291
37204.481,-70.291
37204.586,-70.291
37204.695,-70.291
37204.821,-70.291
37204.885,-70.291
37204.994,-70.291
37205.087,-70.291
37205.185,-70.291
37205.282,-70.291
37205.397,-70.291
37205.476,-70.291
37205.574,-70.291
37205.680,-70.291
37205.793,-70.291
37205.890,-70.291
37205.986,-70.291
37206.099,-70.291
37206.196,-70.291
37206.293,-70.291
37206.398,-70.291
37206.505,-70.291
37206.572,-70.291
37256.723,-70.291
37256.809,-70.291
37256.903,-70.291
37257.008,-70.291
37257.087,-70.291
37257.207,-70.291
37257.275,-70.291
37257.418,-70.291
37257.525,-70.291
37257.623,-70.291
37257.724,-70.291
37257.849,-70.291
37257.925,-70.291
37258.032,-70.291
37258.136,-70.291
37258.241,-70.291
37258.268,-70.291
37258.364,-70.291
37258.486,-70.291
37258.582,-70.291
37258.680,-70.291
37258.783,-70.291
37258.864,-70.291
37258.971,-70.291
37259.074,-70.291
37259.175,-70.291
37259.293,-70.291
37259.373,-70.291
37259.498,-70.291
37259.577,-70.291
37259.660,-70.291
37259.775,-70.291
37259.883,-70.291
37259.981,-70.291
37260.074,-70.291
37260.177,-70.291
37260.293,-70.291
37260.396,-70.291
37260.491,-70.291
37260.592,-70.291
37260.696,-70.291
37260.810,-70.291
37260.905,-70.291
37261.006,-70.291
37261.103,-70.291
37261.201,-70.291
37261.309,-70.291
37261.412,-70.291
37261.516,-70.291
37261.616,-70.291
37261.719,-70.291
37261.831,-70.291
37261.866,-70.291
37262.025,-70.291
37262.054,-70.291
37262.233,-70.291
37262.255,-70.291
37262.356,-70.291
37262.459,-70.291
37262.560,-70.291
37262.668,-70.291
37262.771,-70.291
37262.854,-70.291
37262.969,-70.291
37263.060,-70.291
37263.152,-70.291
37263.253,-70.291
37263.356,-70.291
37263.471,-70.291
37263.555,-70.291
37263.652,-70.291
37263.758,-70.291
37263.869,-70.291
37263.971,-70.291
37264.072,-70.291
37264.209,-70.291
37264.268,-70.291
37264.388,-70.291
37264.481,-70.291
37264.579,-70.291
37264.687,-70.291
37264.807,-70.291
37264.905,-70.291
37265.003,-70.291
37265.101,-70.291
37265.172,-70.291
37265.305,-70.291
37265.405,-70.291
37265.516,-70.291
37265.611,-70.291
37265.712,-70.291
37265.741,-70.291
37265.908,-70.291
37265.952,-70.291
37266.050,-70.291
37266.150,-70.291
37266.251,-70.291
37266.361,-70.291
37266.454,-70.291
37266.559,-70.291
37266.641,-70.291
37316.761,-70.291
37316.839,-70.291
37316.942,-70.291
37317.055,-70.291
37317.145,-70.291
37317.239,-70.291
37317.376,-70.291
37317.461,-70.291
37317.555,-70.291
37317.663,-70.291
37317.744,-70.291
37317.861,-70.291
37317.940,-70.291
37318.072,-70.291
37318.177,-70.291
37318.273,-70.291
37318.375,-70.291
37318.454,-70.291
37318.545,-70.291
37318.648,-70.291
37318.760,-70.291
37318.893,-70.291
37318.989,-70.291
37319.033,-70.291
37319.136,-70.291
37319.288,-70.291
37319.388,-70.291
37319.440,-70.291
37319.535,-70.291
37319.630,-70.291
37319.800,-70.291
37319.832,-70.291
37319.951,-70.291
37320.047,-70.291
37320.141,-70.291
37320.241,-70.291
37320.344,-70.291
37320.447,-70.291
37320.547,-70.291
37320.626,-70.291
37320.731,-70.291
37320.832,-70.291
37320.934,-70.291
37321.055,-70.291
37321.140,-70.291
37321.248,-70.291
37321.344,-70.291
37321.466,-70.291
37321.548,-70.291
37321.650,-70.291
37321.753,-70.291
37321.856,-70.291
37321.959,-70.291
37322.079,-70.291
37322.155,-70.291
37322.266,-70.291
37322.385,-70.291
37322.481,-70.291
37322.572,-70.291
37322.631,-70.291
37322.778,-70.291
37322.839,-70.291
37322.940,-70.291
37323.045,-70.291
37323.155,-70.291
37323.304,-70.291
37323.332,-70.291
37323.435,-70.291
37323.518,-70.291
37323.626,-70.291
37323.734,-70.291
37323.832,-70.291
37323.932,-70.291
37324.040,-70.291
37324.138,-70.291
37324.239,-70.291
37324.418,-70.291
37324.420,-70.291
37324.528,-70.291
37324.621,-70.291
37324.751,-70.291
37324.826,-70.291
37324.927,-70.291
37325.038,-70.291
37325.141,-70.291
37325.239,-70.291
37325.369,-70.291
37325.467,-70.291
37325.543,-70.291
37325.653,-70.291
37325.751,-70.291
37325.875,-70.291
37325.951,-70.291
37326.055,-70.291
37326.155,-70.291
37326.266,-70.291
37326.368,-70.291
37326.464,-70.291
37326.518,-70.291
37326.616,-70.291
37376.724,-70.291
37376.871,-70.291
37376.976,-70.291
37377.040,-70.291
37377.114,-70.291
37377.212,-70.291
37377.326,-70.291
37377.413,-70.291
37377.511,-70.291
37377.616,-70.291
37377.712,-70.291
37377.824,-70.291
37377.920,-70.291
37378.037,-70.291
37378.113,-70.291
37378.209,-70.291
37378.307,-70.291
37378.408,-70.291
37378.516,-70.291
37378.614,-70.291
37378.717,-70.291
37378.820,-70.291
37378.927,-70.291
37379.033,-70.291
37379.138,-70.291
37379.229,-70.291
37379.324,-70.291
37379.432,-70.291
37379.552,-70.291
37379.648,-70.291
37379.746,-70.291
37379.847,-70.291
37379.946,-70.291
37380.048,-70.291
37380.150,-70.291
37380.241,-70.291
37380.354,-70.291
37380.459,-70.291
37380.560,-70.291
37380.652,-70.291
37380.704,-70.291
37380.800,-70.291
37380.903,-70.291
37381.001,-70.291
37381.099,-70.291
37381.199,-70.291
37381.297,-70.291
37381.412,-70.291
37381.511,-70.291
37381.609,-70.291
37381.712,-70.291
37381.802,-70.291
37381.900,-70.291
37382.001,-70.291
37382.101,-70.291
37382.214,-70.291
37382.293,-70.291
37382.393,-70.291
37382.506,-70.291
37382.604,-70.291
37382.719,-70.291
37382.822,-70.291
37382.900,-70.291
37383.025,-70.291
37383.128,-70.291
37383.226,-70.291
37383.334,-70.291
37383.430,-70.291
37383.552,-70.291
37383.660,-70.291
37383.736,-70.291
37383.837,-70.291
37383.915,-70.291
37384.050,-70.291
37384.148,-70.291
37384.246,-70.291
37384.354,-70.291
37384.452,-70.291
37384.554,-70.291
37384.655,-70.291
37384.697,-70.291
37384.793,-70.291
37384.891,-70.291
37384.989,-70.291
37385.092,-70.291
37385.196,-70.291
37385.304,-70.291
37385.388,-70.291
37385.501,-70.291
37385.601,-70.291
37385.702,-70.291
37385.799,-70.291
37385.893,-70.291
37385.986,-70.291
37386.089,-70.291
37386.192,-70.291
37386.295,-70.291
37386.398,-70.291
37386.488,-70.291
37386.592,-70.291
37386.695,-70.291
37676.799,-70.291
37676.900,-70.291
37677.000,-70.291
37677.089,-70.291
37677.223,-70.291
37677.310,-70.291
37677.410,-70.291
37677.508,-70.291
37677.608,-70.291
37677.721,-70.291
37677.822,-70.291
37677.925,-70.291
37678.028,-70.291
37678.079,-70.291
37678.175,-70.291
37678.273,-70.291
37678.373,-70.291
37678.472,-70.291
37678.650,-70.291
37678.694,-70.291
37678.782,-70.291
37678.885,-70.291
37678.981,-70.291
37679.089,-70.291
37679.192,-70.291
37679.290,-70.291
37679.390,-70.291
37679.474,-70.291
37679.572,-70.291
37679.673,-70.291
37679.797,-70.291
37679.910,-70.291
37679.984,-70.291
37680.084,-70.291
37680.209,-70.291
37680.288,-70.291
37680.398,-70.291
37680.500,-70.291
37680.601,-70.291
37680.704,-70.291
37680.809,-70.291
37680.903,-70.291
37681.013,-70.291
37681.067,-70.291
37681.170,-70.291
37681.312,-70.291
37681.378,-70.291
37681.486,-70.291
37681.633,-70.291
37681.728,-70.291
37681.824,-70.291
37681.918,-70.291
37682.045,-70.291
37682.074,-70.291
37682.231,-70.291
37682.261,-70.291
37682.369,-70.291
37682.476,-70.291
37682.572,-70.291
37682.670,-70.291
37682.783,-70.291
37682.875,-70.291
37682.976,-70.291
37683.077,-70.291
37683.177,-70.291
37683.282,-70.291
37683.369,-70.291
37683.471,-70.291
37683.565,-70.291
37683.667,-70.291
37683.770,-70.291
37683.883,-70.291
37683.979,-70.291
37684.077,-70.291
37684.179,-70.291
37684.287,-70.291
37684.393,-70.291
37684.489,-70.291
37684.587,-70.291
37684.692,-70.291
37684.793,-70.291
37684.895,-70.291
37685.008,-70.291
37685.062,-70.291
37685.163,-70.291
37685.266,-70.291
37685.369,-70.291
37685.472,-70.291
37685.579,-70.291
37685.721,-70.291
37685.787,-70.291
37685.913,-70.291
37685.967,-70.291
37686.069,-70.291
37686.158,-70.291
37686.256,-70.291
37686.354,-70.291
37686.457,-70.291
37686.554,-70.291
37686.652,-70.291
37736.780,-70.291
37736.849,-70.291
37736.961,-70.291
37737.052,-70.291
37737.150,-70.291
37737.258,-70.291
37737.356,-70.291
37737.449,-70.291
37737.560,-70.291
37737.662,-70.291
37737.758,-70.291
37737.880,-70.291
37737.967,-70.291
37738.074,-70.291
37738.206,-70.291
37738.293,-70.291
37738.378,-70.291
37738.498,-70.291
37738.616,-70.291
37738.699,-70.291
37738.795,-70.291
37738.923,-70.291
37738.981,-70.291
37739.094,-70.291
37739.197,-70.291
37739.300,-70.291
37739.407,-70.291
37739.505,-70.291
37739.606,-70.291
37739.719,-70.291
37739.741,-70.291
37739.839,-70.291
37739.939,-70.291
37740.045,-70.291
37740.153,-70.291
37740.251,-70.291
37740.348,-70.291
37740.456,-70.291
37740.555,-70.291
37740.638,-70.291
37740.736,-70.291
37740.844,-70.291
37740.944,-70.291
37741.042,-70.291
37741.141,-70.291
37741.244,-70.291
37741.347,-70.291
37741.481,-70.291
37741.562,-70.291
37741.655,-70.291
37741.775,-70.291
37741.859,-70.291
37741.969,-70.291
37742.064,-70.291
37742.192,-70.291
37742.292,-70.291
37742.383,-70.291
37742.481,-70.291
37742.603,-70.291
37742.679,-70.291
37742.783,-70.291
37742.883,-70.291
37742.979,-70.291
37743.071,-70.291
37743.190,-70.291
37743.288,-70.291
37743.397,-70.291
37743.439,-70.291
37743.599,-70.291
37743.630,-70.291
37743.728,-70.291
37743.832,-70.291
37743.930,-70.291
37744.033,-70.291
37744.128,-70.291
37744.246,-70.291
37744.344,-70.291
37744.447,-70.291
37744.528,-70.291
37744.626,-70.291
37744.726,-70.291
37744.827,-70.291
37744.934,-70.291
37745.052,-70.291
37745.153,-70.291
37745.231,-70.291
37745.341,-70.291
37745.427,-70.291
37745.532,-70.291
37745.648,-70.291
37745.756,-70.291
37745.824,-70.291
37745.935,-70.291
37746.035,-70.291
37746.153,-70.291
37746.261,-70.291
37746.380,-70.291
37746.447,-70.291
37746.579,-70.291
37746.674,-70.291
37796.775,-70.291
37796.886,-70.291
37796.981,-70.291
37797.067,-70.291
37797.116,-70.291
37797.285,-70.291
37797.388,-70.291
37797.491,-70.291
37797.520,-70.291
37797.618,-70.291
37797.719,-70.291
37797.829,-70.291
37797.930,-70.291
37798.028,-70.291
37798.130,-70.291
37798.216,-70.291
37798.312,-70.291
37798.412,-70.291
37798.513,-70.291
37798.626,-70.291
37798.721,-70.291
37798.822,-70.291
37798.930,-70.291
37799.028,-70.291
37799.130,-70.291
37799.228,-70.291
37799.368,-70.291
37799.437,-70.291
37799.547,-70.291
37799.655,-70.291
37799.756,-70.291
37799.854,-70.291
37799.929,-70.291
37800.052,-70.291
37800.119,-70.291
37800.221,-70.291
37800.327,-70.291
37800.432,-70.291
37800.540,-70.291
37800.658,-70.291
37800.790,-70.291
37800.871,-70.291
37800.966,-70.291
37801.015,-70.291
37801.113,-70.291
37801.219,-70.291
37801.315,-70.291
37801.413,-70.291
37801.501,-70.291
37801.606,-70.291
37801.702,-70.291
37801.822,-70.291
37801.898,-70.291
37802.021,-70.291
37802.101,-70.291
37802.214,-70.291
37802.307,-70.291
37802.408,-70.291
37802.508,-70.291
37802.626,-70.291
37802.748,-70.291
37802.822,-70.291
37802.923,-70.291
37803.052,-70.291
37803.133,-70.291
37803.234,-70.291
37803.327,-70.291
37803.440,-70.291
37803.535,-70.291
37803.635,-70.291
37803.739,-70.291
37803.841,-70.291
37803.917,-70.291
37804.052,-70.291
37804.155,-70.291
37804.251,-70.291
37804.351,-70.291
37804.486,-70.291
37804.560,-70.291
37804.660,-70.291
37804.785,-70.291
37804.802,-70.291
37804.973,-70.291
37805.001,-70.291
37805.099,-70.291
37805.224,-70.291
37805.298,-70.291
37805.400,-70.291
37805.523,-70.291
37805.609,-70.291
37805.709,-70.291
37805.810,-70.291
37805.890,-70.291
37805.994,-70.291
37806.092,-70.291
37806.189,-70.291
37806.300,-70.291
37806.400,-70.291
37806.501,-70.291
37806.599,-70.291
37856.714,-70.291
37856.815,-70.291
37856.913,-70.291
37856.989,-70.291
37857.123,-70.291
37857.222,-70.291
37857.298,-70.291
37857.429,-70.291
37857.527,-70.291
37857.636,-70.291
37857.763,-70.291
37857.837,-70.291
37857.935,-70.291
37858.040,-70.291
37858.141,-70.291
37858.192,-70.291
37858.347,-70.291
37858.407,-70.291
37858.486,-70.291
37858.587,-70.291
37858.696,-70.291
37858.782,-70.291
37858.897,-70.291
37858.988,-70.291
37859.087,-70.291
37859.197,-70.291
37859.295,-70.291
37859.466,-70.291
37859.489,-70.291
37859.587,-70.291
37859.679,-70.291
37859.780,-70.291
37859.876,-70.291
37859.976,-70.291
37860.094,-70.291
37860.190,-70.291
37860.300,-70.291
37860.403,-70.291
37860.500,-70.291
37860.592,-70.291
37860.711,-70.291
37860.915,-70.291
37860.918,-70.291
37861.035,-70.291
37861.119,-70.291
37861.216,-70.291
37861.315,-70.291
37861.402,-70.291
37861.518,-70.291
37861.623,-70.291
37861.726,-70.291
37861.771,-70.291
37861.923,-70.291
37862.033,-70.291
37862.145,-70.291
37862.179,-70.291
37862.270,-70.291
37862.368,-70.291
37862.472,-70.291
37862.572,-70.291
37862.672,-70.291
37862.772,-70.291
37862.873,-70.291
37862.986,-70.291
37863.087,-70.291
37863.182,-70.291
37863.288,-70.291
37863.393,-70.291
37863.476,-70.291
37863.581,-70.291
37863.670,-70.291
37863.766,-70.291
37863.876,-70.291
37863.978,-70.291
37864.082,-70.291
37864.179,-70.291
37864.277,-70.291
37864.386,-70.291
37864.483,-70.291
37864.577,-70.291
37864.711,-70.291
37864.783,-70.291
37864.902,-70.291
37864.998,-70.291
37865.089,-70.291
37865.212,-70.291
37865.309,-70.291
37865.407,-70.291
37865.513,-70.291
37865.611,-70.291
37865.702,-70.291
37865.812,-70.291
37865.923,-70.291
37866.018,-70.291
37866.071,-70.291
37866.224,-70.291
37866.275,-70.291
37866.368,-70.291
37866.466,-70.291
37866.574,-70.291
37866.674,-70.291
37916.768,-70.291
37916.866,-70.291
37916.957,-70.291
37917.052,-70.291
37917.174,-70.291
37917.256,-70.291
37917.376,-70.291
37917.452,-70.291
37917.550,-70.291
37917.655,-70.291
37917.763,-70.291
37917.861,-70.291
37917.967,-70.291
37918.070,-70.291
37918.170,-70.291
37918.253,-70.291
37918.383,-70.291
37918.462,-70.291
37918.584,-70.291
37918.687,-70.291
37918.795,-70.291
37918.893,-70.291
37918.989,-70.291
37919.082,-70.291
37919.185,-70.291
37919.305,-70.291
37919.402,-70.291
37919.498,-70.291
37919.601,-70.291
37919.652,-70.291
37919.744,-70.291
37919.856,-70.291
37919.954,-70.291
37920.059,-70.291
37920.147,-70.291
37920.246,-70.291
37920.347,-70.291
37920.447,-70.291
37920.548,-70.291
37920.658,-70.291
37920.756,-70.291
37920.851,-70.291
37920.957,-70.291
37921.052,-70.291
37921.150,-70.291
37921.248,-70.291
37921.359,-70.291
37921.457,-70.291
37921.559,-70.291
37921.662,-70.291
37921.746,-70.291
37921.849,-70.291
37921.956,-70.291
37922.059,-70.291
37922.145,-70.291
37922.273,-70.291
37922.369,-70.291
37922.496,-70.291
37922.567,-70.291
37922.674,-70.291
37922.817,-70.291
37922.890,-70.291
37923.022,-70.291
37923.094,-70.291
37923.207,-70.291
37923.302,-70.291
37923.398,-70.291
37923.501,-70.291
37923.601,-70.291
37923.706,-70.291
37923.734,-70.291
37923.832,-70.291
37923.942,-70.291
37924.043,-70.291
37924.138,-70.291
37924.320,-70.291
37924.348,-70.291
37924.447,-70.291
37924.549,-70.291
37924.633,-70.291
37924.738,-70.291
37924.866,-70.291
37924.940,-70.291
37925.069,-70.291
37925.148,-70.291
37925.275,-70.291
37925.369,-70.291
37925.457,-70.291
37925.533,-70.291
37925.633,-70.291
37925.734,-70.291
37925.842,-70.291
37925.946,-70.291
37926.048,-70.291
37926.126,-70.291
37926.231,-70.291
37926.342,-70.291
37926.472,-70.291
37926.577,-70.291
37926.675,-70.291
37976.773,-70.291
37976.881,-70.291
37976.983,-70.291
37977.084,-70.291
37977.204,-70.291
37977.266,-70.291
37977.391,-70.291
37977.496,-70.291
37977.523,-70.291
37977.638,-70.291
37977.739,-70.291
37977.834,-70.291
37977.939,-70.291
37978.033,-70.291
37978.131,-70.291
37978.236,-70.291
37978.337,-70.291
37978.425,-70.291
37978.522,-70.291
37978.619,-70.291
37978.724,-70.291
37978.824,-70.291
37978.927,-70.291
37979.043,-70.291
37979.133,-70.291
37979.231,-70.291
37979.347,-70.291
37979.454,-70.291
37979.554,-70.291
37979.650,-70.291
37979.748,-70.291
37979.849,-70.291
37979.952,-70.291
37980.055,-70.291
37980.145,-70.291
37980.260,-70.291
37980.322,-70.291
37980.424,-70.291
37980.557,-70.291
37980.631,-70.291
37980.738,-70.291
37980.814,-70.291
37980.972,-70.291
37981.071,-70.291
37981.173,-70.291
37981.292,-70.291
37981.320,-70.291
37981.415,-70.291
37981.521,-70.291
37981.614,-70.291
37981.729,-70.291
37981.824,-70.291
37981.922,-70.291
37982.025,-70.291
37982.128,-70.291
37982.233,-70.291
37982.307,-70.291
37982.418,-70.291
37982.520,-70.291
37982.616,-70.291
37982.719,-70.291
37982.827,-70.291
37982.929,-70.291
37983.023,-70.291
37983.128,-70.291
37983.239,-70.291
37983.339,-70.291
37983.452,-70.291
37983.535,-70.291
37983.657,-70.291
37983.741,-70.291
37983.819,-70.291
37983.903,-70.291
37984.008,-70.291
37984.108,-70.291
37984.212,-70.291
37984.317,-70.291
37984.418,-70.291
37984.530,-70.291
37984.603,-70.291
37984.753,-70.291
37984.805,-70.291
37984.969,-70.291
37984.998,-70.291
37985.175,-70.291
37985.207,-70.291
37985.315,-70.291
37985.410,-70.291
37985.511,-70.291
37985.702,-70.291
37985.704,-70.291
37985.798,-70.291
37985.895,-70.291
37986.025,-70.291
37986.094,-70.291
37986.199,-70.291
37986.302,-70.291
37986.408,-70.291
37986.508,-70.291
37986.609,-70.291
35876.712,-70.291
35876.812,-70.291
35876.915,-70.291
35877.016,-70.291
35877.126,-70.291
35877.219,-70.291
35877.324,-70.291
35877.427,-70.291
35877.540,-70.291
35877.635,-70.291
35877.734,-70.291
35877.831,-70.291
35877.910,-70.291
35878.049,-70.291
35878.099,-70.291
35878.206,-70.291
35878.305,-70.291
35878.405,-70.291
35878.513,-70.291
35878.597,-70.291
35878.699,-70.291
35878.797,-70.291
35878.900,-70.291
35878.989,-70.291
35879.160,-70.291
35879.187,-70.291
35879.307,-70.291
35879.400,-70.291
35879.498,-70.291
35879.594,-70.291
35879.697,-70.291
35879.785,-70.291
35879.886,-70.291
35880.003,-70.291
35880.111,-70.291
35880.201,-70.291
35880.305,-70.291
35880.400,-70.291
35880.510,-70.291
35880.611,-70.291
35880.709,-70.291
35880.815,-70.291
35880.918,-70.291
35881.021,-70.291
35881.118,-70.291
35881.217,-70.291
35881.319,-70.291
35881.423,-70.291
35881.538,-70.291
35881.626,-70.291
35881.729,-70.291
35881.826,-70.291
35881.903,-70.291
35882.037,-70.291
35882.138,-70.291
35882.239,-70.291
35882.342,-70.291
35882.446,-70.291
35882.548,-70.291
35882.577,-70.291
35882.673,-70.291
35882.777,-70.291
35882.888,-70.291
35883.057,-70.291
35883.094,-70.291
35883.190,-70.291
35883.288,-70.291
35883.375,-70.291
35883.494,-70.291
35883.571,-70.291
35883.675,-70.291
35883.785,-70.291
35883.885,-70.291
35883.981,-70.291
35884.111,-70.291
35884.185,-70.291
35884.288,-70.291
35884.375,-70.291
35884.476,-70.291
35884.584,-70.291
35884.707,-70.291
35884.773,-70.291
35884.876,-70.291
35884.998,-70.291
35885.108,-70.291
35885.212,-70.291
35885.319,-70.291
35885.415,-70.291
35885.518,-70.291
35885.623,-70.291
35885.729,-70.291
35885.824,-70.291
35885.923,-70.291
35886.042,-70.291
35886.072,-70.291
35886.174,-70.291
35886.278,-70.291
35886.447,-70.291
35886.474,-70.291
35886.571,-70.291
35886.685,-70.291
35936.773,-70.291
35936.876,-70.291
35936.974,-70.291
35937.077,-70.291
35937.174,-70.291
35937.266,-70.291
35937.359,-70.291
35937.464,-70.291
35937.565,-70.291
35937.668,-70.291
35937.787,-70.291
35937.878,-70.291
35937.984,-70.291
35938.079,-70.291
35938.199,-70.291
35938.290,-70.291
35938.388,-70.291
35938.494,-70.291
35938.589,-70.291
35938.670,-70.291
35938.777,-70.291
35938.859,-70.291
35938.964,-70.291
35939.065,-70.291
35939.172,-70.291
35939.300,-70.291
35939.398,-70.291
35939.511,-70.291
35939.623,-70.291
35939.716,-70.291
35939.812,-70.291
35939.920,-70.291
35940.010,-70.291
35940.128,-70.291
35940.157,-70.291
35940.255,-70.291
35940.359,-70.291
35940.459,-70.291
35940.559,-70.291
35940.660,-70.291
35940.765,-70.291
35940.871,-70.291
35940.969,-70.291
35941.050,-70.291
35941.163,-70.291
35941.263,-70.291
35941.359,-70.291
35941.461,-70.291
35941.559,-70.291
35941.662,-70.291
35941.773,-70.291
35941.871,-70.291
35941.967,-70.291
35942.089,-70.291
35942.163,-70.291
35942.288,-70.291
35942.383,-70.291
35942.462,-70.291
35942.584,-70.291
35942.643,-70.291
35942.746,-70.291
35942.851,-70.291
35942.957,-70.291
35943.062,-70.291
35943.167,-70.291
35943.299,-70.291
35943.342,-70.291
35943.503,-70.291
35943.598,-70.291
35943.709,-70.291
35943.805,-70.291
35943.905,-70.291
35943.957,-70.291
35944.055,-70.291
35944.148,-70.291
35944.246,-70.291
35944.349,-70.291
35944.440,-70.291
35944.560,-70.291
35944.660,-70.291
35944.768,-70.291
35944.837,-70.291
35944.940,-70.291
35945.040,-70.291
35945.143,-70.291
35945.244,-70.291
35945.348,-70.291
35945.459,-70.291
35945.560,-70.291
35945.660,-70.291
35945.765,-70.291
35945.871,-70.291
35945.969,-70.291
35946.098,-70.291
35946.170,-70.291
35946.260,-70.291
35946.381,-70.291
35946.476,-70.291
35946.577,-70.291
35946.679,-70.291
35996.783,-70.291
35996.881,-70.291
35996.986,-70.291
35997.087,-70.291
35997.199,-70.291
35997.293,-70.291
35997.408,-70.291
35997.437,-70.291
35997.535,-70.291
35997.630,-70.291
35997.731,-70.291
35997.837,-70.291
35997.940,-70.291
35998.038,-70.291
35998.143,-70.291
35998.243,-70.291
35998.344,-70.291
35998.444,-70.291
35998.533,-70.291
35998.658,-70.291
35998.729,-70.291
35998.832,-70.291
35998.932,-70.291
35999.035,-70.291
35999.136,-70.291
35999.248,-70.291
35999.342,-70.291
35999.437,-70.291
35999.545,-70.291
35999.660,-70.291
35999.756,-70.291
35999.854,-70.291
35999.964,-70.291
36000.060,-70.291
36000.145,-70.291
36000.226,-70.291
36000.327,-70.291
36000.427,-70.291
36000.538,-70.291
36000.690,-70.291
36000.741,-70.291
36000.851,-70.291
36000.972,-70.291
36001.060,-70.291
36001.184,-70.291
36001.282,-70.291
36001.331,-70.291
36001.483,-70.291
36001.535,-70.291
36001.621,-70.291
36001.719,-70.291
36001.817,-70.291
36001.920,-70.291
36002.016,-70.291
36002.119,-70.291
36002.217,-70.291
36002.319,-70.291
36002.415,-70.291
36002.528,-70.291
36002.626,-70.291
36002.729,-70.291
36002.827,-70.291
36002.925,-70.291
36003.035,-70.291
36003.140,-70.291
36003.231,-70.291
36003.334,-70.291
36003.442,-70.291
36003.538,-70.291
36003.648,-70.291
36003.744,-70.291
36003.848,-70.291
36003.954,-70.291
36004.050,-70.291
36004.153,-70.291
36004.256,-70.291
36004.390,-70.291
36004.464,-70.291
36004.564,-70.291
36004.667,-70.291
36004.707,-70.291
36004.873,-70.291
36004.974,-70.291
36005.074,-70.291
36005.179,-70.291
36005.288,-70.291
36005.386,-70.291
36005.424,-70.291
36005.511,-70.291
36005.609,-70.291
36005.714,-70.291
36005.817,-70.291
36005.910,-70.291
36006.023,-70.291
36006.119,-70.291
36006.207,-70.291
36006.304,-70.291
36006.424,-70.291
36006.528,-70.291
36006.614,-70.291
36056.712,-70.291
36056.817,-70.291
36056.920,-70.291
36057.027,-70.291
36057.123,-70.291
36057.226,-70.291
36057.332,-70.291
36057.430,-70.291
36057.533,-70.291
36057.630,-70.291
36057.739,-70.291
36057.839,-70.291
36057.947,-70.291
36058.050,-70.291
36058.147,-70.291
36058.248,-70.291
36058.366,-70.291
36058.397,-70.291
36058.500,-70.291
36058.598,-70.291
36058.702,-70.291
36058.804,-70.291
36058.903,-70.291
36059.000,-70.291
36059.101,-70.291
36059.199,-70.291
36059.305,-70.291
36059.405,-70.291
36059.515,-70.291
36059.614,-70.291
36059.717,-70.291
36059.802,-70.291
36059.915,-70.291
36059.998,-70.291
36060.103,-70.291
36060.202,-70.291
36060.327,-70.291
36060.410,-70.291
36060.508,-70.291
36060.640,-70.291
36060.711,-70.291
36060.819,-70.291
36060.940,-70.291
36061.027,-70.291
36061.123,-70.291
36061.219,-70.291
36061.324,-70.291
36061.425,-70.291
36061.521,-70.291
36061.631,-70.291
36061.743,-70.291
36061.839,-70.291
36061.937,-70.291
36062.042,-70.291
36062.141,-70.291
36062.243,-70.291
36062.344,-70.291
36062.452,-70.291
36062.584,-70.291
36062.586,-70.291
36062.775,-70.291
36062.793,-70.291
36062.961,-70.291
36062.989,-70.291
36063.089,-70.291
36063.189,-70.291
36063.292,-70.291
36063.393,-70.291
36063.510,-70.291
36063.603,-70.291
36063.699,-70.291
36063.804,-70.291
36063.888,-70.291
36063.988,-70.291
36064.089,-70.291
36064.190,-70.291
36064.300,-70.291
36064.402,-70.291
36064.479,-70.291
36064.589,-70.291
36064.721,-70.291
36064.792,-70.291
36064.883,-70.291
36065.023,-70.291
36065.094,-70.291
36065.219,-70.291
36065.315,-70.291
36065.418,-70.291
36065.513,-70.291
36065.586,-70.291
36065.726,-70.291
36065.827,-70.291
36065.925,-70.291
36065.974,-70.291
36066.138,-70.291
36066.239,-70.291
36066.339,-70.291
36066.451,-70.291
36066.545,-70.291
36066.572,-70.291
36116.750,-70.291
36116.778,-70.291
36116.886,-70.291
36116.984,-70.291
36117.089,-70.291
36117.187,-70.291
36117.273,-70.291
36117.393,-70.291
36117.489,-70.291
36117.592,-70.291
36117.677,-70.291
36117.783,-70.291
36117.878,-70.291
36117.989,-70.291
36118.113,-70.291
36118.192,-70.291
36118.293,-70.291
36118.410,-70.291
36118.474,-70.291
36118.579,-70.291
36118.699,-70.291
36118.785,-70.291
36118.869,-70.291
36118.991,-70.291
36119.084,-70.291
36119.207,-70.291
36119.300,-70.291
36119.434,-70.291
36119.508,-70.291
36119.609,-70.291
36119.712,-70.291
36119.829,-70.291
36119.925,-70.291
36120.020,-70.291
36120.128,-70.291
36120.170,-70.291
36120.268,-70.291
36120.430,-70.291
36120.538,-70.291
36120.567,-70.291
36120.665,-70.291
36120.766,-70.291
36120.883,-70.291
36120.981,-70.291
36121.079,-70.291
36121.175,-70.291
36121.273,-70.291
36121.381,-70.291
36121.461,-70.291
36121.596,-70.291
36121.665,-70.291
36121.768,-70.291
36121.869,-70.291
36121.969,-70.291
36122.076,-70.291
36122.175,-70.291
36122.280,-70.291
36122.388,-70.291
36122.483,-70.291
36122.587,-70.291
36122.697,-70.291
36122.790,-70.291
36122.871,-70.291
36122.974,-70.291
36123.109,-70.291
36123.160,-70.291
36123.266,-70.291
36123.373,-70.291
36123.478,-70.291
36123.599,-70.291
36123.692,-70.291
36123.815,-70.291
36123.910,-70.291
36123.961,-70.291
36124.059,-70.291
36124.229,-70.291
36124.256,-70.291
36124.354,-70.291
36124.462,-70.291
36124.565,-70.291
36124.660,-70.291
36124.766,-70.291
36124.871,-70.291
36124.949,-70.291
36125.067,-70.291
36125.170,-70.291
36125.272,-70.291
36125.383,-70.291
36125.457,-70.291
36125.550,-70.291
36125.660,-70.291
36125.760,-70.291
36125.864,-70.291
36125.967,-70.291
36126.104,-70.291
36126.177,-70.291
36126.273,-70.291
36126.376,-70.291
36126.508,-70.291
36126.579,-70.291
36126.687,-70.291
36176.785,-70.291
36176.888,-70.291
36176.989,-70.291
36177.109,-70.291
36177.195,-70.291
36177.298,-70.291
36177.400,-70.291
36177.476,-70.291
36177.562,-70.291
36177.663,-70.291
36177.765,-70.291
36177.842,-70.291
36177.940,-70.291
36178.043,-70.291
36178.148,-70.291
36178.285,-70.291
36178.358,-70.291
36178.457,-70.291
36178.596,-70.291
36178.646,-70.291
36178.746,-70.291
36178.849,-70.291
36178.947,-70.291
36179.060,-70.291
36179.155,-70.291
36179.275,-70.291
36179.356,-70.291
36179.452,-70.291
36179.549,-70.291
36179.647,-70.291
36179.751,-70.291
36179.846,-70.291
36179.964,-70.291
36180.050,-70.291
36180.160,-70.291
36180.256,-70.291
36180.354,-70.291
36180.466,-70.291
36180.591,-70.291
36180.660,-70.291
36180.783,-70.291
36180.866,-70.291
36180.989,-70.291
36181.087,-70.291
36181.195,-70.291
36181.290,-70.291
36181.388,-70.291
36181.437,-70.291
36181.587,-70.291
36181.638,-70.291
36181.731,-70.291
36181.829,-70.291
36181.932,-70.291
36182.028,-70.291
36182.128,-70.291
36182.229,-70.291
36182.351,-70.291
36182.446,-70.291
36182.548,-70.291
36182.646,-70.291
36182.741,-70.291
36182.841,-70.291
36182.947,-70.291
36183.033,-70.291
36183.143,-70.291
36183.229,-70.291
36183.329,-70.291
36183.437,-70.291
36183.530,-70.291
36183.625,-70.291
36183.739,-70.291
36183.836,-70.291
36183.954,-70.291
36184.049,-70.291
36184.160,-70.291
36184.256,-70.291
36184.353,-70.291
36184.459,-70.291
36184.569,-70.291
36184.663,-70.291
36184.761,-70.291
36184.871,-70.291
36184.967,-70.291
36185.018,-70.291
36185.192,-70.291
36185.283,-70.291
36185.381,-70.291
36185.430,-70.291
36185.522,-70.291
36185.623,-70.291
36185.722,-70.291
36185.817,-70.291
36185.929,-70.291
36186.037,-70.291
36186.135,-70.291
36186.231,-70.291
36186.322,-70.291
36186.420,-70.291
36186.516,-70.291
36186.633,-70.291
36476.731,-70.291
36476.832,-70.291
36476.930,-70.291
36477.032,-70.291
36477.111,-70.291
36477.216,-70.291
36477.317,-70.291
36477.442,-70.291
36477.527,-70.291
36477.635,-70.291
36477.731,-70.291
36477.836,-70.291
36477.912,-70.291
36478.013,-70.291
36478.136,-70.291
36478.244,-70.291
36478.327,-70.291
36478.447,-70.291
36478.565,-70.291
36478.658,-70.291
36478.755,-70.291
36478.869,-70.291
36478.913,-70.291
36479.072,-70.291
36479.165,-70.291
36479.280,-70.291
36479.310,-70.291
36479.405,-70.291
36479.525,-70.291
36479.628,-70.291
36479.709,-70.291
36479.805,-70.291
36479.927,-70.291
36480.008,-70.291
36480.106,-70.291
36480.224,-70.291
36480.341,-70.291
36480.422,-70.291
36480.522,-70.291
36480.643,-70.291
36480.709,-70.291
36480.819,-70.291
36480.940,-70.291
36481.011,-70.291
36481.109,-70.291
36481.209,-70.291
36481.332,-70.291
36481.440,-70.291
36481.530,-70.291
36481.613,-70.291
36481.734,-70.291
36481.851,-70.291
36481.925,-70.291
36482.045,-70.291
36482.099,-70.291
36482.199,-70.291
36482.300,-70.291
36482.402,-70.291
36482.518,-70.291
36482.657,-70.291
36482.709,-70.291
36482.807,-70.291
36482.910,-70.291
36483.001,-70.291
36483.158,-70.291
36483.211,-70.291
36483.302,-70.291
36483.402,-70.291
36483.500,-70.291
36483.614,-70.291
36483.712,-70.291
36483.812,-70.291
36483.910,-70.291
36484.013,-70.291
36484.104,-70.291
36484.201,-70.291
36484.300,-70.291
36484.427,-70.291
36484.503,-70.291
36484.592,-70.291
36484.712,-70.291
36484.795,-70.291
36484.903,-70.291
36485.001,-70.291
36485.116,-70.291
36485.207,-70.291
36485.307,-70.291
36485.410,-70.291
36485.508,-70.291
36485.628,-70.291
36485.704,-70.291
36485.802,-70.291
36485.900,-70.291
36486.042,-70.291
36486.141,-70.291
36486.190,-70.291
36486.336,-70.291
36486.386,-70.291
36486.548,-70.291
36486.587,-70.291
36536.736,-70.291
36536.788,-70.291
36536.891,-70.291
36537.000,-70.291
36537.101,-70.291
36537.187,-70.291
36537.285,-70.291
36537.388,-70.291
36537.489,-70.291
36537.591,-70.291
36537.689,-70.291
36537.804,-70.291
36537.900,-70.291
36538.000,-70.291
36538.099,-70.291
36538.219,-70.291
36538.290,-70.291
36538.388,-70.291
36538.494,-70.291
36538.596,-70.291
36538.692,-70.291
36538.790,-70.291
36538.903,-70.291
36539.006,-70.291
36539.106,-70.291
36539.211,-70.291
36539.307,-70.291
36539.420,-70.291
36539.525,-70.291
36539.619,-70.291
36539.726,-70.291
36539.824,-70.291
36540.032,-70.291
36540.033,-70.291
36540.131,-70.291
36540.236,-70.291
36540.336,-70.291
36540.439,-70.291
36540.540,-70.291
36540.626,-70.291
36540.673,-70.291
36540.775,-70.291
36540.876,-70.291
36540.996,-70.291
36541.077,-70.291
36541.192,-70.291
36541.271,-70.291
36541.386,-70.291
36541.488,-70.291
36541.584,-70.291
36541.685,-70.291
36541.775,-70.291
36541.873,-70.291
36541.969,-70.291
36542.069,-70.291
36542.170,-70.291
36542.290,-70.291
36542.386,-70.291
36542.489,-70.291
36542.586,-70.291
36542.680,-70.291
36542.834,-70.291
36542.900,-70.291
36542.998,-70.291
36543.101,-70.291
36543.204,-70.291
36543.315,-70.291
36543.410,-70.291
36543.511,-70.291
36543.614,-70.291
36543.717,-70.291
36543.817,-70.291
36543.935,-70.291
36544.025,-70.291
36544.125,-70.291
36544.228,-70.291
36544.348,-70.291
36544.373,-70.291
36544.535,-70.291
36544.562,-70.291
36544.670,-70.291
36544.777,-70.291
36544.875,-70.291
36544.972,-70.291
36545.062,-70.291
36545.160,-70.291
36545.278,-70.291
36545.381,-70.291
36545.479,-70.291
36545.576,-70.291
36545.679,-70.291
36545.773,-70.291
36545.873,-70.291
36545.971,-70.291
36546.074,-70.291
36546.185,-70.291
36546.260,-70.291
36546.361,-70.291
36546.467,-70.291
36546.576,-70.291
36546.655,-70.291
36596.777,-70.291
36596.875,-70.291
36596.986,-70.291
36597.086,-70.291
36597.179,-70.291
36597.287,-70.291
36597.383,-70.291
36597.503,-70.291
36597.611,-70.291
36597.701,-70.291
36597.821,-70.291
36597.913,-70.291
36598.022,-70.291
36598.052,-70.291
36598.239,-70.291
36598.315,-70.291
36598.420,-70.291
36598.461,-70.291
36598.559,-70.291
36598.653,-70.291
36598.766,-70.291
36598.864,-70.291
36598.962,-70.291
36599.082,-70.291
36599.155,-70.291
36599.253,-70.291
36599.349,-70.291
36599.449,-70.291
36599.560,-70.291
36599.658,-70.291
36599.756,-70.291
36599.861,-70.291
36599.959,-70.291
36600.059,-70.291
36600.184,-70.291
36600.272,-70.291
36600.371,-70.291
36600.469,-70.291
36600.550,-70.291
36600.685,-70.291
36600.780,-70.291
36600.878,-70.291
36600.988,-70.291
36601.082,-70.291
36601.177,-70.291
36601.287,-70.291
36601.398,-70.291
36601.494,-70.291
36601.545,-70.291
36601.697,-70.291
36601.790,-70.291
36601.842,-70.291
36601.937,-70.291
36602.045,-70.291
36602.145,-70.291
36602.241,-70.291
36602.344,-70.291
36602.452,-70.291
36602.555,-70.291
36602.658,-70.291
36602.756,-70.291
36602.842,-70.291
36602.940,-70.291
36603.049,-70.291
36603.170,-70.291
36603.236,-70.291
36603.358,-70.291
36603.454,-70.291
36603.535,-70.291
36603.633,-70.291
36603.753,-70.291
36603.859,-70.291
36603.947,-70.291
36604.049,-70.291
36604.167,-70.291
36604.270,-70.291
36604.366,-70.291
36604.464,-70.291
36604.560,-70.291
36604.663,-70.291
36604.760,-70.291
36604.883,-70.291
36604.959,-70.291
36605.067,-70.291
36605.189,-70.291
36605.285,-70.291
36605.331,-70.291
36605.425,-70.291
36605.594,-70.291
36605.628,-70.291
36605.788,-70.291
36605.841,-70.291
36605.935,-70.291
36606.032,-70.291
36606.131,-70.291
36606.234,-70.291
36606.331,-70.291
36606.432,-70.291
36606.543,-70.291
36606.641,-70.291
36656.748,-70.291
36656.846,-70.291
36656.942,-70.291
36657.043,-70.291
36657.138,-70.291
36657.236,-70.291
36657.332,-70.291
36657.430,-70.291
36657.533,-70.291
36657.647,-70.291
36657.741,-70.291
36657.839,-70.291
36657.945,-70.291
36658.042,-70.291
36658.141,-70.291
36658.270,-70.291
36658.324,-70.291
36658.425,-70.291
36658.533,-70.291
36658.653,-70.291
36658.741,-70.291
36658.861,-70.291
36658.949,-70.291
36659.074,-70.291
36659.170,-70.291
36659.224,-70.291
36659.315,-70.291
36659.420,-70.291
36659.516,-70.291
36659.682,-70.291
36659.783,-70.291
36659.834,-70.291
36659.929,-70.291
36660.027,-70.291
36660.130,-70.291
36660.226,-70.291
36660.327,-70.291
36660.427,-70.291
36660.518,-70.291
36660.614,-70.291
36660.734,-70.291
36660.842,-70.291
36660.952,-70.291
36661.025,-70.291
36661.121,-70.291
36661.212,-70.291
36661.324,-70.291
36661.422,-70.291
36661.542,-70.291
36661.621,-70.291
36661.741,-70.291
36661.837,-70.291
36661.945,-70.291
36662.030,-70.291
36662.150,-70.291
36662.246,-70.291
36662.354,-70.291
36662.412,-70.291
36662.522,-70.291
36662.623,-70.291
36662.729,-70.291
36662.805,-70.291
36662.905,-70.291
36663.008,-70.291
36663.165,-70.291
36663.251,-70.291
36663.305,-70.291
36663.483,-70.291
36663.511,-70.291
36663.606,-70.291
36663.704,-70.291
36663.805,-70.291
36663.907,-70.291
36664.003,-70.291
36664.125,-70.291
36664.221,-70.291
36664.317,-70.291
36664.420,-70.291
36664.516,-70.291
36664.606,-70.291
36664.701,-70.291
36664.800,-70.291
36664.946,-70.291
36665.018,-70.291
36665.114,-70.291
36665.212,-70.291
36665.320,-70.291
36665.415,-70.291
36665.535,-70.291
36665.619,-70.291
36665.733,-70.291
36665.832,-70.291
36665.922,-70.291
36666.030,-70.291
36666.126,-70.291
36666.246,-70.291
36666.378,-70.291
36666.449,-70.291
36666.508,-70.291
36666.618,-70.291
36666.695,-70.291
36716.821,-70.291
36716.898,-70.291
36717.032,-70.291
36717.092,-70.291
36717.204,-70.291
36717.314,-70.291
36717.420,-70.291
36717.505,-70.291
36717.591,-70.291
36717.697,-70.291
36717.795,-70.291
36717.903,-70.291
36718.003,-70.291
36718.106,-70.291
36718.190,-70.291
36718.295,-70.291
36718.393,-70.291
36718.489,-70.291
36718.604,-70.291
36718.699,-70.291
36718.798,-70.291
36718.891,-70.291
36718.994,-70.291
36719.111,-70.291
36719.209,-70.291
36719.293,-70.291
36719.403,-70.291
36719.523,-70.291
36719.619,-70.291
36719.731,-70.291
36719.827,-70.291
36719.925,-70.291
36720.028,-70.291
36720.140,-70.291
36720.236,-70.291
36720.332,-70.291
36720.440,-70.291
36720.493,-70.291
36720.646,-70.291
36720.765,-70.291
36720.783,-70.291
36720.947,-70.291
36721.045,-70.291
36721.098,-70.291
36721.192,-70.291
36721.288,-70.291
36721.383,-70.291
36721.500,-70.291
36721.603,-70.291
36721.699,-70.291
36721.795,-70.291
36721.890,-70.291
36721.989,-70.291
36722.084,-70.291
36722.187,-70.291
36722.278,-70.291
36722.381,-70.291
36722.479,-70.291
36722.601,-70.291
36722.690,-70.291
36722.787,-70.291
36722.876,-70.291
36722.988,-70.291
36723.108,-70.291
36723.207,-70.291
36723.336,-70.291
36723.398,-70.291
36723.518,-70.291
36723.614,-70.291
36723.704,-70.291
36723.817,-70.291
36723.915,-70.291
36724.013,-70.291
36724.072,-70.291
36724.234,-70.291
36724.329,-70.291
36724.439,-70.291
36724.533,-70.291
36724.631,-70.291
36724.684,-70.291
36724.775,-70.291
36724.875,-70.291
36724.974,-70.291
36725.070,-70.291
36725.175,-70.291
36725.292,-70.291
36725.386,-70.291
36725.484,-70.291
36725.587,-70.291
36725.674,-70.291
36725.770,-70.291
36725.871,-70.291
36725.981,-70.291
36726.084,-70.291
36726.165,-70.291
36726.275,-70.291
36726.378,-70.291
36726.474,-70.291
36726.582,-70.291
36726.684,-70.291
36776.782,-70.291
36776.878,-70.291
36777.011,-70.291
36777.101,-70.291
36777.197,-70.291
36777.295,-70.291
36777.390,-70.291
36777.518,-70.291
36777.616,-70.291
36777.714,-70.291
36777.815,-70.291
36777.912,-70.291
36777.964,-70.291
36778.114,-70.291
36778.163,-70.291
36778.326,-70.291
36778.425,-70.291
36778.525,-70.291
36778.577,-70.291
36778.668,-70.291
36778.766,-70.291
36778.873,-70.291
36778.974,-70.291
36779.071,-70.291
36779.170,-70.291
36779.258,-70.291
36779.378,-70.291
36779.456,-70.291
36779.584,-70.291
36779.672,-70.291
36779.766,-70.291
36779.863,-70.291
36779.959,-70.291
36780.062,-70.291
36780.160,-70.291
36780.261,-70.291
36780.364,-70.291
36780.462,-70.291
36780.565,-70.291
36780.685,-70.291
36780.773,-70.291
36780.856,-70.291
36780.956,-70.291
36781.098,-70.291
36781.160,-70.291
36781.261,-70.291
36781.369,-70.291
36781.491,-70.291
36781.576,-70.291
36781.699,-70.291
36781.790,-70.291
36781.856,-70.291
36782.006,-70.291
36782.059,-70.291
36782.157,-70.291
36782.255,-70.291
36782.354,-70.291
36782.449,-70.291
36782.548,-70.291
36782.648,-70.291
36782.748,-70.291
36782.844,-70.291
36782.959,-70.291
36783.062,-70.291
36783.160,-70.291
36783.260,-70.291
36783.348,-70.291
36783.445,-70.291
36783.543,-70.291
36783.650,-70.291
36783.746,-70.291
36783.864,-70.291
36783.962,-70.291
36784.062,-70.291
36784.158,-70.291
36784.260,-70.291
36784.363,-70.291
36784.476,-70.291
36784.569,-70.291
36784.665,-70.291
36784.773,-70.291
36784.893,-70.291
36784.989,-70.291
36785.098,-70.291
36785.187,-70.291
36785.282,-70.291
36785.376,-70.291
36785.479,-70.291
36785.601,-70.291
36785.697,-70.291
36785.793,-70.291
36785.900,-70.291
36785.962,-70.291
36786.040,-70.291
36786.150,-70.291
36786.246,-70.291
36786.349,-70.291
36786.451,-70.291
36786.611,-70.291
36786.638,-70.291
37076.743,-70.291
37076.851,-70.291
37076.935,-70.291
37077.050,-70.291
37077.153,-70.291
37077.246,-70.291
37077.347,-70.291
37077.442,-70.291
37077.540,-70.291
37077.635,-70.291
37077.741,-70.291
37077.841,-70.291
37077.937,-70.291
37078.035,-70.291
37078.143,-70.291
37078.263,-70.291
37078.361,-70.291
37078.496,-70.291
37078.569,-70.291
37078.663,-70.291
37078.773,-70.291
37078.864,-70.291
37078.962,-70.291
37079.082,-70.291
37079.182,-70.291
37079.280,-70.291
37079.376,-70.291
37079.427,-70.291
37079.532,-70.291
37079.690,-70.291
37079.788,-70.291
37079.839,-70.291
37079.957,-70.291
37080.033,-70.291
37080.135,-70.291
37080.243,-70.291
37080.324,-70.291
37080.427,-70.291
37080.525,-70.291
37080.631,-70.291
37080.729,-70.291
37080.839,-70.291
37080.937,-70.291
37081.043,-70.291
37081.143,-70.291
37081.243,-70.291
37081.344,-70.291
37081.432,-70.291
37081.530,-70.291
37081.623,-70.291
37081.726,-70.291
37081.844,-70.291
37081.944,-70.291
37082.043,-70.291
37082.148,-70.291
37082.265,-70.291
37082.364,-70.291
37082.452,-70.291
37082.560,-70.291
37082.657,-70.291
37082.778,-70.291
37082.863,-70.291
37082.966,-70.291
37083.040,-70.291
37083.180,-70.291
37083.263,-70.291
37083.383,-70.291
37083.479,-70.291
37083.570,-70.291
37083.621,-70.291
37083.717,-70.291
37083.883,-70.291
37083.917,-70.291
37084.028,-70.291
37084.126,-70.291
37084.223,-70.291
37084.334,-70.291
37084.432,-70.291
37084.535,-70.291
37084.653,-70.291
37084.724,-70.291
37084.826,-70.291
37084.927,-70.291
37085.018,-70.291
37085.131,-70.291
37085.214,-70.291
37085.314,-70.291
37085.430,-70.291
37085.521,-70.291
37085.630,-70.291
37085.726,-70.291
37085.824,-70.291
37085.945,-70.291
37086.052,-70.291
37086.138,-70.291
37086.233,-70.291
37086.354,-70.291
37086.452,-70.291
37086.559,-70.291
37086.653,-70.291
37136.751,-70.291
37136.856,-70.291
37136.924,-70.291
37137.008,-70.291
37137.173,-70.291
37137.268,-70.291
37137.364,-70.291
37137.418,-70.291
37137.510,-70.291
37137.616,-70.291
37137.712,-70.291
37137.807,-70.291
37137.930,-70.291
37138.006,-70.291
37138.106,-70.291
37138.202,-70.291
37138.327,-70.291
37138.408,-70.291
37138.506,-70.291
37138.623,-70.291
37138.717,-70.291
37138.837,-70.291
37138.910,-70.291
37139.023,-70.291
37139.101,-70.291
37139.219,-70.291
37139.315,-70.291
37139.430,-70.291
37139.508,-70.291
37139.631,-70.291
37139.721,-70.291
37139.864,-70.291
37139.920,-70.291
37140.003,-70.291
37140.111,-70.291
37140.234,-70.291
37140.315,-70.291
37140.437,-70.291
37140.542,-70.291
37140.643,-70.291
37140.694,-70.291
37140.798,-70.291
37140.900,-70.291
37141.052,-70.291
37141.131,-70.291
37141.206,-70.291
37141.361,-70.291
37141.410,-70.291
37141.503,-70.291
37141.592,-70.291
37141.702,-70.291
37141.799,-70.291
37141.896,-70.291
37142.003,-70.291
37142.111,-70.291
37142.212,-70.291
37142.310,-70.291
37142.393,-70.291
37142.513,-70.291
37142.609,-70.291
37142.707,-70.291
37142.807,-70.291
37142.905,-70.291
37143.001,-70.291
37143.104,-70.291
37143.216,-70.291
37143.312,-70.291
37143.407,-70.291
37143.516,-70.291
37143.613,-70.291
37143.707,-70.291
37143.839,-70.291
37143.930,-70.291
37144.027,-70.291
37144.123,-70.291
37144.231,-70.291
37144.344,-70.291
37144.445,-70.291
37144.540,-70.291
37144.643,-70.291
37144.739,-70.291
37144.792,-70.291
37144.881,-70.291
37144.991,-70.291
37145.089,-70.291
37145.192,-70.291
37145.354,-70.291
37145.405,-70.291
37145.496,-70.291
37145.598,-70.291
37145.701,-70.291
37145.782,-70.291
37145.881,-70.291
37146.011,-70.291
37146.087,-70.291
37146.197,-70.291
37146.297,-70.291
37146.413,-70.291
37146.479,-70.291
37146.582,-70.291
37146.682,-70.291
37196.788,-70.291
37196.891,-70.291
37196.989,-70.291
37197.077,-70.291
37197.180,-70.291
37197.304,-70.291
37197.400,-70.291
37197.515,-70.291
37197.603,-70.291
37197.723,-70.291
37197.820,-70.291
37197.927,-70.291
37198.022,-70.291
37198.119,-70.291
37198.219,-70.291
37198.273,-70.291
37198.434,-70.291
37198.530,-70.291
37198.616,-70.291
37198.682,-70.291
37198.775,-70.291
37198.873,-70.291
37198.986,-70.291
37199.084,-70.291
37199.180,-70.291
37199.282,-70.291
37199.380,-70.291
37199.478,-70.291
37199.574,-70.291
37199.679,-70.291
37199.788,-70.291
37199.869,-70.291
37199.989,-70.291
37200.087,-70.291
37200.182,-70.291
37200.285,-70.291
37200.388,-70.291
37200.478,-70.291
37200.570,-70.291
37200.673,-70.291
37200.783,-70.291
37200.881,-70.291
37200.964,-70.291
37201.086,-70.291
37201.190,-70.291
37201.300,-70.291
37201.396,-70.291
37201.491,-70.291
37201.604,-70.291
37201.699,-70.291
37201.797,-70.291
37201.925,-70.291
37202.015,-70.291
37202.067,-70.291
37202.223,-70.291
37202.312,-70.291
37202.363,-70.291
37202.527,-70.291
37202.625,-70.291
37202.660,-70.291
37202.766,-70.291
37202.864,-70.291
37202.964,-70.291
37203.074,-70.291
37203.172,-70.291
37203.266,-70.291
37203.366,-70.291
37203.459,-70.291
37203.559,-70.291
37203.680,-70.291
37203.761,-70.291
37203.875,-70.291
37203.978,-70.291
37204.097,-70.291
37204.173,-70.291
37204.270,-70.291
37204.356,-70.291
37204.496,-70.291
37204.562,-70.291
37204.665,-70.291
37204.768,-70.291
37204.863,-70.291
37204.974,-70.291
37205.074,-70.291
37205.153,-70.291
37205.260,-70.291
37205.366,-70.291
37205.486,-70.291
37205.574,-70.291
37205.677,-70.291
37205.800,-70.291
37205.903,-70.291
37206.011,-70.291
37206.108,-70.291
37206.206,-70.291
37206.258,-70.291
37206.359,-70.291
37206.452,-70.291
37206.550,-70.291
37206.701,-70.291
37256.771,-70.291
37256.866,-70.291
37256.962,-70.291
37257.070,-70.291
37257.167,-70.291
37257.263,-70.291
37257.369,-70.291
37257.472,-70.291
37257.582,-70.291
37257.680,-70.291
37257.744,-70.291
37257.864,-70.291
37257.952,-70.291
37258.048,-70.291
37258.152,-70.291
37258.251,-70.291
37258.364,-70.291
37258.462,-70.291
37258.545,-70.291
37258.670,-70.291
37258.768,-70.291
37258.854,-70.291
37258.986,-70.291
37259.082,-70.291
37259.179,-70.291
37259.273,-70.291
37259.380,-70.291
37259.501,-70.291
37259.594,-70.291
37259.682,-70.291
37259.790,-70.291
37259.844,-70.291
37260.003,-70.291
37260.045,-70.291
37260.143,-70.291
37260.239,-70.291
37260.412,-70.291
37260.457,-70.291
37260.549,-70.291
37260.647,-70.291
37260.748,-70.291
37260.848,-70.291
37260.942,-70.291
37261.045,-70.291
37261.148,-70.291
37261.244,-70.291
37261.341,-70.291
37261.442,-70.291
37261.549,-70.291
37261.645,-70.291
37261.743,-70.291
37261.839,-70.291
37261.952,-70.291
37262.049,-70.291
37262.150,-70.291
37262.251,-70.291
37262.363,-70.291
37262.459,-70.291
37262.557,-70.291
37262.660,-70.291
37262.778,-70.291
37262.875,-70.291
37262.984,-70.291
37263.074,-70.291
37263.172,-70.291
37263.266,-70.291
37263.369,-70.291
37263.491,-70.291
37263.589,-70.291
37263.685,-70.291
37263.788,-70.291
37263.891,-70.291
37263.986,-70.291
37264.038,-70.291
37264.135,-70.291
37264.236,-70.291
37264.337,-70.291
37264.474,-70.291
37264.550,-70.291
37264.631,-70.291
37264.728,-70.291
37264.846,-70.291
37264.942,-70.291
37265.038,-70.291
37265.135,-70.291
37265.234,-70.291
37265.329,-70.291
37265.427,-70.291
37265.626,-70.291
37265.630,-70.291
37265.724,-70.291
37265.846,-70.291
37265.924,-70.291
37266.030,-70.291
37266.150,-70.291
37266.246,-70.291
37266.337,-70.291
37266.459,-70.291
37266.554,-70.291
37266.660,-70.291
37316.748,-70.291
37316.871,-70.291
37316.967,-70.291
37317.072,-70.291
37317.167,-70.291
37317.231,-70.291
37317.337,-70.291
37317.418,-70.291
37317.547,-70.291
37317.621,-70.291
37317.724,-70.291
37317.878,-70.291
37317.929,-70.291
37318.035,-70.291
37318.130,-70.291
37318.229,-70.291
37318.326,-70.291
37318.422,-70.291
37318.523,-70.291
37318.621,-70.291
37318.717,-70.291
37318.839,-70.291
37318.934,-70.291
37319.030,-70.291
37319.126,-70.291
37319.231,-70.291
37319.322,-70.291
37319.422,-70.291
37319.516,-70.291
37319.616,-70.291
37319.734,-70.291
37319.832,-70.291
37319.930,-70.291
37320.037,-70.291
37320.133,-70.291
37320.234,-70.291
37320.334,-70.291
37320.434,-70.291
37320.511,-70.291
37320.614,-70.291
37320.746,-70.291
37320.822,-70.291
37320.924,-70.291
37321.027,-70.291
37321.135,-70.291
37321.212,-70.291
37321.310,-70.291
37321.408,-70.291
37321.506,-70.291
37321.616,-70.291
37321.719,-70.291
37321.805,-70.291
37321.907,-70.291
37322.008,-70.291
37322.109,-70.291
37322.207,-70.291
37322.304,-70.291
37322.425,-70.291
37322.540,-70.291
37322.611,-70.291
37322.802,-70.291
37322.802,-70.291
37322.908,-70.291
37323.016,-70.291
37323.114,-70.291
37323.207,-70.291
37323.317,-70.291
37323.417,-70.291
37323.513,-70.291
37323.608,-70.291
37323.709,-70.291
37323.831,-70.291
37323.927,-70.291
37324.010,-70.291
37324.143,-70.291
37324.241,-70.291
37324.337,-70.291
37324.446,-70.291
37324.498,-70.291
37324.601,-70.291
37324.702,-70.291
37324.836,-70.291
37324.912,-70.291
37325.015,-70.291
37325.155,-70.291
37325.224,-70.291
37325.300,-70.291
37325.407,-70.291
37325.503,-70.291
37325.660,-70.291
37325.711,-70.291
37325.802,-70.291
37325.908,-70.291
37326.003,-70.291
37326.125,-70.291
37326.214,-70.291
37326.298,-70.291
37326.396,-70.291
37326.493,-70.291
37326.606,-70.291
37326.704,-70.291
37376.800,-70.291
37376.893,-70.291
37376.994,-70.291
37377.091,-70.291
37377.209,-70.291
37377.319,-70.291
37377.397,-70.291
37377.516,-70.291
37377.613,-70.291
37377.706,-70.291
37377.826,-70.291
37377.924,-70.291
37378.016,-70.291
37378.121,-70.291
37378.216,-70.291
37378.339,-70.291
37378.430,-70.291
37378.532,-70.291
37378.626,-70.291
37378.702,-70.291
37378.788,-70.291
37378.912,-70.291
37378.989,-70.291
37379.087,-70.291
37379.212,-70.291
37379.295,-70.291
37379.390,-70.291
37379.494,-70.291
37379.592,-70.291
37379.684,-70.291
37379.780,-70.291
37379.888,-70.291
37380.016,-70.291
37380.168,-70.291
37380.196,-70.291
37380.280,-70.291
37380.400,-70.291
37380.498,-70.291
37380.626,-70.291
37380.699,-70.291
37380.790,-70.291
37380.888,-70.291
37380.993,-70.291
37381.097,-70.291
37381.192,-70.291
37381.278,-70.291
37381.380,-70.291
37381.503,-70.291
37381.599,-70.291
37381.729,-70.291
37381.817,-70.291
37381.913,-70.291
37382.013,-70.291
37382.109,-70.291
37382.209,-70.291
37382.329,-70.291
37382.427,-70.291
37382.530,-70.291
37382.631,-70.291
37382.726,-70.291
37382.782,-70.291
37382.878,-70.291
37382.976,-70.291
37383.140,-70.291
37383.241,-70.291
37383.271,-70.291
37383.395,-70.291
37383.488,-70.291
37383.587,-70.291
37383.685,-70.291
37383.790,-70.291
37383.886,-70.291
37383.974,-70.291
37384.071,-70.291
37384.192,-70.291
37384.300,-70.291
37384.385,-70.291
37384.481,-70.291
37384.581,-70.291
37384.675,-70.291
37384.782,-70.291
37384.878,-70.291
37384.974,-70.291
37385.077,-70.291
37385.196,-70.291
37385.293,-70.291
37385.403,-70.291
37385.494,-70.291
37385.596,-70.291
37385.672,-70.291
37385.814,-70.291
37385.869,-70.291
37385.979,-70.291
37386.087,-70.291
37386.195,-70.291
37386.315,-70.291
37386.366,-70.291
37386.503,-70.291
37386.570,-70.291
37386.672,-70.291
37676.763,-70.291
37676.871,-70.291
37676.972,-70.291
37677.067,-70.291
37677.165,-70.291
37677.266,-70.291
37677.371,-70.291
37677.466,-70.291
37677.562,-70.291
37677.675,-70.291
37677.772,-70.291
37677.875,-70.291
37677.974,-70.291
37678.064,-70.291
37678.162,-70.291
37678.258,-70.291
37678.378,-70.291
37678.474,-70.291
37678.572,-70.291
37678.670,-70.291
37678.778,-70.291
37678.871,-70.291
37678.969,-70.291
37679.079,-70.291
37679.190,-70.291
37679.285,-70.291
37679.386,-70.291
37679.489,-70.291
37679.582,-70.291
37679.702,-70.291
37679.812,-70.291
37679.893,-70.291
37680.011,-70.291
37680.106,-70.291
37680.197,-70.291
37680.317,-70.291
37680.413,-70.291
37680.462,-70.291
37680.618,-70.291
37680.675,-70.291
37680.760,-70.291
37680.859,-70.291
37680.967,-70.291
37681.070,-70.291
37681.150,-70.291
37681.251,-70.291
37681.349,-70.291
37681.454,-70.291
37681.555,-70.291
37681.650,-70.291
37681.768,-70.291
37681.866,-70.291
37681.954,-70.291
37682.057,-70.291
37682.155,-70.291
37682.251,-70.291
37682.386,-70.291
37682.474,-70.291
37682.554,-70.291
37682.674,-70.291
37682.766,-70.291
37682.864,-70.291
37682.988,-70.291
37683.081,-70.291
37683.190,-70.291
37683.297,-70.291
37683.386,-70.291
37683.488,-70.291
37683.597,-70.291
37683.697,-70.291
37683.795,-70.291
37683.898,-70.291
37683.994,-70.291
37684.045,-70.291
37684.223,-70.291
37684.239,-70.291
37684.405,-70.291
37684.501,-70.291
37684.554,-70.291
37684.660,-70.291
37684.751,-70.291
37684.849,-70.291
37684.957,-70.291
37685.038,-70.291
37685.158,-70.291
37685.263,-70.291
37685.349,-70.291
37685.447,-70.291
37685.550,-70.291
37685.648,-70.291
37685.736,-70.291
37685.856,-70.291
37685.937,-70.291
37686.060,-70.291
37686.147,-70.291
37686.244,-70.291
37686.351,-70.291
37686.442,-70.291
37686.555,-70.291
37686.640,-70.291
37736.758,-70.291
37736.864,-70.291
37736.962,-70.291
37737.059,-70.291
37737.163,-70.291
37737.275,-70.291
37737.373,-70.291
37737.469,-70.291
37737.574,-70.291
37737.696,-70.291
37737.793,-70.291
37737.898,-70.291
37737.937,-70.291
37738.028,-70.291
37738.128,-70.291
37738.231,-70.291
37738.334,-70.291
37738.430,-70.291
37738.530,-70.291
37738.631,-70.291
37738.748,-70.291
37738.844,-70.291
37738.940,-70.291
37739.045,-70.291
37739.141,-70.291
37739.231,-70.291
37739.329,-70.291
37739.437,-70.291
37739.535,-70.291
37739.630,-70.291
37739.734,-70.291
37739.824,-70.291
37739.944,-70.291
37740.040,-70.291
37740.147,-70.291
37740.244,-70.291
37740.339,-70.291
37740.471,-70.291
37740.560,-70.291
37740.638,-70.291
37740.744,-70.291
37740.837,-70.291
37740.930,-70.291
37741.028,-70.291
37741.128,-70.291
37741.244,-70.291
37741.364,-70.291
37741.456,-70.291
37741.579,-70.291
37741.687,-70.291
37741.783,-70.291
37741.878,-70.291
37741.984,-70.291
37742.082,-70.291
37742.133,-70.291
37742.226,-70.291
37742.332,-70.291
37742.430,-70.291
37742.533,-70.291
37742.628,-70.291
37742.719,-70.291
37742.815,-70.291
37742.937,-70.291
37743.043,-70.291
37743.128,-70.291
37743.223,-70.291
37743.321,-70.291
37743.457,-70.291
37743.530,-70.291
37743.628,-70.291
37743.724,-70.291
37743.822,-70.291
37743.918,-70.291
37744.042,-70.291
37744.146,-70.291
37744.234,-70.291
37744.332,-70.291
37744.432,-70.291
37744.582,-70.291
37744.653,-70.291
37744.709,-70.291
37744.812,-70.291
37744.920,-70.291
37745.028,-70.291
37745.131,-70.291
37745.251,-70.291
37745.339,-70.291
37745.462,-70.291
37745.511,-70.291
37745.616,-70.291
37745.712,-70.291
37745.812,-70.291
37745.907,-70.291
37746.006,-70.291
37746.128,-70.291
37746.219,-70.291
37746.317,-70.291
37746.418,-70.291
37746.523,-70.291
37746.619,-70.291
37796.719,-70.291
37796.807,-70.291
37796.903,-70.291
37797.023,-70.291
37797.109,-70.291
37797.207,-70.291
37797.305,-70.291
37797.425,-70.291
37797.523,-70.291
37797.621,-70.291
37797.717,-70.291
37797.819,-70.291
37797.918,-70.291
37798.018,-70.291
37798.126,-70.291
37798.233,-70.291
37798.300,-70.291
37798.403,-70.291
37798.508,-70.291
37798.608,-70.291
37798.717,-70.291
37798.819,-70.291
37798.967,-70.291
37799.015,-70.291
37799.135,-70.291
37799.260,-70.291
37799.358,-70.291
37799.454,-70.291
37799.505,-70.291
37799.598,-70.291
37799.778,-70.291
37799.807,-70.291
37799.902,-70.291
37800.000,-70.291
37800.113,-70.291
37800.209,-70.291
37800.305,-70.291
37800.393,-70.291
37800.508,-70.291
37800.608,-70.291
37800.707,-70.291
37800.804,-70.291
37800.902,-70.291
37800.996,-70.291
37801.094,-70.291
37801.199,-70.291
37801.297,-70.291
37801.415,-70.291
37801.496,-70.291
37801.609,-70.291
37801.706,-70.291
37801.827,-70.291
37801.908,-70.291
37802.028,-70.291
37802.125,-70.291
37802.229,-70.291
37802.304,-70.291
37802.418,-70.291
37802.538,-70.291
37802.643,-70.291
37802.692,-70.291
37802.800,-70.291
37802.903,-70.291
37802.989,-70.291
37803.111,-70.291
37803.187,-70.291
37803.290,-70.291
37803.449,-70.291
37803.500,-70.291
37803.604,-70.291
37803.699,-70.291
37803.788,-70.291
37803.885,-70.291
37803.983,-70.291
37804.091,-70.291
37804.187,-70.291
37804.302,-70.291
37804.400,-70.291
37804.479,-70.291
37804.599,-70.291
37804.696,-70.291
37804.802,-70.291
37804.891,-70.291
37804.993,-70.291
37805.089,-70.291
37805.184,-70.291
37805.304,-70.291
37805.402,-70.291
37805.498,-70.291
37805.606,-70.291
37805.707,-70.291
37805.798,-70.291
37805.907,-70.291
37806.018,-70.291
37806.116,-70.291
37806.214,-70.291
37806.317,-70.291
37806.410,-70.291
37806.533,-70.291
37806.641,-70.291
37856.731,-70.291
37856.834,-70.291
37856.932,-70.291
37856.983,-70.291
37857.079,-70.291
37857.177,-70.291
37857.275,-70.291
37857.375,-70.291
37857.484,-70.291
37857.582,-70.291
37857.680,-70.291
37857.792,-70.291
37857.888,-70.291
37857.986,-70.291
37858.111,-70.291
37858.179,-70.291
37858.280,-70.291
37858.386,-70.291
37858.478,-70.291
37858.591,-70.291
37858.679,-70.291
37858.775,-70.291
37858.888,-70.291
37858.984,-70.291
37859.079,-70.291
37859.190,-70.291
37859.283,-70.291
37859.402,-70.291
37859.498,-70.291
37859.579,-70.291
37859.714,-70.291
37859.810,-70.291
37859.903,-70.291
37860.018,-70.291
37860.114,-70.291
37860.214,-70.291
37860.315,-70.291
37860.425,-70.291
37860.525,-70.291
37860.621,-70.291
37860.728,-70.291
37860.827,-70.291
37860.923,-70.291
37860.976,-70.291
37861.074,-70.291
37861.170,-70.291
37861.266,-70.291
37861.364,-70.291
37861.476,-70.291
37861.579,-70.291
37861.679,-70.291
37861.785,-70.291
37861.866,-70.291
37861.967,-70.291
37862.062,-70.291
37862.180,-70.291
37862.275,-70.291
37862.400,-70.291
37862.464,-70.291
37862.564,-70.291
37862.663,-70.291
37862.768,-70.291
37862.913,-70.291
37862.974,-70.291
37863.077,-70.291
37863.153,-70.291
37863.280,-70.291
37863.363,-70.291
37863.486,-70.291
37863.591,-70.291
37863.692,-70.291
37863.785,-70.291
37863.908,-70.291
37863.991,-70.291
37864.103,-70.291
37864.197,-70.291
37864.250,-70.291
37864.402,-70.291
37864.456,-70.291
37864.616,-70.291
37864.726,-70.291
37864.766,-70.291
37864.859,-70.291
37864.957,-70.291
37865.052,-70.291
37865.160,-70.291
37865.261,-70.291
37865.356,-70.291
37865.459,-70.291
37865.552,-70.291
37865.648,-70.291
37865.770,-70.291
37865.858,-70.291
37865.952,-70.291
37866.052,-70.291
37866.170,-70.291
37866.288,-70.291
37866.361,-70.291
37866.459,-70.291
37866.562,-70.291
37866.674,-70.291
37916.772,-70.291
37916.869,-70.291
37916.974,-70.291
37917.062,-70.291
37917.143,-70.291
37917.251,-70.291
37917.368,-70.291
37917.479,-70.291
37917.582,-70.291
37917.665,-70.291
37917.799,-70.291
37917.893,-70.291
37917.991,-70.291
37918.101,-70.291
37918.199,-70.291
37918.297,-70.291
37918.349,-70.291
37918.452,-70.291
37918.543,-70.291
37918.643,-70.291
37918.812,-70.291
37918.846,-70.291
37918.942,-70.291
37919.038,-70.291
37919.160,-70.291
37919.261,-70.291
37919.356,-70.291
37919.454,-70.291
37919.543,-70.291
37919.641,-70.291
37919.739,-70.291
37919.834,-70.291
37919.940,-70.291
37920.038,-70.291
37920.158,-70.291
37920.239,-70.291
37920.351,-70.291
37920.449,-70.291
37920.552,-70.291
37920.650,-70.291
37920.748,-70.291
37920.869,-70.291
37920.973,-70.291
37921.064,-70.291
37921.160,-70.291
37921.258,-70.291
37921.386,-70.291
37921.481,-70.291
37921.577,-70.291
37921.633,-70.291
37921.736,-70.291
37921.846,-70.291
37921.949,-70.291
37922.049,-70.291
37922.150,-70.291
37922.253,-70.291
37922.341,-70.291
37922.442,-70.291
37922.576,-70.291
37922.625,-70.291
37922.726,-70.291
37922.903,-70.291
37922.930,-70.291
37923.038,-70.291
37923.138,-70.291
37923.244,-70.291
37923.342,-70.291
37923.437,-70.291
37923.545,-70.291
37923.633,-70.291
37923.731,-70.291
37923.824,-70.291
37923.935,-70.291
37924.035,-70.291
37924.130,-70.291
37924.251,-70.291
37924.349,-70.291
37924.447,-70.291
37924.543,-70.291
37924.650,-70.291
37924.761,-70.291
37924.859,-70.291
37924.952,-70.291
37925.060,-70.291
37925.157,-70.291
37925.278,-70.291
37925.407,-70.291
37925.481,-70.291
37925.579,-70.291
37925.674,-70.291
37925.766,-70.291
37925.817,-70.291
37925.920,-70.291
37926.022,-70.291
37926.119,-70.291
37926.263,-70.291
37926.315,-70.291
37926.486,-70.291
37926.528,-70.291
37926.616,-70.291
37976.726,-70.291
37976.824,-70.291
37976.920,-70.291
37977.016,-70.291
37977.114,-70.291
37977.222,-70.291
37977.334,-70.291
37977.432,-70.291
37977.530,-70.291
37977.633,-70.291
37977.729,-70.291
37977.826,-70.291
37977.924,-70.291
37978.025,-70.291
37978.121,-70.291
37978.241,-70.291
37978.329,-70.291
37978.437,-70.291
37978.530,-70.291
37978.652,-70.291
37978.736,-70.291
37978.856,-70.291
37978.949,-70.291
37979.059,-70.291
37979.146,-70.291
37979.265,-70.291
37979.364,-70.291
37979.471,-70.291
37979.565,-70.291
37979.663,-70.291
37979.714,-70.291
37979.819,-70.291
37979.910,-70.291
37980.008,-70.291
37980.104,-70.291
37980.209,-70.291
37980.319,-70.291
37980.415,-70.291
37980.528,-70.291
37980.604,-70.291
37980.707,-70.291
37980.805,-70.291
37980.918,-70.291
37981.011,-70.291
37981.118,-70.291
37981.221,-70.291
37981.304,-70.291
37981.402,-70.291
37981.516,-70.291
37981.631,-70.291
37981.717,-70.291
37981.817,-70.291
37981.913,-70.291
37982.011,-70.291
37982.111,-70.291
37982.233,-70.291
37982.329,-70.291
37982.435,-70.291
37982.528,-70.291
37982.648,-70.291
37982.736,-70.291
37982.847,-70.291
37982.947,-70.291
37983.040,-70.291
37983.146,-70.291
37983.197,-70.291
37983.361,-70.291
37983.493,-70.291
37983.496,-70.291
37983.596,-70.291
37983.694,-70.291
37983.798,-70.291
37983.903,-70.291
37984.001,-70.291
37984.096,-70.291
37984.204,-70.291
37984.312,-70.291
37984.410,-70.291
37984.508,-70.291
37984.597,-70.291
37984.699,-70.291
37984.795,-70.291
37984.937,-70.291
37985.008,-70.291
37985.111,-70.291
37985.212,-70.291
37985.305,-70.291
37985.402,-70.291
37985.503,-70.291
37985.604,-70.291
37985.717,-70.291
37985.790,-70.291
37985.910,-70.291
37985.986,-70.291
37986.106,-70.291
37986.223,-70.291
37986.321,-70.291
37986.408,-70.291
37986.542,-70.291
37986.636,-70.291
38276.734,-70.291
38276.846,-70.291
38276.940,-70.291
38277.038,-70.291
38277.091,-70.291
38277.239,-70.291
38277.290,-70.291
38277.388,-70.291
38277.486,-70.291
38277.594,-70.291
38277.690,-70.291
38277.792,-70.291
38277.905,-70.291
38277.998,-70.291
38278.096,-70.291
38278.192,-70.291
38278.307,-70.291
38278.380,-70.291
38278.500,-70.291
38278.614,-70.291
38278.697,-70.291
38278.783,-70.291
38278.878,-70.291
38278.981,-70.291
38279.092,-70.291
38279.180,-70.291
38279.275,-70.291
38279.393,-70.291
38279.488,-70.291
38279.591,-70.291
38279.692,-70.291
38279.798,-70.291
38279.873,-70.291
38279.981,-70.291
38280.126,-70.291
38280.189,-70.291
38280.295,-70.291
38280.413,-70.291
38280.520,-70.291
38280.621,-70.291
38280.673,-70.291
38280.819,-70.291
38280.932,-70.291
38281.033,-70.291
38281.084,-70.291
38281.229,-70.291
38281.280,-70.291
38281.378,-70.291
38281.473,-70.291
38281.576,-70.291
38281.672,-70.291
38281.771,-70.291
38281.873,-70.291
38281.988,-70.291
38282.084,-70.291
38282.182,-70.291
38282.288,-70.291
38282.378,-70.291
38282.474,-70.291
38282.571,-70.291
38282.685,-70.291
38282.783,-70.291
38282.881,-70.291
38282.976,-70.291
38283.092,-70.291
38283.190,-70.291
38283.277,-70.291
38283.391,-70.291
38283.479,-70.291
38283.582,-70.291
38283.685,-70.291
38283.802,-70.291
38283.866,-70.291
38283.969,-70.291
38284.079,-70.291
38284.182,-70.291
38284.283,-70.291
38284.407,-70.291
38284.505,-70.291
38284.599,-70.291
38284.723,-70.291
38284.822,-70.291
38284.863,-70.291
38284.964,-70.291
38285.062,-70.291
38285.160,-70.291
38285.278,-70.291
38285.371,-70.291
38285.471,-70.291
38285.640,-70.291
38285.668,-70.291
38285.763,-70.291
38285.859,-70.291
38285.964,-70.291
38286.065,-70.291
38286.163,-70.291
38286.258,-70.291
38286.371,-70.291
38286.469,-70.291
38286.567,-70.291
38286.663,-70.291
38336.771,-70.291
38336.866,-70.291
38336.962,-70.291
38337.065,-70.291
38337.177,-70.291
38337.273,-70.291
38337.371,-70.291
38337.478,-70.291
38337.599,-70.291
38337.670,-70.291
38337.753,-70.291
38337.859,-70.291
38337.959,-70.291
38338.069,-70.291
38338.212,-70.291
38338.304,-70.291
38338.405,-70.291
38338.456,-70.291
38338.604,-70.291
38338.653,-70.291
38338.755,-70.291
38338.847,-70.291
38338.956,-70.291
38339.047,-70.291
38339.170,-70.291
38339.271,-70.291
38339.347,-70.291
38339.446,-70.291
38339.565,-70.291
38339.662,-70.291
38339.751,-70.291
38339.849,-70.291
38339.947,-70.291
38340.050,-70.291
38340.147,-70.291
38340.266,-70.291
38340.373,-70.291
38340.464,-70.291
38340.560,-70.291
38340.657,-70.291
38340.763,-70.291
38340.861,-70.291
38340.954,-70.291
38341.074,-70.291
38341.177,-70.291
38341.273,-70.291
38341.366,-70.291
38341.476,-70.291
38341.589,-70.291
38341.685,-70.291
38341.780,-70.291
38341.886,-70.291
38341.986,-70.291
38342.038,-70.291
38342.160,-70.291
38342.270,-70.291
38342.348,-70.291
38342.498,-70.291
38342.549,-70.291
38342.641,-70.291
38342.739,-70.291
38342.841,-70.291
38342.946,-70.291
38343.055,-70.291
38343.152,-70.291
38343.250,-70.291
38343.336,-70.291
38343.457,-70.291
38343.555,-70.291
38343.650,-70.291
38343.773,-70.291
38343.869,-70.291
38343.945,-70.291
38344.050,-70.291
38344.138,-70.291
38344.238,-70.291
38344.334,-70.291
38344.459,-70.291
38344.555,-70.291
38344.655,-70.291
38344.751,-70.291
38344.851,-70.291
38344.951,-70.291
38345.072,-70.291
38345.150,-70.291
38345.256,-70.291
38345.376,-70.291
38345.473,-70.291
38345.562,-70.291
38345.685,-70.291
38345.780,-70.291
38345.886,-70.291
38345.930,-70.291
38346.033,-70.291
38346.192,-70.291
38346.299,-70.291
38346.324,-70.291
38346.442,-70.291
38346.535,-70.291
38346.646,-70.291
38396.739,-70.291
38396.841,-70.291
38396.942,-70.291
38397.077,-70.291
38397.131,-70.291
38397.231,-70.291
38397.356,-70.291
38397.442,-70.291
38397.540,-70.291
38397.636,-70.291
38397.726,-70.291
38397.834,-70.291
38397.932,-70.291
38398.028,-70.291
38398.136,-70.291
38398.234,-70.291
38398.334,-70.291
38398.432,-70.291
38398.552,-70.291
38398.650,-70.291
38398.748,-70.291
38398.841,-70.291
38398.962,-70.291
38399.060,-70.291
38399.157,-70.291
38399.261,-70.291
38399.358,-70.291
38399.479,-70.291
38399.560,-70.291
38399.674,-70.291
38399.773,-70.291
38399.869,-70.291
38399.972,-70.291
38400.049,-70.291
38400.123,-70.291
38400.219,-70.291
38400.320,-70.291
38400.417,-70.291
38400.522,-70.291
38400.684,-70.291
38400.712,-70.291
38400.832,-70.291
38400.930,-70.291
38401.033,-70.291
38401.126,-70.291
38401.226,-70.291
38401.324,-70.291
38401.427,-70.291
38401.530,-70.291
38401.609,-70.291
38401.712,-70.291
38401.822,-70.291
38401.922,-70.291
38402.025,-70.291
38402.133,-70.291
38402.212,-70.291
38402.337,-70.291
38402.435,-70.291
38402.545,-70.291
38402.641,-70.291
38402.739,-70.291
38402.834,-70.291
38402.937,-70.291
38403.052,-70.291
38403.153,-70.291
38403.244,-70.291
38403.349,-70.291
38403.469,-70.291
38403.569,-70.291
38403.604,-70.291
38403.761,-70.291
38403.812,-70.291
38403.907,-70.291
38404.018,-70.291
38404.116,-70.291
38404.212,-70.291
38404.310,-70.291
38404.408,-70.291
38404.506,-70.291
38404.606,-70.291
38404.707,-70.291
38404.820,-70.291
38404.918,-70.291
38405.011,-70.291
38405.118,-70.291
38405.236,-70.291
38405.310,-70.291
38405.442,-70.291
38405.496,-70.291
38405.599,-70.291
38405.706,-70.291
38405.807,-70.291
38405.905,-70.291
38406.010,-70.291
38406.113,-70.291
38406.223,-70.291
38406.320,-70.291
38406.408,-70.291
38406.543,-70.291
38406.626,-70.291
38456.746,-70.291
38456.844,-70.291
38456.930,-70.291
38457.054,-70.291
38457.152,-70.291
38457.244,-70.291
38457.348,-70.291
38457.398,-70.291
38457.494,-70.291
38457.592,-70.291
38457.697,-70.291
38457.793,-70.291
38457.891,-70.291
38457.989,-70.291
38458.108,-70.291
38458.204,-70.291
38458.307,-70.291
38458.405,-70.291
38458.503,-70.291
38458.599,-70.291
38458.702,-70.291
38458.792,-70.291
38458.888,-70.291
38459.008,-70.291
38459.116,-70.291
38459.206,-70.291
38459.302,-70.291
38459.400,-70.291
38459.506,-70.291
38459.604,-70.291
38459.699,-70.291
38459.820,-70.291
38459.920,-70.291
38460.016,-70.291
38460.113,-70.291
38460.219,-70.291
38460.329,-70.291
38460.427,-70.291
38460.481,-70.291
38460.630,-70.291
38460.695,-70.291
38460.799,-70.291
38460.900,-70.291
38461.033,-70.291
38461.087,-70.291
38461.189,-70.291
38461.320,-70.291
38461.395,-70.291
38461.543,-70.291
38461.594,-70.291
38461.690,-70.291
38461.793,-70.291
38461.907,-70.291
38461.988,-70.291
38462.082,-70.291
38462.179,-70.291
38462.299,-70.291
38462.390,-70.291
38462.494,-70.291
38462.586,-70.291
38462.682,-70.291
38462.790,-70.291
38462.880,-70.291
38462.998,-70.291
38463.096,-70.291
38463.202,-70.291
38463.299,-70.291
38463.396,-70.291
38463.494,-70.291
38463.596,-70.291
38463.694,-70.291
38463.839,-70.291
38463.903,-70.291
38464.003,-70.291
38464.099,-70.291
38464.219,-70.291
38464.305,-70.291
38464.425,-70.291
38464.520,-70.291
38464.628,-70.291
38464.719,-70.291
38464.770,-70.291
38464.932,-70.291
38465.040,-70.291
38465.069,-70.291
38465.234,-70.291
38465.327,-70.291
38465.434,-70.291
38465.486,-70.291
38465.584,-70.291
38465.679,-70.291
38465.780,-70.291
38465.881,-70.291
38465.978,-70.291
38466.067,-70.291
38466.168,-70.291
38466.268,-70.291
38466.376,-70.291
38466.467,-70.291
38466.584,-70.291
38466.668,-70.291
38516.771,-70.291
38516.878,-70.291
38516.974,-70.291
38517.072,-70.291
38517.201,-70.291
38517.273,-70.291
38517.391,-70.291
38517.489,-70.291
38517.582,-70.291
38517.663,-70.291
38517.766,-70.291
38517.873,-70.291
38517.979,-70.291
38518.099,-70.291
38518.189,-70.291
38518.327,-70.291
38518.393,-70.291
38518.516,-70.291
38518.611,-70.291
38518.717,-70.291
38518.812,-70.291
38518.903,-70.291
38519.040,-70.291
38519.060,-70.291
38519.165,-70.291
38519.263,-70.291
38519.359,-70.291
38519.474,-70.291
38519.570,-70.291
38519.670,-70.291
38519.775,-70.291
38519.863,-70.291
38519.969,-70.291
38520.084,-70.291
38520.167,-70.291
38520.263,-70.291
38520.359,-70.291
38520.456,-70.291
38520.559,-70.291
38520.660,-70.291
38520.755,-70.291
38520.876,-70.291
38520.969,-70.291
38521.067,-70.291
38521.185,-70.291
38521.288,-70.291
38521.386,-70.291
38521.484,-70.291
38521.582,-70.291
38521.680,-70.291
38521.800,-70.291
38521.898,-70.291
38521.978,-70.291
38522.084,-70.291
38522.206,-70.291
38522.304,-70.291
38522.347,-70.291
38522.513,-70.291
38522.609,-70.291
38522.714,-70.291
38522.753,-70.291
38522.849,-70.291
38522.946,-70.291
38523.126,-70.291
38523.153,-70.291
38523.250,-70.291
38523.361,-70.291
38523.451,-70.291
38523.543,-70.291
38523.643,-70.291
38523.750,-70.291
38523.864,-70.291
38523.962,-70.291
38524.043,-70.291
38524.143,-70.291
38524.250,-70.291
38524.344,-70.291
38524.454,-70.291
38524.550,-70.291
38524.658,-70.291
38524.755,-70.291
38524.851,-70.291
38524.962,-70.291
38525.060,-70.291
38525.158,-70.291
38525.261,-70.291
38525.380,-70.291
38525.478,-70.291
38525.572,-70.291
38525.670,-70.291
38525.788,-70.291
38525.888,-70.291
38525.984,-70.291
38526.092,-70.291
38526.187,-70.291
38526.241,-70.291
38526.388,-70.291
38526.434,-70.291
38526.599,-70.291
38526.699,-70.291
38576.800,-70.291
38576.849,-70.291
38576.947,-70.291
38577.043,-70.291
38577.148,-70.291
38577.248,-70.291
38577.349,-70.291
38577.451,-70.291
38577.537,-70.291
38577.633,-70.291
38577.741,-70.291
38577.903,-70.291
38577.929,-70.291
38578.030,-70.291
38578.136,-70.291
38578.234,-70.291
38578.339,-70.291
38578.451,-70.291
38578.548,-70.291
38578.641,-70.291
38578.761,-70.291
38578.856,-70.291
38578.962,-70.291
38579.049,-70.291
38579.170,-70.291
38579.266,-70.291
38579.373,-70.291
38579.471,-70.291
38579.567,-70.291
38579.697,-70.291
38579.741,-70.291
38579.888,-70.291
38579.981,-70.291
38580.072,-70.291
38580.131,-70.291
38580.228,-70.291
38580.324,-70.291
38580.430,-70.291
38580.533,-70.291
38580.631,-70.291
38580.731,-70.291
38580.822,-70.291
38580.944,-70.291
38581.040,-70.291
38581.143,-70.291
38581.239,-70.291
38581.337,-70.291
38581.427,-70.291
38581.557,-70.291
38581.636,-70.291
38581.738,-70.291
38581.817,-70.291
38581.920,-70.291
38582.023,-70.291
38582.131,-70.291
38582.233,-70.291
38582.339,-70.291
38582.435,-70.291
38582.530,-70.291
38582.636,-70.291
38582.750,-70.291
38582.848,-70.291
38582.940,-70.291
38583.048,-70.291
38583.143,-70.291
38583.265,-70.291
38583.371,-70.291
38583.462,-70.291
38583.559,-70.291
38583.679,-70.291
38583.758,-70.291
38583.812,-70.291
38583.976,-70.291
38584.074,-70.291
38584.177,-70.291
38584.211,-70.291
38584.331,-70.291
38584.422,-70.291
38584.523,-70.291
38584.621,-70.291
38584.785,-70.291
38584.842,-70.291
38584.913,-70.291
38585.011,-70.291
38585.111,-70.291
38585.209,-70.291
38585.321,-70.291
38585.423,-70.291
38585.506,-70.291
38585.619,-70.291
38585.714,-70.291
38585.812,-70.291
38585.942,-70.291
38586.030,-70.291
38586.125,-70.291
38586.226,-70.291
38586.310,-70.291
38586.432,-70.291
38586.542,-70.291
38586.640,-70.291
38876.748,-70.291
38876.844,-70.291
38876.939,-70.291
38877.047,-70.291
38877.158,-70.291
38877.253,-70.291
38877.351,-70.291
38877.459,-70.291
38877.555,-70.291
38877.606,-70.291
38877.701,-70.291
38877.807,-70.291
38877.903,-70.291
38878.003,-70.291
38878.099,-70.291
38878.209,-70.291
38878.307,-70.291
38878.407,-70.291
38878.518,-70.291
38878.599,-70.291
38878.719,-70.291
38878.819,-70.291
38878.908,-70.291
38879.030,-70.291
38879.101,-70.291
38879.209,-70.291
38879.317,-70.291
38879.440,-70.291
38879.500,-70.291
38879.619,-70.291
38879.701,-70.291
38879.805,-70.291
38879.910,-70.291
38880.006,-70.291
38880.092,-70.291
38880.196,-70.291
38880.319,-70.291
38880.423,-70.291
38880.537,-70.291
38880.635,-70.291
38880.733,-70.291
38880.837,-70.291
38880.937,-70.291
38881.038,-70.291
38881.133,-70.291
38881.255,-70.291
38881.351,-70.291
38881.457,-70.291
38881.496,-70.291
38881.592,-70.291
38881.690,-70.291
38881.787,-70.291
38881.893,-70.291
38881.989,-70.291
38882.104,-70.291
38882.216,-70.291
38882.307,-70.291
38882.403,-70.291
38882.501,-70.291
38882.589,-70.291
38882.685,-70.291
38882.809,-70.291
38882.903,-70.291
38883.000,-70.291
38883.094,-70.291
38883.190,-70.291
38883.295,-70.291
38883.408,-70.291
38883.503,-70.291
38883.599,-70.291
38883.706,-70.291
38883.802,-70.291
38883.903,-70.291
38884.000,-70.291
38884.121,-70.291
38884.219,-70.291
38884.315,-70.291
38884.410,-70.291
38884.533,-70.291
38884.631,-70.291
38884.726,-70.291
38884.788,-70.291
38884.891,-70.291
38884.998,-70.291
38885.099,-70.291
38885.177,-70.291
38885.310,-70.291
38885.388,-70.291
38885.520,-70.291
38885.594,-70.291
38885.675,-70.291
38885.837,-70.291
38885.891,-70.291
38885.986,-70.291
38886.109,-70.291
38886.177,-70.291
38886.275,-70.291
38886.371,-70.291
38886.493,-70.291
38886.603,-70.291
38886.687,-70.291
38936.783,-70.291
38936.880,-70.291
38936.972,-70.291
38937.082,-70.291
38937.177,-70.291
38937.295,-70.291
38937.381,-70.291
38937.501,-70.291
38937.598,-70.291
38937.704,-70.291
38937.788,-70.291
38937.907,-70.291
38938.003,-70.291
38938.116,-70.291
38938.212,-70.291
38938.309,-70.291
38938.410,-70.291
38938.513,-70.291
38938.611,-70.291
38938.731,-70.291
38938.812,-70.291
38938.920,-70.291
38938.974,-70.291
38939.065,-70.291
38939.177,-70.291
38939.272,-70.291
38939.373,-70.291
38939.469,-70.291
38939.565,-70.291
38939.663,-70.291
38939.780,-70.291
38939.876,-70.291
38939.976,-70.291
38940.079,-70.291
38940.190,-70.291
38940.277,-70.291
38940.378,-70.291
38940.481,-70.291
38940.606,-70.291
38940.679,-70.291
38940.758,-70.291
38940.868,-70.291
38940.967,-70.291
38941.076,-70.291
38941.173,-70.291
38941.278,-70.291
38941.381,-70.291
38941.459,-70.291
38941.567,-70.291
38941.687,-70.291
38941.790,-70.291
38941.885,-70.291
38942.006,-70.291
38942.116,-70.291
38942.206,-70.291
38942.302,-70.291
38942.395,-70.291
38942.498,-70.291
38942.554,-70.291
38942.717,-70.291
38942.814,-70.291
38942.920,-70.291
38943.018,-70.291
38943.067,-70.291
38943.163,-70.291
38943.266,-70.291
38943.363,-70.291
38943.466,-70.291
38943.628,-70.291
38943.657,-70.291
38943.751,-70.291
38943.871,-70.291
38943.951,-70.291
38944.062,-70.291
38944.160,-70.291
38944.256,-70.291
38944.364,-70.291
38944.457,-70.291
38944.552,-70.291
38944.650,-70.291
38944.753,-70.291
38944.854,-70.291
38944.961,-70.291
38945.057,-70.291
38945.146,-70.291
38945.266,-70.291
38945.359,-70.291
38945.469,-70.291
38945.589,-70.291
38945.685,-70.291
38945.790,-70.291
38945.902,-70.291
38945.998,-70.291
38946.094,-70.291
38946.201,-70.291
38946.299,-70.291
38946.398,-70.291
38946.451,-70.291
38946.550,-70.291
38946.643,-70.291
38996.810,-70.291
38996.861,-70.291
38996.940,-70.291
38997.052,-70.291
38997.148,-70.291
38997.261,-70.291
38997.363,-70.291
38997.459,-70.291
38997.538,-70.291
38997.650,-70.291
38997.751,-70.291
38997.847,-70.291
38997.942,-70.291
38998.040,-70.291
38998.155,-70.291
38998.258,-70.291
38998.334,-70.291
38998.440,-70.291
38998.542,-70.291
38998.643,-70.291
38998.744,-70.291
38998.851,-70.291
38998.957,-70.291
38999.043,-70.291
38999.167,-70.291
38999.265,-70.291
38999.366,-70.291
38999.467,-70.291
38999.576,-70.291
38999.673,-70.291
38999.768,-70.291
38999.876,-70.291
38999.996,-70.291
39000.091,-70.291
39000.199,-70.291
39000.285,-70.291
39000.337,-70.291
39000.430,-70.291
39000.636,-70.291
39000.636,-70.291
39000.741,-70.291
39000.839,-70.291
39000.937,-70.291
39001.047,-70.291
39001.141,-70.291
39001.246,-70.291
39001.329,-70.291
39001.427,-70.291
39001.548,-70.291
39001.672,-70.291
39001.766,-70.291
39001.841,-70.291
39001.935,-70.291
39002.038,-70.291
39002.125,-70.291
39002.233,-70.291
39002.334,-70.291
39002.447,-70.291
39002.547,-70.291
39002.641,-70.291
39002.739,-70.291
39002.846,-70.291
39002.944,-70.291
39003.064,-70.291
39003.148,-70.291
39003.233,-70.291
39003.332,-70.291
39003.434,-70.291
39003.530,-70.291
39003.648,-70.291
39003.772,-70.291
39003.820,-70.291
39003.923,-70.291
39004.084,-70.291
39004.182,-70.291
39004.287,-70.291
39004.381,-70.291
39004.432,-70.291
39004.525,-70.291
39004.633,-70.291
39004.729,-70.291
39004.827,-70.291
39004.930,-70.291
39005.021,-70.291
39005.141,-70.291
39005.239,-70.291
39005.315,-70.291
39005.417,-70.291
39005.516,-70.291
39005.636,-70.291
39005.717,-70.291
39005.824,-70.291
39005.920,-70.291
39006.015,-70.291
39006.125,-70.291
39006.219,-70.291
39006.341,-70.291
39006.447,-70.291
39006.535,-70.291
39006.630,-70.291
39056.751,-70.291
39056.834,-70.291
39056.954,-70.291
39057.052,-70.291
39057.147,-70.291
39057.251,-70.291
39057.348,-70.291
39057.467,-70.291
39057.550,-70.291
39057.663,-70.291
39057.760,-70.291
39057.810,-70.291
39057.918,-70.291
39058.065,-70.291
39058.143,-70.291
39058.217,-70.291
39058.307,-70.291
39058.407,-70.291
39058.510,-70.291
39058.606,-70.291
39058.719,-70.291
39058.812,-70.291
39058.910,-70.291
39059.021,-70.291
39059.116,-70.291
39059.241,-70.291
39059.326,-70.291
39059.418,-70.291
39059.513,-70.291
39059.611,-70.291
39059.712,-70.291
39059.824,-70.291
39059.920,-70.291
39060.015,-70.291
39060.121,-70.291
39060.214,-70.291
39060.334,-70.291
39060.432,-70.291
39060.535,-70.291
39060.631,-70.291
39060.750,-70.291
39060.856,-70.291
39060.946,-70.291
39061.042,-70.291
39061.135,-70.291
39061.224,-70.291
39061.359,-70.291
39061.459,-70.291
39061.555,-70.291
39061.660,-70.291
39061.758,-70.291
39061.856,-70.291
39061.910,-70.291
39062.008,-70.291
39062.111,-70.291
39062.217,-70.291
39062.344,-70.291
39062.396,-70.291
39062.518,-70.291
39062.601,-70.291
39062.695,-70.291
39062.809,-70.291
39062.908,-70.291
39063.003,-70.291
39063.104,-70.291
39063.201,-70.291
39063.300,-70.291
39063.395,-70.291
39063.500,-70.291
39063.601,-70.291
39063.699,-70.291
39063.798,-70.291
39063.912,-70.291
39064.008,-70.291
39064.104,-70.291
39064.207,-70.291
39064.327,-70.291
39064.424,-70.291
39064.532,-70.291
39064.618,-70.291
39064.736,-70.291
39064.832,-70.291
39064.945,-70.291
39065.042,-70.291
39065.138,-70.291
39065.189,-70.291
39065.292,-70.291
39065.451,-70.291
39065.505,-70.291
39065.587,-70.291
39065.709,-70.291
39065.792,-70.291
39065.902,-70.291
39066.003,-70.291
39066.099,-70.291
39066.202,-70.291
39066.283,-70.291
39066.391,-70.291
39066.489,-70.291
39066.592,-70.291
39066.696,-70.291
39116.780,-70.291
39116.902,-70.291
39116.981,-70.291
39117.079,-70.291
39117.196,-70.291
39117.295,-70.291
39117.391,-70.291
39117.486,-70.291
39117.587,-70.291
39117.711,-70.291
39117.798,-70.291
39117.908,-70.291
39118.006,-70.291
39118.104,-70.291
39118.211,-70.291
39118.317,-70.291
39118.413,-70.291
39118.516,-70.291
39118.619,-70.291
39118.761,-70.291
39118.824,-70.291
39118.942,-70.291
39119.033,-70.291
39119.131,-70.291
39119.182,-70.291
39119.354,-70.291
39119.380,-70.291
39119.479,-70.291
39119.579,-70.291
39119.680,-70.291
39119.788,-70.291
39119.871,-70.291
39119.976,-70.291
39120.069,-70.291
39120.187,-70.291
39120.285,-70.291
39120.412,-70.291
39120.489,-70.291
39120.587,-70.291
39120.709,-70.291
39120.780,-70.291
39120.869,-70.291
39120.988,-70.291
39121.069,-70.291
39121.192,-70.291
39121.290,-70.291
39121.386,-70.291
39121.483,-70.291
39121.584,-70.291
39121.704,-70.291
39121.802,-70.291
39121.881,-70.291
39121.989,-70.291
39122.111,-70.291
39122.207,-70.291
39122.320,-70.291
39122.415,-70.291
39122.513,-70.291
39122.621,-70.291
39122.663,-70.291
39122.824,-70.291
39122.920,-70.291
39123.028,-70.291
39123.123,-70.291
39123.219,-70.291
39123.271,-70.291
39123.376,-70.291
39123.472,-70.291
39123.572,-70.291
39123.675,-70.291
39123.782,-70.291
39123.864,-70.291
39123.964,-70.291
39124.087,-70.291
39124.177,-70.291
39124.273,-70.291
39124.363,-70.291
39124.479,-70.291
39124.574,-70.291
39124.672,-70.291
39124.758,-70.291
39124.866,-70.291
39124.962,-70.291
39125.060,-70.291
39125.192,-70.291
39125.266,-70.291
39125.386,-70.291
39125.484,-70.291
39125.574,-70.291
39125.697,-70.291
39125.793,-70.291
39125.890,-70.291
39125.994,-70.291
39126.094,-70.291
39126.214,-70.291
39126.292,-70.291
39126.403,-70.291
39126.503,-70.291
39126.555,-70.291
39126.706,-70.291
39176.824,-70.291
39176.851,-70.291
39176.951,-70.291
39177.052,-70.291
39177.148,-70.291
39177.251,-70.291
39177.351,-70.291
39177.462,-70.291
39177.559,-70.291
39177.658,-70.291
39177.768,-70.291
39177.849,-70.291
39177.964,-70.291
39178.065,-70.291
39178.153,-70.291
39178.250,-70.291
39178.358,-70.291
39178.464,-70.291
39178.547,-70.291
39178.655,-70.291
39178.753,-70.291
39178.864,-70.291
39178.971,-70.291
39179.067,-70.291
39179.163,-70.291
39179.278,-70.291
39179.371,-70.291
39179.472,-70.291
39179.565,-70.291
39179.692,-70.291
39179.788,-70.291
39179.885,-70.291
39179.967,-70.291
39180.079,-70.291
39180.199,-70.291
39180.297,-70.291
39180.403,-70.291
39180.501,-70.291
39180.599,-70.291
39180.650,-70.291
39180.751,-70.291
39180.844,-70.291
39180.942,-70.291
39181.045,-70.291
39181.141,-70.291
39181.243,-70.291
39181.339,-70.291
39181.437,-70.291
39181.537,-70.291
39181.636,-70.291
39181.756,-70.291
39181.844,-70.291
39181.940,-70.291
39182.037,-70.291
39182.141,-70.291
39182.243,-70.291
39182.339,-70.291
39182.434,-70.291
39182.543,-70.291
39182.648,-70.291
39182.793,-70.291
39182.866,-70.291
39182.952,-70.291
39183.072,-70.291
39183.168,-70.291
39183.275,-70.291
39183.366,-70.291
39183.467,-70.291
39183.562,-70.291
39183.692,-70.291
39183.783,-70.291
39183.878,-70.291
39183.976,-70.291
39184.043,-70.291
39184.197,-70.291
39184.250,-70.291
39184.329,-70.291
39184.435,-70.291
39184.540,-70.291
39184.635,-70.291
39184.748,-70.291
39184.824,-70.291
39184.925,-70.291
39185.025,-70.291
39185.136,-70.291
39185.234,-70.291
39185.331,-70.291
39185.429,-70.291
39185.523,-70.291
39185.623,-70.291
39185.744,-70.291
39185.848,-70.291
39185.937,-70.291
39186.035,-70.291
39186.130,-70.291
39186.233,-70.291
39186.354,-70.291
39186.449,-70.291
39186.548,-70.291
39186.653,-70.291
39476.748,-70.291
39476.844,-70.291
39476.951,-70.291
39477.062,-70.291
39477.155,-70.291
39477.258,-70.291
39477.361,-70.291
39477.459,-70.291
39477.555,-70.291
39477.685,-70.291
39477.787,-70.291
39477.873,-70.291
39477.969,-70.291
39478.023,-70.291
39478.116,-70.291
39478.214,-70.291
39478.378,-70.291
39478.420,-70.291
39478.528,-70.291
39478.625,-70.291
39478.726,-70.291
39478.836,-70.291
39478.932,-70.291
39479.028,-70.291
39479.126,-70.291
39479.241,-70.291
39479.319,-70.291
39479.422,-70.291
39479.523,-70.291
39479.628,-70.291
39479.714,-70.291
39479.822,-70.291
39479.910,-70.291
39480.030,-70.291
39480.128,-70.291
39480.217,-70.291
39480.329,-70.291
39480.425,-70.291
39480.547,-70.291
39480.626,-70.291
39480.739,-70.291
39480.841,-70.291
39480.959,-70.291
39481.035,-70.291
39481.158,-70.291
39481.253,-70.291
39481.359,-70.291
39481.469,-70.291
39481.567,-70.291
39481.663,-70.291
39481.771,-70.291
39481.869,-70.291
39481.967,-70.291
39482.067,-70.291
39482.119,-70.291
39482.212,-70.291
39482.310,-70.291
39482.408,-70.291
39482.508,-70.291
39482.606,-70.291
39482.706,-70.291
39482.805,-70.291
39482.903,-70.291
39483.001,-70.291
39483.099,-70.291
39483.223,-70.291
39483.314,-70.291
39483.442,-70.291
39483.582,-70.291
39483.611,-70.291
39483.704,-70.291
39483.810,-70.291
39483.896,-70.291
39484.006,-70.291
39484.101,-70.291
39484.226,-70.291
39484.300,-70.291
39484.434,-70.291
39484.530,-70.291
39484.628,-70.291
39484.736,-70.291
39484.832,-70.291
39484.934,-70.291
39485.037,-70.291
39485.148,-70.291
39485.248,-70.291
39485.339,-70.291
39485.447,-70.291
39485.498,-70.291
39485.658,-70.291
39485.771,-70.291
39485.849,-70.291
39485.900,-70.291
39486.005,-70.291
39486.101,-70.291
39486.207,-70.291
39486.307,-70.291
39486.405,-70.291
39486.506,-70.291
39486.613,-70.291
39486.709,-70.291
39536.807,-70.291
39536.920,-70.291
39537.023,-70.291
39537.097,-70.291
39537.194,-70.291
39537.288,-70.291
39537.388,-70.291
39537.488,-70.291
39537.606,-70.291
39537.697,-70.291
39537.804,-70.291
39537.888,-70.291
39537.993,-70.291
39538.116,-70.291
39538.211,-70.291
39538.309,-70.291
39538.408,-70.291
39538.530,-70.291
39538.626,-70.291
39538.709,-70.291
39538.846,-70.291
39538.942,-70.291
39539.035,-70.291
39539.148,-70.291
39539.246,-70.291
39539.342,-70.291
39539.446,-70.291
39539.486,-70.291
39539.582,-70.291
39539.679,-70.291
39539.856,-70.291
39539.888,-70.291
39539.988,-70.291
39540.092,-70.291
39540.182,-70.291
39540.295,-70.291
39540.391,-70.291
39540.486,-70.291
39540.594,-70.291
39540.694,-70.291
39540.795,-70.291
39540.915,-70.291
39540.996,-70.291
39541.076,-70.291
39541.175,-70.291
39541.283,-70.291
39541.400,-70.291
39541.491,-70.291
39541.589,-70.291
39541.694,-70.291
39541.788,-70.291
39541.908,-70.291
39542.043,-70.291
39542.096,-70.291
39542.214,-70.291
39542.310,-70.291
39542.400,-70.291
39542.522,-70.291
39542.619,-70.291
39542.668,-70.291
39542.822,-70.291
39542.897,-70.291
39542.971,-70.291
39543.092,-70.291
39543.168,-70.291
39543.271,-70.291
39543.381,-70.291
39543.533,-70.291
39543.586,-70.291
39543.673,-70.291
39543.770,-70.291
39543.878,-70.291
39543.976,-70.291
39544.074,-70.291
39544.168,-70.291
39544.268,-70.291
39544.364,-70.291
39544.486,-70.291
39544.592,-70.291
39544.680,-70.291
39544.780,-70.291
39544.880,-70.291
39544.962,-70.291
39545.092,-70.291
39545.190,-70.291
39545.283,-70.291
39545.393,-70.291
39545.498,-70.291
39545.592,-70.291
39545.692,-70.291
39545.805,-70.291
39545.903,-70.291
39546.001,-70.291
39546.104,-70.291
39546.201,-70.291
39546.302,-70.291
39546.400,-70.291
39546.547,-70.291
39546.621,-70.291
39596.716,-70.291
39596.795,-70.291
39596.866,-70.291
39596.957,-70.291
39597.057,-70.291
39597.163,-70.291
39597.322,-70.291
39597.373,-70.291
39597.467,-70.291
39597.554,-70.291
39597.673,-70.291
39597.773,-70.291
39597.854,-70.291
39597.964,-70.291
39598.065,-70.291
39598.163,-70.291
39598.265,-70.291
39598.351,-70.291
39598.471,-70.291
39598.555,-70.291
39598.677,-70.291
39598.766,-70.291
39598.861,-70.291
39598.966,-70.291
39599.071,-70.291
39599.168,-70.291
39599.288,-70.291
39599.369,-70.291
39599.476,-70.291
39599.574,-70.291
39599.695,-70.291
39599.780,-70.291
39599.856,-70.291
39600.000,-70.291
39600.103,-70.291
39600.195,-70.291
39600.246,-70.291
39600.405,-70.291
39600.513,-70.291
39600.611,-70.291
39600.711,-70.291
39600.743,-70.291
39600.908,-70.291
39601.011,-70.291
39601.062,-70.291
39601.155,-70.291
39601.255,-70.291
39601.371,-70.291
39601.457,-70.291
39601.597,-70.291
39601.648,-70.291
39601.748,-70.291
39601.849,-70.291
39601.940,-70.291
39602.050,-70.291
39602.155,-70.291
39602.241,-70.291
39602.351,-70.291
39602.449,-70.291
39602.552,-70.291
39602.650,-70.291
39602.765,-70.291
39602.861,-70.291
39602.957,-70.291
39603.043,-70.291
39603.155,-70.291
39603.275,-70.291
39603.371,-70.291
39603.481,-70.291
39603.581,-70.291
39603.685,-70.291
39603.751,-70.291
39603.897,-70.291
39603.996,-70.291
39604.089,-70.291
39604.190,-70.291
39604.288,-70.291
39604.383,-70.291
39604.435,-70.291
39604.538,-70.291
39604.638,-70.291
39604.734,-70.291
39604.836,-70.291
39604.945,-70.291
39605.040,-70.291
39605.146,-70.291
39605.248,-70.291
39605.334,-70.291
39605.429,-70.291
39605.576,-70.291
39605.641,-70.291
39605.741,-70.291
39605.841,-70.291
39606.027,-70.291
39606.028,-70.291
39606.131,-70.291
39606.238,-70.291
39606.351,-70.291
39606.442,-70.291
39606.543,-70.291
39606.636,-70.291
39656.739,-70.291
39656.856,-70.291
39656.954,-70.291
39657.050,-70.291
39657.155,-70.291
39657.258,-70.291
39657.353,-70.291
39657.456,-70.291
39657.567,-70.291
39657.665,-70.291
39657.785,-70.291
39657.890,-70.291
39657.986,-70.291
39658.082,-70.291
39658.189,-70.291
39658.273,-70.291
39658.327,-70.291
39658.425,-70.291
39658.523,-70.291
39658.623,-70.291
39658.724,-70.291
39658.822,-70.291
39658.949,-70.291
39659.042,-70.291
39659.140,-70.291
39659.241,-70.291
39659.336,-70.291
39659.434,-70.291
39659.533,-70.291
39659.658,-70.291
39659.736,-70.291
39659.858,-70.291
39659.937,-70.291
39660.023,-70.291
39660.126,-70.291
39660.226,-70.291
39660.329,-70.291
39660.437,-70.291
39660.530,-70.291
39660.633,-70.291
39660.714,-70.291
39660.822,-70.291
39660.940,-70.291
39661.038,-70.291
39661.141,-70.291
39661.261,-70.291
39661.356,-70.291
39661.459,-70.291
39661.565,-70.291
39661.663,-70.291
39661.761,-70.291
39661.812,-70.291
39661.913,-70.291
39662.010,-70.291
39662.175,-70.291
39662.275,-70.291
39662.329,-70.291
39662.473,-70.291
39662.523,-70.291
39662.623,-70.291
39662.724,-70.291
39662.820,-70.291
39662.927,-70.291
39663.008,-70.291
39663.108,-70.291
39663.263,-70.291
39663.334,-70.291
39663.420,-70.291
39663.516,-70.291
39663.619,-70.291
39663.711,-70.291
39663.807,-70.291
39663.908,-70.291
39664.011,-70.291
39664.119,-70.291
39664.221,-70.291
39664.322,-70.291
39664.403,-70.291
39664.527,-70.291
39664.616,-70.291
39664.741,-70.291
39664.822,-70.291
39664.946,-70.291
39665.042,-70.291
39665.140,-70.291
39665.236,-70.291
39665.358,-70.291
39665.454,-70.291
39665.545,-70.291
39665.648,-70.291
39665.699,-70.291
39665.864,-70.291
39665.905,-70.291
39666.001,-70.291
39666.098,-70.291
39666.197,-70.291
39666.298,-70.291
39666.400,-70.291
39666.513,-70.291
39666.609,-70.291
39666.709,-70.291
39716.810,-70.291
39716.907,-70.291
39717.008,-70.291
39717.097,-70.291
39717.194,-70.291
39717.314,-70.291
39717.398,-70.291
39717.501,-70.291
39717.592,-70.291
39717.712,-70.291
39717.812,-70.291
39717.908,-70.291
39718.003,-70.291
39718.116,-70.291
39718.224,-70.291
39718.302,-70.291
39718.407,-70.291
39718.522,-70.291
39718.597,-70.291
39718.701,-70.291
39718.800,-70.291
39718.900,-70.291
39718.998,-70.291
39719.099,-70.291
39719.187,-70.291
39719.312,-70.291
39719.423,-70.291
39719.547,-70.291
39719.650,-70.291
39719.702,-70.291
39719.851,-70.291
39719.903,-70.291
39720.005,-70.291
39720.092,-70.291
39720.189,-70.291
39720.288,-70.291
39720.405,-70.291
39720.501,-70.291
39720.601,-70.291
39720.684,-70.291
39720.800,-70.291
39720.896,-70.291
39720.993,-70.291
39721.094,-70.291
39721.190,-70.291
39721.288,-70.291
39721.381,-70.291
39721.486,-70.291
39721.604,-70.291
39721.702,-70.291
39721.785,-70.291
39721.920,-70.291
39722.016,-70.291
39722.113,-70.291
39722.222,-70.291
39722.320,-70.291
39722.415,-70.291
39722.520,-70.291
39722.631,-70.291
39722.685,-70.291
39722.793,-70.291
39722.932,-70.291
39723.028,-70.291
39723.082,-70.291
39723.256,-70.291
39723.273,-70.291
39723.440,-70.291
39723.540,-70.291
39723.635,-70.291
39723.692,-70.291
39723.797,-70.291
39723.888,-70.291
39723.991,-70.291
39724.071,-70.291
39724.195,-70.291
39724.292,-70.291
39724.385,-70.291
39724.479,-70.291
39724.576,-70.291
39724.675,-70.291
39724.770,-70.291
39724.888,-70.291
39724.988,-70.291
39725.092,-70.291
39725.180,-70.291
39725.273,-70.291
39725.393,-70.291
39725.494,-70.291
39725.579,-70.291
39725.699,-70.291
39725.793,-70.291
39725.935,-70.291
39725.994,-70.291
39726.116,-70.291
39726.196,-70.291
39726.305,-70.291
39726.400,-70.291
39726.520,-70.291
39726.614,-70.291
39726.709,-70.291
39776.831,-70.291
39776.883,-70.291
39776.984,-70.291
39777.067,-70.291
39777.173,-70.291
39777.342,-70.291
39777.371,-70.291
39777.476,-70.291
39777.579,-70.291
39777.667,-70.291
39777.766,-70.291
39777.864,-70.291
39777.976,-70.291
39778.071,-70.291
39778.157,-70.291
39778.280,-70.291
39778.400,-70.291
39778.474,-70.291
39778.572,-70.291
39778.668,-70.291
39778.770,-70.291
39778.881,-70.291
39778.978,-70.291
39779.076,-70.291
39779.180,-70.291
39779.277,-70.291
39779.368,-70.291
39779.503,-70.291
39779.577,-70.291
39779.695,-70.291
39779.790,-70.291
39779.881,-70.291
39779.984,-70.291
39780.087,-70.291
39780.177,-70.291
39780.271,-70.291
39780.393,-70.291
39780.451,-70.291
39780.555,-70.291
39780.653,-70.291
39780.751,-70.291
39780.917,-70.291
39781.018,-70.291
39781.116,-70.291
39781.168,-70.291
39781.260,-70.291
39781.366,-70.291
39781.466,-70.291
39781.567,-70.291
39781.670,-70.291
39781.775,-70.291
39781.853,-70.291
39781.954,-70.291
39782.077,-70.291
39782.157,-70.291
39782.261,-70.291
39782.356,-70.291
39782.451,-70.291
39782.543,-70.291
39782.650,-70.291
39782.751,-70.291
39782.856,-70.291
39782.942,-70.291
39783.064,-70.291
39783.177,-70.291
39783.263,-70.291
39783.385,-70.291
39783.481,-70.291
39783.589,-70.291
39783.687,-70.291
39783.785,-70.291
39783.883,-70.291
39783.981,-70.291
39784.101,-70.291
39784.201,-70.291
39784.283,-70.291
39784.398,-70.291
39784.498,-70.291
39784.618,-70.291
39784.648,-70.291
39784.744,-70.291
39784.841,-70.291
39784.937,-70.291
39785.040,-70.291
39785.141,-70.291
39785.243,-70.291
39785.339,-70.291
39785.452,-70.291
39785.555,-70.291
39785.652,-70.291
39785.751,-70.291
39785.842,-70.291
39785.939,-70.291
39786.033,-70.291
39786.141,-70.291
39786.239,-70.291
39786.393,-70.291
39786.452,-70.291
39786.555,-70.291
39786.652,-70.291
40076.751,-70.291
40076.854,-70.291
40076.962,-70.291
40077.037,-70.291
40077.133,-70.291
40077.263,-70.291
40077.332,-70.291
40077.437,-70.291
40077.540,-70.291
40077.646,-70.291
40077.756,-70.291
40077.876,-70.291
40077.969,-70.291
40078.060,-70.291
40078.182,-70.291
40078.236,-70.291
40078.391,-70.291
40078.489,-70.291
40078.537,-70.291
40078.633,-70.291
40078.739,-70.291
40078.837,-70.291
40078.932,-70.291
40079.030,-70.291
40079.126,-70.291
40079.224,-70.291
40079.344,-70.291
40079.427,-70.291
40079.543,-70.291
40079.643,-70.291
40079.743,-70.291
40079.839,-70.291
40079.935,-70.291
40080.032,-70.291
40080.126,-70.291
40080.229,-70.291
40080.327,-70.291
40080.446,-70.291
40080.530,-70.291
40080.638,-70.291
40080.734,-70.291
40080.856,-70.291
40080.989,-70.291
40081.062,-70.291
40081.157,-70.291
40081.265,-70.291
40081.349,-70.291
40081.472,-70.291
40081.567,-70.291
40081.675,-70.291
40081.726,-70.291
40081.836,-70.291
40081.937,-70.291
40082.023,-70.291
40082.114,-70.291
40082.217,-70.291
40082.329,-70.291
40082.430,-70.291
40082.516,-70.291
40082.614,-70.291
40082.733,-70.291
40082.837,-70.291
40082.934,-70.291
40083.033,-70.291
40083.125,-70.291
40083.226,-70.291
40083.322,-70.291
40083.420,-70.291
40083.513,-70.291
40083.633,-70.291
40083.726,-70.291
40083.859,-70.291
40083.957,-70.291
40084.030,-70.291
40084.126,-70.291
40084.217,-70.291
40084.337,-70.291
40084.435,-70.291
40084.532,-70.291
40084.641,-70.291
40084.734,-70.291
40084.854,-70.291
40084.940,-70.291
40085.052,-70.291
40085.148,-70.291
40085.241,-70.291
40085.349,-70.291
40085.447,-70.291
40085.565,-70.291
40085.674,-70.291
40085.753,-70.291
40085.807,-70.291
40085.903,-70.291
40086.060,-70.291
40086.111,-70.291
40086.212,-70.291
40086.312,-70.291
40086.408,-70.291
40086.515,-70.291
40086.619,-70.291
40086.702,-70.291
40136.802,-70.291
40136.903,-70.291
40137.013,-70.291
40137.119,-70.291
40137.199,-70.291
40137.322,-70.291
40137.422,-70.291
40137.511,-70.291
40137.599,-70.291
40137.719,-70.291
40137.819,-70.291
40137.922,-70.291
40138.021,-70.291
40138.118,-70.291
40138.216,-70.291
40138.314,-70.291
40138.435,-70.291
40138.530,-70.291
40138.621,-70.291
40138.723,-70.291
40138.842,-70.291
40138.937,-70.291
40139.050,-70.291
40139.147,-70.291
40139.244,-70.291
40139.295,-70.291
40139.396,-70.291
40139.557,-70.291
40139.653,-70.291
40139.760,-70.291
40139.859,-70.291
40139.974,-70.291
40140.003,-70.291
40140.109,-70.291
40140.207,-70.291
40140.288,-70.291
40140.393,-70.291
40140.496,-70.291
40140.601,-70.291
40140.701,-70.291
40140.790,-70.291
40140.888,-70.291
40141.008,-70.291
40141.098,-70.291
40141.190,-70.291
40141.300,-70.291
40141.396,-70.291
40141.488,-70.291
40141.601,-70.291
40141.743,-70.291
40141.817,-70.291
40141.945,-70.291
40142.001,-70.291
40142.119,-70.291
40142.216,-70.291
40142.307,-70.291
40142.425,-70.291
40142.525,-70.291
40142.621,-70.291
40142.724,-70.291
40142.822,-70.291
40142.944,-70.291
40143.023,-70.291
40143.135,-70.291
40143.185,-70.291
40143.344,-70.291
40143.391,-70.291
40143.481,-70.291
40143.646,-70.291
40143.680,-70.291
40143.783,-70.291
40143.880,-70.291
40143.998,-70.291
40144.096,-70.291
40144.196,-70.291
40144.297,-70.291
40144.396,-70.291
40144.494,-70.291
40144.584,-70.291
40144.680,-70.291
40144.782,-70.291
40144.886,-70.291
40145.018,-70.291
40145.121,-70.291
40145.175,-70.291
40145.280,-70.291
40145.381,-70.291
40145.494,-70.291
40145.597,-70.291
40145.677,-70.291
40145.802,-70.291
40145.898,-70.291
40145.983,-70.291
40146.104,-70.291
40146.197,-70.291
40146.332,-70.291
40146.420,-70.291
40146.516,-70.291
40146.614,-70.291
40196.711,-70.291
40196.834,-70.291
40196.932,-70.291
40197.032,-70.291
40197.135,-70.291
40197.168,-70.291
40197.266,-70.291
40197.369,-70.291
40197.483,-70.291
40197.579,-70.291
40197.675,-70.291
40197.773,-70.291
40197.869,-70.291
40197.988,-70.291
40198.084,-70.291
40198.170,-70.291
40198.283,-70.291
40198.383,-70.291
40198.481,-70.291
40198.579,-70.291
40198.675,-70.291
40198.773,-70.291
40198.866,-70.291
40198.973,-70.291
40199.070,-70.291
40199.189,-70.291
40199.271,-70.291
40199.385,-70.291
40199.479,-70.291
40199.599,-70.291
40199.684,-70.291
40199.804,-70.291
40199.898,-70.291
40200.005,-70.291
40200.089,-70.291
40200.209,-70.291
40200.307,-70.291
40200.418,-70.291
40200.513,-70.291
40200.611,-70.291
40200.709,-70.291
40200.812,-70.291
40200.861,-70.291
40201.023,-70.291
40201.108,-70.291
40201.174,-70.291
40201.268,-70.291
40201.366,-70.291
40201.478,-70.291
40201.574,-70.291
40201.674,-70.291
40201.760,-70.291
40201.866,-70.291
40201.961,-70.291
40202.071,-70.291
40202.175,-70.291
40202.255,-70.291
40202.351,-70.291
40202.469,-70.291
40202.579,-70.291
40202.667,-70.291
40202.763,-70.291
40202.863,-70.291
40202.969,-70.291
40203.065,-70.291
40203.189,-70.291
40203.285,-70.291
40203.381,-70.291
40203.476,-70.291
40203.571,-70.291
40203.682,-70.291
40203.793,-70.291
40203.890,-70.291
40203.986,-70.291
40204.092,-70.291
40204.190,-70.291
40204.310,-70.291
40204.417,-70.291
40204.494,-70.291
40204.614,-70.291
40204.709,-70.291
40204.800,-70.291
40204.851,-70.291
40204.949,-70.291
40205.047,-70.291
40205.150,-70.291
40205.246,-70.291
40205.344,-70.291
40205.461,-70.291
40205.550,-70.291
40205.655,-70.291
40205.756,-70.291
40205.856,-70.291
40205.979,-70.291
40206.052,-70.291
40206.146,-70.291
40206.253,-70.291
40206.344,-70.291
40206.442,-70.291
40206.542,-70.291
40206.665,-70.291
40256.751,-70.291
40256.859,-70.291
40256.957,-70.291
40257.057,-70.291
40257.150,-70.291
40257.273,-70.291
40257.356,-70.291
40257.457,-70.291
40257.581,-70.291
40257.674,-70.291
40257.793,-70.291
40257.888,-70.291
40257.984,-70.291
40258.092,-70.291
40258.133,-70.291
40258.295,-70.291
40258.391,-70.291
40258.503,-70.291
40258.555,-70.291
40258.699,-70.291
40258.751,-70.291
40258.851,-70.291
40258.944,-70.291
40259.040,-70.291
40259.138,-70.291
40259.239,-70.291
40259.339,-70.291
40259.432,-70.291
40259.560,-70.291
40259.641,-70.291
40259.738,-70.291
40259.836,-70.291
40259.929,-70.291
40260.043,-70.291
40260.138,-70.291
40260.241,-70.291
40260.341,-70.291
40260.439,-70.291
40260.538,-70.291
40260.636,-70.291
40260.756,-70.291
40260.853,-70.291
40260.954,-70.291
40261.045,-70.291
40261.167,-70.291
40261.260,-70.291
40261.336,-70.291
40261.427,-70.291
40261.533,-70.291
40261.641,-70.291
40261.766,-70.291
40261.853,-70.291
40261.973,-70.291
40262.023,-70.291
40262.177,-70.291
40262.226,-70.291
40262.322,-70.291
40262.500,-70.291
40262.587,-70.291
40262.640,-70.291
40262.731,-70.291
40262.831,-70.291
40262.937,-70.291
40263.033,-70.291
40263.131,-70.291
40263.238,-70.291
40263.334,-70.291
40263.430,-70.291
40263.527,-70.291
40263.630,-70.291
40263.728,-70.291
40263.824,-70.291
40263.920,-70.291
40264.016,-70.291
40264.136,-70.291
40264.231,-70.291
40264.351,-70.291
40264.425,-70.291
40264.528,-70.291
40264.625,-70.291
40264.751,-70.291
40264.836,-70.291
40264.917,-70.291
40265.023,-70.291
40265.123,-70.291
40265.231,-70.291
40265.353,-70.291
40265.442,-70.291
40265.576,-70.291
40265.672,-70.291
40265.770,-70.291
40265.878,-70.291
40265.978,-70.291
40266.074,-70.291
40266.177,-70.291
40266.222,-70.291
40266.315,-70.291
40266.413,-70.291
40266.518,-70.291
40266.614,-70.291
40316.712,-70.291
40316.810,-70.291
40316.910,-70.291
40317.010,-70.291
40317.108,-70.291
40317.226,-70.291
40317.317,-70.291
40317.415,-70.291
40317.513,-70.291
40317.606,-70.291
40317.714,-70.291
40317.812,-70.291
40317.908,-70.291
40318.016,-70.291
40318.126,-70.291
40318.226,-70.291
40318.324,-70.291
40318.425,-70.291
40318.571,-70.291
40318.643,-70.291
40318.750,-70.291
40318.841,-70.291
40318.939,-70.291
40319.055,-70.291
40319.136,-70.291
40319.256,-70.291
40319.310,-70.291
40319.420,-70.291
40319.523,-70.291
40319.601,-70.291
40319.706,-70.291
40319.804,-70.291
40319.900,-70.291
40320.021,-70.291
40320.116,-70.291
40320.219,-70.291
40320.295,-70.291
40320.418,-70.291
40320.508,-70.291
40320.611,-70.291
40320.707,-70.291
40320.805,-70.291
40320.902,-70.291
40320.998,-70.291
40321.116,-70.291
40321.217,-70.291
40321.322,-70.291
40321.412,-70.291
40321.506,-70.291
40321.599,-70.291
40321.712,-70.291
40321.812,-70.291
40321.910,-70.291
40322.003,-70.291
40322.126,-70.291
40322.221,-70.291
40322.319,-70.291
40322.425,-70.291
40322.537,-70.291
40322.628,-70.291
40322.726,-70.291
40322.836,-70.291
40322.934,-70.291
40323.030,-70.291
40323.158,-70.291
40323.250,-70.291
40323.347,-70.291
40323.442,-70.291
40323.496,-70.291
40323.597,-70.291
40323.689,-70.291
40323.787,-70.291
40323.896,-70.291
40323.998,-70.291
40324.106,-70.291
40324.201,-70.291
40324.285,-70.291
40324.408,-70.291
40324.506,-70.291
40324.674,-70.291
40324.697,-70.291
40324.799,-70.291
40324.897,-70.291
40324.996,-70.291
40325.084,-70.291
40325.194,-70.291
40325.290,-70.291
40325.381,-70.291
40325.503,-70.291
40325.599,-70.291
40325.697,-70.291
40325.800,-70.291
40325.898,-70.291
40326.018,-70.291
40326.099,-70.291
40326.214,-70.291
40326.310,-70.291
40326.405,-70.291
40326.508,-70.291
40326.630,-70.291
40376.724,-70.291
40376.832,-70.291
40376.918,-70.291
40377.040,-70.291
40377.136,-70.291
40377.246,-70.291
40377.342,-70.291
40377.373,-70.291
40377.540,-70.291
40377.638,-70.291
40377.690,-70.291
40377.785,-70.291
40377.881,-70.291
40378.052,-70.291
40378.082,-70.291
40378.180,-70.291
40378.304,-70.291
40378.381,-70.291
40378.506,-70.291
40378.577,-70.291
40378.675,-70.291
40378.793,-70.291
40378.890,-70.291
40378.984,-70.291
40379.084,-70.291
40379.179,-70.291
40379.277,-70.291
40379.407,-70.291
40379.478,-70.291
40379.599,-70.291
40379.697,-70.291
40379.773,-70.291
40379.888,-70.291
40379.994,-70.291
40380.069,-70.291
40380.177,-70.291
40380.277,-70.291
40380.386,-70.291
40380.508,-70.291
40380.619,-70.291
40380.716,-70.291
40380.766,-70.291
40380.920,-70.291
40380.973,-70.291
40381.062,-70.291
40381.270,-70.291
40381.368,-70.291
40381.462,-70.291
40381.584,-70.291
40381.677,-70.291
40381.775,-70.291
40381.871,-70.291
40381.979,-70.291
40382.065,-70.291
40382.160,-70.291
40382.261,-70.291
40382.371,-70.291
40382.467,-70.291
40382.564,-70.291
40382.662,-70.291
40382.760,-70.291
40382.880,-70.291
40382.976,-70.291
40383.082,-70.291
40383.165,-70.291
40383.287,-70.291
40383.383,-70.291
40383.493,-70.291
40383.589,-70.291
40383.690,-70.291
40383.785,-70.291
40383.881,-70.291
40383.957,-70.291
40384.065,-70.291
40384.182,-70.291
40384.273,-70.291
40384.381,-70.291
40384.503,-70.291
40384.584,-70.291
40384.717,-70.291
40384.814,-70.291
40384.920,-70.291
40384.964,-70.291
40385.062,-70.291
40385.158,-70.291
40385.261,-70.291
40385.354,-70.291
40385.451,-70.291
40385.567,-70.291
40385.655,-70.291
40385.750,-70.291
40385.869,-70.291
40385.967,-70.291
40386.069,-70.291
40386.167,-70.291
40386.263,-70.291
40386.353,-70.291
40386.459,-70.291
40386.557,-70.291
40386.653,-70.291
40676.758,-70.291
40676.866,-70.291
40676.962,-70.291
40677.060,-70.291
40677.168,-70.291
40677.265,-70.291
40677.386,-70.291
40677.493,-70.291
40677.582,-70.291
40677.680,-70.291
40677.778,-70.291
40677.876,-70.291
40677.994,-70.291
40678.092,-70.291
40678.189,-70.291
40678.297,-70.291
40678.344,-70.291
40678.505,-70.291
40678.594,-70.291
40678.707,-70.291
40678.802,-70.291
40678.854,-70.291
40679.006,-70.291
40679.057,-70.291
40679.150,-70.291
40679.248,-70.291
40679.354,-70.291
40679.444,-70.291
40679.560,-70.291
40679.658,-70.291
40679.741,-70.291
40679.837,-70.291
40679.939,-70.291
40680.035,-70.291
40680.158,-70.291
40680.256,-70.291
40680.381,-70.291
40680.437,-70.291
40680.538,-70.291
40680.650,-70.291
40680.744,-70.291
40680.869,-70.291
40680.964,-70.291
40681.062,-70.291
40681.167,-70.291
40681.253,-70.291
40681.375,-70.291
40681.471,-70.291
40681.579,-70.291
40681.675,-70.291
40681.772,-70.291
40681.848,-70.291
40681.972,-70.291
40682.092,-70.291
40682.190,-70.291
40682.268,-70.291
40682.339,-70.291
40682.432,-70.291
40682.528,-70.291
40682.636,-70.291
40682.739,-70.291
40682.837,-70.291
40682.932,-70.291
40683.030,-70.291
40683.146,-70.291
40683.244,-70.291
40683.339,-70.291
40683.440,-70.291
40683.543,-70.291
40683.643,-70.291
40683.763,-70.291
40683.848,-70.291
40683.967,-70.291
40684.028,-70.291
40684.145,-70.291
40684.241,-70.291
40684.339,-70.291
40684.437,-70.291
40684.543,-70.291
40684.636,-70.291
40684.756,-70.291
40684.842,-70.291
40684.940,-70.291
40685.043,-70.291
40685.119,-70.291
40685.256,-70.291
40685.331,-70.291
40685.434,-70.291
40685.542,-70.291
40685.668,-70.291
40685.763,-70.291
40685.883,-70.291
40685.966,-70.291
40686.018,-70.291
40686.184,-70.291
40686.280,-70.291
40686.383,-70.291
40686.484,-70.291
40686.533,-70.291
40686.628,-70.291
40736.726,-70.291
40736.824,-70.291
40736.923,-70.291
40737.020,-70.291
40737.114,-70.291
40737.236,-70.291
40737.332,-70.291
40737.415,-70.291
40737.530,-70.291
40737.626,-70.291
40737.721,-70.291
40737.827,-70.291
40737.922,-70.291
40738.021,-70.291
40738.150,-70.291
40738.217,-70.291
40738.339,-70.291
40738.434,-70.291
40738.516,-70.291
40738.631,-70.291
40738.729,-70.291
40738.812,-70.291
40738.908,-70.291
40739.011,-70.291
40739.109,-70.291
40739.217,-70.291
40739.324,-70.291
40739.452,-70.291
40739.535,-70.291
40739.663,-70.291
40739.761,-70.291
40739.809,-70.291
40739.986,-70.291
40740.015,-70.291
40740.172,-70.291
40740.223,-70.291
40740.315,-70.291
40740.413,-70.291
40740.511,-70.291
40740.611,-70.291
40740.723,-70.291
40740.807,-70.291
40740.912,-70.291
40741.035,-70.291
40741.118,-70.291
40741.221,-70.291
40741.314,-70.291
40741.415,-70.291
40741.505,-70.291
40741.606,-70.291
40741.699,-70.291
40741.824,-70.291
40741.913,-70.291
40742.033,-70.291
40742.130,-70.291
40742.211,-70.291
40742.331,-70.291
40742.412,-70.291
40742.518,-70.291
40742.621,-70.291
40742.699,-70.291
40742.805,-70.291
40742.903,-70.291
40743.038,-70.291
40743.111,-70.291
40743.212,-70.291
40743.295,-70.291
40743.393,-70.291
40743.523,-70.291
40743.601,-70.291
40743.729,-70.291
40743.805,-70.291
40743.908,-70.291
40744.072,-70.291
40744.101,-70.291
40744.216,-70.291
40744.299,-70.291
40744.397,-70.291
40744.508,-70.291
40744.613,-70.291
40744.707,-70.291
40744.793,-70.291
40744.891,-70.291
40745.011,-70.291
40745.094,-70.291
40745.201,-70.291
40745.298,-70.291
40745.395,-70.291
40745.500,-70.291
40745.609,-70.291
40745.706,-70.291
40745.802,-70.291
40745.913,-70.291
40746.011,-70.291
40746.106,-70.291
40746.236,-70.291
40746.324,-70.291
40746.424,-70.291
40746.518,-70.291
40746.614,-70.291
40796.739,-70.291
40796.837,-70.291
40796.932,-70.291
40797.040,-70.291
40797.133,-70.291
40797.185,-70.291
40797.339,-70.291
40797.381,-70.291
40797.548,-70.291
40797.601,-70.291
40797.748,-70.291
40797.800,-70.291
40797.895,-70.291
40797.993,-70.291
40798.098,-70.291
40798.199,-70.291
40798.295,-70.291
40798.378,-70.291
40798.481,-70.291
40798.608,-70.291
40798.687,-70.291
40798.807,-70.291
40798.900,-70.291
40798.979,-70.291
40799.081,-70.291
40799.182,-70.291
40799.285,-70.291
40799.388,-70.291
40799.489,-70.291
40799.599,-70.291
40799.694,-70.291
40799.780,-70.291
40799.908,-70.291
40799.986,-70.291
40800.111,-70.291
40800.207,-70.291
40800.321,-70.291
40800.418,-70.291
40800.516,-70.291
40800.614,-70.291
40800.711,-70.291
40800.817,-70.291
40800.915,-70.291
40800.973,-70.291
40801.128,-70.291
40801.180,-70.291
40801.273,-70.291
40801.380,-70.291
40801.479,-70.291
40801.577,-70.291
40801.675,-70.291
40801.772,-70.291
40801.875,-70.291
40801.971,-70.291
40802.089,-70.291
40802.187,-70.291
40802.282,-70.291
40802.386,-70.291
40802.483,-70.291
40802.572,-70.291
40802.668,-70.291
40802.766,-70.291
40802.873,-70.291
40802.969,-70.291
40803.065,-70.291
40803.187,-70.291
40803.271,-70.291
40803.373,-70.291
40803.474,-70.291
40803.582,-70.291
40803.679,-70.291
40803.783,-70.291
40803.893,-70.291
40803.996,-70.291
40804.072,-70.291
40804.172,-70.291
40804.280,-70.291
40804.388,-70.291
40804.510,-70.291
40804.608,-70.291
40804.704,-70.291
40804.827,-70.291
40804.918,-70.291
40805.016,-70.291
40805.125,-70.291
40805.221,-70.291
40805.272,-70.291
40805.371,-70.291
40805.469,-70.291
40805.567,-70.291
40805.663,-70.291
40805.763,-70.291
40805.859,-70.291
40805.956,-70.291
40806.079,-70.291
40806.158,-70.291
40806.271,-70.291
40806.366,-70.291
40806.461,-70.291
40806.570,-70.291
40806.658,-70.291
40856.751,-70.291
40856.893,-70.291
40856.966,-70.291
40857.064,-70.291
40857.172,-70.291
40857.260,-70.291
40857.375,-70.291
40857.454,-70.291
40857.577,-70.291
40857.665,-70.291
40857.790,-70.291
40857.886,-70.291
40857.994,-70.291
40858.104,-70.291
40858.201,-70.291
40858.300,-70.291
40858.408,-70.291
40858.503,-70.291
40858.601,-70.291
40858.650,-70.291
40858.755,-70.291
40858.847,-70.291
40859.013,-70.291
40859.065,-70.291
40859.150,-70.291
40859.244,-70.291
40859.364,-70.291
40859.464,-70.291
40859.543,-70.291
40859.652,-70.291
40859.744,-70.291
40859.856,-70.291
40859.956,-70.291
40860.050,-70.291
40860.145,-70.291
40860.244,-70.291
40860.342,-70.291
40860.462,-70.291
40860.567,-70.291
40860.643,-70.291
40860.746,-70.291
40860.854,-70.291
40860.951,-70.291
40861.048,-70.291
40861.147,-70.291
40861.273,-70.291
40861.371,-70.291
40861.467,-70.291
40861.560,-70.291
40861.672,-70.291
40861.780,-70.291
40861.922,-70.291
40861.996,-70.291
40862.084,-70.291
40862.135,-70.291
40862.295,-70.291
40862.405,-70.291
40862.489,-70.291
40862.540,-70.291
40862.640,-70.291
40862.738,-70.291
40862.841,-70.291
40862.937,-70.291
40863.035,-70.291
40863.141,-70.291
40863.251,-70.291
40863.351,-70.291
40863.447,-70.291
40863.533,-70.291
40863.657,-70.291
40863.755,-70.291
40863.834,-70.291
40863.944,-70.291
40864.040,-70.291
40864.136,-70.291
40864.241,-70.291
40864.351,-70.291
40864.449,-70.291
40864.545,-70.291
40864.655,-70.291
40864.751,-70.291
40864.851,-70.291
40864.949,-70.291
40865.070,-70.291
40865.167,-70.291
40865.265,-70.291
40865.344,-70.291
40865.479,-70.291
40865.576,-70.291
40865.672,-70.291
40865.783,-70.291
40865.876,-70.291
40865.974,-70.291
40866.025,-70.291
40866.126,-70.291
40866.229,-70.291
40866.322,-70.291
40866.491,-70.291
40866.552,-70.291
40866.625,-70.291
40916.728,-70.291
40916.839,-70.291
40916.920,-70.291
40917.021,-70.291
40917.126,-70.291
40917.221,-70.291
40917.334,-70.291
40917.437,-70.291
40917.550,-70.291
40917.638,-70.291
40917.734,-70.291
40917.829,-70.291
40917.918,-70.291
40918.030,-70.291
40918.126,-70.291
40918.329,-70.291
40918.332,-70.291
40918.427,-70.291
40918.548,-70.291
40918.653,-70.291
40918.741,-70.291
40918.834,-70.291
40918.957,-70.291
40919.042,-70.291
40919.162,-70.291
40919.258,-70.291
40919.354,-70.291
40919.464,-70.291
40919.562,-70.291
40919.638,-70.291
40919.761,-70.291
40919.866,-70.291
40919.964,-70.291
40920.016,-70.291
40920.123,-70.291
40920.219,-70.291
40920.317,-70.291
40920.413,-70.291
40920.513,-70.291
40920.609,-70.291
40920.731,-70.291
40920.829,-70.291
40920.925,-70.291
40921.025,-70.291
40921.125,-70.291
40921.224,-70.291
40921.317,-70.291
40921.420,-70.291
40921.522,-70.291
40921.614,-70.291
40921.712,-70.291
40921.819,-70.291
40921.959,-70.291
40922.011,-70.291
40922.128,-70.291
40922.224,-70.291
40922.327,-70.291
40922.440,-70.291
40922.537,-70.291
40922.633,-70.291
40922.739,-70.291
40922.839,-70.291
40922.913,-70.291
40923.033,-70.291
40923.155,-70.291
40923.251,-70.291
40923.347,-70.291
40923.444,-70.291
40923.565,-70.291
40923.660,-70.291
40923.756,-70.291
40923.866,-70.291
40923.966,-70.291
40924.062,-70.291
40924.113,-70.291
40924.212,-70.291
40924.315,-70.291
40924.410,-70.291
40924.576,-70.291
40924.601,-70.291
40924.719,-70.291
40924.815,-70.291
40924.900,-70.291
40925.013,-70.291
40925.111,-70.291
40925.234,-70.291
40925.310,-70.291
40925.405,-70.291
40925.505,-70.291
40925.606,-70.291
40925.707,-70.291
40925.817,-70.291
40925.895,-70.291
40926.005,-70.291
40926.108,-70.291
40926.224,-70.291
40926.305,-70.291
40926.413,-70.291
40926.516,-70.291
40926.594,-70.291
40926.704,-70.291
40976.829,-70.291
40976.913,-70.291
40977.033,-70.291
40977.123,-70.291
40977.241,-70.291
40977.292,-70.291
40977.472,-70.291
40977.489,-70.291
40977.589,-70.291
40977.755,-70.291
40977.847,-70.291
40977.952,-70.291
40978.005,-70.291
40978.099,-70.291
40978.209,-70.291
40978.309,-70.291
40978.670,-70.291
40978.697,-70.291
40978.793,-70.291
40978.890,-70.291
40978.988,-70.291
40979.084,-70.291
40979.202,-70.291
40979.310,-70.291
40979.383,-70.291
40979.503,-70.291
40979.601,-70.291
40979.699,-70.291
40979.800,-70.291
40979.945,-70.291
40979.996,-70.291
40980.114,-70.291
40980.209,-70.291
40980.329,-70.291
40980.412,-70.291
40980.525,-70.291
40980.621,-70.291
40980.717,-70.291
40980.824,-70.291
40980.900,-70.291
40980.998,-70.291
40981.099,-70.291
40981.204,-70.291
40981.282,-70.291
40981.383,-70.291
40981.483,-70.291
40981.581,-70.291
40981.692,-70.291
40981.844,-70.291
40981.883,-70.291
40981.991,-70.291
40982.082,-70.291
40982.177,-70.291
40982.275,-70.291
40982.395,-70.291
40982.493,-70.291
40982.592,-70.291
40982.685,-70.291
40982.782,-70.291
40982.878,-70.291
40982.984,-70.291
40983.094,-70.291
40983.192,-70.291
40983.287,-70.291
40983.397,-70.291
40983.494,-70.291
40983.591,-70.291
40983.684,-70.291
40983.787,-70.291
40983.907,-70.291
40984.005,-70.291
40984.087,-70.291
40984.221,-70.291
40984.315,-70.291
40984.369,-70.291
40984.479,-70.291
40984.623,-70.291
40984.721,-70.291
40984.822,-70.291
40984.866,-70.291
40984.984,-70.291
40985.131,-70.291
40985.234,-70.291
40985.292,-70.291
40985.369,-70.291
40985.471,-70.291
40985.582,-70.291
40985.680,-70.291
40985.765,-70.291
40985.871,-70.291
40985.984,-70.291
40986.079,-70.291
40986.177,-70.291
40986.293,-70.291
40986.371,-70.291
40986.469,-70.291
40986.565,-70.291
40986.662,-70.291
41276.773,-70.291
41276.869,-70.291
41276.969,-70.291
41277.071,-70.291
41277.190,-70.291
41277.288,-70.291
41277.398,-70.291
41277.484,-70.291
41277.584,-70.291
41277.682,-70.291
41277.807,-70.291
41277.903,-70.291
41278.000,-70.291
41278.098,-70.291
41278.202,-70.291
41278.298,-70.291
41278.418,-70.291
41278.498,-70.291
41278.611,-70.291
41278.702,-70.291
41278.821,-70.291
41278.910,-70.291
41278.962,-70.291
41279.055,-70.291
41279.150,-70.291
41279.256,-70.291
41279.363,-70.291
41279.467,-70.291
41279.567,-70.291
41279.668,-70.291
41279.753,-70.291
41279.858,-70.291
41279.969,-70.291
41280.067,-70.291
41280.163,-70.291
41280.272,-70.291
41280.364,-70.291
41280.459,-70.291
41280.557,-70.291
41280.653,-70.291
41280.766,-70.291
41280.866,-70.291
41280.959,-70.291
41281.072,-70.291
41281.158,-70.291
41281.278,-70.291
41281.375,-70.291
41281.483,-70.291
41281.577,-70.291
41281.675,-70.291
41281.805,-70.291
41281.893,-70.291
41281.991,-70.291
41282.089,-70.291
41282.184,-70.291
41282.307,-70.291
41282.403,-70.291
41282.457,-70.291
41282.609,-70.291
41282.712,-70.291
41282.761,-70.291
41282.908,-70.291
41282.949,-70.291
41283.045,-70.291
41283.143,-70.291
41283.244,-70.291
41283.348,-70.291
41283.457,-70.291
41283.562,-70.291
41283.667,-70.291
41283.739,-70.291
41283.859,-70.291
41283.937,-70.291
41284.054,-70.291
41284.153,-70.291
41284.250,-70.291
41284.378,-70.291
41284.457,-70.291
41284.537,-70.291
41284.638,-70.291
41284.758,-70.291
41284.869,-70.291
41284.954,-70.291
41285.033,-70.291
41285.158,-70.291
41285.243,-70.291
41285.346,-70.291
41285.483,-70.291
41285.569,-70.291
41285.670,-70.291
41285.790,-70.291
41285.896,-70.291
41285.988,-70.291
41286.089,-70.291
41286.185,-70.291
41286.302,-70.291
41286.405,-70.291
41286.432,-70.291
41286.530,-70.291
41286.704,-70.291
41336.731,-70.291
41336.827,-70.291
41336.951,-70.291
41337.037,-70.291
41337.214,-70.291
41337.244,-70.291
41337.342,-70.291
41337.446,-70.291
41337.547,-70.291
41337.648,-70.291
41337.731,-70.291
41337.829,-70.291
41337.932,-70.291
41338.050,-70.291
41338.138,-70.291
41338.258,-70.291
41338.342,-70.291
41338.445,-70.291
41338.554,-70.291
41338.652,-70.291
41338.788,-70.291
41338.854,-70.291
41338.976,-70.291
41339.059,-70.291
41339.160,-70.291
41339.223,-70.291
41339.322,-70.291
41339.430,-70.291
41339.538,-70.291
41339.660,-70.291
41339.748,-70.291
41339.888,-70.291
41339.962,-70.291
41340.084,-70.291
41340.180,-70.291
41340.302,-70.291
41340.329,-70.291
41340.423,-70.291
41340.522,-70.291
41340.626,-70.291
41340.726,-70.291
41340.849,-70.291
41340.920,-70.291
41341.016,-70.291
41341.131,-70.291
41341.233,-70.291
41341.344,-70.291
41341.418,-70.291
41341.516,-70.291
41341.619,-70.291
41341.729,-70.291
41341.822,-70.291
41341.927,-70.291
41342.028,-70.291
41342.138,-70.291
41342.236,-70.291
41342.336,-70.291
41342.437,-70.291
41342.538,-70.291
41342.650,-70.291
41342.726,-70.291
41342.829,-70.291
41342.908,-70.291
41343.013,-70.291
41343.114,-70.291
41343.222,-70.291
41343.329,-70.291
41343.435,-70.291
41343.567,-70.291
41343.606,-70.291
41343.758,-70.291
41343.810,-70.291
41343.976,-70.291
41344.006,-70.291
41344.170,-70.291
41344.272,-70.291
41344.322,-70.291
41344.418,-70.291
41344.513,-70.291
41344.611,-70.291
41344.714,-70.291
41344.817,-70.291
41344.920,-70.291
41345.035,-70.291
41345.103,-70.291
41345.202,-70.291
41345.304,-70.291
41345.402,-70.291
41345.511,-70.291
41345.611,-70.291
41345.712,-70.291
41345.815,-70.291
41345.918,-70.291
41346.021,-70.291
41346.138,-70.291
41346.224,-70.291
41346.322,-70.291
41346.440,-70.291
41346.505,-70.291
41346.638,-70.291
41396.734,-70.291
41396.834,-70.291
41396.942,-70.291
41397.030,-70.291
41397.150,-70.291
41397.204,-70.291
41397.312,-70.291
41397.412,-70.291
41397.516,-70.291
41397.652,-70.291
41397.702,-70.291
41397.795,-70.291
41397.897,-70.291
41398.000,-70.291
41398.104,-70.291
41398.204,-70.291
41398.309,-70.291
41398.410,-70.291
41398.493,-70.291
41398.599,-70.291
41398.711,-70.291
41398.807,-70.291
41398.905,-70.291
41398.994,-70.291
41399.130,-70.291
41399.202,-70.291
41399.300,-70.291
41399.393,-70.291
41399.489,-70.291
41399.609,-70.291
41399.707,-70.291
41399.812,-70.291
41399.920,-70.291
41400.018,-70.291
41400.114,-70.291
41400.226,-70.291
41400.322,-70.291
41400.420,-70.291
41400.523,-70.291
41400.619,-70.291
41400.738,-70.291
41400.837,-70.291
41400.886,-70.291
41401.033,-70.291
41401.084,-70.291
41401.246,-70.291
41401.283,-70.291
41401.383,-70.291
41401.548,-70.291
41401.604,-70.291
41401.696,-70.291
41401.793,-70.291
41401.890,-70.291
41402.062,-70.291
41402.131,-70.291
41402.182,-70.291
41402.283,-70.291
41402.386,-70.291
41402.491,-70.291
41402.589,-70.291
41402.697,-70.291
41402.800,-70.291
41402.898,-70.291
41402.994,-70.291
41403.096,-70.291
41403.192,-70.291
41403.288,-70.291
41403.386,-70.291
41403.491,-70.291
41403.599,-70.291
41403.697,-70.291
41403.795,-70.291
41403.900,-70.291
41403.994,-70.291
41404.116,-70.291
41404.222,-70.291
41404.310,-70.291
41404.407,-70.291
41404.527,-70.291
41404.609,-70.291
41404.729,-70.291
41404.824,-70.291
41404.878,-70.291
41405.028,-70.291
41405.079,-70.291
41405.239,-70.291
41405.290,-70.291
41405.375,-70.291
41405.469,-70.291
41405.570,-70.291
41405.668,-70.291
41405.788,-70.291
41405.886,-70.291
41405.994,-70.291
41406.084,-70.291
41406.177,-70.291
41406.275,-70.291
41406.381,-70.291
41406.473,-70.291
41406.569,-70.291
41406.685,-70.291
41456.795,-70.291
41456.880,-70.291
41456.976,-70.291
41457.072,-70.291
41457.187,-70.291
41457.282,-70.291
41457.378,-70.291
41457.500,-70.291
41457.599,-70.291
41457.692,-70.291
41457.793,-70.291
41457.898,-70.291
41458.011,-70.291
41458.108,-70.291
41458.204,-70.291
41458.310,-70.291
41458.408,-70.291
41458.508,-70.291
41458.560,-70.291
41458.729,-70.291
41458.761,-70.291
41458.924,-70.291
41459.000,-70.291
41459.065,-70.291
41459.160,-70.291
41459.258,-70.291
41459.369,-70.291
41459.472,-70.291
41459.570,-70.291
41459.665,-70.291
41459.760,-70.291
41459.866,-70.291
41459.976,-70.291
41460.076,-70.291
41460.172,-70.291
41460.268,-70.291
41460.366,-70.291
41460.471,-70.291
41460.572,-70.291
41460.699,-70.291
41460.758,-70.291
41460.883,-70.291
41460.966,-70.291
41461.065,-70.291
41461.175,-70.291
41461.277,-70.291
41461.356,-70.291
41461.478,-70.291
41461.577,-70.291
41461.687,-70.291
41461.783,-70.291
41461.900,-70.291
41461.986,-70.291
41462.106,-70.291
41462.202,-70.291
41462.307,-70.291
41462.349,-70.291
41462.508,-70.291
41462.606,-70.291
41462.719,-70.291
41462.748,-70.291
41462.913,-70.291
41463.015,-70.291
41463.111,-70.291
41463.217,-70.291
41463.263,-70.291
41463.359,-70.291
41463.457,-70.291
41463.554,-70.291
41463.652,-70.291
41463.748,-70.291
41463.847,-70.291
41463.945,-70.291
41464.043,-70.291
41464.147,-70.291
41464.256,-70.291
41464.356,-70.291
41464.452,-70.291
41464.557,-70.291
41464.653,-70.291
41464.753,-70.291
41464.854,-70.291
41464.973,-70.291
41465.070,-70.291
41465.168,-70.291
41465.246,-70.291
41465.381,-70.291
41465.474,-70.291
41465.577,-70.291
41465.685,-70.291
41465.782,-70.291
41465.878,-70.291
41465.984,-70.291
41466.096,-70.291
41466.197,-70.291
41466.293,-70.291
41466.395,-70.291
41466.445,-70.291
41466.559,-70.291
41466.636,-70.291
41516.741,-70.291
41516.841,-70.291
41516.942,-70.291
41517.052,-70.291
41517.150,-70.291
41517.236,-70.291
41517.339,-70.291
41517.452,-70.291
41517.555,-70.291
41517.650,-70.291
41517.748,-70.291
41517.844,-70.291
41517.942,-70.291
41518.037,-70.291
41518.133,-70.291
41518.233,-70.291
41518.331,-70.291
41518.449,-70.291
41518.555,-70.291
41518.645,-70.291
41518.744,-70.291
41518.864,-70.291
41518.942,-70.291
41519.062,-70.291
41519.163,-70.291
41519.258,-70.291
41519.361,-70.291
41519.456,-70.291
41519.579,-70.291
41519.660,-70.291
41519.772,-70.291
41519.866,-70.291
41519.986,-70.291
41520.027,-70.291
41520.187,-70.291
41520.285,-70.291
41520.393,-70.291
41520.484,-70.291
41520.540,-70.291
41520.631,-70.291
41520.731,-70.291
41520.829,-70.291
41520.925,-70.291
41521.025,-70.291
41521.128,-70.291
41521.241,-70.291
41521.408,-70.291
41521.437,-70.291
41521.543,-70.291
41521.638,-70.291
41521.741,-70.291
41521.864,-70.291
41521.940,-70.291
41522.040,-70.291
41522.121,-70.291
41522.229,-70.291
41522.329,-70.291
41522.432,-70.291
41522.535,-70.291
41522.618,-70.291
41522.739,-70.291
41522.826,-70.291
41522.967,-70.291
41523.033,-70.291
41523.158,-70.291
41523.251,-70.291
41523.332,-70.291
41523.500,-70.291
41523.574,-70.291
41523.668,-70.291
41523.770,-70.291
41523.869,-70.291
41523.972,-70.291
41524.022,-70.291
41524.121,-70.291
41524.214,-70.291
41524.312,-70.291
41524.479,-70.291
41524.530,-70.291
41524.623,-70.291
41524.722,-70.291
41524.827,-70.291
41524.924,-70.291
41525.022,-70.291
41525.121,-70.291
41525.214,-70.291
41525.329,-70.291
41525.427,-70.291
41525.540,-70.291
41525.623,-70.291
41525.719,-70.291
41525.815,-70.291
41525.908,-70.291
41526.020,-70.291
41526.116,-70.291
41526.236,-70.291
41526.317,-70.291
41526.437,-70.291
41526.533,-70.291
41526.641,-70.291
41526.709,-70.291
41576.809,-70.291
41576.908,-70.291
41577.052,-70.291
41577.121,-70.291
41577.228,-70.291
41577.351,-70.291
41577.452,-70.291
41577.550,-70.291
41577.670,-70.291
41577.750,-70.291
41577.809,-70.291
41577.898,-70.291
41578.065,-70.291
41578.111,-70.291
41578.214,-70.291
41578.310,-70.291
41578.410,-70.291
41578.503,-70.291
41578.599,-70.291
41578.719,-70.291
41578.817,-70.291
41578.915,-70.291
41579.013,-70.291
41579.108,-70.291
41579.238,-70.291
41579.315,-70.291
41579.398,-70.291
41579.496,-70.291
41579.625,-70.291
41579.714,-70.291
41579.810,-70.291
41579.910,-70.291
41580.003,-70.291
41580.106,-70.291
41580.209,-70.291
41580.315,-70.291
41580.408,-70.291
41580.516,-70.291
41580.592,-70.291
41580.699,-70.291
41580.802,-70.291
41580.905,-70.291
41581.015,-70.291
41581.140,-70.291
41581.190,-70.291
41581.288,-70.291
41581.462,-70.291
41581.491,-70.291
41581.653,-70.291
41581.753,-70.291
41581.788,-70.291
41581.897,-70.291
41581.998,-70.291
41582.094,-70.291
41582.204,-70.291
41582.302,-70.291
41582.398,-70.291
41582.521,-70.291
41582.616,-70.291
41582.690,-70.291
41582.785,-70.291
41582.888,-70.291
41582.998,-70.291
41583.094,-70.291
41583.190,-70.291
41583.300,-70.291
41583.397,-70.291
41583.494,-70.291
41583.591,-70.291
41583.697,-70.291
41583.812,-70.291
41583.910,-70.291
41583.991,-70.291
41584.099,-70.291
41584.219,-70.291
41584.317,-70.291
41584.427,-70.291
41584.501,-70.291
41584.582,-70.291
41584.695,-70.291
41584.817,-70.291
41584.937,-70.291
41584.994,-70.291
41585.138,-70.291
41585.201,-70.291
41585.305,-70.291
41585.380,-70.291
41585.484,-70.291
41585.591,-70.291
41585.689,-70.291
41585.785,-70.291
41585.895,-70.291
41585.974,-70.291
41586.077,-70.291
41586.196,-70.291
41586.293,-70.291
41586.388,-70.291
41586.486,-70.291
41586.591,-70.291
41586.689,-70.291
39476.783,-70.291
39476.880,-70.291
39476.976,-70.291
39477.092,-70.291
39477.190,-70.291
39477.322,-70.291
39477.396,-70.291
39477.493,-70.291
39477.587,-70.291
39477.682,-70.291
39477.805,-70.291
39477.902,-70.291
39477.998,-70.291
39478.104,-70.291
39478.201,-70.291
39478.297,-70.291
39478.405,-70.291
39478.513,-70.291
39478.631,-70.291
39478.729,-70.291
39478.812,-70.291
39478.932,-70.291
39479.028,-70.291
39479.136,-70.291
39479.229,-70.291
39479.280,-70.291
39479.380,-70.291
39479.474,-70.291
39479.572,-70.291
39479.673,-70.291
39479.768,-70.291
39479.871,-70.291
39479.984,-70.291
39480.081,-70.291
39480.185,-70.291
39480.285,-70.291
39480.381,-70.291
39480.466,-70.291
39480.565,-70.291
39480.677,-70.291
39480.780,-70.291
39480.881,-70.291
39480.974,-70.291
39481.070,-70.291
39481.168,-70.291
39481.273,-70.291
39481.381,-70.291
39481.479,-70.291
39481.570,-70.291
39481.709,-70.291
39481.798,-70.291
39481.896,-70.291
39481.994,-70.291
39482.086,-70.291
39482.212,-70.291
39482.309,-70.291
39482.407,-70.291
39482.513,-70.291
39482.609,-70.291
39482.709,-70.291
39482.760,-70.291
39482.859,-70.291
39483.021,-70.291
39483.119,-70.291
39483.224,-70.291
39483.315,-70.291
39483.366,-70.291
39483.464,-70.291
39483.570,-70.291
39483.668,-70.291
39483.771,-70.291
39483.868,-70.291
39483.954,-70.291
39484.050,-70.291
39484.170,-70.291
39484.251,-70.291
39484.351,-70.291
39484.493,-70.291
39484.567,-70.291
39484.650,-70.291
39484.761,-70.291
39484.869,-70.291
39484.966,-70.291
39485.060,-70.291
39485.158,-70.291
39485.278,-70.291
39485.381,-70.291
39485.469,-70.291
39485.589,-70.291
39485.687,-70.291
39485.795,-70.291
39485.893,-70.291
39485.945,-70.291
39486.119,-70.291
39486.163,-70.291
39486.293,-70.291
39486.344,-70.291
39486.484,-70.291
39486.599,-70.291
39486.653,-70.291
39536.751,-70.291
39536.854,-70.291
39536.959,-70.291
39537.055,-70.291
39537.155,-70.291
39537.255,-70.291
39537.356,-70.291
39537.452,-70.291
39537.549,-70.291
39537.657,-70.291
39537.753,-70.291
39537.864,-70.291
39537.957,-70.291
39538.045,-70.291
39538.141,-70.291
39538.241,-70.291
39538.347,-70.291
39538.442,-70.291
39538.538,-70.291
39538.658,-70.291
39538.760,-70.291
39538.853,-70.291
39538.949,-70.291
39539.059,-70.291
39539.170,-70.291
39539.268,-70.291
39539.361,-70.291
39539.471,-70.291
39539.567,-70.291
39539.687,-70.291
39539.793,-70.291
39539.834,-70.291
39539.988,-70.291
39540.084,-70.291
39540.184,-70.291
39540.234,-70.291
39540.358,-70.291
39540.466,-70.291
39540.572,-70.291
39540.694,-70.291
39540.744,-70.291
39540.896,-70.291
39540.937,-70.291
39541.035,-70.291
39541.133,-70.291
39541.229,-70.291
39541.334,-70.291
39541.435,-70.291
39541.545,-70.291
39541.630,-70.291
39541.739,-70.291
39541.837,-70.291
39541.934,-70.291
39542.043,-70.291
39542.138,-70.291
39542.239,-70.291
39542.337,-70.291
39542.435,-70.291
39542.530,-70.291
39542.653,-70.291
39542.746,-70.291
39542.848,-70.291
39542.942,-70.291
39543.062,-70.291
39543.146,-70.291
39543.266,-70.291
39543.364,-70.291
39543.469,-70.291
39543.555,-70.291
39543.675,-70.291
39543.772,-70.291
39543.881,-70.291
39543.979,-70.291
39544.077,-70.291
39544.128,-70.291
39544.228,-70.291
39544.349,-70.291
39544.432,-70.291
39544.532,-70.291
39544.619,-70.291
39544.739,-70.291
39544.824,-70.291
39544.940,-70.291
39545.016,-70.291
39545.123,-70.291
39545.219,-70.291
39545.329,-70.291
39545.427,-70.291
39545.525,-70.291
39545.619,-70.291
39545.717,-70.291
39545.815,-70.291
39545.935,-70.291
39546.043,-70.291
39546.114,-70.291
39546.234,-70.291
39546.332,-70.291
39546.423,-70.291
39546.542,-70.291
39546.643,-70.291
39596.736,-70.291
39596.847,-70.291
39596.944,-70.291
39597.038,-70.291
39597.143,-70.291
39597.256,-70.291
39597.353,-70.291
39597.447,-70.291
39597.555,-70.291
39597.631,-70.291
39597.775,-70.291
39597.880,-70.291
39597.969,-70.291
39598.018,-70.291
39598.109,-70.291
39598.266,-70.291
39598.322,-70.291
39598.415,-70.291
39598.520,-70.291
39598.618,-70.291
39598.728,-70.291
39598.824,-70.291
39598.925,-70.291
39599.006,-70.291
39599.118,-70.291
39599.206,-70.291
39599.310,-70.291
39599.422,-70.291
39599.545,-70.291
39599.606,-70.291
39599.716,-70.291
39599.817,-70.291
39599.925,-70.291
39600.021,-70.291
39600.130,-70.291
39600.226,-70.291
39600.322,-70.291
39600.417,-70.291
39600.518,-70.291
39600.638,-70.291
39600.734,-70.291
39600.827,-70.291
39600.949,-70.291
39601.049,-70.291
39601.145,-70.291
39601.255,-70.291
39601.351,-70.291
39601.454,-70.291
39601.554,-70.291
39601.601,-70.291
39601.761,-70.291
39601.859,-70.291
39601.966,-70.291
39602.062,-70.291
39602.116,-70.291
39602.206,-70.291
39602.314,-70.291
39602.410,-70.291
39602.506,-70.291
39602.604,-70.291
39602.704,-70.291
39602.799,-70.291
39602.897,-70.291
39602.993,-70.291
39603.094,-70.291
39603.212,-70.291
39603.312,-70.291
39603.391,-70.291
39603.506,-70.291
39603.604,-70.291
39603.699,-70.291
39603.804,-70.291
39603.898,-70.291
39604.018,-70.291
39604.126,-70.291
39604.219,-70.291
39604.307,-70.291
39604.429,-70.291
39604.538,-70.291
39604.636,-70.291
39604.731,-70.291
39604.832,-70.291
39604.896,-70.291
39604.994,-70.291
39605.096,-70.291
39605.229,-70.291
39605.307,-70.291
39605.418,-70.291
39605.494,-70.291
39605.597,-70.291
39605.750,-70.291
39605.802,-70.291
39605.962,-70.291
39606.003,-70.291
39606.084,-70.291
39606.182,-70.291
39606.285,-70.291
39606.400,-70.291
39606.494,-70.291
39606.594,-70.291
39606.701,-70.291
39656.788,-70.291
39656.885,-70.291
39656.983,-70.291
39657.089,-70.291
39657.185,-70.291
39657.282,-70.291
39657.378,-70.291
39657.503,-70.291
39657.599,-70.291
39657.695,-70.291
39657.807,-70.291
39657.913,-70.291
39658.010,-70.291
39658.106,-70.291
39658.214,-70.291
39658.288,-70.291
39658.408,-70.291
39658.537,-70.291
39658.609,-70.291
39658.728,-70.291
39658.824,-70.291
39658.917,-70.291
39659.042,-70.291
39659.136,-70.291
39659.231,-70.291
39659.341,-70.291
39659.439,-70.291
39659.538,-70.291
39659.591,-70.291
39659.687,-70.291
39659.785,-70.291
39659.881,-70.291
39660.050,-70.291
39660.077,-70.291
39660.195,-70.291
39660.273,-70.291
39660.398,-70.291
39660.481,-70.291
39660.582,-70.291
39660.692,-70.291
39660.787,-70.291
39660.880,-70.291
39660.976,-70.291
39661.074,-70.291
39661.180,-70.291
39661.273,-70.291
39661.393,-70.291
39661.476,-70.291
39661.589,-70.291
39661.690,-70.291
39661.788,-70.291
39661.888,-70.291
39662.008,-70.291
39662.104,-70.291
39662.211,-70.291
39662.273,-70.291
39662.418,-70.291
39662.513,-70.291
39662.623,-70.291
39662.719,-70.291
39662.815,-70.291
39662.866,-70.291
39663.016,-70.291
39663.067,-70.291
39663.165,-70.291
39663.261,-70.291
39663.361,-70.291
39663.527,-70.291
39663.579,-70.291
39663.680,-70.291
39663.780,-70.291
39663.875,-70.291
39663.974,-70.291
39664.072,-70.291
39664.179,-70.291
39664.280,-70.291
39664.359,-70.291
39664.461,-70.291
39664.571,-70.291
39664.673,-70.291
39664.785,-70.291
39664.863,-70.291
39664.962,-70.291
39665.074,-70.291
39665.162,-70.291
39665.263,-70.291
39665.385,-70.291
39665.489,-70.291
39665.589,-70.291
39665.685,-70.291
39665.783,-70.291
39665.890,-70.291
39665.998,-70.291
39666.094,-70.291
39666.194,-70.291
39666.298,-70.291
39666.396,-70.291
39666.515,-70.291
39666.621,-70.291
39716.711,-70.291
39716.810,-70.291
39716.859,-70.291
39716.961,-70.291
39717.057,-70.291
39717.153,-70.291
39717.251,-70.291
39717.359,-70.291
39717.449,-70.291
39717.552,-70.291
39717.652,-70.291
39717.748,-70.291
39717.848,-70.291
39718.040,-70.291
39718.048,-70.291
39718.160,-70.291
39718.256,-70.291
39718.361,-70.291
39718.459,-70.291
39718.543,-70.291
39718.650,-70.291
39718.756,-70.291
39718.871,-70.291
39718.961,-70.291
39719.057,-70.291
39719.163,-70.291
39719.263,-70.291
39719.369,-70.291
39719.451,-70.291
39719.584,-70.291
39719.679,-70.291
39719.778,-70.291
39719.873,-70.291
39720.000,-70.291
39720.094,-70.291
39720.192,-70.291
39720.248,-70.291
39720.339,-70.291
39720.503,-70.291
39720.601,-70.291
39720.709,-70.291
39720.805,-70.291
39720.900,-70.291
39720.954,-70.291
39721.057,-70.291
39721.148,-70.291
39721.246,-70.291
39721.344,-70.291
39721.445,-70.291
39721.547,-70.291
39721.641,-70.291
39721.765,-70.291
39721.844,-70.291
39721.942,-70.291
39722.038,-70.291
39722.135,-70.291
39722.246,-70.291
39722.342,-70.291
39722.440,-70.291
39722.545,-70.291
39722.643,-70.291
39722.761,-70.291
39722.869,-70.291
39722.961,-70.291
39723.042,-70.291
39723.150,-70.291
39723.251,-70.291
39723.354,-70.291
39723.435,-70.291
39723.545,-70.291
39723.646,-70.291
39723.753,-70.291
39723.875,-70.291
39723.971,-70.291
39724.086,-70.291
39724.182,-70.291
39724.231,-70.291
39724.388,-70.291
39724.440,-70.291
39724.530,-70.291
39724.626,-70.291
39724.729,-70.291
39724.832,-70.291
39724.930,-70.291
39725.027,-70.291
39725.143,-70.291
39725.239,-70.291
39725.342,-70.291
39725.442,-70.291
39725.537,-70.291
39725.625,-70.291
39725.724,-70.291
39725.834,-70.291
39725.932,-70.291
39726.028,-70.291
39726.128,-70.291
39726.222,-70.291
39726.342,-70.291
39726.437,-70.291
39726.543,-70.291
39726.631,-70.291
39776.756,-70.291
39776.849,-70.291
39776.957,-70.291
39777.052,-70.291
39777.148,-70.291
39777.280,-70.291
39777.348,-70.291
39777.469,-70.291
39777.565,-70.291
39777.646,-70.291
39777.756,-70.291
39777.878,-70.291
39777.969,-70.291
39778.013,-70.291
39778.118,-70.291
39778.214,-70.291
39778.383,-70.291
39778.422,-70.291
39778.518,-70.291
39778.648,-70.291
39778.793,-70.291
39778.822,-70.291
39778.932,-70.291
39779.013,-70.291
39779.116,-70.291
39779.243,-70.291
39779.327,-70.291
39779.410,-70.291
39779.523,-70.291
39779.619,-70.291
39779.716,-70.291
39779.812,-70.291
39779.920,-70.291
39780.016,-70.291
39780.113,-70.291
39780.219,-70.291
39780.332,-70.291
39780.429,-70.291
39780.527,-70.291
39780.631,-70.291
39780.726,-70.291
39780.849,-70.291
39780.954,-70.291
39781.035,-70.291
39781.155,-70.291
39781.250,-70.291
39781.341,-70.291
39781.461,-70.291
39781.559,-70.291
39781.653,-70.291
39781.758,-70.291
39781.809,-70.291
39781.902,-70.291
39782.023,-70.291
39782.106,-70.291
39782.207,-70.291
39782.302,-70.291
39782.440,-70.291
39782.518,-70.291
39782.603,-70.291
39782.706,-70.291
39782.815,-70.291
39782.910,-70.291
39783.013,-70.291
39783.109,-70.291
39783.202,-70.291
39783.300,-70.291
39783.423,-70.291
39783.498,-70.291
39783.616,-70.291
39783.719,-70.291
39783.814,-70.291
39783.902,-70.291
39784.006,-70.291
39784.126,-70.291
39784.197,-70.291
39784.329,-70.291
39784.427,-70.291
39784.525,-70.291
39784.631,-70.291
39784.739,-70.291
39784.837,-70.291
39784.935,-70.291
39785.042,-70.291
39785.136,-70.291
39785.234,-70.291
39785.390,-70.291
39785.393,-70.291
39785.554,-70.291
39785.652,-70.291
39785.697,-70.291
39785.802,-70.291
39785.896,-70.291
39785.993,-70.291
39786.099,-70.291
39786.204,-70.291
39786.302,-70.291
39786.398,-70.291
39786.494,-70.291
39786.611,-70.291
39786.707,-70.291
40076.788,-70.291
40076.903,-70.291
40076.998,-70.291
40077.096,-70.291
40077.202,-70.291
40077.307,-70.291
40077.403,-70.291
40077.500,-70.291
40077.587,-70.291
40077.711,-70.291
40077.807,-70.291
40077.900,-70.291
40077.998,-70.291
40078.099,-70.291
40078.202,-70.291
40078.305,-70.291
40078.383,-70.291
40078.491,-70.291
40078.592,-70.291
40078.696,-70.291
40078.797,-70.291
40078.900,-70.291
40079.003,-70.291
40079.108,-70.291
40079.182,-70.291
40079.280,-70.291
40079.381,-70.291
40079.543,-70.291
40079.638,-70.291
40079.692,-70.291
40079.800,-70.291
40079.900,-70.291
40079.984,-70.291
40080.081,-70.291
40080.180,-70.291
40080.275,-70.291
40080.397,-70.291
40080.476,-70.291
40080.579,-70.291
40080.699,-70.291
40080.797,-70.291
40080.878,-70.291
40080.989,-70.291
40081.084,-70.291
40081.182,-70.291
40081.288,-70.291
40081.385,-70.291
40081.505,-70.291
40081.613,-70.291
40081.701,-70.291
40081.798,-70.291
40081.898,-70.291
40081.991,-70.291
40082.116,-70.291
40082.212,-70.291
40082.309,-70.291
40082.417,-70.291
40082.515,-70.291
40082.609,-70.291
40082.685,-70.291
40082.829,-70.291
40082.927,-70.291
40083.023,-70.291
40083.126,-70.291
40083.177,-70.291
40083.275,-70.291
40083.369,-70.291
40083.474,-70.291
40083.576,-70.291
40083.741,-70.291
40083.770,-70.291
40083.881,-70.291
40083.986,-70.291
40084.072,-70.291
40084.214,-70.291
40084.270,-70.291
40084.369,-70.291
40084.474,-70.291
40084.574,-70.291
40084.684,-70.291
40084.768,-70.291
40084.864,-70.291
40084.964,-70.291
40085.071,-70.291
40085.175,-70.291
40085.287,-70.291
40085.376,-70.291
40085.462,-70.291
40085.582,-70.291
40085.699,-70.291
40085.768,-70.291
40085.888,-70.291
40085.984,-70.291
40086.092,-70.291
40086.212,-70.291
40086.309,-70.291
40086.390,-70.291
40086.498,-70.291
40086.616,-70.291
40136.714,-70.291
40136.758,-70.291
40136.923,-70.291
40137.021,-70.291
40137.126,-70.291
40137.168,-70.291
40137.272,-70.291
40137.422,-70.291
40137.537,-70.291
40137.564,-70.291
40137.660,-70.291
40137.758,-70.291
40137.859,-70.291
40137.972,-70.291
40138.071,-70.291
40138.173,-70.291
40138.261,-70.291
40138.356,-70.291
40138.456,-70.291
40138.550,-70.291
40138.663,-70.291
40138.761,-70.291
40138.859,-70.291
40138.962,-70.291
40139.076,-70.291
40139.170,-70.291
40139.268,-70.291
40139.373,-70.291
40139.498,-70.291
40139.594,-70.291
40139.670,-70.291
40139.766,-70.291
40139.849,-70.291
40139.949,-70.291
40140.065,-70.291
40140.158,-70.291
40140.261,-70.291
40140.432,-70.291
40140.466,-70.291
40140.567,-70.291
40140.673,-70.291
40140.748,-70.291
40140.847,-70.291
40140.959,-70.291
40141.062,-70.291
40141.212,-70.291
40141.248,-70.291
40141.344,-70.291
40141.462,-70.291
40141.557,-70.291
40141.655,-70.291
40141.751,-70.291
40141.856,-70.291
40141.947,-70.291
40142.045,-70.291
40142.141,-70.291
40142.272,-70.291
40142.363,-70.291
40142.456,-70.291
40142.552,-70.291
40142.638,-70.291
40142.750,-70.291
40142.869,-70.291
40142.966,-70.291
40143.050,-70.291
40143.170,-70.291
40143.268,-70.291
40143.371,-70.291
40143.459,-70.291
40143.579,-70.291
40143.677,-70.291
40143.783,-70.291
40143.834,-70.291
40143.942,-70.291
40144.045,-70.291
40144.155,-70.291
40144.253,-70.291
40144.356,-70.291
40144.432,-70.291
40144.589,-70.291
40144.641,-70.291
40144.744,-70.291
40144.841,-70.291
40144.944,-70.291
40145.035,-70.291
40145.153,-70.291
40145.234,-70.291
40145.354,-70.291
40145.449,-70.291
40145.547,-70.291
40145.646,-70.291
40145.744,-70.291
40145.841,-70.291
40145.945,-70.291
40146.038,-70.291
40146.135,-70.291
40146.231,-70.291
40146.327,-70.291
40146.452,-70.291
40146.545,-70.291
40146.641,-70.291
40196.750,-70.291
40196.847,-70.291
40196.946,-70.291
40197.049,-70.291
40197.160,-70.291
40197.263,-70.291
40197.364,-70.291
40197.467,-70.291
40197.570,-70.291
40197.680,-70.291
40197.783,-70.291
40197.876,-70.291
40197.979,-70.291
40198.082,-70.291
40198.192,-70.291
40198.221,-70.291
40198.391,-70.291
40198.518,-70.291
40198.535,-70.291
40198.631,-70.291
40198.729,-70.291
40198.831,-70.291
40198.934,-70.291
40199.035,-70.291
40199.135,-70.291
40199.253,-70.291
40199.327,-70.291
40199.430,-70.291
40199.530,-70.291
40199.619,-70.291
40199.716,-70.291
40199.839,-70.291
40199.935,-70.291
40200.030,-70.291
40200.131,-70.291
40200.228,-70.291
40200.327,-70.291
40200.449,-70.291
40200.523,-70.291
40200.645,-70.291
40200.722,-70.291
40200.856,-70.291
40200.952,-70.291
40201.052,-70.291
40201.168,-70.291
40201.263,-70.291
40201.361,-70.291
40201.456,-70.291
40201.565,-70.291
40201.665,-70.291
40201.768,-70.291
40201.871,-70.291
40201.973,-70.291
40202.077,-70.291
40202.192,-70.291
40202.211,-70.291
40202.383,-70.291
40202.413,-70.291
40202.508,-70.291
40202.626,-70.291
40202.717,-70.291
40202.826,-70.291
40202.927,-70.291
40203.025,-70.291
40203.109,-70.291
40203.211,-70.291
40203.319,-70.291
40203.417,-70.291
40203.518,-70.291
40203.619,-70.291
40203.714,-70.291
40203.822,-70.291
40203.905,-70.291
40204.028,-70.291
40204.109,-70.291
40204.214,-70.291
40204.321,-70.291
40204.442,-70.291
40204.506,-70.291
40204.626,-70.291
40204.711,-70.291
40204.841,-70.291
40204.937,-70.291
40205.035,-70.291
40205.131,-70.291
40205.246,-70.291
40205.339,-70.291
40205.462,-70.291
40205.545,-70.291
40205.665,-70.291
40205.719,-70.291
40205.868,-70.291
40205.956,-70.291
40206.008,-70.291
40206.113,-70.291
40206.207,-70.291
40206.302,-70.291
40206.403,-70.291
40206.501,-70.291
40206.603,-70.291
40256.716,-70.291
40256.815,-70.291
40256.915,-70.291
40257.001,-70.291
40257.097,-70.291
40257.194,-70.291
40257.339,-70.291
40257.415,-70.291
40257.510,-70.291
40257.608,-70.291
40257.704,-70.291
40257.814,-70.291
40257.913,-70.291
40258.013,-70.291
40258.116,-70.291
40258.214,-70.291
40258.307,-70.291
40258.440,-70.291
40258.513,-70.291
40258.619,-70.291
40258.695,-70.291
40258.844,-70.291
40258.907,-70.291
40259.033,-70.291
40259.116,-70.291
40259.244,-70.291
40259.341,-70.291
40259.393,-70.291
40259.543,-70.291
40259.587,-70.291
40259.751,-70.291
40259.849,-70.291
40259.956,-70.291
40259.984,-70.291
40260.096,-70.291
40260.192,-70.291
40260.300,-70.291
40260.400,-70.291
40260.494,-70.291
40260.598,-70.291
40260.689,-70.291
40260.787,-70.291
40260.886,-70.291
40260.984,-70.291
40261.084,-70.291
40261.182,-70.291
40261.282,-70.291
40261.403,-70.291
40261.500,-70.291
40261.599,-70.291
40261.696,-70.291
40261.788,-70.291
40261.908,-70.291
40262.006,-70.291
40262.114,-70.291
40262.199,-70.291
40262.320,-70.291
40262.396,-70.291
40262.528,-70.291
40262.582,-70.291
40262.690,-70.291
40262.793,-70.291
40262.898,-70.291
40262.998,-70.291
40263.104,-70.291
40263.217,-70.291
40263.280,-70.291
40263.442,-70.291
40263.540,-70.291
40263.587,-70.291
40263.680,-70.291
40263.782,-70.291
40263.954,-70.291
40263.996,-70.291
40264.089,-70.291
40264.190,-70.291
40264.285,-70.291
40264.393,-70.291
40264.489,-70.291
40264.587,-70.291
40264.687,-70.291
40264.775,-70.291
40264.873,-70.291
40264.967,-70.291
40265.091,-70.291
40265.189,-70.291
40265.283,-70.291
40265.383,-70.291
40265.491,-70.291
40265.589,-70.291
40265.682,-70.291
40265.790,-70.291
40265.903,-70.291
40266.001,-70.291
40266.103,-70.291
40266.201,-70.291
40266.277,-70.291
40266.398,-70.291
40266.525,-70.291
40266.616,-70.291
40266.709,-70.291
40316.807,-70.291
40316.937,-70.291
40316.964,-70.291
40317.062,-70.291
40317.194,-70.291
40317.302,-70.291
40317.410,-70.291
40317.462,-70.291
40317.564,-70.291
40317.675,-70.291
40317.772,-70.291
40317.869,-70.291
40317.971,-70.291
40318.072,-70.291
40318.170,-70.291
40318.273,-70.291
40318.363,-70.291
40318.479,-70.291
40318.581,-70.291
40318.675,-70.291
40318.773,-70.291
40318.871,-70.291
40318.969,-70.291
40319.065,-70.291
40319.168,-70.291
40319.285,-70.291
40319.380,-70.291
40319.464,-70.291
40319.579,-70.291
40319.697,-70.291
40319.792,-70.291
40319.900,-70.291
40320.000,-70.291
40320.097,-70.291
40320.201,-70.291
40320.265,-70.291
40320.412,-70.291
40320.532,-70.291
40320.611,-70.291
40320.709,-70.291
40320.805,-70.291
40320.908,-70.291
40320.959,-70.291
40321.064,-70.291
40321.153,-70.291
40321.256,-70.291
40321.373,-70.291
40321.467,-70.291
40321.565,-70.291
40321.672,-70.291
40321.763,-70.291
40321.859,-70.291
40321.957,-70.291
40322.060,-70.291
40322.170,-70.291
40322.268,-70.291
40322.369,-70.291
40322.449,-70.291
40322.570,-70.291
40322.665,-70.291
40322.773,-70.291
40322.849,-70.291
40322.969,-70.291
40323.067,-70.291
40323.155,-70.291
40323.275,-70.291
40323.373,-70.291
40323.462,-70.291
40323.576,-70.291
40323.673,-70.291
40323.793,-70.291
40323.876,-70.291
40323.993,-70.291
40324.089,-70.291
40324.187,-70.291
40324.287,-70.291
40324.408,-70.291
40324.501,-70.291
40324.609,-70.291
40324.697,-70.291
40324.748,-70.291
40324.842,-70.291
40325.023,-70.291
40325.050,-70.291
40325.148,-70.291
40325.244,-70.291
40325.344,-70.291
40325.457,-70.291
40325.540,-70.291
40325.662,-70.291
40325.748,-70.291
40325.846,-70.291
40325.944,-70.291
40326.038,-70.291
40326.150,-70.291
40326.244,-70.291
40326.342,-70.291
40326.449,-70.291
40326.537,-70.291
40326.658,-70.291
40376.734,-70.291
40376.859,-70.291
40376.946,-70.291
40377.055,-70.291
40377.136,-70.291
40377.243,-70.291
40377.366,-70.291
40377.461,-70.291
40377.550,-70.291
40377.684,-70.291
40377.778,-70.291
40377.876,-70.291
40377.988,-70.291
40378.082,-70.291
40378.177,-70.291
40378.229,-70.291
40378.334,-70.291
40378.494,-70.291
40378.587,-70.291
40378.697,-70.291
40378.795,-70.291
40378.848,-70.291
40378.939,-70.291
40379.043,-70.291
40379.148,-70.291
40379.244,-70.291
40379.341,-70.291
40379.427,-70.291
40379.528,-70.291
40379.646,-70.291
40379.756,-70.291
40379.839,-70.291
40379.937,-70.291
40380.035,-70.291
40380.170,-70.291
40380.241,-70.291
40380.339,-70.291
40380.437,-70.291
40380.535,-70.291
40380.633,-70.291
40380.744,-70.291
40380.821,-70.291
40380.927,-70.291
40381.048,-70.291
40381.143,-70.291
40381.244,-70.291
40381.366,-70.291
40381.462,-70.291
40381.559,-70.291
40381.660,-70.291
40381.758,-70.291
40381.878,-70.291
40381.962,-70.291
40382.074,-70.291
40382.121,-70.291
40382.285,-70.291
40382.371,-70.291
40382.423,-70.291
40382.520,-70.291
40382.616,-70.291
40382.945,-70.291
40383.030,-70.291
40383.131,-70.291
40383.234,-70.291
40383.331,-70.291
40383.430,-70.291
40383.530,-70.291
40383.633,-70.291
40383.717,-70.291
40383.821,-70.291
40383.917,-70.291
40384.020,-70.291
40384.119,-70.291
40384.236,-70.291
40384.312,-70.291
40384.435,-70.291
40384.533,-70.291
40384.648,-70.291
40384.741,-70.291
40384.837,-70.291
40384.944,-70.291
40385.013,-70.291
40385.111,-70.291
40385.217,-70.291
40385.324,-70.291
40385.427,-70.291
40385.535,-70.291
40385.650,-70.291
40385.771,-70.291
40385.866,-70.291
40385.964,-70.291
40386.072,-70.291
40386.168,-70.291
40386.217,-70.291
40386.310,-70.291
40386.420,-70.291
40386.515,-70.291
40386.613,-70.291
40386.709,-70.291
40676.810,-70.291
40676.905,-70.291
40677.003,-70.291
40677.104,-70.291
40677.219,-70.291
40677.320,-70.291
40677.415,-70.291
40677.516,-70.291
40677.613,-70.291
40677.709,-70.291
40677.802,-70.291
40677.910,-70.291
40678.005,-70.291
40678.126,-70.291
40678.209,-70.291
40678.320,-70.291
40678.413,-70.291
40678.538,-70.291
40678.646,-70.291
40678.721,-70.291
40678.802,-70.291
40678.900,-70.291
40679.006,-70.291
40679.109,-70.291
40679.214,-70.291
40679.354,-70.291
40679.427,-70.291
40679.548,-70.291
40679.599,-70.291
40679.702,-70.291
40679.795,-70.291
40679.961,-70.291
40680.043,-70.291
40680.109,-70.291
40680.207,-70.291
40680.302,-70.291
40680.413,-70.291
40680.515,-70.291
40680.611,-70.291
40680.709,-70.291
40680.810,-70.291
40680.893,-70.291
40681.011,-70.291
40681.109,-70.291
40681.192,-70.291
40681.293,-70.291
40681.410,-70.291
40681.515,-70.291
40681.611,-70.291
40681.712,-70.291
40681.807,-70.291
40681.898,-70.291
40682.021,-70.291
40682.119,-70.291
40682.214,-70.291
40682.320,-70.291
40682.415,-70.291
40682.511,-70.291
40682.616,-70.291
40682.726,-70.291
40682.824,-70.291
40682.918,-70.291
40683.030,-70.291
40683.126,-70.291
40683.246,-70.291
40683.353,-70.291
40683.395,-70.291
40683.548,-70.291
40683.601,-70.291
40683.684,-70.291
40683.785,-70.291
40683.888,-70.291
40683.991,-70.291
40684.087,-70.291
40684.202,-70.291
40684.304,-70.291
40684.388,-70.291
40684.483,-70.291
40684.598,-70.291
40684.694,-70.291
40684.792,-70.291
40684.891,-70.291
40684.986,-70.291
40685.082,-70.291
40685.192,-70.291
40685.280,-70.291
40685.400,-70.291
40685.494,-70.291
40685.603,-70.291
40685.699,-70.291
40685.795,-70.291
40685.888,-70.291
40685.989,-70.291
40686.113,-70.291
40686.207,-70.291
40686.292,-70.291
40686.402,-70.291
40686.522,-70.291
40686.618,-70.291
40736.729,-70.291
40736.826,-70.291
40736.924,-70.291
40737.030,-70.291
40737.136,-70.291
40737.234,-70.291
40737.331,-70.291
40737.439,-70.291
40737.535,-70.291
40737.587,-70.291
40737.689,-70.291
40737.787,-70.291
40737.883,-70.291
40737.984,-70.291
40738.082,-70.291
40738.177,-70.291
40738.285,-70.291
40738.371,-70.291
40738.498,-70.291
40738.586,-70.291
40738.685,-70.291
40738.785,-70.291
40738.891,-70.291
40738.969,-70.291
40739.070,-70.291
40739.175,-70.291
40739.273,-70.291
40739.393,-70.291
40739.479,-70.291
40739.601,-70.291
40739.684,-70.291
40739.770,-70.291
40739.888,-70.291
40739.984,-70.291
40740.079,-70.291
40740.202,-70.291
40740.300,-70.291
40740.405,-70.291
40740.501,-70.291
40740.599,-70.291
40740.702,-70.291
40740.817,-70.291
40740.915,-70.291
40740.967,-70.291
40741.116,-70.291
40741.167,-70.291
40741.263,-70.291
40741.361,-70.291
40741.462,-70.291
40741.626,-70.291
40741.680,-70.291
40741.773,-70.291
40741.873,-70.291
40741.969,-70.291
40742.072,-70.291
40742.174,-70.291
40742.261,-70.291
40742.358,-70.291
40742.457,-70.291
40742.569,-70.291
40742.665,-70.291
40742.761,-70.291
40742.858,-70.291
40742.978,-70.291
40743.072,-70.291
40743.172,-70.291
40743.273,-70.291
40743.366,-70.291
40743.467,-70.291
40743.572,-70.291
40743.689,-70.291
40743.777,-70.291
40743.856,-70.291
40743.959,-70.291
40744.067,-70.291
40744.187,-70.291
40744.307,-70.291
40744.376,-70.291
40744.511,-70.291
40744.608,-70.291
40744.704,-70.291
40744.814,-70.291
40744.913,-70.291
40745.008,-70.291
40745.059,-70.291
40745.160,-70.291
40745.256,-70.291
40745.354,-70.291
40745.449,-70.291
40745.548,-70.291
40745.670,-70.291
40745.765,-70.291
40745.848,-70.291
40745.962,-70.291
40746.059,-70.291
40746.153,-70.291
40746.260,-70.291
40746.353,-70.291
40746.451,-70.291
40746.547,-70.291
40746.653,-70.291
40796.751,-70.291
40796.878,-70.291
40796.956,-70.291
40797.062,-70.291
40797.162,-70.291
40797.260,-70.291
40797.368,-70.291
40797.459,-70.291
40797.582,-70.291
40797.685,-70.291
40797.773,-70.291
40797.893,-70.291
40797.988,-70.291
40798.097,-70.291
40798.192,-70.291
40798.248,-70.291
40798.351,-70.291
40798.459,-70.291
40798.562,-70.291
40798.667,-70.291
40798.741,-70.291
40798.837,-70.291
40798.940,-70.291
40799.038,-70.291
40799.155,-70.291
40799.236,-70.291
40799.341,-70.291
40799.435,-70.291
40799.548,-70.291
40799.657,-70.291
40799.739,-70.291
40799.841,-70.291
40799.937,-70.291
40800.033,-70.291
40800.136,-70.291
40800.256,-70.291
40800.354,-70.291
40800.437,-70.291
40800.533,-70.291
40800.648,-70.291
40800.738,-70.291
40800.844,-70.291
40800.957,-70.291
40801.062,-70.291
40801.160,-70.291
40801.256,-70.291
40801.361,-70.291
40801.469,-70.291
40801.567,-70.291
40801.663,-70.291
40801.772,-70.291
40801.868,-70.291
40801.964,-70.291
40802.096,-70.291
40802.184,-70.291
40802.280,-70.291
40802.332,-70.291
40802.427,-70.291
40802.528,-70.291
40802.623,-70.291
40802.790,-70.291
40802.832,-70.291
40802.939,-70.291
40803.035,-70.291
40803.131,-70.291
40803.224,-70.291
40803.344,-70.291
40803.440,-70.291
40803.611,-70.291
40803.640,-70.291
40803.734,-70.291
40803.831,-70.291
40803.932,-70.291
40804.038,-70.291
40804.125,-70.291
40804.226,-70.291
40804.322,-70.291
40804.432,-70.291
40804.533,-70.291
40804.638,-70.291
40804.741,-70.291
40804.842,-70.291
40804.939,-70.291
40805.045,-70.291
40805.145,-70.291
40805.226,-70.291
40805.329,-70.291
40805.437,-70.291
40805.555,-70.291
40805.641,-70.291
40805.768,-70.291
40805.848,-70.291
40805.967,-70.291
40806.065,-70.291
40806.182,-70.291
40806.278,-70.291
40806.375,-70.291
40806.476,-70.291
40806.528,-70.291
40806.621,-70.291
40856.719,-70.291
40856.822,-70.291
40856.918,-70.291
40857.021,-70.291
40857.118,-70.291
40857.243,-70.291
40857.314,-70.291
40857.432,-70.291
40857.530,-70.291
40857.618,-70.291
40857.712,-70.291
40857.832,-70.291
40857.908,-70.291
40858.016,-70.291
40858.121,-70.291
40858.221,-70.291
40858.327,-70.291
40858.420,-70.291
40858.515,-70.291
40858.636,-70.291
40858.744,-70.291
40858.827,-70.291
40858.946,-70.291
40859.043,-70.291
40859.155,-70.291
40859.255,-70.291
40859.349,-70.291
40859.447,-70.291
40859.549,-70.291
40859.647,-70.291
40859.766,-70.291
40859.854,-70.291
40859.962,-70.291
40860.062,-70.291
40860.111,-70.291
40860.214,-70.291
40860.310,-70.291
40860.410,-70.291
40860.508,-70.291
40860.606,-70.291
40860.702,-70.291
40860.824,-70.291
40860.922,-70.291
40861.018,-70.291
40861.116,-70.291
40861.212,-70.291
40861.317,-70.291
40861.412,-70.291
40861.508,-70.291
40861.604,-70.291
40861.707,-70.291
40861.802,-70.291
40861.923,-70.291
40862.022,-70.291
40862.121,-70.291
40862.217,-70.291
40862.315,-70.291
40862.420,-70.291
40862.530,-70.291
40862.618,-70.291
40862.719,-70.291
40862.831,-70.291
40862.927,-70.291
40863.003,-70.291
40863.101,-70.291
40863.209,-70.291
40863.315,-70.291
40863.422,-70.291
40863.537,-70.291
40863.628,-70.291
40863.748,-70.291
40863.802,-70.291
40863.957,-70.291
40864.057,-70.291
40864.106,-70.291
40864.199,-70.291
40864.307,-70.291
40864.405,-70.291
40864.501,-70.291
40864.672,-70.291
40864.699,-70.291
40864.798,-70.291
40864.891,-70.291
40864.991,-70.291
40865.097,-70.291
40865.196,-70.291
40865.292,-70.291
40865.403,-70.291
40865.501,-70.291
40865.599,-70.291
40865.694,-70.291
40865.797,-70.291
40865.891,-70.291
40866.015,-70.291
40866.098,-70.291
40866.185,-70.291
40866.307,-70.291
40866.403,-70.291
40866.506,-70.291
40866.626,-70.291
40916.723,-70.291
40916.831,-70.291
40916.917,-70.291
40916.991,-70.291
40917.099,-70.291
40917.241,-70.291
40917.297,-70.291
40917.397,-70.291
40917.501,-70.291
40917.609,-70.291
40917.685,-70.291
40917.792,-70.291
40917.895,-70.291
40917.979,-70.291
40918.097,-70.291
40918.180,-70.291
40918.300,-70.291
40918.400,-70.291
40918.494,-70.291
40918.591,-70.291
40918.695,-70.291
40918.793,-70.291
40918.886,-70.291
40918.981,-70.291
40919.079,-70.291
40919.177,-70.291
40919.295,-70.291
40919.403,-70.291
40919.494,-70.291
40919.591,-70.291
40919.690,-70.291
40919.785,-70.291
40919.905,-70.291
40920.003,-70.291
40920.101,-70.291
40920.207,-70.291
40920.305,-70.291
40920.403,-70.291
40920.503,-70.291
40920.616,-70.291
40920.712,-70.291
40920.807,-70.291
40920.915,-70.291
40921.011,-70.291
40921.131,-70.291
40921.239,-70.291
40921.329,-70.291
40921.403,-70.291
40921.479,-70.291
40921.571,-70.291
40921.675,-70.291
40921.770,-70.291
40921.868,-70.291
40921.974,-70.291
40922.079,-70.291
40922.185,-70.291
40922.270,-70.291
40922.368,-70.291
40922.476,-70.291
40922.581,-70.291
40922.665,-70.291
40922.782,-70.291
40922.878,-70.291
40922.974,-70.291
40923.077,-70.291
40923.165,-70.291
40923.285,-70.291
40923.381,-70.291
40923.491,-70.291
40923.587,-70.291
40923.684,-70.291
40923.777,-70.291
40923.881,-70.291
40924.005,-70.291
40924.101,-70.291
40924.187,-70.291
40924.288,-70.291
40924.410,-70.291
40924.513,-70.291
40924.616,-70.291
40924.668,-70.291
40924.815,-70.291
40924.915,-70.291
40924.959,-70.291
40925.062,-70.291
40925.155,-70.291
40925.327,-70.291
40925.356,-70.291
40925.522,-70.291
40925.574,-70.291
40925.675,-70.291
40925.771,-70.291
40925.866,-70.291
40925.964,-70.291
40926.064,-70.291
40926.184,-70.291
40926.256,-70.291
40926.354,-70.291
40926.456,-70.291
40926.565,-70.291
40926.695,-70.291
40976.751,-70.291
40976.863,-70.291
40976.961,-70.291
40977.064,-70.291
40977.163,-70.291
40977.248,-70.291
40977.369,-70.291
40977.457,-70.291
40977.579,-70.291
40977.677,-70.291
40977.778,-70.291
40977.873,-70.291
40977.994,-70.291
40978.091,-70.291
40978.187,-70.291
40978.290,-70.291
40978.388,-70.291
40978.486,-70.291
40978.564,-70.291
40978.647,-70.291
40978.810,-70.291
40978.905,-70.291
40978.957,-70.291
40979.049,-70.291
40979.150,-70.291
40979.244,-70.291
40979.351,-70.291
40979.454,-70.291
40979.550,-70.291
40979.650,-70.291
40979.761,-70.291
40979.856,-70.291
40979.961,-70.291
40980.060,-70.291
40980.150,-70.291
40980.244,-70.291
40980.342,-70.291
40980.449,-70.291
40980.549,-70.291
40980.645,-70.291
40980.741,-70.291
40980.864,-70.291
40980.957,-70.291
40981.049,-70.291
40981.163,-70.291
40981.253,-70.291
40981.359,-70.291
40981.435,-70.291
40981.572,-70.291
40981.643,-70.291
40981.746,-70.291
40981.849,-70.291
40981.952,-70.291
40982.052,-70.291
40982.160,-70.291
40982.280,-70.291
40982.366,-70.291
40982.489,-70.291
40982.540,-70.291
40982.633,-70.291
40982.734,-70.291
40982.898,-70.291
40982.949,-70.291
40983.048,-70.291
40983.145,-70.291
40983.241,-70.291
40983.339,-70.291
40983.435,-70.291
40983.538,-70.291
40983.631,-70.291
40983.736,-70.291
40983.849,-70.291
40983.947,-70.291
40984.027,-70.291
40984.172,-70.291
40984.244,-70.291
40984.341,-70.291
40984.440,-70.291
40984.538,-70.291
40984.638,-70.291
40984.758,-70.291
40984.837,-70.291
40984.949,-70.291
40985.069,-70.291
40985.165,-70.291
40985.256,-70.291
40985.349,-70.291
40985.469,-70.291
40985.572,-70.291
40985.658,-70.291
40985.778,-70.291
40985.875,-70.291
40985.984,-70.291
40986.079,-70.291
40986.135,-70.291
40986.241,-70.291
40986.342,-70.291
40986.446,-70.291
40986.523,-70.291
40986.626,-70.291
41276.722,-70.291
41276.837,-70.291
41276.935,-70.291
41277.043,-70.291
41277.128,-70.291
41277.224,-70.291
41277.329,-70.291
41277.434,-70.291
41277.530,-70.291
41277.636,-70.291
41277.731,-70.291
41277.821,-70.291
41277.918,-70.291
41278.015,-70.291
41278.145,-70.291
41278.238,-70.291
41278.334,-70.291
41278.430,-70.291
41278.523,-70.291
41278.650,-70.291
41278.748,-70.291
41278.844,-70.291
41278.949,-70.291
41279.047,-70.291
41279.145,-70.291
41279.248,-70.291
41279.363,-70.291
41279.459,-70.291
41279.557,-70.291
41279.658,-70.291
41279.751,-70.291
41279.871,-70.291
41279.984,-70.291
41280.074,-70.291
41280.170,-70.291
41280.219,-70.291
41280.314,-70.291
41280.417,-70.291
41280.515,-70.291
41280.613,-70.291
41280.717,-70.291
41280.829,-70.291
41280.925,-70.291
41281.023,-70.291
41281.106,-70.291
41281.209,-70.291
41281.342,-70.291
41281.498,-70.291
41281.527,-70.291
41281.623,-70.291
41281.712,-70.291
41281.821,-70.291
41281.918,-70.291
41282.016,-70.291
41282.111,-70.291
41282.204,-70.291
41282.327,-70.291
41282.425,-70.291
41282.525,-70.291
41282.625,-70.291
41282.746,-70.291
41282.841,-70.291
41282.934,-70.291
41283.035,-70.291
41283.157,-70.291
41283.253,-70.291
41283.359,-70.291
41283.454,-70.291
41283.554,-70.291
41283.658,-70.291
41283.699,-70.291
41283.859,-70.291
41283.897,-70.291
41284.001,-70.291
41284.097,-70.291
41284.263,-70.291
41284.315,-70.291
41284.415,-70.291
41284.511,-70.291
41284.608,-70.291
41284.704,-70.291
41284.807,-70.291
41284.907,-70.291
41285.006,-70.291
41285.128,-70.291
41285.207,-70.291
41285.302,-70.291
41285.398,-70.291
41285.494,-70.291
41285.609,-70.291
41285.714,-70.291
41285.812,-70.291
41285.912,-70.291
41286.013,-70.291
41286.114,-70.291
41286.256,-70.291
41286.329,-70.291
41286.405,-70.291
41286.528,-70.291
41286.641,-70.291
41336.739,-70.291
41336.837,-70.291
41336.935,-70.291
41337.035,-70.291
41337.089,-70.291
41337.189,-70.291
41337.292,-70.291
41337.449,-70.291
41337.557,-70.291
41337.584,-70.291
41337.744,-70.291
41337.797,-70.291
41337.898,-70.291
41337.986,-70.291
41338.089,-70.291
41338.197,-70.291
41338.300,-70.291
41338.403,-70.291
41338.503,-70.291
41338.597,-70.291
41338.694,-70.291
41338.802,-70.291
41338.881,-70.291
41339.001,-70.291
41339.121,-70.291
41339.192,-70.291
41339.293,-70.291
41339.393,-70.291
41339.489,-70.291
41339.606,-70.291
41339.704,-70.291
41339.800,-70.291
41339.913,-70.291
41340.018,-70.291
41340.111,-70.291
41340.216,-70.291
41340.321,-70.291
41340.418,-70.291
41340.528,-70.291
41340.640,-70.291
41340.731,-70.291
41340.827,-70.291
41340.929,-70.291
41341.055,-70.291
41341.133,-70.291
41341.239,-70.291
41341.339,-70.291
41341.375,-70.291
41341.543,-70.291
41341.643,-70.291
41341.741,-70.291
41341.783,-70.291
41341.881,-70.291
41341.978,-70.291
41342.155,-70.291
41342.182,-70.291
41342.283,-70.291
41342.383,-70.291
41342.476,-70.291
41342.572,-70.291
41342.668,-70.291
41342.770,-70.291
41342.890,-70.291
41342.984,-70.291
41343.082,-70.291
41343.180,-70.291
41343.287,-70.291
41343.390,-70.291
41343.474,-70.291
41343.579,-70.291
41343.670,-70.291
41343.793,-70.291
41343.891,-70.291
41343.991,-70.291
41344.086,-70.291
41344.207,-70.291
41344.315,-70.291
41344.400,-70.291
41344.520,-70.291
41344.618,-70.291
41344.726,-70.291
41344.820,-70.291
41344.918,-70.291
41345.016,-70.291
41345.121,-70.291
41345.219,-70.291
41345.271,-70.291
41345.364,-70.291
41345.466,-70.291
41345.633,-70.291
41345.660,-70.291
41345.758,-70.291
41345.876,-70.291
41345.972,-70.291
41346.070,-70.291
41346.177,-70.291
41346.275,-70.291
41346.378,-70.291
41346.478,-70.291
41346.565,-70.291
41346.663,-70.291
41396.756,-70.291
41396.888,-70.291
41396.976,-70.291
41397.074,-70.291
41397.175,-70.291
41397.255,-70.291
41397.386,-70.291
41397.483,-70.291
41397.579,-70.291
41397.692,-70.291
41397.788,-70.291
41397.888,-70.291
41397.991,-70.291
41398.057,-70.291
41398.167,-70.291
41398.273,-70.291
41398.375,-70.291
41398.494,-70.291
41398.584,-70.291
41398.724,-70.291
41398.815,-70.291
41398.913,-70.291
41399.008,-70.291
41399.060,-70.291
41399.153,-70.291
41399.251,-70.291
41399.418,-70.291
41399.459,-70.291
41399.574,-70.291
41399.663,-70.291
41399.768,-70.291
41399.853,-70.291
41399.949,-70.291
41400.079,-70.291
41400.150,-70.291
41400.265,-70.291
41400.361,-70.291
41400.457,-70.291
41400.562,-70.291
41400.655,-70.291
41400.751,-70.291
41400.844,-70.291
41400.949,-70.291
41401.070,-70.291
41401.167,-70.291
41401.263,-70.291
41401.366,-70.291
41401.464,-70.291
41401.584,-70.291
41401.665,-70.291
41401.766,-70.291
41401.888,-70.291
41401.984,-70.291
41402.074,-70.291
41402.150,-70.291
41402.256,-70.291
41402.361,-70.291
41402.466,-70.291
41402.538,-70.291
41402.646,-70.291
41402.810,-70.291
41402.839,-70.291
41403.000,-70.291
41403.054,-70.291
41403.136,-70.291
41403.244,-70.291
41403.342,-70.291
41403.439,-70.291
41403.550,-70.291
41403.635,-70.291
41403.756,-70.291
41403.869,-70.291
41403.947,-70.291
41404.042,-70.291
41404.138,-70.291
41404.238,-70.291
41404.351,-70.291
41404.447,-70.291
41404.543,-70.291
41404.648,-70.291
41404.746,-70.291
41404.839,-70.291
41404.974,-70.291
41405.062,-70.291
41405.155,-70.291
41405.277,-70.291
41405.339,-70.291
41405.474,-70.291
41405.571,-70.291
41405.665,-70.291
41405.775,-70.291
41405.875,-70.291
41405.974,-70.291
41406.077,-70.291
41406.185,-70.291
41406.283,-70.291
41406.390,-70.291
41406.486,-70.291
41406.538,-70.291
41406.628,-70.291
41456.726,-70.291
41456.834,-70.291
41456.932,-70.291
41457.032,-70.291
41457.128,-70.291
41457.241,-70.291
41457.337,-70.291
41457.435,-70.291
41457.545,-70.291
41457.628,-70.291
41457.734,-70.291
41457.834,-70.291
41457.937,-70.291
41458.038,-70.291
41458.121,-70.291
41458.226,-70.291
41458.326,-70.291
41458.440,-70.291
41458.538,-70.291
41458.648,-70.291
41458.731,-70.291
41458.849,-70.291
41458.947,-70.291
41459.059,-70.291
41459.155,-70.291
41459.253,-70.291
41459.349,-70.291
41459.452,-70.291
41459.574,-70.291
41459.668,-70.291
41459.756,-70.291
41459.861,-70.291
41459.981,-70.291
41460.077,-70.291
41460.119,-70.291
41460.214,-70.291
41460.381,-70.291
41460.486,-70.291
41460.528,-70.291
41460.623,-70.291
41460.719,-70.291
41460.826,-70.291
41460.922,-70.291
41461.018,-70.291
41461.116,-70.291
41461.221,-70.291
41461.315,-70.291
41461.413,-70.291
41461.533,-70.291
41461.611,-70.291
41461.717,-70.291
41461.815,-70.291
41461.922,-70.291
41462.025,-70.291
41462.128,-70.291
41462.212,-70.291
41462.324,-70.291
41462.429,-70.291
41462.525,-70.291
41462.611,-70.291
41462.734,-70.291
41462.831,-70.291
41462.951,-70.291
41463.060,-70.291
41463.148,-70.291
41463.244,-70.291
41463.366,-70.291
41463.440,-70.291
41463.562,-70.291
41463.658,-70.291
41463.758,-70.291
41463.863,-70.291
41463.959,-70.291
41464.010,-70.291
41464.108,-70.291
41464.207,-70.291
41464.305,-70.291
41464.402,-70.291
41464.574,-70.291
41464.601,-70.291
41464.723,-70.291
41464.821,-70.291
41464.918,-70.291
41465.022,-70.291
41465.119,-70.291
41465.216,-70.291
41465.307,-70.291
41465.405,-70.291
41465.500,-70.291
41465.631,-70.291
41465.717,-70.291
41465.815,-70.291
41465.913,-70.291
41466.001,-70.291
41466.118,-70.291
41466.201,-70.291
41466.314,-70.291
41466.417,-70.291
41466.500,-70.291
41466.623,-70.291
41466.704,-70.291
41516.824,-70.291
41516.917,-70.291
41517.020,-70.291
41517.145,-70.291
41517.231,-70.291
41517.336,-70.291
41517.418,-70.291
41517.491,-70.291
41517.592,-70.291
41517.692,-70.291
41517.795,-70.291
41517.951,-70.291
41517.998,-70.291
41518.097,-70.291
41518.204,-70.291
41518.304,-70.291
41518.403,-70.291
41518.498,-70.291
41518.594,-70.291
41518.692,-70.291
41518.810,-70.291
41518.907,-70.291
41519.006,-70.291
41519.109,-70.291
41519.204,-70.291
41519.305,-70.291
41519.397,-70.291
41519.494,-70.291
41519.586,-70.291
41519.690,-70.291
41519.809,-70.291
41519.907,-70.291
41520.003,-70.291
41520.091,-70.291
41520.199,-70.291
41520.304,-70.291
41520.408,-70.291
41520.494,-70.291
41520.618,-70.291
41520.738,-70.291
41520.820,-70.291
41520.939,-70.291
41521.038,-70.291
41521.143,-70.291
41521.233,-70.291
41521.329,-70.291
41521.381,-70.291
41521.555,-70.291
41521.579,-70.291
41521.744,-70.291
41521.795,-70.291
41521.947,-70.291
41521.998,-70.291
41522.089,-70.291
41522.192,-70.291
41522.295,-70.291
41522.391,-70.291
41522.489,-70.291
41522.584,-70.291
41522.682,-70.291
41522.778,-70.291
41522.898,-70.291
41522.981,-70.291
41523.089,-70.291
41523.177,-70.291
41523.275,-70.291
41523.391,-70.291
41523.489,-70.291
41523.584,-70.291
41523.714,-70.291
41523.805,-70.291
41523.900,-70.291
41523.998,-70.291
41524.082,-70.291
41524.194,-70.291
41524.314,-70.291
41524.410,-70.291
41524.520,-70.291
41524.616,-70.291
41524.709,-70.291
41524.817,-70.291
41524.932,-70.291
41524.984,-70.291
41525.130,-70.291
41525.229,-70.291
41525.293,-70.291
41525.369,-70.291
41525.478,-70.291
41525.577,-70.291
41525.682,-70.291
41525.768,-70.291
41525.888,-70.291
41525.981,-70.291
41526.077,-70.291
41526.175,-70.291
41526.288,-70.291
41526.378,-70.291
41526.476,-70.291
41526.572,-70.291
41526.680,-70.291
41576.805,-70.291
41576.878,-70.291
41576.976,-70.291
41577.070,-70.291
41577.173,-70.291
41577.265,-70.291
41577.391,-70.291
41577.479,-70.291
41577.577,-70.291
41577.699,-70.291
41577.778,-70.291
41577.897,-70.291
41577.994,-70.291
41578.089,-70.291
41578.201,-70.291
41578.290,-70.291
41578.408,-70.291
41578.501,-70.291
41578.606,-70.291
41578.704,-70.291
41578.824,-70.291
41578.861,-70.291
41579.013,-70.291
41579.067,-70.291
41579.158,-70.291
41579.322,-70.291
41579.422,-70.291
41579.472,-70.291
41579.564,-70.291
41579.663,-70.291
41579.765,-70.291
41579.871,-70.291
41579.964,-70.291
41580.055,-70.291
41580.155,-70.291
41580.260,-70.291
41580.361,-70.291
41580.474,-70.291
41580.594,-70.291
41580.697,-70.291
41580.773,-70.291
41580.859,-70.291
41580.957,-70.291
41581.065,-70.291
41581.152,-70.291
41581.273,-70.291
41581.371,-70.291
41581.478,-70.291
41581.574,-70.291
41581.694,-70.291
41581.800,-70.291
41581.873,-70.291
41581.993,-70.291
41582.091,-70.291
41582.180,-70.291
41582.302,-70.291
41582.398,-70.291
41582.491,-70.291
41582.604,-70.291
41582.701,-70.291
41582.753,-70.291
41582.905,-70.291
41582.944,-70.291
41583.109,-70.291
41583.160,-70.291
41583.315,-70.291
41583.344,-70.291
41583.466,-70.291
41583.565,-70.291
41583.662,-70.291
41583.761,-70.291
41583.858,-70.291
41583.954,-70.291
41584.047,-70.291
41584.150,-70.291
41584.253,-70.291
41584.373,-70.291
41584.462,-70.291
41584.542,-70.291
41584.665,-70.291
41584.741,-70.291
41584.851,-70.291
41584.956,-70.291
41585.060,-70.291
41585.152,-70.291
41585.246,-70.291
41585.347,-70.291
41585.476,-70.291
41585.560,-70.291
41585.680,-70.291
41585.778,-70.291
41585.888,-70.291
41585.984,-70.291
41586.084,-70.291
41586.184,-70.291
41586.275,-70.291
41586.398,-70.291
41586.493,-70.291
41586.577,-70.291
41586.694,-70.291
41876.746,-70.291
41876.844,-70.291
41876.946,-70.291
41877.043,-70.291
41877.141,-70.291
41877.236,-70.291
41877.337,-70.291
41877.432,-70.291
41877.552,-70.291
41877.655,-70.291
41877.734,-70.291
41877.832,-70.291
41877.952,-70.291
41878.074,-70.291
41878.150,-70.291
41878.246,-70.291
41878.351,-70.291
41878.452,-70.291
41878.535,-70.291
41878.636,-70.291
41878.746,-70.291
41878.849,-70.291
41878.949,-70.291
41879.045,-70.291
41879.152,-70.291
41879.238,-70.291
41879.363,-70.291
41879.457,-70.291
41879.562,-70.291
41879.662,-70.291
41879.783,-70.291
41879.886,-70.291
41879.974,-70.291
41880.071,-70.291
41880.125,-70.291
41880.271,-70.291
41880.390,-70.291
41880.488,-70.291
41880.584,-70.291
41880.690,-70.291
41880.734,-70.291
41880.829,-70.291
41880.929,-70.291
41881.037,-70.291
41881.133,-70.291
41881.231,-70.291
41881.400,-70.291
41881.427,-70.291
41881.525,-70.291
41881.621,-70.291
41881.723,-70.291
41881.831,-70.291
41881.934,-70.291
41882.035,-70.291
41882.136,-70.291
41882.226,-70.291
41882.322,-70.291
41882.459,-70.291
41882.543,-70.291
41882.638,-70.291
41882.736,-70.291
41882.829,-70.291
41882.940,-70.291
41883.035,-70.291
41883.155,-70.291
41883.261,-70.291
41883.359,-70.291
41883.456,-70.291
41883.560,-70.291
41883.648,-70.291
41883.771,-70.291
41883.864,-70.291
41883.973,-70.291
41884.067,-70.291
41884.170,-70.291
41884.222,-70.291
41884.321,-70.291
41884.417,-70.291
41884.515,-70.291
41884.614,-70.291
41884.709,-70.291
41884.832,-70.291
41884.925,-70.291
41885.032,-70.291
41885.111,-70.291
41885.229,-70.291
41885.331,-70.291
41885.423,-70.291
41885.520,-70.291
41885.619,-70.291
41885.721,-70.291
41885.810,-70.291
41885.905,-70.291
41886.015,-70.291
41886.133,-70.291
41886.222,-70.291
41886.317,-70.291
41886.407,-70.291
41886.516,-70.291
41886.636,-70.291
41936.733,-70.291
41936.829,-70.291
41936.940,-70.291
41937.035,-70.291
41937.130,-70.291
41937.238,-70.291
41937.351,-70.291
41937.444,-70.291
41937.540,-70.291
41937.647,-70.291
41937.744,-70.291
41937.864,-70.291
41937.972,-70.291
41938.060,-70.291
41938.111,-70.291
41938.204,-70.291
41938.300,-70.291
41938.405,-70.291
41938.510,-70.291
41938.606,-70.291
41938.707,-70.291
41938.820,-70.291
41938.917,-70.291
41939.018,-70.291
41939.101,-70.291
41939.197,-70.291
41939.317,-70.291
41939.413,-70.291
41939.511,-70.291
41939.606,-70.291
41939.702,-70.291
41939.807,-70.291
41939.905,-70.291
41939.998,-70.291
41940.101,-70.291
41940.219,-70.291
41940.305,-70.291
41940.408,-70.291
41940.518,-70.291
41940.592,-70.291
41940.696,-70.291
41940.798,-70.291
41940.910,-70.291
41941.001,-70.291
41941.101,-70.291
41941.202,-70.291
41941.304,-70.291
41941.408,-70.291
41941.511,-70.291
41941.591,-70.291
41941.692,-70.291
41941.819,-70.291
41941.897,-70.291
41942.030,-70.291
41942.106,-70.291
41942.190,-70.291
41942.288,-70.291
41942.405,-70.291
41942.511,-70.291
41942.604,-70.291
41942.702,-70.291
41942.785,-70.291
41942.908,-70.291
41943.005,-70.291
41943.116,-70.291
41943.201,-70.291
41943.299,-70.291
41943.393,-70.291
41943.486,-70.291
41943.594,-70.291
41943.694,-70.291
41943.788,-70.291
41943.896,-70.291
41943.991,-70.291
41944.113,-70.291
41944.219,-70.291
41944.307,-70.291
41944.402,-70.291
41944.523,-70.291
41944.606,-70.291
41944.726,-70.291
41944.822,-70.291
41944.920,-70.291
41945.023,-70.291
41945.116,-70.291
41945.239,-70.291
41945.322,-70.291
41945.435,-70.291
41945.530,-70.291
41945.581,-70.291
41945.690,-70.291
41945.783,-70.291
41945.880,-70.291
41945.976,-70.291
41946.079,-70.291
41946.180,-70.291
41946.275,-70.291
41946.395,-70.291
41946.491,-70.291
41946.574,-70.291
41946.677,-70.291
41996.792,-70.291
41996.891,-70.291
41996.988,-70.291
41997.084,-70.291
41997.182,-70.291
41997.277,-70.291
41997.380,-70.291
41997.488,-70.291
41997.592,-70.291
41997.690,-70.291
41997.785,-70.291
41997.893,-70.291
41997.981,-70.291
41998.103,-70.291
41998.196,-70.291
41998.307,-70.291
41998.403,-70.291
41998.501,-70.291
41998.596,-70.291
41998.721,-70.291
41998.829,-70.291
41998.930,-70.291
41998.996,-70.291
41999.136,-70.291
41999.236,-70.291
41999.268,-70.291
41999.444,-70.291
41999.469,-70.291
41999.567,-70.291
41999.674,-70.291
41999.780,-70.291
41999.875,-70.291
41999.971,-70.291
42000.071,-70.291
42000.175,-70.291
42000.282,-70.291
42000.378,-70.291
42000.467,-70.291
42000.584,-70.291
42000.663,-70.291
42000.766,-70.291
42000.878,-70.291
42000.974,-70.291
42001.072,-70.291
42001.175,-70.291
42001.275,-70.291
42001.381,-70.291
42001.483,-70.291
42001.567,-70.291
42001.687,-70.291
42001.805,-70.291
42001.903,-70.291
42002.005,-70.291
42002.057,-70.291
42002.180,-70.291
42002.268,-70.291
42002.359,-70.291
42002.469,-70.291
42002.571,-70.291
42002.714,-70.291
42002.780,-70.291
42002.854,-70.291
42002.988,-70.291
42003.108,-70.291
42003.158,-70.291
42003.319,-70.291
42003.427,-70.291
42003.522,-70.291
42003.621,-70.291
42003.655,-70.291
42003.775,-70.291
42003.864,-70.291
42003.962,-70.291
42004.065,-70.291
42004.175,-70.291
42004.270,-70.291
42004.373,-70.291
42004.452,-70.291
42004.554,-70.291
42004.657,-70.291
42004.758,-70.291
42004.876,-70.291
42004.973,-70.291
42005.067,-70.291
42005.168,-70.291
42005.270,-70.291
42005.375,-70.291
42005.474,-70.291
42005.579,-70.291
42005.680,-70.291
42005.782,-70.291
42005.890,-70.291
42005.981,-70.291
42006.074,-70.291
42006.195,-70.291
42006.290,-70.291
42006.391,-70.291
42006.494,-70.291
42006.545,-70.291
42056.714,-70.291
42056.805,-70.291
42056.903,-70.291
42056.954,-70.291
42057.045,-70.291
42057.148,-70.291
42057.256,-70.291
42057.361,-70.291
42057.449,-70.291
42057.557,-70.291
42057.641,-70.291
42057.751,-70.291
42057.869,-70.291
42057.942,-70.291
42058.065,-70.291
42058.147,-70.291
42058.277,-70.291
42058.351,-70.291
42058.449,-70.291
42058.552,-70.291
42058.640,-70.291
42058.758,-70.291
42058.858,-70.291
42058.964,-70.291
42059.060,-70.291
42059.158,-70.291
42059.255,-70.291
42059.354,-70.291
42059.476,-70.291
42059.572,-70.291
42059.653,-70.291
42059.783,-70.291
42059.881,-70.291
42059.978,-70.291
42060.069,-70.291
42060.189,-70.291
42060.282,-70.291
42060.390,-70.291
42060.500,-70.291
42060.598,-70.291
42060.692,-70.291
42060.800,-70.291
42060.898,-70.291
42060.961,-70.291
42061.038,-70.291
42061.148,-70.291
42061.246,-70.291
42061.346,-70.291
42061.447,-70.291
42061.538,-70.291
42061.652,-70.291
42061.729,-70.291
42061.832,-70.291
42061.942,-70.291
42062.067,-70.291
42062.145,-70.291
42062.226,-70.291
42062.331,-70.291
42062.429,-70.291
42062.540,-70.291
42062.638,-70.291
42062.750,-70.291
42062.849,-70.291
42062.962,-70.291
42063.050,-70.291
42063.147,-70.291
42063.244,-70.291
42063.346,-70.291
42063.464,-70.291
42063.562,-70.291
42063.638,-70.291
42063.766,-70.291
42063.858,-70.291
42063.978,-70.291
42064.064,-70.291
42064.175,-70.291
42064.273,-70.291
42064.322,-70.291
42064.479,-70.291
42064.532,-70.291
42064.631,-70.291
42064.724,-70.291
42064.824,-70.291
42064.925,-70.291
42065.028,-70.291
42065.126,-70.291
42065.234,-70.291
42065.337,-70.291
42065.417,-70.291
42065.533,-70.291
42065.626,-70.291
42065.724,-70.291
42065.834,-70.291
42065.925,-70.291
42066.020,-70.291
42066.119,-70.291
42066.231,-70.291
42066.332,-70.291
42066.430,-70.291
42066.525,-70.291
42066.636,-70.291
42116.750,-70.291
42116.846,-70.291
42116.942,-70.291
42117.048,-70.291
42117.145,-70.291
42117.241,-70.291
42117.373,-70.291
42117.442,-70.291
42117.562,-70.291
42117.660,-70.291
42117.736,-70.291
42117.873,-70.291
42117.969,-70.291
42118.067,-70.291
42118.175,-70.291
42118.275,-70.291
42118.369,-70.291
42118.423,-70.291
42118.513,-70.291
42118.609,-70.291
42118.729,-70.291
42118.885,-70.291
42118.912,-70.291
42119.011,-70.291
42119.121,-70.291
42119.211,-70.291
42119.322,-70.291
42119.418,-70.291
42119.511,-70.291
42119.616,-70.291
42119.714,-70.291
42119.809,-70.291
42119.907,-70.291
42120.013,-70.291
42120.106,-70.291
42120.226,-70.291
42120.317,-70.291
42120.410,-70.291
42120.518,-70.291
42120.603,-70.291
42120.724,-70.291
42120.809,-70.291
42120.927,-70.291
42121.047,-70.291
42121.119,-70.291
42121.244,-70.291
42121.339,-70.291
42121.459,-70.291
42121.555,-70.291
42121.650,-70.291
42121.748,-70.291
42121.854,-70.291
42121.952,-70.291
42122.003,-70.291
42122.096,-70.291
42122.209,-70.291
42122.304,-70.291
42122.402,-70.291
42122.516,-70.291
42122.619,-70.291
42122.697,-70.291
42122.812,-70.291
42122.908,-70.291
42123.006,-70.291
42123.103,-70.291
42123.199,-70.291
42123.295,-70.291
42123.391,-70.291
42123.515,-70.291
42123.619,-70.291
42123.712,-70.291
42123.810,-70.291
42123.908,-70.291
42124.008,-70.291
42124.108,-70.291
42124.206,-70.291
42124.321,-70.291
42124.423,-70.291
42124.518,-70.291
42124.616,-70.291
42124.722,-70.291
42124.831,-70.291
42124.907,-70.291
42125.027,-70.291
42125.133,-70.291
42125.192,-70.291
42125.302,-70.291
42125.408,-70.291
42125.518,-70.291
42125.638,-70.291
42125.690,-70.291
42125.785,-70.291
42125.886,-70.291
42126.052,-70.291
42126.104,-70.291
42126.192,-70.291
42126.298,-70.291
42126.395,-70.291
42126.491,-70.291
42126.589,-70.291
42126.684,-70.291
42176.807,-70.291
42176.886,-70.291
42176.994,-70.291
42177.091,-70.291
42177.187,-70.291
42177.295,-70.291
42177.388,-70.291
42177.483,-70.291
42177.603,-70.291
42177.680,-70.291
42177.800,-70.291
42177.896,-70.291
42177.996,-70.291
42178.098,-70.291
42178.192,-70.291
42178.312,-70.291
42178.405,-70.291
42178.506,-70.291
42178.603,-70.291
42178.724,-70.291
42178.807,-70.291
42178.927,-70.291
42179.022,-70.291
42179.131,-70.291
42179.244,-70.291
42179.295,-70.291
42179.376,-70.291
42179.543,-70.291
42179.597,-70.291
42179.675,-70.291
42179.805,-70.291
42179.891,-70.291
42179.991,-70.291
42180.123,-70.291
42180.177,-70.291
42180.280,-70.291
42180.378,-70.291
42180.476,-70.291
42180.601,-70.291
42180.692,-70.291
42180.788,-70.291
42180.913,-70.291
42180.971,-70.291
42181.077,-70.291
42181.175,-70.291
42181.273,-70.291
42181.381,-70.291
42181.478,-70.291
42181.572,-70.291
42181.706,-70.291
42181.795,-70.291
42181.896,-70.291
42181.991,-70.291
42182.084,-70.291
42182.211,-70.291
42182.307,-70.291
42182.405,-70.291
42182.508,-70.291
42182.603,-70.291
42182.722,-70.291
42182.810,-70.291
42182.923,-70.291
42183.018,-70.291
42183.114,-70.291
42183.219,-70.291
42183.270,-70.291
42183.430,-70.291
42183.543,-70.291
42183.621,-70.291
42183.672,-70.291
42183.768,-70.291
42183.866,-70.291
42183.976,-70.291
42184.072,-70.291
42184.168,-70.291
42184.277,-70.291
42184.375,-70.291
42184.479,-70.291
42184.560,-70.291
42184.668,-70.291
42184.770,-70.291
42184.873,-70.291
42184.976,-70.291
42185.060,-70.291
42185.158,-70.291
42185.268,-70.291
42185.378,-70.291
42185.479,-70.291
42185.577,-70.291
42185.674,-70.291
42185.790,-70.291
42185.888,-70.291
42185.984,-70.291
42186.079,-70.291
42186.180,-70.291
42186.299,-70.291
42186.396,-70.291
42186.481,-70.291
42186.589,-70.291
42186.709,-70.291
42476.810,-70.291
42476.918,-70.291
42477.015,-70.291
42477.111,-70.291
42477.217,-70.291
42477.256,-70.291
42477.353,-70.291
42477.520,-70.291
42477.628,-70.291
42477.655,-70.291
42477.751,-70.291
42477.866,-70.291
42477.952,-70.291
42478.064,-70.291
42478.160,-70.291
42478.261,-70.291
42478.366,-70.291
42478.462,-70.291
42478.559,-70.291
42478.653,-70.291
42478.756,-70.291
42478.849,-70.291
42478.949,-70.291
42479.054,-70.291
42479.165,-70.291
42479.263,-70.291
42479.359,-70.291
42479.464,-70.291
42479.565,-70.291
42479.663,-70.291
42479.763,-70.291
42479.847,-70.291
42479.952,-70.291
42480.055,-70.291
42480.174,-70.291
42480.265,-70.291
42480.388,-70.291
42480.473,-70.291
42480.592,-70.291
42480.687,-70.291
42480.810,-70.291
42480.898,-70.291
42481.003,-70.291
42481.103,-70.291
42481.201,-70.291
42481.304,-70.291
42481.354,-70.291
42481.451,-70.291
42481.550,-70.291
42481.650,-70.291
42481.748,-70.291
42481.847,-70.291
42481.947,-70.291
42482.038,-70.291
42482.158,-70.291
42482.258,-70.291
42482.361,-70.291
42482.451,-70.291
42482.552,-70.291
42482.652,-70.291
42482.751,-70.291
42482.849,-70.291
42482.947,-70.291
42483.062,-70.291
42483.165,-70.291
42483.261,-70.291
42483.359,-70.291
42483.464,-70.291
42483.574,-70.291
42483.670,-70.291
42483.766,-70.291
42483.876,-70.291
42483.939,-70.291
42484.047,-70.291
42484.155,-70.291
42484.261,-70.291
42484.388,-70.291
42484.484,-70.291
42484.586,-70.291
42484.675,-70.291
42484.731,-70.291
42484.895,-70.291
42484.935,-70.291
42485.038,-70.291
42485.140,-70.291
42485.236,-70.291
42485.351,-70.291
42485.444,-70.291
42485.543,-70.291
42485.643,-70.291
42485.741,-70.291
42485.837,-70.291
42485.932,-70.291
42486.037,-70.291
42486.138,-70.291
42486.244,-70.291
42486.344,-70.291
42486.447,-70.291
42486.543,-70.291
42486.641,-70.291
42536.739,-70.291
42536.841,-70.291
42536.939,-70.291
42537.035,-70.291
42537.140,-70.291
42537.250,-70.291
42537.346,-70.291
42537.464,-70.291
42537.552,-70.291
42537.672,-70.291
42537.768,-70.291
42537.875,-70.291
42537.957,-70.291
42538.030,-70.291
42538.133,-70.291
42538.287,-70.291
42538.383,-70.291
42538.440,-70.291
42538.549,-70.291
42538.677,-70.291
42538.724,-70.291
42538.817,-70.291
42538.918,-70.291
42539.025,-70.291
42539.121,-70.291
42539.222,-70.291
42539.344,-70.291
42539.442,-70.291
42539.516,-70.291
42539.636,-70.291
42539.736,-70.291
42539.837,-70.291
42539.915,-70.291
42540.033,-70.291
42540.123,-70.291
42540.223,-70.291
42540.321,-70.291
42540.413,-70.291
42540.538,-70.291
42540.636,-70.291
42540.731,-70.291
42540.815,-70.291
42540.949,-70.291
42541.045,-70.291
42541.141,-70.291
42541.251,-70.291
42541.344,-70.291
42541.437,-70.291
42541.550,-70.291
42541.662,-70.291
42541.758,-70.291
42541.817,-70.291
42541.961,-70.291
42542.028,-70.291
42542.108,-70.291
42542.207,-70.291
42542.309,-70.291
42542.408,-70.291
42542.518,-70.291
42542.621,-70.291
42542.716,-70.291
42542.827,-70.291
42542.908,-70.291
42543.022,-70.291
42543.104,-70.291
42543.224,-70.291
42543.324,-70.291
42543.412,-70.291
42543.508,-70.291
42543.606,-70.291
42543.706,-70.291
42543.822,-70.291
42543.920,-70.291
42544.016,-70.291
42544.121,-70.291
42544.212,-70.291
42544.310,-70.291
42544.427,-70.291
42544.510,-70.291
42544.630,-70.291
42544.726,-70.291
42544.822,-70.291
42544.925,-70.291
42545.023,-70.291
42545.143,-70.291
42545.226,-70.291
42545.337,-70.291
42545.454,-70.291
42545.506,-70.291
42545.616,-70.291
42545.717,-70.291
42545.826,-70.291
42545.900,-70.291
42546.050,-70.291
42546.103,-70.291
42546.197,-70.291
42546.298,-70.291
42546.396,-70.291
42546.501,-70.291
42546.599,-70.291
42546.695,-70.291
42596.807,-70.291
42596.905,-70.291
42597.006,-70.291
42597.109,-70.291
42597.192,-70.291
42597.310,-70.291
42597.429,-70.291
42597.530,-70.291
42597.604,-70.291
42597.701,-70.291
42597.804,-70.291
42597.910,-70.291
42598.006,-70.291
42598.101,-70.291
42598.207,-70.291
42598.307,-70.291
42598.427,-70.291
42598.532,-70.291
42598.606,-70.291
42598.726,-70.291
42598.824,-70.291
42598.944,-70.291
42599.040,-70.291
42599.138,-70.291
42599.233,-70.291
42599.334,-70.291
42599.432,-70.291
42599.491,-70.291
42599.608,-70.291
42599.706,-70.291
42599.788,-70.291
42599.891,-70.291
42600.047,-70.291
42600.098,-70.291
42600.197,-70.291
42600.302,-70.291
42600.393,-70.291
42600.486,-70.291
42600.582,-70.291
42600.696,-70.291
42600.780,-70.291
42600.902,-70.291
42600.998,-70.291
42601.104,-70.291
42601.190,-70.291
42601.290,-70.291
42601.386,-70.291
42601.498,-70.291
42601.596,-70.291
42601.694,-70.291
42601.790,-70.291
42601.881,-70.291
42602.001,-70.291
42602.099,-70.291
42602.207,-70.291
42602.292,-70.291
42602.413,-70.291
42602.510,-70.291
42602.619,-70.291
42602.716,-70.291
42602.812,-70.291
42602.908,-70.291
42603.010,-70.291
42603.131,-70.291
42603.228,-70.291
42603.317,-70.291
42603.429,-70.291
42603.530,-70.291
42603.623,-70.291
42603.677,-70.291
42603.777,-70.291
42603.875,-70.291
42603.973,-70.291
42604.092,-70.291
42604.190,-70.291
42604.287,-70.291
42604.385,-70.291
42604.479,-70.291
42604.592,-70.291
42604.670,-70.291
42604.780,-70.291
42604.876,-70.291
42604.979,-70.291
42605.081,-70.291
42605.184,-70.291
42605.271,-70.291
42605.388,-70.291
42605.467,-70.291
42605.570,-70.291
42605.672,-70.291
42605.775,-70.291
42605.881,-70.291
42605.967,-70.291
42606.069,-70.291
42606.167,-70.291
42606.266,-70.291
42606.371,-70.291
42606.484,-70.291
42606.586,-70.291
42606.682,-70.291
42656.802,-70.291
42656.891,-70.291
42657.028,-70.291
42657.126,-70.291
42657.222,-70.291
42657.319,-70.291
42657.424,-70.291
42657.525,-70.291
42657.621,-70.291
42657.672,-70.291
42657.768,-70.291
42657.866,-70.291
42657.969,-70.291
42658.087,-70.291
42658.182,-70.291
42658.280,-70.291
42658.375,-70.291
42658.479,-70.291
42658.577,-70.291
42658.675,-70.291
42658.768,-70.291
42658.866,-70.291
42658.962,-70.291
42659.059,-70.291
42659.157,-70.291
42659.283,-70.291
42659.378,-70.291
42659.476,-70.291
42659.555,-70.291
42659.668,-70.291
42659.773,-70.291
42659.858,-70.291
42659.973,-70.291
42660.069,-70.291
42660.192,-70.291
42660.292,-70.291
42660.378,-70.291
42660.500,-70.291
42660.596,-70.291
42660.702,-70.291
42660.800,-70.291
42660.851,-70.291
42661.028,-70.291
42661.116,-70.291
42661.212,-70.291
42661.310,-70.291
42661.361,-70.291
42661.456,-70.291
42661.554,-70.291
42661.650,-70.291
42661.763,-70.291
42661.866,-70.291
42661.962,-70.291
42662.067,-70.291
42662.153,-70.291
42662.248,-70.291
42662.346,-70.291
42662.466,-70.291
42662.565,-70.291
42662.658,-70.291
42662.756,-70.291
42662.864,-70.291
42662.954,-70.291
42663.052,-70.291
42663.152,-70.291
42663.248,-70.291
42663.359,-70.291
42663.464,-70.291
42663.565,-70.291
42663.643,-70.291
42663.751,-70.291
42663.873,-70.291
42663.969,-70.291
42664.077,-70.291
42664.172,-70.291
42664.292,-70.291
42664.383,-70.291
42664.478,-70.291
42664.599,-70.291
42664.702,-70.291
42664.795,-70.291
42664.897,-70.291
42664.994,-70.291
42665.114,-70.291
42665.141,-70.291
42665.238,-70.291
42665.408,-70.291
42665.437,-70.291
42665.550,-70.291
42665.646,-70.291
42665.741,-70.291
42665.851,-70.291
42665.947,-70.291
42666.043,-70.291
42666.172,-70.291
42666.248,-70.291
42666.344,-70.291
42666.440,-70.291
42666.540,-70.291
42666.653,-70.291
42716.748,-70.291
42716.846,-70.291
42716.951,-70.291
42717.049,-70.291
42717.145,-70.291
42717.299,-70.291
42717.347,-70.291
42717.469,-70.291
42717.565,-70.291
42717.653,-70.291
42717.756,-70.291
42717.876,-70.291
42717.954,-70.291
42718.079,-70.291
42718.172,-70.291
42718.266,-70.291
42718.378,-70.291
42718.489,-70.291
42718.587,-70.291
42718.645,-70.291
42718.790,-70.291
42718.863,-70.291
42718.937,-70.291
42719.032,-70.291
42719.136,-70.291
42719.241,-70.291
42719.339,-70.291
42719.427,-70.291
42719.523,-70.291
42719.635,-70.291
42719.744,-70.291
42719.847,-70.291
42719.930,-70.291
42720.028,-70.291
42720.125,-70.291
42720.239,-70.291
42720.334,-70.291
42720.430,-70.291
42720.528,-70.291
42720.631,-70.291
42720.724,-70.291
42720.844,-70.291
42720.949,-70.291
42721.040,-70.291
42721.133,-70.291
42721.258,-70.291
42721.361,-70.291
42721.459,-70.291
42721.555,-70.291
42721.650,-70.291
42721.753,-70.291
42721.851,-70.291
42721.971,-70.291
42722.050,-70.291
42722.116,-70.291
42722.278,-70.291
42722.373,-70.291
42722.420,-70.291
42722.525,-70.291
42722.628,-70.291
42722.721,-70.291
42722.883,-70.291
42722.935,-70.291
42723.027,-70.291
42723.125,-70.291
42723.223,-70.291
42723.324,-70.291
42723.422,-70.291
42723.522,-70.291
42723.611,-70.291
42723.731,-70.291
42723.810,-70.291
42723.913,-70.291
42724.025,-70.291
42724.111,-70.291
42724.211,-70.291
42724.309,-70.291
42724.410,-70.291
42724.513,-70.291
42724.625,-70.291
42724.724,-70.291
42724.807,-70.291
42724.930,-70.291
42725.035,-70.291
42725.131,-70.291
42725.253,-70.291
42725.359,-70.291
42725.452,-70.291
42725.548,-70.291
42725.643,-70.291
42725.744,-70.291
42725.866,-70.291
42725.964,-70.291
42726.059,-70.291
42726.163,-70.291
42726.261,-70.291
42726.310,-70.291
42726.405,-70.291
42726.511,-70.291
42726.609,-70.291
42726.707,-70.291
42776.805,-70.291
42776.910,-70.291
42777.010,-70.291
42777.106,-70.291
42777.222,-70.291
42777.317,-70.291
42777.415,-70.291
42777.516,-70.291
42777.611,-70.291
42777.706,-70.291
42777.805,-70.291
42777.900,-70.291
42778.001,-70.291
42778.119,-70.291
42778.217,-70.291
42778.302,-70.291
42778.415,-70.291
42778.506,-70.291
42778.619,-70.291
42778.712,-70.291
42778.831,-70.291
42778.929,-70.291
42779.037,-70.291
42779.121,-70.291
42779.243,-70.291
42779.339,-70.291
42779.447,-70.291
42779.540,-70.291
42779.660,-70.291
42779.770,-70.291
42779.815,-70.291
42779.913,-70.291
42780.013,-70.291
42780.101,-70.291
42780.222,-70.291
42780.295,-70.291
42780.407,-70.291
42780.506,-70.291
42780.606,-70.291
42780.692,-70.291
42780.792,-70.291
42780.897,-70.291
42780.998,-70.291
42781.106,-70.291
42781.204,-70.291
42781.309,-70.291
42781.407,-70.291
42781.503,-70.291
42781.608,-70.291
42781.697,-70.291
42781.793,-70.291
42781.893,-70.291
42781.989,-70.291
42782.109,-70.291
42782.209,-70.291
42782.305,-70.291
42782.413,-70.291
42782.510,-70.291
42782.608,-70.291
42782.709,-70.291
42782.822,-70.291
42782.922,-70.291
42783.018,-70.291
42783.125,-70.291
42783.217,-70.291
42783.344,-70.291
42783.446,-70.291
42783.533,-70.291
42783.582,-70.291
42783.744,-70.291
42783.832,-70.291
42783.883,-70.291
42783.981,-70.291
42784.106,-70.291
42784.184,-70.291
42784.288,-70.291
42784.393,-70.291
42784.496,-70.291
42784.596,-70.291
42784.679,-70.291
42784.780,-70.291
42784.888,-70.291
42784.994,-70.291
42785.089,-70.291
42785.192,-70.291
42785.280,-70.291
42785.393,-70.291
42785.491,-70.291
42785.584,-70.291
42785.694,-70.291
42785.793,-70.291
42785.891,-70.291
42785.988,-70.291
42786.086,-70.291
42786.206,-70.291
42786.302,-70.291
42786.383,-70.291
42786.496,-70.291
42786.616,-70.291
42786.709,-70.291
43076.822,-70.291
43076.920,-70.291
43077.016,-70.291
43077.121,-70.291
43077.229,-70.291
43077.324,-70.291
43077.424,-70.291
43077.532,-70.291
43077.628,-70.291
43077.687,-70.291
43077.780,-70.291
43077.881,-70.291
43077.976,-70.291
43078.071,-70.291
43078.170,-70.291
43078.266,-70.291
43078.366,-70.291
43078.473,-70.291
43078.592,-70.291
43078.679,-70.291
43078.766,-70.291
43078.868,-70.291
43078.981,-70.291
43079.079,-70.291
43079.185,-70.291
43079.263,-70.291
43079.369,-70.291
43079.479,-70.291
43079.574,-70.291
43079.690,-70.291
43079.778,-70.291
43079.896,-70.291
43079.993,-70.291
43080.079,-70.291
43080.199,-70.291
43080.295,-70.291
43080.386,-70.291
43080.496,-70.291
43080.596,-70.291
43080.716,-70.291
43080.795,-70.291
43080.905,-70.291
43080.957,-70.291
43081.116,-70.291
43081.163,-70.291
43081.324,-70.291
43081.422,-70.291
43081.530,-70.291
43081.619,-70.291
43081.672,-70.291
43081.763,-70.291
43081.861,-70.291
43081.967,-70.291
43082.062,-70.291
43082.165,-70.291
43082.266,-70.291
43082.354,-70.291
43082.469,-70.291
43082.570,-70.291
43082.655,-70.291
43082.753,-70.291
43082.873,-70.291
43082.957,-70.291
43083.069,-70.291
43083.165,-70.291
43083.261,-70.291
43083.368,-70.291
43083.478,-70.291
43083.576,-70.291
43083.655,-70.291
43083.780,-70.291
43083.861,-70.291
43083.981,-70.291
43084.054,-70.291
43084.150,-70.291
43084.253,-70.291
43084.356,-70.291
43084.481,-70.291
43084.567,-70.291
43084.674,-70.291
43084.793,-70.291
43084.881,-70.291
43085.003,-70.291
43085.065,-70.291
43085.155,-70.291
43085.255,-70.291
43085.353,-70.291
43085.447,-70.291
43085.616,-70.291
43085.646,-70.291
43085.744,-70.291
43085.869,-70.291
43085.964,-70.291
43086.043,-70.291
43086.163,-70.291
43086.260,-70.291
43086.348,-70.291
43086.444,-70.291
43086.547,-70.291
43086.645,-70.291
43136.746,-70.291
43136.841,-70.291
43136.961,-70.291
43137.043,-70.291
43137.157,-70.291
43137.251,-70.291
43137.349,-70.291
43137.454,-70.291
43137.574,-70.291
43137.662,-70.291
43137.738,-70.291
43137.842,-70.291
43137.946,-70.291
43138.047,-70.291
43138.190,-70.291
43138.261,-70.291
43138.381,-70.291
43138.457,-70.291
43138.581,-70.291
43138.665,-70.291
43138.787,-70.291
43138.839,-70.291
43138.998,-70.291
43139.045,-70.291
43139.199,-70.291
43139.248,-70.291
43139.349,-70.291
43139.445,-70.291
43139.540,-70.291
43139.641,-70.291
43139.738,-70.291
43139.837,-70.291
43139.932,-70.291
43140.050,-70.291
43140.130,-70.291
43140.251,-70.291
43140.351,-70.291
43140.447,-70.291
43140.543,-70.291
43140.638,-70.291
43140.741,-70.291
43140.837,-70.291
43140.934,-70.291
43141.055,-70.291
43141.153,-70.291
43141.251,-70.291
43141.349,-70.291
43141.452,-70.291
43141.565,-70.291
43141.662,-70.291
43141.758,-70.291
43141.864,-70.291
43141.961,-70.291
43142.079,-70.291
43142.187,-70.291
43142.278,-70.291
43142.373,-70.291
43142.425,-70.291
43142.571,-70.291
43142.621,-70.291
43142.788,-70.291
43142.885,-70.291
43142.924,-70.291
43143.038,-70.291
43143.141,-70.291
43143.241,-70.291
43143.339,-70.291
43143.435,-70.291
43143.565,-70.291
43143.619,-70.291
43143.723,-70.291
43143.832,-70.291
43143.937,-70.291
43144.025,-70.291
43144.138,-70.291
43144.217,-70.291
43144.336,-70.291
43144.435,-70.291
43144.533,-70.291
43144.630,-70.291
43144.723,-70.291
43144.829,-70.291
43144.927,-70.291
43145.047,-70.291
43145.131,-70.291
43145.244,-70.291
43145.347,-70.291
43145.442,-70.291
43145.540,-70.291
43145.660,-70.291
43145.761,-70.291
43145.864,-70.291
43145.949,-70.291
43146.070,-70.291
43146.168,-70.291
43146.273,-70.291
43146.371,-70.291
43146.467,-70.291
43146.518,-70.291
43146.621,-70.291
43196.716,-70.291
43196.814,-70.291
43196.915,-70.291
43197.011,-70.291
43197.108,-70.291
43197.229,-70.291
43197.332,-70.291
43197.413,-70.291
43197.508,-70.291
43197.606,-70.291
43197.724,-70.291
43197.827,-70.291
43197.923,-70.291
43198.020,-70.291
43198.111,-70.291
43198.207,-70.291
43198.324,-70.291
43198.435,-70.291
43198.527,-70.291
43198.614,-70.291
43198.716,-70.291
43198.817,-70.291
43198.920,-70.291
43199.023,-70.291
43199.101,-70.291
43199.207,-70.291
43199.315,-70.291
43199.435,-70.291
43199.538,-70.291
43199.625,-70.291
43199.748,-70.291
43199.834,-70.291
43199.949,-70.291
43200.000,-70.291
43200.162,-70.291
43200.272,-70.291
43200.310,-70.291
43200.400,-70.291
43200.498,-70.291
43200.685,-70.291
43200.712,-70.291
43200.810,-70.291
43200.907,-70.291
43201.008,-70.291
43201.119,-70.291
43201.216,-70.291
43201.315,-70.291
43201.403,-70.291
43201.501,-70.291
43201.599,-70.291
43201.697,-70.291
43201.810,-70.291
43201.905,-70.291
43202.001,-70.291
43202.111,-70.291
43202.202,-70.291
43202.300,-70.291
43202.400,-70.291
43202.522,-70.291
43202.608,-70.291
43202.692,-70.291
43202.799,-70.291
43202.908,-70.291
43203.038,-70.291
43203.135,-70.291
43203.212,-70.291
43203.324,-70.291
43203.442,-70.291
43203.540,-70.291
43203.650,-70.291
43203.702,-70.291
43203.853,-70.291
43203.947,-70.291
43203.991,-70.291
43204.087,-70.291
43204.253,-70.291
43204.359,-70.291
43204.449,-70.291
43204.506,-70.291
43204.599,-70.291
43204.682,-70.291
43204.797,-70.291
43204.897,-70.291
43204.994,-70.291
43205.087,-70.291
43205.184,-70.291
43205.283,-70.291
43205.418,-70.291
43205.501,-70.291
43205.628,-70.291
43205.702,-70.291
43205.785,-70.291
43205.886,-70.291
43205.986,-70.291
43206.087,-70.291
43206.194,-70.291
43206.293,-70.291
43206.395,-70.291
43206.521,-70.291
43206.579,-70.291
43206.679,-70.291
43256.782,-70.291
43256.907,-70.291
43256.989,-70.291
43257.099,-70.291
43257.229,-70.291
43257.324,-70.291
43257.376,-70.291
43257.532,-70.291
43257.626,-70.291
43257.734,-70.291
43257.787,-70.291
43257.878,-70.291
43257.989,-70.291
43258.086,-70.291
43258.180,-70.291
43258.285,-70.291
43258.380,-70.291
43258.481,-70.291
43258.601,-70.291
43258.675,-70.291
43258.793,-70.291
43258.891,-70.291
43258.991,-70.291
43259.116,-70.291
43259.192,-70.291
43259.288,-70.291
43259.386,-70.291
43259.491,-70.291
43259.587,-70.291
43259.684,-70.291
43259.780,-70.291
43259.898,-70.291
43259.994,-70.291
43260.092,-70.291
43260.195,-70.291
43260.305,-70.291
43260.408,-70.291
43260.500,-70.291
43260.608,-70.291
43260.704,-70.291
43260.798,-70.291
43260.930,-70.291
43261.020,-70.291
43261.116,-70.291
43261.212,-70.291
43261.263,-70.291
43261.425,-70.291
43261.479,-70.291
43261.564,-70.291
43261.665,-70.291
43261.772,-70.291
43261.871,-70.291
43261.981,-70.291
43262.079,-70.291
43262.160,-70.291
43262.266,-70.291
43262.361,-70.291
43262.467,-70.291
43262.564,-70.291
43262.660,-70.291
43262.766,-70.291
43262.878,-70.291
43262.973,-70.291
43263.070,-70.291
43263.175,-70.291
43263.273,-70.291
43263.369,-70.291
43263.459,-70.291
43263.572,-70.291
43263.675,-70.291
43263.768,-70.291
43263.871,-70.291
43263.981,-70.291
43264.076,-70.291
43264.196,-70.291
43264.282,-70.291
43264.400,-70.291
43264.503,-70.291
43264.606,-70.291
43264.695,-70.291
43264.815,-70.291
43264.913,-70.291
43265.018,-70.291
43265.114,-70.291
43265.212,-70.291
43265.307,-70.291
43265.364,-70.291
43265.464,-70.291
43265.557,-70.291
43265.655,-70.291
43265.755,-70.291
43265.851,-70.291
43265.973,-70.291
43266.074,-70.291
43266.153,-70.291
43266.250,-70.291
43266.351,-70.291
43266.467,-70.291
43266.548,-70.291
43266.667,-70.291
43316.748,-70.291
43316.854,-70.291
43316.957,-70.291
43317.064,-70.291
43317.202,-70.291
43317.253,-70.291
43317.353,-70.291
43317.457,-70.291
43317.557,-70.291
43317.668,-70.291
43317.751,-70.291
43317.873,-70.291
43317.983,-70.291
43318.079,-70.291
43318.175,-70.291
43318.282,-70.291
43318.393,-70.291
43318.491,-70.291
43318.584,-70.291
43318.692,-70.291
43318.744,-70.291
43318.905,-70.291
43319.015,-70.291
43319.099,-70.291
43319.150,-70.291
43319.244,-70.291
43319.341,-70.291
43319.447,-70.291
43319.543,-70.291
43319.647,-70.291
43319.751,-70.291
43319.861,-70.291
43319.957,-70.291
43320.052,-70.291
43320.141,-70.291
43320.256,-70.291
43320.354,-70.291
43320.452,-70.291
43320.554,-70.291
43320.648,-70.291
43320.743,-70.291
43320.853,-70.291
43320.946,-70.291
43321.042,-70.291
43321.163,-70.291
43321.265,-70.291
43321.361,-70.291
43321.464,-70.291
43321.550,-70.291
43321.646,-70.291
43321.751,-70.291
43321.837,-70.291
43321.959,-70.291
43322.040,-70.291
43322.143,-70.291
43322.246,-70.291
43322.349,-70.291
43322.427,-70.291
43322.532,-70.291
43322.690,-70.291
43322.728,-70.291
43322.888,-70.291
43322.937,-70.291
43323.033,-70.291
43323.130,-70.291
43323.226,-70.291
43323.334,-70.291
43323.425,-70.291
43323.538,-70.291
43323.641,-70.291
43323.748,-70.291
43323.839,-70.291
43323.939,-70.291
43324.042,-70.291
43324.133,-70.291
43324.224,-70.291
43324.326,-70.291
43324.422,-70.291
43324.530,-70.291
43324.641,-70.291
43324.739,-70.291
43324.837,-70.291
43324.940,-70.291
43325.035,-70.291
43325.157,-70.291
43325.263,-70.291
43325.339,-70.291
43325.459,-70.291
43325.557,-70.291
43325.647,-70.291
43325.766,-70.291
43325.863,-70.291
43325.952,-70.291
43326.067,-70.291
43326.163,-70.291
43326.285,-70.291
43326.366,-70.291
43326.479,-70.291
43326.533,-70.291
43326.616,-70.291
43376.778,-70.291
43376.829,-70.291
43376.925,-70.291
43377.028,-70.291
43377.125,-70.291
43377.217,-70.291
43377.337,-70.291
43377.429,-70.291
43377.535,-70.291
43377.636,-70.291
43377.733,-70.291
43377.837,-70.291
43377.924,-70.291
43378.025,-70.291
43378.123,-70.291
43378.231,-70.291
43378.327,-70.291
43378.425,-70.291
43378.521,-70.291
43378.641,-70.291
43378.736,-70.291
43378.834,-70.291
43378.939,-70.291
43379.049,-70.291
43379.147,-70.291
43379.243,-70.291
43379.351,-70.291
43379.446,-70.291
43379.542,-70.291
43379.641,-70.291
43379.765,-70.291
43379.861,-70.291
43379.957,-70.291
43380.040,-70.291
43380.174,-70.291
43380.270,-70.291
43380.366,-70.291
43380.408,-70.291
43380.508,-70.291
43380.609,-70.291
43380.714,-70.291
43380.822,-70.291
43380.905,-70.291
43381.025,-70.291
43381.109,-70.291
43381.234,-70.291
43381.319,-70.291
43381.415,-70.291
43381.535,-70.291
43381.601,-70.291
43381.724,-70.291
43381.800,-70.291
43381.918,-70.291
43382.015,-70.291
43382.111,-70.291
43382.246,-70.291
43382.312,-70.291
43382.413,-70.291
43382.537,-70.291
43382.619,-70.291
43382.726,-70.291
43382.822,-70.291
43382.918,-70.291
43383.025,-70.291
43383.123,-70.291
43383.241,-70.291
43383.349,-70.291
43383.440,-70.291
43383.538,-70.291
43383.636,-70.291
43383.760,-70.291
43383.856,-70.291
43383.952,-70.291
43384.049,-70.291
43384.153,-70.291
43384.201,-70.291
43384.295,-70.291
43384.396,-70.291
43384.506,-70.291
43384.601,-70.291
43384.701,-70.291
43384.819,-70.291
43384.893,-70.291
43385.011,-70.291
43385.094,-70.291
43385.209,-70.291
43385.305,-70.291
43385.408,-70.291
43385.491,-70.291
43385.597,-70.291
43385.694,-70.291
43385.807,-70.291
43385.920,-70.291
43386.011,-70.291
43386.106,-70.291
43386.202,-70.291
43386.287,-70.291
43386.400,-70.291
43386.520,-70.291
43386.616,-70.291
43676.726,-70.291
43676.824,-70.291
43676.923,-70.291
43677.023,-70.291
43677.136,-70.291
43677.234,-70.291
43677.329,-70.291
43677.435,-70.291
43677.533,-70.291
43677.586,-70.291
43677.760,-70.291
43677.832,-70.291
43677.885,-70.291
43677.983,-70.291
43678.084,-70.291
43678.189,-70.291
43678.283,-70.291
43678.381,-70.291
43678.494,-70.291
43678.599,-70.291
43678.701,-70.291
43678.778,-70.291
43678.886,-70.291
43678.993,-70.291
43679.084,-70.291
43679.182,-70.291
43679.320,-70.291
43679.376,-70.291
43679.496,-70.291
43679.596,-70.291
43679.695,-70.291
43679.777,-70.291
43679.890,-70.291
43680.008,-70.291
43680.096,-70.291
43680.192,-70.291
43680.278,-70.291
43680.400,-70.291
43680.493,-70.291
43680.614,-70.291
43680.707,-70.291
43680.810,-70.291
43680.905,-70.291
43681.022,-70.291
43681.108,-70.291
43681.229,-70.291
43681.327,-70.291
43681.381,-70.291
43681.527,-70.291
43681.579,-70.291
43681.672,-70.291
43681.768,-70.291
43681.869,-70.291
43682.037,-70.291
43682.087,-70.291
43682.168,-70.291
43682.282,-70.291
43682.381,-70.291
43682.479,-70.291
43682.582,-70.291
43682.679,-70.291
43682.775,-70.291
43682.871,-70.291
43682.974,-70.291
43683.077,-70.291
43683.180,-70.291
43683.272,-70.291
43683.386,-70.291
43683.469,-70.291
43683.567,-70.291
43683.684,-70.291
43683.778,-70.291
43683.878,-70.291
43684.006,-70.291
43684.087,-70.291
43684.165,-70.291
43684.271,-70.291
43684.386,-70.291
43684.481,-70.291
43684.601,-70.291
43684.697,-70.291
43684.765,-70.291
43684.910,-70.291
43685.008,-70.291
43685.059,-70.291
43685.226,-70.291
43685.322,-70.291
43685.418,-70.291
43685.520,-70.291
43685.619,-70.291
43685.670,-70.291
43685.766,-70.291
43685.869,-70.291
43685.967,-70.291
43686.064,-70.291
43686.168,-70.291
43686.277,-70.291
43686.373,-70.291
43686.474,-70.291
43686.581,-70.291
43686.663,-70.291
43736.761,-70.291
43736.859,-70.291
43736.969,-70.291
43737.067,-70.291
43737.165,-70.291
43737.266,-70.291
43737.356,-70.291
43737.476,-70.291
43737.574,-70.291
43737.682,-70.291
43737.770,-70.291
43737.890,-70.291
43737.986,-70.291
43738.092,-70.291
43738.187,-70.291
43738.278,-70.291
43738.353,-70.291
43738.464,-70.291
43738.562,-70.291
43738.662,-70.291
43738.783,-70.291
43738.847,-70.291
43738.947,-70.291
43739.052,-70.291
43739.152,-70.291
43739.307,-70.291
43739.359,-70.291
43739.464,-70.291
43739.614,-70.291
43739.660,-70.291
43739.753,-70.291
43739.851,-70.291
43739.954,-70.291
43740.052,-70.291
43740.147,-70.291
43740.253,-70.291
43740.344,-70.291
43740.466,-70.291
43740.560,-70.291
43740.658,-70.291
43740.758,-70.291
43740.854,-70.291
43740.952,-70.291
43741.057,-70.291
43741.155,-70.291
43741.246,-70.291
43741.356,-70.291
43741.469,-70.291
43741.565,-70.291
43741.663,-70.291
43741.768,-70.291
43741.859,-70.291
43741.981,-70.291
43742.091,-70.291
43742.182,-70.291
43742.271,-70.291
43742.349,-70.291
43742.476,-70.291
43742.559,-70.291
43742.663,-70.291
43742.739,-70.291
43742.868,-70.291
43742.942,-70.291
43743.043,-70.291
43743.148,-70.291
43743.244,-70.291
43743.336,-70.291
43743.456,-70.291
43743.604,-70.291
43743.655,-70.291
43743.751,-70.291
43743.849,-70.291
43743.951,-70.291
43744.050,-70.291
43744.147,-70.291
43744.244,-70.291
43744.341,-70.291
43744.437,-70.291
43744.533,-70.291
43744.663,-70.291
43744.751,-70.291
43744.847,-70.291
43744.944,-70.291
43745.035,-70.291
43745.147,-70.291
43745.239,-70.291
43745.359,-70.291
43745.467,-70.291
43745.565,-70.291
43745.662,-70.291
43745.766,-70.291
43745.854,-70.291
43745.976,-70.291
43746.072,-70.291
43746.177,-70.291
43746.278,-70.291
43746.376,-70.291
43746.437,-70.291
43746.527,-70.291
43746.623,-70.291
43796.726,-70.291
43796.829,-70.291
43796.927,-70.291
43797.030,-70.291
43797.131,-70.291
43797.236,-70.291
43797.342,-70.291
43797.442,-70.291
43797.530,-70.291
43797.628,-70.291
43797.736,-70.291
43797.832,-70.291
43798.015,-70.291
43798.042,-70.291
43798.140,-70.291
43798.233,-70.291
43798.339,-70.291
43798.424,-70.291
43798.523,-70.291
43798.619,-70.291
43798.722,-70.291
43798.842,-70.291
43798.937,-70.291
43799.030,-70.291
43799.143,-70.291
43799.239,-70.291
43799.359,-70.291
43799.440,-70.291
43799.552,-70.291
43799.648,-70.291
43799.768,-70.291
43799.851,-70.291
43799.949,-70.291
43800.071,-70.291
43800.177,-70.291
43800.265,-70.291
43800.317,-70.291
43800.478,-70.291
43800.587,-70.291
43800.616,-70.291
43800.712,-70.291
43800.878,-70.291
43800.912,-70.291
43801.025,-70.291
43801.130,-70.291
43801.229,-70.291
43801.326,-70.291
43801.432,-70.291
43801.513,-70.291
43801.646,-70.291
43801.729,-70.291
43801.826,-70.291
43801.927,-70.291
43802.013,-70.291
43802.114,-70.291
43802.212,-70.291
43802.310,-70.291
43802.425,-70.291
43802.521,-70.291
43802.640,-70.291
43802.750,-70.291
43802.842,-70.291
43802.937,-70.291
43803.033,-70.291
43803.125,-70.291
43803.228,-70.291
43803.351,-70.291
43803.447,-70.291
43803.552,-70.291
43803.646,-70.291
43803.763,-70.291
43803.817,-70.291
43803.944,-70.291
43804.064,-70.291
43804.157,-70.291
43804.263,-70.291
43804.363,-70.291
43804.413,-70.291
43804.510,-70.291
43804.609,-70.291
43804.707,-70.291
43804.805,-70.291
43804.908,-70.291
43805.016,-70.291
43805.114,-70.291
43805.214,-70.291
43805.322,-70.291
43805.405,-70.291
43805.506,-70.291
43805.609,-70.291
43805.712,-70.291
43805.812,-70.291
43805.918,-70.291
43806.001,-70.291
43806.101,-70.291
43806.219,-70.291
43806.315,-70.291
43806.425,-70.291
43806.513,-70.291
43806.606,-70.291
43856.728,-70.291
43856.812,-70.291
43856.930,-70.291
43857.025,-70.291
43857.125,-70.291
43857.228,-70.291
43857.324,-70.291
43857.445,-70.291
43857.528,-70.291
43857.641,-70.291
43857.690,-70.291
43857.851,-70.291
43857.895,-70.291
43857.989,-70.291
43858.153,-70.291
43858.263,-70.291
43858.305,-70.291
43858.397,-70.291
43858.494,-70.291
43858.599,-70.291
43858.697,-70.291
43858.804,-70.291
43858.908,-70.291
43858.996,-70.291
43859.092,-70.291
43859.196,-70.291
43859.300,-70.291
43859.388,-70.291
43859.484,-70.291
43859.587,-70.291
43859.731,-70.291
43859.800,-70.291
43859.898,-70.291
43859.996,-70.291
43860.101,-70.291
43860.212,-70.291
43860.309,-70.291
43860.405,-70.291
43860.511,-70.291
43860.609,-70.291
43860.712,-70.291
43860.805,-70.291
43860.927,-70.291
43861.025,-70.291
43861.121,-70.291
43861.214,-70.291
43861.337,-70.291
43861.434,-70.291
43861.530,-70.291
43861.638,-70.291
43861.734,-70.291
43861.785,-70.291
43861.878,-70.291
43861.984,-70.291
43862.079,-70.291
43862.179,-70.291
43862.277,-70.291
43862.396,-70.291
43862.491,-70.291
43862.594,-70.291
43862.695,-70.291
43862.792,-70.291
43862.891,-70.291
43862.993,-70.291
43863.082,-70.291
43863.184,-70.291
43863.287,-70.291
43863.407,-70.291
43863.494,-70.291
43863.574,-70.291
43863.684,-70.291
43863.773,-70.291
43863.890,-70.291
43863.986,-70.291
43864.081,-70.291
43864.184,-70.291
43864.305,-70.291
43864.405,-70.291
43864.508,-70.291
43864.594,-70.291
43864.717,-70.291
43864.815,-70.291
43864.920,-70.291
43865.016,-70.291
43865.113,-70.291
43865.207,-70.291
43865.268,-70.291
43865.427,-70.291
43865.525,-70.291
43865.618,-70.291
43865.724,-70.291
43865.775,-70.291
43865.876,-70.291
43865.979,-70.291
43866.077,-70.291
43866.174,-70.291
43866.273,-70.291
43866.371,-70.291
43866.467,-70.291
43866.567,-70.291
43866.667,-70.291
43916.783,-70.291
43916.869,-70.291
43916.967,-70.291
43917.082,-70.291
43917.177,-70.291
43917.263,-70.291
43917.366,-70.291
43917.469,-70.291
43917.572,-70.291
43917.677,-70.291
43917.773,-70.291
43917.859,-70.291
43917.981,-70.291
43918.070,-70.291
43918.185,-70.291
43918.295,-70.291
43918.393,-70.291
43918.489,-70.291
43918.596,-70.291
43918.696,-70.291
43918.815,-70.291
43918.920,-70.291
43919.008,-70.291
43919.106,-70.291
43919.158,-70.291
43919.258,-70.291
43919.420,-70.291
43919.518,-70.291
43919.567,-70.291
43919.655,-70.291
43919.763,-70.291
43919.863,-70.291
43919.959,-70.291
43920.052,-70.291
43920.153,-70.291
43920.273,-70.291
43920.434,-70.291
43920.484,-70.291
43920.557,-70.291
43920.658,-70.291
43920.756,-70.291
43920.869,-70.291
43920.967,-70.291
43921.064,-70.291
43921.168,-70.291
43921.263,-70.291
43921.361,-70.291
43921.454,-70.291
43921.557,-70.291
43921.680,-70.291
43921.778,-70.291
43921.858,-70.291
43921.966,-70.291
43922.086,-70.291
43922.182,-70.291
43922.295,-70.291
43922.391,-70.291
43922.488,-70.291
43922.594,-70.291
43922.704,-70.291
43922.802,-70.291
43922.898,-70.291
43923.006,-70.291
43923.104,-70.291
43923.201,-70.291
43923.251,-70.291
43923.354,-70.291
43923.452,-70.291
43923.550,-70.291
43923.662,-70.291
43923.744,-70.291
43923.856,-70.291
43923.961,-70.291
43924.065,-70.291
43924.152,-70.291
43924.275,-70.291
43924.363,-70.291
43924.457,-70.291
43924.543,-70.291
43924.641,-70.291
43924.761,-70.291
43924.842,-70.291
43924.962,-70.291
43925.062,-70.291
43925.167,-70.291
43925.251,-70.291
43925.354,-70.291
43925.447,-70.291
43925.577,-70.291
43925.675,-70.291
43925.771,-70.291
43925.868,-70.291
43925.972,-70.291
43926.070,-70.291
43926.163,-70.291
43926.270,-70.291
43926.380,-70.291
43926.476,-70.291
43926.597,-70.291
43926.680,-70.291
43976.731,-70.291
43976.895,-70.291
43977.003,-70.291
43977.091,-70.291
43977.141,-70.291
43977.239,-70.291
43977.336,-70.291
43977.439,-70.291
43977.535,-70.291
43977.635,-70.291
43977.739,-70.291
43977.851,-70.291
43977.947,-70.291
43978.045,-70.291
43978.130,-70.291
43978.229,-70.291
43978.349,-70.291
43978.427,-70.291
43978.543,-70.291
43978.640,-70.291
43978.741,-70.291
43978.842,-70.291
43978.952,-70.291
43979.042,-70.291
43979.133,-70.291
43979.253,-70.291
43979.349,-70.291
43979.442,-70.291
43979.543,-70.291
43979.623,-70.291
43979.723,-70.291
43979.824,-70.291
43979.944,-70.291
43980.038,-70.291
43980.138,-70.291
43980.246,-70.291
43980.356,-70.291
43980.479,-70.291
43980.577,-70.291
43980.628,-70.291
43980.728,-70.291
43980.829,-70.291
43980.924,-70.291
43981.089,-70.291
43981.121,-70.291
43981.239,-70.291
43981.332,-70.291
43981.437,-70.291
43981.537,-70.291
43981.633,-70.291
43981.734,-70.291
43981.820,-70.291
43981.918,-70.291
43982.038,-70.291
43982.150,-70.291
43982.234,-70.291
43982.334,-70.291
43982.432,-70.291
43982.516,-70.291
43982.631,-70.291
43982.726,-70.291
43982.824,-70.291
43982.932,-70.291
43983.035,-70.291
43983.133,-70.291
43983.251,-70.291
43983.315,-70.291
43983.422,-70.291
43983.548,-70.291
43983.640,-70.291
43983.761,-70.291
43983.861,-70.291
43983.957,-70.291
43984.055,-70.291
43984.175,-70.291
43984.272,-70.291
43984.356,-70.291
43984.469,-70.291
43984.516,-70.291
43984.611,-70.291
43984.722,-70.291
43984.817,-70.291
43984.915,-70.291
43985.011,-70.291
43985.118,-70.291
43985.214,-70.291
43985.312,-70.291
43985.413,-70.291
43985.525,-70.291
43985.696,-70.291
43985.724,-70.291
43985.824,-70.291
43985.913,-70.291
43986.011,-70.291
43986.116,-70.291
43986.214,-70.291
43986.312,-70.291
43986.415,-70.291
43986.523,-70.291
43986.625,-70.291
44276.721,-70.291
44276.815,-70.291
44276.927,-70.291
44277.037,-70.291
44277.131,-70.291
44277.228,-70.291
44277.339,-70.291
44277.439,-70.291
44277.538,-70.291
44277.635,-70.291
44277.755,-70.291
44277.853,-70.291
44277.949,-70.291
44278.001,-70.291
44278.099,-70.291
44278.261,-70.291
44278.358,-70.291
44278.398,-70.291
44278.506,-70.291
44278.603,-70.291
44278.704,-70.291
44278.812,-70.291
44278.917,-70.291
44279.016,-70.291
44279.175,-70.291
44279.207,-70.291
44279.305,-70.291
44279.400,-70.291
44279.498,-70.291
44279.616,-70.291
44279.714,-70.291
44279.795,-70.291
44279.910,-70.291
44280.008,-70.291
44280.092,-70.291
44280.195,-70.291
44280.305,-70.291
44280.403,-70.291
44280.505,-70.291
44280.611,-70.291
44280.714,-70.291
44280.790,-70.291
44280.893,-70.291
44280.998,-70.291
44281.101,-70.291
44281.226,-70.291
44281.312,-70.291
44281.430,-70.291
44281.523,-70.291
44281.643,-70.291
44281.748,-70.291
44281.847,-70.291
44281.946,-70.291
44282.042,-70.291
44282.097,-70.291
44282.190,-70.291
44282.287,-70.291
44282.395,-70.291
44282.486,-70.291
44282.587,-70.291
44282.706,-70.291
44282.807,-70.291
44282.891,-70.291
44282.991,-70.291
44283.084,-70.291
44283.197,-70.291
44283.295,-70.291
44283.402,-70.291
44283.498,-70.291
44283.587,-70.291
44283.692,-70.291
44283.797,-70.291
44283.881,-70.291
44284.001,-70.291
44284.111,-70.291
44284.187,-70.291
44284.292,-70.291
44284.402,-70.291
44284.498,-70.291
44284.577,-70.291
44284.679,-70.291
44284.787,-70.291
44284.888,-70.291
44285.011,-70.291
44285.096,-70.291
44285.222,-70.291
44285.299,-70.291
44285.425,-70.291
44285.476,-70.291
44285.628,-70.291
44285.682,-70.291
44285.842,-70.291
44285.935,-70.291
44285.986,-70.291
44286.077,-70.291
44286.182,-70.291
44286.278,-70.291
44286.375,-70.291
44286.481,-70.291
44286.592,-70.291
44286.687,-70.291
44336.787,-70.291
44336.873,-70.291
44336.986,-70.291
44337.082,-70.291
44337.177,-70.291
44337.285,-70.291
44337.381,-70.291
44337.476,-70.291
44337.584,-70.291
44337.668,-70.291
44337.792,-70.291
44337.888,-70.291
44337.998,-70.291
44338.094,-70.291
44338.195,-70.291
44338.293,-70.291
44338.386,-70.291
44338.508,-70.291
44338.604,-70.291
44338.685,-70.291
44338.821,-70.291
44338.917,-70.291
44339.022,-70.291
44339.123,-70.291
44339.223,-70.291
44339.319,-70.291
44339.423,-70.291
44339.462,-70.291
44339.626,-70.291
44339.723,-70.291
44339.834,-70.291
44339.861,-70.291
44339.981,-70.291
44340.072,-70.291
44340.180,-70.291
44340.277,-70.291
44340.376,-70.291
44340.474,-70.291
44340.565,-70.291
44340.662,-70.291
44340.758,-70.291
44340.893,-70.291
44340.974,-70.291
44341.072,-70.291
44341.168,-70.291
44341.260,-70.291
44341.375,-70.291
44341.459,-70.291
44341.570,-70.291
44341.667,-70.291
44341.771,-70.291
44341.878,-70.291
44341.994,-70.291
44342.060,-70.291
44342.180,-70.291
44342.271,-70.291
44342.405,-70.291
44342.503,-70.291
44342.599,-70.291
44342.687,-70.291
44342.800,-70.291
44342.897,-70.291
44343.018,-70.291
44343.099,-70.291
44343.217,-70.291
44343.315,-70.291
44343.413,-70.291
44343.508,-70.291
44343.559,-70.291
44343.658,-70.291
44343.758,-70.291
44343.856,-70.291
44343.959,-70.291
44344.057,-70.291
44344.158,-70.291
44344.268,-70.291
44344.368,-70.291
44344.462,-70.291
44344.567,-70.291
44344.655,-70.291
44344.765,-70.291
44344.861,-70.291
44344.967,-70.291
44345.062,-70.291
44345.158,-70.291
44345.255,-70.291
44345.354,-70.291
44345.454,-70.291
44345.555,-70.291
44345.670,-70.291
44345.760,-70.291
44345.869,-70.291
44345.947,-70.291
44346.055,-70.291
44346.177,-70.291
44346.298,-70.291
44346.405,-70.291
44346.494,-70.291
44346.589,-70.291
44346.689,-70.291
44396.741,-70.291
44396.842,-70.291
44397.005,-70.291
44397.101,-70.291
44397.140,-70.291
44397.243,-70.291
44397.341,-70.291
44397.464,-70.291
44397.554,-70.291
44397.650,-70.291
44397.750,-70.291
44397.844,-70.291
44397.942,-70.291
44398.035,-70.291
44398.160,-70.291
44398.243,-70.291
44398.371,-70.291
44398.444,-70.291
44398.542,-70.291
44398.650,-70.291
44398.746,-70.291
44398.844,-70.291
44398.940,-70.291
44399.048,-70.291
44399.148,-70.291
44399.239,-70.291
44399.349,-70.291
44399.459,-70.291
44399.557,-70.291
44399.653,-70.291
44399.756,-70.291
44399.876,-70.291
44399.971,-70.291
44400.079,-70.291
44400.165,-70.291
44400.265,-70.291
44400.383,-70.291
44400.491,-70.291
44400.591,-70.291
44400.690,-70.291
44400.787,-70.291
44400.886,-70.291
44400.984,-70.291
44401.035,-70.291
44401.133,-70.291
44401.228,-70.291
44401.327,-70.291
44401.425,-70.291
44401.550,-70.291
44401.648,-70.291
44401.746,-70.291
44401.832,-70.291
44401.940,-70.291
44402.037,-70.291
44402.136,-70.291
44402.228,-70.291
44402.329,-70.291
44402.427,-70.291
44402.525,-70.291
44402.652,-70.291
44402.744,-70.291
44402.839,-70.291
44402.939,-70.291
44403.042,-70.291
44403.138,-70.291
44403.233,-70.291
44403.354,-70.291
44403.456,-70.291
44403.550,-70.291
44403.647,-70.291
44403.756,-70.291
44403.866,-70.291
44403.962,-70.291
44404.062,-70.291
44404.165,-70.291
44404.268,-70.291
44404.319,-70.291
44404.418,-70.291
44404.584,-70.291
44404.680,-70.291
44404.734,-70.291
44404.873,-70.291
44404.925,-70.291
44405.023,-70.291
44405.123,-70.291
44405.224,-70.291
44405.334,-70.291
44405.427,-70.291
44405.538,-70.291
44405.614,-70.291
44405.714,-70.291
44405.821,-70.291
44405.927,-70.291
44406.027,-70.291
44406.121,-70.291
44406.216,-70.291
44406.327,-70.291
44406.418,-70.291
44406.518,-70.291
44406.636,-70.291
44456.738,-70.291
44456.836,-70.291
44456.934,-70.291
44457.030,-70.291
44457.131,-70.291
44457.228,-70.291
44457.349,-70.291
44457.432,-70.291
44457.543,-70.291
44457.660,-70.291
44457.758,-70.291
44457.842,-70.291
44457.962,-70.291
44458.059,-70.291
44458.165,-70.291
44458.209,-70.291
44458.373,-70.291
44458.423,-70.291
44458.576,-70.291
44458.670,-70.291
44458.721,-70.291
44458.810,-70.291
44458.924,-70.291
44459.018,-70.291
44459.119,-70.291
44459.224,-70.291
44459.314,-70.291
44459.408,-70.291
44459.506,-70.291
44459.635,-70.291
44459.699,-70.291
44459.800,-70.291
44459.922,-70.291
44460.001,-70.291
44460.111,-70.291
44460.209,-70.291
44460.324,-70.291
44460.413,-70.291
44460.511,-70.291
44460.606,-70.291
44460.712,-70.291
44460.810,-70.291
44460.930,-70.291
44461.030,-70.291
44461.148,-70.291
44461.244,-70.291
44461.344,-70.291
44461.439,-70.291
44461.543,-70.291
44461.638,-70.291
44461.758,-70.291
44461.839,-70.291
44461.949,-70.291
44462.045,-70.291
44462.098,-70.291
44462.251,-70.291
44462.302,-70.291
44462.397,-70.291
44462.494,-70.291
44462.599,-70.291
44462.695,-70.291
44462.800,-70.291
44462.903,-70.291
44463.011,-70.291
44463.114,-70.291
44463.190,-70.291
44463.310,-70.291
44463.402,-70.291
44463.505,-70.291
44463.609,-70.291
44463.702,-70.291
44463.795,-70.291
44463.893,-70.291
44464.000,-70.291
44464.106,-70.291
44464.202,-70.291
44464.300,-70.291
44464.403,-70.291
44464.498,-70.291
44464.619,-70.291
44464.714,-70.291
44464.824,-70.291
44464.923,-70.291
44465.023,-70.291
44465.119,-70.291
44465.239,-70.291
44465.337,-70.291
44465.432,-70.291
44465.513,-70.291
44465.648,-70.291
44465.746,-70.291
44465.844,-70.291
44465.883,-70.291
44465.984,-70.291
44466.082,-70.291
44466.250,-70.291
44466.295,-70.291
44466.390,-70.291
44466.486,-70.291
44466.592,-70.291
44466.689,-70.291
44516.788,-70.291
44516.885,-70.291
44516.986,-70.291
44517.084,-70.291
44517.179,-70.291
44517.277,-70.291
44517.388,-70.291
44517.484,-70.291
44517.582,-70.291
44517.722,-70.291
44517.773,-70.291
44517.878,-70.291
44517.998,-70.291
44518.087,-70.291
44518.187,-70.291
44518.273,-70.291
44518.395,-70.291
44518.498,-70.291
44518.574,-70.291
44518.719,-70.291
44518.824,-70.291
44518.910,-70.291
44519.013,-70.291
44519.106,-70.291
44519.234,-70.291
44519.332,-70.291
44519.429,-70.291
44519.525,-70.291
44519.626,-70.291
44519.748,-70.291
44519.775,-70.291
44519.873,-70.291
44519.972,-70.291
44520.074,-70.291
44520.179,-70.291
44520.293,-70.291
44520.388,-70.291
44520.484,-70.291
44520.589,-70.291
44520.684,-70.291
44520.780,-70.291
44520.878,-70.291
44520.974,-70.291
44521.071,-70.291
44521.173,-70.291
44521.271,-70.291
44521.366,-70.291
44521.484,-70.291
44521.581,-70.291
44521.687,-70.291
44521.785,-70.291
44521.886,-70.291
44521.981,-70.291
44522.079,-70.291
44522.199,-70.291
44522.295,-70.291
44522.385,-70.291
44522.498,-70.291
44522.565,-70.291
44522.665,-70.291
44522.768,-70.291
44522.910,-70.291
44522.978,-70.291
44523.079,-70.291
44523.180,-70.291
44523.280,-70.291
44523.388,-70.291
44523.464,-70.291
44523.565,-70.291
44523.670,-70.291
44523.766,-70.291
44523.871,-70.291
44523.969,-70.291
44524.072,-70.291
44524.170,-70.291
44524.275,-70.291
44524.359,-70.291
44524.478,-70.291
44524.557,-70.291
44524.674,-70.291
44524.793,-70.291
44524.864,-70.291
44524.961,-70.291
44525.070,-70.291
44525.160,-70.291
44525.258,-70.291
44525.354,-70.291
44525.456,-70.291
44525.577,-70.291
44525.677,-70.291
44525.771,-70.291
44525.873,-70.291
44525.994,-70.291
44526.092,-70.291
44526.173,-70.291
44526.283,-70.291
44526.403,-70.291
44526.501,-70.291
44526.584,-70.291
44526.704,-70.291
44576.799,-70.291
44576.907,-70.291
44576.998,-70.291
44577.050,-70.291
44577.152,-70.291
44577.319,-70.291
44577.347,-70.291
44577.445,-70.291
44577.611,-70.291
44577.712,-70.291
44577.761,-70.291
44577.856,-70.291
44577.956,-70.291
44578.057,-70.291
44578.155,-70.291
44578.251,-70.291
44578.344,-70.291
44578.446,-70.291
44578.552,-70.291
44578.653,-70.291
44578.746,-70.291
44578.856,-70.291
44578.945,-70.291
44579.043,-70.291
44579.157,-70.291
44579.246,-70.291
44579.351,-70.291
44579.456,-70.291
44579.560,-70.291
44579.663,-70.291
44579.748,-70.291
44579.858,-70.291
44579.959,-70.291
44580.082,-70.291
44580.182,-70.291
44580.283,-70.291
44580.383,-70.291
44580.481,-70.291
44580.584,-70.291
44580.696,-70.291
44580.790,-70.291
44580.888,-70.291
44580.994,-70.291
44581.087,-70.291
44581.138,-70.291
44581.234,-70.291
44581.342,-70.291
44581.442,-70.291
44581.540,-70.291
44581.640,-70.291
44581.748,-70.291
44581.846,-70.291
44581.930,-70.291
44582.054,-70.291
44582.136,-70.291
44582.234,-70.291
44582.329,-70.291
44582.442,-70.291
44582.538,-70.291
44582.635,-70.291
44582.731,-70.291
44582.831,-70.291
44582.952,-70.291
44583.048,-70.291
44583.155,-70.291
44583.244,-70.291
44583.344,-70.291
44583.442,-70.291
44583.567,-70.291
44583.631,-70.291
44583.729,-70.291
44583.842,-70.291
44583.959,-70.291
44584.079,-70.291
44584.177,-70.291
44584.256,-70.291
44584.369,-70.291
44584.423,-70.291
44584.525,-70.291
44584.626,-70.291
44584.723,-70.291
44584.888,-70.291
44584.991,-70.291
44585.037,-70.291
44585.128,-70.291
44585.226,-70.291
44585.322,-70.291
44585.430,-70.291
44585.533,-70.291
44585.631,-70.291
44585.728,-70.291
44585.841,-70.291
44585.939,-70.291
44586.018,-70.291
44586.119,-70.291
44586.236,-70.291
44586.334,-70.291
44586.430,-70.291
44586.530,-70.291
44586.628,-70.291
44876.724,-70.291
44876.829,-70.291
44876.942,-70.291
44877.025,-70.291
44877.146,-70.291
44877.241,-70.291
44877.334,-70.291
44877.437,-70.291
44877.518,-70.291
44877.626,-70.291
44877.746,-70.291
44877.834,-70.291
44877.947,-70.291
44878.040,-70.291
44878.160,-70.291
44878.212,-70.291
44878.369,-70.291
44878.423,-70.291
44878.577,-70.291
44878.668,-70.291
44878.712,-70.291
44878.810,-70.291
44878.976,-70.291
44879.079,-70.291
44879.131,-70.291
44879.233,-70.291
44879.327,-70.291
44879.427,-70.291
44879.525,-70.291
44879.630,-70.291
44879.724,-70.291
44879.815,-70.291
44879.912,-70.291
44880.010,-70.291
44880.138,-70.291
44880.226,-70.291
44880.324,-70.291
44880.422,-70.291
44880.511,-70.291
44880.616,-70.291
44880.736,-70.291
44880.832,-70.291
44880.918,-70.291
44881.038,-70.291
44881.131,-70.291
44881.239,-70.291
44881.349,-70.291
44881.445,-70.291
44881.543,-70.291
44881.652,-70.291
44881.748,-70.291
44881.805,-70.291
44881.920,-70.291
44882.000,-70.291
44882.099,-70.291
44882.202,-70.291
44882.304,-70.291
44882.457,-70.291
44882.510,-70.291
44882.611,-70.291
44882.711,-70.291
44882.810,-70.291
44882.912,-70.291
44883.008,-70.291
44883.103,-70.291
44883.204,-70.291
44883.302,-70.291
44883.398,-70.291
44883.513,-70.291
44883.609,-70.291
44883.712,-70.291
44883.812,-70.291
44883.903,-70.291
44884.001,-70.291
44884.099,-70.291
44884.194,-70.291
44884.314,-70.291
44884.415,-70.291
44884.513,-70.291
44884.616,-70.291
44884.707,-70.291
44884.829,-70.291
44884.915,-70.291
44885.028,-70.291
44885.126,-70.291
44885.221,-70.291
44885.327,-70.291
44885.423,-70.291
44885.543,-70.291
44885.598,-70.291
44885.702,-70.291
44885.812,-70.291
44885.893,-70.291
44886.037,-70.291
44886.087,-70.291
44886.187,-70.291
44886.293,-70.291
44886.454,-70.291
44886.506,-70.291
44886.587,-70.291
44886.684,-70.291
44936.804,-70.291
44936.898,-70.291
44936.994,-70.291
44937.119,-70.291
44937.190,-70.291
44937.302,-70.291
44937.398,-70.291
44937.488,-70.291
44937.599,-70.291
44937.696,-70.291
44937.790,-70.291
44937.898,-70.291
44938.000,-70.291
44938.094,-70.291
44938.194,-70.291
44938.292,-70.291
44938.413,-70.291
44938.508,-70.291
44938.589,-70.291
44938.704,-70.291
44938.802,-70.291
44938.922,-70.291
44939.027,-70.291
44939.123,-70.291
44939.219,-70.291
44939.326,-70.291
44939.440,-70.291
44939.537,-70.291
44939.636,-70.291
44939.736,-70.291
44939.834,-70.291
44939.886,-70.291
44939.988,-70.291
44940.086,-70.291
44940.180,-70.291
44940.277,-70.291
44940.381,-70.291
44940.489,-70.291
44940.587,-70.291
44940.684,-70.291
44940.799,-70.291
44940.878,-70.291
44940.998,-70.291
44941.072,-70.291
44941.211,-70.291
44941.283,-70.291
44941.380,-70.291
44941.473,-70.291
44941.574,-70.291
44941.668,-70.291
44941.790,-70.291
44941.898,-70.291
44941.986,-70.291
44942.106,-70.291
44942.201,-70.291
44942.283,-70.291
44942.405,-70.291
44942.501,-70.291
44942.596,-70.291
44942.702,-70.291
44942.799,-70.291
44942.920,-70.291
44943.001,-70.291
44943.111,-70.291
44943.209,-70.291
44943.329,-70.291
44943.369,-70.291
44943.532,-70.291
44943.628,-70.291
44943.736,-70.291
44943.829,-70.291
44943.949,-70.291
44943.986,-70.291
44944.072,-70.291
44944.170,-70.291
44944.266,-70.291
44944.381,-70.291
44944.471,-70.291
44944.584,-70.291
44944.665,-70.291
44944.766,-70.291
44944.861,-70.291
44944.973,-70.291
44945.074,-70.291
44945.175,-70.291
44945.260,-70.291
44945.368,-70.291
44945.464,-70.291
44945.572,-70.291
44945.670,-70.291
44945.773,-70.291
44945.873,-70.291
44945.959,-70.291
44946.079,-70.291
44946.163,-70.291
44946.332,-70.291
44946.381,-70.291
44946.501,-70.291
44946.598,-70.291
44946.687,-70.291
44996.809,-70.291
44996.905,-70.291
44997.003,-70.291
44997.114,-70.291
44997.158,-70.291
44997.256,-70.291
44997.353,-70.291
44997.459,-70.291
44997.557,-70.291
44997.652,-70.291
44997.822,-70.291
44997.873,-70.291
44997.949,-70.291
44998.069,-70.291
44998.168,-70.291
44998.271,-70.291
44998.437,-70.291
44998.464,-70.291
44998.554,-70.291
44998.652,-70.291
44998.750,-70.291
44998.881,-70.291
44998.964,-70.291
44999.060,-70.291
44999.158,-70.291
44999.256,-70.291
44999.361,-70.291
44999.457,-70.291
44999.554,-70.291
44999.667,-70.291
44999.758,-70.291
44999.881,-70.291
44999.981,-70.291
45000.067,-70.291
45000.187,-70.291
45000.280,-70.291
45000.395,-70.291
45000.447,-70.291
45000.554,-70.291
45000.653,-70.291
45000.790,-70.291
45000.873,-70.291
45001.000,-70.291
45001.049,-70.291
45001.141,-70.291
45001.305,-70.291
45001.356,-70.291
45001.452,-70.291
45001.549,-70.291
45001.646,-70.291
45001.744,-70.291
45001.844,-70.291
45001.945,-70.291
45002.045,-70.291
45002.143,-70.291
45002.258,-70.291
45002.359,-70.291
45002.457,-70.291
45002.581,-70.291
45002.655,-70.291
45002.755,-70.291
45002.848,-70.291
45002.944,-70.291
45003.035,-70.291
45003.158,-70.291
45003.253,-70.291
45003.359,-70.291
45003.459,-70.291
45003.555,-70.291
45003.660,-70.291
45003.771,-70.291
45003.864,-70.291
45003.964,-70.291
45004.071,-70.291
45004.162,-70.291
45004.282,-70.291
45004.393,-70.291
45004.483,-70.291
45004.582,-70.291
45004.679,-70.291
45004.731,-70.291
45004.829,-70.291
45004.929,-70.291
45005.092,-70.291
45005.133,-70.291
45005.244,-70.291
45005.344,-70.291
45005.442,-70.291
45005.525,-70.291
45005.630,-70.291
45005.746,-70.291
45005.907,-70.291
45005.939,-70.291
45006.035,-70.291
45006.136,-70.291
45006.229,-70.291
45006.342,-70.291
45006.423,-70.291
45006.528,-70.291
45006.638,-70.291
45056.736,-70.291
45056.832,-70.291
45056.927,-70.291
45057.035,-70.291
45057.133,-70.291
45057.253,-70.291
45057.332,-70.291
45057.442,-70.291
45057.549,-70.291
45057.645,-70.291
45057.748,-70.291
45057.849,-70.291
45057.952,-70.291
45058.069,-70.291
45058.157,-70.291
45058.268,-70.291
45058.361,-70.291
45058.479,-70.291
45058.516,-70.291
45058.621,-70.291
45058.719,-70.291
45058.829,-70.291
45058.922,-70.291
45059.020,-70.291
45059.119,-70.291
45059.229,-70.291
45059.331,-70.291
45059.432,-70.291
45059.540,-70.291
45059.621,-70.291
45059.719,-70.291
45059.822,-70.291
45059.929,-70.291
45060.057,-70.291
45060.111,-70.291
45060.219,-70.291
45060.317,-70.291
45060.415,-70.291
45060.533,-70.291
45060.641,-70.291
45060.733,-70.291
45060.829,-70.291
45060.925,-70.291
45061.023,-70.291
45061.145,-70.291
45061.241,-70.291
45061.337,-70.291
45061.447,-70.291
45061.550,-70.291
45061.643,-70.291
45061.744,-70.291
45061.858,-70.291
45061.956,-70.291
45062.054,-70.291
45062.153,-70.291
45062.207,-70.291
45062.369,-70.291
45062.479,-70.291
45062.508,-70.291
45062.606,-70.291
45062.704,-70.291
45062.866,-70.291
45062.917,-70.291
45063.015,-70.291
45063.114,-70.291
45063.212,-70.291
45063.324,-70.291
45063.425,-70.291
45063.523,-70.291
45063.616,-70.291
45063.741,-70.291
45063.812,-70.291
45063.910,-70.291
45064.016,-70.291
45064.114,-70.291
45064.199,-70.291
45064.314,-70.291
45064.403,-70.291
45064.511,-70.291
45064.614,-70.291
45064.726,-70.291
45064.820,-70.291
45064.898,-70.291
45065.001,-70.291
45065.101,-70.291
45065.209,-70.291
45065.327,-70.291
45065.427,-70.291
45065.513,-70.291
45065.613,-70.291
45065.717,-70.291
45065.810,-70.291
45065.927,-70.291
45066.045,-70.291
45066.097,-70.291
45066.202,-70.291
45066.305,-70.291
45066.459,-70.291
45066.564,-70.291
45066.592,-70.291
45066.690,-70.291
45116.792,-70.291
45116.890,-70.291
45117.003,-70.291
45117.103,-70.291
45117.197,-70.291
45117.302,-70.291
45117.396,-70.291
45117.493,-70.291
45117.591,-70.291
45117.692,-70.291
45117.810,-70.291
45117.930,-70.291
45117.991,-70.291
45118.104,-70.291
45118.201,-70.291
45118.300,-70.291
45118.402,-70.291
45118.498,-70.291
45118.619,-70.291
45118.726,-70.291
45118.807,-70.291
45118.927,-70.291
45119.023,-70.291
45119.136,-70.291
45119.234,-70.291
45119.331,-70.291
45119.425,-70.291
45119.530,-70.291
45119.581,-70.291
45119.741,-70.291
45119.829,-70.291
45119.942,-70.291
45119.991,-70.291
45120.084,-70.291
45120.197,-70.291
45120.342,-70.291
45120.396,-70.291
45120.491,-70.291
45120.587,-70.291
45120.687,-70.291
45120.809,-70.291
45120.878,-70.291
45120.998,-70.291
45121.099,-70.291
45121.197,-70.291
45121.298,-70.291
45121.388,-70.291
45121.486,-70.291
45121.587,-70.291
45121.689,-70.291
45121.783,-70.291
45121.883,-70.291
45121.984,-70.291
45122.072,-70.291
45122.192,-70.291
45122.277,-70.291
45122.373,-70.291
45122.486,-70.291
45122.611,-70.291
45122.714,-70.291
45122.812,-70.291
45122.910,-70.291
45123.006,-70.291
45123.081,-70.291
45123.229,-70.291
45123.324,-70.291
45123.420,-70.291
45123.474,-70.291
45123.572,-70.291
45123.668,-70.291
45123.834,-70.291
45123.871,-70.291
45123.979,-70.291
45124.072,-70.291
45124.174,-70.291
45124.287,-70.291
45124.385,-70.291
45124.484,-70.291
45124.650,-70.291
45124.679,-70.291
45124.800,-70.291
45124.869,-70.291
45124.974,-70.291
45125.076,-70.291
45125.174,-70.291
45125.270,-70.291
45125.369,-70.291
45125.467,-70.291
45125.562,-70.291
45125.675,-70.291
45125.778,-70.291
45125.876,-70.291
45125.994,-70.291
45126.076,-70.291
45126.187,-70.291
45126.280,-70.291
45126.402,-70.291
45126.486,-70.291
45126.655,-70.291
45126.680,-70.291
45176.778,-70.291
45176.905,-70.291
45176.969,-70.291
45177.113,-70.291
45177.223,-70.291
45177.317,-70.291
45177.415,-70.291
45177.489,-70.291
45177.570,-70.291
45177.660,-70.291
45177.761,-70.291
45177.871,-70.291
45177.961,-70.291
45178.072,-70.291
45178.168,-70.291
45178.280,-70.291
45178.364,-70.291
45178.464,-70.291
45178.560,-70.291
45178.674,-70.291
45178.793,-70.291
45178.866,-70.291
45178.961,-70.291
45179.060,-70.291
45179.158,-70.291
45179.251,-70.291
45179.383,-70.291
45179.474,-70.291
45179.571,-70.291
45179.667,-70.291
45179.763,-70.291
45179.886,-70.291
45179.986,-70.291
45180.081,-70.291
45180.187,-70.291
45180.287,-70.291
45180.403,-70.291
45180.488,-70.291
45180.599,-70.291
45180.697,-70.291
45180.795,-70.291
45180.898,-70.291
45180.949,-70.291
45181.109,-70.291
45181.221,-70.291
45181.246,-70.291
45181.349,-70.291
45181.447,-70.291
45181.550,-70.291
45181.657,-70.291
45181.760,-70.291
45181.861,-70.291
45181.957,-70.291
45182.052,-70.291
45182.150,-70.291
45182.243,-70.291
45182.349,-70.291
45182.449,-70.291
45182.545,-70.291
45182.645,-70.291
45182.760,-70.291
45182.858,-70.291
45182.952,-70.291
45183.057,-70.291
45183.141,-70.291
45183.263,-70.291
45183.361,-70.291
45183.471,-70.291
45183.567,-70.291
45183.663,-70.291
45183.761,-70.291
45183.863,-70.291
45183.983,-70.291
45184.082,-70.291
45184.165,-70.291
45184.273,-70.291
45184.369,-70.291
45184.491,-70.291
45184.598,-70.291
45184.695,-70.291
45184.795,-70.291
45184.896,-70.291
45184.935,-70.291
45185.035,-70.291
45185.136,-70.291
45185.231,-70.291
45185.331,-70.291
45185.430,-70.291
45185.547,-70.291
45185.655,-70.291
45185.748,-70.291
45185.849,-70.291
45185.949,-70.291
45186.045,-70.291
45186.141,-70.291
45186.239,-70.291
45186.339,-70.291
45186.437,-70.291
45186.533,-70.291
45186.638,-70.291
45186.661,-70.291
45186.760,-70.291
45186.864,-70.291
45186.966,-70.291
45187.070,-70.291
45187.173,-70.291
45187.251,-70.291
45187.360,-70.291
45187.462,-70.291
45187.582,-70.291
45187.673,-70.291
45187.781,-70.291
45187.901,-70.291
45187.994,-70.291
45188.085,-70.291
45188.201,-70.291
45188.296,-70.291
45188.350,-70.291
45188.499,-70.291
45188.611,-70.291
45188.709,-70.291
45188.760,-70.291
45188.910,-70.291
45188.962,-70.291
45189.055,-70.291
45189.152,-70.291
45189.258,-70.291
45189.360,-70.291
45189.456,-70.291
45189.558,-70.291
45189.646,-70.291
45189.766,-70.291
45189.862,-70.291
45189.970,-70.291
45190.057,-70.291
45190.156,-70.291
45190.259,-70.291
45190.359,-70.291
45190.456,-70.291
45190.552,-70.291
45190.647,-70.291
45190.750,-70.291
45190.869,-70.291
45190.966,-70.291
45191.071,-70.291
45191.160,-70.291
45191.262,-70.291
45191.382,-70.291
45191.482,-70.291
45191.575,-70.291
45191.652,-70.291
45191.757,-70.291
45191.861,-70.291
45191.966,-70.291
45192.086,-70.291
45192.139,-70.291
45192.299,-70.291
45192.395,-70.291
45192.446,-70.291
45192.540,-70.291
45192.645,-70.291
45192.741,-70.291
45192.909,-70.291
45192.953,-70.291
45193.050,-70.291
45193.152,-70.291
45193.251,-70.291
45193.346,-70.291
45193.443,-70.291
45193.542,-70.291
45193.644,-70.291
45193.739,-70.291
45193.833,-70.291
45193.930,-70.291
45194.050,-70.291
45194.138,-70.291
45194.241,-70.291
45194.341,-70.291
45194.449,-70.291
45194.552,-70.291
45194.650,-70.291
45194.747,-70.291
45194.859,-70.291
45194.958,-70.291
45195.058,-70.291
45195.161,-70.291
45195.254,-70.291
45195.376,-70.291
45195.481,-70.291
45195.570,-70.291
45195.690,-70.291
45195.786,-70.291
45195.870,-70.291
45195.988,-70.291
45196.088,-70.291
45196.185,-70.291
45196.285,-70.291
45196.337,-70.291
45196.429,-70.291
45196.529,-70.291
45196.635,-70.291
45246.732,-70.291
45246.830,-70.291
45246.951,-70.291
45247.023,-70.291
45247.153,-70.291
45247.231,-70.291
45247.341,-70.291
45247.463,-70.291
45247.532,-70.291
45247.627,-70.291
45247.729,-70.291
45247.826,-70.291
45247.923,-70.291
45248.018,-70.291
45248.121,-70.291
45248.243,-70.291
45248.337,-70.291
45248.430,-70.291
45248.527,-70.291
45248.652,-70.291
45248.745,-70.291
45248.859,-70.291
45248.956,-70.291
45249.051,-70.291
45249.157,-70.291
45249.266,-70.291
45249.369,-70.291
45249.465,-70.291
45249.567,-70.291
45249.667,-70.291
45249.765,-70.291
45249.814,-70.291
45249.915,-70.291
45250.011,-70.291
45250.177,-70.291
45250.230,-70.291
45250.321,-70.291
45250.484,-70.291
45250.514,-70.291
45250.630,-70.291
45250.718,-70.291
45250.824,-70.291
45250.922,-70.291
45251.046,-70.291
45251.120,-70.291
45251.216,-70.291
45251.313,-70.291
45251.407,-70.291
45251.524,-70.291
45251.622,-70.291
45251.729,-70.291
45251.808,-70.291
45251.927,-70.291
45252.025,-70.291
45252.115,-70.291
45252.218,-70.291
45252.320,-70.291
45252.424,-70.291
45252.524,-70.291
45252.606,-70.291
45252.710,-70.291
45252.833,-70.291
45252.921,-70.291
45253.042,-70.291
45253.122,-70.291
45253.225,-70.291
45253.302,-70.291
45253.399,-70.291
45253.500,-70.291
45253.658,-70.291
45253.709,-70.291
45253.811,-70.291
45253.904,-70.291
45254.002,-70.291
45254.100,-70.291
45254.201,-70.291
45254.301,-70.291
45254.417,-70.291
45254.515,-70.291
45254.612,-70.291
45254.715,-70.291
45254.813,-70.291
45254.906,-70.291
45255.003,-70.291
45255.104,-70.291
45255.201,-70.291
45255.305,-70.291
45255.403,-70.291
45255.512,-70.291
45255.611,-70.291
45255.707,-70.291
45255.814,-70.291
45255.912,-70.291
45256.006,-70.291
45256.162,-70.291
45256.212,-70.291
45256.331,-70.291
45256.427,-70.291
45256.518,-70.291
45306.643,-70.291
45306.741,-70.291
45306.797,-70.291
45306.903,-70.291
45307.009,-70.291
45307.112,-70.291
45307.216,-70.291
45307.291,-70.291
45307.388,-70.291
45307.495,-70.291
45307.626,-70.291
45307.701,-70.291
45307.805,-70.291
45307.890,-70.291
45307.998,-70.291
45308.102,-70.291
45308.273,-70.291
45308.299,-70.291
45308.384,-70.291
45308.507,-70.291
45308.588,-70.291
45308.685,-70.291
45308.785,-70.291
45308.884,-70.291
45309.002,-70.291
45309.088,-70.291
45309.194,-70.291
45309.290,-70.291
45309.387,-70.291
45309.515,-70.291
45309.611,-70.291
45309.710,-70.291
45309.812,-70.291
45309.897,-70.291
45310.018,-70.291
45310.115,-70.291
45310.224,-70.291
45310.322,-70.291
45310.418,-70.291
45310.516,-70.291
45310.614,-70.291
45310.690,-70.291
45310.792,-70.291
45310.914,-70.291
45310.978,-70.291
45311.080,-70.291
45311.180,-70.291
45311.284,-70.291
45311.381,-70.291
45311.482,-70.291
45311.583,-70.291
45311.674,-70.291
45311.789,-70.291
45311.891,-70.291
45312.062,-70.291
45312.091,-70.291
45312.207,-70.291
45312.290,-70.291
45312.411,-70.291
45312.480,-70.291
45312.583,-70.291
45312.680,-70.291
45312.776,-70.291
45312.874,-70.291
45312.971,-70.291
45313.087,-70.291
45313.191,-70.291
45313.289,-70.291
45313.387,-70.291
45313.488,-70.291
45313.598,-70.291
45313.697,-70.291
45313.795,-70.291
45313.901,-70.291
45313.998,-70.291
45314.119,-70.291
45314.224,-70.291
45314.314,-70.291
45314.410,-70.291
45314.505,-70.291
45314.607,-70.291
45314.727,-70.291
45314.825,-70.291
45314.924,-70.291
45315.027,-70.291
45315.076,-70.291
45315.169,-70.291
45315.268,-70.291
45315.373,-70.291
45315.471,-70.291
45315.568,-70.291
45315.738,-70.291
45315.788,-70.291
45315.870,-70.291
45315.972,-70.291
45316.060,-70.291
45316.183,-70.291
45316.303,-70.291
45316.374,-70.291
45316.468,-70.291
45316.566,-70.291
45366.666,-70.291
45366.796,-70.291
45366.885,-70.291
45366.982,-70.291
45367.078,-70.291
45367.168,-70.291
45367.276,-70.291
45367.374,-70.291
45367.494,-70.291
45367.600,-70.291
45367.698,-70.291
45367.795,-70.291
45367.897,-70.291
45367.986,-70.291
45368.108,-70.291
45368.203,-70.291
45368.310,-70.291
45368.411,-70.291
45368.509,-70.291
45368.606,-70.291
45368.659,-70.291
45368.760,-70.291
45368.857,-70.291
45368.953,-70.291
45369.059,-70.291
45369.160,-70.291
45369.263,-70.291
45369.370,-70.291
45369.475,-70.291
45369.570,-70.291
45369.667,-70.291
45369.761,-70.291
45369.853,-70.291
45369.951,-70.291
45370.050,-70.291
45370.150,-70.291
45370.267,-70.291
45370.365,-70.291
45370.471,-70.291
45370.547,-70.291
45370.649,-70.291
45370.754,-70.291
45370.853,-70.291
45370.946,-70.291
45371.066,-70.291
45371.155,-70.291
45371.276,-70.291
45371.371,-70.291
45371.491,-70.291
45371.575,-70.291
45371.689,-70.291
45371.784,-70.291
45371.878,-70.291
45371.985,-70.291
45372.107,-70.291
45372.203,-70.291
45372.310,-70.291
45372.398,-70.291
45372.450,-70.291
45372.542,-70.291
45372.643,-70.291
45372.744,-70.291
45372.846,-70.291
45372.943,-70.291
45373.043,-70.291
45373.157,-70.291
45373.255,-70.291
45373.357,-70.291
45373.437,-70.291
45373.559,-70.291
45373.659,-70.291
45373.738,-70.291
45373.849,-70.291
45373.945,-70.291
45374.043,-70.291
45374.146,-70.291
45374.239,-70.291
45374.361,-70.291
45374.459,-70.291
45374.558,-70.291
45374.654,-70.291
45374.750,-70.291
45374.881,-70.291
45374.971,-70.291
45375.067,-70.291
45375.163,-70.291
45375.258,-70.291
45375.360,-70.291
45375.436,-70.291
45375.535,-70.291
45375.685,-70.291
45375.742,-70.291
45375.851,-70.291
45375.950,-70.291
45376.030,-70.291
45376.129,-70.291
45376.239,-70.291
45376.367,-70.291
45376.444,-70.291
45376.540,-70.291
45426.646,-70.291
45426.743,-70.291
45426.847,-70.291
45426.928,-70.291
45427.031,-70.291
45427.147,-70.291
45427.245,-70.291
45427.346,-70.291
45427.455,-70.291
45427.543,-70.291
45427.638,-70.291
45427.733,-70.291
45427.845,-70.291
45427.928,-70.291
45428.023,-70.291
45428.142,-70.291
45428.233,-70.291
45428.354,-70.291
45428.451,-70.291
45428.557,-70.291
45428.647,-70.291
45428.744,-70.291
45428.841,-70.291
45428.968,-70.291
45429.063,-70.291
45429.161,-70.291
45429.261,-70.291
45429.358,-70.291
45429.434,-70.291
45429.540,-70.291
45429.660,-70.291
45429.772,-70.291
45429.823,-70.291
45429.975,-70.291
45430.027,-70.291
45430.116,-70.291
45430.281,-70.291
45430.332,-70.291
45430.419,-70.291
45430.520,-70.291
45430.617,-70.291
45430.737,-70.291
45430.814,-70.291
45430.934,-70.291
45431.015,-70.291
45431.154,-70.291
45431.222,-70.291
45431.320,-70.291
45431.417,-70.291
45431.513,-70.291
45431.615,-70.291
45431.735,-70.291
45431.834,-70.291
45431.933,-70.291
45432.037,-70.291
45432.134,-70.291
45432.233,-70.291
45432.344,-70.291
45432.443,-70.291
45432.536,-70.291
45432.644,-70.291
45432.714,-70.291
45432.820,-70.291
45432.930,-70.291
45433.060,-70.291
45433.156,-70.291
45433.255,-70.291
45433.347,-70.291
45433.470,-70.291
45433.565,-70.291
45433.662,-70.291
45433.775,-70.291
45433.873,-70.291
45433.969,-70.291
45434.022,-70.291
45434.121,-70.291
45434.215,-70.291
45434.311,-70.291
45434.411,-70.291
45434.507,-70.291
45434.625,-70.291
45434.722,-70.291
45434.804,-70.291
45434.942,-70.291
45435.012,-70.291
45435.114,-70.291
45435.215,-70.291
45435.312,-70.291
45435.408,-70.291
45435.504,-70.291
45435.610,-70.291
45435.706,-70.291
45435.827,-70.291
45435.908,-70.291
45436.020,-70.291
45436.112,-70.291
45436.232,-70.291
45436.318,-70.291
45436.439,-70.291
45436.534,-70.291
45486.642,-70.291
45486.727,-70.291
45486.848,-70.291
45486.944,-70.291
45487.053,-70.291
45487.109,-70.291
45487.211,-70.291
45487.315,-70.291
45487.401,-70.291
45487.501,-70.291
45487.597,-70.291
45487.699,-70.291
45487.799,-70.291
45487.912,-70.291
45487.996,-70.291
45488.111,-70.291
45488.212,-70.291
45488.309,-70.291
45488.408,-70.291
45488.503,-70.291
45488.600,-70.291
45488.695,-70.291
45488.797,-70.291
45488.890,-70.291
45489.010,-70.291
45489.106,-70.291
45489.214,-70.291
45489.295,-70.291
45489.389,-70.291
45489.509,-70.291
45489.602,-70.291
45489.721,-70.291
45489.817,-70.291
45489.910,-70.291
45490.018,-70.291
45490.114,-70.291
45490.209,-70.291
45490.317,-70.291
45490.428,-70.291
45490.525,-70.291
45490.617,-70.291
45490.729,-70.291
45490.824,-70.291
45490.899,-70.291
45490.997,-70.291
45491.106,-70.291
45491.183,-70.291
45491.287,-70.291
45491.386,-70.291
45491.485,-70.291
45491.588,-70.291
45491.692,-70.291
45491.787,-70.291
45491.899,-70.291
45492.002,-70.291
45492.085,-70.291
45492.203,-70.291
45492.294,-70.291
45492.393,-70.291
45492.558,-70.291
45492.587,-70.291
45492.682,-70.291
45492.782,-70.291
45492.889,-70.291
45492.995,-70.291
45493.091,-70.291
45493.191,-70.291
45493.301,-70.291
45493.400,-70.291
45493.496,-70.291
45493.593,-70.291
45493.716,-70.291
45493.812,-70.291
45493.910,-70.291
45493.997,-70.291
45494.105,-70.291
45494.227,-70.291
45494.325,-70.291
45494.427,-70.291
45494.521,-70.291
45494.616,-70.291
45494.728,-70.291
45494.773,-70.291
45494.933,-70.291
45495.029,-70.291
45495.138,-70.291
45495.238,-70.291
45495.334,-70.291
45495.385,-70.291
45495.485,-70.291
45495.583,-70.291
45495.680,-70.291
45495.775,-70.291
45495.889,-70.291
45495.986,-70.291
45496.087,-70.291
45496.198,-70.291
45496.276,-70.291
45496.375,-70.291
45496.473,-70.291
45496.589,-70.291
45786.687,-70.291
45786.783,-70.291
45786.879,-70.291
45786.975,-70.291
45787.096,-70.291
45787.216,-70.291
45787.300,-70.291
45787.393,-70.291
45787.489,-70.291
45787.587,-70.291
45787.685,-70.291
45787.786,-70.291
45787.868,-70.291
45787.971,-70.291
45788.077,-70.291
45788.181,-70.291
45788.301,-70.291
45788.405,-70.291
45788.514,-70.291
45788.564,-70.291
45788.724,-70.291
45788.813,-70.291
45788.866,-70.291
45788.961,-70.291
45789.137,-70.291
45789.163,-70.291
45789.261,-70.291
45789.359,-70.291
45789.457,-70.291
45789.572,-70.291
45789.668,-70.291
45789.770,-70.291
45789.872,-70.291
45789.962,-70.291
45790.058,-70.291
45790.155,-70.291
45790.263,-70.291
45790.362,-70.291
45790.458,-70.291
45790.554,-70.291
45790.676,-70.291
45790.773,-70.291
45790.870,-70.291
45790.973,-70.291
45791.061,-70.291
45791.183,-70.291
45791.278,-70.291
45791.385,-70.291
45791.483,-70.291
45791.581,-70.291
45791.676,-70.291
45791.801,-70.291
45791.896,-70.291
45791.995,-70.291
45792.051,-70.291
45792.170,-70.291
45792.269,-70.291
45792.370,-70.291
45792.448,-70.291
45792.575,-70.291
45792.650,-70.291
45792.757,-70.291
45792.860,-70.291
45793.014,-70.291
45793.064,-70.291
45793.223,-70.291
45793.248,-70.291
45793.366,-70.291
45793.465,-70.291
45793.547,-70.291
45793.661,-70.291
45793.757,-70.291
45793.859,-70.291
45793.953,-70.291
45794.052,-70.291
45794.147,-70.291
45794.243,-70.291
45794.353,-70.291
45794.451,-70.291
45794.554,-70.291
45794.649,-70.291
45794.762,-70.291
45794.861,-70.291
45794.965,-70.291
45795.062,-70.291
45795.182,-70.291
45795.279,-70.291
45795.384,-70.291
45795.478,-70.291
45795.574,-70.291
45795.671,-70.291
45795.795,-70.291
45795.891,-70.291
45795.987,-70.291
45796.038,-70.291
45796.189,-70.291
45796.293,-70.291
45796.387,-70.291
45796.438,-70.291
45796.541,-70.291
45796.636,-70.291
45846.734,-70.291
45846.854,-70.291
45846.950,-70.291
45847.046,-70.291
45847.147,-70.291
45847.246,-70.291
45847.342,-70.291
45847.435,-70.291
45847.532,-70.291
45847.633,-70.291
45847.730,-70.291
45847.844,-70.291
45847.958,-70.291
45848.035,-70.291
45848.133,-70.291
45848.233,-70.291
45848.333,-70.291
45848.440,-70.291
45848.544,-70.291
45848.628,-70.291
45848.733,-70.291
45848.853,-70.291
45848.974,-70.291
45849.060,-70.291
45849.146,-70.291
45849.268,-70.291
45849.363,-70.291
45849.471,-70.291
45849.568,-70.291
45849.688,-70.291
45849.796,-70.291
45849.887,-70.291
45849.986,-70.291
45850.079,-70.291
45850.131,-70.291
45850.223,-70.291
45850.390,-70.291
45850.488,-70.291
45850.530,-70.291
45850.637,-70.291
45850.735,-70.291
45850.836,-70.291
45850.944,-70.291
45851.041,-70.291
45851.141,-70.291
45851.222,-70.291
45851.356,-70.291
45851.428,-70.291
45851.527,-70.291
45851.631,-70.291
45851.739,-70.291
45851.835,-70.291
45851.926,-70.291
45852.020,-70.291
45852.117,-70.291
45852.218,-70.291
45852.336,-70.291
45852.429,-70.291
45852.540,-70.291
45852.619,-70.291
45852.745,-70.291
45852.847,-70.291
45852.932,-70.291
45853.051,-70.291
45853.137,-70.291
45853.256,-70.291
45853.344,-70.291
45853.471,-70.291
45853.560,-70.291
45853.680,-70.291
45853.774,-70.291
45853.881,-70.291
45853.978,-70.291
45854.074,-70.291
45854.128,-70.291
45854.228,-70.291
45854.322,-70.291
45854.418,-70.291
45854.517,-70.291
45854.628,-70.291
45854.724,-70.291
45854.836,-70.291
45854.910,-70.291
45855.009,-70.291
45855.129,-70.291
45855.227,-70.291
45855.309,-70.291
45855.418,-70.291
45855.516,-70.291
45855.620,-70.291
45855.720,-70.291
45855.824,-70.291
45855.946,-70.291
45856.042,-70.291
45856.133,-70.291
45856.232,-70.291
45856.356,-70.291
45856.454,-70.291
45856.504,-70.291
45856.603,-70.291
45906.707,-70.291
45906.818,-70.291
45906.941,-70.291
45907.023,-70.291
45907.157,-70.291
45907.230,-70.291
45907.349,-70.291
45907.402,-70.291
45907.564,-70.291
45907.659,-70.291
45907.761,-70.291
45907.811,-70.291
45907.905,-70.291
45908.008,-70.291
45908.108,-70.291
45908.205,-70.291
45908.317,-70.291
45908.409,-70.291
45908.510,-70.291
45908.614,-70.291
45908.715,-70.291
45908.817,-70.291
45908.901,-70.291
45909.004,-70.291
45909.103,-70.291
45909.202,-70.291
45909.305,-70.291
45909.419,-70.291
45909.518,-70.291
45909.593,-70.291
45909.723,-70.291
45909.826,-70.291
45909.925,-70.291
45910.031,-70.291
45910.133,-70.291
45910.235,-70.291
45910.311,-70.291
45910.453,-70.291
45910.497,-70.291
45910.605,-70.291
45910.753,-70.291
45910.818,-70.291
45910.933,-70.291
45911.023,-70.291
45911.147,-70.291
45911.256,-70.291
45911.357,-70.291
45911.450,-70.291
45911.558,-70.291
45911.598,-70.291
45911.694,-70.291
45911.793,-70.291
45911.970,-70.291
45912.003,-70.291
45912.102,-70.291
45912.198,-70.291
45912.288,-70.291
45912.400,-70.291
45912.484,-70.291
45912.606,-70.291
45912.701,-70.291
45912.798,-70.291
45912.894,-70.291
45912.991,-70.291
45913.096,-70.291
45913.196,-70.291
45913.298,-70.291
45913.390,-70.291
45913.504,-70.291
45913.604,-70.291
45913.707,-70.291
45913.810,-70.291
45913.912,-70.291
45914.015,-70.291
45914.096,-70.291
45914.228,-70.291
45914.326,-70.291
45914.384,-70.291
45914.539,-70.291
45914.592,-70.291
45914.737,-70.291
45914.804,-70.291
45914.908,-70.291
45915.028,-70.291
45915.081,-70.291
45915.228,-70.291
45915.280,-70.291
45915.441,-70.291
45915.493,-70.291
45915.642,-70.291
45915.694,-70.291
45915.787,-70.291
45915.886,-70.291
45915.987,-70.291
45916.086,-70.291
45916.188,-70.291
45916.287,-70.291
45916.377,-70.291
45916.472,-70.291
45916.592,-70.291
45966.672,-70.291
45966.795,-70.291
45966.916,-70.291
45966.989,-70.291
45967.090,-70.291
45967.201,-70.291
45967.297,-70.291
45967.396,-70.291
45967.503,-70.291
45967.578,-70.291
45967.688,-70.291
45967.802,-70.291
45967.914,-70.291
45968.010,-70.291
45968.106,-70.291
45968.213,-70.291
45968.315,-70.291
45968.421,-70.291
45968.507,-70.291
45968.630,-70.291
45968.687,-70.291
45968.790,-70.291
45968.866,-70.291
45968.975,-70.291
45969.073,-70.291
45969.180,-70.291
45969.272,-70.291
45969.376,-70.291
45969.469,-70.291
45969.570,-70.291
45969.666,-70.291
45969.772,-70.291
45969.895,-70.291
45969.963,-70.291
45970.075,-70.291
45970.168,-70.291
45970.274,-70.291
45970.374,-70.291
45970.461,-70.291
45970.577,-70.291
45970.675,-70.291
45970.782,-70.291
45970.878,-70.291
45970.976,-70.291
45971.074,-70.291
45971.182,-70.291
45971.274,-70.291
45971.395,-70.291
45971.503,-70.291
45971.599,-70.291
45971.697,-70.291
45971.790,-70.291
45971.888,-70.291
45972.009,-70.291
45972.105,-70.291
45972.159,-70.291
45972.310,-70.291
45972.406,-70.291
45972.457,-70.291
45972.624,-70.291
45972.721,-70.291
45972.815,-70.291
45972.867,-70.291
45973.016,-70.291
45973.068,-70.291
45973.161,-70.291
45973.314,-70.291
45973.363,-70.291
45973.469,-70.291
45973.571,-70.291
45973.653,-70.291
45973.757,-70.291
45973.861,-70.291
45973.970,-70.291
45974.050,-70.291
45974.164,-70.291
45974.261,-70.291
45974.357,-70.291
45974.461,-70.291
45974.559,-70.291
45974.655,-70.291
45974.752,-70.291
45974.877,-70.291
45974.974,-70.291
45975.071,-70.291
45975.152,-70.291
45975.291,-70.291
45975.388,-70.291
45975.448,-70.291
45975.588,-70.291
45975.685,-70.291
45975.782,-70.291
45975.888,-70.291
45975.999,-70.291
45976.099,-70.291
45976.197,-70.291
45976.299,-70.291
45976.395,-70.291
45976.446,-70.291
45976.545,-70.291
46026.646,-70.291
46026.744,-70.291
46026.846,-70.291
46026.943,-70.291
46027.056,-70.291
46027.156,-70.291
46027.284,-70.291
46027.359,-70.291
46027.438,-70.291
46027.541,-70.291
46027.645,-70.291
46027.747,-70.291
46027.857,-70.291
46027.957,-70.291
46028.039,-70.291
46028.136,-70.291
46028.236,-70.291
46028.336,-70.291
46028.460,-70.291
46028.547,-70.291
46028.649,-70.291
46028.754,-70.291
46028.871,-70.291
46028.936,-70.291
46029.057,-70.291
46029.144,-70.291
46029.263,-70.291
46029.355,-70.291
46029.478,-70.291
46029.566,-70.291
46029.672,-70.291
46029.794,-70.291
46029.889,-70.291
46029.997,-70.291
46030.094,-70.291
46030.188,-70.291
46030.240,-70.291
46030.390,-70.291
46030.441,-70.291
46030.535,-70.291
46030.635,-70.291
46030.732,-70.291
46030.830,-70.291
46030.950,-70.291
46031.034,-70.291
46031.149,-70.291
46031.227,-70.291
46031.347,-70.291
46031.446,-70.291
46031.543,-70.291
46031.641,-70.291
46031.732,-70.291
46031.837,-70.291
46031.934,-70.291
46032.030,-70.291
46032.136,-70.291
46032.245,-70.291
46032.343,-70.291
46032.441,-70.291
46032.547,-70.291
46032.645,-70.291
46032.739,-70.291
46032.871,-70.291
46032.954,-70.291
46033.046,-70.291
46033.123,-70.291
46033.236,-70.291
46033.327,-70.291
46033.437,-70.291
46033.543,-70.291
46033.649,-70.291
46033.769,-70.291
46033.821,-70.291
46033.973,-70.291
46034.085,-70.291
46034.183,-70.291
46034.280,-70.291
46034.383,-70.291
46034.434,-70.291
46034.531,-70.291
46034.630,-70.291
46034.732,-70.291
46034.834,-70.291
46034.939,-70.291
46035.036,-70.291
46035.121,-70.291
46035.216,-70.291
46035.336,-70.291
46035.444,-70.291
46035.527,-70.291
46035.625,-70.291
46035.719,-70.291
46035.811,-70.291
46035.917,-70.291
46036.016,-70.291
46036.135,-70.291
46036.221,-70.291
46036.341,-70.291
46036.437,-70.291
46036.545,-70.291
46036.631,-70.291
46086.751,-70.291
46086.845,-70.291
46086.956,-70.291
46087.053,-70.291
46087.151,-70.291
46087.245,-70.291
46087.347,-70.291
46087.469,-70.291
46087.526,-70.291
46087.646,-70.291
46087.713,-70.291
46087.810,-70.291
46087.917,-70.291
46088.016,-70.291
46088.115,-70.291
46088.282,-70.291
46088.306,-70.291
46088.406,-70.291
46088.527,-70.291
46088.624,-70.291
46088.722,-70.291
46088.817,-70.291
46088.923,-70.291
46089.020,-70.291
46089.118,-70.291
46089.209,-70.291
46089.310,-70.291
46089.408,-70.291
46089.522,-70.291
46089.619,-70.291
46089.717,-70.291
46089.814,-70.291
46089.923,-70.291
46090.017,-70.291
46090.113,-70.291
46090.225,-70.291
46090.334,-70.291
46090.430,-70.291
46090.531,-70.291
46090.633,-70.291
46090.729,-70.291
46090.851,-70.291
46090.954,-70.291
46091.043,-70.291
46091.140,-70.291
46091.260,-70.291
46091.342,-70.291
46091.462,-70.291
46091.517,-70.291
46091.618,-70.291
46091.721,-70.291
46091.800,-70.291
46091.897,-70.291
46092.004,-70.291
46092.106,-70.291
46092.209,-70.291
46092.313,-70.291
46092.394,-70.291
46092.493,-70.291
46092.598,-70.291
46092.706,-70.291
46092.791,-70.291
46092.891,-70.291
46093.012,-70.291
46093.098,-70.291
46093.204,-70.291
46093.299,-70.291
46093.388,-70.291
46093.528,-70.291
46093.617,-70.291
46093.714,-70.291
46093.811,-70.291
46093.901,-70.291
46094.007,-70.291
46094.128,-70.291
46094.226,-70.291
46094.331,-70.291
46094.431,-70.291
46094.525,-70.291
46094.630,-70.291
46094.744,-70.291
46094.840,-70.291
46094.938,-70.291
46095.041,-70.291
46095.137,-70.291
46095.188,-70.291
46095.364,-70.291
46095.387,-70.291
46095.489,-70.291
46095.589,-70.291
46095.689,-70.291
46095.791,-70.291
46095.889,-70.291
46095.988,-70.291
46096.100,-70.291
46096.181,-70.291
46096.305,-70.291
46096.404,-70.291
46096.491,-70.291
46096.587,-70.291
46386.689,-70.291
46386.791,-70.291
46386.879,-70.291
46386.978,-70.291
46387.076,-70.291
46387.203,-70.291
46387.288,-70.291
46387.393,-70.291
46387.495,-70.291
46387.587,-70.291
46387.679,-70.291
46387.802,-70.291
46387.887,-70.291
46388.006,-70.291
46388.124,-70.291
46388.221,-70.291
46388.306,-70.291
46388.420,-70.291
46388.517,-70.291
46388.638,-70.291
46388.723,-70.291
46388.821,-70.291
46388.873,-70.291
46389.039,-70.291
46389.077,-70.291
46389.175,-70.291
46389.273,-70.291
46389.370,-70.291
46389.476,-70.291
46389.574,-70.291
46389.750,-70.291
46389.777,-70.291
46389.872,-70.291
46389.966,-70.291
46390.148,-70.291
46390.191,-70.291
46390.291,-70.291
46390.389,-70.291
46390.487,-70.291
46390.581,-70.291
46390.679,-70.291
46390.772,-70.291
46390.880,-70.291
46390.966,-70.291
46391.087,-70.291
46391.187,-70.291
46391.290,-70.291
46391.376,-70.291
46391.480,-70.291
46391.581,-70.291
46391.665,-70.291
46391.772,-70.291
46391.880,-70.291
46391.991,-70.291
46392.113,-70.291
46392.210,-70.291
46392.305,-70.291
46392.416,-70.291
46392.511,-70.291
46392.609,-70.291
46392.660,-70.291
46392.763,-70.291
46392.927,-70.291
46393.025,-70.291
46393.126,-70.291
46393.224,-70.291
46393.273,-70.291
46393.374,-70.291
46393.474,-70.291
46393.575,-70.291
46393.675,-70.291
46393.772,-70.291
46393.858,-70.291
46393.978,-70.291
46394.076,-70.291
46394.154,-70.291
46394.254,-70.291
46394.374,-70.291
46394.471,-70.291
46394.553,-70.291
46394.666,-70.291
46394.762,-70.291
46394.881,-70.291
46394.968,-70.291
46395.062,-70.291
46395.165,-70.291
46395.289,-70.291
46395.370,-70.291
46395.480,-70.291
46395.557,-70.291
46395.699,-70.291
46395.762,-70.291
46395.870,-70.291
46395.990,-70.291
46396.095,-70.291
46396.193,-70.291
46396.313,-70.291
46396.395,-70.291
46396.527,-70.291
46396.555,-70.291
46446.649,-70.291
46446.759,-70.291
46446.865,-70.291
46446.957,-70.291
46447.057,-70.291
46447.150,-70.291
46447.245,-70.291
46447.363,-70.291
46447.459,-70.291
46447.560,-70.291
46447.657,-70.291
46447.755,-70.291
46447.860,-70.291
46447.954,-70.291
46448.053,-70.291
46448.150,-70.291
46448.250,-70.291
46448.348,-70.291
46448.443,-70.291
46448.563,-70.291
46448.665,-70.291
46448.762,-70.291
46448.858,-70.291
46448.963,-70.291
46449.075,-70.291
46449.173,-70.291
46449.262,-70.291
46449.375,-70.291
46449.448,-70.291
46449.548,-70.291
46449.653,-70.291
46449.757,-70.291
46449.860,-70.291
46449.961,-70.291
46450.037,-70.291
46450.138,-70.291
46450.244,-70.291
46450.391,-70.291
46450.435,-70.291
46450.541,-70.291
46450.634,-70.291
46450.754,-70.291
46450.850,-70.291
46450.951,-70.291
46451.050,-70.291
46451.212,-70.291
46451.240,-70.291
46451.337,-70.291
46451.434,-70.291
46451.534,-70.291
46451.640,-70.291
46451.739,-70.291
46451.834,-70.291
46451.947,-70.291
46452.044,-70.291
46452.141,-70.291
46452.238,-70.291
46452.340,-70.291
46452.436,-70.291
46452.559,-70.291
46452.641,-70.291
46452.752,-70.291
46452.845,-70.291
46452.966,-70.291
46453.048,-70.291
46453.169,-70.291
46453.269,-70.291
46453.372,-70.291
46453.459,-70.291
46453.585,-70.291
46453.681,-70.291
46453.786,-70.291
46453.880,-70.291
46453.982,-70.291
46454.032,-70.291
46454.185,-70.291
46454.229,-70.291
46454.324,-70.291
46454.423,-70.291
46454.532,-70.291
46454.624,-70.291
46454.726,-70.291
46454.843,-70.291
46454.924,-70.291
46455.021,-70.291
46455.129,-70.291
46455.232,-70.291
46455.323,-70.291
46455.424,-70.291
46455.520,-70.291
46455.622,-70.291
46455.719,-70.291
46455.828,-70.291
46455.945,-70.291
46456.034,-70.291
46456.130,-70.291
46456.248,-70.291
46456.326,-70.291
46456.446,-70.291
46456.545,-70.291
46506.640,-70.291
46506.749,-70.291
46506.847,-70.291
46506.943,-70.291
46507.048,-70.291
46507.161,-70.291
46507.254,-70.291
46507.352,-70.291
46507.459,-70.291
46507.580,-70.291
46507.676,-70.291
46507.783,-70.291
46507.873,-70.291
46507.923,-70.291
46508.017,-70.291
46508.117,-70.291
46508.219,-70.291
46508.315,-70.291
46508.416,-70.291
46508.519,-70.291
46508.631,-70.291
46508.732,-70.291
46508.833,-70.291
46508.911,-70.291
46509.030,-70.291
46509.129,-70.291
46509.225,-70.291
46509.322,-70.291
46509.416,-70.291
46509.513,-70.291
46509.622,-70.291
46509.711,-70.291
46509.810,-70.291
46509.912,-70.291
46510.032,-70.291
46510.121,-70.291
46510.219,-70.291
46510.310,-70.291
46510.403,-70.291
46510.544,-70.291
46510.642,-70.291
46510.739,-70.291
46510.832,-70.291
46510.930,-70.291
46511.054,-70.291
46511.159,-70.291
46511.255,-70.291
46511.354,-70.291
46511.404,-70.291
46511.502,-70.291
46511.600,-70.291
46511.766,-70.291
46511.869,-70.291
46511.965,-70.291
46512.018,-70.291
46512.109,-70.291
46512.216,-70.291
46512.316,-70.291
46512.416,-70.291
46512.512,-70.291
46512.598,-70.291
46512.719,-70.291
46512.818,-70.291
46512.895,-70.291
46512.998,-70.291
46513.141,-70.291
46513.212,-70.291
46513.295,-70.291
46513.411,-70.291
46513.509,-70.291
46513.605,-70.291
46513.706,-70.291
46513.801,-70.291
46513.924,-70.291
46514.032,-70.291
46514.109,-70.291
46514.212,-70.291
46514.316,-70.291
46514.416,-70.291
46514.495,-70.291
46514.599,-70.291
46514.706,-70.291
46514.805,-70.291
46514.911,-70.291
46514.989,-70.291
46515.088,-70.291
46515.228,-70.291
46515.352,-70.291
46515.447,-70.291
46515.501,-70.291
46515.597,-70.291
46515.694,-70.291
46515.791,-70.291
46515.890,-70.291
46515.996,-70.291
46516.094,-70.291
46516.194,-70.291
46516.303,-70.291
46516.404,-70.291
46516.506,-70.291
46516.604,-70.291
46566.691,-70.291
46566.791,-70.291
46566.888,-70.291
46566.993,-70.291
46567.088,-70.291
46567.193,-70.291
46567.290,-70.291
46567.395,-70.291
46567.484,-70.291
46567.607,-70.291
46567.716,-70.291
46567.803,-70.291
46567.899,-70.291
46568.018,-70.291
46568.103,-70.291
46568.223,-70.291
46568.299,-70.291
46568.420,-70.291
46568.524,-70.291
46568.620,-70.291
46568.741,-70.291
46568.831,-70.291
46568.937,-70.291
46569.034,-70.291
46569.086,-70.291
46569.239,-70.291
46569.337,-70.291
46569.387,-70.291
46569.486,-70.291
46569.578,-70.291
46569.680,-70.291
46569.781,-70.291
46569.878,-70.291
46569.992,-70.291
46570.095,-70.291
46570.173,-70.291
46570.291,-70.291
46570.381,-70.291
46570.482,-70.291
46570.584,-70.291
46570.688,-70.291
46570.792,-70.291
46570.878,-70.291
46570.975,-70.291
46571.083,-70.291
46571.180,-70.291
46571.291,-70.291
46571.393,-70.291
46571.503,-70.291
46571.603,-70.291
46571.701,-70.291
46571.805,-70.291
46571.901,-70.291
46571.995,-70.291
46572.128,-70.291
46572.218,-70.291
46572.316,-70.291
46572.411,-70.291
46572.495,-70.291
46572.629,-70.291
46572.727,-70.291
46572.822,-70.291
46572.932,-70.291
46573.029,-70.291
46573.077,-70.291
46573.171,-70.291
46573.280,-70.291
46573.374,-70.291
46573.476,-70.291
46573.571,-70.291
46573.683,-70.291
46573.852,-70.291
46573.883,-70.291
46573.966,-70.291
46574.078,-70.291
46574.177,-70.291
46574.278,-70.291
46574.374,-70.291
46574.472,-70.291
46574.570,-70.291
46574.667,-70.291
46574.769,-70.291
46574.867,-70.291
46574.987,-70.291
46575.068,-70.291
46575.182,-70.291
46575.279,-70.291
46575.373,-70.291
46575.480,-70.291
46575.578,-70.291
46575.658,-70.291
46575.758,-70.291
46575.869,-70.291
46575.973,-70.291
46576.099,-70.291
46576.187,-70.291
46576.312,-70.291
46576.408,-70.291
46576.508,-70.291
46576.611,-70.291
46626.714,-70.291
46626.762,-70.291
46626.858,-70.291
46626.952,-70.291
46627.071,-70.291
46627.164,-70.291
46627.274,-70.291
46627.372,-70.291
46627.467,-70.291
46627.563,-70.291
46627.665,-70.291
46627.786,-70.291
46627.854,-70.291
46627.952,-70.291
46628.052,-70.291
46628.150,-70.291
46628.249,-70.291
46628.377,-70.291
46628.469,-70.291
46628.564,-70.291
46628.660,-70.291
46628.766,-70.291
46628.866,-70.291
46628.961,-70.291
46629.083,-70.291
46629.181,-70.291
46629.277,-70.291
46629.374,-70.291
46629.478,-70.291
46629.594,-70.291
46629.690,-70.291
46629.742,-70.291
46629.890,-70.291
46629.964,-70.291
46630.041,-70.291
46630.163,-70.291
46630.270,-70.291
46630.346,-70.291
46630.442,-70.291
46630.545,-70.291
46630.643,-70.291
46630.753,-70.291
46630.838,-70.291
46630.948,-70.291
46631.048,-70.291
46631.146,-70.291
46631.243,-70.291
46631.339,-70.291
46631.461,-70.291
46631.559,-70.291
46631.638,-70.291
46631.752,-70.291
46631.848,-70.291
46631.943,-70.291
46632.051,-70.291
46632.157,-70.291
46632.253,-70.291
46632.350,-70.291
46632.462,-70.291
46632.562,-70.291
46632.660,-70.291
46632.755,-70.291
46632.857,-70.291
46632.951,-70.291
46633.070,-70.291
46633.156,-70.291
46633.266,-70.291
46633.362,-70.291
46633.481,-70.291
46633.567,-70.291
46633.687,-70.291
46633.784,-70.291
46633.889,-70.291
46633.975,-70.291
46634.097,-70.291
46634.192,-70.291
46634.300,-70.291
46634.330,-70.291
46634.432,-70.291
46634.540,-70.291
46634.647,-70.291
46634.741,-70.291
46634.843,-70.291
46634.945,-70.291
46635.037,-70.291
46635.132,-70.291
46635.234,-70.291
46635.358,-70.291
46635.432,-70.291
46635.529,-70.291
46635.640,-70.291
46635.726,-70.291
46635.838,-70.291
46635.936,-70.291
46636.051,-70.291
46636.137,-70.291
46636.255,-70.291
46636.351,-70.291
46636.460,-70.291
46636.550,-70.291
46686.647,-70.291
46686.764,-70.291
46686.846,-70.291
46686.967,-70.291
46687.063,-70.291
46687.158,-70.291
46687.268,-70.291
46687.364,-70.291
46687.460,-70.291
46687.563,-70.291
46687.677,-70.291
46687.741,-70.291
46687.817,-70.291
46687.974,-70.291
46688.028,-70.291
46688.120,-70.291
46688.216,-70.291
46688.323,-70.291
46688.421,-70.291
46688.523,-70.291
46688.624,-70.291
46688.736,-70.291
46688.836,-70.291
46688.932,-70.291
46689.033,-70.291
46689.125,-70.291
46689.225,-70.291
46689.327,-70.291
46689.426,-70.291
46689.514,-70.291
46689.612,-70.291
46689.715,-70.291
46689.822,-70.291
46689.920,-70.291
46690.022,-70.291
46690.135,-70.291
46690.229,-70.291
46690.313,-70.291
46690.435,-70.291
46690.524,-70.291
46690.646,-70.291
46690.742,-70.291
46690.871,-70.291
46690.960,-70.291
46691.056,-70.291
46691.160,-70.291
46691.237,-70.291
46691.369,-70.291
46691.473,-70.291
46691.577,-70.291
46691.606,-70.291
46691.782,-70.291
46691.806,-70.291
46691.908,-70.291
46692.071,-70.291
46692.123,-70.291
46692.207,-70.291
46692.386,-70.291
46692.422,-70.291
46692.518,-70.291
46692.618,-70.291
46692.710,-70.291
46692.803,-70.291
46692.901,-70.291
46693.001,-70.291
46693.121,-70.291
46693.205,-70.291
46693.308,-70.291
46693.403,-70.291
46693.512,-70.291
46693.624,-70.291
46693.722,-70.291
46693.833,-70.291
46693.930,-70.291
46694.027,-70.291
46694.127,-70.291
46694.223,-70.291
46694.333,-70.291
46694.434,-70.291
46694.546,-70.291
46694.640,-70.291
46694.742,-70.291
46694.839,-70.291
46694.957,-70.291
46695.053,-70.291
46695.151,-70.291
46695.254,-70.291
46695.363,-70.291
46695.392,-70.291
46695.562,-70.291
46695.647,-70.291
46695.713,-70.291
46695.809,-70.291
46695.893,-70.291
46696.017,-70.291
46696.101,-70.291
46696.200,-70.291
46696.310,-70.291
46696.390,-70.291
46696.498,-70.291
46696.599,-70.291
46986.794,-70.291
46986.797,-70.291
46986.892,-70.291
46986.989,-70.291
46987.089,-70.291
46987.189,-70.291
46987.312,-70.291
46987.407,-70.291
46987.507,-70.291
46987.603,-70.291
46987.701,-70.291
46987.821,-70.291
46987.921,-70.291
46988.019,-70.291
46988.116,-70.291
46988.222,-70.291
46988.335,-70.291
46988.433,-70.291
46988.530,-70.291
46988.633,-70.291
46988.726,-70.291
46988.823,-70.291
46988.979,-70.291
46988.983,-70.291
46989.146,-70.291
46989.244,-70.291
46989.323,-70.291
46989.394,-70.291
46989.495,-70.291
46989.589,-70.291
46989.692,-70.291
46989.792,-70.291
46989.887,-70.291
46989.989,-70.291
46990.107,-70.291
46990.178,-70.291
46990.297,-70.291
46990.377,-70.291
46990.494,-70.291
46990.582,-70.291
46990.690,-70.291
46990.793,-70.291
46990.899,-70.291
46990.977,-70.291
46991.077,-70.291
46991.178,-70.291
46991.286,-70.291
46991.392,-70.291
46991.488,-70.291
46991.597,-70.291
46991.674,-70.291
46991.780,-70.291
46991.897,-70.291
46991.987,-70.291
46992.106,-70.291
46992.196,-70.291
46992.314,-70.291
46992.411,-70.291
46992.529,-70.291
46992.631,-70.291
46992.671,-70.291
46992.832,-70.291
46992.929,-70.291
46993.044,-70.291
46993.070,-70.291
46993.236,-70.291
46993.333,-70.291
46993.435,-70.291
46993.483,-70.291
46993.583,-70.291
46993.682,-70.291
46993.787,-70.291
46993.885,-70.291
46993.985,-70.291
46994.102,-70.291
46994.176,-70.291
46994.273,-70.291
46994.370,-70.291
46994.469,-70.291
46994.578,-70.291
46994.675,-70.291
46994.772,-70.291
46994.879,-70.291
46994.978,-70.291
46995.069,-70.291
46995.228,-70.291
46995.274,-70.291
46995.393,-70.291
46995.490,-70.291
46995.582,-70.291
46995.690,-70.291
46995.763,-70.291
46995.911,-70.291
46995.967,-70.291
46996.069,-70.291
46996.175,-70.291
46996.314,-70.291
46996.389,-70.291
46996.517,-70.291
46996.611,-70.291
47046.717,-70.291
47046.820,-70.291
47046.858,-70.291
47046.961,-70.291
47047.067,-70.291
47047.172,-70.291
47047.269,-70.291
47047.366,-70.291
47047.476,-70.291
47047.574,-70.291
47047.655,-70.291
47047.776,-70.291
47047.875,-70.291
47047.955,-70.291
47048.054,-70.291
47048.157,-70.291
47048.258,-70.291
47048.362,-70.291
47048.465,-70.291
47048.566,-70.291
47048.661,-70.291
47048.771,-70.291
47048.883,-70.291
47048.976,-70.291
47049.077,-70.291
47049.181,-70.291
47049.291,-70.291
47049.386,-70.291
47049.489,-70.291
47049.614,-70.291
47049.692,-70.291
47049.794,-70.291
47049.900,-70.291
47049.981,-70.291
47050.101,-70.291
47050.204,-70.291
47050.307,-70.291
47050.350,-70.291
47050.513,-70.291
47050.614,-70.291
47050.725,-70.291
47050.756,-70.291
47050.843,-70.291
47050.947,-70.291
47051.048,-70.291
47051.151,-70.291
47051.252,-70.291
47051.361,-70.291
47051.475,-70.291
47051.560,-70.291
47051.658,-70.291
47051.746,-70.291
47051.886,-70.291
47051.954,-70.291
47052.061,-70.291
47052.145,-70.291
47052.253,-70.291
47052.350,-70.291
47052.447,-70.291
47052.565,-70.291
47052.670,-70.291
47052.768,-70.291
47052.868,-70.291
47052.969,-70.291
47053.065,-70.291
47053.169,-70.291
47053.289,-70.291
47053.382,-70.291
47053.487,-70.291
47053.585,-70.291
47053.700,-70.291
47053.796,-70.291
47053.893,-70.291
47053.991,-70.291
47054.092,-70.291
47054.189,-70.291
47054.240,-70.291
47054.341,-70.291
47054.439,-70.291
47054.535,-70.291
47054.635,-70.291
47054.807,-70.291
47054.835,-70.291
47054.954,-70.291
47055.051,-70.291
47055.151,-70.291
47055.246,-70.291
47055.343,-70.291
47055.442,-70.291
47055.538,-70.291
47055.644,-70.291
47055.747,-70.291
47055.861,-70.291
47055.929,-70.291
47056.051,-70.291
47056.129,-70.291
47056.232,-70.291
47056.342,-70.291
47056.428,-70.291
47056.546,-70.291
47056.630,-70.291
47106.751,-70.291
47106.835,-70.291
47106.963,-70.291
47107.074,-70.291
47107.171,-70.291
47107.268,-70.291
47107.376,-70.291
47107.471,-70.291
47107.570,-70.291
47107.665,-70.291
47107.723,-70.291
47107.887,-70.291
47107.986,-70.291
47108.066,-70.291
47108.130,-70.291
47108.229,-70.291
47108.326,-70.291
47108.433,-70.291
47108.536,-70.291
47108.632,-70.291
47108.730,-70.291
47108.848,-70.291
47108.919,-70.291
47109.039,-70.291
47109.121,-70.291
47109.237,-70.291
47109.334,-70.291
47109.433,-70.291
47109.536,-70.291
47109.635,-70.291
47109.731,-70.291
47109.829,-70.291
47109.917,-70.291
47110.038,-70.291
47110.134,-70.291
47110.230,-70.291
47110.340,-70.291
47110.436,-70.291
47110.533,-70.291
47110.638,-70.291
47110.752,-70.291
47110.853,-70.291
47110.949,-70.291
47111.052,-70.291
47111.146,-70.291
47111.266,-70.291
47111.374,-70.291
47111.421,-70.291
47111.535,-70.291
47111.635,-70.291
47111.712,-70.291
47111.810,-70.291
47111.915,-70.291
47112.017,-70.291
47112.109,-70.291
47112.227,-70.291
47112.329,-70.291
47112.412,-70.291
47112.510,-70.291
47112.614,-70.291
47112.740,-70.291
47112.819,-70.291
47112.927,-70.291
47113.050,-70.291
47113.106,-70.291
47113.211,-70.291
47113.326,-70.291
47113.423,-70.291
47113.521,-70.291
47113.622,-70.291
47113.717,-70.291
47113.813,-70.291
47113.947,-70.291
47114.015,-70.291
47114.135,-70.291
47114.230,-70.291
47114.313,-70.291
47114.423,-70.291
47114.542,-70.291
47114.639,-70.291
47114.730,-70.291
47114.850,-70.291
47114.946,-70.291
47115.048,-70.291
47115.162,-70.291
47115.258,-70.291
47115.354,-70.291
47115.461,-70.291
47115.558,-70.291
47115.609,-70.291
47115.704,-70.291
47115.807,-70.291
47115.906,-70.291
47116.016,-70.291
47116.109,-70.291
47116.212,-70.291
47116.309,-70.291
47116.406,-70.291
47116.522,-70.291
47116.601,-70.291
47166.699,-70.291
47166.800,-70.291
47166.910,-70.291
47167.006,-70.291
47167.103,-70.291
47167.202,-70.291
47167.298,-70.291
47167.396,-70.291
47167.497,-70.291
47167.622,-70.291
47167.701,-70.291
47167.806,-70.291
47167.890,-70.291
47168.008,-70.291
47168.099,-70.291
47168.219,-70.291
47168.314,-70.291
47168.424,-70.291
47168.520,-70.291
47168.639,-70.291
47168.732,-70.291
47168.834,-70.291
47168.928,-70.291
47169.049,-70.291
47169.091,-70.291
47169.253,-70.291
47169.346,-70.291
47169.398,-70.291
47169.487,-70.291
47169.587,-70.291
47169.752,-70.291
47169.871,-70.291
47169.900,-70.291
47169.999,-70.291
47170.099,-70.291
47170.195,-70.291
47170.285,-70.291
47170.403,-70.291
47170.501,-70.291
47170.586,-70.291
47170.682,-70.291
47170.804,-70.291
47170.898,-70.291
47170.998,-70.291
47171.097,-70.291
47171.199,-70.291
47171.295,-70.291
47171.386,-70.291
47171.489,-70.291
47171.590,-70.291
47171.708,-70.291
47171.795,-70.291
47171.898,-70.291
47172.001,-70.291
47172.080,-70.291
47172.180,-70.291
47172.282,-70.291
47172.399,-70.291
47172.490,-70.291
47172.595,-70.291
47172.704,-70.291
47172.804,-70.291
47172.879,-70.291
47172.983,-70.291
47173.134,-70.291
47173.178,-70.291
47173.337,-70.291
47173.386,-70.291
47173.477,-70.291
47173.573,-70.291
47173.693,-70.291
47173.789,-70.291
47173.895,-70.291
47173.970,-70.291
47174.090,-70.291
47174.186,-70.291
47174.277,-70.291
47174.374,-70.291
47174.470,-70.291
47174.604,-70.291
47174.687,-70.291
47174.783,-70.291
47174.883,-70.291
47174.973,-70.291
47175.084,-70.291
47175.181,-70.291
47175.300,-70.291
47175.383,-70.291
47175.504,-70.291
47175.600,-70.291
47175.706,-70.291
47175.789,-70.291
47175.910,-70.291
47176.005,-70.291
47176.118,-70.291
47176.215,-70.291
47176.313,-70.291
47176.409,-70.291
47176.511,-70.291
47176.630,-70.291
47226.729,-70.291
47226.809,-70.291
47226.922,-70.291
47226.971,-70.291
47227.135,-70.291
47227.176,-70.291
47227.274,-70.291
47227.371,-70.291
47227.469,-70.291
47227.599,-70.291
47227.675,-70.291
47227.774,-70.291
47227.879,-70.291
47227.980,-70.291
47228.059,-70.291
47228.162,-70.291
47228.280,-70.291
47228.374,-70.291
47228.475,-70.291
47228.563,-70.291
47228.669,-70.291
47228.760,-70.291
47228.863,-70.291
47228.969,-70.291
47229.074,-70.291
47229.157,-70.291
47229.279,-70.291
47229.385,-70.291
47229.468,-70.291
47229.597,-70.291
47229.695,-70.291
47229.793,-70.291
47229.891,-70.291
47230.010,-70.291
47230.115,-70.291
47230.202,-70.291
47230.299,-70.291
47230.350,-70.291
47230.500,-70.291
47230.552,-70.291
47230.717,-70.291
47230.814,-70.291
47230.852,-70.291
47230.958,-70.291
47231.058,-70.291
47231.163,-70.291
47231.265,-70.291
47231.362,-70.291
47231.459,-70.291
47231.558,-70.291
47231.655,-70.291
47231.750,-70.291
47231.848,-70.291
47231.954,-70.291
47232.059,-70.291
47232.147,-70.291
47232.268,-70.291
47232.365,-70.291
47232.463,-70.291
47232.561,-70.291
47232.657,-70.291
47232.758,-70.291
47232.878,-70.291
47232.974,-70.291
47233.056,-70.291
47233.188,-70.291
47233.283,-70.291
47233.379,-70.291
47233.469,-70.291
47233.589,-70.291
47233.675,-70.291
47233.792,-70.291
47233.881,-70.291
47233.999,-70.291
47234.058,-70.291
47234.204,-70.291
47234.268,-70.291
47234.343,-70.291
47234.447,-70.291
47234.552,-70.291
47234.654,-70.291
47234.794,-70.291
47234.849,-70.291
47234.941,-70.291
47235.038,-70.291
47235.157,-70.291
47235.262,-70.291
47235.343,-70.291
47235.441,-70.291
47235.537,-70.291
47235.654,-70.291
47235.756,-70.291
47235.854,-70.291
47235.950,-70.291
47236.040,-70.291
47236.137,-70.291
47236.235,-70.291
47236.364,-70.291
47236.455,-70.291
47236.552,-70.291
47286.651,-70.291
47286.755,-70.291
47286.848,-70.291
47286.968,-70.291
47287.065,-70.291
47287.173,-70.291
47287.259,-70.291
47287.379,-70.291
47287.469,-70.291
47287.535,-70.291
47287.640,-70.291
47287.748,-70.291
47287.878,-70.291
47287.929,-70.291
47288.028,-70.291
47288.129,-70.291
47288.228,-70.291
47288.340,-70.291
47288.443,-70.291
47288.543,-70.291
47288.639,-70.291
47288.734,-70.291
47288.842,-70.291
47288.936,-70.291
47289.048,-70.291
47289.145,-70.291
47289.242,-70.291
47289.332,-70.291
47289.428,-70.291
47289.524,-70.291
47289.622,-70.291
47289.741,-70.291
47289.839,-70.291
47289.936,-70.291
47290.040,-70.291
47290.126,-70.291
47290.270,-70.291
47290.333,-70.291
47290.452,-70.291
47290.547,-70.291
47290.644,-70.291
47290.741,-70.291
47290.842,-70.291
47290.959,-70.291
47291.057,-70.291
47291.141,-70.291
47291.274,-70.291
47291.372,-70.291
47291.468,-70.291
47291.578,-70.291
47291.675,-70.291
47291.733,-70.291
47291.840,-70.291
47291.923,-70.291
47292.022,-70.291
47292.120,-70.291
47292.289,-70.291
47292.315,-70.291
47292.429,-70.291
47292.530,-70.291
47292.612,-70.291
47292.718,-70.291
47292.844,-70.291
47292.925,-70.291
47293.018,-70.291
47293.133,-70.291
47293.232,-70.291
47293.349,-70.291
47293.422,-70.291
47293.516,-70.291
47293.616,-70.291
47293.713,-70.291
47293.825,-70.291
47293.925,-70.291
47294.017,-70.291
47294.126,-70.291
47294.220,-70.291
47294.341,-70.291
47294.449,-70.291
47294.528,-70.291
47294.650,-70.291
47294.748,-70.291
47294.862,-70.291
47294.957,-70.291
47295.054,-70.291
47295.148,-70.291
47295.253,-70.291
47295.304,-70.291
47295.468,-70.291
47295.553,-70.291
47295.617,-70.291
47295.703,-70.291
47295.804,-70.291
47295.919,-70.291
47296.013,-70.291
47296.110,-70.291
47296.287,-70.291
47296.305,-70.291
47296.413,-70.291
47296.524,-70.291
47296.600,-70.291
47586.721,-70.291
47586.811,-70.291
47586.921,-70.291
47587.022,-70.291
47587.108,-70.291
47587.200,-70.291
47587.318,-70.291
47587.397,-70.291
47587.503,-70.291
47587.623,-70.291
47587.717,-70.291
47587.825,-70.291
47587.922,-70.291
47588.019,-70.291
47588.125,-70.291
47588.234,-70.291
47588.334,-70.291
47588.433,-70.291
47588.535,-70.291
47588.633,-70.291
47588.727,-70.291
47588.860,-70.291
47588.951,-70.291
47589.048,-70.291
47589.145,-70.291
47589.196,-70.291
47589.295,-70.291
47589.457,-70.291
47589.554,-70.291
47589.594,-70.291
47589.702,-70.291
47589.802,-70.291
47589.903,-70.291
47590.010,-70.291
47590.118,-70.291
47590.202,-70.291
47590.375,-70.291
47590.402,-70.291
47590.498,-70.291
47590.596,-70.291
47590.697,-70.291
47590.801,-70.291
47590.900,-70.291
47590.998,-70.291
47591.110,-70.291
47591.205,-70.291
47591.302,-70.291
47591.399,-70.291
47591.505,-70.291
47591.600,-70.291
47591.722,-70.291
47591.800,-70.291
47591.910,-70.291
47592.029,-70.291
47592.128,-70.291
47592.209,-70.291
47592.330,-70.291
47592.422,-70.291
47592.540,-70.291
47592.624,-70.291
47592.721,-70.291
47592.843,-70.291
47592.946,-70.291
47593.043,-70.291
47593.141,-70.291
47593.190,-70.291
47593.294,-70.291
47593.385,-70.291
47593.506,-70.291
47593.588,-70.291
47593.684,-70.291
47593.782,-70.291
47593.879,-70.291
47594.004,-70.291
47594.076,-70.291
47594.181,-70.291
47594.286,-70.291
47594.418,-70.291
47594.519,-70.291
47594.576,-70.291
47594.784,-70.291
47594.786,-70.291
47594.882,-70.291
47594.979,-70.291
47595.075,-70.291
47595.199,-70.291
47595.296,-70.291
47595.393,-70.291
47595.474,-70.291
47595.607,-70.291
47595.705,-70.291
47595.800,-70.291
47595.910,-70.291
47596.004,-70.291
47596.100,-70.291
47596.209,-70.291
47596.322,-70.291
47596.421,-70.291
47596.516,-70.291
47596.621,-70.291
47646.672,-70.291
47646.833,-70.291
47646.944,-70.291
47647.022,-70.291
47647.141,-70.291
47647.169,-70.291
47647.271,-70.291
47647.376,-70.291
47647.482,-70.291
47647.578,-70.291
47647.682,-70.291
47647.786,-70.291
47647.865,-70.291
47647.968,-70.291
47648.070,-70.291
47648.206,-70.291
47648.285,-70.291
47648.382,-70.291
47648.483,-70.291
47648.573,-70.291
47648.670,-70.291
47648.786,-70.291
47648.870,-70.291
47648.992,-70.291
47649.088,-70.291
47649.194,-70.291
47649.291,-70.291
47649.393,-70.291
47649.490,-70.291
47649.585,-70.291
47649.684,-70.291
47649.806,-70.291
47649.889,-70.291
47650.000,-70.291
47650.095,-70.291
47650.215,-70.291
47650.322,-70.291
47650.417,-70.291
47650.516,-70.291
47650.619,-70.291
47650.659,-70.291
47650.757,-70.291
47650.855,-70.291
47650.954,-70.291
47651.123,-70.291
47651.176,-70.291
47651.270,-70.291
47651.354,-70.291
47651.469,-70.291
47651.565,-70.291
47651.661,-70.291
47651.770,-70.291
47651.870,-70.291
47651.965,-70.291
47652.063,-70.291
47652.183,-70.291
47652.267,-70.291
47652.364,-70.291
47652.457,-70.291
47652.570,-70.291
47652.665,-70.291
47652.765,-70.291
47652.871,-70.291
47652.969,-70.291
47653.068,-70.291
47653.168,-70.291
47653.252,-70.291
47653.370,-70.291
47653.455,-70.291
47653.577,-70.291
47653.664,-70.291
47653.792,-70.291
47653.873,-70.291
47653.969,-70.291
47654.092,-70.291
47654.183,-70.291
47654.293,-70.291
47654.400,-70.291
47654.452,-70.291
47654.605,-70.291
47654.706,-70.291
47654.758,-70.291
47654.847,-70.291
47654.945,-70.291
47655.053,-70.291
47655.150,-70.291
47655.247,-70.291
47655.343,-70.291
47655.465,-70.291
47655.562,-70.291
47655.658,-70.291
47655.765,-70.291
47655.853,-70.291
47655.947,-70.291
47656.047,-70.291
47656.159,-70.291
47656.262,-70.291
47656.365,-70.291
47656.460,-70.291
47656.571,-70.291
47706.666,-70.291
47706.763,-70.291
47706.867,-70.291
47706.958,-70.291
47707.077,-70.291
47707.174,-70.291
47707.285,-70.291
47707.382,-70.291
47707.481,-70.291
47707.611,-70.291
47707.693,-70.291
47707.793,-70.291
47707.891,-70.291
47708.015,-70.291
47708.096,-70.291
47708.208,-70.291
47708.235,-70.291
47708.337,-70.291
47708.504,-70.291
47708.533,-70.291
47708.705,-70.291
47708.744,-70.291
47708.843,-70.291
47708.978,-70.291
47709.040,-70.291
47709.150,-70.291
47709.239,-70.291
47709.348,-70.291
47709.438,-70.291
47709.535,-70.291
47709.631,-70.291
47709.729,-70.291
47709.852,-70.291
47709.947,-70.291
47710.051,-70.291
47710.148,-70.291
47710.246,-70.291
47710.342,-70.291
47710.451,-70.291
47710.541,-70.291
47710.656,-70.291
47710.762,-70.291
47710.866,-70.291
47710.953,-70.291
47711.074,-70.291
47711.168,-70.291
47711.277,-70.291
47711.372,-70.291
47711.475,-70.291
47711.571,-70.291
47711.689,-70.291
47711.787,-70.291
47711.889,-70.291
47711.986,-70.291
47712.029,-70.291
47712.122,-70.291
47712.288,-70.291
47712.351,-70.291
47712.433,-70.291
47712.532,-70.291
47712.630,-70.291
47712.748,-70.291
47712.818,-70.291
47712.940,-70.291
47713.037,-70.291
47713.139,-70.291
47713.218,-70.291
47713.340,-70.291
47713.527,-70.291
47713.529,-70.291
47713.630,-70.291
47713.735,-70.291
47713.849,-70.291
47713.939,-70.291
47714.035,-70.291
47714.132,-70.291
47714.216,-70.291
47714.327,-70.291
47714.431,-70.291
47714.535,-70.291
47714.636,-70.291
47714.716,-70.291
47714.816,-70.291
47714.925,-70.291
47715.034,-70.291
47715.153,-70.291
47715.239,-70.291
47715.340,-70.291
47715.458,-70.291
47715.534,-70.291
47715.650,-70.291
47715.712,-70.291
47715.810,-70.291
47715.975,-70.291
47716.027,-70.291
47716.120,-70.291
47716.217,-70.291
47716.319,-70.291
47716.423,-70.291
47716.530,-70.291
47716.626,-70.291
47766.722,-70.291
47766.813,-70.291
47766.911,-70.291
47767.011,-70.291
47767.107,-70.291
47767.225,-70.291
47767.309,-70.291
47767.405,-70.291
47767.525,-70.291
47767.613,-70.291
47767.711,-70.291
47767.829,-70.291
47767.911,-70.291
47768.032,-70.291
47768.128,-70.291
47768.224,-70.291
47768.329,-70.291
47768.423,-70.291
47768.546,-70.291
47768.629,-70.291
47768.701,-70.291
47768.811,-70.291
47768.915,-70.291
47769.020,-70.291
47769.125,-70.291
47769.200,-70.291
47769.362,-70.291
47769.405,-70.291
47769.565,-70.291
47769.662,-70.291
47769.773,-70.291
47769.799,-70.291
47769.917,-70.291
47770.010,-70.291
47770.122,-70.291
47770.214,-70.291
47770.310,-70.291
47770.408,-70.291
47770.511,-70.291
47770.611,-70.291
47770.708,-70.291
47770.801,-70.291
47770.901,-70.291
47771.001,-70.291
47771.099,-70.291
47771.200,-70.291
47771.312,-70.291
47771.406,-70.291
47771.502,-70.291
47771.611,-70.291
47771.709,-70.291
47771.829,-70.291
47771.935,-70.291
47772.026,-70.291
47772.125,-70.291
47772.200,-70.291
47772.314,-70.291
47772.439,-70.291
47772.536,-70.291
47772.672,-70.291
47772.724,-70.291
47772.846,-70.291
47772.942,-70.291
47773.002,-70.291
47773.107,-70.291
47773.191,-70.291
47773.288,-70.291
47773.450,-70.291
47773.501,-70.291
47773.596,-70.291
47773.700,-70.291
47773.796,-70.291
47773.892,-70.291
47774.011,-70.291
47774.096,-70.291
47774.274,-70.291
47774.304,-70.291
47774.398,-70.291
47774.506,-70.291
47774.591,-70.291
47774.688,-70.291
47774.789,-70.291
47774.899,-70.291
47775.001,-70.291
47775.097,-70.291
47775.200,-70.291
47775.284,-70.291
47775.405,-70.291
47775.498,-70.291
47775.609,-70.291
47775.694,-70.291
47775.814,-70.291
47775.911,-70.291
47776.022,-70.291
47776.120,-70.291
47776.217,-70.291
47776.312,-70.291
47776.410,-70.291
47776.532,-70.291
47776.629,-70.291
47826.713,-70.291
47826.776,-70.291
47826.941,-70.291
47827.038,-70.291
47827.080,-70.291
47827.187,-70.291
47827.281,-70.291
47827.377,-70.291
47827.495,-70.291
47827.586,-70.291
47827.688,-70.291
47827.859,-70.291
47827.886,-70.291
47828.002,-70.291
47828.107,-70.291
47828.206,-70.291
47828.294,-70.291
47828.390,-70.291
47828.488,-70.291
47828.588,-70.291
47828.685,-70.291
47828.780,-70.291
47828.880,-70.291
47828.986,-70.291
47829.085,-70.291
47829.185,-70.291
47829.287,-70.291
47829.398,-70.291
47829.495,-70.291
47829.589,-70.291
47829.696,-70.291
47829.792,-70.291
47829.912,-70.291
47830.020,-70.291
47830.097,-70.291
47830.217,-70.291
47830.317,-70.291
47830.405,-70.291
47830.526,-70.291
47830.626,-70.291
47830.719,-70.291
47830.824,-70.291
47830.921,-70.291
47830.973,-70.291
47831.067,-70.291
47831.170,-70.291
47831.271,-70.291
47831.370,-70.291
47831.534,-70.291
47831.561,-70.291
47831.683,-70.291
47831.778,-70.291
47831.880,-70.291
47832.000,-70.291
47832.067,-70.291
47832.164,-70.291
47832.269,-70.291
47832.373,-70.291
47832.471,-70.291
47832.562,-70.291
47832.662,-70.291
47832.765,-70.291
47832.873,-70.291
47832.964,-70.291
47833.073,-70.291
47833.160,-70.291
47833.261,-70.291
47833.369,-70.291
47833.468,-70.291
47833.572,-70.291
47833.695,-70.291
47833.806,-70.291
47833.901,-70.291
47833.997,-70.291
47834.106,-70.291
47834.203,-70.291
47834.297,-70.291
47834.430,-70.291
47834.521,-70.291
47834.619,-70.291
47834.715,-70.291
47834.765,-70.291
47834.858,-70.291
47834.954,-70.291
47835.050,-70.291
47835.167,-70.291
47835.253,-70.291
47835.377,-70.291
47835.468,-70.291
47835.556,-70.291
47835.654,-70.291
47835.750,-70.291
47835.869,-70.291
47835.992,-70.291
47836.062,-70.291
47836.165,-70.291
47836.269,-70.291
47836.353,-70.291
47836.447,-70.291
47836.568,-70.291
47886.679,-70.291
47886.775,-70.291
47886.864,-70.291
47886.959,-70.291
47887.069,-70.291
47887.164,-70.291
47887.284,-70.291
47887.370,-70.291
47887.448,-70.291
47887.553,-70.291
47887.655,-70.291
47887.756,-70.291
47887.864,-70.291
47887.965,-70.291
47888.043,-70.291
47888.196,-70.291
47888.292,-70.291
47888.344,-70.291
47888.493,-70.291
47888.543,-70.291
47888.639,-70.291
47888.759,-70.291
47888.840,-70.291
47888.949,-70.291
47889.053,-70.291
47889.153,-70.291
47889.254,-70.291
47889.353,-70.291
47889.473,-70.291
47889.542,-70.291
47889.643,-70.291
47889.743,-70.291
47889.839,-70.291
47889.943,-70.291
47890.052,-70.291
47890.149,-70.291
47890.245,-70.291
47890.354,-70.291
47890.451,-70.291
47890.548,-70.291
47890.644,-70.291
47890.746,-70.291
47890.868,-70.291
47890.965,-70.291
47891.055,-70.291
47891.157,-70.291
47891.279,-70.291
47891.375,-70.291
47891.482,-70.291
47891.540,-70.291
47891.652,-70.291
47891.753,-70.291
47891.858,-70.291
47891.933,-70.291
47892.084,-70.291
47892.191,-70.291
47892.289,-70.291
47892.340,-70.291
47892.435,-70.291
47892.540,-70.291
47892.638,-70.291
47892.734,-70.291
47892.832,-70.291
47892.945,-70.291
47893.043,-70.291
47893.144,-70.291
47893.252,-70.291
47893.334,-70.291
47893.430,-70.291
47893.526,-70.291
47893.641,-70.291
47893.738,-70.291
47893.834,-70.291
47893.930,-70.291
47894.031,-70.291
47894.126,-70.291
47894.245,-70.291
47894.353,-70.291
47894.442,-70.291
47894.562,-70.291
47894.656,-70.291
47894.765,-70.291
47894.862,-70.291
47894.940,-70.291
47895.040,-70.291
47895.120,-70.291
47895.227,-70.291
47895.335,-70.291
47895.458,-70.291
47895.542,-70.291
47895.618,-70.291
47895.717,-70.291
47895.822,-70.291
47895.916,-70.291
47896.083,-70.291
47896.132,-70.291
47896.233,-70.291
47896.326,-70.291
47896.423,-70.291
47896.523,-70.291
47896.625,-70.291
48186.725,-70.291
48186.825,-70.291
48186.949,-70.291
48187.028,-70.291
48187.124,-70.291
48187.231,-70.291
48187.315,-70.291
48187.414,-70.291
48187.510,-70.291
48187.630,-70.291
48187.730,-70.291
48187.827,-70.291
48187.924,-70.291
48188.027,-70.291
48188.141,-70.291
48188.235,-70.291
48188.331,-70.291
48188.439,-70.291
48188.537,-70.291
48188.633,-70.291
48188.763,-70.291
48188.857,-70.291
48188.953,-70.291
48189.049,-70.291
48189.143,-70.291
48189.268,-70.291
48189.364,-70.291
48189.424,-70.291
48189.524,-70.291
48189.611,-70.291
48189.731,-70.291
48189.806,-70.291
48189.913,-70.291
48190.016,-70.291
48190.114,-70.291
48190.249,-70.291
48190.324,-70.291
48190.403,-70.291
48190.504,-70.291
48190.626,-70.291
48190.709,-70.291
48190.812,-70.291
48190.914,-70.291
48191.013,-70.291
48191.100,-70.291
48191.221,-70.291
48191.335,-70.291
48191.420,-70.291
48191.508,-70.291
48191.610,-70.291
48191.703,-70.291
48191.814,-70.291
48191.934,-70.291
48192.031,-70.291
48192.121,-70.291
48192.216,-70.291
48192.335,-70.291
48192.438,-70.291
48192.527,-70.291
48192.624,-70.291
48192.744,-70.291
48192.849,-70.291
48192.945,-70.291
48193.042,-70.291
48193.137,-70.291
48193.196,-70.291
48193.355,-70.291
48193.451,-70.291
48193.503,-70.291
48193.595,-70.291
48193.692,-70.291
48193.858,-70.291
48193.908,-70.291
48194.009,-70.291
48194.104,-70.291
48194.202,-70.291
48194.323,-70.291
48194.391,-70.291
48194.512,-70.291
48194.595,-70.291
48194.711,-70.291
48194.799,-70.291
48194.902,-70.291
48195.012,-70.291
48195.094,-70.291
48195.192,-70.291
48195.301,-70.291
48195.390,-70.291
48195.507,-70.291
48195.606,-70.291
48195.704,-70.291
48195.814,-70.291
48195.910,-70.291
48196.005,-70.291
48196.114,-70.291
48196.225,-70.291
48196.322,-70.291
48196.419,-70.291
48196.525,-70.291
48196.619,-70.291
48246.740,-70.291
48246.847,-70.291
48246.926,-70.291
48247.046,-70.291
48247.144,-70.291
48247.234,-70.291
48247.286,-70.291
48247.384,-70.291
48247.483,-70.291
48247.584,-70.291
48247.701,-70.291
48247.794,-70.291
48247.891,-70.291
48248.001,-70.291
48248.098,-70.291
48248.194,-70.291
48248.293,-70.291
48248.385,-70.291
48248.480,-70.291
48248.599,-70.291
48248.684,-70.291
48248.793,-70.291
48248.891,-70.291
48248.999,-70.291
48249.097,-70.291
48249.188,-70.291
48249.308,-70.291
48249.384,-70.291
48249.492,-70.291
48249.597,-70.291
48249.679,-70.291
48249.788,-70.291
48249.902,-70.291
48250.022,-70.291
48250.115,-70.291
48250.224,-70.291
48250.321,-70.291
48250.418,-70.291
48250.523,-70.291
48250.632,-70.291
48250.729,-70.291
48250.827,-70.291
48250.934,-70.291
48251.031,-70.291
48251.082,-70.291
48251.174,-70.291
48251.283,-70.291
48251.447,-70.291
48251.474,-70.291
48251.575,-70.291
48251.674,-70.291
48251.769,-70.291
48251.890,-70.291
48251.965,-70.291
48252.085,-70.291
48252.255,-70.291
48252.284,-70.291
48252.408,-70.291
48252.479,-70.291
48252.577,-70.291
48252.670,-70.291
48252.772,-70.291
48252.865,-70.291
48252.985,-70.291
48253.113,-70.291
48253.183,-70.291
48253.279,-70.291
48253.399,-70.291
48253.479,-70.291
48253.602,-70.291
48253.698,-70.291
48253.791,-70.291
48253.868,-70.291
48253.968,-70.291
48254.075,-70.291
48254.202,-70.291
48254.308,-70.291
48254.406,-70.291
48254.525,-70.291
48254.609,-70.291
48254.660,-70.291
48254.818,-70.291
48254.872,-70.291
48254.966,-70.291
48255.064,-70.291
48255.161,-70.291
48255.259,-70.291
48255.368,-70.291
48255.467,-70.291
48255.565,-70.291
48255.669,-70.291
48255.756,-70.291
48255.865,-70.291
48255.961,-70.291
48256.058,-70.291
48256.154,-70.291
48256.276,-70.291
48256.372,-70.291
48256.471,-70.291
48256.569,-70.291
48306.666,-70.291
48306.772,-70.291
48306.882,-70.291
48306.981,-70.291
48307.077,-70.291
48307.182,-70.291
48307.268,-70.291
48307.381,-70.291
48307.454,-70.291
48307.553,-70.291
48307.662,-70.291
48307.767,-70.291
48307.883,-70.291
48307.974,-70.291
48308.095,-70.291
48308.147,-70.291
48308.309,-70.291
48308.407,-70.291
48308.503,-70.291
48308.554,-70.291
48308.654,-70.291
48308.822,-70.291
48308.846,-70.291
48309.019,-70.291
48309.047,-70.291
48309.172,-70.291
48309.264,-70.291
48309.367,-70.291
48309.449,-70.291
48309.550,-70.291
48309.648,-70.291
48309.749,-70.291
48309.846,-70.291
48309.945,-70.291
48310.147,-70.291
48310.149,-70.291
48310.247,-70.291
48310.345,-70.291
48310.448,-70.291
48310.556,-70.291
48310.653,-70.291
48310.773,-70.291
48310.856,-70.291
48310.978,-70.291
48311.075,-70.291
48311.182,-70.291
48311.252,-70.291
48311.365,-70.291
48311.440,-70.291
48311.593,-70.291
48311.644,-70.291
48311.788,-70.291
48311.857,-70.291
48311.961,-70.291
48312.036,-70.291
48312.139,-70.291
48312.237,-70.291
48312.334,-70.291
48312.447,-70.291
48312.597,-70.291
48312.650,-70.291
48312.738,-70.291
48312.836,-70.291
48312.955,-70.291
48313.042,-70.291
48313.145,-70.291
48313.243,-70.291
48313.338,-70.291
48313.430,-70.291
48313.552,-70.291
48313.631,-70.291
48313.754,-70.291
48313.843,-70.291
48313.939,-70.291
48314.036,-70.291
48314.129,-70.291
48314.231,-70.291
48314.354,-70.291
48314.454,-70.291
48314.556,-70.291
48314.651,-70.291
48314.748,-70.291
48314.859,-70.291
48314.971,-70.291
48315.067,-70.291
48315.164,-70.291
48315.267,-70.291
48315.363,-70.291
48315.483,-70.291
48315.590,-70.291
48315.666,-70.291
48315.787,-70.291
48315.882,-70.291
48315.972,-70.291
48316.025,-70.291
48316.122,-70.291
48316.288,-70.291
48316.382,-70.291
48316.433,-70.291
48316.533,-70.291
48316.634,-70.291
48366.742,-70.291
48366.849,-70.291
48366.952,-70.291
48367.030,-70.291
48367.128,-70.291
48367.304,-70.291
48367.330,-70.291
48367.426,-70.291
48367.539,-70.291
48367.628,-70.291
48367.729,-70.291
48367.817,-70.291
48367.933,-70.291
48368.030,-70.291
48368.122,-70.291
48368.232,-70.291
48368.327,-70.291
48368.447,-70.291
48368.532,-70.291
48368.645,-70.291
48368.741,-70.291
48368.859,-70.291
48368.942,-70.291
48369.063,-70.291
48369.160,-70.291
48369.265,-70.291
48369.353,-70.291
48369.473,-70.291
48369.570,-70.291
48369.676,-70.291
48369.773,-70.291
48369.870,-70.291
48369.921,-70.291
48370.025,-70.291
48370.117,-70.291
48370.214,-70.291
48370.314,-70.291
48370.414,-70.291
48370.511,-70.291
48370.631,-70.291
48370.736,-70.291
48370.815,-70.291
48370.911,-70.291
48371.013,-70.291
48371.127,-70.291
48371.218,-70.291
48371.322,-70.291
48371.428,-70.291
48371.512,-70.291
48371.622,-70.291
48371.717,-70.291
48371.813,-70.291
48371.934,-70.291
48372.032,-70.291
48372.127,-70.291
48372.219,-70.291
48372.343,-70.291
48372.437,-70.291
48372.533,-70.291
48372.641,-70.291
48372.740,-70.291
48372.842,-70.291
48372.942,-70.291
48373.055,-70.291
48373.157,-70.291
48373.253,-70.291
48373.351,-70.291
48373.400,-70.291
48373.566,-70.291
48373.676,-70.291
48373.765,-70.291
48373.862,-70.291
48373.959,-70.291
48374.012,-70.291
48374.109,-70.291
48374.207,-70.291
48374.311,-70.291
48374.411,-70.291
48374.497,-70.291
48374.617,-70.291
48374.715,-70.291
48374.812,-70.291
48374.905,-70.291
48375.001,-70.291
48375.099,-70.291
48375.213,-70.291
48375.309,-70.291
48375.406,-70.291
48375.514,-70.291
48375.597,-70.291
48375.718,-70.291
48375.802,-70.291
48375.926,-70.291
48376.020,-70.291
48376.114,-70.291
48376.248,-70.291
48376.338,-70.291
48376.434,-70.291
48376.527,-70.291
48376.616,-70.291
48426.725,-70.291
48426.845,-70.291
48426.941,-70.291
48427.053,-70.291
48427.150,-70.291
48427.247,-70.291
48427.351,-70.291
48427.395,-70.291
48427.558,-70.291
48427.592,-70.291
48427.688,-70.291
48427.855,-70.291
48427.909,-70.291
48428.005,-70.291
48428.085,-70.291
48428.207,-70.291
48428.375,-70.291
48428.465,-70.291
48428.497,-70.291
48428.593,-70.291
48428.689,-70.291
48428.784,-70.291
48428.893,-70.291
48428.988,-70.291
48429.086,-70.291
48429.192,-70.291
48429.300,-70.291
48429.388,-70.291
48429.488,-70.291
48429.601,-70.291
48429.702,-70.291
48429.804,-70.291
48429.924,-70.291
48430.012,-70.291
48430.112,-70.291
48430.203,-70.291
48430.335,-70.291
48430.431,-70.291
48430.527,-70.291
48430.625,-70.291
48430.726,-70.291
48430.844,-70.291
48430.940,-70.291
48431.026,-70.291
48431.139,-70.291
48431.235,-70.291
48431.284,-70.291
48431.437,-70.291
48431.491,-70.291
48431.586,-70.291
48431.681,-70.291
48431.784,-70.291
48431.885,-70.291
48431.982,-70.291
48432.081,-70.291
48432.196,-70.291
48432.293,-70.291
48432.399,-70.291
48432.497,-70.291
48432.584,-70.291
48432.683,-70.291
48432.778,-70.291
48432.885,-70.291
48432.982,-70.291
48433.079,-70.291
48433.176,-70.291
48433.300,-70.291
48433.395,-70.291
48433.489,-70.291
48433.599,-70.291
48433.711,-70.291
48433.790,-70.291
48433.911,-70.291
48434.009,-70.291
48434.068,-70.291
48434.170,-70.291
48434.277,-70.291
48434.383,-70.291
48434.488,-70.291
48434.596,-70.291
48434.712,-70.291
48434.768,-70.291
48434.931,-70.291
48435.028,-70.291
48435.069,-70.291
48435.173,-70.291
48435.269,-70.291
48435.364,-70.291
48435.485,-70.291
48435.581,-70.291
48435.675,-70.291
48435.772,-70.291
48435.895,-70.291
48435.964,-70.291
48436.084,-70.291
48436.172,-70.291
48436.284,-70.291
48436.380,-70.291
48436.474,-70.291
48436.578,-70.291
48486.676,-70.291
48486.775,-70.291
48486.875,-70.291
48486.975,-70.291
48487.073,-70.291
48487.193,-70.291
48487.274,-70.291
48487.389,-70.291
48487.485,-70.291
48487.604,-70.291
48487.691,-70.291
48487.764,-70.291
48487.912,-70.291
48488.008,-70.291
48488.101,-70.291
48488.193,-70.291
48488.315,-70.291
48488.420,-70.291
48488.514,-70.291
48488.574,-70.291
48488.676,-70.291
48488.782,-70.291
48488.859,-70.291
48488.961,-70.291
48489.061,-70.291
48489.157,-70.291
48489.267,-70.291
48489.370,-70.291
48489.479,-70.291
48489.557,-70.291
48489.655,-70.291
48489.758,-70.291
48489.869,-70.291
48489.991,-70.291
48490.061,-70.291
48490.157,-70.291
48490.257,-70.291
48490.354,-70.291
48490.452,-70.291
48490.550,-70.291
48490.673,-70.291
48490.771,-70.291
48490.866,-70.291
48490.958,-70.291
48491.060,-70.291
48491.184,-70.291
48491.279,-70.291
48491.385,-70.291
48491.482,-70.291
48491.579,-70.291
48491.684,-70.291
48491.797,-70.291
48491.894,-70.291
48491.989,-70.291
48492.096,-70.291
48492.191,-70.291
48492.244,-70.291
48492.417,-70.291
48492.503,-70.291
48492.552,-70.291
48492.653,-70.291
48492.747,-70.291
48492.850,-70.291
48492.947,-70.291
48493.044,-70.291
48493.154,-70.291
48493.262,-70.291
48493.360,-70.291
48493.457,-70.291
48493.546,-70.291
48493.650,-70.291
48493.746,-70.291
48493.845,-70.291
48493.956,-70.291
48494.052,-70.291
48494.156,-70.291
48494.257,-70.291
48494.341,-70.291
48494.446,-70.291
48494.551,-70.291
48494.667,-70.291
48494.765,-70.291
48494.859,-70.291
48494.961,-70.291
48495.064,-70.291
48495.156,-70.291
48495.279,-70.291
48495.370,-70.291
48495.473,-70.291
48495.575,-70.291
48495.667,-70.291
48495.795,-70.291
48495.894,-70.291
48495.990,-70.291
48496.093,-70.291
48496.136,-70.291
48496.239,-70.291
48496.332,-70.291
48496.505,-70.291
48496.534,-70.291
48496.630,-70.291
48786.740,-70.291
48786.828,-70.291
48786.941,-70.291
48787.039,-70.291
48787.136,-70.291
48787.229,-70.291
48787.334,-70.291
48787.436,-70.291
48787.536,-70.291
48787.642,-70.291
48787.741,-70.291
48787.827,-70.291
48787.932,-70.291
48788.036,-70.291
48788.132,-70.291
48788.243,-70.291
48788.343,-70.291
48788.440,-70.291
48788.535,-70.291
48788.667,-70.291
48788.743,-70.291
48788.865,-70.291
48788.961,-70.291
48789.047,-70.291
48789.167,-70.291
48789.264,-70.291
48789.356,-70.291
48789.469,-70.291
48789.567,-70.291
48789.662,-70.291
48789.768,-70.291
48789.879,-70.291
48789.975,-70.291
48790.026,-70.291
48790.180,-70.291
48790.232,-70.291
48790.325,-70.291
48790.423,-70.291
48790.528,-70.291
48790.626,-70.291
48790.724,-70.291
48790.821,-70.291
48790.917,-70.291
48791.039,-70.291
48791.136,-70.291
48791.239,-70.291
48791.324,-70.291
48791.426,-70.291
48791.524,-70.291
48791.616,-70.291
48791.719,-70.291
48791.816,-70.291
48791.934,-70.291
48792.017,-70.291
48792.138,-70.291
48792.235,-70.291
48792.340,-70.291
48792.448,-70.291
48792.539,-70.291
48792.662,-70.291
48792.754,-70.291
48792.845,-70.291
48792.965,-70.291
48793.017,-70.291
48793.169,-70.291
48793.221,-70.291
48793.327,-70.291
48793.442,-70.291
48793.542,-70.291
48793.663,-70.291
48793.714,-70.291
48793.812,-70.291
48793.912,-70.291
48794.009,-70.291
48794.179,-70.291
48794.222,-70.291
48794.318,-70.291
48794.415,-70.291
48794.516,-70.291
48794.614,-70.291
48794.710,-70.291
48794.807,-70.291
48794.914,-70.291
48795.014,-70.291
48795.109,-70.291
48795.206,-70.291
48795.319,-70.291
48795.415,-70.291
48795.522,-70.291
48795.604,-70.291
48795.713,-70.291
48795.819,-70.291
48795.915,-70.291
48796.016,-70.291
48796.122,-70.291
48796.220,-70.291
48796.340,-70.291
48796.427,-70.291
48796.523,-70.291
48846.645,-70.291
48846.751,-70.291
48846.841,-70.291
48846.936,-70.291
48847.060,-70.291
48847.138,-70.291
48847.257,-70.291
48847.355,-70.291
48847.454,-70.291
48847.556,-70.291
48847.607,-70.291
48847.698,-70.291
48847.798,-70.291
48847.902,-70.291
48847.999,-70.291
48848.096,-70.291
48848.222,-70.291
48848.295,-70.291
48848.413,-70.291
48848.510,-70.291
48848.612,-70.291
48848.714,-70.291
48848.809,-70.291
48848.903,-70.291
48849.000,-70.291
48849.096,-70.291
48849.214,-70.291
48849.325,-70.291
48849.412,-70.291
48849.492,-70.291
48849.613,-70.291
48849.691,-70.291
48849.803,-70.291
48849.902,-70.291
48850.010,-70.291
48850.092,-70.291
48850.199,-70.291
48850.323,-70.291
48850.426,-70.291
48850.512,-70.291
48850.644,-70.291
48850.764,-70.291
48850.838,-70.291
48850.934,-70.291
48850.986,-70.291
48851.086,-70.291
48851.253,-70.291
48851.351,-70.291
48851.448,-70.291
48851.540,-70.291
48851.596,-70.291
48851.690,-70.291
48851.788,-70.291
48851.897,-70.291
48852.002,-70.291
48852.099,-70.291
48852.196,-70.291
48852.288,-70.291
48852.397,-70.291
48852.493,-70.291
48852.594,-70.291
48852.699,-70.291
48852.793,-70.291
48852.900,-70.291
48852.999,-70.291
48853.088,-70.291
48853.184,-70.291
48853.284,-70.291
48853.384,-70.291
48853.504,-70.291
48853.602,-70.291
48853.697,-70.291
48853.803,-70.291
48853.896,-70.291
48854.015,-70.291
48854.103,-70.291
48854.214,-70.291
48854.311,-70.291
48854.427,-70.291
48854.510,-70.291
48854.632,-70.291
48854.729,-70.291
48854.787,-70.291
48854.888,-70.291
48854.991,-70.291
48855.074,-70.291
48855.248,-70.291
48855.275,-70.291
48855.380,-70.291
48855.489,-70.291
48855.640,-70.291
48855.691,-70.291
48855.776,-70.291
48855.873,-70.291
48855.990,-70.291
48856.088,-70.291
48856.208,-70.291
48856.279,-70.291
48856.378,-70.291
48856.480,-70.291
48856.577,-70.291
48906.674,-70.291
48906.787,-70.291
48906.884,-70.291
48906.981,-70.291
48907.085,-70.291
48907.183,-70.291
48907.279,-70.291
48907.409,-70.291
48907.480,-70.291
48907.599,-70.291
48907.695,-70.291
48907.788,-70.291
48907.912,-70.291
48908.010,-70.291
48908.103,-70.291
48908.213,-70.291
48908.308,-70.291
48908.406,-70.291
48908.513,-70.291
48908.623,-70.291
48908.718,-70.291
48908.769,-70.291
48908.922,-70.291
48909.020,-70.291
48909.072,-70.291
48909.166,-70.291
48909.271,-70.291
48909.367,-70.291
48909.467,-70.291
48909.586,-70.291
48909.677,-70.291
48909.776,-70.291
48909.872,-70.291
48909.981,-70.291
48910.063,-70.291
48910.161,-70.291
48910.257,-70.291
48910.372,-70.291
48910.462,-70.291
48910.559,-70.291
48910.660,-70.291
48910.761,-70.291
48910.859,-70.291
48910.955,-70.291
48911.057,-70.291
48911.179,-70.291
48911.274,-70.291
48911.371,-70.291
48911.495,-70.291
48911.591,-70.291
48911.686,-70.291
48911.786,-70.291
48911.888,-70.291
48912.008,-70.291
48912.105,-70.291
48912.191,-70.291
48912.301,-70.291
48912.352,-70.291
48912.513,-70.291
48912.555,-70.291
48912.651,-70.291
48912.818,-70.291
48912.922,-70.291
48912.966,-70.291
48913.057,-70.291
48913.155,-70.291
48913.257,-70.291
48913.356,-70.291
48913.480,-70.291
48913.572,-70.291
48913.657,-70.291
48913.751,-70.291
48913.849,-70.291
48913.968,-70.291
48914.068,-70.291
48914.193,-70.291
48914.261,-70.291
48914.359,-70.291
48914.462,-70.291
48914.558,-70.291
48914.647,-70.291
48914.760,-70.291
48914.870,-70.291
48914.956,-70.291
48915.077,-70.291
48915.171,-70.291
48915.262,-70.291
48915.364,-70.291
48915.494,-70.291
48915.584,-70.291
48915.655,-70.291
48915.762,-70.291
48915.906,-70.291
48915.974,-70.291
48916.074,-70.291
48916.177,-70.291
48916.299,-70.291
48916.389,-70.291
48916.442,-70.291
48916.539,-70.291
48966.646,-70.291
48966.741,-70.291
48966.905,-70.291
48967.009,-70.291
48967.061,-70.291
48967.154,-70.291
48967.249,-70.291
48967.358,-70.291
48967.460,-70.291
48967.557,-70.291
48967.719,-70.291
48967.748,-70.291
48967.845,-70.291
48967.939,-70.291
48968.036,-70.291
48968.136,-70.291
48968.257,-70.291
48968.352,-70.291
48968.436,-70.291
48968.546,-70.291
48968.666,-70.291
48968.763,-70.291
48968.846,-70.291
48968.968,-70.291
48969.064,-70.291
48969.169,-70.291
48969.256,-70.291
48969.376,-70.291
48969.435,-70.291
48969.580,-70.291
48969.642,-70.291
48969.743,-70.291
48969.854,-70.291
48969.962,-70.291
48970.083,-70.291
48970.135,-70.291
48970.228,-70.291
48970.383,-70.291
48970.434,-70.291
48970.539,-70.291
48970.639,-70.291
48970.741,-70.291
48970.838,-70.291
48970.936,-70.291
48971.030,-70.291
48971.127,-70.291
48971.246,-70.291
48971.344,-70.291
48971.442,-70.291
48971.523,-70.291
48971.668,-70.291
48971.741,-70.291
48971.830,-70.291
48971.926,-70.291
48972.044,-70.291
48972.129,-70.291
48972.245,-70.291
48972.347,-70.291
48972.442,-70.291
48972.548,-70.291
48972.645,-70.291
48972.740,-70.291
48972.844,-70.291
48972.957,-70.291
48973.045,-70.291
48973.120,-70.291
48973.259,-70.291
48973.323,-70.291
48973.428,-70.291
48973.534,-70.291
48973.638,-70.291
48973.739,-70.291
48973.820,-70.291
48973.990,-70.291
48974.048,-70.291
48974.124,-70.291
48974.222,-70.291
48974.356,-70.291
48974.430,-70.291
48974.532,-70.291
48974.635,-70.291
48974.730,-70.291
48974.822,-70.291
48974.922,-70.291
48975.015,-70.291
48975.122,-70.291
48975.216,-70.291
48975.314,-70.291
48975.417,-70.291
48975.527,-70.291
48975.631,-70.291
48975.727,-70.291
48975.827,-70.291
48975.924,-70.291
48976.021,-70.291
48976.116,-70.291
48976.220,-70.291
48976.340,-70.291
48976.437,-70.291
48976.518,-70.291
49026.649,-70.291
49026.745,-70.291
49026.842,-70.291
49026.955,-70.291
49027.054,-70.291
49027.148,-70.291
49027.254,-70.291
49027.368,-70.291
49027.466,-70.291
49027.564,-70.291
49027.666,-70.291
49027.763,-70.291
49027.814,-70.291
49027.906,-70.291
49028.013,-70.291
49028.110,-70.291
49028.207,-70.291
49028.314,-70.291
49028.418,-70.291
49028.515,-70.291
49028.624,-70.291
49028.724,-70.291
49028.810,-70.291
49028.911,-70.291
49029.013,-70.291
49029.115,-70.291
49029.202,-70.291
49029.324,-70.291
49029.410,-70.291
49029.504,-70.291
49029.621,-70.291
49029.707,-70.291
49029.828,-70.291
49029.915,-70.291
49030.012,-70.291
49030.133,-70.291
49030.238,-70.291
49030.337,-70.291
49030.433,-70.291
49030.533,-70.291
49030.630,-70.291
49030.724,-70.291
49030.844,-70.291
49030.962,-70.291
49031.035,-70.291
49031.156,-70.291
49031.249,-70.291
49031.296,-70.291
49031.399,-70.291
49031.499,-70.291
49031.665,-70.291
49031.704,-70.291
49031.796,-70.291
49031.894,-70.291
49032.076,-70.291
49032.104,-70.291
49032.200,-70.291
49032.308,-70.291
49032.400,-70.291
49032.512,-70.291
49032.609,-70.291
49032.704,-70.291
49032.797,-70.291
49032.894,-70.291
49033.036,-70.291
49033.109,-70.291
49033.209,-70.291
49033.309,-70.291
49033.392,-70.291
49033.501,-70.291
49033.603,-70.291
49033.700,-70.291
49033.805,-70.291
49033.910,-70.291
49034.005,-70.291
49034.090,-70.291
49034.211,-70.291
49034.299,-70.291
49034.419,-70.291
49034.506,-70.291
49034.616,-70.291
49034.740,-70.291
49034.836,-70.291
49034.935,-70.291
49035.041,-70.291
49035.136,-70.291
49035.188,-70.291
49035.340,-70.291
49035.384,-70.291
49035.550,-70.291
49035.645,-70.291
49035.750,-70.291
49035.802,-70.291
49035.893,-70.291
49035.989,-70.291
49036.098,-70.291
49036.195,-70.291
49036.290,-70.291
49036.394,-70.291
49036.482,-70.291
49036.578,-70.291
49086.688,-70.291
49086.809,-70.291
49086.894,-70.291
49086.997,-70.291
49087.093,-70.291
49087.178,-70.291
49087.290,-70.291
49087.385,-70.291
49087.477,-70.291
49087.588,-70.291
49087.710,-70.291
49087.807,-70.291
49087.911,-70.291
49087.994,-70.291
49088.115,-70.291
49088.212,-70.291
49088.323,-70.291
49088.419,-70.291
49088.517,-70.291
49088.613,-70.291
49088.721,-70.291
49088.773,-70.291
49088.874,-70.291
49088.989,-70.291
49089.129,-70.291
49089.181,-70.291
49089.286,-70.291
49089.430,-70.291
49089.480,-70.291
49089.578,-70.291
49089.677,-70.291
49089.809,-70.291
49089.885,-70.291
49089.983,-70.291
49090.087,-70.291
49090.185,-70.291
49090.305,-70.291
49090.379,-70.291
49090.485,-70.291
49090.588,-70.291
49090.688,-70.291
49090.768,-70.291
49090.886,-70.291
49090.974,-70.291
49091.073,-70.291
49091.169,-70.291
49091.289,-70.291
49091.384,-70.291
49091.481,-70.291
49091.588,-70.291
49091.680,-70.291
49091.800,-70.291
49091.896,-70.291
49091.998,-70.291
49092.097,-70.291
49092.214,-70.291
49092.322,-70.291
49092.411,-70.291
49092.508,-70.291
49092.604,-70.291
49092.706,-70.291
49092.827,-70.291
49092.923,-70.291
49093.020,-70.291
49093.125,-70.291
49093.174,-70.291
49093.266,-70.291
49093.363,-70.291
49093.474,-70.291
49093.573,-70.291
49093.669,-70.291
49093.840,-70.291
49093.870,-70.291
49093.964,-70.291
49094.061,-70.291
49094.159,-70.291
49094.269,-70.291
49094.368,-70.291
49094.465,-70.291
49094.571,-70.291
49094.659,-70.291
49094.758,-70.291
49094.860,-70.291
49094.958,-70.291
49095.065,-70.291
49095.167,-70.291
49095.265,-70.291
49095.375,-70.291
49095.455,-70.291
49095.559,-70.291
49095.664,-70.291
49095.786,-70.291
49095.899,-70.291
49095.997,-70.291
49096.084,-70.291
49096.205,-70.291
49096.299,-70.291
49096.409,-70.291
49096.506,-70.291
49096.606,-70.291
49386.658,-70.291
49386.756,-70.291
49386.857,-70.291
49386.953,-70.291
49387.050,-70.291
49387.156,-70.291
49387.257,-70.291
49387.363,-70.291
49387.467,-70.291
49387.545,-70.291
49387.647,-70.291
49387.767,-70.291
49387.859,-70.291
49387.955,-70.291
49388.054,-70.291
49388.156,-70.291
49388.245,-70.291
49388.346,-70.291
49388.464,-70.291
49388.544,-70.291
49388.649,-70.291
49388.751,-70.291
49388.844,-70.291
49388.953,-70.291
49389.045,-70.291
49389.152,-70.291
49389.253,-70.291
49389.374,-70.291
49389.471,-70.291
49389.547,-70.291
49389.678,-70.291
49389.784,-70.291
49389.879,-70.291
49389.998,-70.291
49390.086,-70.291
49390.181,-70.291
49390.300,-70.291
49390.406,-70.291
49390.493,-70.291
49390.545,-70.291
49390.638,-70.291
49390.795,-70.291
49390.848,-70.291
49390.945,-70.291
49391.041,-70.291
49391.142,-70.291
49391.252,-70.291
49391.350,-70.291
49391.454,-70.291
49391.536,-70.291
49391.633,-70.291
49391.753,-70.291
49391.849,-70.291
49391.945,-70.291
49392.042,-70.291
49392.141,-70.291
49392.245,-70.291
49392.353,-70.291
49392.434,-70.291
49392.554,-70.291
49392.655,-70.291
49392.753,-70.291
49392.852,-70.291
49392.945,-70.291
49393.048,-70.291
49393.171,-70.291
49393.268,-70.291
49393.355,-70.291
49393.457,-70.291
49393.577,-70.291
49393.675,-70.291
49393.783,-70.291
49393.876,-70.291
49393.993,-70.291
49394.047,-70.291
49394.128,-70.291
49394.227,-70.291
49394.369,-70.291
49394.493,-70.291
49394.593,-70.291
49394.686,-70.291
49394.737,-70.291
49394.840,-70.291
49394.935,-70.291
49395.038,-70.291
49395.135,-70.291
49395.223,-70.291
49395.343,-70.291
49395.440,-70.291
49395.552,-70.291
49395.634,-70.291
49395.731,-70.291
49395.830,-70.291
49395.920,-70.291
49396.029,-70.291
49396.127,-70.291
49396.222,-70.291
49396.334,-70.291
49396.432,-70.291
49396.551,-70.291
49446.655,-70.291
49446.745,-70.291
49446.843,-70.291
49446.962,-70.291
49447.043,-70.291
49447.165,-70.291
49447.265,-70.291
49447.361,-70.291
49447.415,-70.291
49447.567,-70.291
49447.628,-70.291
49447.733,-70.291
49447.837,-70.291
49447.942,-70.291
49448.018,-70.291
49448.124,-70.291
49448.216,-70.291
49448.327,-70.291
49448.429,-70.291
49448.514,-70.291
49448.636,-70.291
49448.716,-70.291
49448.814,-70.291
49448.927,-70.291
49449.023,-70.291
49449.127,-70.291
49449.227,-70.291
49449.312,-70.291
49449.432,-70.291
49449.531,-70.291
49449.624,-70.291
49449.721,-70.291
49449.818,-70.291
49449.916,-70.291
49450.032,-70.291
49450.126,-70.291
49450.222,-70.291
49450.329,-70.291
49450.443,-70.291
49450.539,-70.291
49450.632,-70.291
49450.741,-70.291
49450.838,-70.291
49450.958,-70.291
49451.066,-70.291
49451.139,-70.291
49451.258,-70.291
49451.355,-70.291
49451.476,-70.291
49451.504,-70.291
49451.665,-70.291
49451.761,-70.291
49451.869,-70.291
49451.966,-70.291
49452.064,-70.291
49452.115,-70.291
49452.218,-70.291
49452.312,-70.291
49452.413,-70.291
49452.551,-70.291
49452.603,-70.291
49452.706,-70.291
49452.803,-70.291
49452.903,-70.291
49453.015,-70.291
49453.112,-70.291
49453.198,-70.291
49453.312,-70.291
49453.407,-70.291
49453.507,-70.291
49453.606,-70.291
49453.706,-70.291
49453.801,-70.291
49453.920,-70.291
49454.004,-70.291
49454.119,-70.291
49454.218,-70.291
49454.312,-70.291
49454.441,-70.291
49454.540,-70.291
49454.635,-70.291
49454.739,-70.291
49454.802,-70.291
49454.946,-70.291
49455.042,-70.291
49455.152,-70.291
49455.249,-70.291
49455.345,-70.291
49455.396,-70.291
49455.500,-70.291
49455.591,-70.291
49455.757,-70.291
49455.850,-70.291
49455.955,-70.291
49456.007,-70.291
49456.101,-70.291
49456.210,-70.291
49456.309,-70.291
49456.410,-70.291
49456.577,-70.291
49456.595,-70.291
49506.693,-70.291
49506.793,-70.291
49506.897,-70.291
49506.989,-70.291
49507.101,-70.291
49507.204,-70.291
49507.286,-70.291
49507.396,-70.291
49507.494,-70.291
49507.602,-70.291
49507.692,-70.291
49507.790,-70.291
49507.911,-70.291
49508.009,-70.291
49508.116,-70.291
49508.214,-70.291
49508.310,-70.291
49508.415,-70.291
49508.528,-70.291
49508.623,-70.291
49508.722,-70.291
49509.051,-70.291
49509.163,-70.291
49509.182,-70.291
49509.285,-70.291
49509.383,-70.291
49509.484,-70.291
49509.587,-70.291
49509.683,-70.291
49509.784,-70.291
49509.885,-70.291
49509.992,-70.291
49510.091,-70.291
49510.188,-70.291
49510.277,-70.291
49510.397,-70.291
49510.480,-70.291
49510.577,-70.291
49510.687,-70.291
49510.784,-70.291
49510.881,-70.291
49510.986,-70.291
49511.094,-70.291
49511.196,-70.291
49511.274,-70.291
49511.399,-70.291
49511.480,-70.291
49511.583,-70.291
49511.689,-70.291
49511.791,-70.291
49511.877,-70.291
49511.998,-70.291
49512.088,-70.291
49512.197,-70.291
49512.317,-70.291
49512.415,-70.291
49512.526,-70.291
49512.625,-70.291
49512.720,-70.291
49512.825,-70.291
49512.868,-70.291
49513.031,-70.291
49513.129,-70.291
49513.236,-70.291
49513.333,-70.291
49513.430,-70.291
49513.482,-70.291
49513.584,-70.291
49513.679,-70.291
49513.776,-70.291
49513.874,-70.291
49513.987,-70.291
49514.085,-70.291
49514.183,-70.291
49514.295,-70.291
49514.374,-70.291
49514.471,-70.291
49514.570,-70.291
49514.663,-70.291
49514.775,-70.291
49514.877,-70.291
49514.984,-70.291
49515.074,-70.291
49515.170,-70.291
49515.273,-70.291
49515.397,-70.291
49515.484,-70.291
49515.582,-70.291
49515.665,-70.291
49515.782,-70.291
49515.873,-70.291
49515.995,-70.291
49516.088,-70.291
49516.204,-70.291
49516.300,-70.291
49516.394,-70.291
49516.501,-70.291
49516.613,-70.291
49566.711,-70.291
49566.762,-70.291
49566.912,-70.291
49566.964,-70.291
49567.060,-70.291
49567.160,-70.291
49567.259,-70.291
49567.357,-70.291
49567.477,-70.291
49567.579,-70.291
49567.671,-70.291
49567.772,-70.291
49567.870,-70.291
49567.970,-70.291
49568.057,-70.291
49568.157,-70.291
49568.252,-70.291
49568.366,-70.291
49568.462,-70.291
49568.562,-70.291
49568.656,-70.291
49568.773,-70.291
49568.870,-70.291
49568.967,-70.291
49569.072,-70.291
49569.160,-70.291
49569.280,-70.291
49569.378,-70.291
49569.484,-70.291
49569.581,-70.291
49569.676,-70.291
49569.774,-70.291
49569.876,-70.291
49569.996,-70.291
49570.093,-70.291
49570.174,-70.291
49570.308,-70.291
49570.358,-70.291
49570.506,-70.291
49570.567,-70.291
49570.670,-70.291
49570.746,-70.291
49570.848,-70.291
49570.957,-70.291
49571.055,-70.291
49571.154,-70.291
49571.294,-70.291
49571.348,-70.291
49571.444,-70.291
49571.565,-70.291
49571.645,-70.291
49571.760,-70.291
49571.860,-70.291
49571.956,-70.291
49572.051,-70.291
49572.149,-70.291
49572.245,-70.291
49572.380,-70.291
49572.440,-70.291
49572.560,-70.291
49572.658,-70.291
49572.754,-70.291
49572.858,-70.291
49572.955,-70.291
49573.051,-70.291
49573.159,-70.291
49573.280,-70.291
49573.377,-70.291
49573.482,-70.291
49573.574,-70.291
49573.670,-70.291
49573.792,-70.291
49573.869,-70.291
49573.989,-70.291
49574.085,-70.291
49574.184,-70.291
49574.289,-70.291
49574.340,-70.291
49574.440,-70.291
49574.596,-70.291
49574.699,-70.291
49574.750,-70.291
49574.842,-70.291
49574.952,-70.291
49575.055,-70.291
49575.150,-70.291
49575.246,-70.291
49575.342,-70.291
49575.433,-70.291
49575.537,-70.291
49575.640,-70.291
49575.731,-70.291
49575.876,-70.291
49575.946,-70.291
49576.055,-70.291
49576.146,-70.291
49576.240,-70.291
49576.336,-70.291
49576.446,-70.291
49576.544,-70.291
49626.639,-70.291
49626.759,-70.291
49626.859,-70.291
49626.956,-70.291
49627.053,-70.291
49627.159,-70.291
49627.270,-70.291
49627.370,-70.291
49627.469,-70.291
49627.572,-70.291
49627.667,-70.291
49627.762,-70.291
49627.894,-70.291
49627.981,-70.291
49628.077,-70.291
49628.128,-70.291
49628.275,-70.291
49628.328,-70.291
49628.427,-70.291
49628.526,-70.291
49628.628,-70.291
49628.738,-70.291
49628.833,-70.291
49628.931,-70.291
49629.042,-70.291
49629.140,-70.291
49629.236,-70.291
49629.334,-70.291
49629.430,-70.291
49629.535,-70.291
49629.636,-70.291
49629.730,-70.291
49629.826,-70.291
49629.928,-70.291
49630.039,-70.291
49630.142,-70.291
49630.224,-70.291
49630.328,-70.291
49630.426,-70.291
49630.531,-70.291
49630.642,-70.291
49630.738,-70.291
49630.835,-70.291
49630.945,-70.291
49631.029,-70.291
49631.145,-70.291
49631.244,-70.291
49631.365,-70.291
49631.463,-70.291
49631.567,-70.291
49631.653,-70.291
49631.774,-70.291
49631.871,-70.291
49631.979,-70.291
49632.075,-70.291
49632.173,-70.291
49632.225,-70.291
49632.326,-70.291
49632.428,-70.291
49632.530,-70.291
49632.626,-70.291
49632.718,-70.291
49632.837,-70.291
49632.916,-70.291
49633.039,-70.291
49633.113,-70.291
49633.225,-70.291
49633.323,-70.291
49633.430,-70.291
49633.526,-70.291
49633.623,-70.291
49633.709,-70.291
49633.818,-70.291
49633.913,-70.291
49634.008,-70.291
49634.140,-70.291
49634.213,-70.291
49634.333,-70.291
49634.432,-70.291
49634.521,-70.291
49634.644,-70.291
49634.725,-70.291
49634.805,-70.291
49634.910,-70.291
49635.010,-70.291
49635.120,-70.291
49635.246,-70.291
49635.348,-70.291
49635.442,-70.291
49635.517,-70.291
49635.655,-70.291
49635.753,-70.291
49635.802,-70.291
49635.904,-70.291
49636.006,-70.291
49636.103,-70.291
49636.202,-70.291
49636.320,-70.291
49636.416,-70.291
49636.513,-70.291
49636.614,-70.291
49686.713,-70.291
49686.797,-70.291
49686.905,-70.291
49687.002,-70.291
49687.104,-70.291
49687.201,-70.291
49687.298,-70.291
49687.415,-70.291
49687.513,-70.291
49687.610,-70.291
49687.707,-70.291
49687.815,-70.291
49687.921,-70.291
49688.002,-70.291
49688.123,-70.291
49688.226,-70.291
49688.315,-70.291
49688.392,-70.291
49688.496,-70.291
49688.621,-70.291
49688.708,-70.291
49688.827,-70.291
49688.916,-70.291
49689.025,-70.291
49689.145,-70.291
49689.241,-70.291
49689.354,-70.291
49689.450,-70.291
49689.548,-70.291
49689.652,-70.291
49689.699,-70.291
49689.799,-70.291
49689.893,-70.291
49689.990,-70.291
49690.088,-70.291
49690.208,-70.291
49690.302,-70.291
49690.388,-70.291
49690.516,-70.291
49690.594,-70.291
49690.694,-70.291
49690.790,-70.291
49690.888,-70.291
49690.987,-70.291
49691.125,-70.291
49691.205,-70.291
49691.301,-70.291
49691.399,-70.291
49691.491,-70.291
49691.606,-70.291
49691.708,-70.291
49691.807,-70.291
49691.902,-70.291
49692.000,-70.291
49692.104,-70.291
49692.183,-70.291
49692.285,-70.291
49692.394,-70.291
49692.515,-70.291
49692.609,-70.291
49692.733,-70.291
49692.829,-70.291
49692.927,-70.291
49693.029,-70.291
49693.078,-70.291
49693.242,-70.291
49693.328,-70.291
49693.441,-70.291
49693.540,-70.291
49693.590,-70.291
49693.740,-70.291
49693.792,-70.291
49693.885,-70.291
49693.982,-70.291
49694.087,-70.291
49694.189,-70.291
49694.285,-70.291
49694.382,-70.291
49694.474,-70.291
49694.595,-70.291
49694.674,-70.291
49694.798,-70.291
49694.886,-70.291
49694.986,-70.291
49695.084,-70.291
49695.188,-70.291
49695.285,-70.291
49695.383,-70.291
49695.477,-70.291
49695.601,-70.291
49695.699,-70.291
49695.795,-70.291
49695.901,-70.291
49695.989,-70.291
49696.110,-70.291
49696.205,-70.291
49696.312,-70.291
49696.408,-70.291
49696.506,-70.291
49696.635,-70.291
49986.705,-70.291
49986.827,-70.291
49986.926,-70.291
49987.001,-70.291
49987.066,-70.291
49987.232,-70.291
49987.329,-70.291
49987.371,-70.291
49987.473,-70.291
49987.569,-70.291
49987.666,-70.291
49987.784,-70.291
49987.864,-70.291
49987.967,-70.291
49988.149,-70.291
49988.176,-70.291
49988.265,-70.291
49988.376,-70.291
49988.473,-70.291
49988.573,-70.291
49988.679,-70.291
49988.780,-70.291
49988.881,-70.291
49988.960,-70.291
49989.069,-70.291
49989.178,-70.291
49989.276,-70.291
49989.363,-70.291
49989.485,-70.291
49989.579,-70.291
49989.689,-70.291
49989.784,-70.291
49989.902,-70.291
49989.987,-70.291
49990.108,-70.291
49990.204,-70.291
49990.309,-70.291
49990.392,-70.291
49990.514,-70.291
49990.610,-70.291
49990.722,-70.291
49990.820,-70.291
49990.918,-70.291
49991.014,-70.291
49991.115,-70.291
49991.167,-70.291
49991.260,-70.291
49991.355,-70.291
49991.463,-70.291
49991.565,-70.291
49991.668,-70.291
49991.780,-70.291
49991.855,-70.291
49991.986,-70.291
49992.055,-70.291
49992.172,-70.291
49992.268,-70.291
49992.362,-70.291
49992.468,-70.291
49992.559,-70.291
49992.670,-70.291
49992.766,-70.291
49992.850,-70.291
49992.952,-70.291
49993.054,-70.291
49993.157,-70.291
49993.249,-70.291
49993.368,-70.291
49993.453,-70.291
49993.574,-70.291
49993.656,-70.291
49993.774,-70.291
49993.866,-70.291
49993.989,-70.291
49994.071,-70.291
49994.190,-70.291
49994.284,-70.291
49994.396,-70.291
49994.497,-70.291
49994.548,-70.291
49994.720,-70.291
49994.746,-70.291
49994.845,-70.291
49994.942,-70.291
49995.043,-70.291
49995.150,-70.291
49995.248,-70.291
49995.344,-70.291
49995.454,-70.291
49995.550,-70.291
49995.649,-70.291
49995.745,-70.291
49995.875,-70.291
49995.946,-70.291
49996.044,-70.291
49996.139,-70.291
49996.258,-70.291
49996.355,-70.291
49996.452,-70.291
49996.558,-70.291
50046.639,-70.291
50046.741,-70.291
50046.843,-70.291
50046.945,-70.291
50047.049,-70.291
50047.155,-70.291
50047.257,-70.291
50047.335,-70.291
50047.441,-70.291
50047.547,-70.291
50047.664,-70.291
50047.770,-70.291
50047.892,-70.291
50047.988,-70.291
50048.073,-70.291
50048.194,-70.291
50048.288,-70.291
50048.395,-70.291
50048.486,-70.291
50048.539,-70.291
50048.632,-70.291
50048.807,-70.291
50048.837,-70.291
50048.933,-70.291
50049.032,-70.291
50049.131,-70.291
50049.243,-70.291
50049.345,-70.291
50049.440,-70.291
50049.530,-70.291
50049.630,-70.291
50049.749,-70.291
50049.867,-70.291
50049.943,-70.291
50050.043,-70.291
50050.138,-70.291
50050.234,-70.291
50050.346,-70.291
50050.447,-70.291
50050.542,-70.291
50050.644,-70.291
50050.742,-70.291
50050.837,-70.291
50050.968,-70.291
50051.061,-70.291
50051.144,-70.291
50051.247,-70.291
50051.351,-70.291
50051.428,-70.291
50051.535,-70.291
50051.637,-70.291
50051.740,-70.291
50051.847,-70.291
50051.954,-70.291
50052.070,-70.291
50052.183,-70.291
50052.279,-70.291
50052.328,-70.291
50052.483,-70.291
50052.536,-70.291
50052.628,-70.291
50052.726,-70.291
50052.830,-70.291
50052.931,-70.291
50053.027,-70.291
50053.124,-70.291
50053.217,-70.291
50053.338,-70.291
50053.417,-70.291
50053.542,-70.291
50053.625,-70.291
50053.725,-70.291
50053.823,-70.291
50053.932,-70.291
50054.034,-70.291
50054.132,-70.291
50054.227,-70.291
50054.319,-70.291
50054.440,-70.291
50054.541,-70.291
50054.642,-70.291
50054.728,-70.291
50054.849,-70.291
50054.943,-70.291
50055.054,-70.291
50055.151,-70.291
50055.248,-70.291
50055.402,-70.291
50055.454,-70.291
50055.547,-70.291
50055.624,-70.291
50055.744,-70.291
50055.826,-70.291
50055.933,-70.291
50056.040,-70.291
50056.113,-70.291
50056.269,-70.291
50056.319,-70.291
50056.427,-70.291
50056.522,-70.291
50056.609,-70.291
50106.729,-70.291
50106.823,-70.291
50106.920,-70.291
50107.039,-70.291
50107.107,-70.291
50107.217,-70.291
50107.311,-70.291
50107.406,-70.291
50107.526,-70.291
50107.620,-70.291
50107.718,-70.291
50107.813,-70.291
50107.909,-70.291
50108.020,-70.291
50108.115,-70.291
50108.211,-70.291
50108.322,-70.291
50108.430,-70.291
50108.527,-70.291
50108.623,-70.291
50108.729,-70.291
50108.823,-70.291
50108.944,-70.291
50109.053,-70.291
50109.140,-70.291
50109.234,-70.291
50109.354,-70.291
50109.439,-70.291
50109.562,-70.291
50109.659,-70.291
50109.754,-70.291
50109.859,-70.291
50109.908,-70.291
50110.008,-70.291
50110.156,-70.291
50110.196,-70.291
50110.306,-70.291
50110.410,-70.291
50110.524,-70.291
50110.598,-70.291
50110.704,-70.291
50110.807,-70.291
50110.916,-70.291
50111.035,-70.291
50111.135,-70.291
50111.213,-70.291
50111.304,-70.291
50111.399,-70.291
50111.495,-70.291
50111.627,-70.291
50111.716,-70.291
50111.810,-70.291
50111.905,-70.291
50111.998,-70.291
50112.107,-70.291
50112.203,-70.291
50112.326,-70.291
50112.430,-70.291
50112.525,-70.291
50112.623,-70.291
50112.729,-70.291
50112.839,-70.291
50112.934,-70.291
50113.031,-70.291
50113.140,-70.291
50113.237,-70.291
50113.329,-70.291
50113.463,-70.291
50113.553,-70.291
50113.651,-70.291
50113.747,-70.291
50113.798,-70.291
50113.888,-70.291
50113.989,-70.291
50114.089,-70.291
50114.198,-70.291
50114.306,-70.291
50114.402,-70.291
50114.499,-70.291
50114.589,-70.291
50114.686,-70.291
50114.790,-70.291
50114.894,-70.291
50115.000,-70.291
50115.095,-70.291
50115.202,-70.291
50115.301,-70.291
50115.387,-70.291
50115.490,-70.291
50115.588,-70.291
50115.688,-70.291
50115.782,-70.291
50115.910,-70.291
50115.987,-70.291
50116.105,-70.291
50116.206,-70.291
50116.326,-70.291
50116.404,-70.291
50116.513,-70.291
50116.606,-70.291
50166.729,-70.291
50166.820,-70.291
50166.937,-70.291
50167.029,-70.291
50167.140,-70.291
50167.229,-70.291
50167.281,-70.291
50167.440,-70.291
50167.550,-70.291
50167.579,-70.291
50167.674,-70.291
50167.773,-70.291
50167.873,-70.291
50167.990,-70.291
50168.085,-70.291
50168.181,-70.291
50168.295,-70.291
50168.391,-70.291
50168.556,-70.291
50168.609,-70.291
50168.714,-70.291
50168.792,-70.291
50168.916,-70.291
50168.983,-70.291
50169.089,-70.291
50169.188,-70.291
50169.286,-70.291
50169.388,-70.291
50169.483,-70.291
50169.580,-70.291
50169.712,-70.291
50169.804,-70.291
50169.883,-70.291
50170.006,-70.291
50170.077,-70.291
50170.211,-70.291
50170.308,-70.291
50170.405,-70.291
50170.515,-70.291
50170.611,-70.291
50170.706,-70.291
50170.814,-70.291
50170.927,-70.291
50170.978,-70.291
50171.082,-70.291
50171.226,-70.291
50171.292,-70.291
50171.368,-70.291
50171.470,-70.291
50171.574,-70.291
50171.675,-70.291
50171.776,-70.291
50171.884,-70.291
50171.979,-70.291
50172.075,-70.291
50172.195,-70.291
50172.283,-70.291
50172.372,-70.291
50172.468,-70.291
50172.565,-70.291
50172.674,-70.291
50172.772,-70.291
50172.868,-70.291
50172.964,-70.291
50173.063,-70.291
50173.183,-70.291
50173.280,-70.291
50173.387,-70.291
50173.474,-70.291
50173.569,-70.291
50173.689,-70.291
50173.799,-70.291
50173.894,-70.291
50173.992,-70.291
50174.089,-70.291
50174.190,-70.291
50174.310,-70.291
50174.410,-70.291
50174.510,-70.291
50174.611,-70.291
50174.707,-70.291
50174.810,-70.291
50174.856,-70.291
50174.952,-70.291
50175.053,-70.291
50175.154,-70.291
50175.321,-70.291
50175.371,-70.291
50175.463,-70.291
50175.561,-70.291
50175.658,-70.291
50175.755,-70.291
50175.856,-70.291
50175.983,-70.291
50176.054,-70.291
50176.163,-70.291
50176.257,-70.291
50176.348,-70.291
50176.469,-70.291
50176.549,-70.291
50226.670,-70.291
50226.768,-70.291
50226.849,-70.291
50226.969,-70.291
50227.061,-70.291
50227.157,-70.291
50227.260,-70.291
50227.346,-70.291
50227.446,-70.291
50227.568,-70.291
50227.649,-70.291
50227.755,-70.291
50227.859,-70.291
50227.981,-70.291
50228.096,-70.291
50228.178,-70.291
50228.299,-70.291
50228.397,-70.291
50228.494,-70.291
50228.601,-70.291
50228.696,-70.291
50228.801,-70.291
50228.852,-70.291
50228.952,-70.291
50229.044,-70.291
50229.142,-70.291
50229.240,-70.291
50229.359,-70.291
50229.454,-70.291
50229.556,-70.291
50229.657,-70.291
50229.753,-70.291
50229.850,-70.291
50229.953,-70.291
50230.047,-70.291
50230.143,-70.291
50230.239,-70.291
50230.337,-70.291
50230.439,-70.291
50230.557,-70.291
50230.653,-70.291
50230.737,-70.291
50230.839,-70.291
50230.961,-70.291
50231.035,-70.291
50231.147,-70.291
50231.270,-70.291
50231.348,-70.291
50231.471,-70.291
50231.539,-70.291
50231.639,-70.291
50231.751,-70.291
50231.854,-70.291
50231.977,-70.291
50232.064,-70.291
50232.207,-70.291
50232.297,-70.291
50232.393,-70.291
50232.488,-70.291
50232.538,-70.291
50232.628,-70.291
50232.796,-70.291
50232.846,-70.291
50232.942,-70.291
50233.042,-70.291
50233.142,-70.291
50233.240,-70.291
50233.332,-70.291
50233.435,-70.291
50233.539,-70.291
50233.636,-70.291
50233.745,-70.291
50233.840,-70.291
50233.937,-70.291
50234.044,-70.291
50234.232,-70.291
50234.235,-70.291
50234.334,-70.291
50234.433,-70.291
50234.547,-70.291
50234.645,-70.291
50234.742,-70.291
50234.848,-70.291
50234.936,-70.291
50235.033,-70.291
50235.150,-70.291
50235.245,-70.291
50235.325,-70.291
50235.428,-70.291
50235.534,-70.291
50235.631,-70.291
50235.746,-70.291
50235.882,-70.291
50235.970,-70.291
50236.018,-70.291
50236.179,-70.291
50236.268,-70.291
50236.322,-70.291
50236.419,-70.291
50236.585,-70.291
50236.616,-70.291
50286.796,-70.291
50286.825,-70.291
50286.921,-70.291
50287.032,-70.291
50287.132,-70.291
50287.230,-70.291
50287.327,-70.291
50287.422,-70.291
50287.521,-70.291
50287.624,-70.291
50287.718,-70.291
50287.832,-70.291
50287.929,-70.291
50288.026,-70.291
50288.129,-70.291
50288.229,-70.291
50288.325,-70.291
50288.418,-70.291
50288.520,-70.291
50288.643,-70.291
50288.742,-70.291
50288.820,-70.291
50288.909,-70.291
50289.053,-70.291
50289.107,-70.291
50289.212,-70.291
50289.356,-70.291
50289.421,-70.291
50289.525,-70.291
50289.633,-70.291
50289.754,-70.291
50289.808,-70.291
50289.967,-70.291
50290.063,-70.291
50290.115,-70.291
50290.208,-70.291
50290.315,-70.291
50290.412,-70.291
50290.510,-70.291
50290.609,-70.291
50290.720,-70.291
50290.818,-70.291
50290.917,-70.291
50291.025,-70.291
50291.105,-70.291
50291.215,-70.291
50291.311,-70.291
50291.421,-70.291
50291.518,-70.291
50291.613,-70.291
50291.711,-70.291
50291.805,-70.291
50291.910,-70.291
50292.031,-70.291
50292.129,-70.291
50292.208,-70.291
50292.327,-70.291
50292.426,-70.291
50292.513,-70.291
50292.635,-70.291
50292.732,-70.291
50292.826,-70.291
50292.934,-70.291
50293.026,-70.291
50293.148,-70.291
50293.231,-70.291
50293.332,-70.291
50293.453,-70.291
50293.552,-70.291
50293.641,-70.291
50293.761,-70.291
50293.856,-70.291
50293.965,-70.291
50294.006,-70.291
50294.097,-70.291
50294.195,-70.291
50294.292,-70.291
50294.402,-70.291
50294.499,-70.291
50294.595,-70.291
50294.704,-70.291
50294.791,-70.291
50294.900,-70.291
50294.996,-70.291
50295.092,-70.291
50295.236,-70.291
50295.304,-70.291
50295.406,-70.291
50295.505,-70.291
50295.603,-70.291
50295.698,-70.291
50295.804,-70.291
50295.903,-70.291
50296.002,-70.291
50296.099,-70.291
50296.215,-70.291
50296.307,-70.291
50296.407,-70.291
50296.488,-70.291
50296.590,-70.291
50586.699,-70.291
50586.820,-70.291
50586.904,-70.291
50587.010,-70.291
50587.136,-70.291
50587.232,-70.291
50587.345,-70.291
50587.439,-70.291
50587.537,-70.291
50587.589,-70.291
50587.693,-70.291
50587.852,-70.291
50587.882,-70.291
50588.053,-70.291
50588.081,-70.291
50588.201,-70.291
50588.296,-70.291
50588.400,-70.291
50588.479,-70.291
50588.598,-70.291
50588.696,-70.291
50588.785,-70.291
50588.882,-70.291
50589.000,-70.291
50589.111,-70.291
50589.179,-70.291
50589.300,-70.291
50589.395,-70.291
50589.486,-70.291
50589.594,-70.291
50589.691,-70.291
50589.811,-70.291
50589.895,-70.291
50589.989,-70.291
50590.108,-70.291
50590.213,-70.291
50590.303,-70.291
50590.422,-70.291
50590.501,-70.291
50590.625,-70.291
50590.682,-70.291
50590.780,-70.291
50590.881,-70.291
50590.995,-70.291
50591.071,-70.291
50591.186,-70.291
50591.316,-70.291
50591.402,-70.291
50591.478,-70.291
50591.609,-70.291
50591.685,-70.291
50591.786,-70.291
50591.891,-70.291
50591.970,-70.291
50592.073,-70.291
50592.170,-70.291
50592.349,-70.291
50592.377,-70.291
50592.487,-70.291
50592.588,-70.291
50592.686,-70.291
50592.787,-70.291
50592.884,-70.291
50592.980,-70.291
50593.079,-70.291
50593.189,-70.291
50593.283,-70.291
50593.383,-70.291
50593.480,-70.291
50593.590,-70.291
50593.690,-70.291
50593.786,-70.291
50593.890,-70.291
50594.004,-70.291
50594.100,-70.291
50594.196,-70.291
50594.301,-70.291
50594.396,-70.291
50594.516,-70.291
50594.624,-70.291
50594.716,-70.291
50594.814,-70.291
50594.910,-70.291
50594.961,-70.291
50595.122,-70.291
50595.219,-70.291
50595.270,-70.291
50595.359,-70.291
50595.478,-70.291
50595.568,-70.291
50595.665,-70.291
50595.774,-70.291
50595.946,-70.291
50595.974,-70.291
50596.138,-70.291
50596.165,-70.291
50596.259,-70.291
50596.379,-70.291
50596.461,-70.291
50596.574,-70.291
50646.676,-70.291
50646.776,-70.291
50646.873,-70.291
50646.976,-70.291
50647.055,-70.291
50647.167,-70.291
50647.269,-70.291
50647.373,-70.291
50647.470,-70.291
50647.575,-70.291
50647.675,-70.291
50647.766,-70.291
50647.865,-70.291
50647.970,-70.291
50648.072,-70.291
50648.172,-70.291
50648.274,-70.291
50648.375,-70.291
50648.495,-70.291
50648.583,-70.291
50648.685,-70.291
50648.755,-70.291
50648.854,-70.291
50648.949,-70.291
50649.057,-70.291
50649.154,-70.291
50649.250,-70.291
50649.349,-70.291
50649.447,-70.291
50649.568,-70.291
50649.732,-70.291
50649.770,-70.291
50649.846,-70.291
50649.966,-70.291
50650.063,-70.291
50650.159,-70.291
50650.261,-70.291
50650.361,-70.291
50650.456,-70.291
50650.549,-70.291
50650.645,-70.291
50650.763,-70.291
50650.873,-70.291
50650.966,-70.291
50651.065,-70.291
50651.160,-70.291
50651.253,-70.291
50651.374,-70.291
50651.471,-70.291
50651.566,-70.291
50651.675,-70.291
50651.765,-70.291
50651.887,-70.291
50651.978,-70.291
50652.087,-70.291
50652.183,-70.291
50652.280,-70.291
50652.386,-70.291
50652.506,-70.291
50652.601,-70.291
50652.658,-70.291
50652.802,-70.291
50652.868,-70.291
50652.942,-70.291
50653.097,-70.291
50653.147,-70.291
50653.247,-70.291
50653.354,-70.291
50653.444,-70.291
50653.538,-70.291
50653.643,-70.291
50653.739,-70.291
50653.838,-70.291
50653.935,-70.291
50654.124,-70.291
50654.153,-70.291
50654.248,-70.291
50654.332,-70.291
50654.452,-70.291
50654.550,-70.291
50654.633,-70.291
50654.754,-70.291
50654.848,-70.291
50654.958,-70.291
50655.058,-70.291
50655.154,-70.291
50655.283,-70.291
50655.359,-70.291
50655.460,-70.291
50655.554,-70.291
50655.647,-70.291
50655.757,-70.291
50655.879,-70.291
50655.973,-70.291
50656.085,-70.291
50656.182,-70.291
50656.280,-70.291
50656.334,-70.291
50656.432,-70.291
50656.591,-70.291
50706.646,-70.291
50706.797,-70.291
50706.859,-70.291
50706.934,-70.291
50707.037,-70.291
50707.143,-70.291
50707.225,-70.291
50707.324,-70.291
50707.424,-70.291
50707.523,-70.291
50707.633,-70.291
50707.739,-70.291
50707.855,-70.291
50707.926,-70.291
50708.023,-70.291
50708.123,-70.291
50708.222,-70.291
50708.334,-70.291
50708.430,-70.291
50708.524,-70.291
50708.633,-70.291
50708.729,-70.291
50708.851,-70.291
50708.958,-70.291
50709.036,-70.291
50709.155,-70.291
50709.253,-70.291
50709.343,-70.291
50709.464,-70.291
50709.562,-70.291
50709.655,-70.291
50709.761,-70.291
50709.858,-70.291
50709.978,-70.291
50710.060,-70.291
50710.169,-70.291
50710.222,-70.291
50710.315,-70.291
50710.426,-70.291
50710.523,-70.291
50710.620,-70.291
50710.715,-70.291
50710.817,-70.291
50710.917,-70.291
50711.015,-70.291
50711.132,-70.291
50711.229,-70.291
50711.325,-70.291
50711.423,-70.291
50711.530,-70.291
50711.618,-70.291
50711.713,-70.291
50711.833,-70.291
50711.920,-70.291
50712.029,-70.291
50712.110,-70.291
50712.264,-70.291
50712.321,-70.291
50712.420,-70.291
50712.526,-70.291
50712.631,-70.291
50712.742,-70.291
50712.838,-70.291
50712.935,-70.291
50713.044,-70.291
50713.132,-70.291
50713.210,-70.291
50713.312,-70.291
50713.414,-70.291
50713.521,-70.291
50713.624,-70.291
50713.745,-70.291
50713.835,-70.291
50713.934,-70.291
50714.009,-70.291
50714.145,-70.291
50714.267,-70.291
50714.318,-70.291
50714.418,-70.291
50714.519,-70.291
50714.624,-70.291
50714.703,-70.291
50714.804,-70.291
50714.905,-70.291
50715.014,-70.291
50715.110,-70.291
50715.205,-70.291
50715.312,-70.291
50715.411,-70.291
50715.508,-70.291
50715.613,-70.291
50715.709,-70.291
50715.809,-70.291
50715.909,-70.291
50716.009,-70.291
50716.101,-70.291
50716.226,-70.291
50716.307,-70.291
50716.421,-70.291
50716.516,-70.291
50716.614,-70.291
50766.718,-70.291
50766.839,-70.291
50766.939,-70.291
50767.042,-70.291
50767.131,-70.291
50767.228,-70.291
50767.349,-70.291
50767.453,-70.291
50767.549,-70.291
50767.647,-70.291
50767.696,-70.291
50767.825,-70.291
50767.899,-70.291
50767.998,-70.291
50768.104,-70.291
50768.223,-70.291
50768.299,-70.291
50768.406,-70.291
50768.512,-70.291
50768.606,-70.291
50768.709,-70.291
50768.811,-70.291
50768.903,-70.291
50769.001,-70.291
50769.099,-70.291
50769.199,-70.291
50769.290,-70.291
50769.405,-70.291
50769.505,-70.291
50769.614,-70.291
50769.694,-70.291
50769.791,-70.291
50769.896,-70.291
50770.002,-70.291
50770.105,-70.291
50770.202,-70.291
50770.310,-70.291
50770.396,-70.291
50770.514,-70.291
50770.611,-70.291
50770.717,-70.291
50770.829,-70.291
50770.923,-70.291
50771.021,-70.291
50771.128,-70.291
50771.222,-70.291
50771.345,-70.291
50771.452,-70.291
50771.544,-70.291
50771.641,-70.291
50771.738,-70.291
50771.790,-70.291
50771.884,-70.291
50771.988,-70.291
50772.085,-70.291
50772.187,-70.291
50772.365,-70.291
50772.390,-70.291
50772.485,-70.291
50772.580,-70.291
50772.699,-70.291
50772.796,-70.291
50772.892,-70.291
50772.987,-70.291
50773.083,-70.291
50773.181,-70.291
50773.288,-70.291
50773.395,-70.291
50773.483,-70.291
50773.577,-70.291
50773.701,-70.291
50773.786,-70.291
50773.890,-70.291
50773.997,-70.291
50774.093,-70.291
50774.181,-70.291
50774.302,-70.291
50774.395,-70.291
50774.501,-70.291
50774.624,-70.291
50774.719,-70.291
50774.804,-70.291
50774.924,-70.291
50775.023,-70.291
50775.127,-70.291
50775.215,-70.291
50775.335,-70.291
50775.433,-70.291
50775.539,-70.291
50775.634,-70.291
50775.731,-70.291
50775.783,-70.291
50775.886,-70.291
50775.981,-70.291
50776.152,-70.291
50776.180,-70.291
50776.275,-70.291
50776.372,-70.291
50776.467,-70.291
50776.597,-70.291
50826.676,-70.291
50826.771,-70.291
50826.869,-70.291
50826.989,-70.291
50827.066,-70.291
50827.184,-70.291
50827.282,-70.291
50827.376,-70.291
50827.471,-70.291
50827.590,-70.291
50827.700,-70.291
50827.788,-70.291
50827.883,-70.291
50827.988,-70.291
50828.111,-70.291
50828.163,-70.291
50828.309,-70.291
50828.364,-70.291
50828.469,-70.291
50828.569,-70.291
50828.673,-70.291
50828.804,-70.291
50828.886,-70.291
50828.963,-70.291
50829.087,-70.291
50829.168,-70.291
50829.298,-70.291
50829.420,-70.291
50829.470,-70.291
50829.560,-70.291
50829.677,-70.291
50829.760,-70.291
50829.880,-70.291
50829.975,-70.291
50830.072,-70.291
50830.176,-70.291
50830.271,-70.291
50830.359,-70.291
50830.478,-70.291
50830.578,-70.291
50830.674,-70.291
50830.768,-70.291
50830.865,-70.291
50830.963,-70.291
50831.077,-70.291
50831.163,-70.291
50831.257,-70.291
50831.374,-70.291
50831.461,-70.291
50831.583,-70.291
50831.678,-70.291
50831.789,-70.291
50831.888,-70.291
50831.984,-70.291
50832.080,-70.291
50832.178,-70.291
50832.301,-70.291
50832.397,-70.291
50832.477,-70.291
50832.589,-70.291
50832.711,-70.291
50832.810,-70.291
50832.915,-70.291
50833.014,-70.291
50833.111,-70.291
50833.211,-70.291
50833.253,-70.291
50833.349,-70.291
50833.447,-70.291
50833.624,-70.291
50833.648,-70.291
50833.769,-70.291
50833.865,-70.291
50833.947,-70.291
50834.065,-70.291
50834.164,-70.291
50834.266,-70.291
50834.353,-70.291
50834.454,-70.291
50834.557,-70.291
50834.682,-70.291
50834.747,-70.291
50834.852,-70.291
50834.949,-70.291
50835.054,-70.291
50835.162,-70.291
50835.261,-70.291
50835.379,-70.291
50835.461,-70.291
50835.581,-70.291
50835.677,-70.291
50835.785,-70.291
50835.875,-70.291
50835.994,-70.291
50836.089,-70.291
50836.173,-70.291
50836.292,-70.291
50836.388,-70.291
50836.478,-70.291
50836.588,-70.291
50886.639,-70.291
50886.801,-70.291
50886.894,-70.291
50886.998,-70.291
50887.048,-70.291
50887.141,-70.291
50887.255,-70.291
50887.349,-70.291
50887.447,-70.291
50887.549,-70.291
50887.646,-70.291
50887.744,-70.291
50887.842,-70.291
50887.939,-70.291
50888.057,-70.291
50888.155,-70.291
50888.252,-70.291
50888.357,-70.291
50888.445,-70.291
50888.777,-70.291
50888.847,-70.291
50888.940,-70.291
50889.045,-70.291
50889.160,-70.291
50889.234,-70.291
50889.350,-70.291
50889.460,-70.291
50889.557,-70.291
50889.656,-70.291
50889.756,-70.291
50889.870,-70.291
50889.970,-70.291
50890.056,-70.291
50890.170,-70.291
50890.242,-70.291
50890.342,-70.291
50890.442,-70.291
50890.574,-70.291
50890.632,-70.291
50890.728,-70.291
50890.830,-70.291
50890.930,-70.291
50891.048,-70.291
50891.132,-70.291
50891.228,-70.291
50891.344,-70.291
50891.445,-70.291
50891.544,-70.291
50891.674,-70.291
50891.732,-70.291
50891.833,-70.291
50891.935,-70.291
50892.032,-70.291
50892.126,-70.291
50892.238,-70.291
50892.339,-70.291
50892.424,-70.291
50892.543,-70.291
50892.638,-70.291
50892.738,-70.291
50892.840,-70.291
50892.941,-70.291
50893.040,-70.291
50893.141,-70.291
50893.228,-70.291
50893.327,-70.291
50893.450,-70.291
50893.526,-70.291
50893.638,-70.291
50893.739,-70.291
50893.838,-70.291
50893.962,-70.291
50894.083,-70.291
50894.132,-70.291
50894.280,-70.291
50894.378,-70.291
50894.475,-70.291
50894.572,-70.291
50894.629,-70.291
50894.723,-70.291
50894.821,-70.291
50894.917,-70.291
50895.019,-70.291
50895.117,-70.291
50895.222,-70.291
50895.340,-70.291
50895.417,-70.291
50895.514,-70.291
50895.634,-70.291
50895.731,-70.291
50895.822,-70.291
50895.923,-70.291
50896.021,-70.291
50896.119,-70.291
50896.231,-70.291
50896.331,-70.291
50896.443,-70.291
50896.513,-70.291
50896.618,-70.291
48786.728,-70.291
48786.823,-70.291
48786.913,-70.291
48787.034,-70.291
48787.118,-70.291
48787.246,-70.291
48787.340,-70.291
48787.431,-70.291
48787.553,-70.291
48787.657,-70.291
48787.758,-70.291
48787.858,-70.291
48787.962,-70.291
48788.066,-70.291
48788.167,-70.291
48788.281,-70.291
48788.373,-70.291
48788.474,-70.291
48788.502,-70.291
48788.692,-70.291
48788.720,-70.291
48788.816,-70.291
48788.919,-70.291
48789.015,-70.291
48789.115,-70.291
48789.215,-70.291
48789.302,-70.291
48789.406,-70.291
48789.502,-70.291
48789.609,-70.291
48789.707,-70.291
48789.817,-70.291
48789.915,-70.291
48790.010,-70.291
48790.118,-70.291
48790.216,-70.291
48790.318,-70.291
48790.419,-70.291
48790.531,-70.291
48790.635,-70.291
48790.732,-70.291
48790.852,-70.291
48790.942,-70.291
48791.036,-70.291
48791.094,-70.291
48791.240,-70.291
48791.352,-70.291
48791.407,-70.291
48791.515,-70.291
48791.657,-70.291
48791.720,-70.291
48791.844,-70.291
48791.896,-70.291
48792.050,-70.291
48792.171,-70.291
48792.198,-70.291
48792.367,-70.291
48792.393,-70.291
48792.506,-70.291
48792.614,-70.291
48792.690,-70.291
48792.802,-70.291
48792.902,-70.291
48793.008,-70.291
48793.101,-70.291
48793.197,-70.291
48793.293,-70.291
48793.391,-70.291
48793.494,-70.291
48793.588,-70.291
48793.698,-70.291
48793.800,-70.291
48793.905,-70.291
48794.005,-70.291
48794.107,-70.291
48794.210,-70.291
48794.311,-70.291
48794.413,-70.291
48794.527,-70.291
48794.620,-70.291
48794.724,-70.291
48794.823,-70.291
48794.939,-70.291
48795.036,-70.291
48795.133,-70.291
48795.233,-70.291
48795.335,-70.291
48795.438,-70.291
48795.539,-70.291
48795.643,-70.291
48795.746,-70.291
48795.847,-70.291
48795.951,-70.291
48796.052,-70.291
48796.080,-70.291
48796.260,-70.291
48796.288,-70.291
48796.389,-70.291
48796.516,-70.291
48796.589,-70.291
48846.695,-70.291
48846.800,-70.291
48846.896,-70.291
48846.980,-70.291
48847.099,-70.291
48847.190,-70.291
48847.285,-70.291
48847.383,-70.291
48847.487,-70.291
48847.589,-70.291
48847.685,-70.291
48847.784,-70.291
48847.904,-70.291
48848.002,-70.291
48848.107,-70.291
48848.211,-70.291
48848.313,-70.291
48848.411,-70.291
48848.520,-70.291
48848.621,-70.291
48848.724,-70.291
48848.826,-70.291
48848.937,-70.291
48849.031,-70.291
48849.129,-70.291
48849.228,-70.291
48849.348,-70.291
48849.432,-70.291
48849.534,-70.291
48849.637,-70.291
48849.673,-70.291
48849.771,-70.291
48849.875,-70.291
48849.974,-70.291
48850.071,-70.291
48850.176,-70.291
48850.275,-70.291
48850.377,-70.291
48850.478,-70.291
48850.581,-70.291
48850.684,-70.291
48850.776,-70.291
48850.866,-70.291
48850.967,-70.291
48851.071,-70.291
48851.186,-70.291
48851.283,-70.291
48851.379,-70.291
48851.479,-70.291
48851.584,-70.291
48851.684,-70.291
48851.780,-70.291
48851.876,-70.291
48851.991,-70.291
48852.094,-70.291
48852.190,-70.291
48852.299,-70.291
48852.395,-70.291
48852.510,-70.291
48852.612,-70.291
48852.703,-70.291
48852.810,-70.291
48852.915,-70.291
48853.025,-70.291
48853.122,-70.291
48853.219,-70.291
48853.316,-70.291
48853.424,-70.291
48853.552,-70.291
48853.632,-70.291
48853.660,-70.291
48853.836,-70.291
48853.864,-70.291
48853.963,-70.291
48854.083,-70.291
48854.170,-70.291
48854.269,-70.291
48854.371,-70.291
48854.475,-70.291
48854.576,-70.291
48854.655,-70.291
48854.756,-70.291
48854.862,-70.291
48854.969,-70.291
48855.071,-70.291
48855.186,-70.291
48855.274,-70.291
48855.379,-70.291
48855.484,-70.291
48855.552,-70.291
48855.689,-70.291
48855.780,-70.291
48855.872,-70.291
48855.974,-70.291
48856.059,-70.291
48856.181,-70.291
48856.286,-70.291
48856.373,-70.291
48856.497,-70.291
48856.593,-70.291
48906.701,-70.291
48906.804,-70.291
48906.909,-70.291
48907.024,-70.291
48907.112,-70.291
48907.213,-70.291
48907.316,-70.291
48907.433,-70.291
48907.460,-70.291
48907.555,-70.291
48907.652,-70.291
48907.757,-70.291
48907.856,-70.291
48907.956,-70.291
48908.065,-70.291
48908.148,-70.291
48908.246,-70.291
48908.363,-70.291
48908.464,-70.291
48908.545,-70.291
