Time Lapsed,Magnetic field X
0.000,-36.047
0.003,-36.1
0.005,-36.093
0.006,-36.04
0.006,-36.16
0.008,-36.16
0.008,-36.107
0.010,-36.147
0.092,-36.107
0.179,-36.093
0.278,-36.013
0.378,-36.167
0.486,-36.013
0.584,-36.107
0.689,-36.08
0.788,-36.087
0.898,-36.207
0.996,-36.2
1.096,-36.14
1.199,-36.1
1.271,-36.08
1.391,-36.047
1.474,-36.113
1.574,-36.16
1.648,-36.16
1.810,-36.107
1.932,-36.127
1.959,-36.147
2.109,-36.027
2.219,-36.067
2.253,-36.1
2.356,-36.12
2.452,-36.12
2.552,-36.027
2.660,-36.033
2.758,-36.207
2.859,-36.093
2.962,-36.113
3.065,-36.193
3.143,-36.147
3.244,-36.087
3.359,-36.107
3.451,-36.08
3.552,-36.12
3.655,-35.987
3.770,-36.14
3.864,-36.06
3.961,-36.147
4.059,-36.133
4.167,-36.167
4.271,-36.153
4.371,-36.007
4.459,-36.127
4.577,-36.12
4.680,-36.073
4.780,-36.08
4.891,-36.087
4.988,-36.067
5.087,-36.08
5.195,-36.153
5.293,-36.0
5.395,-35.927
5.493,-36.013
5.606,-36.06
5.702,-36.053
5.805,-36.113
5.930,-36.087
5.947,-36.1
6.043,-36.12
6.143,-36.167
6.243,-36.14
6.341,-36.127
6.442,-36.06
6.545,-36.173
6.636,-36.14
56.734,-36.1
56.861,-36.18
56.947,-36.173
57.057,-36.133
57.153,-36.073
57.238,-36.133
57.336,-36.173
57.449,-36.073
57.545,-36.007
57.643,-36.1
57.741,-36.1
57.861,-36.227
57.957,-36.047
58.057,-36.027
58.180,-36.007
58.273,-36.127
58.396,-36.267
58.471,-36.04
58.570,-36.107
58.673,-36.14
58.768,-36.16
58.869,-36.18
59.008,-35.94
59.082,-36.08
59.185,-36.0
59.287,-36.14
59.393,-36.087
59.494,-36.02
59.606,-36.173
59.699,-36.107
59.728,-36.14
59.900,-36.16
59.929,-35.987
60.040,-36.093
60.141,-36.013
60.238,-36.22
60.339,-36.1
60.447,-35.947
60.547,-36.047
60.623,-36.113
60.729,-36.087
60.837,-36.06
60.925,-36.127
61.027,-36.04
61.131,-36.12
61.233,-36.267
61.327,-36.173
61.442,-36.24
61.552,-36.08
61.648,-36.16
61.744,-36.107
61.854,-36.047
61.951,-36.127
62.052,-36.013
62.177,-36.127
62.270,-35.993
62.364,-36.053
62.461,-36.087
62.589,-36.087
62.667,-36.2
62.771,-36.04
62.912,-36.053
62.984,-36.047
63.079,-35.987
63.187,-36.047
63.290,-36.16
63.320,-36.12
63.415,-36.053
63.594,-36.06
63.623,-36.127
63.724,-36.227
63.824,-36.187
63.925,-36.133
64.015,-36.073
64.128,-36.113
64.226,-36.113
64.327,-36.053
64.425,-36.14
64.533,-36.133
64.633,-36.053
64.751,-36.08
64.831,-36.147
64.935,-36.073
65.055,-36.133
65.130,-36.127
65.231,-36.167
65.332,-36.007
65.432,-36.06
65.530,-36.133
65.635,-35.973
65.739,-36.113
65.854,-36.1
65.942,-36.213
66.043,-36.1
66.146,-36.04
66.263,-36.053
66.364,-36.093
66.459,-36.08
66.557,-36.06
66.658,-36.147
116.761,-36.18
116.864,-36.027
116.966,-36.153
117.070,-36.08
117.192,-36.087
117.229,-36.073
117.376,-35.987
117.407,-36.02
117.505,-36.22
117.619,-36.12
117.712,-36.073
117.810,-36.0
117.912,-36.14
118.008,-36.187
118.125,-36.147
118.219,-36.253
118.322,-36.12
118.427,-36.24
118.506,-36.167
118.609,-36.187
118.707,-36.033
118.815,-36.1
118.913,-36.073
119.015,-36.18
119.109,-36.133
119.229,-36.113
119.326,-36.04
119.423,-36.087
119.528,-36.14
119.636,-36.133
119.739,-36.173
119.842,-36.027
119.939,-36.093
120.045,-36.187
120.150,-36.1
120.263,-36.187
120.353,-35.973
120.457,-36.12
120.559,-36.167
120.675,-36.013
120.756,-36.133
120.856,-36.08
120.962,-36.06
120.998,-36.067
121.165,-36.033
121.195,-36.073
121.295,-36.08
121.398,-36.187
121.496,-36.047
121.599,-36.107
121.699,-36.06
121.804,-36.14
121.905,-36.007
122.008,-36.173
122.101,-36.287
122.212,-36.2
122.293,-36.173
122.396,-36.073
122.511,-36.073
122.597,-36.06
122.721,-36.033
122.834,-36.087
122.908,-36.007
123.011,-36.1
123.111,-36.147
123.212,-36.1
123.315,-36.06
123.420,-36.007
123.521,-36.04
123.614,-36.067
123.726,-36.113
123.827,-36.093
123.939,-36.167
124.032,-35.987
124.136,-36.167
124.238,-36.087
124.349,-36.08
124.445,-36.013
124.543,-35.933
124.648,-36.02
124.746,-36.16
124.851,-36.16
124.883,-36.16
125.038,-36.047
125.160,-36.18
125.187,-36.02
125.285,-36.06
125.408,-36.167
125.494,-36.147
125.591,-36.007
125.689,-36.067
125.798,-36.14
125.881,-36.153
125.984,-36.04
126.109,-36.053
126.187,-36.167
126.298,-36.013
126.402,-36.06
126.510,-36.067
126.601,-36.153
126.702,-36.18
176.800,-36.04
176.908,-36.133
177.011,-36.153
177.109,-36.04
177.214,-36.12
177.317,-36.107
177.420,-36.0
177.521,-36.04
177.621,-36.127
177.726,-36.147
177.824,-36.08
177.930,-36.047
178.027,-36.02
178.128,-35.913
178.229,-36.033
178.346,-36.173
178.435,-36.127
178.538,-36.033
178.641,-36.153
178.758,-36.12
178.788,-36.08
178.875,-36.073
179.084,-36.127
179.160,-35.98
179.187,-36.24
179.285,-36.08
179.381,-36.073
179.472,-36.08
179.592,-36.0
179.690,-36.073
179.790,-36.04
179.891,-36.013
179.972,-36.08
180.077,-36.107
180.185,-36.173
180.278,-36.08
180.385,-36.107
180.511,-35.933
180.597,-36.16
180.687,-36.147
180.792,-36.173
180.891,-36.14
180.996,-36.047
181.121,-35.987
181.201,-36.147
181.302,-36.073
181.398,-36.073
181.508,-36.107
181.611,-35.96
181.724,-36.093
181.798,-36.0
181.918,-36.067
182.025,-36.087
182.123,-36.047
182.244,-36.127
182.315,-36.207
182.434,-36.127
182.462,-36.227
182.635,-36.02
182.662,-36.06
182.782,-35.987
182.866,-36.113
182.964,-36.06
183.062,-36.013
183.158,-36.093
183.261,-36.167
183.373,-36.053
183.464,-36.073
183.562,-36.0
183.660,-36.127
183.768,-36.12
183.861,-36.147
183.994,-36.04
184.076,-35.92
184.179,-36.02
184.280,-36.093
184.403,-36.093
184.484,-36.0
184.597,-36.053
184.685,-35.893
184.788,-35.967
184.888,-36.107
185.006,-36.093
185.099,-36.047
185.199,-36.127
185.258,-36.033
185.402,-36.107
185.464,-36.127
185.564,-36.133
185.668,-36.16
185.809,-36.173
185.915,-36.047
185.952,-36.093
186.116,-36.013
186.153,-36.133
186.253,-36.027
186.351,-36.087
186.459,-36.187
186.555,-36.08
186.655,-36.04
476.755,-36.2
476.869,-36.08
476.966,-36.0
477.062,-36.06
477.168,-36.113
477.248,-36.02
477.371,-36.1
477.447,-36.14
477.552,-36.127
477.653,-36.047
477.756,-36.173
477.856,-36.113
477.967,-36.027
478.060,-36.153
478.182,-36.08
478.271,-36.06
478.385,-36.04
478.469,-36.007
478.572,-36.04
478.680,-36.073
478.802,-36.187
478.878,-36.12
479.006,-35.98
479.094,-36.027
479.190,-35.98
479.250,-36.127
479.393,-36.08
479.496,-36.127
479.559,-36.027
479.668,-36.08
479.775,-36.087
479.842,-36.173
479.942,-36.1
480.043,-36.113
480.211,-36.153
480.320,-36.16
480.347,-36.147
480.445,-36.06
480.548,-36.12
480.653,-36.047
480.750,-35.98
480.842,-36.073
480.961,-36.2
481.037,-36.053
481.143,-35.907
481.253,-36.133
481.344,-36.087
481.445,-36.093
481.543,-36.087
481.646,-36.12
481.748,-36.147
481.851,-36.12
481.944,-36.18
482.055,-36.0
482.158,-36.08
482.258,-36.107
482.361,-36.047
482.464,-36.087
482.572,-36.08
482.680,-36.173
482.773,-36.027
482.873,-36.04
482.976,-36.12
483.092,-35.987
483.187,-36.073
483.287,-36.14
483.388,-36.187
483.493,-36.087
483.542,-36.093
483.714,-36.187
483.798,-36.06
483.854,-36.12
483.961,-36.073
484.038,-35.987
484.204,-36.013
484.233,-36.04
484.339,-36.053
484.434,-36.047
484.542,-36.26
484.643,-36.007
484.744,-36.093
484.844,-36.027
484.929,-35.913
485.028,-36.013
485.125,-36.113
485.253,-36.2
485.332,-36.06
485.432,-36.14
485.537,-36.04
485.638,-36.067
485.743,-36.12
485.842,-36.093
485.945,-36.087
486.055,-36.253
486.153,-36.073
486.256,-36.127
486.354,-36.073
486.466,-36.107
486.565,-36.207
486.663,-36.12
536.766,-36.047
536.866,-35.96
536.969,-36.073
537.094,-36.113
537.180,-36.127
537.283,-36.147
537.388,-36.027
537.501,-36.02
537.584,-36.007
537.719,-36.087
537.722,-36.08
537.824,-36.107
537.918,-36.127
538.018,-36.047
538.128,-36.08
538.229,-36.147
538.336,-36.133
538.432,-36.067
538.611,-36.06
538.638,-35.98
538.736,-36.087
538.815,-36.12
538.927,-36.113
539.018,-36.1
539.121,-36.1
539.222,-36.053
539.339,-36.073
539.435,-36.14
539.533,-36.007
539.633,-36.107
539.736,-36.067
539.822,-35.973
539.939,-36.033
540.030,-36.04
540.114,-36.147
540.238,-36.1
540.327,-36.0
540.449,-36.147
540.555,-36.273
540.658,-36.167
540.768,-35.973
540.864,-36.007
540.964,-36.087
541.096,-36.027
541.177,-36.0
541.209,-36.12
541.307,-36.02
541.474,-35.94
541.577,-36.18
541.709,-36.133
541.712,-36.08
541.809,-36.08
541.910,-36.053
542.015,-36.067
542.118,-36.173
542.236,-35.987
542.326,-36.113
542.405,-36.093
542.525,-36.16
542.625,-36.04
542.728,-35.993
542.805,-36.087
542.908,-36.113
543.016,-36.14
543.116,-36.047
543.219,-36.093
543.337,-36.033
543.425,-36.02
543.525,-36.02
543.625,-35.927
543.750,-36.007
543.817,-36.0
543.900,-36.0
544.003,-36.06
544.109,-36.1
544.212,-36.027
544.347,-36.047
544.454,-36.027
544.579,-36.133
544.653,-36.08
544.761,-35.973
544.863,-35.913
544.967,-35.933
545.062,-36.08
545.175,-36.053
545.268,-36.013
545.297,-36.1
545.396,-36.053
545.498,-36.16
545.609,-36.107
545.707,-35.987
545.802,-36.073
545.910,-36.087
546.011,-36.087
546.106,-36.127
546.212,-36.12
546.310,-36.073
546.415,-36.047
546.523,-36.073
546.594,-36.053
596.717,-36.033
596.812,-35.967
596.908,-36.127
597.013,-35.94
597.106,-36.047
597.209,-36.0
597.315,-36.067
597.425,-36.04
597.523,-36.127
597.621,-36.12
597.748,-36.033
597.827,-36.093
597.932,-36.0
598.054,-36.133
598.130,-36.207
598.233,-36.12
598.337,-36.22
598.440,-35.953
598.506,-36.153
598.643,-36.047
598.753,-36.127
598.853,-36.08
598.949,-35.933
599.084,-36.053
599.087,-36.14
599.263,-36.02
599.292,-36.087
599.388,-36.087
599.484,-35.993
599.584,-36.033
599.690,-36.113
599.795,-36.107
599.891,-35.933
600.000,-35.913
600.099,-36.18
600.195,-36.013
600.320,-36.12
600.391,-36.133
600.489,-36.067
600.592,-36.093
600.721,-36.093
600.793,-36.093
600.898,-36.08
601.003,-35.9
601.103,-36.127
601.211,-36.06
601.315,-36.093
601.423,-36.1
601.513,-36.167
601.646,-35.96
601.726,-35.927
601.834,-36.047
601.929,-36.133
602.033,-36.027
602.128,-36.093
602.231,-36.0
602.334,-36.013
602.435,-36.1
602.533,-36.073
602.636,-36.067
602.741,-36.073
602.842,-36.027
602.945,-36.1
603.047,-36.087
603.076,-36.08
603.260,-36.067
603.278,-36.073
603.378,-36.027
603.479,-36.193
603.582,-36.013
603.695,-36.007
603.793,-36.127
603.895,-36.28
603.996,-36.12
604.077,-36.16
604.173,-36.073
604.277,-36.073
604.380,-36.12
604.472,-36.073
604.574,-36.207
604.675,-36.087
604.775,-36.18
604.893,-36.08
604.991,-36.073
605.099,-36.053
605.199,-36.12
605.305,-36.027
605.408,-36.107
605.510,-36.133
605.609,-36.213
605.709,-35.973
605.832,-36.107
605.925,-36.167
606.021,-36.167
606.119,-36.173
606.219,-36.053
606.331,-36.007
606.432,-36.04
606.533,-36.12
606.569,-36.173
656.734,-36.093
656.766,-36.053
656.945,-36.113
656.976,-36.24
657.064,-36.107
657.170,-36.16
657.271,-36.127
657.371,-36.047
657.472,-36.127
657.577,-36.113
657.670,-36.187
657.780,-36.087
657.863,-36.173
657.991,-36.1
658.084,-36.12
658.175,-36.213
658.273,-36.14
658.381,-36.18
658.481,-36.187
658.579,-36.073
658.680,-36.013
658.812,-36.153
658.893,-35.96
658.989,-36.087
659.089,-36.1
659.192,-35.94
659.293,-36.02
659.396,-35.853
659.532,-35.94
659.606,-36.04
659.702,-36.107
659.804,-36.14
659.918,-35.98
660.016,-35.98
660.118,-36.087
660.214,-36.12
660.317,-36.073
660.420,-36.127
660.521,-36.047
660.609,-36.02
660.653,-35.933
660.832,-36.027
660.861,-36.113
661.035,-36.133
661.062,-36.14
661.162,-36.193
661.266,-36.0
661.373,-36.167
661.472,-36.0
661.574,-36.08
661.648,-36.053
661.780,-36.073
661.854,-36.147
661.957,-36.067
662.081,-36.08
662.172,-36.24
662.268,-36.053
662.373,-36.027
662.493,-36.08
662.574,-36.173
662.670,-36.233
662.775,-36.2
662.883,-36.093
662.979,-36.0
663.082,-36.12
663.185,-36.107
663.293,-36.187
663.356,-36.147
663.459,-36.1
663.567,-36.033
663.695,-36.087
663.800,-36.167
663.918,-36.04
664.006,-35.987
664.109,-36.1
664.212,-36.04
664.329,-36.027
664.418,-36.02
664.445,-36.04
664.543,-36.013
664.653,-36.093
664.753,-36.127
664.854,-36.127
664.957,-36.087
665.059,-36.08
665.157,-36.02
665.265,-36.16
665.344,-36.16
665.442,-36.187
665.548,-36.013
665.646,-36.12
665.755,-36.027
665.849,-36.033
665.952,-36.133
666.055,-36.133
666.168,-36.107
666.287,-36.053
666.361,-36.107
666.462,-36.067
666.570,-36.147
666.665,-36.1
716.768,-36.08
716.856,-36.12
716.976,-35.987
717.077,-35.947
717.180,-35.953
717.282,-36.087
717.385,-36.08
717.503,-36.087
717.592,-36.033
717.653,-36.04
717.760,-36.093
717.886,-36.067
718.005,-36.033
718.033,-36.06
718.204,-35.947
718.231,-35.947
718.410,-36.133
718.439,-36.127
718.540,-36.113
718.636,-36.173
718.744,-36.027
718.844,-36.14
718.944,-36.073
719.033,-36.027
719.131,-36.073
719.233,-36.093
719.331,-36.04
719.437,-36.12
719.565,-36.113
719.638,-36.087
719.744,-35.973
719.842,-36.047
719.949,-36.147
720.047,-36.113
720.165,-36.047
720.253,-35.94
720.353,-36.047
720.454,-36.06
720.577,-36.053
720.665,-36.113
720.763,-35.913
720.866,-36.067
720.972,-36.047
721.072,-36.047
721.172,-36.08
721.278,-36.127
721.381,-35.973
721.481,-36.067
721.586,-36.007
721.689,-36.127
721.795,-36.053
721.822,-36.087
721.922,-36.153
722.028,-36.047
722.128,-36.053
722.226,-36.127
722.327,-36.02
722.437,-36.147
722.530,-36.147
722.638,-36.133
722.739,-36.12
722.839,-36.033
722.937,-36.1
723.020,-36.107
723.123,-36.127
723.224,-36.087
723.324,-36.053
723.423,-36.14
723.516,-36.14
723.636,-36.18
723.736,-36.0
723.841,-36.02
723.937,-36.127
724.045,-35.98
724.143,-36.053
724.251,-36.127
724.351,-36.04
724.454,-36.133
724.574,-36.107
724.653,-35.993
724.785,-36.107
724.858,-36.153
724.942,-36.013
725.062,-36.0
725.165,-36.073
725.268,-36.04
725.312,-36.0
725.474,-35.967
725.577,-36.113
725.680,-36.013
725.717,-35.867
725.815,-36.0
725.913,-36.173
726.010,-36.073
726.114,-36.033
726.212,-36.073
726.320,-36.107
726.413,-36.053
726.523,-35.96
726.628,-35.927
776.726,-35.98
776.824,-36.127
776.935,-36.087
777.008,-36.047
777.114,-36.027
777.228,-35.973
777.315,-36.093
777.418,-36.0
777.523,-36.053
777.628,-36.0
777.731,-36.06
777.834,-36.16
777.932,-36.073
778.030,-36.04
778.136,-36.147
778.251,-36.173
778.344,-35.96
778.445,-36.053
778.552,-35.967
778.662,-36.087
778.761,-36.053
778.859,-36.1
778.986,-36.1
779.060,-36.1
779.165,-36.027
779.270,-36.073
779.371,-35.947
779.479,-36.007
779.510,-35.967
779.606,-36.087
779.775,-36.033
779.805,-36.113
779.902,-36.12
780.003,-36.213
780.113,-35.987
780.214,-36.027
780.312,-36.127
780.413,-36.153
780.525,-36.08
780.599,-36.027
780.697,-36.16
780.798,-35.947
780.915,-35.947
781.013,-36.213
781.111,-36.06
781.214,-36.1
781.310,-36.153
781.413,-36.1
781.515,-36.1
781.626,-36.133
781.746,-36.047
781.804,-36.007
781.932,-36.027
782.015,-36.067
782.099,-36.093
782.221,-36.153
782.337,-36.107
782.410,-35.96
782.530,-36.067
782.660,-35.96
782.729,-35.987
782.849,-36.147
782.947,-36.18
783.072,-36.12
783.153,-36.08
783.255,-36.08
783.358,-36.047
783.396,-36.1
783.491,-36.04
783.591,-36.147
783.687,-36.093
783.793,-36.033
783.898,-36.007
783.994,-36.027
784.099,-35.98
784.202,-35.973
784.302,-36.16
784.385,-36.147
784.498,-36.093
784.591,-36.107
784.690,-36.113
784.793,-36.127
784.910,-36.0
785.006,-36.08
785.104,-35.933
785.204,-36.007
785.288,-36.16
785.408,-36.027
785.506,-36.013
785.601,-36.08
785.685,-36.06
785.815,-36.033
785.912,-36.133
786.028,-36.087
786.128,-35.853
786.233,-35.92
786.337,-36.14
786.415,-36.067
786.540,-36.04
786.636,-35.987
1076.721,-35.96
1076.841,-36.033
1076.940,-36.08
1077.035,-36.007
1077.140,-35.927
1077.246,-36.033
1077.280,-36.113
1077.378,-36.053
1077.476,-36.107
1077.579,-36.1
1077.682,-36.12
1077.863,-36.06
1077.891,-36.167
1077.989,-36.067
1078.094,-36.12
1078.177,-36.22
1078.295,-36.04
1078.376,-36.047
1078.479,-36.107
1078.584,-36.027
1078.687,-35.98
1078.783,-35.987
1078.881,-36.193
1078.998,-36.107
1079.094,-36.053
1079.194,-36.0
1079.275,-36.033
1079.400,-35.993
1079.501,-36.067
1079.643,-36.16
1079.709,-36.16
1079.807,-35.96
1079.869,-36.107
1079.978,-36.067
1080.084,-36.1
1080.195,-36.053
1080.298,-35.973
1080.423,-36.06
1080.511,-36.02
1080.621,-36.0
1080.668,-36.013
1080.770,-35.987
1080.866,-36.027
1081.035,-36.147
1081.158,-36.033
1081.253,-36.033
1081.280,-36.113
1081.378,-36.06
1081.481,-35.967
1081.582,-35.993
1081.685,-36.1
1081.782,-36.167
1081.881,-35.993
1081.981,-36.033
1082.067,-35.98
1082.260,-36.14
1082.266,-36.073
1082.369,-36.033
1082.479,-36.1
1082.608,-36.047
1082.677,-36.133
1082.804,-36.18
1082.866,-35.987
1082.994,-36.08
1083.077,-36.013
1083.190,-36.02
1083.319,-35.993
1083.369,-35.967
1083.496,-36.007
1083.596,-36.167
1083.685,-36.013
1083.795,-36.1
1083.898,-35.947
1084.006,-35.973
1084.104,-36.133
1084.204,-36.073
1084.309,-36.007
1084.447,-35.98
1084.523,-36.153
1084.619,-36.04
1084.733,-35.953
1084.760,-36.06
1084.859,-35.973
1084.957,-36.087
1085.057,-36.1
1085.155,-36.0
1085.265,-35.98
1085.364,-36.007
1085.464,-36.027
1085.567,-36.14
1085.667,-36.0
1085.771,-36.007
1085.858,-36.14
1085.962,-36.133
1086.062,-36.06
1086.160,-35.953
1086.268,-36.0
1086.368,-36.007
1086.467,-36.027
1086.570,-36.007
1086.670,-35.973
1136.771,-36.133
1136.873,-36.04
1136.993,-35.987
1137.103,-36.047
1137.180,-36.047
1137.263,-35.98
1137.405,-35.993
1137.489,-36.08
1137.550,-35.987
1137.695,-36.013
1137.798,-36.027
1137.900,-35.987
1137.967,-36.067
1138.069,-35.953
1138.212,-36.06
1138.310,-36.167
1138.378,-36.047
1138.484,-36.113
1138.543,-36.02
1138.646,-36.007
1138.744,-36.133
1138.854,-36.007
1138.940,-35.987
1139.045,-35.993
1139.143,-36.087
1139.241,-36.067
1139.349,-36.067
1139.444,-35.967
1139.567,-36.047
1139.653,-35.913
1139.750,-36.013
1139.854,-36.06
1139.979,-35.927
1140.055,-36.127
1140.184,-35.893
1140.261,-36.047
1140.344,-36.093
1140.466,-36.047
1140.569,-36.073
1140.670,-35.98
1140.766,-36.173
1140.868,-36.127
1140.969,-36.033
1141.079,-36.087
1141.179,-36.0
1141.277,-36.0
1141.378,-35.92
1141.481,-36.093
1141.547,-36.1
1141.695,-36.04
1141.792,-36.067
1141.854,-35.987
1141.957,-36.107
1142.062,-36.0
1142.138,-35.96
1142.239,-35.987
1142.341,-36.013
1142.440,-35.993
1142.530,-36.073
1142.631,-36.067
1142.751,-36.0
1142.849,-36.12
1142.945,-36.053
1143.042,-35.96
1143.143,-36.053
1143.241,-36.113
1143.334,-35.993
1143.439,-36.067
1143.532,-36.033
1143.631,-36.14
1143.736,-36.0
1143.844,-35.913
1143.942,-36.04
1144.043,-36.08
1144.148,-36.0
1144.251,-36.027
1144.351,-35.967
1144.459,-36.093
1144.555,-36.033
1144.658,-35.987
1144.760,-35.96
1144.861,-35.893
1144.972,-36.113
1145.079,-36.167
1145.168,-36.06
1145.273,-36.067
1145.381,-36.06
1145.491,-36.04
1145.587,-36.053
1145.685,-36.027
1145.783,-36.067
1145.893,-36.14
1145.922,-36.073
1146.097,-36.04
1146.126,-36.007
1146.229,-36.173
1146.329,-36.033
1146.430,-36.113
1146.609,-35.987
1146.640,-36.027
1196.738,-36.093
1196.841,-36.08
1196.940,-36.073
1197.018,-35.987
1197.123,-36.033
1197.219,-36.147
1197.329,-36.047
1197.429,-35.94
1197.530,-35.953
1197.652,-35.967
1197.741,-35.96
1197.842,-36.093
1197.940,-36.06
1198.038,-35.893
1198.141,-36.033
1198.239,-35.993
1198.342,-36.08
1198.454,-36.2
1198.550,-35.947
1198.653,-36.04
1198.758,-36.093
1198.864,-36.013
1198.959,-35.96
1199.059,-36.0
1199.165,-36.093
1199.263,-36.127
1199.366,-36.087
1199.491,-36.18
1199.577,-35.94
1199.679,-36.02
1199.805,-35.967
1199.810,-36.08
1199.923,-36.0
1200.087,-35.98
1200.116,-35.973
1200.224,-36.033
1200.324,-36.007
1200.420,-36.2
1200.525,-36.033
1200.619,-36.02
1200.722,-35.94
1200.829,-35.98
1200.927,-36.093
1201.008,-36.087
1201.108,-36.087
1201.212,-35.927
1201.326,-36.12
1201.415,-36.087
1201.516,-36.04
1201.619,-36.02
1201.739,-35.987
1201.837,-36.027
1201.932,-36.013
1202.033,-35.993
1202.136,-36.107
1202.209,-36.0
1202.337,-35.953
1202.439,-36.06
1202.548,-36.053
1202.650,-35.993
1202.753,-35.88
1202.839,-36.093
1202.964,-36.093
1203.016,-36.08
1203.165,-36.133
1203.263,-36.1
1203.368,-36.08
1203.471,-36.033
1203.572,-35.98
1203.603,-36.027
1203.702,-36.013
1203.800,-36.047
1203.900,-36.1
1204.006,-36.167
1204.111,-36.027
1204.214,-35.987
1204.312,-36.06
1204.410,-36.053
1204.510,-36.113
1204.635,-36.1
1204.697,-35.98
1204.819,-36.027
1204.896,-35.993
1205.003,-35.933
1205.101,-36.02
1205.204,-36.0
1205.310,-36.193
1205.413,-36.087
1205.510,-36.073
1205.614,-36.06
1205.736,-36.093
1205.822,-36.047
1205.923,-36.093
1206.043,-35.973
1206.148,-36.127
1206.260,-36.02
1206.337,-36.047
1206.435,-36.127
1206.501,-35.993
1206.638,-35.88
1256.739,-36.093
1256.844,-36.14
1256.949,-36.02
1257.023,-36.107
1257.150,-36.033
1257.253,-36.013
1257.354,-36.093
1257.489,-36.027
1257.491,-35.98
1257.599,-35.967
1257.695,-36.093
1257.795,-36.08
1257.891,-36.14
1258.008,-36.167
1258.104,-35.98
1258.202,-36.06
1258.310,-36.12
1258.403,-36.013
1258.498,-36.1
1258.609,-36.047
1258.687,-35.973
1258.793,-35.94
1258.891,-36.047
1258.993,-35.987
1259.097,-36.04
1259.226,-35.853
1259.300,-35.9
1259.412,-36.053
1259.508,-36.033
1259.606,-36.02
1259.717,-35.9
1259.824,-36.173
1259.945,-36.013
1260.025,-36.053
1260.119,-36.087
1260.256,-35.973
1260.332,-35.813
1260.430,-36.067
1260.559,-36.12
1260.633,-36.047
1260.701,-35.967
1260.839,-36.12
1260.940,-36.02
1261.048,-35.987
1261.148,-36.04
1261.253,-36.007
1261.337,-36.007
1261.440,-36.047
1261.491,-35.927
1261.587,-35.987
1261.685,-36.04
1261.788,-35.853
1261.886,-35.98
1261.984,-36.027
1262.097,-36.087
1262.175,-36.02
1262.293,-35.987
1262.395,-36.02
1262.472,-36.073
1262.579,-36.02
1262.679,-36.08
1262.788,-36.067
1262.893,-36.153
1262.993,-36.0
1263.087,-36.107
1263.195,-36.047
1263.295,-36.087
1263.400,-36.153
1263.498,-35.887
1263.601,-36.073
1263.702,-36.0
1263.822,-35.987
1263.912,-36.047
1264.040,-35.953
1264.118,-36.08
1264.233,-36.06
1264.327,-36.06
1264.425,-36.033
1264.527,-35.993
1264.626,-36.107
1264.729,-35.94
1264.832,-36.08
1264.888,-36.093
1265.045,-35.953
1265.072,-35.98
1265.168,-36.02
1265.341,-36.107
1265.371,-36.14
1265.474,-36.18
1265.572,-36.02
1265.682,-36.087
1265.780,-36.033
1265.883,-36.033
1265.981,-36.027
1266.070,-35.887
1266.168,-36.12
1266.265,-35.94
1266.369,-36.067
1266.467,-36.02
1266.570,-36.0
1266.673,-36.08
1316.773,-36.033
1316.878,-36.033
1316.983,-36.027
1317.091,-35.927
1317.190,-35.973
1317.288,-36.073
1317.396,-36.073
1317.523,-36.02
1317.601,-36.113
1317.697,-36.073
1317.802,-36.047
1317.908,-36.107
1318.011,-36.053
1318.108,-35.807
1318.233,-36.027
1318.320,-36.047
1318.418,-36.067
1318.515,-36.067
1318.618,-36.073
1318.719,-36.027
1318.856,-36.14
1318.858,-36.033
1318.967,-35.993
1319.059,-36.0
1319.155,-36.067
1319.256,-36.067
1319.364,-36.1
1319.467,-35.993
1319.570,-36.093
1319.653,-36.08
1319.771,-35.94
1319.871,-35.92
1319.962,-35.967
1320.067,-36.06
1320.173,-36.053
1320.256,-36.007
1320.359,-36.033
1320.481,-36.033
1320.572,-36.08
1320.670,-36.033
1320.771,-35.933
1320.876,-35.973
1320.972,-36.08
1321.079,-36.073
1321.184,-36.033
1321.285,-36.013
1321.385,-35.947
1321.486,-36.06
1321.589,-36.093
1321.694,-36.04
1321.795,-35.967
1321.930,-36.007
1322.003,-36.007
1322.101,-36.06
1322.202,-36.06
1322.317,-36.173
1322.347,-36.033
1322.515,-36.033
1322.543,-36.06
1322.714,-36.04
1322.748,-35.96
1322.846,-35.94
1322.945,-36.02
1323.045,-36.033
1323.146,-36.087
1323.244,-36.1
1323.353,-36.013
1323.442,-36.067
1323.562,-36.02
1323.658,-35.987
1323.746,-35.967
1323.854,-36.047
1323.945,-36.113
1324.050,-35.98
1324.155,-36.053
1324.253,-36.073
1324.361,-36.02
1324.479,-36.08
1324.570,-36.02
1324.641,-36.14
1324.768,-36.073
1324.846,-36.053
1324.974,-36.18
1325.074,-36.013
1325.173,-35.913
1325.285,-36.04
1325.383,-36.053
1325.486,-35.96
1325.587,-35.907
1325.695,-35.907
1325.793,-35.96
1325.888,-36.08
1325.993,-36.06
1326.092,-35.947
1326.199,-36.073
1326.317,-36.1
1326.334,-36.04
1326.503,-36.12
1326.533,-36.147
1326.635,-35.973
1376.822,-36.047
1376.849,-36.047
1376.947,-36.027
1377.052,-36.013
1377.148,-36.087
1377.250,-36.013
1377.347,-36.02
1377.447,-36.033
1377.530,-36.053
1377.653,-36.08
1377.761,-35.927
1377.839,-35.993
1377.940,-36.047
1378.059,-36.107
1378.153,-36.107
1378.251,-35.92
1378.346,-36.047
1378.435,-36.047
1378.565,-35.993
1378.655,-36.007
1378.761,-35.953
1378.863,-35.987
1378.984,-36.133
1379.062,-36.053
1379.172,-36.027
1379.256,-35.98
1379.369,-36.033
1379.472,-36.093
1379.577,-36.16
1379.677,-36.107
1379.785,-36.013
1379.888,-35.987
1379.991,-36.067
1380.086,-36.04
1380.187,-36.12
1380.290,-36.06
1380.427,-36.093
1380.430,-36.08
1380.527,-35.987
1380.631,-35.987
1380.728,-36.1
1380.837,-36.033
1380.939,-36.133
1381.035,-36.02
1381.141,-36.073
1381.246,-36.093
1381.324,-36.08
1381.427,-36.133
1381.530,-36.067
1381.630,-36.02
1381.728,-36.087
1381.829,-35.973
1381.962,-36.08
1382.065,-36.1
1382.138,-35.933
1382.243,-35.94
1382.342,-36.093
1382.447,-36.033
1382.565,-36.0
1382.653,-35.98
1382.751,-36.107
1382.851,-36.093
1382.930,-36.007
1383.067,-36.073
1383.162,-35.807
1383.261,-35.987
1383.371,-36.0
1383.467,-35.967
1383.570,-35.987
1383.633,-35.947
1383.778,-35.967
1383.878,-36.127
1383.979,-35.993
1384.111,-36.06
1384.114,-36.007
1384.212,-35.993
1384.400,-36.107
1384.417,-36.02
1384.516,-36.08
1384.616,-36.14
1384.712,-36.087
1384.812,-36.047
1384.910,-36.04
1385.030,-36.06
1385.109,-36.06
1385.211,-35.92
1385.339,-36.06
1385.415,-36.1
1385.513,-36.067
1385.616,-36.167
1385.721,-36.013
1385.822,-36.0
1385.915,-36.0
1386.030,-35.993
1386.128,-36.027
1386.239,-36.0
1386.339,-35.927
1386.437,-36.04
1386.545,-36.053
1386.652,-36.067
1676.751,-36.06
1676.847,-35.907
1676.974,-36.033
1677.050,-35.967
1677.153,-36.087
1677.255,-36.12
1677.386,-35.893
1677.491,-36.0
1677.570,-35.94
1677.711,-36.06
1677.778,-36.027
1677.805,-35.98
1677.903,-35.993
1678.003,-36.0
1678.106,-35.987
1678.207,-36.04
1678.310,-36.127
1678.410,-36.033
1678.515,-36.153
1678.611,-35.94
1678.717,-35.973
1678.812,-36.013
1678.920,-35.953
1678.996,-35.953
1679.099,-35.873
1679.224,-35.987
1679.302,-36.06
1679.398,-36.08
1679.516,-36.053
1679.616,-36.06
1679.717,-36.0
1679.815,-36.093
1679.923,-36.02
1680.030,-36.087
1680.152,-36.04
1680.224,-36.027
1680.327,-36.06
1680.430,-35.953
1680.533,-36.093
1680.650,-36.027
1680.741,-36.133
1680.847,-36.007
1680.949,-35.993
1681.016,-35.873
1681.150,-36.047
1681.255,-35.92
1681.356,-36.147
1681.459,-36.053
1681.555,-36.073
1681.658,-36.087
1681.689,-36.04
1681.805,-35.98
1681.893,-35.973
1681.994,-36.06
1682.101,-35.96
1682.189,-36.127
1682.295,-36.007
1682.403,-35.98
1682.516,-36.067
1682.589,-36.0
1682.707,-36.02
1682.793,-36.067
1682.886,-36.053
1682.996,-36.04
1683.094,-36.007
1683.224,-35.84
1683.329,-35.98
1683.400,-36.067
1683.510,-36.127
1683.621,-36.007
1683.712,-36.06
1683.812,-36.053
1683.910,-36.16
1684.030,-36.12
1684.119,-36.053
1684.219,-35.92
1684.326,-36.06
1684.427,-36.047
1684.533,-35.967
1684.631,-36.12
1684.729,-35.98
1684.841,-35.96
1684.940,-35.993
1685.047,-36.053
1685.106,-36.02
1685.212,-35.96
1685.317,-36.04
1685.417,-36.013
1685.481,-36.0
1685.684,-35.987
1685.685,-35.973
1685.785,-35.873
1685.891,-36.04
1685.989,-36.093
1686.087,-36.107
1686.192,-36.06
1686.295,-36.053
1686.393,-36.033
1686.476,-36.027
1686.579,-35.973
1686.677,-36.073
1736.780,-36.1
1736.880,-36.04
1736.983,-36.047
1737.092,-36.06
1737.189,-36.113
1737.295,-35.993
1737.393,-36.027
1737.500,-36.14
1737.601,-36.133
1737.707,-36.08
1737.810,-36.0
1737.908,-35.9
1738.030,-36.213
1738.119,-36.067
1738.214,-36.073
1738.315,-36.133
1738.415,-35.993
1738.518,-35.947
1738.623,-36.033
1738.726,-36.127
1738.856,-36.0
1738.886,-35.953
1739.038,-36.007
1739.094,-36.06
1739.195,-36.06
1739.271,-36.087
1739.366,-36.02
1739.467,-36.033
1739.565,-36.087
1739.687,-36.147
1739.773,-36.067
1739.866,-36.013
1739.976,-35.967
1740.077,-36.027
1740.175,-36.047
1740.261,-36.1
1740.366,-36.067
1740.466,-35.947
1740.567,-35.92
1740.677,-36.06
1740.778,-35.953
1740.876,-35.967
1740.984,-35.96
1741.082,-36.067
1741.182,-36.073
1741.293,-36.127
1741.418,-36.1
1741.491,-35.947
1741.599,-36.033
1741.706,-36.12
1741.827,-36.16
1741.908,-36.02
1742.032,-35.92
1742.116,-36.047
1742.212,-36.067
1742.339,-36.047
1742.412,-36.12
1742.469,-36.013
1742.614,-36.093
1742.685,-35.973
1742.826,-36.02
1742.854,-36.0
1742.961,-35.993
1743.057,-36.073
1743.229,-35.993
1743.253,-35.993
1743.356,-36.0
1743.459,-36.02
1743.565,-36.033
1743.672,-36.047
1743.770,-36.087
1743.876,-36.1
1743.954,-36.067
1744.050,-35.96
1744.173,-36.04
1744.278,-35.96
1744.364,-36.0
1744.462,-35.993
1744.560,-35.947
1744.665,-36.047
1744.770,-35.987
1744.869,-35.987
1744.976,-36.053
1745.082,-35.967
1745.179,-35.973
1745.275,-35.98
1745.378,-36.027
1745.486,-36.08
1745.591,-36.133
1745.692,-35.847
1745.795,-36.02
1745.891,-36.007
1745.994,-36.12
1746.114,-36.1
1746.231,-36.0
1746.302,-36.073
1746.413,-36.033
1746.525,-35.967
1746.609,-36.047
1796.714,-36.047
1796.744,-36.093
1796.851,-36.067
1796.947,-36.053
1797.047,-35.987
1797.153,-36.013
1797.251,-36.04
1797.351,-35.987
1797.452,-35.973
1797.555,-36.107
1797.660,-36.147
1797.741,-36.213
1797.846,-36.04
1797.956,-36.113
1798.042,-36.127
1798.175,-36.193
1798.241,-36.013
1798.349,-36.033
1798.445,-36.0
1798.562,-36.027
1798.655,-36.073
1798.768,-35.973
1798.841,-36.1
1798.972,-36.04
1799.067,-35.98
1799.168,-36.073
1799.266,-36.147
1799.378,-36.04
1799.467,-36.047
1799.582,-36.0
1799.682,-36.04
1799.793,-36.067
1799.886,-35.98
1799.988,-35.987
1800.089,-36.013
1800.204,-36.12
1800.326,-36.067
1800.398,-36.033
1800.500,-35.893
1800.601,-35.993
1800.712,-36.073
1800.741,-36.06
1800.839,-36.0
1800.942,-36.027
1801.038,-36.007
1801.146,-36.047
1801.261,-36.027
1801.349,-36.02
1801.447,-36.007
1801.550,-36.127
1801.653,-36.12
1801.751,-36.033
1801.837,-36.047
1801.937,-36.0
1802.042,-36.067
1802.146,-36.06
1802.248,-36.033
1802.361,-36.047
1802.452,-35.853
1802.550,-36.033
1802.652,-36.053
1802.746,-36.067
1802.864,-36.02
1802.961,-36.007
1803.062,-36.0
1803.168,-35.953
1803.293,-36.113
1803.366,-36.013
1803.474,-36.02
1803.603,-35.92
1803.680,-36.02
1803.778,-36.047
1803.878,-36.0
1803.981,-36.0
1804.114,-35.94
1804.199,-36.007
1804.312,-35.993
1804.390,-35.98
1804.500,-35.98
1804.525,-36.047
1804.635,-36.02
1804.733,-36.073
1804.829,-36.153
1804.935,-35.9
1805.040,-36.107
1805.141,-36.007
1805.239,-36.107
1805.339,-36.08
1805.435,-36.067
1805.527,-36.033
1805.630,-36.087
1805.722,-36.147
1805.834,-36.08
1805.930,-36.14
1806.035,-36.047
1806.125,-36.073
1806.228,-36.053
1806.332,-36.073
1806.449,-36.033
1806.545,-36.047
1806.650,-36.027
1856.773,-36.087
1856.851,-35.973
1856.949,-35.953
1857.045,-35.953
1857.155,-36.093
1857.251,-36.113
1857.354,-35.987
1857.469,-36.033
1857.577,-35.973
1857.701,-36.06
1857.777,-35.973
1857.876,-35.953
1857.967,-36.067
1858.079,-36.093
1858.179,-36.107
1858.285,-36.06
1858.314,-35.973
1858.412,-35.953
1858.510,-36.053
1858.611,-36.0
1858.722,-36.033
1858.824,-36.073
1858.922,-36.02
1859.021,-35.98
1859.126,-36.08
1859.207,-36.053
1859.310,-36.147
1859.413,-36.007
1859.516,-35.933
1859.616,-36.087
1859.714,-36.02
1859.822,-36.027
1859.920,-36.06
1860.025,-35.973
1860.126,-36.08
1860.229,-36.107
1860.331,-35.987
1860.447,-36.053
1860.537,-35.993
1860.643,-36.067
1860.739,-35.947
1860.859,-35.987
1860.954,-36.127
1861.052,-36.027
1861.108,-36.013
1861.217,-35.973
1861.319,-36.04
1861.462,-36.04
1861.560,-35.913
1861.635,-35.96
1861.795,-36.0
1861.800,-35.967
1861.976,-35.9
1862.005,-36.027
1862.101,-35.96
1862.207,-36.1
1862.309,-36.127
1862.408,-36.033
1862.513,-36.04
1862.609,-35.94
1862.695,-36.053
1862.798,-36.033
1862.915,-35.953
1863.020,-35.987
1863.106,-36.033
1863.202,-35.933
1863.300,-35.993
1863.403,-36.06
1863.505,-36.147
1863.606,-36.1
1863.714,-35.92
1863.847,-36.027
1863.920,-36.16
1864.016,-36.087
1864.123,-36.02
1864.221,-35.88
1864.332,-35.98
1864.430,-36.02
1864.535,-36.053
1864.631,-36.073
1864.733,-35.993
1864.856,-35.953
1864.942,-35.967
1865.040,-36.04
1865.146,-36.12
1865.271,-35.92
1865.297,-36.047
1865.410,-36.073
1865.516,-36.08
1865.592,-36.067
1865.719,-36.08
1865.795,-36.047
1865.898,-36.033
1865.994,-36.013
1866.097,-35.967
1866.192,-36.047
1866.298,-36.087
1866.400,-36.073
1866.503,-36.1
1866.606,-35.993
1866.694,-36.1
1916.807,-36.033
1916.886,-35.98
1916.986,-35.9
1917.106,-36.047
1917.204,-36.08
1917.300,-36.053
1917.403,-36.113
1917.496,-35.987
1917.603,-35.98
1917.702,-36.033
1917.805,-36.027
1917.913,-35.973
1918.013,-36.113
1918.121,-36.113
1918.214,-36.067
1918.317,-35.833
1918.420,-36.013
1918.555,-36.06
1918.623,-36.067
1918.719,-36.053
1918.837,-35.92
1918.944,-36.02
1919.043,-36.047
1919.146,-36.013
1919.177,-36.16
1919.349,-36.093
1919.445,-36.02
1919.555,-36.013
1919.582,-36.027
1919.677,-36.087
1919.778,-36.047
1919.876,-36.02
1920.072,-36.007
1920.099,-36.113
1920.194,-35.987
1920.295,-35.967
1920.393,-35.92
1920.491,-35.98
1920.592,-36.047
1920.673,-35.987
1920.780,-36.06
1920.886,-36.053
1920.986,-36.02
1921.106,-36.06
1921.194,-36.04
1921.320,-35.913
1921.391,-35.92
1921.491,-36.013
1921.613,-36.053
1921.685,-36.067
1921.782,-36.067
1921.908,-36.1
1922.013,-35.867
1922.109,-35.967
1922.212,-35.967
1922.320,-36.04
1922.418,-36.007
1922.521,-35.933
1922.619,-36.053
1922.746,-35.967
1922.824,-36.093
1922.942,-36.06
1923.033,-36.02
1923.130,-36.133
1923.234,-36.08
1923.359,-36.06
1923.378,-35.987
1923.538,-36.027
1923.567,-36.06
1923.677,-35.987
1923.780,-35.94
1923.878,-36.12
1923.986,-36.12
1924.076,-36.047
1924.177,-35.993
1924.280,-35.993
1924.385,-36.0
1924.469,-36.06
1924.570,-35.973
1924.668,-36.013
1924.780,-36.02
1924.873,-36.18
1924.991,-36.08
1925.089,-36.04
1925.192,-35.913
1925.288,-36.06
1925.391,-36.087
1925.516,-36.04
1925.597,-36.007
1925.690,-35.953
1925.761,-35.993
1925.903,-36.073
1925.974,-35.947
1926.074,-36.033
1926.195,-35.913
1926.336,-36.113
1926.415,-36.16
1926.483,-36.053
1926.618,-35.927
1976.717,-35.907
1976.820,-36.0
1976.922,-36.013
1977.030,-36.013
1977.057,-36.087
1977.155,-35.927
1977.322,-36.007
1977.423,-36.08
1977.472,-35.86
1977.557,-36.073
1977.660,-35.94
1977.761,-36.047
1977.866,-36.067
1977.967,-36.02
1978.087,-35.953
1978.153,-35.98
1978.255,-35.933
1978.356,-36.027
1978.456,-36.007
1978.564,-36.02
1978.660,-36.08
1978.761,-35.94
1978.868,-36.073
1978.967,-36.027
1979.072,-36.133
1979.190,-36.193
1979.278,-35.967
1979.376,-36.08
1979.479,-36.173
1979.603,-36.027
1979.692,-35.96
1979.792,-36.053
1979.888,-35.993
1979.949,-36.14
1980.048,-36.007
1980.155,-36.073
1980.292,-35.993
1980.408,-36.06
1980.467,-36.013
1980.604,-36.06
1980.677,-36.013
1980.810,-36.06
1980.915,-36.013
1980.942,-36.06
1981.052,-36.0
1981.145,-36.02
1981.244,-36.0
1981.344,-36.047
1981.462,-36.04
1981.562,-36.013
1981.662,-36.1
1981.763,-36.107
1981.841,-36.04
1981.942,-36.02
1982.043,-36.0
1982.141,-36.187
1982.251,-36.107
1982.356,-36.0
1982.459,-36.107
1982.552,-36.167
1982.662,-36.153
1982.765,-36.08
1982.866,-35.973
1983.072,-36.027
1983.074,-36.053
1983.173,-36.033
1983.278,-35.947
1983.376,-35.953
1983.474,-36.04
1983.574,-35.927
1983.677,-36.093
1983.780,-36.06
1983.883,-36.093
1984.011,-36.053
1984.087,-36.147
1984.195,-35.967
1984.334,-36.047
1984.396,-36.013
1984.451,-36.047
1984.601,-36.067
1984.665,-36.047
1984.768,-36.033
1984.836,-36.047
1984.942,-36.053
1985.038,-36.007
1985.138,-36.027
1985.236,-36.127
1985.339,-36.02
1985.437,-36.1
1985.550,-36.06
1985.646,-36.1
1985.743,-36.08
1985.849,-36.047
1985.930,-36.093
1986.033,-35.96
1986.133,-35.987
1986.241,-36.06
1986.339,-36.04
1986.442,-35.953
1986.545,-36.113
1986.653,-36.073
2276.755,-36.0
2276.859,-36.053
2276.954,-35.98
2277.057,-36.047
2277.160,-36.033
2277.275,-35.92
2277.373,-35.927
2277.471,-36.06
2277.570,-36.04
2277.687,-36.12
2277.783,-36.007
2277.880,-35.973
2277.979,-36.013
2278.081,-36.053
2278.185,-35.98
2278.293,-35.927
2278.324,-36.047
2278.423,-36.06
2278.520,-36.087
2278.623,-36.127
2278.797,-36.06
2278.824,-35.94
2278.935,-35.887
2279.033,-36.113
2279.138,-36.153
2279.233,-36.08
2279.339,-36.04
2279.444,-36.013
2279.525,-36.093
2279.619,-36.02
2279.750,-35.92
2279.847,-36.007
2279.927,-35.933
2280.057,-36.04
2280.128,-36.1
2280.258,-36.0
2280.332,-35.92
2280.439,-35.98
2280.538,-35.993
2280.652,-36.007
2280.773,-35.993
2280.851,-35.987
2280.951,-35.88
2281.050,-36.08
2281.162,-36.04
2281.256,-36.033
2281.363,-36.08
2281.461,-35.987
2281.564,-36.0
2281.685,-35.993
2281.771,-35.953
2281.876,-36.027
2281.979,-36.027
2282.097,-36.067
2282.180,-36.1
2282.282,-36.02
2282.388,-36.013
2282.420,-35.927
2282.520,-36.02
2282.616,-36.027
2282.716,-36.173
2282.815,-36.08
2282.913,-36.047
2283.006,-36.033
2283.104,-35.987
2283.209,-35.96
2283.305,-35.993
2283.430,-36.053
2283.521,-36.06
2283.616,-36.007
2283.712,-35.853
2283.815,-36.047
2283.935,-36.113
2284.030,-36.113
2284.109,-36.08
2284.207,-35.987
2284.315,-36.013
2284.437,-35.973
2284.537,-35.967
2284.643,-36.007
2284.741,-35.88
2284.814,-35.927
2284.915,-35.98
2285.048,-36.007
2285.148,-35.987
2285.243,-36.033
2285.359,-35.913
2285.452,-35.92
2285.557,-36.113
2285.662,-36.113
2285.768,-35.98
2285.864,-35.993
2285.964,-35.987
2286.070,-36.027
2286.114,-35.967
2286.202,-36.027
2286.307,-36.007
2286.405,-36.0
2286.503,-36.04
2286.613,-36.033
2336.711,-36.047
2336.888,-36.033
2336.915,-36.067
2336.998,-35.987
2337.101,-36.073
2337.199,-35.987
2337.305,-36.08
2337.403,-36.073
2337.506,-35.973
2337.609,-36.033
2337.706,-36.08
2337.809,-36.047
2337.932,-36.173
2338.018,-35.987
2338.116,-35.973
2338.221,-36.067
2338.344,-36.06
2338.423,-36.033
2338.528,-35.847
2338.626,-36.053
2338.736,-36.04
2338.832,-36.06
2338.937,-36.04
2338.996,-35.927
2339.138,-36.1
2339.207,-36.027
2339.349,-36.06
2339.452,-36.06
2339.520,-35.953
2339.653,-36.027
2339.724,-35.993
2339.788,-36.053
2339.957,-36.133
2339.986,-36.033
2340.138,-35.973
2340.199,-36.02
2340.297,-35.927
2340.396,-36.06
2340.506,-36.12
2340.606,-35.987
2340.706,-36.073
2340.783,-36.04
2340.883,-36.027
2340.988,-35.967
2341.087,-36.053
2341.187,-36.0
2341.290,-36.06
2341.393,-36.08
2341.496,-35.927
2341.611,-36.033
2341.699,-35.98
2341.802,-36.027
2341.937,-35.987
2342.020,-35.913
2342.121,-35.987
2342.217,-35.967
2342.346,-36.02
2342.418,-35.907
2342.521,-35.913
2342.630,-35.967
2342.726,-36.06
2342.827,-35.88
2342.927,-35.993
2343.038,-35.96
2343.141,-35.993
2343.236,-36.107
2343.347,-35.993
2343.449,-35.933
2343.548,-35.973
2343.577,-35.987
2343.677,-36.06
2343.780,-35.913
2343.883,-36.047
2343.984,-35.9
2344.087,-35.927
2344.180,-36.04
2344.293,-36.147
2344.391,-36.107
2344.488,-36.047
2344.589,-35.94
2344.687,-36.04
2344.783,-36.087
2344.880,-36.033
2344.989,-36.087
2345.086,-35.94
2345.182,-35.913
2345.287,-36.007
2345.393,-36.04
2345.488,-36.047
2345.596,-35.827
2345.697,-36.093
2345.798,-36.067
2345.871,-36.12
2345.991,-36.087
2346.082,-35.96
2346.204,-35.92
2346.307,-36.013
2346.430,-36.007
2346.511,-35.967
2346.621,-35.84
2396.722,-35.967
2396.824,-35.987
2396.923,-36.067
2397.028,-36.013
2397.126,-35.94
2397.165,-35.987
2397.331,-35.94
2397.432,-36.013
2397.462,-35.98
2397.565,-35.887
2397.662,-35.94
2397.768,-35.993
2397.880,-36.04
2397.981,-36.013
2398.077,-36.067
2398.180,-35.993
2398.266,-35.98
2398.364,-36.013
2398.484,-36.067
2398.562,-35.98
2398.663,-35.973
2398.766,-35.987
2398.868,-36.08
2398.971,-36.12
2399.079,-36.053
2399.180,-36.1
2399.283,-35.98
2399.386,-35.96
2399.508,-36.007
2399.584,-36.073
2399.694,-35.907
2399.790,-36.0
2399.900,-35.993
2400.001,-36.02
2400.104,-36.04
2400.167,-36.027
2400.273,-36.033
2400.429,-35.947
2400.483,-35.947
2400.616,-35.96
2400.719,-36.08
2400.815,-35.86
2400.925,-35.967
2400.954,-36.047
2401.052,-36.107
2401.163,-36.027
2401.256,-35.933
2401.351,-36.06
2401.454,-35.987
2401.560,-36.067
2401.663,-36.02
2401.761,-36.147
2401.863,-36.013
2401.966,-36.067
2402.067,-36.073
2402.150,-35.927
2402.265,-36.033
2402.353,-35.94
2402.452,-36.147
2402.555,-35.96
2402.677,-36.1
2402.783,-35.98
2402.861,-36.007
2402.957,-36.04
2403.070,-36.053
2403.168,-36.02
2403.273,-36.087
2403.378,-36.1
2403.483,-36.007
2403.586,-36.1
2403.685,-35.987
2403.782,-36.013
2403.888,-35.913
2403.994,-36.0
2404.103,-36.033
2404.192,-35.98
2404.295,-36.113
2404.398,-36.06
2404.515,-35.993
2404.542,-36.027
2404.709,-35.933
2404.839,-36.087
2404.915,-36.173
2404.942,-36.007
2405.045,-35.933
2405.141,-36.16
2405.246,-36.06
2405.344,-36.02
2405.445,-35.94
2405.540,-35.94
2405.641,-36.007
2405.761,-36.12
2405.861,-35.98
2405.940,-36.087
2406.038,-36.127
2406.148,-36.033
2406.244,-36.013
2406.376,-35.993
2406.449,-36.013
2406.548,-36.047
2406.650,-35.993
2456.744,-36.067
2456.864,-35.927
2456.961,-36.04
2457.087,-35.9
2457.168,-36.027
2457.270,-36.007
2457.376,-36.007
2457.479,-36.073
2457.582,-35.953
2457.677,-36.033
2457.785,-35.973
2457.888,-35.967
2457.988,-35.96
2458.086,-36.067
2458.190,-35.933
2458.293,-35.96
2458.393,-35.927
2458.513,-36.007
2458.599,-36.067
2458.702,-36.007
2458.729,-35.947
2458.927,-36.007
2458.930,-36.087
2459.038,-35.98
2459.136,-36.047
2459.250,-36.02
2459.342,-35.993
2459.445,-36.007
2459.542,-35.987
2459.638,-36.02
2459.746,-36.08
2459.847,-36.04
2459.949,-36.0
2460.033,-36.033
2460.138,-35.947
2460.241,-36.04
2460.351,-35.987
2460.440,-36.053
2460.540,-36.113
2460.631,-35.92
2460.763,-36.007
2460.858,-36.06
2460.956,-35.973
2461.025,-35.98
2461.125,-36.04
2461.263,-36.013
2461.364,-36.047
2461.467,-36.113
2461.570,-36.053
2461.670,-36.107
2461.773,-35.833
2461.871,-36.093
2461.969,-36.093
2462.067,-36.013
2462.190,-36.027
2462.278,-35.96
2462.383,-35.947
2462.488,-35.987
2462.601,-36.013
2462.628,-36.033
2462.724,-35.953
2462.820,-35.953
2462.925,-36.16
2463.030,-36.127
2463.131,-36.04
2463.231,-36.073
2463.334,-36.013
2463.434,-36.007
2463.538,-36.067
2463.614,-36.04
2463.728,-35.973
2463.827,-36.013
2463.925,-35.993
2464.033,-35.993
2464.136,-36.087
2464.234,-36.12
2464.332,-35.993
2464.440,-36.173
2464.543,-36.107
2464.648,-36.053
2464.761,-35.927
2464.853,-35.96
2464.952,-36.04
2465.055,-36.06
2465.173,-36.047
2465.251,-35.98
2465.359,-36.04
2465.457,-36.0
2465.523,-36.04
2465.631,-36.073
2465.768,-36.08
2465.869,-35.96
2465.976,-36.0
2466.077,-36.04
2466.177,-36.067
2466.275,-35.967
2466.371,-36.14
2466.479,-35.98
2466.511,-36.067
2466.623,-36.013
2466.709,-36.02
2516.814,-36.047
2516.913,-35.987
2517.010,-36.053
2517.123,-35.98
2517.204,-35.953
2517.334,-35.94
2517.413,-35.953
2517.511,-36.067
2517.608,-36.107
2517.724,-36.02
2517.822,-36.067
2517.917,-36.067
2518.023,-36.08
2518.119,-36.007
2518.222,-35.9
2518.326,-35.94
2518.437,-35.953
2518.532,-36.053
2518.631,-36.06
2518.701,-36.0
2518.847,-36.047
2518.944,-35.927
2519.020,-35.953
2519.141,-36.027
2519.251,-36.007
2519.351,-36.04
2519.449,-35.973
2519.552,-36.08
2519.655,-36.133
2519.751,-35.887
2519.854,-35.967
2519.952,-35.96
2520.003,-36.073
2520.099,-36.1
2520.197,-36.067
2520.298,-36.0
2520.396,-36.127
2520.500,-36.0
2520.687,-36.04
2520.712,-35.96
2520.815,-36.013
2520.893,-35.94
2521.008,-36.013
2521.097,-36.013
2521.199,-36.06
2521.327,-36.007
2521.420,-36.153
2521.498,-35.987
2521.609,-36.093
2521.706,-36.073
2521.812,-36.113
2521.915,-36.14
2522.011,-35.913
2522.111,-35.987
2522.222,-36.08
2522.317,-36.107
2522.420,-36.073
2522.527,-36.0
2522.628,-35.933
2522.728,-36.153
2522.846,-35.953
2522.935,-36.007
2523.038,-35.807
2523.096,-36.033
2523.212,-36.12
2523.305,-36.033
2523.407,-36.067
2523.545,-35.807
2523.621,-36.033
2523.751,-36.007
2523.854,-36.04
2523.956,-35.947
2523.989,-35.927
2524.084,-35.887
2524.185,-36.027
2524.285,-35.98
2524.390,-36.093
2524.491,-36.013
2524.594,-36.107
2524.685,-36.08
2524.800,-36.113
2524.903,-36.06
2525.001,-36.033
2525.094,-36.033
2525.216,-36.0
2525.290,-36.0
2525.393,-36.08
2525.496,-36.013
2525.599,-35.94
2525.697,-36.047
2525.798,-36.02
2525.900,-36.107
2526.040,-36.02
2526.113,-36.047
2526.209,-36.107
2526.310,-36.06
2526.413,-36.087
2526.521,-36.02
2526.618,-36.047
2576.724,-35.993
2576.822,-36.04
2576.934,-36.053
2577.033,-36.04
2577.092,-35.867
2577.199,-36.08
2577.334,-35.953
2577.408,-36.06
2577.542,-36.107
2577.643,-36.013
2577.753,-36.06
2577.783,-36.107
2577.878,-36.04
2577.991,-36.013
2578.096,-36.047
2578.187,-36.0
2578.288,-36.08
2578.385,-35.993
2578.494,-35.993
2578.591,-35.947
2578.694,-35.967
2578.771,-36.02
2578.873,-36.007
2578.974,-36.053
2579.092,-35.98
2579.184,-35.913
2579.280,-35.987
2579.383,-35.993
2579.484,-35.993
2579.594,-36.0
2579.694,-35.973
2579.795,-36.047
2579.896,-36.013
2579.996,-36.047
2580.099,-36.013
2580.202,-35.893
2580.312,-36.02
2580.410,-36.033
2580.511,-36.04
2580.614,-35.873
2580.714,-35.873
2580.819,-36.06
2580.930,-36.133
2581.021,-36.04
2581.155,-35.967
2581.229,-36.113
2581.344,-36.047
2581.371,-36.027
2581.535,-36.007
2581.638,-36.053
2581.665,-36.073
2581.766,-35.973
2581.863,-35.933
2581.966,-36.087
2582.069,-35.987
2582.172,-36.153
2582.273,-35.967
2582.376,-35.913
2582.464,-36.013
2582.560,-36.14
2582.660,-35.987
2582.768,-35.96
2582.866,-36.0
2582.969,-35.98
2583.077,-36.047
2583.180,-36.067
2583.275,-36.02
2583.371,-36.013
2583.471,-35.973
2583.587,-36.033
2583.717,-36.073
2583.793,-36.013
2583.915,-36.06
2583.996,-35.887
2584.097,-36.033
2584.199,-36.007
2584.307,-36.053
2584.403,-36.047
2584.511,-36.053
2584.614,-35.887
2584.743,-36.0
2584.815,-35.98
2584.920,-36.013
2585.023,-35.953
2585.052,-35.933
2585.228,-36.0
2585.255,-36.107
2585.364,-35.947
2585.451,-36.027
2585.555,-36.08
2585.660,-36.033
2585.753,-36.047
2585.856,-36.047
2585.949,-35.993
2586.077,-36.053
2586.170,-36.067
2586.277,-35.967
2586.349,-36.047
2586.449,-35.967
2586.555,-36.04
2586.653,-35.993
2876.760,-36.0
2876.864,-36.04
2876.961,-36.133
2877.084,-36.06
2877.177,-35.967
2877.288,-36.06
2877.351,-36.033
2877.452,-36.02
2877.589,-35.967
2877.667,-35.96
2877.746,-35.98
2877.883,-36.02
2877.986,-36.013
2878.087,-36.06
2878.195,-35.887
2878.297,-35.96
2878.369,-36.013
2878.506,-36.033
2878.603,-36.053
2878.692,-35.947
2878.744,-36.047
2878.905,-36.06
2879.016,-36.027
2879.111,-35.987
2879.212,-36.073
2879.241,-36.087
2879.341,-36.12
2879.451,-36.12
2879.554,-36.047
2879.650,-36.12
2879.751,-36.047
2879.839,-36.033
2879.959,-36.067
2880.057,-36.027
2880.158,-36.053
2880.238,-35.993
2880.339,-35.973
2880.445,-36.013
2880.555,-35.92
2880.648,-36.013
2880.756,-36.053
2880.858,-35.98
2880.966,-35.967
2881.062,-35.893
2881.160,-35.993
2881.265,-36.073
2881.354,-35.827
2881.437,-36.0
2881.589,-36.033
2881.655,-36.007
2881.782,-36.013
2881.878,-35.9
2882.000,-35.98
2882.087,-36.093
2882.190,-36.067
2882.287,-35.973
2882.391,-35.933
2882.494,-36.013
2882.594,-36.02
2882.697,-35.967
2882.729,-35.993
2882.900,-35.947
2882.932,-35.967
2883.028,-36.02
2883.130,-36.053
2883.231,-36.033
2883.337,-35.993
2883.427,-36.04
2883.540,-35.973
2883.643,-36.007
2883.743,-35.98
2883.837,-36.133
2883.935,-36.053
2884.030,-35.993
2884.128,-36.0
2884.231,-36.06
2884.332,-36.013
2884.430,-36.1
2884.528,-35.92
2884.663,-35.927
2884.741,-36.013
2884.844,-36.1
2884.947,-36.073
2885.052,-35.98
2885.153,-35.973
2885.263,-36.067
2885.342,-36.113
2885.466,-35.953
2885.570,-35.933
2885.675,-36.047
2885.773,-36.12
2885.871,-36.0
2885.972,-36.033
2886.074,-36.04
2886.177,-35.907
2886.283,-36.013
2886.383,-36.1
2886.491,-36.047
2886.520,-36.053
2886.616,-36.06
2936.734,-36.053
2936.822,-36.04
2936.923,-35.993
2937.016,-36.053
2937.125,-36.033
2937.226,-35.893
2937.326,-36.04
2937.429,-36.04
2937.538,-36.007
2937.616,-36.027
2937.714,-35.953
2937.834,-35.947
2937.923,-35.947
2938.020,-36.02
2938.130,-36.08
2938.248,-35.993
2938.332,-36.087
2938.437,-35.987
2938.540,-36.0
2938.641,-36.013
2938.741,-36.027
2938.844,-35.993
2938.949,-35.947
2939.052,-35.94
2939.152,-35.953
2939.248,-35.973
2939.349,-36.08
2939.415,-36.08
2939.521,-35.987
2939.630,-35.967
2939.766,-35.947
2939.866,-36.08
2939.964,-35.96
2940.086,-35.987
2940.175,-35.987
2940.278,-35.753
2940.378,-36.04
2940.408,-36.053
2940.508,-36.107
2940.606,-35.967
2940.706,-35.993
2940.807,-35.993
2940.912,-36.067
2941.018,-36.073
2941.197,-36.027
2941.224,-36.06
2941.324,-35.947
2941.425,-36.1
2941.511,-36.067
2941.611,-36.0
2941.714,-35.987
2941.810,-35.907
2941.923,-36.013
2942.018,-36.087
2942.116,-35.933
2942.219,-36.053
2942.324,-35.993
2942.423,-35.933
2942.528,-36.0
2942.628,-36.0
2942.734,-36.087
2942.832,-35.973
2942.940,-35.907
2943.043,-35.98
2943.141,-35.933
2943.243,-35.973
2943.349,-36.073
2943.447,-35.993
2943.548,-36.107
2943.655,-35.913
2943.761,-35.993
2943.859,-35.947
2943.964,-35.927
2944.084,-35.893
2944.101,-36.087
2944.197,-35.933
2944.300,-35.933
2944.396,-36.053
2944.498,-36.053
2944.613,-36.033
2944.699,-35.993
2944.819,-36.0
2944.908,-36.04
2945.016,-36.033
2945.094,-36.08
2945.214,-35.96
2945.300,-36.02
2945.402,-36.0
2945.498,-36.02
2945.603,-36.033
2945.709,-36.033
2945.810,-36.067
2945.922,-35.98
2946.010,-35.927
2946.114,-35.96
2946.214,-36.013
2946.334,-36.0
2946.417,-36.033
2946.513,-35.96
2946.621,-36.027
2996.734,-35.907
2996.827,-36.12
2996.927,-36.067
2997.030,-35.94
2997.133,-36.02
2997.234,-36.073
2997.339,-35.967
2997.440,-36.047
2997.543,-35.9
2997.646,-36.007
2997.760,-35.96
2997.851,-36.053
2997.952,-35.967
2998.055,-35.98
2998.084,-35.907
2998.194,-36.007
2998.283,-36.013
2998.391,-35.967
2998.494,-35.94
2998.597,-36.067
2998.699,-36.013
2998.800,-36.073
2998.898,-35.94
2999.003,-36.067
2999.104,-36.08
2999.199,-36.04
2999.297,-36.053
2999.391,-36.02
2999.481,-36.06
2999.597,-36.053
2999.697,-36.033
2999.795,-36.033
2999.898,-35.973
3000.008,-36.093
3000.106,-36.08
3000.206,-35.893
3000.332,-35.96
3000.420,-36.047
3000.518,-35.933
3000.614,-35.967
3000.699,-35.873
3000.820,-36.06
3000.923,-35.96
3001.025,-36.1
3001.133,-36.013
3001.236,-35.86
3001.334,-35.967
3001.440,-35.893
3001.476,-35.913
3001.640,-36.0
3001.741,-36.053
3001.851,-36.053
3001.880,-35.98
3001.979,-36.027
3002.077,-36.073
3002.194,-36.027
3002.290,-35.933
3002.386,-35.933
3002.491,-36.107
3002.582,-35.993
3002.672,-35.973
3002.773,-36.02
3002.876,-36.067
3002.976,-36.08
3003.072,-36.08
3003.195,-36.02
3003.271,-35.96
3003.381,-35.993
3003.483,-36.067
3003.587,-35.987
3003.687,-36.093
3003.768,-36.007
3003.915,-36.0
3004.006,-36.007
3004.097,-36.047
3004.199,-35.98
3004.271,-36.107
3004.418,-36.053
3004.486,-36.007
3004.608,-36.073
3004.712,-36.0
3004.812,-36.033
3004.910,-35.913
3005.018,-35.98
3005.119,-36.027
3005.222,-35.953
3005.326,-35.967
3005.432,-35.953
3005.523,-35.86
3005.635,-35.987
3005.662,-36.033
3005.844,-36.033
3005.861,-36.04
3005.967,-35.967
3006.065,-36.113
3006.168,-36.127
3006.280,-36.0
3006.376,-35.947
3006.474,-36.053
3006.579,-36.073
3006.668,-36.027
3056.761,-36.013
3056.866,-35.853
3056.964,-36.0
3057.069,-36.147
3057.177,-36.08
3057.273,-36.033
3057.383,-36.1
3057.479,-35.887
3057.579,-35.96
3057.682,-35.993
3057.792,-36.04
3057.888,-36.013
3057.991,-35.953
3058.094,-36.033
3058.192,-36.06
3058.317,-35.96
3058.415,-35.947
3058.503,-35.933
3058.601,-35.94
3058.704,-36.047
3058.760,-36.013
3058.868,-35.967
3058.967,-35.94
3059.114,-36.053
3059.153,-36.013
3059.256,-35.987
3059.425,-36.12
3059.452,-36.067
3059.565,-35.953
3059.653,-36.053
3059.761,-36.06
3059.940,-36.047
3059.969,-36.027
3060.067,-35.98
3060.163,-35.96
3060.255,-36.033
3060.349,-35.973
3060.445,-36.027
3060.548,-35.853
3060.665,-36.007
3060.761,-35.96
3060.861,-35.993
3060.961,-35.98
3061.060,-36.02
3061.162,-36.047
3061.260,-36.067
3061.366,-36.12
3061.471,-36.02
3061.574,-36.093
3061.675,-35.893
3061.778,-35.907
3061.880,-36.02
3061.983,-36.053
3062.092,-36.033
3062.185,-35.873
3062.290,-36.1
3062.391,-36.033
3062.503,-35.973
3062.599,-35.913
3062.699,-35.933
3062.800,-35.987
3062.905,-36.02
3063.005,-36.06
3063.109,-36.08
3063.141,-36.113
3063.314,-36.067
3063.341,-36.1
3063.445,-35.987
3063.564,-36.013
3063.650,-35.98
3063.750,-35.967
3063.851,-35.967
3063.954,-36.0
3064.057,-36.087
3064.157,-36.053
3064.256,-35.927
3064.342,-36.013
3064.439,-36.06
3064.547,-35.993
3064.663,-35.92
3064.748,-35.993
3064.854,-36.113
3064.954,-35.987
3065.077,-36.167
3065.160,-36.047
3065.258,-35.973
3065.400,-35.947
3065.456,-35.967
3065.574,-36.013
3065.673,-36.013
3065.778,-35.947
3065.883,-36.053
3065.979,-35.86
3066.082,-35.907
3066.189,-36.013
3066.283,-35.887
3066.393,-36.06
3066.501,-36.06
3066.599,-36.027
3066.694,-36.16
3116.802,-36.087
3116.831,-36.007
3116.937,-36.027
3117.035,-36.013
3117.135,-36.107
3117.238,-36.073
3117.334,-36.08
3117.437,-35.967
3117.535,-36.033
3117.636,-36.027
3117.739,-36.14
3117.842,-36.067
3117.923,-36.0
3118.028,-36.027
3118.126,-36.033
3118.228,-36.007
3118.339,-36.073
3118.435,-35.867
3118.535,-36.073
3118.623,-36.06
3118.751,-36.013
3118.842,-36.047
3118.945,-36.013
3119.048,-36.167
3119.152,-36.033
3119.256,-36.007
3119.361,-36.08
3119.459,-35.92
3119.565,-35.987
3119.687,-36.093
3119.756,-36.08
3119.878,-35.96
3119.974,-36.027
3120.072,-36.067
3120.182,-36.127
3120.285,-36.027
3120.380,-36.087
3120.516,-36.1
3120.591,-36.027
3120.619,-35.98
3120.724,-36.047
3120.820,-35.98
3120.934,-35.947
3121.020,-36.047
3121.121,-35.927
3121.222,-35.993
3121.327,-36.107
3121.425,-36.027
3121.535,-36.06
3121.717,-36.147
3121.719,-35.947
3121.842,-36.04
3121.915,-35.953
3122.018,-35.967
3122.125,-35.92
3122.222,-35.96
3122.347,-36.0
3122.430,-36.087
3122.533,-36.0
3122.640,-36.047
3122.748,-36.02
3122.837,-36.013
3122.947,-36.027
3123.077,-35.987
3123.160,-36.1
3123.280,-35.967
3123.354,-35.953
3123.410,-35.967
3123.559,-35.98
3123.660,-36.08
3123.763,-36.027
3123.826,-36.073
3123.957,-36.033
3124.079,-35.853
3124.106,-35.9
3124.263,-35.913
3124.307,-36.027
3124.474,-36.007
3124.506,-36.073
3124.609,-36.02
3124.706,-36.027
3124.807,-35.973
3124.917,-36.08
3125.023,-36.007
3125.123,-35.973
3125.202,-36.02
3125.322,-36.027
3125.423,-36.113
3125.525,-36.107
3125.604,-36.04
3125.712,-36.12
3125.807,-35.953
3125.907,-36.02
3126.101,-36.1
3126.108,-36.013
3126.222,-36.04
3126.320,-36.0
3126.425,-35.96
3126.523,-35.967
3126.628,-36.06
3176.729,-36.033
3176.836,-36.02
3176.935,-35.86
3177.038,-35.887
3177.160,-36.087
3177.239,-35.92
3177.342,-35.947
3177.454,-35.967
3177.527,-35.993
3177.609,-36.027
3177.709,-36.027
3177.856,-35.967
3177.927,-36.033
3178.057,-35.873
3178.131,-35.993
3178.199,-35.993
3178.369,-35.953
3178.396,-35.933
3178.494,-35.933
3178.675,-35.98
3178.701,-36.08
3178.798,-35.96
3178.900,-36.073
3178.998,-35.987
3179.111,-36.08
3179.209,-36.013
3179.310,-36.033
3179.408,-36.067
3179.501,-36.08
3179.599,-35.993
3179.702,-36.02
3179.810,-36.127
3179.905,-36.093
3180.013,-36.007
3180.099,-35.947
3180.217,-35.967
3180.320,-36.06
3180.420,-36.033
3180.518,-36.053
3180.621,-35.893
3180.721,-36.073
3180.834,-36.053
3180.929,-35.987
3181.035,-36.007
3181.138,-35.967
3181.246,-35.96
3181.342,-36.027
3181.437,-36.013
3181.538,-36.0
3181.643,-35.793
3181.744,-35.873
3181.805,-35.987
3181.910,-36.1
3181.986,-36.027
3182.087,-35.973
3182.185,-35.893
3182.363,-35.947
3182.386,-35.98
3182.486,-35.967
3182.582,-36.06
3182.684,-36.06
3182.783,-36.073
3182.883,-36.087
3183.010,-36.04
3183.082,-36.1
3183.182,-36.047
3183.280,-36.02
3183.407,-35.953
3183.486,-36.1
3183.589,-35.92
3183.690,-36.047
3183.819,-35.947
3183.902,-35.96
3184.003,-36.02
3184.099,-35.933
3184.211,-36.047
3184.310,-36.007
3184.412,-36.02
3184.510,-35.933
3184.619,-36.053
3184.717,-35.967
3184.817,-35.98
3184.922,-36.12
3185.028,-36.127
3185.126,-36.0
3185.244,-35.98
3185.334,-35.9
3185.430,-35.96
3185.535,-36.06
3185.611,-36.047
3185.675,-35.887
3185.775,-36.007
3185.944,-35.973
3185.979,-36.107
3186.074,-36.027
3186.202,-36.06
3186.283,-36.013
3186.385,-36.067
3186.488,-36.06
3186.592,-35.967
3476.763,-35.913
3476.770,-36.04
3476.873,-35.973
3476.976,-35.98
3477.082,-36.007
3477.180,-35.993
3477.285,-36.02
3477.381,-35.993
3477.494,-36.0
3477.591,-35.973
3477.689,-36.093
3477.790,-36.073
3477.895,-36.027
3477.993,-36.107
3478.094,-36.04
3478.195,-36.08
3478.298,-36.067
3478.400,-36.02
3478.506,-35.907
3478.609,-36.027
3478.714,-36.073
3478.810,-36.027
3478.920,-36.16
3479.015,-36.047
3479.116,-35.98
3479.219,-36.0
3479.332,-36.073
3479.429,-36.067
3479.528,-35.94
3479.630,-36.047
3479.734,-36.047
3479.763,-36.127
3479.861,-35.953
3479.962,-36.007
3480.065,-36.1
3480.170,-36.04
3480.268,-36.08
3480.388,-36.093
3480.479,-36.04
3480.579,-36.007
3480.677,-36.127
3480.780,-36.0
3480.869,-36.0
3480.966,-35.953
3481.065,-35.953
3481.170,-36.06
3481.270,-36.073
3481.380,-35.9
3481.491,-35.94
3481.579,-35.987
3481.685,-35.993
3481.780,-36.047
3481.903,-36.027
3481.974,-36.047
3482.092,-35.987
3482.192,-35.847
3482.297,-35.913
3482.393,-36.033
3482.513,-36.107
3482.604,-36.06
3482.707,-35.933
3482.805,-36.0
3482.905,-36.013
3483.010,-36.06
3483.111,-36.073
3483.222,-35.907
3483.251,-35.96
3483.354,-36.067
3483.452,-36.047
3483.554,-36.093
3483.650,-36.1
3483.765,-35.967
3483.861,-36.14
3483.962,-36.02
3484.065,-36.067
3484.158,-36.027
3484.261,-35.993
3484.366,-35.967
3484.454,-35.967
3484.550,-36.0
3484.646,-35.953
3484.756,-36.02
3484.854,-36.053
3484.959,-36.033
3485.055,-36.027
3485.165,-35.993
3485.277,-36.02
3485.373,-35.98
3485.469,-36.067
3485.579,-35.973
3485.675,-36.02
3485.773,-35.98
3485.878,-36.087
3485.979,-36.08
3486.084,-36.04
3486.184,-35.98
3486.268,-35.933
3486.388,-35.907
3486.491,-36.0
3486.592,-35.973
3486.704,-36.06
3536.802,-35.933
3536.900,-35.913
3537.006,-35.867
3537.043,-35.907
3537.140,-36.06
3537.317,-35.953
3537.344,-36.087
3537.440,-35.993
3537.543,-36.06
3537.648,-35.993
3537.739,-36.147
3537.853,-35.82
3537.951,-35.833
3538.050,-35.873
3538.152,-36.04
3538.255,-36.02
3538.337,-35.96
3538.439,-36.007
3538.543,-35.96
3538.643,-35.94
3538.744,-35.9
3538.847,-35.92
3538.956,-35.96
3539.052,-36.087
3539.153,-36.147
3539.255,-36.133
3539.342,-35.96
3539.449,-36.027
3539.535,-35.96
3539.636,-35.92
3539.758,-35.987
3539.844,-35.913
3539.989,-35.967
3540.042,-36.013
3540.167,-35.953
3540.258,-35.987
3540.381,-36.007
3540.478,-36.027
3540.596,-35.927
3540.690,-35.933
3540.800,-36.013
3540.896,-36.067
3541.006,-36.027
3541.097,-35.993
3541.126,-36.047
3541.305,-35.94
3541.337,-36.02
3541.437,-35.933
3541.535,-36.067
3541.633,-36.007
3541.736,-35.967
3541.827,-36.013
3541.947,-35.953
3542.043,-35.987
3542.150,-35.987
3542.226,-35.987
3542.327,-35.967
3542.429,-35.993
3542.540,-35.947
3542.636,-36.12
3542.761,-36.0
3542.839,-36.033
3542.954,-35.933
3543.050,-35.993
3543.146,-36.06
3543.251,-36.067
3543.351,-35.94
3543.454,-35.98
3543.535,-36.0
3543.663,-36.027
3543.763,-36.06
3543.824,-36.067
3543.927,-35.92
3544.079,-35.893
3544.141,-35.893
3544.263,-36.0
3544.375,-35.987
3544.469,-35.947
3544.570,-36.14
3544.623,-36.053
3544.724,-36.08
3544.817,-36.12
3544.989,-36.033
3545.018,-36.02
3545.116,-36.04
3545.217,-35.94
3545.322,-36.053
3545.423,-35.98
3545.527,-35.98
3545.630,-35.947
3545.731,-35.913
3545.826,-35.847
3545.915,-36.027
3546.015,-36.027
3546.133,-35.92
3546.219,-36.067
3546.320,-36.047
3546.423,-36.013
3546.527,-36.073
3546.630,-36.1
3596.729,-36.0
3596.827,-35.947
3596.940,-35.947
3597.048,-35.967
3597.146,-36.067
3597.246,-35.813
3597.354,-35.927
3597.449,-35.92
3597.550,-36.06
3597.663,-35.967
3597.763,-35.9
3597.824,-35.98
3597.930,-36.087
3598.097,-36.013
3598.131,-36.02
3598.207,-36.033
3598.307,-35.973
3598.442,-35.947
3598.565,-36.02
3598.616,-36.147
3598.707,-36.007
3598.873,-36.053
3598.923,-36.053
3599.018,-36.007
3599.131,-36.147
3599.216,-36.087
3599.314,-35.98
3599.417,-35.907
3599.523,-35.98
3599.601,-36.0
3599.702,-36.013
3599.802,-35.867
3599.912,-36.073
3600.008,-36.08
3600.111,-35.947
3600.236,-35.967
3600.324,-35.94
3600.423,-35.973
3600.518,-36.053
3600.601,-35.933
3600.716,-35.94
3600.836,-35.907
3600.930,-35.953
3601.040,-35.96
3601.140,-35.98
3601.236,-36.0
3601.337,-35.847
3601.452,-35.947
3601.547,-36.04
3601.645,-35.94
3601.748,-35.987
3601.851,-35.887
3601.957,-36.007
3602.070,-35.98
3602.157,-35.953
3602.260,-35.98
3602.364,-35.913
3602.395,-35.833
3602.506,-35.987
3602.601,-36.033
3602.712,-35.987
3602.807,-36.007
3602.896,-35.98
3602.994,-35.94
3603.108,-35.953
3603.204,-36.0
3603.307,-36.08
3603.405,-36.0
3603.503,-35.947
3603.611,-36.027
3603.709,-36.013
3603.812,-35.927
3603.910,-35.98
3604.003,-35.947
3604.104,-35.9
3604.216,-36.08
3604.320,-36.08
3604.422,-35.953
3604.520,-35.767
3604.650,-35.967
3604.726,-35.88
3604.824,-35.967
3604.923,-35.893
3605.011,-35.893
3605.128,-35.947
3605.229,-36.027
3605.332,-35.973
3605.434,-36.053
3605.537,-35.893
3605.638,-36.053
3605.748,-35.973
3605.844,-35.993
3605.945,-36.013
3606.048,-35.947
3606.158,-35.887
3606.187,-35.947
3606.285,-36.06
3606.483,-35.953
3606.501,-35.993
3606.597,-36.0
3606.694,-35.947
3656.792,-35.953
3656.896,-36.087
3656.994,-35.933
3657.101,-35.893
3657.219,-35.947
3657.280,-35.927
3657.391,-36.08
3657.501,-36.087
3657.584,-35.94
3657.687,-35.933
3657.793,-36.02
3657.891,-35.927
3657.996,-35.953
3658.097,-35.993
3658.192,-35.867
3658.319,-36.047
3658.405,-36.08
3658.506,-35.993
3658.609,-36.087
3658.687,-35.907
3658.820,-36.093
3658.918,-35.96
3659.021,-35.953
3659.123,-35.9
3659.222,-35.933
3659.326,-35.967
3659.427,-35.96
3659.488,-36.02
3659.633,-35.987
3659.734,-35.927
3659.839,-36.013
3659.940,-36.02
3660.043,-35.98
3660.070,-36.073
3660.182,-35.947
3660.278,-35.98
3660.375,-36.167
3660.476,-36.02
3660.569,-36.013
3660.690,-36.06
3660.788,-35.953
3660.893,-35.993
3660.974,-36.013
3661.070,-35.973
3661.168,-36.12
3661.282,-35.873
3661.381,-36.013
3661.484,-35.953
3661.579,-35.967
3661.712,-35.98
3661.785,-35.927
3661.890,-35.987
3661.994,-35.96
3662.070,-36.047
3662.194,-35.953
3662.297,-35.893
3662.430,-36.02
3662.501,-36.073
3662.564,-36.053
3662.667,-35.973
3662.768,-36.033
3662.869,-36.0
3662.979,-36.04
3663.097,-36.033
3663.195,-35.967
3663.320,-36.04
3663.417,-35.913
3663.464,-36.113
3663.562,-36.027
3663.729,-36.053
3663.832,-36.02
3663.876,-36.027
3664.037,-35.933
3664.065,-35.973
3664.163,-36.033
3664.266,-36.047
3664.369,-36.027
3664.469,-35.927
3664.569,-35.887
3664.658,-36.113
3664.777,-36.06
3664.880,-36.007
3664.959,-35.94
3665.060,-35.927
3665.163,-36.08
3665.263,-35.987
3665.373,-36.0
3665.469,-35.933
3665.565,-36.027
3665.668,-36.073
3665.775,-35.98
3665.878,-36.033
3665.981,-35.893
3666.084,-35.987
3666.180,-36.1
3666.288,-36.067
3666.405,-35.967
3666.496,-35.873
3666.597,-35.847
3666.699,-35.893
3716.815,-35.973
3716.913,-35.933
3716.971,-35.907
3717.070,-35.967
3717.177,-35.953
3717.253,-36.067
3717.407,-36.0
3717.459,-35.907
3717.554,-35.927
3717.650,-35.987
3717.756,-36.12
3717.920,-36.033
3717.971,-36.067
3718.062,-36.013
3718.165,-36.06
3718.266,-36.033
3718.344,-35.96
3718.464,-35.987
3718.550,-35.973
3718.653,-36.06
3718.751,-35.947
3718.849,-36.027
3718.947,-35.973
3719.055,-35.993
3719.155,-36.073
3719.261,-36.093
3719.344,-36.033
3719.464,-36.093
3719.560,-35.987
3719.668,-35.96
3719.780,-36.1
3719.878,-36.1
3719.976,-35.947
3720.081,-35.767
3720.180,-35.913
3720.283,-36.087
3720.386,-36.0
3720.491,-35.96
3720.589,-35.92
3720.694,-35.953
3720.815,-36.033
3720.896,-35.953
3721.000,-35.98
3721.101,-35.98
3721.182,-35.933
3721.246,-36.047
3721.410,-36.047
3721.437,-35.967
3721.550,-36.033
3721.641,-36.02
3721.753,-36.12
3721.859,-36.113
3721.945,-36.027
3722.047,-36.0
3722.143,-35.98
3722.255,-36.04
3722.354,-35.96
3722.449,-36.033
3722.554,-36.0
3722.653,-35.987
3722.741,-35.933
3722.844,-36.047
3722.945,-36.007
3723.065,-36.06
3723.160,-36.127
3723.256,-36.04
3723.356,-36.027
3723.456,-36.073
3723.559,-36.047
3723.655,-35.98
3723.755,-35.947
3723.866,-36.047
3723.969,-36.14
3724.070,-35.913
3724.173,-35.947
3724.275,-35.847
3724.378,-36.007
3724.489,-36.08
3724.538,-35.953
3724.640,-35.893
3724.788,-35.98
3724.903,-36.053
3724.930,-36.033
3725.059,-35.94
3725.163,-35.987
3725.226,-35.96
3725.342,-35.947
3725.435,-35.9
3725.547,-36.087
3725.638,-35.967
3725.733,-36.027
3725.829,-36.047
3725.961,-35.913
3726.027,-35.913
3726.146,-35.98
3726.234,-36.053
3726.327,-36.08
3726.437,-35.867
3726.533,-36.0
3726.635,-36.053
3776.739,-35.94
3776.837,-35.953
3776.932,-36.007
3777.064,-36.02
3777.153,-36.087
3777.248,-36.027
3777.347,-35.973
3777.449,-35.84
3777.554,-35.867
3777.658,-36.0
3777.758,-36.053
3777.869,-36.0
3777.964,-36.053
3778.067,-35.86
3778.168,-35.993
3778.280,-36.113
3778.371,-35.933
3778.476,-35.987
3778.601,-35.893
3778.680,-35.953
3778.782,-36.04
3778.900,-35.947
3778.918,-35.973
3779.089,-35.973
3779.116,-36.027
3779.214,-35.933
3779.336,-35.887
3779.420,-35.94
3779.523,-35.953
3779.633,-35.947
3779.719,-36.033
3779.822,-36.047
3779.927,-36.093
3780.035,-36.087
3780.131,-35.9
3780.229,-35.96
3780.324,-35.86
3780.415,-35.927
3780.523,-35.9
3780.619,-35.96
3780.738,-36.02
3780.831,-36.027
3780.932,-36.007
3781.033,-35.94
3781.150,-36.04
3781.246,-36.06
3781.342,-36.027
3781.474,-36.013
3781.555,-35.973
3781.655,-35.947
3781.758,-36.073
3781.839,-35.94
3781.957,-35.947
3782.067,-36.027
3782.160,-35.927
3782.273,-36.047
3782.369,-35.853
3782.467,-35.98
3782.576,-36.12
3782.614,-35.873
3782.775,-36.12
3782.878,-36.053
3782.905,-35.867
3783.011,-35.947
3783.106,-36.0
3783.221,-35.98
3783.310,-35.987
3783.423,-36.047
3783.518,-36.053
3783.606,-36.093
3783.699,-36.08
3783.812,-36.047
3783.917,-35.953
3784.018,-35.9
3784.103,-35.98
3784.209,-36.013
3784.302,-35.893
3784.415,-35.893
3784.503,-36.04
3784.608,-35.947
3784.719,-36.033
3784.798,-35.927
3784.932,-35.873
3785.003,-35.967
3785.148,-35.993
3785.234,-36.033
3785.337,-36.047
3785.442,-35.933
3785.559,-36.007
3785.646,-35.967
3785.704,-35.987
3785.849,-36.087
3785.952,-36.007
3786.052,-35.893
3786.153,-36.007
3786.248,-35.953
3786.359,-35.973
3786.412,-35.893
3786.511,-36.0
3786.668,-35.967
3786.694,-36.013
4076.793,-36.047
4076.903,-36.0
4077.008,-36.073
4077.099,-36.027
4077.207,-36.187
4077.290,-36.047
4077.396,-36.073
4077.500,-36.087
4077.604,-35.987
4077.690,-36.04
4077.793,-35.94
4077.910,-36.007
4078.006,-36.093
4078.111,-36.027
4078.209,-36.087
4078.315,-36.087
4078.417,-36.067
4078.500,-36.047
4078.604,-35.987
4078.722,-36.067
4078.827,-36.02
4078.912,-35.96
4079.054,-36.1
4079.133,-36.007
4079.234,-36.04
4079.334,-35.893
4079.430,-36.013
4079.533,-36.02
4079.648,-35.933
4079.744,-36.047
4079.842,-35.893
4079.944,-36.047
4080.045,-35.993
4080.148,-35.92
4080.251,-35.973
4080.293,-35.94
4080.383,-35.96
4080.489,-35.98
4080.584,-36.013
4080.684,-36.053
4080.788,-36.047
4080.890,-35.953
4080.993,-36.08
4081.097,-36.147
4081.197,-36.06
4081.298,-35.993
4081.396,-35.98
4081.479,-35.967
4081.582,-36.007
4081.690,-35.973
4081.785,-35.92
4081.893,-35.987
4081.978,-36.0
4082.082,-36.0
4082.187,-35.953
4082.293,-35.853
4082.393,-35.993
4082.496,-36.007
4082.584,-35.993
4082.702,-36.08
4082.804,-35.913
4082.913,-35.933
4083.011,-35.947
4083.111,-36.02
4083.234,-35.873
4083.322,-35.82
4083.418,-35.987
4083.527,-36.0
4083.645,-36.033
4083.672,-36.027
4083.858,-35.927
4083.939,-35.973
4084.040,-36.073
4084.140,-36.007
4084.173,-35.993
4084.344,-36.073
4084.376,-35.933
4084.472,-36.013
4084.574,-36.04
4084.677,-36.073
4084.785,-35.98
4084.883,-35.947
4084.988,-35.98
4085.072,-35.98
4085.175,-36.027
4085.270,-35.973
4085.371,-35.887
4085.483,-36.027
4085.579,-36.007
4085.682,-36.007
4085.805,-36.067
4085.891,-36.1
4085.969,-36.013
4086.074,-36.047
4086.173,-36.06
4086.285,-36.073
4086.386,-36.087
4086.472,-35.947
4086.577,-35.947
4086.697,-35.907
4136.793,-35.907
4136.910,-35.94
4136.991,-35.96
4137.111,-35.953
4137.207,-36.02
4137.320,-35.933
4137.418,-35.967
4137.513,-35.84
4137.614,-35.947
4137.667,-36.047
4137.822,-36.107
4137.923,-36.067
4137.974,-35.94
4138.057,-36.033
4138.179,-36.107
4138.270,-35.987
4138.378,-35.913
4138.469,-35.927
4138.570,-35.953
4138.670,-35.967
4138.770,-35.933
4138.876,-35.933
4138.954,-36.0
4139.057,-35.96
4139.162,-36.027
4139.261,-36.087
4139.364,-35.973
4139.479,-35.933
4139.572,-36.007
4139.670,-36.02
4139.775,-36.007
4139.893,-36.02
4139.989,-36.02
4140.087,-35.967
4140.184,-36.033
4140.287,-36.027
4140.408,-36.0
4140.491,-35.98
4140.550,-35.907
4140.695,-36.04
4140.763,-36.0
4140.869,-35.913
4140.994,-35.86
4141.094,-35.9
4141.185,-36.067
4141.317,-36.067
4141.398,-36.06
4141.447,-35.92
4141.636,-35.947
4141.729,-35.9
4141.758,-35.933
4141.854,-36.027
4141.957,-35.993
4142.052,-35.953
4142.153,-36.073
4142.261,-35.927
4142.347,-35.96
4142.467,-36.0
4142.548,-36.06
4142.643,-35.987
4142.751,-35.9
4142.858,-36.007
4142.957,-35.98
4143.050,-36.013
4143.155,-35.953
4143.266,-35.987
4143.363,-35.96
4143.459,-36.027
4143.567,-36.04
4143.665,-35.98
4143.766,-35.947
4143.866,-35.96
4143.972,-35.993
4144.097,-36.08
4144.177,-36.087
4144.258,-35.867
4144.391,-36.053
4144.444,-36.033
4144.543,-35.987
4144.648,-35.953
4144.751,-35.94
4144.859,-35.933
4144.964,-35.913
4145.043,-35.987
4145.141,-35.967
4145.241,-35.867
4145.405,-35.987
4145.437,-35.92
4145.540,-36.107
4145.635,-36.0
4145.751,-36.007
4145.839,-35.92
4145.940,-35.993
4146.037,-36.047
4146.140,-35.973
4146.236,-36.107
4146.337,-36.013
4146.437,-36.0
4146.537,-35.96
4146.653,-36.0
4196.736,-35.933
4196.853,-35.96
4196.951,-35.993
4197.047,-35.933
4197.146,-35.92
4197.243,-36.073
4197.353,-35.927
4197.454,-35.9
4197.565,-36.06
4197.658,-35.98
4197.785,-36.053
4197.864,-35.873
4197.978,-35.833
4198.076,-36.107
4198.172,-35.913
4198.271,-35.947
4198.376,-36.093
4198.478,-36.013
4198.579,-36.1
4198.682,-35.993
4198.785,-35.993
4198.896,-35.94
4198.925,-35.853
4199.092,-36.007
4199.204,-35.873
4199.229,-36.0
4199.332,-36.053
4199.427,-36.047
4199.535,-35.973
4199.631,-35.933
4199.728,-36.013
4199.839,-36.013
4199.934,-35.907
4200.033,-35.813
4200.136,-35.92
4200.222,-36.033
4200.322,-35.96
4200.435,-35.887
4200.528,-35.88
4200.621,-35.953
4200.731,-35.92
4200.827,-36.04
4200.944,-35.98
4201.042,-35.847
4201.141,-35.827
4201.241,-35.953
4201.354,-36.053
4201.447,-36.113
4201.550,-36.007
4201.652,-35.947
4201.755,-36.007
4201.858,-36.053
4201.976,-36.04
4202.065,-35.827
4202.163,-35.887
4202.271,-36.02
4202.342,-36.02
4202.476,-35.987
4202.572,-35.953
4202.675,-35.9
4202.780,-35.953
4202.881,-36.02
4202.993,-36.087
4203.021,-36.087
4203.187,-36.04
4203.216,-35.973
4203.315,-36.02
4203.415,-35.953
4203.518,-36.033
4203.621,-35.96
4203.729,-35.967
4203.812,-36.02
4203.930,-36.08
4204.030,-36.013
4204.133,-36.027
4204.226,-35.933
4204.322,-35.96
4204.425,-35.94
4204.548,-35.98
4204.623,-36.007
4204.714,-35.94
4204.842,-35.96
4204.915,-36.007
4205.023,-35.913
4205.125,-35.933
4205.221,-35.987
4205.327,-35.96
4205.447,-36.047
4205.545,-35.947
4205.653,-36.007
4205.739,-35.913
4205.837,-35.953
4205.956,-35.993
4206.065,-35.953
4206.168,-35.98
4206.263,-35.947
4206.386,-35.953
4206.403,-36.12
4206.503,-35.92
4206.670,-35.953
4256.753,-36.047
4256.875,-36.013
4256.903,-35.907
4257.001,-36.027
4257.121,-35.967
4257.211,-35.927
4257.317,-36.053
4257.413,-35.973
4257.513,-36.033
4257.619,-36.08
4257.717,-36.027
4257.822,-36.013
4257.905,-36.12
4258.003,-35.927
4258.104,-36.02
4258.224,-35.98
4258.312,-36.007
4258.413,-35.973
4258.513,-36.087
4258.635,-36.107
4258.734,-36.06
4258.831,-35.927
4258.927,-35.96
4259.028,-36.02
4259.109,-35.973
4259.216,-35.893
4259.295,-35.913
4259.442,-36.033
4259.500,-36.08
4259.606,-35.993
4259.739,-35.94
4259.839,-35.853
4259.937,-35.933
4260.082,-36.027
4260.145,-36.053
4260.253,-36.013
4260.358,-35.973
4260.472,-35.973
4260.501,-35.96
4260.601,-35.987
4260.697,-36.027
4260.797,-35.987
4260.896,-35.98
4260.994,-36.047
4261.091,-35.973
4261.211,-35.913
4261.309,-35.96
4261.405,-35.98
4261.491,-35.933
4261.608,-36.067
4261.706,-36.02
4261.790,-36.033
4261.898,-36.073
4262.018,-35.9
4262.097,-36.0
4262.204,-36.02
4262.310,-36.08
4262.407,-35.953
4262.506,-35.893
4262.608,-35.933
4262.746,-35.887
4262.814,-35.933
4262.915,-36.093
4263.001,-35.947
4263.106,-35.98
4263.184,-36.06
4263.287,-35.967
4263.393,-35.947
4263.493,-35.967
4263.599,-35.88
4263.701,-35.893
4263.837,-36.013
4263.940,-36.0
4264.043,-36.013
4264.148,-35.88
4264.248,-35.987
4264.282,-35.947
4264.447,-35.92
4264.496,-35.887
4264.579,-35.94
4264.682,-35.933
4264.783,-35.94
4264.881,-35.9
4264.988,-35.927
4265.091,-36.0
4265.206,-36.02
4265.300,-36.02
4265.398,-36.147
4265.476,-36.127
4265.596,-36.007
4265.694,-36.013
4265.790,-35.907
4265.893,-36.033
4265.994,-35.973
4266.091,-35.933
4266.195,-36.053
4266.309,-36.08
4266.396,-36.087
4266.481,-36.1
4266.584,-36.107
4316.719,-35.993
4316.775,-36.067
4316.918,-36.0
4316.981,-35.96
4317.084,-35.94
4317.207,-35.947
4317.298,-35.893
4317.423,-36.047
4317.543,-35.973
4317.611,-36.06
4317.736,-36.053
4317.822,-36.02
4317.873,-36.013
4317.969,-35.98
4318.069,-36.0
4318.170,-35.913
4318.271,-36.027
4318.366,-36.06
4318.469,-36.067
4318.582,-35.987
4318.677,-36.107
4318.778,-35.967
4318.881,-36.127
4318.967,-36.013
4319.065,-35.96
4319.187,-35.933
4319.271,-35.913
4319.366,-36.08
4319.474,-35.933
4319.581,-36.02
4319.687,-36.047
4319.780,-36.047
4319.890,-35.887
4319.984,-35.913
4320.096,-35.993
4320.195,-36.027
4320.298,-36.113
4320.396,-36.027
4320.496,-35.873
4320.597,-35.947
4320.679,-35.98
4320.802,-35.867
4320.925,-36.053
4320.959,-35.98
4321.130,-35.98
4321.173,-36.04
4321.275,-35.973
4321.375,-36.013
4321.484,-36.087
4321.560,-35.9
4321.658,-35.973
4321.827,-36.0
4321.895,-35.993
4321.994,-35.953
4322.072,-36.0
4322.236,-36.007
4322.266,-36.067
4322.369,-36.14
4322.467,-36.067
4322.557,-36.08
4322.673,-35.947
4322.771,-36.067
4322.869,-36.04
4322.969,-36.053
4323.064,-36.027
4323.160,-35.907
4323.260,-35.993
4323.361,-35.84
4323.464,-35.933
4323.565,-35.94
4323.658,-35.72
4323.771,-35.927
4323.873,-35.92
4323.976,-35.98
4324.077,-36.1
4324.180,-36.007
4324.282,-35.9
4324.393,-36.033
4324.488,-36.113
4324.589,-36.033
4324.692,-35.867
4324.805,-35.94
4324.903,-36.013
4325.000,-35.933
4325.057,-35.86
4325.204,-35.967
4325.315,-35.967
4325.376,-36.0
4325.451,-36.027
4325.584,-36.107
4325.707,-36.093
4325.758,-35.967
4325.864,-36.027
4325.949,-35.947
4326.050,-35.96
4326.158,-35.887
4326.253,-35.993
4326.354,-35.853
4326.464,-36.04
4326.560,-35.98
4326.643,-35.907
4376.748,-35.967
4376.853,-35.86
4376.966,-36.013
4377.057,-35.867
4377.160,-36.047
4377.256,-36.027
4377.378,-35.96
4377.462,-36.073
4377.560,-35.953
4377.658,-36.06
4377.770,-35.887
4377.866,-35.967
4377.969,-35.947
4378.072,-35.953
4378.180,-35.993
4378.278,-35.993
4378.378,-35.953
4378.481,-35.967
4378.584,-36.047
4378.694,-36.02
4378.804,-36.033
4378.893,-35.92
4378.993,-36.053
4379.096,-35.987
4379.217,-36.0
4379.244,-35.953
4379.403,-35.9
4379.511,-35.94
4379.538,-35.893
4379.643,-36.013
4379.748,-36.087
4379.846,-35.973
4379.986,-35.953
4380.043,-35.973
4380.138,-35.98
4380.248,-36.08
4380.332,-36.0
4380.432,-35.887
4380.554,-36.047
4380.641,-36.193
4380.734,-36.047
4380.837,-35.953
4380.945,-35.947
4381.052,-35.947
4381.150,-36.087
4381.248,-36.107
4381.347,-36.027
4381.449,-36.047
4381.552,-36.007
4381.663,-35.9
4381.788,-35.953
4381.861,-36.113
4381.964,-36.007
4382.067,-35.953
4382.168,-35.987
4382.271,-35.987
4382.366,-36.0
4382.479,-35.993
4382.601,-35.953
4382.680,-35.853
4382.783,-36.02
4382.891,-36.013
4382.996,-35.96
4383.023,-35.887
4383.121,-35.967
4383.307,-35.967
4383.334,-35.92
4383.430,-35.98
4383.535,-35.92
4383.633,-36.027
4383.736,-35.973
4383.839,-35.933
4383.949,-36.047
4384.028,-36.0
4384.126,-36.08
4384.239,-36.047
4384.342,-36.027
4384.439,-35.953
4384.533,-36.02
4384.625,-36.0
4384.728,-35.833
4384.854,-35.98
4384.927,-35.94
4385.052,-35.947
4385.143,-36.033
4385.248,-35.913
4385.347,-35.887
4385.437,-36.04
4385.545,-36.067
4385.653,-35.887
4385.751,-35.993
4385.854,-35.78
4385.964,-35.933
4386.065,-36.027
4386.185,-35.98
4386.265,-36.047
4386.359,-35.86
4386.467,-36.047
4386.570,-36.067
4386.673,-35.98
4676.783,-35.993
4676.814,-35.96
4676.913,-36.073
4677.008,-36.04
4677.185,-36.047
4677.219,-36.053
4677.324,-36.033
4677.423,-35.953
4677.518,-36.007
4677.623,-35.967
4677.724,-35.927
4677.807,-36.08
4677.925,-36.06
4678.013,-35.933
4678.126,-35.9
4678.212,-35.973
4678.312,-36.007
4678.427,-35.907
4678.523,-35.907
4678.619,-35.907
4678.728,-36.08
4678.815,-36.047
4678.915,-35.907
4679.028,-35.94
4679.141,-35.933
4679.236,-35.927
4679.336,-36.04
4679.467,-35.9
4679.552,-36.047
4679.650,-35.96
4679.744,-35.88
4679.873,-35.98
4679.951,-35.84
4680.055,-36.0
4680.163,-35.953
4680.268,-35.993
4680.364,-36.093
4680.494,-35.787
4680.597,-35.98
4680.599,-35.987
4680.704,-36.08
4680.908,-35.953
4680.979,-36.02
4681.008,-35.893
4681.104,-36.02
4681.202,-35.92
4681.298,-35.927
4681.413,-35.973
4681.510,-36.06
4681.611,-35.973
4681.712,-36.06
4681.805,-35.987
4681.900,-35.98
4681.998,-35.933
4682.101,-36.047
4682.202,-36.007
4682.305,-36.113
4682.400,-36.047
4682.511,-35.947
4682.614,-36.013
4682.714,-35.927
4682.819,-35.953
4682.920,-35.933
4683.016,-35.907
4683.136,-36.087
4683.236,-36.093
4683.329,-36.053
4683.425,-35.993
4683.548,-35.88
4683.646,-35.953
4683.744,-35.987
4683.839,-35.933
4683.952,-35.993
4684.052,-35.92
4684.148,-35.92
4684.251,-35.893
4684.356,-35.987
4684.412,-36.08
4684.559,-35.9
4684.667,-35.967
4684.692,-36.0
4684.793,-36.053
4684.896,-35.987
4685.000,-35.987
4685.094,-35.947
4685.197,-35.98
4685.300,-36.033
4685.386,-35.867
4685.506,-36.013
4685.606,-35.893
4685.685,-36.033
4685.800,-36.08
4685.888,-36.053
4685.991,-35.907
4686.119,-35.927
4686.219,-36.06
4686.298,-35.947
4686.395,-35.993
4686.513,-36.053
4686.611,-35.953
4736.717,-36.02
4736.822,-36.013
4736.900,-36.073
4736.983,-35.987
4737.091,-35.813
4737.224,-35.893
4737.332,-36.027
4737.434,-36.08
4737.545,-36.08
4737.640,-35.907
4737.736,-36.087
4737.836,-36.06
4737.959,-36.013
4738.042,-35.913
4738.143,-35.96
4738.253,-35.893
4738.282,-35.92
4738.380,-35.9
4738.484,-35.887
4738.579,-35.88
4738.695,-35.853
4738.780,-36.007
4738.881,-36.027
4738.988,-35.947
4739.097,-35.98
4739.194,-35.973
4739.295,-35.953
4739.385,-35.953
4739.474,-35.847
4739.577,-35.98
4739.677,-35.973
4739.795,-36.06
4739.893,-36.047
4739.991,-36.027
4740.087,-35.887
4740.192,-35.993
4740.295,-35.98
4740.396,-36.013
4740.486,-35.967
4740.599,-35.98
4740.702,-35.96
4740.804,-35.893
4740.908,-36.027
4741.008,-35.927
4741.103,-36.013
4741.222,-35.98
4741.268,-35.933
4741.376,-36.02
4741.486,-35.973
4741.633,-36.073
4741.702,-35.933
4741.820,-35.813
4741.873,-35.9
4742.025,-35.907
4742.074,-36.047
4742.229,-35.96
4742.280,-36.027
4742.364,-35.933
4742.484,-36.007
4742.582,-35.967
4742.692,-35.96
4742.783,-35.9
4742.876,-35.907
4742.978,-35.993
4743.084,-35.913
4743.167,-35.947
4743.263,-36.02
4743.364,-35.993
4743.471,-36.067
4743.569,-36.02
4743.680,-36.06
4743.793,-35.893
4743.886,-35.953
4743.988,-35.987
4744.086,-35.907
4744.160,-36.027
4744.293,-36.027
4744.396,-35.947
4744.494,-36.1
4744.603,-36.08
4744.699,-36.04
4744.807,-36.02
4744.900,-35.993
4745.006,-35.94
4745.104,-36.0
4745.158,-36.04
4745.309,-35.94
4745.420,-35.933
4745.516,-36.007
4745.631,-36.013
4745.719,-36.047
4745.822,-36.127
4745.893,-36.14
4746.043,-35.973
4746.072,-36.013
4746.162,-36.067
4746.258,-36.027
4746.366,-35.98
4746.454,-36.0
4746.574,-35.88
4746.672,-35.947
4796.766,-35.98
4796.851,-35.947
4796.972,-36.1
4797.050,-36.08
4797.168,-35.953
4797.265,-36.04
4797.361,-36.093
4797.469,-35.987
4797.565,-35.907
4797.665,-36.02
4797.768,-35.94
4797.881,-35.967
4797.978,-36.007
4798.077,-35.9
4798.180,-36.073
4798.288,-35.953
4798.385,-35.973
4798.484,-35.893
4798.572,-35.927
4798.690,-35.967
4798.793,-35.94
4798.893,-36.02
4799.008,-35.947
4799.104,-35.867
4799.204,-35.96
4799.307,-36.0
4799.349,-36.007
4799.508,-36.027
4799.611,-35.967
4799.717,-36.053
4799.746,-35.887
4799.849,-35.993
4799.942,-36.08
4800.042,-36.033
4800.160,-35.927
4800.241,-35.967
4800.351,-36.027
4800.462,-36.08
4800.542,-36.06
4800.662,-36.007
4800.746,-36.053
4800.847,-35.94
4800.942,-36.0
4801.054,-36.087
4801.155,-35.927
4801.258,-36.06
4801.361,-35.96
4801.461,-36.067
4801.557,-36.013
4801.660,-36.087
4801.761,-36.0
4801.880,-35.92
4801.969,-36.04
4802.067,-36.013
4802.170,-36.067
4802.290,-35.96
4802.388,-35.98
4802.484,-36.06
4802.581,-36.1
4802.687,-36.06
4802.787,-35.953
4802.888,-36.027
4802.981,-36.047
4803.094,-36.087
4803.195,-35.987
4803.298,-35.927
4803.400,-35.853
4803.503,-36.013
4803.604,-35.927
4803.635,-35.92
4803.741,-35.887
4803.837,-35.98
4803.935,-35.967
4804.043,-35.947
4804.153,-36.02
4804.231,-35.993
4804.344,-35.973
4804.451,-35.933
4804.550,-35.933
4804.628,-35.913
4804.731,-35.927
4804.864,-36.007
4804.935,-36.007
4805.032,-35.987
4805.133,-35.96
4805.231,-36.093
4805.354,-36.027
4805.449,-35.967
4805.555,-36.027
4805.645,-36.073
4805.746,-36.007
4805.851,-35.873
4805.967,-35.893
4806.062,-35.967
4806.165,-35.993
4806.288,-35.947
4806.378,-36.027
4806.474,-35.827
4806.572,-35.967
4806.658,-35.927
4856.778,-35.973
4856.822,-35.933
4856.923,-35.953
4857.025,-35.993
4857.190,-36.02
4857.300,-36.0
4857.329,-36.027
4857.425,-35.947
4857.523,-35.947
4857.631,-35.993
4857.734,-35.953
4857.827,-35.98
4857.932,-36.02
4858.040,-36.007
4858.126,-35.96
4858.222,-36.0
4858.322,-35.967
4858.418,-36.073
4858.540,-35.867
4858.633,-35.96
4858.734,-36.007
4858.836,-35.94
4858.918,-36.073
4859.037,-35.993
4859.133,-35.967
4859.236,-35.867
4859.339,-36.0
4859.432,-35.973
4859.530,-36.007
4859.641,-36.0
4859.768,-35.993
4859.844,-36.02
4859.964,-35.993
4860.057,-35.953
4860.158,-35.9
4860.261,-35.993
4860.376,-35.973
4860.472,-35.993
4860.567,-35.967
4860.701,-35.96
4860.775,-35.973
4860.873,-36.0
4860.976,-35.953
4861.067,-36.053
4861.182,-36.013
4861.211,-36.047
4861.307,-36.113
4861.489,-35.953
4861.523,-35.987
4861.619,-35.98
4861.719,-36.02
4861.827,-36.007
4861.923,-35.92
4862.025,-35.867
4862.109,-35.973
4862.214,-36.167
4862.312,-36.007
4862.410,-36.0
4862.538,-35.98
4862.616,-35.867
4862.719,-35.967
4862.820,-35.88
4862.927,-35.973
4863.027,-35.947
4863.148,-36.013
4863.204,-36.007
4863.307,-36.047
4863.427,-35.873
4863.530,-35.967
4863.645,-35.88
4863.751,-36.033
4863.853,-36.107
4863.951,-35.853
4864.050,-36.053
4864.146,-35.94
4864.263,-36.02
4864.375,-36.0
4864.469,-35.913
4864.570,-35.987
4864.597,-35.98
4864.741,-36.067
4864.805,-35.927
4864.903,-36.013
4865.003,-35.907
4865.111,-35.987
4865.204,-36.007
4865.304,-35.947
4865.405,-36.033
4865.508,-36.047
4865.609,-35.993
4865.712,-36.013
4865.815,-35.98
4865.917,-36.053
4865.994,-36.053
4866.097,-35.94
4866.212,-35.947
4866.304,-36.007
4866.403,-36.0
4866.511,-35.847
4866.623,-35.993
4916.722,-36.0
4916.819,-35.927
4916.917,-36.047
4917.003,-35.913
4917.121,-36.047
4917.212,-36.087
4917.314,-36.007
4917.400,-36.06
4917.520,-35.933
4917.609,-35.993
4917.726,-36.0
4917.802,-36.02
4917.940,-36.1
4918.054,-36.067
4918.138,-36.227
4918.241,-36.067
4918.290,-35.9
4918.435,-35.953
4918.486,-35.973
4918.658,-35.92
4918.687,-36.0
4918.861,-36.007
4918.895,-36.093
4918.991,-35.947
4919.089,-35.893
4919.192,-35.88
4919.290,-35.967
4919.386,-36.007
4919.521,-36.04
4919.604,-35.967
4919.706,-35.98
4919.800,-36.033
4919.902,-35.927
4919.994,-35.933
4920.091,-36.053
4920.195,-35.933
4920.300,-36.087
4920.398,-36.027
4920.527,-35.953
4920.621,-36.007
4920.712,-36.04
4920.810,-36.007
4920.910,-35.98
4921.033,-36.087
4921.106,-35.98
4921.219,-35.847
4921.329,-35.947
4921.430,-35.933
4921.528,-35.96
4921.636,-35.913
4921.738,-35.84
4921.842,-35.927
4921.967,-35.973
4922.038,-36.06
4922.141,-35.913
4922.241,-35.933
4922.344,-35.887
4922.459,-35.907
4922.476,-35.967
4922.650,-35.98
4922.682,-36.12
4922.778,-36.04
4922.896,-36.02
4922.994,-36.12
4923.092,-36.04
4923.195,-35.96
4923.293,-35.92
4923.391,-35.94
4923.479,-36.02
4923.584,-36.073
4923.687,-36.007
4923.777,-35.927
4923.891,-35.987
4923.972,-35.947
4924.074,-35.987
4924.182,-36.027
4924.295,-36.013
4924.386,-36.04
4924.486,-36.0
4924.589,-35.987
4924.709,-35.94
4924.775,-35.927
4924.893,-35.973
4924.978,-35.98
4925.079,-35.933
4925.202,-35.993
4925.283,-36.04
4925.415,-35.873
4925.513,-36.0
4925.621,-35.973
4925.712,-35.92
4925.768,-36.013
4925.918,-35.96
4925.969,-36.033
4926.072,-35.867
4926.202,-35.84
4926.278,-36.0
4926.378,-36.007
4926.523,-35.98
4926.572,-36.0
4926.668,-35.927
4976.765,-36.02
4976.869,-36.06
4976.984,-35.98
4977.079,-35.9
4977.177,-35.887
4977.283,-36.02
4977.366,-36.02
4977.464,-35.973
4977.567,-35.96
4977.673,-35.98
4977.771,-35.993
4977.883,-36.007
4977.986,-35.88
4978.082,-35.907
4978.190,-35.927
4978.292,-36.0
4978.386,-35.973
4978.489,-35.947
4978.592,-35.98
4978.709,-35.98
4978.805,-35.92
4978.903,-35.96
4979.001,-35.933
4979.121,-36.093
4979.239,-35.96
4979.310,-35.94
4979.410,-35.953
4979.481,-36.08
4979.555,-35.953
4979.655,-35.967
4979.760,-35.98
4979.856,-36.013
4980.038,-36.073
4980.065,-35.893
4980.229,-35.9
4980.256,-35.853
4980.356,-35.88
4980.545,-35.92
4980.562,-36.027
4980.662,-35.987
4980.765,-36.053
4980.866,-36.02
4980.957,-35.94
4981.055,-36.073
4981.150,-36.013
4981.253,-35.98
4981.356,-35.947
4981.459,-36.06
4981.560,-35.887
4981.670,-35.88
4981.768,-36.067
4981.866,-35.893
4981.969,-35.873
4982.072,-35.96
4982.175,-35.907
4982.277,-35.887
4982.383,-35.913
4982.467,-35.88
4982.589,-35.933
4982.687,-35.913
4982.795,-36.02
4982.849,-36.033
4982.949,-36.033
4983.116,-36.087
4983.163,-35.947
4983.260,-35.953
4983.366,-35.973
4983.444,-36.087
4983.574,-36.14
4983.709,-35.967
4983.780,-35.987
4983.851,-36.02
4983.957,-35.98
4984.109,-35.927
4984.162,-35.86
4984.246,-35.927
4984.349,-35.933
4984.445,-36.053
4984.552,-36.0
4984.655,-35.947
4984.741,-35.92
4984.844,-36.013
4984.954,-36.04
4985.047,-36.06
4985.153,-36.087
4985.250,-35.973
4985.366,-36.073
4985.454,-36.02
4985.587,-36.027
4985.665,-35.993
4985.768,-35.947
4985.866,-35.867
4985.964,-35.987
4986.067,-35.987
4986.170,-36.047
4986.270,-36.027
4986.354,-35.887
4986.469,-35.987
4986.545,-35.94
4986.648,-35.907
5276.751,-35.993
5276.856,-35.92
5276.981,-35.8
5277.089,-35.947
5277.204,-36.093
5277.298,-35.9
5277.396,-35.987
5277.500,-35.9
5277.606,-36.0
5277.636,-35.993
5277.731,-35.92
5277.834,-36.047
5277.940,-36.02
5278.037,-36.02
5278.136,-35.96
5278.319,-36.033
5278.329,-35.907
5278.449,-35.907
5278.547,-35.92
5278.631,-35.973
5278.728,-36.047
5278.829,-35.987
5278.932,-35.927
5279.040,-36.007
5279.136,-35.873
5279.239,-36.047
5279.364,-35.993
5279.449,-36.013
5279.548,-36.087
5279.650,-35.867
5279.753,-36.013
5279.854,-36.067
5279.957,-35.987
5280.059,-35.94
5280.168,-35.98
5280.268,-35.86
5280.366,-36.093
5280.469,-35.993
5280.579,-35.947
5280.675,-36.06
5280.731,-35.98
5280.878,-35.933
5280.940,-35.96
5281.043,-35.967
5281.152,-36.013
5281.224,-35.913
5281.329,-35.913
5281.430,-36.1
5281.614,-36.1
5281.673,-36.007
5281.731,-35.967
5281.829,-36.04
5281.937,-35.9
5282.023,-35.967
5282.121,-35.933
5282.219,-35.927
5282.341,-36.02
5282.422,-35.973
5282.525,-35.947
5282.621,-35.913
5282.721,-36.013
5282.824,-35.953
5282.927,-35.973
5283.040,-35.907
5283.131,-35.927
5283.233,-35.953
5283.336,-35.933
5283.451,-36.007
5283.548,-35.927
5283.646,-35.953
5283.748,-35.98
5283.849,-36.013
5283.949,-35.867
5284.052,-36.113
5284.141,-35.927
5284.258,-35.9
5284.359,-36.013
5284.462,-35.907
5284.565,-36.12
5284.626,-36.0
5284.736,-35.993
5284.812,-36.027
5284.969,-35.94
5285.067,-35.92
5285.118,-36.02
5285.288,-35.927
5285.317,-35.947
5285.417,-35.987
5285.513,-36.027
5285.614,-36.033
5285.728,-35.953
5285.827,-35.993
5285.923,-35.933
5286.027,-35.907
5286.126,-35.94
5286.228,-36.047
5286.307,-36.087
5286.415,-35.907
5286.515,-35.987
5286.614,-36.007
5336.714,-35.987
5336.827,-36.02
5336.923,-36.073
5337.023,-35.847
5337.126,-35.953
5337.226,-35.947
5337.329,-36.073
5337.449,-36.1
5337.542,-35.833
5337.636,-36.027
5337.739,-35.967
5337.817,-35.947
5337.944,-35.92
5338.047,-35.94
5338.109,-35.96
5338.217,-36.02
5338.317,-35.987
5338.464,-35.987
5338.569,-35.86
5338.667,-36.08
5338.771,-36.087
5338.875,-36.027
5338.989,-35.98
5339.089,-35.927
5339.180,-36.013
5339.206,-35.893
5339.312,-35.793
5339.413,-35.907
5339.508,-35.813
5339.606,-36.033
5339.699,-35.967
5339.798,-35.953
5339.915,-36.027
5340.023,-35.86
5340.099,-35.953
5340.197,-35.907
5340.300,-36.007
5340.413,-35.98
5340.511,-36.007
5340.609,-35.993
5340.709,-36.02
5340.812,-36.02
5340.915,-35.9
5341.016,-35.933
5341.126,-36.04
5341.214,-35.967
5341.322,-36.067
5341.425,-36.047
5341.537,-36.013
5341.613,-35.947
5341.692,-35.987
5341.800,-35.953
5341.939,-35.853
5342.008,-35.913
5342.109,-35.893
5342.248,-36.027
5342.312,-35.867
5342.386,-35.96
5342.510,-35.94
5342.596,-35.767
5342.748,-35.98
5342.800,-35.987
5342.885,-36.16
5342.984,-35.887
5343.089,-35.933
5343.209,-36.013
5343.300,-35.927
5343.467,-36.047
5343.498,-35.94
5343.596,-35.907
5343.697,-36.02
5343.785,-35.847
5343.883,-35.907
5343.986,-36.02
5344.087,-35.913
5344.190,-35.933
5344.293,-35.9
5344.396,-36.027
5344.501,-35.947
5344.599,-35.993
5344.704,-35.973
5344.798,-35.847
5344.908,-36.027
5345.008,-36.04
5345.111,-35.967
5345.214,-35.887
5345.317,-35.907
5345.420,-35.953
5345.545,-35.947
5345.635,-36.007
5345.733,-35.993
5345.785,-36.033
5345.903,-35.94
5345.993,-36.02
5346.101,-36.053
5346.180,-36.033
5346.312,-35.993
5346.442,-35.887
5346.540,-35.913
5346.662,-35.827
5346.685,-36.093
5396.780,-35.86
5396.876,-35.967
5396.981,-35.833
5397.089,-36.007
5397.184,-36.0
5397.292,-35.86
5397.371,-35.867
5397.491,-35.92
5397.592,-35.967
5397.672,-36.033
5397.785,-35.98
5397.880,-35.98
5397.979,-35.867
5398.082,-36.053
5398.185,-36.113
5398.288,-35.953
5398.390,-36.02
5398.474,-35.807
5398.594,-35.907
5398.719,-35.967
5398.778,-35.967
5398.891,-36.013
5398.989,-35.967
5399.087,-35.993
5399.173,-36.02
5399.302,-35.967
5399.405,-36.027
5399.508,-36.007
5399.623,-35.98
5399.692,-36.027
5399.814,-35.967
5399.896,-35.927
5399.969,-36.033
5400.146,-35.88
5400.175,-36.06
5400.310,-36.0
5400.373,-35.94
5400.469,-36.06
5400.567,-35.913
5400.680,-35.987
5400.783,-36.027
5400.878,-35.88
5400.981,-35.967
5401.074,-35.907
5401.175,-35.853
5401.282,-35.86
5401.381,-35.973
5401.484,-35.973
5401.562,-35.92
5401.660,-35.853
5401.793,-36.0
5401.873,-36.007
5401.972,-35.953
5402.077,-35.947
5402.194,-35.88
5402.290,-35.913
5402.391,-36.027
5402.597,-35.953
5402.699,-35.913
5402.795,-36.133
5402.898,-35.893
5403.001,-36.033
5403.109,-35.947
5403.209,-35.94
5403.305,-35.96
5403.405,-36.067
5403.508,-36.06
5403.621,-35.987
5403.709,-35.927
5403.815,-36.007
5403.918,-36.0
5404.030,-36.047
5404.060,-36.113
5404.157,-36.047
5404.253,-36.007
5404.354,-36.08
5404.496,-35.953
5404.557,-36.007
5404.660,-36.007
5404.770,-36.013
5404.864,-35.967
5404.967,-36.02
5405.064,-36.033
5405.158,-36.06
5405.256,-35.807
5405.354,-35.94
5405.457,-35.953
5405.570,-36.04
5405.663,-36.0
5405.761,-36.06
5405.869,-35.913
5405.967,-35.907
5406.070,-35.947
5406.195,-36.04
5406.283,-36.093
5406.381,-35.9
5406.479,-35.927
5406.559,-36.06
5406.692,-36.02
5456.792,-35.993
5456.890,-35.96
5457.000,-35.96
5457.094,-35.94
5457.195,-35.973
5457.298,-36.02
5457.408,-35.9
5457.505,-36.027
5457.611,-36.067
5457.707,-36.12
5457.810,-35.967
5457.912,-35.933
5458.030,-35.947
5458.048,-36.007
5458.145,-35.9
5458.246,-35.94
5458.347,-35.96
5458.442,-35.96
5458.550,-36.007
5458.652,-36.013
5458.765,-36.06
5458.847,-36.04
5458.942,-35.987
5459.050,-36.033
5459.146,-35.887
5459.239,-35.913
5459.346,-36.02
5459.442,-35.913
5459.559,-35.927
5459.663,-35.98
5459.763,-36.013
5459.868,-35.967
5459.964,-35.8
5460.074,-35.947
5460.168,-36.02
5460.280,-36.007
5460.376,-35.967
5460.472,-35.82
5460.574,-35.967
5460.679,-36.053
5460.780,-36.047
5460.881,-35.98
5460.969,-35.933
5461.086,-35.98
5461.189,-35.933
5461.290,-36.013
5461.336,-36.1
5461.496,-35.927
5461.599,-35.967
5461.704,-36.013
5461.744,-35.94
5461.839,-35.94
5461.937,-36.08
5462.035,-35.9
5462.141,-35.927
5462.239,-36.013
5462.349,-35.973
5462.440,-35.987
5462.528,-35.887
5462.628,-35.96
5462.729,-35.88
5462.829,-35.947
5462.935,-35.967
5463.042,-35.987
5463.143,-36.067
5463.229,-36.013
5463.331,-35.953
5463.445,-36.0
5463.543,-36.007
5463.633,-35.96
5463.726,-35.96
5463.849,-36.033
5463.954,-36.027
5464.057,-35.947
5464.158,-36.0
5464.278,-35.993
5464.351,-36.067
5464.457,-36.033
5464.567,-36.06
5464.689,-35.993
5464.773,-35.94
5464.873,-35.98
5464.978,-36.0
5465.082,-36.04
5465.180,-35.92
5465.290,-35.913
5465.386,-36.007
5465.423,-35.987
5465.518,-36.107
5465.695,-35.973
5465.792,-35.913
5465.829,-35.933
5465.925,-35.98
5466.035,-36.0
5466.140,-36.087
5466.236,-36.02
5466.332,-35.953
5466.420,-35.98
5466.527,-35.967
5466.625,-36.027
5516.726,-35.933
5516.851,-35.98
5516.932,-35.913
5517.033,-35.873
5517.136,-36.047
5517.229,-35.927
5517.332,-36.027
5517.430,-35.993
5517.530,-35.913
5517.640,-35.96
5517.739,-36.007
5517.859,-36.06
5517.952,-36.053
5518.038,-35.993
5518.163,-35.973
5518.260,-35.853
5518.364,-36.093
5518.467,-36.06
5518.572,-35.973
5518.650,-35.913
5518.761,-36.007
5518.861,-35.887
5518.972,-35.933
5519.055,-35.993
5519.179,-36.0
5519.278,-35.933
5519.312,-35.9
5519.423,-35.927
5519.518,-35.967
5519.609,-35.987
5519.712,-36.08
5519.809,-35.987
5519.910,-35.993
5520.025,-35.92
5520.116,-36.027
5520.226,-36.073
5520.326,-36.007
5520.432,-36.027
5520.525,-35.993
5520.609,-35.987
5520.712,-36.047
5520.815,-35.96
5520.937,-35.967
5521.018,-35.993
5521.116,-36.04
5521.234,-36.04
5521.332,-36.1
5521.430,-35.88
5521.533,-35.953
5521.626,-36.013
5521.736,-36.02
5521.839,-35.913
5521.940,-35.853
5522.045,-35.967
5522.146,-35.947
5522.248,-36.04
5522.363,-35.933
5522.452,-35.887
5522.554,-36.033
5522.658,-36.02
5522.775,-36.027
5522.805,-36.0
5522.969,-35.96
5522.998,-35.987
5523.097,-35.96
5523.206,-36.067
5523.304,-36.04
5523.410,-36.033
5523.511,-36.067
5523.606,-36.067
5523.699,-35.887
5523.876,-35.907
5523.903,-35.913
5523.996,-36.013
5524.119,-35.973
5524.201,-35.86
5524.298,-35.967
5524.417,-35.927
5524.494,-35.913
5524.611,-36.0
5524.707,-35.987
5524.809,-35.973
5524.910,-36.027
5525.025,-36.02
5525.123,-35.82
5525.221,-36.053
5525.320,-35.987
5525.423,-36.027
5525.528,-35.947
5525.628,-35.993
5525.739,-35.92
5525.837,-35.92
5525.935,-36.08
5526.038,-36.047
5526.148,-35.913
5526.244,-36.067
5526.342,-36.113
5526.451,-36.093
5526.548,-35.98
5526.652,-35.953
5576.773,-36.027
5576.790,-36.027
5576.957,-36.06
5577.057,-36.047
5577.138,-36.067
5577.190,-36.08
5577.290,-36.1
5577.400,-36.033
5577.508,-36.033
5577.586,-36.013
5577.687,-35.853
5577.797,-36.08
5577.898,-36.033
5578.001,-35.933
5578.089,-36.107
5578.187,-35.947
5578.290,-35.973
5578.386,-36.007
5578.500,-36.047
5578.609,-35.92
5578.699,-35.827
5578.795,-35.973
5578.918,-36.033
5578.996,-36.02
5579.109,-36.007
5579.212,-35.873
5579.314,-36.04
5579.415,-35.987
5579.518,-35.9
5579.621,-35.98
5579.724,-35.847
5579.829,-35.94
5579.937,-36.067
5580.040,-36.06
5580.131,-35.993
5580.243,-35.92
5580.346,-36.013
5580.449,-35.927
5580.550,-35.92
5580.579,-36.047
5580.677,-36.007
5580.780,-36.033
5580.883,-35.933
5580.981,-35.947
5581.079,-36.0
5581.184,-36.0
5581.275,-35.967
5581.381,-35.96
5581.476,-36.04
5581.574,-35.913
5581.695,-35.987
5581.795,-36.027
5581.891,-36.007
5581.986,-36.02
5582.086,-36.107
5582.180,-35.927
5582.287,-35.86
5582.386,-35.893
5582.489,-36.033
5582.591,-36.1
5582.697,-36.093
5582.797,-35.907
5582.896,-35.953
5583.018,-35.92
5583.106,-36.007
5583.229,-35.927
5583.307,-35.993
5583.386,-35.913
5583.523,-35.887
5583.619,-35.907
5583.717,-35.907
5583.824,-35.993
5583.923,-35.847
5584.025,-36.007
5584.126,-36.053
5584.234,-36.047
5584.268,-35.993
5584.366,-35.993
5584.537,-35.953
5584.638,-35.9
5584.667,-35.993
5584.766,-36.06
5584.869,-35.987
5584.976,-35.987
5585.082,-36.0
5585.182,-36.04
5585.270,-35.98
5585.369,-35.947
5585.466,-35.987
5585.596,-35.9
5585.662,-35.967
5585.783,-36.027
5585.869,-35.98
5585.983,-35.953
5586.082,-35.913
5586.180,-35.92
5586.277,-35.92
5586.371,-35.987
5586.481,-36.027
5586.584,-36.027
5586.697,-36.033
3476.797,-35.993
3476.898,-36.087
3476.996,-36.04
3477.131,-35.973
3477.207,-35.993
3477.304,-36.033
3477.432,-35.947
3477.506,-35.987
3477.619,-35.907
3477.716,-36.08
3477.797,-36.047
3477.915,-35.987
3478.018,-36.093
3478.119,-35.947
3478.167,-36.04
3478.315,-36.033
3478.366,-36.093
3478.464,-35.907
3478.560,-35.82
3478.655,-36.0
3478.758,-36.033
3478.859,-35.92
3478.969,-35.88
3479.065,-36.0
3479.168,-35.953
3479.268,-36.013
3479.356,-35.933
3479.457,-36.113
3479.562,-35.987
3479.655,-36.073
3479.758,-36.073
3479.866,-35.927
3479.951,-35.92
3480.055,-35.953
3480.207,-35.973
3480.266,-35.993
3480.373,-35.98
3480.452,-35.987
3480.577,-35.967
3480.673,-35.933
3480.782,-35.973
3480.881,-35.927
3480.983,-35.887
3481.121,-35.96
3481.192,-35.847
3481.295,-35.847
3481.398,-35.927
3481.518,-35.96
3481.545,-35.973
3481.704,-35.9
3481.807,-35.953
3481.910,-36.013
3482.011,-35.887
3482.113,-35.887
3482.216,-35.987
3482.253,-35.973
3482.349,-36.033
3482.447,-35.993
3482.550,-36.02
3482.653,-36.047
3482.755,-35.92
3482.854,-35.987
3482.944,-35.96
3483.060,-36.0
3483.160,-36.013
3483.263,-35.907
3483.378,-36.013
3483.452,-35.987
3483.555,-35.9
3483.677,-35.993
3483.751,-35.927
3483.863,-35.94
3483.967,-36.04
3484.060,-36.053
3484.138,-36.007
3484.266,-36.027
3484.390,-35.913
3484.481,-36.007
3484.577,-36.027
3484.655,-35.94
3484.739,-35.967
3484.847,-35.893
3484.981,-35.953
3485.084,-35.867
3485.192,-35.893
3485.263,-36.027
3485.390,-35.847
3485.486,-36.06
3485.538,-35.9
3485.638,-35.953
3485.733,-35.973
3485.903,-35.867
3486.008,-35.94
3486.038,-35.933
3486.136,-36.073
3486.251,-35.907
3486.339,-35.913
3486.439,-35.907
3486.543,-35.933
3486.643,-35.94
3536.746,-36.027
3536.849,-35.94
3536.949,-35.88
3537.028,-35.947
3537.131,-36.0
3537.233,-35.96
3537.354,-36.033
3537.442,-35.913
3537.540,-35.987
3537.641,-35.907
3537.763,-35.973
3537.839,-35.867
3537.959,-35.993
3538.057,-35.953
3538.157,-35.973
3538.258,-35.907
3538.361,-36.013
3538.454,-35.847
3538.567,-35.88
3538.668,-35.993
3538.788,-35.933
3538.871,-35.98
3538.974,-35.94
3539.077,-35.967
3539.190,-35.98
3539.233,-35.973
3539.383,-35.913
3539.488,-35.98
3539.601,-35.953
3539.631,-35.967
3539.729,-35.947
3539.837,-35.98
3539.925,-36.073
3540.025,-35.873
3540.123,-35.887
3540.226,-35.927
3540.329,-36.033
3540.440,-36.1
3540.520,-35.9
3540.619,-35.96
3540.726,-35.98
3540.827,-35.867
3540.920,-35.947
3541.030,-36.007
3541.116,-35.987
3541.238,-36.007
3541.341,-35.92
3541.442,-35.94
3541.540,-36.02
3541.636,-35.993
3541.739,-36.087
3541.851,-36.02
3541.947,-35.973
3542.045,-35.987
3542.148,-35.84
3542.251,-35.94
3542.354,-36.08
3542.457,-36.0
3542.523,-35.993
3542.667,-35.913
3542.763,-35.907
3542.866,-35.987
3542.978,-36.02
3543.072,-35.94
3543.175,-36.073
3543.278,-36.013
3543.376,-36.04
3543.481,-35.987
3543.603,-35.973
3543.618,-35.98
3543.716,-35.993
3543.815,-35.9
3543.922,-36.053
3544.013,-36.0
3544.130,-36.04
3544.231,-35.9
3544.337,-35.933
3544.422,-35.987
3544.520,-35.947
3544.626,-35.98
3544.728,-35.947
3544.827,-35.987
3544.929,-36.007
3545.018,-36.013
3545.114,-35.967
3545.207,-36.067
3545.317,-35.98
3545.437,-36.013
3545.508,-36.08
3545.652,-35.867
3545.722,-35.933
3545.849,-35.947
3545.922,-36.087
3546.043,-35.987
3546.143,-36.1
3546.248,-35.967
3546.347,-35.96
3546.449,-35.933
3546.540,-35.86
3546.655,-35.933
3596.758,-35.987
3596.859,-35.953
3596.961,-36.02
3597.065,-35.987
3597.158,-35.96
3597.209,-36.02
3597.305,-35.993
3597.400,-35.88
3597.587,-36.0
3597.611,-35.86
3597.712,-36.0
3597.807,-35.84
3597.920,-35.96
3598.011,-35.933
3598.097,-36.073
3598.216,-35.987
3598.302,-36.067
3598.402,-35.96
3598.503,-36.073
3598.603,-35.947
3598.707,-36.007
3598.815,-35.98
3598.908,-35.987
3599.011,-36.0
3599.114,-36.06
3599.202,-35.947
3599.322,-36.0
3599.432,-35.82
3599.525,-36.013
3599.596,-36.047
3599.717,-35.96
3599.800,-35.88
3599.902,-35.927
3600.023,-36.033
3600.146,-36.0
3600.260,-35.967
3600.332,-36.0
3600.423,-35.893
3600.545,-35.92
3600.653,-35.98
3600.746,-35.933
3600.854,-36.013
3600.952,-35.907
3600.993,-35.927
3601.092,-36.053
3601.190,-35.913
3601.290,-35.953
3601.391,-36.06
3601.491,-35.967
3601.594,-36.06
3601.711,-36.093
3601.798,-35.993
3601.900,-35.92
3602.003,-35.947
3602.097,-35.967
3602.194,-36.067
3602.292,-36.033
3602.391,-35.947
3602.491,-36.047
3602.594,-35.933
3602.697,-36.027
3602.812,-36.113
3602.885,-35.967
3602.991,-36.06
3603.099,-35.953
3603.199,-35.967
3603.320,-36.047
3603.412,-36.047
3603.521,-36.02
3603.609,-35.893
3603.697,-36.02
3603.815,-36.033
3603.935,-36.053
3604.006,-36.04
3604.128,-35.913
3604.231,-36.013
3604.324,-36.047
3604.471,-36.113
3604.543,-35.98
3604.643,-35.873
3604.739,-35.907
3604.780,-35.947
3604.878,-36.007
3604.994,-35.94
3605.077,-36.167
3605.190,-36.0
3605.288,-35.993
3605.386,-36.08
3605.491,-36.027
3605.587,-35.953
3605.687,-35.96
3605.797,-36.073
3605.878,-36.067
3605.976,-35.967
3606.097,-35.953
3606.185,-36.033
3606.283,-35.947
3606.383,-35.94
3606.506,-36.033
3606.587,-36.047
3606.690,-35.96
3656.792,-35.953
3656.900,-36.007
3657.006,-36.06
3657.101,-35.953
3657.202,-35.807
3657.312,-35.893
3657.408,-36.067
3657.516,-36.02
3657.611,-36.093
3657.712,-35.867
3657.817,-35.98
3657.934,-35.927
3658.028,-35.913
3658.126,-36.067
3658.185,-36.053
3658.344,-35.953
3658.373,-36.02
3658.471,-36.073
3658.574,-35.967
3658.668,-35.96
3658.771,-35.927
3658.935,-36.007
3658.986,-36.013
3659.072,-35.94
3659.175,-35.927
3659.273,-35.993
3659.376,-35.967
3659.479,-36.02
3659.582,-36.007
3659.682,-35.94
3659.771,-36.047
3659.871,-35.967
3659.969,-36.027
3660.070,-35.9
3660.182,-35.947
3660.278,-35.973
3660.376,-35.987
3660.472,-36.04
3660.616,-35.953
3660.692,-36.0
3660.790,-36.007
3660.873,-35.913
3661.000,-36.007
3661.101,-35.967
3661.180,-35.887
3661.265,-36.033
3661.364,-35.973
3661.510,-35.92
3661.574,-36.027
3661.716,-36.0
3661.844,-35.94
3661.888,-35.987
3662.021,-35.927
3662.116,-35.953
3662.212,-36.06
3662.263,-35.98
3662.368,-35.947
3662.459,-35.98
3662.555,-36.033
3662.709,-35.913
3662.778,-35.973
3662.859,-36.013
3662.956,-36.027
3663.079,-36.0
3663.170,-36.047
3663.266,-35.98
3663.371,-35.927
3663.472,-35.987
3663.554,-35.967
3663.653,-35.873
3663.755,-36.02
3663.856,-36.06
3663.959,-36.04
3664.062,-35.993
3664.182,-35.993
3664.273,-35.94
3664.371,-35.98
3664.474,-35.92
3664.592,-35.947
3664.677,-35.987
3664.778,-35.933
3664.891,-35.967
3664.986,-36.013
3665.087,-35.873
3665.185,-35.88
3665.283,-35.973
3665.393,-35.94
3665.496,-36.0
3665.599,-35.92
3665.702,-35.953
3665.798,-36.02
3665.907,-36.02
3666.018,-35.913
3666.111,-35.88
3666.212,-35.9
3666.315,-36.073
3666.454,-36.033
3666.457,-35.913
3666.552,-35.933
3666.658,-35.967
3716.753,-36.033
3716.847,-35.927
3716.949,-35.907
3717.045,-36.033
3717.143,-36.073
3717.263,-36.007
3717.359,-36.147
3717.461,-36.06
3717.557,-35.98
3717.652,-35.96
3717.748,-36.013
3717.859,-36.007
3717.962,-36.013
3718.059,-36.02
3718.168,-36.0
3718.270,-36.033
3718.366,-36.053
3718.472,-36.047
3718.592,-36.02
3718.680,-35.927
3718.780,-36.02
3718.878,-36.02
3718.976,-36.0
3719.077,-35.98
3719.184,-35.933
3719.295,-36.02
3719.396,-35.92
3719.491,-35.993
3719.592,-36.013
3719.695,-35.887
3719.739,-36.06
3719.898,-36.04
3719.945,-36.0
3720.033,-36.053
3720.206,-35.94
3720.234,-35.96
3720.332,-36.0
3720.452,-35.913
3720.537,-36.087
3720.638,-35.987
3720.741,-35.98
3720.841,-35.967
3720.947,-35.913
3721.060,-35.98
3721.133,-35.913
3721.231,-35.987
3721.334,-35.927
3721.437,-35.973
3721.530,-36.073
3721.646,-36.027
3721.741,-36.013
3721.847,-35.987
3721.942,-36.1
3722.062,-36.007
3722.160,-35.913
3722.266,-35.86
3722.358,-35.947
3722.459,-36.013
3722.552,-35.933
3722.702,-35.973
3722.775,-35.973
3722.878,-35.913
3723.001,-35.993
3723.076,-36.007
3723.177,-35.947
3723.278,-35.9
3723.381,-35.82
3723.484,-36.0
3723.586,-36.007
3723.790,-36.027
3723.793,-36.013
3723.844,-35.86
3723.934,-35.9
3724.033,-35.98
3724.126,-35.927
3724.239,-36.067
3724.326,-36.093
3724.437,-35.973
3724.542,-36.007
3724.636,-35.94
3724.721,-35.953
3724.839,-36.053
3724.935,-36.013
3725.037,-35.953
3725.130,-36.027
3725.229,-36.027
3725.327,-36.013
3725.435,-35.987
3725.540,-36.02
3725.643,-35.933
3725.739,-36.027
3725.834,-36.08
3725.945,-35.947
3726.050,-35.907
3726.146,-35.973
3726.251,-35.967
3726.353,-36.08
3726.452,-35.867
3726.560,-35.947
3726.677,-36.007
3776.760,-35.987
3776.863,-36.047
3776.967,-36.027
3777.087,-35.867
3777.163,-35.907
3777.273,-36.033
3777.373,-36.0
3777.412,-35.967
3777.581,-35.967
3777.684,-35.993
3777.711,-36.033
3777.824,-35.9
3777.920,-36.0
3778.015,-35.94
3778.114,-36.027
3778.216,-35.993
3778.320,-36.087
3778.422,-36.027
3778.515,-35.967
3778.611,-35.967
3778.744,-36.087
3778.824,-36.113
3778.925,-36.02
3779.008,-36.013
3779.106,-35.933
3779.251,-36.007
3779.324,-36.08
3779.417,-36.073
3779.516,-36.073
3779.614,-35.993
3779.731,-35.953
3779.829,-36.08
3779.951,-36.013
3780.037,-36.027
3780.146,-35.993
3780.244,-35.98
3780.351,-35.953
3780.447,-36.073
3780.545,-36.007
3780.650,-36.027
3780.763,-36.02
3780.891,-36.007
3780.964,-35.853
3781.062,-36.06
3781.165,-36.053
3781.266,-35.893
3781.369,-35.84
3781.452,-36.053
3781.508,-35.947
3781.609,-35.98
3781.709,-35.927
3781.822,-36.007
3781.907,-35.947
3782.016,-35.9
3782.119,-35.973
3782.212,-36.033
3782.298,-36.007
3782.398,-36.02
3782.520,-35.987
3782.601,-36.007
3782.707,-36.1
3782.810,-35.893
3782.923,-36.12
3783.016,-36.033
3783.109,-35.933
3783.204,-35.933
3783.337,-35.9
3783.408,-35.9
3783.520,-36.113
3783.616,-36.0
3783.707,-35.953
3783.826,-36.02
3783.923,-35.867
3784.025,-35.987
3784.138,-36.02
3784.238,-35.933
3784.334,-35.88
3784.440,-35.893
3784.538,-35.98
3784.638,-35.973
3784.761,-35.947
3784.792,-35.973
3784.893,-35.907
3784.996,-36.04
3785.092,-36.0
3785.197,-35.967
3785.300,-35.98
3785.396,-36.107
3785.496,-35.953
3785.594,-35.953
3785.692,-35.94
3785.805,-35.98
3785.898,-35.94
3785.994,-35.9
3786.089,-36.073
3786.189,-36.04
3786.307,-35.98
3786.385,-35.987
3786.496,-36.013
3786.599,-36.027
3786.692,-36.113
4076.795,-36.027
4076.898,-35.98
4077.010,-35.9
4077.108,-35.907
4077.209,-35.893
4077.334,-35.94
4077.410,-35.907
4077.513,-35.893
4077.619,-35.973
4077.702,-36.047
4077.820,-35.9
4077.923,-36.087
4078.027,-36.087
4078.138,-36.047
4078.192,-35.88
4078.292,-35.9
4078.393,-35.94
4078.503,-35.947
4078.609,-35.967
4078.714,-35.9
4078.824,-35.953
4078.957,-36.06
4078.981,-36.0
4079.146,-35.867
4079.195,-36.073
4079.295,-35.913
4079.391,-35.967
4079.489,-35.913
4079.589,-35.933
4079.687,-36.02
4079.785,-36.007
4079.905,-36.033
4079.978,-35.96
4080.074,-35.907
4080.177,-35.96
4080.287,-36.06
4080.390,-36.007
4080.486,-36.033
4080.584,-35.987
4080.687,-35.907
4080.783,-35.92
4080.900,-35.947
4081.010,-35.96
4081.096,-35.947
4081.201,-36.053
4081.307,-35.98
4081.420,-35.893
4081.518,-35.987
4081.614,-36.053
4081.709,-35.98
4081.814,-35.88
4081.915,-35.787
4082.037,-36.013
4082.111,-35.987
4082.246,-35.96
4082.334,-35.987
4082.496,-35.927
4082.498,-36.033
4082.572,-36.02
4082.728,-36.113
4082.780,-36.053
4082.869,-35.96
4082.984,-35.913
4083.067,-36.007
4083.187,-35.947
4083.283,-36.093
4083.378,-35.967
4083.476,-36.04
4083.582,-35.867
4083.668,-36.013
4083.785,-35.987
4083.886,-35.947
4083.972,-36.04
4084.069,-36.027
4084.168,-36.113
4084.271,-35.913
4084.386,-35.967
4084.488,-35.953
4084.582,-36.16
4084.707,-35.973
4084.783,-36.04
4084.888,-35.933
4084.986,-35.773
4085.099,-36.013
4085.195,-36.007
4085.295,-35.993
4085.420,-35.953
4085.464,-36.04
4085.606,-35.92
4085.709,-35.973
4085.785,-35.987
4085.920,-35.893
4086.021,-36.093
4086.116,-35.927
4086.226,-35.94
4086.324,-35.92
4086.422,-36.033
4086.521,-35.92
4086.562,-35.947
4086.660,-35.993
4136.758,-35.913
4136.935,-36.007
4136.967,-35.98
4137.094,-36.02
4137.163,-35.927
4137.258,-35.94
4137.371,-35.887
4137.476,-35.947
4137.565,-35.927
4137.668,-36.087
4137.768,-36.0
4137.876,-35.967
4137.957,-35.973
4138.060,-35.853
4138.158,-35.973
4138.258,-35.94
4138.358,-35.947
4138.472,-35.927
4138.567,-36.04
4138.673,-35.947
4138.771,-35.94
4138.881,-35.933
4138.989,-36.133
4139.118,-36.12
4139.195,-36.073
4139.295,-35.907
4139.393,-35.927
4139.506,-35.92
4139.603,-36.007
4139.701,-36.04
4139.802,-35.847
4139.902,-35.853
4140.008,-35.927
4140.103,-36.02
4140.216,-36.033
4140.314,-36.02
4140.417,-35.987
4140.444,-35.9
4140.619,-36.027
4140.655,-36.007
4140.751,-35.967
4140.849,-35.96
4140.956,-35.973
4141.052,-36.007
4141.148,-36.107
4141.270,-36.02
4141.342,-36.04
4141.442,-35.887
4141.540,-35.973
4141.665,-35.96
4141.753,-35.993
4141.849,-36.073
4141.949,-35.92
4142.057,-35.993
4142.160,-35.927
4142.268,-35.973
4142.351,-35.907
4142.462,-36.027
4142.577,-35.98
4142.660,-35.927
4142.770,-35.993
4142.856,-35.993
4142.978,-36.007
4143.086,-35.88
4143.185,-35.987
4143.282,-36.007
4143.383,-36.087
4143.505,-36.02
4143.597,-35.92
4143.699,-35.973
4143.797,-36.027
4143.915,-35.947
4143.998,-35.94
4144.099,-35.973
4144.204,-36.053
4144.239,-35.933
4144.334,-35.88
4144.435,-35.993
4144.535,-36.013
4144.641,-35.98
4144.739,-36.053
4144.842,-35.947
4144.945,-35.993
4145.048,-35.92
4145.152,-35.94
4145.234,-35.92
4145.342,-36.0
4145.435,-35.927
4145.535,-36.007
4145.638,-35.92
4145.753,-35.987
4145.853,-36.027
4145.954,-35.953
4146.077,-35.88
4146.153,-35.92
4146.256,-35.88
4146.354,-35.873
4146.454,-35.927
4146.579,-35.947
4146.670,-35.973
4196.771,-35.86
4196.829,-35.947
4196.937,-35.96
4197.040,-35.98
4197.141,-36.02
4197.275,-35.993
4197.347,-36.027
4197.451,-35.973
4197.589,-36.033
4197.660,-36.02
4197.790,-36.027
4197.915,-35.953
4197.932,-35.973
4198.021,-35.933
4198.128,-36.067
4198.226,-35.887
4198.331,-35.94
4198.427,-35.94
4198.530,-36.02
4198.648,-35.987
4198.739,-36.113
4198.839,-36.02
4198.937,-35.973
4199.025,-35.98
4199.128,-35.927
4199.226,-36.013
4199.326,-35.827
4199.435,-35.98
4199.537,-36.02
4199.633,-35.867
4199.753,-35.967
4199.844,-35.913
4199.947,-35.94
4200.043,-35.967
4200.163,-35.907
4200.246,-35.98
4200.356,-35.913
4200.452,-36.047
4200.557,-36.033
4200.655,-36.087
4200.756,-36.033
4200.861,-35.8
4200.967,-36.053
4201.072,-36.067
4201.170,-36.04
4201.273,-36.04
4201.371,-35.853
4201.472,-35.953
4201.591,-36.027
4201.680,-35.94
4201.782,-35.993
4201.812,-36.04
4201.912,-36.013
4202.025,-36.04
4202.123,-36.0
4202.224,-35.993
4202.324,-36.1
4202.430,-35.92
4202.506,-35.94
4202.616,-35.893
4202.714,-35.96
4202.820,-36.033
4202.917,-35.98
4203.013,-35.913
4203.113,-35.94
4203.209,-35.88
4203.339,-35.853
4203.427,-36.007
4203.525,-35.907
4203.628,-35.96
4203.728,-36.007
4203.839,-36.02
4203.934,-36.04
4204.038,-35.92
4204.136,-35.993
4204.239,-35.987
4204.342,-36.013
4204.445,-36.067
4204.548,-35.893
4204.652,-36.093
4204.751,-35.98
4204.854,-35.92
4204.967,-36.02
4205.065,-35.873
4205.162,-35.92
4205.265,-35.853
4205.302,-36.053
4205.472,-35.993
4205.570,-35.98
4205.679,-36.087
4205.704,-36.0
4205.807,-36.087
4205.912,-36.027
4206.000,-36.033
4206.114,-36.0
4206.219,-35.9
4206.320,-35.993
4206.410,-36.02
4206.523,-36.073
4206.609,-35.967
4206.707,-35.993
4256.807,-35.94
4256.895,-35.92
4257.021,-36.067
4257.106,-35.953
4257.209,-35.847
4257.312,-35.927
4257.413,-35.933
4257.516,-35.94
4257.621,-35.973
4257.724,-35.907
4257.861,-35.927
4257.934,-36.007
4258.028,-36.067
4258.126,-35.94
4258.248,-35.793
4258.344,-35.987
4258.442,-36.013
4258.543,-35.933
4258.646,-36.047
4258.750,-35.827
4258.847,-35.973
4258.951,-36.073
4259.052,-36.013
4259.155,-35.993
4259.258,-35.927
4259.361,-35.893
4259.391,-35.907
4259.489,-36.093
4259.589,-35.9
4259.699,-36.007
4259.795,-36.053
4259.895,-36.007
4259.996,-35.993
4260.087,-35.933
4260.209,-36.073
4260.307,-35.987
4260.410,-35.927
4260.491,-36.0
4260.589,-36.013
4260.689,-36.027
4260.792,-35.967
4260.896,-35.987
4261.000,-35.953
4261.109,-36.027
4261.214,-35.98
4261.310,-35.84
4261.393,-35.953
4261.511,-35.893
4261.601,-35.887
4261.685,-36.02
4261.809,-35.973
4261.925,-35.947
4262.021,-36.04
4262.119,-35.913
4262.217,-36.02
4262.304,-35.887
4262.423,-35.913
4262.510,-36.067
4262.613,-36.013
4262.677,-36.067
4262.842,-35.98
4262.937,-35.98
4262.983,-36.06
4263.079,-35.993
4263.244,-36.0
4263.295,-35.84
4263.388,-35.933
4263.484,-35.967
4263.589,-35.987
4263.690,-35.967
4263.795,-35.993
4263.891,-35.933
4263.988,-36.053
4264.084,-36.0
4264.180,-36.06
4264.277,-35.973
4264.376,-36.0
4264.496,-35.96
4264.616,-36.087
4264.690,-35.993
4264.820,-35.947
4264.891,-35.873
4264.993,-36.007
4265.094,-36.0
4265.195,-36.047
4265.300,-36.113
4265.410,-35.88
4265.506,-35.92
4265.599,-36.047
4265.719,-36.0
4265.820,-36.02
4265.922,-35.953
4266.013,-35.887
4266.116,-36.007
4266.250,-35.96
4266.334,-35.92
4266.430,-35.973
4266.530,-36.04
4266.628,-36.047
4316.731,-35.933
4316.839,-35.94
4316.866,-36.0
4316.996,-35.993
4317.072,-35.967
4317.175,-35.893
4317.283,-35.94
4317.427,-35.94
4317.476,-35.993
4317.574,-35.953
4317.677,-35.987
4317.783,-35.96
4317.878,-35.96
4317.974,-35.96
4318.074,-35.907
4318.172,-35.893
4318.271,-35.96
4318.375,-35.98
4318.496,-35.927
4318.579,-36.033
4318.680,-36.027
4318.788,-35.887
4318.861,-35.98
4318.988,-36.027
4319.089,-35.973
4319.190,-36.027
4319.300,-36.08
4319.398,-35.993
4319.503,-35.973
4319.599,-36.027
4319.702,-35.953
4319.812,-36.0
4319.915,-35.907
4320.011,-35.96
4320.119,-35.987
4320.222,-36.007
4320.332,-35.973
4320.427,-35.94
4320.523,-36.053
4320.633,-35.92
4320.658,-36.013
4320.766,-35.993
4320.864,-36.027
4320.962,-35.98
4321.067,-35.967
4321.172,-35.993
4321.271,-36.06
4321.373,-36.02
4321.457,-35.993
4321.579,-35.987
4321.673,-35.98
4321.755,-36.0
4321.858,-36.013
4321.959,-35.853
4322.059,-35.94
4322.168,-35.98
4322.261,-36.027
4322.368,-35.993
4322.469,-35.953
4322.581,-35.853
4322.677,-35.887
4322.773,-35.947
4322.868,-36.107
4322.961,-36.007
4323.067,-35.913
4323.150,-35.913
4323.288,-35.953
4323.391,-35.987
4323.486,-36.013
4323.589,-35.98
4323.684,-35.887
4323.773,-36.047
4323.903,-36.133
4324.010,-36.027
4324.047,-35.853
4324.211,-35.953
4324.310,-36.02
4324.444,-36.033
4324.609,-36.053
4324.660,-36.047
4324.760,-36.007
4324.856,-35.907
4324.957,-35.987
4325.057,-35.96
4325.153,-35.88
4325.255,-36.067
4325.358,-35.913
4325.439,-36.073
4325.548,-36.14
4325.645,-35.94
4325.746,-35.967
4325.871,-36.053
4325.947,-35.973
4326.050,-35.933
4326.155,-35.9
4326.261,-35.987
4326.361,-36.007
4326.464,-36.013
4326.581,-36.167
4326.673,-36.047
4376.780,-35.9
4376.876,-35.92
4376.947,-36.107
4377.035,-35.887
4377.136,-36.027
4377.315,-35.907
4377.342,-35.967
4377.445,-35.987
4377.548,-36.0
4377.650,-36.047
4377.760,-35.927
4377.910,-36.0
4377.937,-35.96
4378.094,-35.947
4378.195,-35.893
4378.295,-36.007
4378.347,-35.887
4378.440,-35.807
4378.538,-35.973
4378.638,-36.04
4378.734,-36.02
4378.829,-36.06
4378.949,-35.947
4379.047,-36.007
4379.153,-36.007
4379.228,-36.033
4379.327,-35.96
4379.434,-35.94
4379.533,-35.953
4379.636,-35.96
4379.741,-35.973
4379.849,-35.88
4379.951,-35.933
4380.050,-36.007
4380.148,-35.94
4380.256,-35.927
4380.354,-35.9
4380.457,-35.913
4380.557,-35.887
4380.665,-35.86
4380.766,-35.887
4380.864,-35.907
4380.989,-35.913
4381.079,-36.007
4381.173,-36.013
4381.275,-36.027
4381.378,-36.0
4381.472,-36.0
4381.579,-35.973
4381.682,-35.993
4381.724,-35.947
4381.822,-35.887
4381.994,-35.94
4382.030,-35.973
4382.119,-35.96
4382.221,-35.887
4382.324,-35.82
4382.422,-35.953
4382.528,-36.02
4382.631,-35.98
4382.719,-36.007
4382.826,-36.047
4382.929,-35.967
4383.030,-35.993
4383.116,-35.933
4383.219,-35.987
4383.315,-35.94
4383.425,-35.867
4383.521,-36.04
4383.660,-36.033
4383.719,-35.9
4383.841,-35.987
4383.944,-35.827
4384.040,-35.873
4384.148,-35.927
4384.244,-36.053
4384.354,-36.0
4384.452,-35.94
4384.555,-35.88
4384.665,-35.953
4384.758,-35.907
4384.863,-35.993
4384.969,-36.16
4385.077,-35.873
4385.175,-35.913
4385.270,-35.913
4385.371,-35.973
4385.472,-36.007
4385.577,-35.887
4385.679,-35.907
4385.709,-35.94
4385.815,-35.967
4385.910,-35.987
4386.010,-36.013
4386.190,-35.993
4386.219,-35.987
4386.319,-36.04
4386.420,-36.013
4386.527,-36.093
4386.626,-35.86
4676.724,-36.073
4676.822,-36.1
4676.908,-35.887
4677.010,-35.94
4677.114,-35.907
4677.236,-35.987
4677.324,-36.04
4677.420,-35.953
4677.523,-35.94
4677.604,-35.96
4677.716,-35.84
4677.829,-36.04
4677.915,-36.04
4678.021,-35.987
4678.123,-35.947
4678.224,-35.867
4678.304,-36.013
4678.403,-35.98
4678.548,-35.913
4678.618,-35.913
4678.751,-35.84
4678.824,-35.96
4678.947,-35.92
4679.028,-36.08
4679.099,-35.98
4679.263,-35.973
4679.364,-35.92
4679.459,-35.953
4679.508,-36.04
4679.677,-36.027
4679.707,-36.04
4679.810,-36.027
4679.913,-36.027
4680.010,-36.107
4680.111,-35.967
4680.214,-36.02
4680.310,-35.967
4680.413,-35.92
4680.498,-36.007
4680.594,-36.02
4680.694,-36.0
4680.805,-35.94
4680.913,-35.973
4681.008,-36.047
4681.106,-36.0
4681.214,-35.907
4681.324,-36.047
4681.420,-35.833
4681.521,-35.953
4681.616,-36.0
4681.722,-35.873
4681.824,-36.033
4681.949,-35.893
4682.013,-35.94
4682.133,-36.06
4682.233,-35.953
4682.331,-36.153
4682.400,-35.967
4682.508,-36.08
4682.641,-35.967
4682.711,-36.007
4682.854,-35.967
4682.927,-35.927
4683.070,-35.973
4683.189,-36.02
4683.190,-36.04
4683.373,-36.04
4683.402,-36.04
4683.486,-35.947
4683.601,-36.027
4683.697,-36.067
4683.793,-35.927
4683.896,-35.96
4683.991,-36.013
4684.089,-35.947
4684.185,-36.04
4684.290,-36.013
4684.385,-36.027
4684.493,-36.073
4684.589,-35.973
4684.699,-36.033
4684.797,-35.953
4684.902,-35.927
4684.998,-35.927
4685.099,-36.0
4685.202,-36.207
4685.320,-36.027
4685.407,-35.993
4685.510,-35.98
4685.618,-35.927
4685.734,-35.993
4685.815,-35.873
4685.918,-36.08
4686.021,-36.073
4686.126,-36.027
4686.226,-35.94
4686.332,-36.007
4686.423,-36.067
4686.535,-35.96
4686.635,-35.927
4736.738,-35.993
4736.839,-36.073
4736.945,-35.933
4737.054,-36.033
4737.082,-36.02
4737.185,-35.887
4737.282,-35.88
4737.383,-35.967
4737.484,-36.0
4737.574,-36.007
4737.690,-35.88
4737.792,-36.0
4737.896,-35.973
4737.994,-36.04
4738.074,-36.033
4738.189,-35.94
4738.275,-35.94
4738.376,-36.1
4738.479,-35.867
4738.574,-35.92
4738.687,-35.813
4738.788,-35.887
4738.896,-35.94
4738.996,-35.987
4739.074,-35.987
4739.197,-36.013
4739.304,-35.94
4739.432,-35.947
4739.506,-36.013
4739.609,-36.02
4739.707,-36.027
4739.802,-35.98
4739.910,-35.873
4740.015,-35.933
4740.099,-35.953
4740.222,-35.887
4740.320,-35.933
4740.422,-35.947
4740.525,-35.98
4740.630,-35.913
4740.726,-35.973
4740.766,-35.96
4740.937,-35.947
4740.964,-35.967
4741.064,-35.96
4741.167,-35.867
4741.271,-36.073
4741.369,-36.0
4741.479,-36.04
4741.569,-36.113
4741.680,-35.967
4741.782,-35.947
4741.883,-35.947
4741.962,-35.973
4742.062,-35.987
4742.170,-35.927
4742.273,-35.967
4742.375,-35.92
4742.474,-35.84
4742.576,-35.96
4742.670,-35.967
4742.778,-35.907
4742.864,-35.867
4742.984,-35.953
4743.087,-36.027
4743.175,-36.007
4743.278,-36.0
4743.364,-36.067
4743.466,-35.927
4743.570,-36.027
4743.673,-36.053
4743.819,-36.08
4743.885,-35.96
4744.010,-35.847
4744.111,-35.92
4744.219,-36.02
4744.322,-36.047
4744.418,-35.973
4744.510,-35.86
4744.554,-35.827
4744.650,-35.967
4744.755,-35.887
4744.935,-36.033
4744.962,-35.927
4745.060,-35.893
4745.158,-36.04
4745.268,-36.007
4745.371,-36.08
4745.469,-35.973
4745.567,-35.893
4745.657,-36.027
4745.753,-35.973
4745.856,-35.993
4745.954,-36.007
4746.059,-35.9
4746.160,-35.96
4746.258,-35.98
4746.347,-35.853
4746.466,-35.893
4746.567,-35.88
4746.670,-35.96
4796.760,-35.893
4796.881,-35.927
4796.979,-35.96
4797.084,-35.893
4797.182,-35.88
4797.292,-36.007
4797.388,-35.92
4797.494,-35.967
4797.594,-35.94
4797.697,-35.953
4797.817,-35.907
4797.898,-35.92
4798.005,-35.887
4798.106,-35.96
4798.231,-35.98
4798.312,-35.973
4798.373,-35.927
4798.449,-35.86
4798.552,-35.88
4798.646,-35.867
4798.756,-36.06
4798.858,-35.887
4798.949,-36.02
4799.050,-36.007
4799.150,-35.873
4799.250,-35.947
4799.361,-35.947
4799.442,-35.96
4799.538,-35.973
4799.653,-35.94
4799.743,-35.947
4799.839,-35.887
4799.942,-35.847
4800.067,-36.073
4800.160,-36.033
4800.256,-35.933
4800.356,-35.96
4800.461,-35.967
4800.562,-36.0
4800.663,-36.013
4800.773,-35.927
4800.876,-35.92
4800.972,-36.007
4801.081,-35.933
4801.182,-35.92
4801.280,-35.9
4801.332,-35.993
4801.493,-35.973
4801.592,-35.98
4801.694,-36.0
4801.790,-35.927
4801.903,-35.813
4801.934,-35.873
4802.037,-35.907
4802.228,-35.92
4802.305,-35.947
4802.334,-35.98
4802.434,-35.887
4802.533,-36.027
4802.633,-35.98
4802.738,-36.04
4802.837,-35.933
4803.021,-35.947
4803.048,-35.953
4803.146,-36.033
4803.248,-35.94
4803.331,-35.933
4803.442,-35.973
4803.540,-36.007
4803.640,-36.08
4803.743,-36.02
4803.839,-35.967
4803.935,-35.933
4804.064,-35.827
4804.153,-36.027
4804.251,-36.007
4804.353,-36.0
4804.476,-35.96
4804.557,-36.047
4804.658,-35.907
4804.761,-36.013
4804.871,-35.987
4804.967,-35.913
4805.074,-35.987
4805.175,-35.967
4805.278,-36.013
4805.398,-35.92
4805.476,-35.913
4805.579,-35.913
4805.684,-35.98
4805.792,-35.913
4805.822,-36.053
4805.927,-35.833
4806.092,-35.92
4806.121,-35.913
4806.217,-36.073
4806.337,-35.993
4806.425,-35.973
4806.521,-35.987
4806.638,-35.953
4856.734,-35.893
4856.837,-35.987
4856.935,-35.913
4857.028,-35.933
4857.131,-36.06
4857.228,-35.973
4857.320,-36.067
4857.417,-35.893
4857.525,-35.867
4857.633,-35.993
4857.739,-36.033
4857.832,-35.9
4857.940,-35.96
4858.043,-35.853
4858.152,-35.88
4858.251,-35.933
4858.351,-35.967
4858.451,-35.98
4858.560,-35.973
4858.658,-35.927
4858.758,-35.96
4858.842,-36.007
4858.961,-35.967
4859.060,-36.04
4859.163,-35.833
4859.261,-35.94
4859.368,-36.06
4859.462,-36.027
4859.579,-36.093
4859.680,-35.84
4859.778,-35.973
4859.807,-36.007
4859.989,-35.987
4860.018,-35.993
4860.114,-35.92
4860.217,-35.853
4860.312,-35.9
4860.427,-35.973
4860.518,-35.947
4860.619,-35.973
4860.722,-35.967
4860.810,-35.92
4860.910,-36.047
4861.010,-35.933
4861.125,-35.933
4861.248,-35.94
4861.315,-36.047
4861.417,-35.967
4861.518,-35.987
4861.626,-35.913
4861.724,-35.96
4861.826,-35.853
4861.923,-35.967
4862.023,-35.96
4862.150,-35.88
4862.236,-35.94
4862.334,-36.047
4862.442,-35.98
4862.562,-36.033
4862.635,-35.887
4862.756,-35.847
4862.854,-36.0
4862.954,-36.0
4863.048,-35.953
4863.158,-36.047
4863.260,-35.92
4863.298,-35.96
4863.464,-36.053
4863.557,-36.1
4863.670,-36.0
4863.697,-35.947
4863.804,-35.907
4863.900,-35.913
4864.011,-35.94
4864.103,-35.993
4864.199,-35.973
4864.305,-35.973
4864.400,-36.047
4864.496,-36.073
4864.597,-36.027
4864.724,-35.973
4864.800,-35.953
4864.905,-35.867
4865.010,-36.02
4865.099,-35.94
4865.234,-35.867
4865.307,-35.833
4865.415,-36.02
4865.503,-36.04
4865.614,-36.053
4865.717,-35.973
4865.824,-35.773
4865.927,-35.987
4866.030,-36.0
4866.104,-35.973
4866.236,-35.947
4866.295,-35.833
4866.403,-35.94
4866.503,-36.073
4866.606,-35.92
4916.741,-35.96
4916.812,-35.987
4916.945,-35.947
4917.048,-35.967
4917.145,-35.827
4917.241,-35.907
4917.295,-36.0
4917.388,-35.887
4917.484,-36.033
4917.587,-36.047
4917.687,-36.053
4917.788,-35.973
4917.886,-35.98
4917.991,-35.947
4918.103,-35.887
4918.204,-36.0
4918.283,-35.913
4918.398,-35.92
4918.486,-35.867
4918.584,-35.953
4918.687,-35.973
4918.810,-36.007
4918.893,-36.0
4918.994,-36.007
4919.097,-35.973
4919.202,-35.953
4919.302,-35.927
4919.403,-35.9
4919.506,-35.853
4919.614,-35.993
4919.712,-35.993
4919.812,-35.96
4919.918,-36.007
4920.015,-35.833
4920.136,-35.92
4920.236,-36.047
4920.283,-36.0
4920.391,-35.967
4920.498,-35.96
4920.646,-35.96
4920.702,-36.013
4920.829,-35.987
4920.944,-35.973
4921.043,-35.86
4921.146,-35.92
4921.173,-36.02
4921.349,-36.013
4921.378,-35.98
4921.481,-35.973
4921.584,-36.053
4921.680,-36.013
4921.777,-36.027
4921.873,-35.993
4921.996,-36.107
4922.074,-35.953
4922.185,-36.027
4922.283,-36.06
4922.380,-36.027
4922.484,-36.053
4922.581,-35.96
4922.682,-35.84
4922.807,-35.913
4922.878,-36.007
4922.981,-35.967
4923.084,-35.933
4923.173,-35.88
4923.297,-35.94
4923.398,-35.947
4923.494,-35.927
4923.603,-35.907
4923.706,-36.0
4923.807,-36.06
4923.910,-35.96
4924.023,-36.007
4924.119,-36.053
4924.221,-35.953
4924.322,-36.08
4924.420,-35.953
4924.525,-35.9
4924.648,-35.96
4924.663,-36.013
4924.831,-36.04
4924.930,-35.967
4925.011,-36.047
4925.065,-35.987
4925.168,-36.013
4925.265,-35.987
4925.381,-35.947
4925.474,-35.973
4925.577,-36.1
4925.673,-36.02
4925.773,-35.993
4925.878,-35.927
4925.981,-35.833
4926.082,-35.94
4926.162,-36.027
4926.266,-35.873
4926.373,-35.98
4926.481,-36.067
4926.559,-35.96
4926.660,-35.893
4976.782,-35.907
4976.895,-35.907
4976.967,-35.953
4977.059,-36.04
4977.185,-35.973
4977.290,-35.9
4977.396,-35.98
4977.498,-35.94
4977.584,-36.02
4977.701,-36.08
4977.802,-35.893
4977.923,-36.047
4978.008,-35.94
4978.106,-35.907
4978.216,-35.953
4978.322,-35.9
4978.415,-35.847
4978.511,-35.873
4978.626,-36.02
4978.655,-35.967
4978.756,-35.887
4978.932,-35.927
4978.962,-36.033
4979.055,-36.047
4979.163,-36.007
4979.260,-35.947
4979.361,-35.947
4979.464,-35.933
4979.565,-35.913
4979.665,-35.993
4979.766,-36.053
4979.849,-36.107
4979.954,-35.987
4980.055,-35.993
4980.158,-35.987
4980.261,-35.953
4980.361,-36.053
4980.462,-35.967
4980.570,-35.927
4980.667,-35.96
4980.771,-36.007
4980.895,-35.987
4980.983,-35.853
4981.081,-35.98
4981.180,-35.993
4981.258,-36.033
4981.361,-35.993
4981.447,-35.94
4981.548,-35.947
4981.652,-36.033
4981.751,-36.0
4981.896,-36.12
4981.964,-35.893
4982.089,-35.947
4982.173,-36.073
4982.295,-35.953
4982.380,-36.0
4982.483,-35.933
4982.542,-35.947
4982.655,-35.94
4982.753,-35.98
4982.907,-35.94
4982.959,-35.96
4983.050,-36.02
4983.150,-35.94
4983.244,-35.887
4983.347,-35.967
4983.466,-36.053
4983.540,-36.013
4983.636,-36.06
4983.760,-36.027
4983.846,-35.953
4983.954,-35.98
4984.050,-35.86
4984.152,-35.88
4984.253,-36.067
4984.356,-35.94
4984.454,-35.98
4984.569,-35.933
4984.668,-35.9
4984.768,-36.047
4984.866,-36.007
4984.981,-35.967
4985.079,-36.027
4985.180,-35.84
4985.305,-35.967
4985.376,-35.927
4985.483,-35.913
4985.587,-36.027
4985.668,-35.927
4985.795,-36.0
4985.891,-36.073
4986.003,-35.947
4986.094,-36.033
4986.192,-35.773
4986.295,-35.873
4986.408,-35.867
4986.503,-35.88
4986.532,-36.007
4986.633,-36.053
5276.734,-36.033
5276.842,-36.04
5276.940,-36.007
5277.050,-36.1
5277.140,-36.04
5277.233,-35.98
5277.334,-35.9
5277.434,-35.98
5277.552,-36.02
5277.657,-35.92
5277.734,-36.04
5277.832,-36.02
5277.935,-35.953
5278.037,-36.093
5278.133,-36.113
5278.248,-35.98
5278.332,-35.967
5278.452,-36.0
5278.552,-35.887
5278.657,-35.933
5278.753,-35.98
5278.856,-36.053
5278.979,-35.767
5279.067,-36.027
5279.170,-36.047
5279.270,-35.927
5279.344,-35.94
5279.481,-35.853
5279.579,-35.993
5279.685,-36.107
5279.782,-36.033
5279.883,-35.993
5279.986,-35.887
5280.079,-36.06
5280.130,-35.893
5280.226,-35.947
5280.393,-36.04
5280.423,-35.973
5280.518,-35.96
5280.623,-36.027
5280.726,-36.087
5280.817,-36.093
5280.932,-35.967
5281.035,-36.027
5281.118,-36.033
5281.228,-36.1
5281.322,-36.02
5281.423,-36.087
5281.565,-35.98
5281.614,-36.0
5281.714,-35.987
5281.837,-36.12
5281.934,-35.88
5282.016,-35.847
5282.114,-35.947
5282.212,-36.06
5282.344,-35.907
5282.430,-35.92
5282.540,-35.88
5282.643,-35.96
5282.761,-36.06
5282.858,-35.993
5282.954,-35.987
5283.081,-35.913
5283.158,-35.973
5283.263,-35.893
5283.376,-35.873
5283.427,-35.987
5283.572,-35.887
5283.670,-36.073
5283.771,-36.067
5283.812,-35.88
5283.910,-35.987
5284.006,-36.16
5284.111,-35.973
5284.209,-35.98
5284.312,-35.967
5284.422,-36.033
5284.505,-36.06
5284.616,-36.073
5284.719,-36.087
5284.805,-36.027
5284.915,-36.02
5285.037,-36.007
5285.111,-36.013
5285.239,-35.947
5285.309,-35.947
5285.408,-35.907
5285.521,-36.007
5285.630,-35.96
5285.726,-35.98
5285.824,-36.08
5285.925,-35.947
5286.032,-35.967
5286.131,-35.967
5286.229,-36.02
5286.342,-36.027
5286.423,-36.027
5286.501,-35.907
5286.606,-35.9
5336.753,-35.98
5336.812,-36.067
5336.910,-35.993
5337.076,-36.1
5337.128,-36.013
5337.253,-35.927
5337.349,-35.873
5337.402,-35.88
5337.579,-35.94
5337.653,-35.933
5337.704,-35.853
5337.859,-35.947
5337.988,-36.087
5338.013,-35.967
5338.109,-35.86
5338.204,-35.933
5338.307,-36.0
5338.412,-35.96
5338.510,-36.12
5338.594,-36.1
5338.697,-35.953
5338.793,-35.913
5338.915,-36.02
5339.005,-36.007
5339.106,-36.013
5339.229,-36.04
5339.327,-35.92
5339.398,-35.953
5339.516,-36.007
5339.609,-36.007
5339.719,-36.047
5339.826,-35.927
5339.923,-35.987
5340.016,-36.12
5340.123,-35.953
5340.244,-36.053
5340.351,-35.913
5340.430,-36.02
5340.489,-36.113
5340.592,-35.947
5340.751,-35.927
5340.800,-35.807
5340.910,-35.927
5341.042,-35.887
5341.163,-35.933
5341.246,-36.013
5341.344,-35.86
5341.447,-35.987
5341.488,-35.913
5341.652,-35.947
5341.753,-36.027
5341.805,-35.987
5341.891,-36.04
5341.994,-35.987
5342.089,-35.98
5342.192,-36.0
5342.290,-35.993
5342.395,-35.92
5342.501,-35.967
5342.591,-35.98
5342.685,-35.96
5342.785,-36.053
5342.888,-35.907
5343.001,-35.953
5343.101,-35.94
5343.197,-36.08
5343.324,-35.953
5343.405,-36.027
5343.505,-35.867
5343.609,-35.953
5343.704,-35.94
5343.810,-35.993
5343.913,-36.013
5344.015,-35.96
5344.104,-35.88
5344.224,-35.913
5344.324,-36.04
5344.427,-35.92
5344.523,-35.953
5344.630,-36.02
5344.731,-35.98
5344.841,-36.013
5344.942,-35.993
5345.037,-35.987
5345.136,-35.88
5345.239,-36.113
5345.347,-35.913
5345.373,-35.9
5345.472,-35.9
5345.574,-35.987
5345.684,-36.013
5345.785,-36.027
5345.896,-35.98
5345.976,-36.013
5346.074,-35.853
5346.175,-35.94
5346.271,-36.007
5346.376,-35.993
5346.479,-35.933
5346.582,-36.013
5346.675,-35.947
5396.783,-36.007
5396.868,-35.96
5396.998,-35.893
5397.087,-35.9
5397.209,-35.953
5397.282,-36.06
5397.391,-36.013
5397.494,-36.007
5397.597,-35.927
5397.697,-35.967
5397.807,-35.967
5397.907,-36.033
5398.016,-35.887
5398.109,-35.88
5398.216,-35.96
5398.315,-35.9
5398.415,-35.887
5398.520,-35.987
5398.621,-35.887
5398.726,-36.06
5398.837,-36.113
5398.927,-35.973
5399.028,-35.973
5399.136,-36.04
5399.165,-35.933
5399.273,-35.927
5399.369,-35.88
5399.467,-36.013
5399.572,-36.08
5399.670,-35.96
5399.770,-36.013
5399.881,-35.96
5399.976,-36.007
5400.079,-35.953
5400.165,-36.033
5400.273,-36.0
5400.375,-36.053
5400.462,-36.033
5400.579,-35.92
5400.675,-35.987
5400.763,-35.907
5400.886,-35.9
5400.979,-35.993
5401.087,-35.92
5401.180,-35.953
5401.288,-35.947
5401.385,-35.947
5401.481,-36.007
5401.581,-36.067
5401.675,-36.08
5401.798,-35.833
5401.896,-36.067
5401.994,-35.94
5402.101,-35.887
5402.214,-35.907
5402.314,-35.82
5402.420,-36.0
5402.520,-35.94
5402.552,-35.933
5402.719,-35.927
5402.751,-35.973
5402.851,-35.893
5403.028,-36.013
5403.060,-36.08
5403.160,-35.927
5403.271,-35.973
5403.363,-35.907
5403.464,-36.053
5403.564,-35.907
5403.662,-35.987
5403.763,-35.96
5403.866,-35.953
5403.983,-36.0
5404.048,-35.9
5404.155,-35.933
5404.256,-35.947
5404.349,-35.993
5404.461,-35.98
5404.560,-35.873
5404.663,-35.9
5404.763,-36.007
5404.869,-35.84
5404.969,-35.82
5405.084,-35.973
5405.177,-35.967
5405.280,-36.12
5405.378,-35.94
5405.496,-35.967
5405.592,-35.96
5405.648,-35.9
5405.753,-35.96
5405.859,-36.027
5405.959,-35.953
5406.067,-36.04
5406.197,-36.073
5406.300,-36.04
5406.413,-35.967
5406.440,-35.82
5406.599,-35.873
5406.650,-35.987
5456.815,-36.04
5456.844,-36.027
5456.947,-35.947
5457.045,-35.84
5457.153,-36.02
5457.248,-36.06
5457.359,-36.013
5457.457,-35.9
5457.557,-35.933
5457.657,-35.987
5457.744,-36.02
5457.839,-36.1
5457.939,-36.033
5458.042,-35.927
5458.143,-35.933
5458.248,-36.007
5458.354,-35.94
5458.461,-35.987
5458.560,-35.967
5458.660,-35.973
5458.760,-35.987
5458.871,-35.967
5458.967,-35.92
5459.072,-35.947
5459.170,-36.087
5459.271,-36.087
5459.381,-35.96
5459.434,-35.96
5459.589,-35.86
5459.643,-35.887
5459.790,-36.007
5459.907,-36.067
5460.003,-35.973
5460.030,-35.9
5460.131,-36.0
5460.229,-35.94
5460.386,-35.873
5460.437,-35.9
5460.535,-35.973
5460.630,-35.96
5460.734,-35.967
5460.834,-36.0
5460.940,-35.98
5461.035,-35.973
5461.136,-36.087
5461.239,-36.04
5461.332,-36.013
5461.442,-36.08
5461.525,-36.073
5461.631,-35.86
5461.744,-35.94
5461.829,-36.013
5461.930,-35.967
5462.038,-35.927
5462.136,-35.9
5462.241,-35.96
5462.369,-35.987
5462.444,-35.94
5462.548,-35.913
5462.648,-35.993
5462.751,-35.9
5462.847,-35.953
5462.956,-36.007
5463.067,-35.98
5463.195,-35.96
5463.271,-36.013
5463.376,-36.0
5463.479,-35.92
5463.584,-35.907
5463.682,-35.967
5463.778,-35.907
5463.905,-36.08
5463.984,-35.993
5464.081,-35.9
5464.138,-35.907
5464.226,-35.987
5464.388,-35.913
5464.418,-35.847
5464.523,-35.913
5464.640,-35.993
5464.717,-35.98
5464.820,-35.973
5464.918,-35.933
5465.042,-35.98
5465.114,-35.96
5465.214,-36.053
5465.312,-35.913
5465.413,-35.873
5465.513,-35.927
5465.616,-35.92
5465.741,-36.007
5465.824,-35.953
5465.937,-36.02
5466.052,-35.98
5466.153,-35.933
5466.233,-35.94
5466.344,-35.933
5466.447,-35.94
5466.547,-35.98
5466.673,-35.927
5516.753,-35.907
5516.856,-35.887
5516.961,-35.907
5517.059,-35.9
5517.165,-36.107
5517.265,-36.06
5517.388,-35.94
5517.461,-35.94
5517.579,-35.913
5517.667,-35.973
5517.768,-35.987
5517.885,-35.993
5517.913,-35.993
5518.015,-36.0
5518.114,-35.967
5518.214,-36.033
5518.315,-36.007
5518.410,-36.013
5518.511,-36.127
5518.613,-36.06
5518.707,-35.967
5518.861,-35.96
5518.910,-35.98
5519.099,-36.113
5519.101,-35.907
5519.217,-36.02
5519.312,-35.973
5519.418,-35.907
5519.503,-36.04
5519.603,-35.953
5519.717,-35.907
5519.829,-35.933
5519.925,-35.94
5520.023,-35.94
5520.123,-35.94
5520.250,-35.807
5520.347,-35.987
5520.442,-36.02
5520.535,-36.0
5520.636,-36.073
5520.743,-35.927
5520.841,-36.007
5520.947,-35.947
5521.050,-36.0
5521.150,-36.007
5521.258,-35.927
5521.353,-36.033
5521.457,-36.007
5521.576,-36.027
5521.667,-35.98
5521.694,-36.02
5521.868,-36.147
5521.896,-36.053
5522.013,-35.913
5522.094,-35.94
5522.204,-35.98
5522.300,-36.04
5522.400,-35.933
5522.503,-35.88
5522.604,-36.013
5522.726,-36.06
5522.792,-36.053
5522.898,-36.013
5523.021,-35.953
5523.092,-35.907
5523.201,-35.953
5523.307,-35.987
5523.405,-35.887
5523.506,-35.927
5523.614,-36.073
5523.717,-36.033
5523.829,-36.0
5523.895,-35.787
5524.016,-36.0
5524.118,-35.98
5524.194,-35.947
5524.329,-36.047
5524.388,-35.88
5524.494,-35.967
5524.606,-36.013
5524.724,-36.053
5524.834,-35.893
5524.937,-35.82
5525.043,-35.947
5525.140,-35.987
5525.244,-36.073
5525.366,-35.973
5525.449,-36.073
5525.570,-36.047
5525.665,-36.027
5525.682,-36.053
5525.788,-35.953
5525.885,-36.093
5525.988,-35.907
5526.101,-35.947
5526.197,-36.047
5526.293,-36.093
5526.400,-36.1
5526.479,-36.027
5526.601,-35.933
5526.682,-35.947
5576.790,-35.993
5576.881,-36.0
5576.984,-35.96
5577.087,-35.94
5577.199,-35.973
5577.298,-36.04
5577.393,-35.953
5577.501,-35.973
5577.614,-35.933
5577.714,-36.033
5577.810,-36.04
5577.915,-35.973
5578.013,-36.0
5578.111,-35.913
5578.238,-36.053
5578.329,-35.927
5578.423,-35.907
5578.521,-36.02
5578.623,-35.913
5578.728,-35.973
5578.827,-36.033
5578.930,-35.967
5578.974,-35.98
5579.141,-35.9
5579.236,-36.0
5579.339,-35.987
5579.381,-36.1
5579.476,-35.927
5579.574,-35.88
5579.672,-35.98
5579.777,-36.013
5579.890,-35.907
5579.974,-35.993
5580.074,-36.073
5580.192,-36.047
5580.298,-36.04
5580.388,-35.947
5580.474,-36.013
5580.569,-36.113
5580.689,-35.96
5580.778,-35.927
5580.880,-35.953
5580.978,-35.947
5581.074,-35.967
5581.175,-35.94
5581.293,-36.0
5581.413,-36.08
5581.489,-36.033
5581.592,-36.093
5581.695,-35.967
5581.798,-35.927
5581.913,-36.013
5582.003,-35.987
5582.104,-36.007
5582.226,-35.96
5582.324,-35.953
5582.420,-35.953
5582.516,-35.88
5582.616,-36.047
5582.719,-36.1
5582.822,-35.873
5582.923,-35.98
5583.015,-36.027
5583.060,-36.02
5583.231,-35.987
5583.332,-35.973
5583.435,-36.02
5583.464,-35.98
5583.562,-35.973
5583.663,-35.967
5583.775,-35.98
5583.876,-35.967
5583.972,-36.02
5584.074,-35.973
5584.160,-35.98
5584.258,-35.973
5584.359,-35.833
5584.461,-36.02
5584.560,-35.98
5584.672,-36.093
5584.802,-35.92
5584.875,-35.787
5584.964,-36.047
5585.074,-36.1
5585.175,-36.06
5585.278,-36.013
5585.400,-35.967
5585.474,-35.98
5585.587,-35.993
5585.694,-36.027
5585.793,-36.027
5585.895,-35.953
5586.000,-35.867
5586.099,-35.967
5586.201,-35.993
5586.322,-35.74
5586.418,-35.967
5586.516,-35.927
5586.621,-35.913
5876.734,-35.993
5876.807,-35.92
5876.952,-35.993
5876.954,-35.967
5877.059,-36.013
5877.150,-35.893
5877.253,-36.0
5877.359,-35.973
5877.464,-35.927
5877.565,-35.947
5877.663,-36.007
5877.768,-36.04
5877.864,-36.147
5877.966,-35.867
5878.067,-35.987
5878.185,-35.973
5878.248,-36.013
5878.371,-36.007
5878.452,-36.013
5878.572,-36.053
5878.668,-35.94
5878.765,-35.88
5878.863,-35.953
5878.949,-35.993
5879.052,-35.88
5879.153,-35.98
5879.263,-36.027
5879.347,-36.027
5879.467,-36.12
5879.552,-35.933
5879.675,-36.04
5879.777,-35.92
5879.871,-36.093
5879.998,-36.147
5880.082,-35.893
5880.185,-35.933
5880.305,-36.147
5880.410,-35.933
5880.437,-36.033
5880.604,-35.96
5880.706,-35.94
5880.802,-36.013
5880.910,-35.953
5880.940,-35.98
5881.037,-36.013
5881.138,-35.967
5881.243,-35.993
5881.344,-36.04
5881.467,-35.887
5881.557,-36.0
5881.655,-35.967
5881.753,-36.047
5881.837,-36.007
5881.972,-35.94
5882.045,-35.967
5882.141,-36.0
5882.251,-35.973
5882.346,-36.06
5882.447,-36.087
5882.570,-35.907
5882.660,-35.827
5882.756,-35.94
5882.856,-35.893
5882.937,-36.053
5883.032,-36.067
5883.133,-36.0
5883.233,-36.04
5883.332,-35.973
5883.440,-36.013
5883.572,-35.96
5883.645,-35.853
5883.748,-35.853
5883.849,-35.993
5883.974,-36.033
5884.057,-35.933
5884.197,-35.873
5884.270,-36.113
5884.407,-36.1
5884.486,-36.1
5884.528,-36.007
5884.699,-36.04
5884.728,-35.913
5884.844,-35.88
5884.940,-36.033
5885.047,-36.093
5885.143,-36.013
5885.241,-36.013
5885.337,-35.907
5885.435,-35.913
5885.533,-36.04
5885.628,-35.96
5885.726,-36.013
5885.827,-35.92
5885.929,-35.98
5886.030,-36.173
5886.133,-36.1
5886.246,-35.96
5886.337,-35.873
5886.442,-35.947
5886.543,-36.147
5886.657,-36.033
5936.755,-36.047
5936.853,-36.02
5936.952,-35.98
5937.072,-35.947
5937.168,-35.987
5937.263,-36.027
5937.322,-35.967
5937.467,-36.073
5937.525,-36.073
5937.668,-36.033
5937.743,-35.96
5937.875,-35.853
5937.978,-35.9
5938.028,-35.947
5938.177,-36.087
5938.275,-35.953
5938.327,-36.033
5938.415,-36.047
5938.516,-36.073
5938.618,-36.153
5938.721,-36.087
5938.819,-36.107
5938.930,-35.98
5939.028,-35.967
5939.126,-35.993
5939.231,-35.893
5939.331,-35.987
5939.427,-35.953
5939.523,-36.06
5939.623,-36.013
5939.719,-35.973
5939.820,-36.027
5939.923,-35.947
5940.033,-36.107
5940.133,-36.133
5940.229,-36.06
5940.332,-36.053
5940.434,-35.933
5940.545,-36.047
5940.655,-36.02
5940.741,-35.967
5940.847,-35.913
5940.957,-35.98
5941.067,-36.027
5941.187,-36.0
5941.261,-35.973
5941.366,-35.973
5941.459,-36.04
5941.560,-35.9
5941.663,-35.927
5941.758,-35.947
5941.868,-36.0
5941.971,-35.98
5942.081,-35.967
5942.170,-36.02
5942.278,-35.973
5942.302,-36.013
5942.405,-35.913
5942.516,-35.993
5942.616,-35.993
5942.721,-36.0
5942.817,-36.067
5942.903,-36.107
5943.018,-36.007
5943.121,-36.0
5943.228,-35.967
5943.312,-36.007
5943.413,-35.913
5943.500,-36.013
5943.608,-35.86
5943.704,-36.107
5943.804,-36.053
5943.923,-36.16
5944.008,-36.08
5944.130,-36.0
5944.226,-36.113
5944.331,-36.093
5944.437,-35.987
5944.535,-35.893
5944.633,-35.947
5944.744,-36.06
5944.842,-35.96
5944.940,-36.007
5945.065,-36.013
5945.155,-35.96
5945.253,-35.987
5945.354,-36.007
5945.452,-36.073
5945.554,-35.913
5945.655,-35.893
5945.758,-35.98
5945.800,-36.033
5945.964,-35.993
5945.998,-35.987
5946.096,-35.867
5946.194,-35.953
5946.295,-35.847
5946.398,-36.053
5946.501,-36.033
5946.603,-35.893
5946.706,-35.893
5996.807,-36.0
5996.903,-35.947
5997.013,-36.027
5997.091,-35.907
5997.192,-35.907
5997.315,-35.933
5997.410,-35.92
5997.508,-35.98
5997.603,-36.02
5997.714,-36.027
5997.815,-35.947
5997.908,-35.96
5998.005,-36.047
5998.116,-35.86
5998.194,-36.1
5998.342,-35.773
5998.422,-35.84
5998.505,-36.033
5998.626,-35.98
5998.690,-36.013
5998.798,-35.86
5998.925,-35.967
5999.011,-35.92
5999.152,-35.953
5999.214,-35.947
5999.336,-35.947
5999.435,-36.04
5999.548,-36.0
5999.643,-36.033
5999.744,-36.053
5999.793,-35.967
5999.890,-35.947
5999.981,-35.987
6000.103,-36.04
6000.255,-36.0
6000.283,-36.04
6000.402,-35.94
6000.500,-35.98
6000.601,-36.16
6000.702,-36.047
6000.800,-35.907
6000.880,-35.873
6000.989,-35.94
6001.086,-36.08
6001.187,-35.987
6001.314,-36.047
6001.402,-35.933
6001.498,-35.887
6001.597,-36.113
6001.680,-35.973
6001.800,-35.907
6001.905,-35.88
6002.018,-36.073
6002.119,-36.007
6002.216,-35.927
6002.312,-36.073
6002.417,-35.893
6002.528,-36.013
6002.626,-36.04
6002.724,-35.987
6002.827,-35.907
6002.927,-35.9
6003.030,-36.0
6003.148,-36.0
6003.234,-36.06
6003.337,-35.947
6003.440,-36.04
6003.562,-35.92
6003.643,-35.887
6003.675,-36.06
6003.771,-36.087
6003.886,-35.96
6003.979,-35.873
6004.079,-36.0
6004.170,-36.027
6004.293,-35.827
6004.371,-35.9
6004.491,-35.993
6004.574,-36.007
6004.670,-35.94
6004.778,-36.013
6004.885,-35.96
6004.989,-35.993
6005.069,-35.92
6005.180,-36.04
6005.273,-36.033
6005.402,-35.953
6005.489,-36.04
6005.584,-36.027
6005.684,-36.053
6005.795,-35.847
6005.888,-35.993
6005.972,-35.973
6006.089,-35.867
6006.204,-36.033
6006.300,-36.0
6006.386,-35.96
6006.501,-35.993
6006.597,-35.987
6056.717,-35.973
6056.827,-35.887
6056.905,-36.033
6057.023,-36.08
6057.119,-35.9
6057.239,-35.887
6057.268,-36.053
6057.364,-35.993
6057.461,-36.027
6057.562,-35.967
6057.673,-35.927
6057.771,-35.9
6057.866,-35.967
6057.967,-36.047
6058.070,-35.94
6058.175,-36.007
6058.297,-35.853
6058.361,-35.973
6058.459,-36.06
6058.560,-36.02
6058.663,-35.96
6058.788,-35.933
6058.869,-36.027
6058.972,-36.02
6059.074,-36.0
6059.177,-35.94
6059.277,-35.913
6059.396,-36.06
6059.484,-35.987
6059.587,-35.96
6059.692,-36.08
6059.765,-35.993
6059.898,-36.013
6059.996,-36.02
6060.096,-36.0
6060.202,-35.993
6060.300,-35.813
6060.359,-35.96
6060.500,-35.987
6060.570,-36.02
6060.714,-36.12
6060.773,-35.9
6060.915,-35.78
6060.986,-35.94
6061.050,-35.953
6061.153,-35.927
6061.258,-35.887
6061.356,-35.967
6061.459,-35.96
6061.552,-35.973
6061.670,-35.873
6061.763,-35.98
6061.869,-35.9
6061.971,-36.02
6062.060,-35.973
6062.160,-35.927
6062.280,-35.967
6062.349,-35.927
6062.452,-36.047
6062.552,-36.013
6062.658,-36.027
6062.760,-36.04
6062.861,-36.0
6062.964,-35.953
6063.074,-35.873
6063.168,-35.987
6063.271,-36.033
6063.373,-35.887
6063.486,-35.873
6063.584,-35.867
6063.707,-35.94
6063.782,-35.973
6063.876,-36.0
6063.986,-35.927
6064.089,-35.9
6064.175,-35.887
6064.253,-35.947
6064.356,-35.927
6064.464,-35.98
6064.543,-35.987
6064.641,-35.953
6064.743,-35.96
6064.844,-36.007
6065.003,-36.053
6065.054,-35.867
6065.138,-35.967
6065.238,-35.987
6065.347,-36.027
6065.447,-35.907
6065.545,-35.88
6065.646,-35.913
6065.736,-35.98
6065.856,-36.14
6065.957,-35.967
6066.035,-35.907
6066.138,-35.987
6066.239,-36.027
6066.341,-35.96
6066.452,-35.967
6066.548,-35.933
6066.648,-35.853
6116.751,-35.887
6116.861,-35.967
6116.956,-36.0
6117.060,-36.0
6117.160,-35.947
6117.263,-35.913
6117.373,-36.0
6117.484,-36.127
6117.572,-36.053
6117.673,-36.007
6117.775,-36.08
6117.895,-36.053
6117.989,-35.953
6118.043,-35.967
6118.141,-35.967
6118.244,-35.913
6118.347,-35.94
6118.449,-36.013
6118.530,-36.04
6118.633,-35.98
6118.731,-35.92
6118.913,-36.12
6118.969,-36.06
6119.028,-36.06
6119.136,-36.033
6119.234,-35.94
6119.344,-35.953
6119.437,-36.133
6119.540,-36.073
6119.643,-36.047
6119.733,-35.933
6119.831,-35.953
6119.934,-35.873
6120.057,-35.973
6120.123,-36.027
6120.226,-35.893
6120.334,-35.94
6120.422,-36.033
6120.540,-36.04
6120.641,-36.047
6120.744,-36.04
6120.861,-35.993
6120.979,-35.933
6121.052,-35.94
6121.160,-36.107
6121.293,-36.04
6121.364,-36.007
6121.464,-35.92
6121.572,-35.927
6121.670,-35.84
6121.770,-35.987
6121.893,-35.92
6121.981,-35.873
6122.081,-35.853
6122.180,-35.953
6122.260,-36.0
6122.385,-36.0
6122.491,-35.973
6122.520,-35.993
6122.630,-35.98
6122.719,-36.02
6122.826,-35.92
6122.927,-35.913
6123.021,-35.827
6123.133,-35.887
6123.234,-36.113
6123.408,-36.093
6123.437,-36.047
6123.528,-36.107
6123.626,-36.073
6123.729,-36.007
6123.817,-35.987
6123.913,-35.947
6124.016,-35.98
6124.143,-35.98
6124.229,-36.067
6124.329,-35.98
6124.432,-35.98
6124.533,-35.82
6124.631,-35.853
6124.731,-35.953
6124.841,-36.053
6124.923,-36.0
6125.023,-35.833
6125.146,-36.053
6125.246,-35.987
6125.388,-35.927
6125.437,-36.08
6125.569,-35.94
6125.660,-35.913
6125.795,-36.007
6125.866,-36.0
6125.981,-36.013
6126.008,-35.987
6126.175,-35.8
6126.273,-35.973
6126.378,-36.053
6126.405,-36.08
6126.582,-35.94
6126.609,-35.873
6126.707,-35.847
6176.810,-36.067
6176.913,-36.053
6177.094,-35.98
6177.123,-35.913
6177.222,-35.967
6177.322,-36.087
6177.405,-35.933
6177.503,-36.013
6177.613,-36.027
6177.712,-35.907
6177.820,-36.007
6177.915,-35.987
6178.016,-35.98
6178.141,-35.967
6178.231,-35.867
6178.327,-36.047
6178.425,-35.907
6178.508,-35.907
6178.646,-35.933
6178.741,-35.933
6178.841,-36.1
6178.945,-36.033
6179.042,-36.027
6179.143,-36.02
6179.202,-35.9
6179.310,-36.013
6179.442,-35.92
6179.516,-35.873
6179.628,-35.94
6179.750,-35.887
6179.849,-36.02
6179.902,-35.953
6180.001,-35.953
6180.157,-35.913
6180.207,-35.967
6180.390,-35.98
6180.395,-35.953
6180.513,-36.033
6180.599,-36.087
6180.714,-36.073
6180.876,-36.087
6180.907,-36.107
6181.003,-35.96
6181.104,-36.08
6181.226,-36.093
6181.297,-36.1
6181.398,-35.993
6181.518,-35.96
6181.592,-36.093
6181.712,-35.927
6181.817,-36.0
6181.905,-36.007
6182.021,-35.973
6182.143,-35.927
6182.206,-35.953
6182.319,-35.88
6182.425,-35.92
6182.552,-36.08
6182.611,-35.96
6182.733,-35.92
6182.829,-35.867
6182.930,-35.827
6183.035,-35.973
6183.136,-36.08
6183.238,-35.953
6183.329,-35.927
6183.451,-35.927
6183.547,-35.973
6183.657,-35.927
6183.751,-35.92
6183.853,-35.94
6183.949,-36.0
6184.067,-35.96
6184.094,-35.927
6184.190,-35.953
6184.290,-36.033
6184.390,-36.027
6184.503,-35.993
6184.599,-35.907
6184.697,-35.92
6184.802,-35.893
6184.900,-35.94
6185.003,-35.88
6185.099,-35.933
6185.195,-35.813
6185.295,-36.0
6185.393,-36.0
6185.491,-36.08
6185.582,-35.913
6185.695,-36.0
6185.790,-35.927
6185.903,-35.98
6186.003,-35.94
6186.099,-35.86
6186.199,-35.927
6186.319,-35.993
6186.418,-36.033
6186.513,-35.987
6186.638,-35.813
6186.709,-35.953
6476.831,-36.013
6476.927,-35.96
6477.028,-35.967
6477.130,-35.86
6477.231,-36.027
6477.329,-35.913
6477.435,-36.1
6477.540,-36.0
6477.641,-35.993
6477.744,-36.033
6477.775,-36.02
6477.875,-35.993
6477.978,-35.987
6478.087,-36.04
6478.184,-35.94
6478.278,-35.887
6478.381,-35.967
6478.500,-36.0
6478.574,-36.027
6478.675,-36.007
6478.798,-36.0
6478.885,-36.04
6478.989,-35.973
6479.109,-36.007
6479.187,-35.953
6479.271,-35.96
6479.391,-36.0
6479.481,-35.933
6479.592,-36.033
6479.689,-35.867
6479.790,-35.92
6479.902,-35.933
6479.979,-36.007
6480.101,-35.94
6480.199,-35.933
6480.314,-35.987
6480.413,-36.067
6480.510,-36.067
6480.604,-35.94
6480.706,-35.947
6480.815,-35.853
6480.918,-35.947
6481.020,-35.947
6481.123,-35.9
6481.226,-35.96
6481.331,-35.967
6481.371,-35.907
6481.464,-35.907
6481.562,-35.953
6481.665,-36.053
6481.761,-36.1
6481.863,-35.9
6481.966,-35.953
6482.072,-35.887
6482.175,-35.873
6482.273,-35.967
6482.376,-35.907
6482.472,-35.887
6482.560,-35.953
6482.658,-36.02
6482.763,-35.933
6482.864,-36.033
6482.967,-36.0
6483.067,-35.98
6483.170,-35.98
6483.278,-35.973
6483.376,-35.98
6483.472,-35.88
6483.574,-35.993
6483.684,-35.913
6483.785,-36.04
6483.886,-35.913
6483.989,-36.0
6484.060,-36.04
6484.160,-36.087
6484.310,-35.933
6484.366,-35.927
6484.466,-36.013
6484.572,-35.907
6484.724,-35.947
6484.770,-35.907
6484.854,-35.853
6484.952,-35.82
6485.116,-35.967
6485.214,-35.933
6485.312,-35.98
6485.412,-35.94
6485.454,-36.047
6485.557,-36.08
6485.658,-36.067
6485.832,-35.913
6485.861,-35.987
6485.966,-36.08
6486.047,-35.987
6486.173,-35.98
6486.256,-36.0
6486.353,-36.053
6486.457,-35.967
6486.587,-35.953
6486.660,-35.993
6536.783,-36.053
6536.858,-35.96
6536.959,-35.96
6537.062,-35.913
6537.163,-35.92
6537.251,-35.96
6537.369,-35.967
6537.462,-35.96
6537.574,-35.9
6537.687,-35.867
6537.785,-35.913
6537.883,-36.087
6538.011,-35.94
6538.092,-35.993
6538.145,-35.84
6538.290,-35.907
6538.400,-35.947
6538.456,-36.073
6538.559,-35.907
6538.660,-35.873
6538.744,-35.96
6538.839,-35.967
6538.942,-36.007
6539.045,-35.98
6539.202,-35.953
6539.255,-36.047
6539.337,-35.94
6539.457,-36.047
6539.554,-36.033
6539.650,-35.947
6539.748,-35.9
6539.849,-35.967
6539.949,-35.96
6540.043,-36.073
6540.153,-36.0
6540.236,-36.087
6540.337,-35.927
6540.442,-36.133
6540.582,-35.953
6540.653,-36.013
6540.750,-36.0
6540.854,-35.86
6540.971,-36.013
6541.067,-35.967
6541.167,-35.907
6541.261,-35.92
6541.364,-36.0
6541.466,-35.88
6541.567,-36.04
6541.660,-35.973
6541.773,-35.98
6541.873,-36.047
6541.976,-35.893
6542.072,-35.92
6542.182,-36.093
6542.285,-36.093
6542.396,-36.013
6542.500,-35.887
6542.599,-35.907
6542.628,-36.08
6542.807,-36.047
6542.837,-35.967
6542.932,-36.047
6543.028,-36.007
6543.131,-36.133
6543.238,-35.907
6543.344,-36.08
6543.445,-36.053
6543.545,-35.993
6543.648,-36.06
6543.746,-35.96
6543.923,-36.013
6543.927,-35.873
6544.027,-35.88
6544.131,-36.007
6544.234,-35.993
6544.344,-36.013
6544.442,-35.893
6544.540,-35.927
6544.646,-35.907
6544.729,-35.98
6544.832,-35.947
6544.940,-36.067
6545.038,-35.967
6545.143,-35.86
6545.246,-35.98
6545.334,-35.98
6545.449,-35.96
6545.548,-35.987
6545.706,-36.027
6545.755,-35.907
6545.876,-35.92
6545.972,-36.02
6546.072,-35.9
6546.185,-36.0
6546.280,-35.967
6546.380,-36.087
6546.484,-36.047
6546.586,-35.973
6546.706,-35.887
6596.807,-35.967
6596.824,-35.96
6596.918,-36.08
6597.018,-35.96
6597.119,-35.96
6597.217,-36.0
6597.326,-35.88
6597.427,-36.053
6597.543,-35.913
6597.614,-36.06
6597.736,-35.993
6597.812,-35.967
6597.932,-35.98
6598.033,-35.967
6598.131,-36.02
6598.228,-35.927
6598.334,-36.047
6598.459,-36.013
6598.532,-36.04
6598.643,-35.9
6598.717,-35.933
6598.837,-36.067
6598.940,-36.007
6599.057,-35.94
6599.133,-36.007
6599.277,-35.9
6599.380,-35.967
6599.423,-35.907
6599.543,-35.953
6599.631,-36.08
6599.790,-35.947
6599.834,-35.913
6599.954,-36.033
6600.006,-35.993
6600.141,-36.073
6600.271,-36.0
6600.380,-35.987
6600.407,-36.053
6600.508,-35.98
6600.672,-36.04
6600.724,-36.04
6600.820,-35.913
6600.917,-35.96
6601.013,-35.933
6601.114,-36.007
6601.216,-35.973
6601.320,-35.947
6601.423,-35.98
6601.535,-35.88
6601.608,-35.98
6601.707,-35.967
6601.809,-35.94
6601.912,-35.987
6602.020,-35.98
6602.123,-36.06
6602.226,-36.073
6602.320,-36.053
6602.432,-35.913
6602.533,-35.873
6602.628,-35.993
6602.731,-36.153
6602.832,-35.933
6602.934,-35.967
6603.055,-35.973
6603.148,-36.007
6603.268,-35.96
6603.344,-36.053
6603.420,-36.027
6603.557,-36.04
6603.653,-36.047
6603.753,-36.007
6603.856,-35.967
6603.959,-35.987
6604.018,-35.94
6604.096,-35.973
6604.202,-35.96
6604.302,-35.973
6604.407,-36.073
6604.493,-36.053
6604.594,-35.927
6604.699,-35.947
6604.795,-35.973
6604.915,-36.067
6605.013,-36.093
6605.109,-36.08
6605.211,-35.953
6605.302,-36.033
6605.396,-36.0
6605.494,-36.073
6605.597,-35.913
6605.699,-35.88
6605.802,-35.853
6605.903,-36.12
6606.013,-36.12
6606.119,-35.967
6606.219,-36.033
6606.317,-35.993
6606.427,-36.02
6606.528,-35.98
6606.626,-35.94
6656.734,-35.833
6656.834,-35.987
6656.937,-35.993
6657.042,-36.007
6657.141,-35.98
6657.241,-35.82
6657.342,-36.093
6657.440,-36.013
6657.543,-35.947
6657.646,-35.88
6657.746,-35.993
6657.849,-35.873
6657.952,-35.927
6658.006,-35.913
6658.157,-36.033
6658.199,-36.06
6658.287,-35.907
6658.383,-35.953
6658.488,-36.0
6658.599,-35.94
6658.702,-35.887
6658.802,-35.993
6658.898,-35.967
6659.001,-36.013
6659.103,-35.953
6659.180,-35.907
6659.300,-35.867
6659.396,-35.833
6659.488,-35.98
6659.584,-36.02
6659.712,-35.967
6659.787,-35.907
6659.888,-35.867
6659.979,-36.02
6660.079,-35.907
6660.199,-35.967
6660.300,-36.027
6660.403,-35.867
6660.515,-36.073
6660.614,-36.107
6660.719,-36.027
6660.817,-35.92
6660.920,-35.873
6661.023,-36.0
6661.138,-36.027
6661.228,-36.02
6661.332,-36.02
6661.427,-35.913
6661.550,-35.933
6661.577,-36.027
6661.741,-36.02
6661.844,-36.013
6661.875,-35.927
6661.972,-35.867
6662.072,-36.007
6662.192,-35.907
6662.288,-36.06
6662.385,-36.033
6662.481,-35.96
6662.581,-35.927
6662.685,-36.087
6662.788,-36.013
6662.890,-36.033
6662.976,-35.98
6663.074,-35.927
6663.182,-35.973
6663.288,-35.92
6663.388,-35.973
6663.494,-36.04
6663.594,-35.893
6663.712,-36.093
6663.775,-36.04
6663.896,-36.04
6664.003,-36.027
6664.123,-35.96
6664.199,-36.047
6664.300,-35.973
6664.403,-35.953
6664.516,-36.047
6664.613,-35.893
6664.719,-36.04
6664.839,-36.093
6664.915,-35.92
6665.016,-35.907
6665.119,-35.973
6665.226,-35.967
6665.324,-36.007
6665.420,-36.1
6665.548,-35.953
6665.565,-36.02
6665.660,-35.98
6665.837,-35.967
6665.871,-36.093
6665.961,-36.007
6666.065,-35.92
6666.167,-36.0
6666.285,-35.94
6666.376,-36.08
6666.474,-35.927
6666.577,-36.013
6666.680,-36.027
6716.758,-36.06
6716.859,-36.093
6716.962,-35.98
6717.065,-35.94
6717.167,-36.06
6717.268,-36.027
6717.388,-35.873
6717.476,-35.947
6717.581,-35.967
6717.697,-35.913
6717.822,-36.047
6717.896,-35.833
6717.972,-36.0
6718.089,-35.967
6718.163,-35.953
6718.295,-35.967
6718.366,-35.853
6718.489,-36.053
6718.574,-35.967
6718.695,-36.0
6718.795,-35.993
6718.900,-35.887
6719.001,-35.98
6719.054,-35.907
6719.226,-35.98
6719.312,-35.92
6719.440,-35.947
6719.513,-35.867
6719.565,-35.893
6719.660,-35.92
6719.761,-36.127
6719.863,-36.127
6719.959,-35.967
6720.070,-35.98
6720.170,-36.007
6720.275,-35.967
6720.371,-35.94
6720.469,-35.993
6720.548,-35.92
6720.652,-35.94
6720.763,-35.98
6720.861,-35.993
6720.962,-36.007
6721.086,-36.08
6721.163,-35.973
6721.263,-35.973
6721.373,-36.013
6721.498,-35.907
6721.570,-36.02
6721.673,-35.913
6721.797,-35.973
6721.891,-36.033
6721.986,-35.773
6722.084,-35.96
6722.207,-35.98
6722.288,-36.107
6722.390,-36.047
6722.491,-35.907
6722.601,-35.92
6722.701,-35.913
6722.763,-36.073
6722.866,-36.127
6722.969,-36.027
6723.047,-35.92
6723.146,-36.007
6723.315,-36.067
6723.339,-35.88
6723.437,-35.913
6723.559,-35.94
6723.658,-35.973
6723.755,-35.893
6723.854,-35.947
6723.957,-35.973
6724.042,-36.007
6724.138,-35.92
6724.236,-35.98
6724.336,-36.06
6724.437,-36.2
6724.540,-35.987
6724.641,-35.933
6724.736,-36.12
6724.875,-35.993
6724.949,-36.007
6725.052,-35.98
6725.155,-35.84
6725.256,-36.013
6725.359,-35.973
6725.471,-36.04
6725.565,-36.06
6725.667,-36.04
6725.768,-35.887
6725.883,-35.907
6725.979,-36.04
6726.104,-35.98
6726.177,-36.02
6726.280,-36.02
6726.383,-35.947
6726.496,-36.013
6726.574,-35.827
6726.643,-36.067
6776.820,-35.907
6776.851,-35.913
6776.959,-35.86
6777.035,-35.9
6777.133,-35.967
6777.239,-35.993
6777.332,-36.027
6777.439,-36.007
6777.528,-35.993
6777.724,-35.987
6777.728,-35.987
6777.846,-35.9
6777.944,-35.98
6778.045,-35.987
6778.126,-36.107
6778.226,-36.033
6778.369,-36.147
6778.435,-36.04
6778.533,-35.907
6778.657,-36.007
6778.728,-36.013
6778.847,-35.98
6778.947,-35.98
6779.055,-35.873
6779.148,-36.027
6779.261,-36.027
6779.359,-36.073
6779.457,-36.033
6779.557,-35.933
6779.660,-35.927
6779.761,-36.0
6779.881,-36.033
6779.994,-36.073
6780.069,-35.913
6780.172,-36.04
6780.275,-36.08
6780.376,-36.033
6780.479,-36.08
6780.582,-35.92
6780.616,-36.0
6780.719,-35.933
6780.890,-36.033
6780.917,-35.933
6781.030,-35.933
6781.128,-35.967
6781.229,-36.02
6781.324,-36.013
6781.425,-35.873
6781.527,-36.04
6781.641,-35.967
6781.721,-36.0
6781.820,-36.013
6781.918,-35.933
6782.028,-35.967
6782.155,-35.953
6782.221,-36.013
6782.322,-35.967
6782.415,-35.98
6782.547,-35.973
6782.621,-35.853
6782.741,-35.867
6782.834,-35.953
6782.937,-36.013
6783.043,-35.993
6783.143,-35.933
6783.244,-35.927
6783.349,-36.007
6783.449,-36.007
6783.559,-35.993
6783.662,-35.88
6783.766,-35.987
6783.864,-35.873
6783.972,-35.933
6784.076,-36.0
6784.177,-35.933
6784.293,-35.987
6784.310,-35.927
6784.483,-35.98
6784.516,-36.047
6784.613,-35.973
6784.707,-35.94
6784.837,-35.933
6784.915,-36.06
6785.027,-35.953
6785.116,-35.967
6785.212,-35.907
6785.315,-35.86
6785.418,-35.993
6785.521,-35.96
6785.604,-36.04
6785.712,-35.967
6785.805,-35.993
6785.922,-36.113
6786.047,-36.033
6786.153,-36.093
6786.207,-36.08
6786.307,-35.98
6786.418,-36.107
6786.542,-36.007
6786.606,-35.987
7076.726,-35.907
7076.822,-36.0
7076.934,-35.933
7077.033,-35.98
7077.131,-36.007
7077.231,-36.04
7077.344,-35.927
7077.442,-35.967
7077.540,-35.967
7077.648,-36.007
7077.744,-36.0
7077.847,-35.813
7077.967,-35.993
7078.057,-36.02
7078.163,-35.987
7078.266,-36.027
7078.298,-35.96
7078.403,-35.913
7078.501,-36.013
7078.599,-35.973
7078.701,-36.027
7078.798,-36.047
7078.900,-35.907
7079.001,-35.907
7079.106,-35.947
7079.207,-36.08
7079.295,-36.0
7079.395,-35.953
7079.505,-36.12
7079.601,-36.033
7079.697,-36.02
7079.900,-36.02
7079.903,-35.907
7080.006,-35.947
7080.109,-35.96
7080.217,-35.933
7080.312,-36.02
7080.413,-36.02
7080.515,-35.927
7080.638,-36.0
7080.699,-36.033
7080.856,-36.007
7080.923,-35.82
7081.055,-35.947
7081.141,-35.973
7081.234,-35.973
7081.344,-35.96
7081.405,-35.887
7081.530,-35.933
7081.641,-36.0
7081.724,-35.98
7081.854,-36.067
7081.951,-36.047
7082.054,-35.873
7082.153,-35.993
7082.185,-35.913
7082.292,-36.067
7082.400,-36.027
7082.484,-36.04
7082.586,-36.053
7082.689,-36.067
7082.788,-36.013
7082.893,-35.967
7082.996,-35.96
7083.111,-35.947
7083.185,-35.833
7083.283,-35.973
7083.381,-35.913
7083.503,-35.973
7083.623,-36.04
7083.695,-36.067
7083.793,-35.987
7083.893,-35.993
7083.996,-35.947
7084.092,-35.94
7084.216,-35.96
7084.304,-36.0
7084.412,-35.973
7084.511,-35.853
7084.626,-35.947
7084.722,-36.007
7084.844,-36.0
7084.918,-35.927
7085.021,-35.947
7085.123,-36.02
7085.228,-35.967
7085.283,-36.013
7085.388,-35.887
7085.489,-35.967
7085.597,-35.967
7085.738,-36.073
7085.817,-35.967
7085.940,-35.913
7086.054,-35.907
7086.072,-35.927
7086.239,-35.98
7086.275,-35.993
7086.396,-36.007
7086.488,-35.953
7086.584,-36.1
7086.682,-36.013
7136.785,-35.927
7136.873,-35.993
7136.998,-36.053
7137.092,-36.047
7137.172,-36.073
7137.273,-35.94
7137.375,-36.013
7137.478,-36.087
7137.592,-35.993
7137.716,-36.013
7137.790,-36.113
7137.898,-35.92
7138.003,-35.96
7138.099,-35.927
7138.202,-35.98
7138.300,-35.96
7138.408,-35.927
7138.483,-35.947
7138.584,-36.113
7138.672,-36.02
7138.809,-36.04
7138.912,-35.88
7138.991,-36.007
7139.079,-36.047
7139.180,-36.013
7139.283,-35.887
7139.388,-35.947
7139.464,-35.92
7139.569,-36.06
7139.670,-35.933
7139.822,-35.927
7139.875,-35.9
7140.028,-35.953
7140.114,-36.047
7140.168,-36.02
7140.266,-35.987
7140.363,-35.933
7140.486,-35.967
7140.560,-35.967
7140.680,-36.0
7140.783,-36.053
7140.873,-36.02
7140.971,-35.827
7141.067,-35.953
7141.165,-35.893
7141.268,-35.96
7141.371,-36.073
7141.472,-35.953
7141.574,-36.007
7141.682,-36.087
7141.782,-36.013
7141.881,-35.947
7141.984,-35.927
7142.092,-36.027
7142.190,-36.013
7142.302,-36.033
7142.393,-35.98
7142.501,-35.947
7142.599,-36.027
7142.712,-35.953
7142.807,-35.847
7142.864,-35.987
7142.972,-35.927
7143.072,-35.907
7143.172,-35.933
7143.271,-35.98
7143.376,-36.027
7143.476,-35.967
7143.552,-35.953
7143.655,-35.96
7143.770,-35.967
7143.854,-35.96
7143.969,-35.993
7144.072,-35.853
7144.162,-36.0
7144.256,-36.16
7144.364,-36.047
7144.464,-35.987
7144.555,-35.94
7144.655,-35.987
7144.751,-35.973
7144.873,-35.973
7145.089,-36.033
7145.091,-35.9
7145.163,-36.013
7145.271,-36.027
7145.376,-35.88
7145.472,-36.007
7145.569,-35.993
7145.679,-36.053
7145.778,-36.013
7145.875,-35.973
7145.976,-35.973
7146.087,-35.873
7146.187,-36.033
7146.285,-36.08
7146.386,-35.94
7146.489,-35.947
7146.592,-35.92
7146.709,-35.96
7196.798,-36.027
7196.898,-36.013
7197.001,-36.06
7197.121,-35.907
7197.148,-35.92
7197.309,-36.033
7197.412,-36.02
7197.445,-35.907
7197.614,-35.98
7197.643,-35.993
7197.741,-36.047
7197.844,-35.96
7197.945,-36.087
7198.048,-35.967
7198.152,-35.953
7198.253,-36.04
7198.342,-35.987
7198.444,-35.953
7198.548,-36.033
7198.652,-35.94
7198.755,-35.973
7198.839,-36.067
7198.959,-35.887
7199.055,-36.013
7199.153,-35.92
7199.248,-35.973
7199.351,-36.02
7199.494,-36.033
7199.592,-35.967
7199.648,-35.847
7199.775,-35.947
7199.871,-35.96
7199.991,-36.033
7200.074,-35.98
7200.175,-35.907
7200.278,-36.1
7200.386,-35.993
7200.484,-36.087
7200.584,-36.053
7200.689,-35.867
7200.795,-35.907
7200.902,-35.927
7200.996,-35.92
7201.121,-35.94
7201.138,-36.06
7201.234,-36.08
7201.334,-36.033
7201.439,-36.007
7201.540,-35.987
7201.633,-36.04
7201.744,-35.96
7201.854,-36.093
7201.930,-35.98
7202.037,-36.02
7202.131,-36.013
7202.248,-36.053
7202.344,-36.0
7202.442,-35.987
7202.540,-36.0
7202.633,-35.9
7202.756,-35.907
7202.829,-35.987
7202.959,-36.007
7203.043,-35.973
7203.146,-36.007
7203.248,-35.827
7203.324,-35.88
7203.461,-35.94
7203.562,-36.06
7203.658,-35.94
7203.763,-36.053
7203.861,-35.833
7203.957,-35.933
7204.059,-35.933
7204.170,-35.933
7204.271,-35.94
7204.373,-35.947
7204.476,-35.98
7204.579,-36.047
7204.673,-36.02
7204.724,-35.947
7204.820,-35.893
7204.952,-35.98
7205.028,-35.967
7205.131,-35.973
7205.229,-36.12
7205.319,-35.96
7205.439,-36.06
7205.528,-36.02
7205.636,-36.013
7205.736,-35.953
7205.832,-36.007
7205.935,-36.02
7206.021,-36.12
7206.119,-36.1
7206.226,-36.047
7206.320,-36.073
7206.422,-35.94
7206.525,-35.967
7206.633,-35.967
7256.729,-36.04
7256.832,-35.96
7256.935,-35.987
7257.048,-35.993
7257.148,-35.933
7257.246,-36.0
7257.342,-36.02
7257.456,-35.953
7257.552,-36.087
7257.653,-35.947
7257.753,-35.947
7257.856,-35.987
7257.959,-35.893
7258.060,-35.94
7258.172,-35.927
7258.273,-36.053
7258.369,-35.953
7258.425,-35.987
7258.530,-36.06
7258.675,-35.993
7258.739,-35.967
7258.881,-36.04
7258.912,-35.913
7259.015,-35.967
7259.108,-35.987
7259.229,-36.013
7259.320,-35.987
7259.425,-35.98
7259.520,-35.8
7259.619,-36.047
7259.722,-36.087
7259.814,-36.113
7259.910,-35.953
7260.016,-36.033
7260.114,-35.993
7260.214,-35.92
7260.314,-35.92
7260.422,-35.947
7260.525,-35.953
7260.619,-35.973
7260.722,-36.033
7260.827,-36.053
7260.927,-36.06
7261.043,-35.973
7261.133,-35.96
7261.236,-35.953
7261.332,-36.02
7261.457,-36.047
7261.554,-35.827
7261.655,-36.033
7261.778,-35.913
7261.849,-35.98
7261.952,-35.987
7262.072,-36.007
7262.157,-35.847
7262.261,-36.02
7262.361,-36.053
7262.420,-36.02
7262.530,-36.013
7262.604,-36.0
7262.761,-35.98
7262.812,-36.033
7262.905,-36.073
7263.001,-35.953
7263.101,-35.967
7263.204,-35.967
7263.312,-36.007
7263.408,-36.053
7263.513,-36.033
7263.614,-35.96
7263.704,-35.98
7263.800,-35.96
7263.905,-35.947
7264.000,-36.093
7264.106,-36.013
7264.206,-35.86
7264.310,-35.92
7264.422,-35.887
7264.521,-36.013
7264.619,-36.133
7264.717,-35.88
7264.832,-36.007
7264.930,-36.087
7265.032,-36.04
7265.133,-36.08
7265.229,-35.947
7265.341,-36.007
7265.452,-36.02
7265.537,-36.087
7265.648,-36.04
7265.746,-35.993
7265.864,-35.793
7265.945,-35.973
7266.048,-36.08
7266.152,-36.027
7266.187,-35.973
7266.356,-35.94
7266.457,-36.093
7266.554,-36.027
7266.592,-35.947
7266.694,-35.913
7316.788,-35.853
7316.891,-35.96
7316.993,-36.08
7317.099,-36.047
7317.202,-36.007
7317.314,-35.933
7317.385,-35.96
7317.506,-36.04
7317.586,-36.033
7317.702,-35.96
7317.800,-35.927
7317.900,-35.987
7317.988,-35.933
7318.089,-36.027
7318.199,-36.02
7318.295,-36.033
7318.395,-35.867
7318.496,-35.927
7318.614,-36.0
7318.711,-36.007
7318.804,-35.887
7318.915,-35.88
7319.018,-36.04
7319.131,-36.013
7319.222,-36.06
7319.336,-36.02
7319.432,-35.92
7319.538,-36.0
7319.638,-35.893
7319.736,-35.867
7319.837,-35.933
7319.939,-35.993
7320.042,-35.887
7320.145,-35.96
7320.275,-35.927
7320.278,-35.92
7320.383,-35.973
7320.481,-36.027
7320.597,-35.893
7320.682,-35.933
7320.782,-35.98
7320.883,-35.967
7320.989,-36.013
7321.089,-36.033
7321.192,-35.993
7321.293,-35.9
7321.376,-35.893
7321.484,-35.913
7321.577,-36.08
7321.702,-36.06
7321.782,-36.033
7321.918,-35.933
7322.021,-36.007
7322.089,-35.9
7322.187,-35.953
7322.304,-35.98
7322.398,-35.953
7322.510,-35.973
7322.601,-35.987
7322.714,-35.94
7322.815,-35.893
7322.915,-35.973
7323.011,-35.933
7323.113,-36.053
7323.216,-36.107
7323.327,-35.98
7323.423,-35.933
7323.538,-35.847
7323.626,-35.967
7323.728,-35.933
7323.831,-36.027
7323.949,-35.94
7323.976,-35.94
7324.067,-36.013
7324.241,-36.033
7324.273,-35.86
7324.369,-36.007
7324.472,-36.08
7324.579,-36.047
7324.673,-36.0
7324.785,-35.993
7324.866,-36.007
7324.971,-35.993
7325.076,-35.98
7325.163,-35.967
7325.263,-36.093
7325.376,-36.0
7325.489,-36.02
7325.560,-35.9
7325.682,-35.96
7325.787,-35.993
7325.883,-36.06
7325.981,-35.947
7326.077,-35.933
7326.195,-35.993
7326.288,-36.073
7326.388,-35.993
7326.494,-35.867
7326.594,-35.987
7326.690,-36.04
7376.798,-36.047
7376.915,-36.067
7377.011,-35.933
7377.108,-35.98
7377.214,-35.88
7377.322,-35.92
7377.423,-36.033
7377.518,-36.02
7377.626,-36.007
7377.657,-36.027
7377.753,-36.033
7377.858,-35.967
7377.972,-35.96
7378.055,-35.967
7378.155,-36.02
7378.256,-36.053
7378.361,-35.973
7378.464,-35.993
7378.564,-35.973
7378.655,-36.027
7378.756,-36.06
7378.856,-35.993
7378.952,-35.927
7379.062,-36.033
7379.167,-36.033
7379.263,-35.88
7379.368,-35.94
7379.462,-35.887
7379.574,-35.993
7379.648,-35.887
7379.787,-35.96
7379.875,-36.093
7379.974,-36.053
7380.097,-35.94
7380.197,-36.0
7380.250,-35.867
7380.347,-36.02
7380.451,-36.073
7380.557,-35.96
7380.660,-36.02
7380.766,-36.04
7380.888,-35.933
7380.967,-35.933
7381.089,-35.98
7381.182,-35.92
7381.300,-35.88
7381.400,-36.0
7381.451,-36.027
7381.545,-35.973
7381.646,-35.96
7381.743,-36.027
7381.849,-36.067
7381.947,-36.013
7382.060,-36.06
7382.162,-35.98
7382.256,-35.94
7382.359,-35.967
7382.440,-36.06
7382.560,-35.92
7382.665,-35.987
7382.748,-35.92
7382.846,-36.053
7382.944,-36.08
7383.054,-36.093
7383.148,-36.02
7383.263,-36.013
7383.356,-36.027
7383.462,-36.007
7383.557,-35.973
7383.662,-36.047
7383.763,-35.94
7383.873,-35.853
7383.969,-36.02
7384.045,-35.927
7384.197,-35.98
7384.287,-36.12
7384.383,-35.96
7384.479,-36.013
7384.608,-35.933
7384.685,-36.013
7385.488,-35.973
7385.489,-35.92
7385.489,-36.047
7385.572,-35.953
7385.717,-35.993
7385.741,-35.96
7385.836,-35.9
7385.942,-35.92
7386.033,-35.867
7386.145,-35.94
7386.241,-35.953
7386.347,-35.927
7386.444,-35.967
7386.535,-35.92
7386.631,-35.953
7676.741,-35.907
7676.842,-35.94
7676.942,-35.98
7677.040,-35.867
7677.133,-35.973
7677.246,-35.967
7677.347,-35.973
7677.442,-36.027
7677.552,-35.927
7677.655,-35.913
7677.756,-35.873
7677.871,-35.94
7677.962,-35.98
7678.065,-35.96
7678.160,-35.953
7678.282,-35.98
7678.376,-35.973
7678.474,-35.96
7678.574,-35.873
7678.679,-35.893
7678.775,-35.967
7678.885,-35.967
7678.986,-35.88
7679.087,-35.88
7679.192,-36.047
7679.293,-36.027
7679.396,-35.94
7679.427,-35.867
7679.527,-35.96
7679.633,-35.953
7679.734,-36.04
7679.842,-35.993
7679.923,-35.887
7680.033,-35.953
7680.119,-35.88
7680.241,-35.98
7680.351,-36.0
7680.442,-36.02
7680.537,-36.067
7680.635,-36.033
7680.756,-35.887
7680.831,-35.94
7680.930,-35.9
7681.040,-35.94
7681.136,-35.98
7681.248,-36.04
7681.344,-35.887
7681.444,-35.92
7681.545,-36.027
7681.655,-36.073
7681.751,-35.98
7681.854,-35.867
7681.957,-35.827
7682.059,-35.947
7682.162,-35.9
7682.283,-35.987
7682.369,-35.847
7682.469,-36.027
7682.577,-35.84
7682.692,-36.007
7682.777,-36.027
7682.886,-36.027
7682.915,-36.02
7683.089,-35.973
7683.116,-35.94
7683.212,-35.98
7683.319,-35.947
7683.413,-35.933
7683.515,-36.033
7683.616,-36.02
7683.719,-36.02
7683.817,-36.1
7683.913,-35.913
7684.011,-36.013
7684.119,-36.133
7684.209,-36.06
7684.329,-36.047
7684.427,-35.86
7684.528,-35.987
7684.618,-35.92
7684.716,-35.973
7684.822,-35.973
7684.925,-35.94
7685.021,-35.867
7685.121,-35.933
7685.231,-36.0
7685.334,-35.953
7685.430,-35.967
7685.532,-35.833
7685.631,-35.967
7685.751,-36.053
7685.853,-36.047
7685.957,-35.987
7686.045,-35.913
7686.146,-36.013
7686.256,-36.087
7686.368,-36.04
7686.466,-35.96
7686.562,-36.04
7686.665,-35.993
7736.760,-35.933
7736.804,-35.973
7736.903,-35.933
7737.001,-35.913
7737.106,-35.873
7737.202,-36.067
7737.302,-35.98
7737.425,-35.993
7737.511,-36.067
7737.611,-36.04
7737.712,-35.86
7737.817,-35.98
7737.920,-35.967
7738.020,-36.073
7738.116,-36.047
7738.204,-35.907
7738.305,-35.947
7738.413,-35.953
7738.528,-35.973
7738.623,-35.96
7738.719,-35.893
7738.820,-35.96
7738.895,-35.867
7739.030,-35.927
7739.126,-35.907
7739.234,-35.987
7739.327,-36.007
7739.403,-35.92
7739.511,-36.053
7739.592,-35.913
7739.697,-36.1
7739.849,-36.087
7739.903,-36.04
7740.079,-35.993
7740.113,-35.753
7740.217,-35.947
7740.290,-35.973
7740.427,-35.92
7740.559,-35.987
7740.660,-35.993
7740.778,-35.813
7740.805,-36.047
7740.896,-35.96
7740.996,-35.873
7741.099,-35.967
7741.206,-36.02
7741.304,-36.053
7741.398,-36.087
7741.491,-36.047
7741.613,-35.907
7741.709,-35.94
7741.809,-36.047
7741.888,-35.96
7741.986,-36.0
7742.094,-36.047
7742.204,-35.913
7742.298,-35.893
7742.400,-35.98
7742.503,-35.98
7742.616,-35.94
7742.712,-35.86
7742.810,-35.913
7742.913,-36.0
7743.015,-35.993
7743.116,-36.0
7743.221,-35.973
7743.322,-35.867
7743.425,-35.98
7743.538,-35.927
7743.635,-35.987
7743.741,-36.007
7743.841,-35.853
7743.937,-35.787
7744.042,-35.96
7744.081,-35.92
7744.243,-35.927
7744.344,-35.853
7744.452,-35.967
7744.479,-36.0
7744.581,-35.927
7744.687,-36.073
7744.798,-35.973
7744.881,-35.993
7744.983,-35.893
7745.092,-35.98
7745.190,-36.027
7745.280,-35.993
7745.383,-35.9
7745.511,-35.953
7745.574,-35.967
7745.692,-35.933
7745.780,-36.04
7745.881,-35.9
7745.994,-36.02
7746.119,-35.947
7746.190,-35.987
7746.300,-35.9
7746.398,-35.887
7746.496,-35.987
7746.613,-35.907
7796.714,-35.98
7796.837,-36.04
7796.910,-36.0
7796.979,-35.827
7797.113,-35.993
7797.212,-35.86
7797.315,-35.873
7797.418,-35.933
7797.520,-35.98
7797.621,-35.947
7797.714,-35.847
7797.827,-35.973
7797.947,-35.987
7798.032,-35.913
7798.136,-35.98
7798.238,-36.067
7798.339,-36.047
7798.369,-36.013
7798.474,-36.007
7798.570,-35.947
7798.682,-35.98
7798.780,-35.973
7798.886,-35.947
7798.984,-35.96
7799.081,-35.873
7799.185,-36.007
7799.285,-36.047
7799.386,-35.987
7799.466,-35.92
7799.576,-35.967
7799.672,-36.06
7799.771,-36.113
7799.875,-36.007
7799.991,-35.953
7800.079,-35.907
7800.167,-35.953
7800.288,-35.993
7800.386,-35.987
7800.476,-35.967
7800.584,-35.893
7800.699,-35.953
7800.766,-36.033
7800.888,-35.947
7800.976,-35.987
7801.077,-35.94
7801.197,-35.947
7801.310,-36.0
7801.390,-36.007
7801.505,-35.96
7801.599,-35.867
7801.721,-35.967
7801.758,-36.0
7801.859,-35.887
7801.957,-36.027
7802.126,-35.967
7802.168,-35.913
7802.265,-36.027
7802.363,-35.967
7802.462,-35.947
7802.562,-35.94
7802.665,-36.08
7802.766,-35.907
7802.861,-36.06
7802.972,-36.047
7803.060,-35.913
7803.160,-35.933
7803.271,-35.933
7803.369,-36.133
7803.467,-36.073
7803.570,-36.047
7803.677,-35.987
7803.775,-35.893
7803.878,-36.073
7803.971,-36.113
7804.092,-36.007
7804.177,-36.02
7804.278,-35.793
7804.381,-36.053
7804.484,-35.873
7804.586,-36.027
7804.699,-35.973
7804.790,-35.833
7804.854,-35.987
7804.959,-36.053
7805.109,-36.12
7805.163,-36.02
7805.263,-35.84
7805.369,-35.927
7805.478,-36.08
7805.599,-36.08
7805.653,-35.947
7805.800,-35.913
7805.910,-35.98
7806.011,-35.94
7806.060,-36.013
7806.217,-35.987
7806.248,-35.967
7806.359,-35.973
7806.454,-36.04
7806.562,-36.02
7806.665,-36.027
7856.763,-36.02
7856.861,-35.967
7856.947,-35.92
7857.045,-35.96
7857.145,-36.047
7857.241,-35.987
7857.351,-35.973
7857.454,-36.093
7857.557,-35.893
7857.657,-36.033
7857.760,-35.993
7857.863,-35.913
7857.966,-36.0
7858.074,-35.987
7858.170,-35.96
7858.271,-35.92
7858.373,-35.82
7858.510,-35.873
7858.586,-35.993
7858.680,-36.013
7858.785,-36.127
7858.893,-35.94
7858.989,-36.073
7859.109,-35.98
7859.194,-35.993
7859.290,-35.927
7859.356,-36.047
7859.521,-35.947
7859.604,-35.993
7859.668,-35.9
7859.744,-35.98
7859.844,-35.913
7859.942,-35.86
7860.055,-36.007
7860.150,-36.0
7860.241,-36.02
7860.354,-36.127
7860.437,-35.873
7860.646,-35.933
7860.648,-35.933
7860.746,-36.007
7860.847,-35.947
7860.945,-35.94
7861.030,-35.92
7861.146,-35.993
7861.243,-35.947
7861.356,-36.02
7861.456,-36.0
7861.552,-35.947
7861.653,-35.98
7861.755,-35.92
7861.856,-35.96
7861.957,-35.92
7862.048,-35.873
7862.163,-35.947
7862.266,-36.027
7862.369,-35.98
7862.471,-35.993
7862.572,-35.82
7862.692,-35.853
7862.783,-35.967
7862.880,-35.973
7862.983,-35.96
7863.084,-35.907
7863.195,-36.027
7863.226,-36.067
7863.324,-35.913
7863.425,-35.9
7863.597,-35.927
7863.626,-36.007
7863.724,-35.813
7863.826,-36.02
7863.927,-36.04
7864.038,-36.007
7864.135,-35.907
7864.256,-35.96
7864.341,-36.007
7864.442,-36.053
7864.543,-36.053
7864.643,-35.947
7864.722,-35.927
7864.824,-35.967
7864.927,-35.873
7865.032,-35.927
7865.133,-35.94
7865.234,-36.073
7865.332,-35.987
7865.447,-35.86
7865.545,-36.06
7865.665,-35.98
7865.722,-36.107
7865.836,-35.973
7865.937,-35.893
7866.016,-35.927
7866.125,-35.967
7866.234,-35.993
7866.356,-36.067
7866.464,-35.967
7866.550,-35.967
7866.670,-35.787
7916.780,-35.873
7916.907,-36.007
7916.966,-36.04
7917.016,-35.953
7917.114,-36.02
7917.217,-36.033
7917.315,-35.933
7917.418,-36.04
7917.516,-35.98
7917.631,-35.987
7917.726,-35.94
7917.827,-35.94
7917.929,-36.007
7918.028,-36.047
7918.128,-36.007
7918.231,-35.96
7918.331,-36.047
7918.432,-36.013
7918.511,-35.98
7918.616,-36.053
7918.716,-35.96
7918.820,-35.947
7918.923,-35.873
7919.033,-36.033
7919.131,-36.013
7919.229,-35.96
7919.331,-35.82
7919.442,-35.92
7919.540,-36.013
7919.640,-36.047
7919.741,-36.007
7919.854,-35.94
7919.954,-35.873
7920.050,-35.84
7920.150,-35.873
7920.253,-35.967
7920.354,-36.0
7920.457,-35.933
7920.525,-35.993
7920.668,-35.987
7920.726,-35.947
7920.824,-36.073
7920.969,-35.92
7921.040,-35.98
7921.175,-35.993
7921.280,-35.967
7921.309,-36.02
7921.403,-35.933
7921.523,-36.1
7921.604,-35.873
7921.716,-36.013
7921.815,-36.033
7921.915,-36.013
7922.015,-35.96
7922.121,-35.993
7922.199,-36.033
7922.302,-36.02
7922.408,-35.927
7922.506,-35.893
7922.608,-36.053
7922.704,-36.1
7922.812,-36.007
7922.915,-35.933
7923.018,-35.887
7923.119,-35.927
7923.224,-35.953
7923.326,-35.927
7923.464,-36.093
7923.537,-35.873
7923.643,-35.987
7923.744,-35.847
7923.853,-35.993
7923.952,-35.967
7924.052,-35.913
7924.148,-36.1
7924.255,-35.847
7924.353,-35.927
7924.459,-36.067
7924.542,-35.867
7924.657,-35.993
7924.758,-36.053
7924.859,-35.88
7924.962,-35.84
7925.067,-35.86
7925.096,-35.953
7925.192,-35.927
7925.302,-35.987
7925.402,-35.807
7925.500,-36.007
7925.601,-35.96
7925.692,-35.98
7925.790,-36.033
7925.898,-35.933
7926.013,-36.02
7926.101,-35.927
7926.190,-36.113
7926.288,-35.98
7926.405,-36.08
7926.500,-36.073
7926.619,-35.927
7926.695,-36.02
7976.817,-36.12
7976.912,-36.107
7977.013,-36.047
7977.116,-35.967
7977.217,-35.967
7977.319,-36.02
7977.423,-36.007
7977.555,-36.107
7977.626,-35.82
7977.728,-35.94
7977.851,-36.007
7977.932,-35.967
7978.035,-35.98
7978.138,-35.82
7978.263,-35.947
7978.342,-36.04
7978.445,-35.973
7978.547,-36.027
7978.586,-36.067
7978.753,-35.96
7978.780,-35.96
7978.976,-36.067
7978.979,-36.013
7979.087,-35.947
7979.185,-35.96
7979.288,-35.867
7979.398,-35.947
7979.496,-36.067
7979.596,-36.007
7979.689,-36.027
7979.777,-35.96
7979.878,-36.02
7979.981,-36.02
7980.101,-35.973
7980.185,-35.987
7980.288,-35.947
7980.391,-35.953
7980.498,-35.96
7980.594,-35.953
7980.699,-35.927
7980.809,-36.04
7980.880,-35.853
7981.011,-35.933
7981.082,-36.02
7981.202,-36.08
7981.344,-36.093
7981.417,-35.887
7981.528,-36.047
7981.619,-36.007
7981.716,-35.853
7981.834,-35.993
7981.937,-35.96
7982.033,-35.893
7982.133,-35.94
7982.234,-35.947
7982.337,-36.08
7982.440,-36.0
7982.540,-35.873
7982.628,-35.953
7982.675,-35.933
7982.771,-35.96
7982.871,-36.027
7982.996,-36.1
7983.079,-35.96
7983.180,-35.933
7983.282,-36.027
7983.386,-35.953
7983.484,-36.013
7983.587,-35.98
7983.667,-36.02
7983.775,-35.94
7983.873,-36.04
7983.974,-35.927
7984.097,-35.953
7984.189,-36.013
7984.287,-35.9
7984.385,-35.967
7984.464,-35.967
7984.567,-35.827
7984.677,-35.907
7984.780,-36.0
7984.864,-36.053
7984.964,-35.98
7985.089,-35.867
7985.202,-35.973
7985.305,-36.06
7985.408,-35.973
7985.505,-36.02
7985.586,-35.933
7985.707,-36.047
7985.802,-35.913
7985.935,-35.94
7986.023,-35.907
7986.125,-35.86
7986.229,-35.947
7986.322,-36.0
7986.369,-36.013
7986.467,-35.913
7986.564,-35.967
7986.670,-35.993
8276.766,-36.0
8276.866,-36.027
8276.967,-35.993
8277.087,-36.04
8277.158,-36.02
8277.260,-36.02
8277.356,-35.993
8277.456,-36.027
8277.596,-35.993
8277.670,-35.933
8277.775,-36.06
8277.875,-35.92
8278.000,-36.06
8278.082,-36.04
8278.187,-35.987
8278.287,-35.913
8278.381,-36.027
8278.481,-36.02
8278.582,-35.973
8278.684,-36.133
8278.785,-36.02
8278.888,-35.84
8278.991,-35.907
8279.094,-36.053
8279.195,-36.027
8279.312,-36.047
8279.408,-35.847
8279.464,-35.947
8279.616,-35.907
8279.652,-35.96
8279.748,-35.893
8279.851,-35.92
8279.952,-35.94
8280.052,-36.053
8280.160,-35.94
8280.347,-35.987
8280.364,-35.92
8280.449,-35.927
8280.569,-35.993
8280.655,-36.02
8280.760,-35.993
8280.859,-36.08
8280.979,-35.96
8281.081,-35.987
8281.173,-35.987
8281.251,-36.0
8281.347,-35.98
8281.451,-35.973
8281.557,-35.987
8281.655,-36.027
8281.756,-36.047
8281.863,-35.947
8281.961,-35.853
8282.064,-35.833
8282.209,-36.007
8282.268,-35.94
8282.371,-36.04
8282.472,-36.047
8282.594,-35.887
8282.677,-36.02
8282.775,-36.027
8282.920,-36.027
8282.988,-36.047
8283.087,-35.847
8283.190,-35.933
8283.285,-36.02
8283.396,-36.073
8283.498,-36.007
8283.601,-35.887
8283.704,-35.927
8283.805,-36.06
8283.908,-36.007
8284.021,-36.0
8284.040,-35.94
8284.214,-35.953
8284.243,-36.02
8284.351,-36.08
8284.457,-35.993
8284.557,-36.033
8284.655,-36.027
8284.756,-36.08
8284.856,-36.02
8284.942,-36.087
8285.038,-35.96
8285.168,-35.953
8285.241,-36.033
8285.342,-36.02
8285.445,-35.993
8285.535,-36.087
8285.655,-35.807
8285.761,-35.953
8285.859,-35.96
8285.974,-35.827
8286.057,-36.027
8286.160,-35.853
8286.270,-35.94
8286.332,-36.047
8286.457,-35.907
8286.543,-35.973
8286.660,-35.833
8336.782,-35.893
8336.910,-35.973
8336.979,-35.887
8337.082,-35.9
8337.177,-35.873
8337.304,-35.847
8337.383,-36.027
8337.508,-36.073
8337.533,-36.02
8337.628,-35.98
8337.795,-36.013
8337.824,-36.0
8338.003,-35.98
8338.030,-36.033
8338.131,-35.92
8338.231,-36.033
8338.334,-36.053
8338.430,-35.96
8338.543,-35.987
8338.631,-36.013
8338.724,-35.98
8338.842,-35.88
8338.925,-35.953
8339.032,-35.92
8339.131,-36.08
8339.236,-35.94
8339.334,-35.94
8339.437,-35.927
8339.533,-36.013
8339.643,-36.14
8339.744,-36.06
8339.949,-35.933
8339.952,-36.02
8340.050,-35.993
8340.146,-35.973
8340.268,-35.98
8340.358,-35.987
8340.459,-36.027
8340.582,-36.04
8340.667,-35.873
8340.768,-35.98
8340.871,-35.927
8340.922,-35.873
8341.076,-36.033
8341.185,-36.1
8341.280,-36.04
8341.344,-35.96
8341.418,-35.967
8341.523,-35.933
8341.623,-35.987
8341.783,-35.933
8341.822,-36.033
8341.925,-35.973
8342.028,-36.06
8342.131,-35.96
8342.233,-35.933
8342.329,-35.987
8342.415,-35.913
8342.521,-35.92
8342.619,-36.04
8342.716,-36.033
8342.842,-36.02
8342.956,-36.027
8343.028,-35.98
8343.128,-36.02
8343.233,-36.053
8343.332,-36.033
8343.435,-35.947
8343.533,-36.0
8343.646,-35.86
8343.739,-35.887
8343.842,-35.973
8343.945,-35.933
8344.057,-36.007
8344.153,-35.853
8344.251,-35.993
8344.356,-35.9
8344.454,-35.94
8344.557,-35.96
8344.677,-35.927
8344.761,-35.987
8344.864,-35.9
8344.929,-35.927
8345.091,-35.987
8345.135,-36.053
8345.211,-36.027
8345.312,-35.973
8345.413,-36.067
8345.572,-35.84
8345.626,-36.04
8345.707,-35.98
8345.805,-36.033
8345.905,-35.873
8346.016,-35.907
8346.111,-35.967
8346.219,-35.927
8346.315,-35.947
8346.420,-35.927
8346.518,-35.973
8346.604,-35.973
8346.707,-35.96
8396.810,-35.913
8396.952,-36.013
8397.025,-35.993
8397.126,-35.867
8397.253,-35.94
8397.324,-35.967
8397.425,-36.0
8397.545,-35.96
8397.618,-35.947
8397.731,-35.847
8397.834,-35.98
8397.935,-35.987
8398.047,-35.98
8398.148,-35.92
8398.256,-35.947
8398.378,-35.873
8398.449,-36.093
8398.560,-36.007
8398.662,-35.94
8398.765,-36.02
8398.866,-35.953
8398.895,-35.92
8399.062,-36.033
8399.165,-35.94
8399.192,-36.02
8399.320,-35.98
8399.396,-36.033
8399.503,-35.967
8399.601,-36.007
8399.707,-35.947
8399.824,-36.033
8399.893,-35.973
8399.989,-35.98
8400.118,-35.933
8400.190,-36.0
8400.305,-35.96
8400.395,-35.993
8400.513,-35.947
8400.599,-35.98
8400.721,-35.9
8400.810,-35.86
8400.927,-36.067
8401.010,-36.067
8401.131,-35.887
8401.202,-35.887
8401.337,-36.013
8401.410,-35.96
8401.511,-35.9
8401.635,-35.853
8401.731,-36.08
8401.827,-36.067
8401.930,-35.967
8402.032,-35.847
8402.146,-35.867
8402.244,-36.067
8402.339,-35.993
8402.442,-36.06
8402.543,-35.927
8402.658,-35.907
8402.684,-35.967
8402.788,-35.92
8402.952,-36.033
8403.057,-35.98
8403.084,-35.907
8403.199,-36.02
8403.295,-35.927
8403.398,-35.96
8403.500,-35.953
8403.596,-36.0
8403.695,-36.033
8403.800,-35.953
8403.888,-36.08
8403.986,-36.08
8404.082,-35.88
8404.182,-35.987
8404.278,-36.067
8404.402,-35.967
8404.500,-35.973
8404.601,-35.827
8404.680,-35.793
8404.785,-36.073
8404.930,-35.993
8405.013,-35.967
8405.114,-35.973
8405.195,-36.127
8405.309,-36.08
8405.445,-35.973
8405.533,-35.947
8405.606,-35.887
8405.704,-35.967
8405.800,-35.92
8405.924,-36.107
8406.025,-36.027
8406.108,-35.813
8406.222,-35.987
8406.322,-35.867
8406.373,-35.947
8406.530,-35.92
8406.680,-35.927
8406.684,-36.02
8456.851,-35.94
8456.876,-36.033
8456.972,-35.967
8457.074,-35.907
8457.174,-35.96
8457.288,-35.953
8457.385,-35.953
8457.486,-35.853
8457.587,-36.02
8457.687,-35.913
8457.775,-35.973
8457.875,-35.96
8457.978,-35.927
8458.074,-35.973
8458.175,-35.84
8458.278,-36.007
8458.393,-35.9
8458.486,-35.953
8458.586,-36.027
8458.689,-35.9
8458.790,-36.02
8458.891,-35.927
8459.013,-36.073
8459.097,-35.98
8459.201,-35.88
8459.304,-35.887
8459.424,-36.007
8459.516,-36.007
8459.614,-36.033
8459.714,-35.987
8459.819,-36.013
8459.917,-35.98
8459.969,-35.953
8460.114,-35.893
8460.224,-35.973
8460.337,-35.987
8460.368,-36.0
8460.530,-35.967
8460.597,-36.013
8460.673,-36.027
8460.773,-35.92
8460.876,-36.007
8460.978,-35.893
8461.067,-36.04
8461.163,-36.033
8461.261,-35.967
8461.378,-35.853
8461.476,-35.993
8461.586,-36.04
8461.670,-36.013
8461.768,-35.967
8461.871,-35.973
8461.976,-36.033
8462.069,-36.007
8462.172,-36.02
8462.376,-35.88
8462.380,-36.0
8462.489,-36.08
8462.586,-35.947
8462.690,-35.967
8462.783,-35.867
8462.878,-35.9
8462.994,-35.973
8463.099,-35.913
8463.197,-35.92
8463.297,-35.847
8463.422,-35.947
8463.511,-35.953
8463.604,-35.947
8463.707,-35.947
8463.788,-35.993
8463.910,-35.987
8464.013,-35.933
8464.116,-35.993
8464.157,-36.047
8464.320,-35.867
8464.423,-35.947
8464.449,-35.92
8464.549,-35.933
8464.650,-35.947
8464.753,-35.993
8464.856,-36.027
8464.959,-36.067
8465.060,-36.0
8465.163,-36.0
8465.258,-35.887
8465.354,-35.947
8465.459,-35.973
8465.557,-36.033
8465.670,-35.967
8465.765,-36.06
8465.869,-35.927
8465.969,-36.073
8466.062,-35.987
8466.153,-36.027
8466.266,-35.973
8466.361,-35.927
8466.451,-36.047
8466.572,-36.033
8466.668,-36.127
8516.798,-36.0
8516.900,-36.013
8517.003,-35.933
8517.097,-35.96
8517.189,-35.92
8517.290,-36.067
8517.400,-35.987
8517.533,-35.973
8517.606,-35.973
8517.704,-36.073
8517.802,-35.993
8517.905,-35.927
8518.006,-35.8
8518.108,-35.993
8518.211,-36.013
8518.241,-36.22
8518.415,-36.12
8518.444,-36.0
8518.542,-35.907
8518.648,-36.08
8518.756,-36.033
8518.837,-35.993
8518.962,-35.94
8519.040,-35.933
8519.145,-36.0
8519.241,-36.033
8519.347,-35.98
8519.442,-35.987
8519.552,-35.96
8519.670,-36.007
8519.748,-36.02
8519.849,-35.933
8519.952,-36.013
8520.037,-35.993
8520.157,-35.987
8520.260,-35.913
8520.361,-35.887
8520.435,-35.993
8520.577,-35.987
8520.636,-35.967
8520.771,-36.073
8520.849,-36.067
8520.969,-36.013
8521.070,-35.86
8521.158,-36.107
8521.283,-36.0
8521.386,-35.98
8521.481,-35.913
8521.596,-35.92
8521.694,-36.0
8521.799,-35.927
8521.918,-35.933
8522.000,-35.86
8522.027,-36.007
8522.204,-35.873
8522.241,-35.96
8522.334,-36.007
8522.437,-36.06
8522.535,-36.013
8522.631,-36.047
8522.729,-36.08
8522.829,-35.973
8522.930,-35.98
8523.023,-36.093
8523.136,-36.02
8523.231,-36.027
8523.346,-35.947
8523.434,-35.947
8523.537,-35.953
8523.640,-35.947
8523.756,-35.98
8523.851,-35.9
8523.949,-35.967
8524.049,-35.927
8524.152,-35.987
8524.251,-35.993
8524.342,-36.06
8524.457,-36.027
8524.525,-35.993
8524.628,-35.893
8524.771,-35.827
8524.841,-36.0
8524.969,-35.96
8525.072,-35.993
8525.182,-36.013
8525.277,-35.88
8525.380,-36.073
8525.476,-36.053
8525.569,-35.933
8525.619,-35.933
8525.798,-35.94
8525.827,-36.007
8525.918,-36.027
8526.023,-36.013
8526.126,-36.073
8526.229,-36.047
8526.329,-35.927
8526.435,-35.94
8526.533,-35.96
8526.652,-35.967
8576.714,-35.94
8576.812,-35.98
8576.915,-35.953
8577.018,-36.04
8577.126,-36.033
8577.229,-36.007
8577.334,-35.88
8577.437,-35.927
8577.533,-35.953
8577.631,-35.887
8577.729,-35.907
8577.847,-35.893
8577.942,-36.013
8578.045,-35.973
8578.123,-36.027
8578.255,-35.9
8578.356,-35.907
8578.452,-36.027
8578.559,-35.947
8578.611,-36.067
8578.717,-36.033
8578.827,-35.853
8578.929,-35.94
8579.030,-35.9
8579.131,-36.007
8579.271,-36.0
8579.344,-35.893
8579.466,-35.987
8579.518,-35.967
8579.616,-35.9
8579.722,-36.073
8579.807,-36.0
8579.925,-35.987
8580.003,-35.947
8580.114,-36.033
8580.216,-35.987
8580.327,-35.833
8580.410,-35.967
8580.508,-35.953
8580.614,-36.0
8580.717,-35.973
8580.815,-35.893
8580.920,-35.953
8581.021,-35.953
8581.106,-35.947
8581.226,-35.933
8581.326,-35.827
8581.429,-35.88
8581.525,-35.96
8581.626,-36.113
8581.724,-35.987
8581.841,-35.933
8581.937,-35.84
8582.037,-36.107
8582.138,-35.927
8582.241,-36.04
8582.342,-35.873
8582.445,-35.913
8582.547,-36.06
8582.657,-35.94
8582.761,-36.06
8582.859,-35.987
8582.900,-35.893
8582.994,-35.987
8583.094,-35.987
8583.199,-35.867
8583.300,-36.027
8583.395,-36.08
8583.530,-36.027
8583.594,-36.02
8583.704,-36.053
8583.807,-35.987
8583.908,-35.933
8584.003,-36.007
8584.101,-36.033
8584.199,-35.907
8584.314,-35.873
8584.391,-35.893
8584.494,-35.907
8584.614,-35.96
8584.709,-35.88
8584.805,-35.927
8584.903,-36.02
8585.000,-35.907
8585.108,-35.907
8585.221,-35.953
8585.322,-36.093
8585.420,-36.033
8585.516,-35.96
8585.614,-36.007
8585.722,-36.02
8585.839,-36.013
8585.935,-35.987
8586.033,-35.92
8586.131,-35.993
8586.251,-36.053
8586.346,-35.947
8586.442,-36.0
8586.545,-35.913
8586.646,-35.953
8876.746,-35.887
8876.805,-35.94
8876.886,-36.027
8876.988,-35.907
8877.087,-35.92
8877.184,-35.933
8877.282,-35.947
8877.385,-35.973
8877.486,-35.907
8877.582,-35.973
8877.699,-36.047
8877.793,-35.933
8877.896,-35.94
8877.998,-35.993
8878.089,-36.02
8878.202,-36.067
8878.280,-35.94
8878.412,-36.02
8878.498,-36.027
8878.594,-35.993
8878.690,-35.933
8878.780,-35.98
8878.896,-36.033
8878.993,-35.927
8879.099,-35.9
8879.238,-35.907
8879.310,-35.94
8879.415,-35.94
8879.520,-35.98
8879.611,-35.893
8879.716,-35.94
8879.827,-35.927
8879.929,-36.06
8880.030,-36.073
8880.128,-35.88
8880.250,-36.027
8880.339,-35.987
8880.432,-36.0
8880.535,-36.0
8880.636,-35.967
8880.741,-36.0
8880.842,-36.0
8880.871,-35.987
8880.986,-36.04
8881.089,-36.067
8881.185,-36.107
8881.285,-35.953
8881.378,-35.987
8881.488,-35.96
8881.589,-35.947
8881.668,-35.947
8881.788,-36.027
8881.876,-35.927
8881.991,-35.953
8882.086,-35.987
8882.206,-35.933
8882.312,-35.967
8882.386,-35.96
8882.498,-35.973
8882.574,-36.027
8882.675,-35.92
8882.775,-35.927
8882.907,-36.033
8882.981,-36.02
8883.065,-36.027
8883.189,-36.007
8883.271,-35.907
8883.391,-36.007
8883.479,-35.913
8883.601,-35.987
8883.709,-35.893
8883.805,-35.993
8883.925,-35.967
8884.005,-35.92
8884.128,-35.96
8884.226,-35.907
8884.342,-35.973
8884.366,-35.907
8884.528,-35.98
8884.631,-35.993
8884.734,-35.953
8884.763,-35.987
8884.861,-35.94
8884.961,-35.94
8885.074,-35.94
8885.170,-35.867
8885.270,-36.04
8885.449,-35.98
8885.478,-36.087
8885.577,-36.047
8885.679,-35.947
8885.763,-36.007
8885.875,-35.933
8885.972,-35.98
8886.069,-35.98
8886.175,-35.973
8886.273,-36.107
8886.378,-35.947
8886.498,-35.933
8886.587,-35.98
8886.680,-35.967
8936.790,-35.96
8936.864,-35.867
8936.994,-35.933
8937.091,-35.973
8937.233,-35.927
8937.293,-36.133
8937.415,-35.893
8937.518,-36.0
8937.601,-36.107
8937.665,-36.02
8937.809,-35.867
8937.908,-35.813
8938.011,-35.853
8938.074,-35.953
8938.152,-35.98
8938.253,-35.867
8938.361,-35.94
8938.515,-36.027
8938.614,-36.0
8938.667,-35.993
8938.809,-35.953
8938.863,-35.96
8938.959,-36.007
8939.070,-35.987
8939.150,-35.953
8939.270,-36.013
8939.366,-36.047
8939.462,-35.953
8939.559,-35.88
8939.657,-35.98
8939.751,-36.007
8939.871,-35.96
8939.957,-35.82
8940.069,-35.96
8940.172,-35.993
8940.261,-35.98
8940.364,-36.053
8940.467,-35.913
8940.584,-35.907
8940.680,-35.9
8940.785,-36.067
8940.908,-35.94
8940.979,-35.993
8941.089,-35.86
8941.189,-35.993
8941.297,-36.06
8941.391,-35.947
8941.491,-35.993
8941.594,-35.86
8941.695,-35.947
8941.817,-35.933
8941.841,-36.073
8941.957,-35.84
8942.045,-35.873
8942.143,-35.973
8942.266,-36.04
8942.425,-35.967
8942.457,-35.993
8942.538,-36.0
8942.641,-35.987
8942.746,-35.953
8942.837,-36.08
8942.959,-36.087
8943.040,-35.96
8943.136,-35.853
8943.238,-35.853
8943.344,-36.007
8943.481,-36.067
8943.543,-36.0
8943.643,-35.94
8943.739,-36.02
8943.856,-36.02
8943.959,-35.987
8944.055,-35.967
8944.153,-35.98
8944.234,-36.0
8944.359,-36.007
8944.462,-35.967
8944.557,-36.013
8944.670,-35.933
8944.766,-35.967
8944.866,-35.98
8944.949,-35.94
8945.084,-36.093
8945.180,-35.913
8945.280,-35.987
8945.386,-35.893
8945.484,-35.867
8945.587,-35.973
8945.690,-35.933
8945.736,-35.96
8945.895,-36.067
8945.998,-36.007
8946.027,-35.993
8946.128,-36.013
8946.304,-36.06
8946.332,-36.06
8946.445,-36.04
8946.533,-35.96
8946.635,-35.96
8996.739,-35.947
8996.832,-35.987
8996.929,-35.987
8997.045,-35.907
8997.153,-35.807
8997.226,-35.96
8997.329,-35.933
8997.430,-35.973
8997.521,-36.033
8997.646,-36.027
8997.741,-35.98
8997.839,-35.88
8997.934,-36.047
8998.055,-36.007
8998.150,-35.98
8998.258,-35.887
8998.361,-35.92
8998.424,-35.92
8998.548,-35.913
8998.668,-36.007
8998.736,-35.953
8998.856,-35.967
8998.956,-36.007
8999.072,-35.92
8999.170,-35.913
8999.273,-35.993
8999.359,-35.94
8999.472,-36.0
8999.523,-35.893
8999.625,-35.94
8999.728,-35.853
8999.883,-35.88
8999.998,-35.987
9000.025,-36.047
9000.126,-36.013
9000.222,-35.887
9000.329,-35.92
9000.432,-35.92
9000.532,-35.847
9000.614,-35.993
9000.717,-36.007
9000.829,-35.833
9000.918,-35.96
9001.016,-35.973
9001.118,-36.053
9001.243,-35.993
9001.322,-36.007
9001.425,-36.0
9001.565,-36.08
9001.630,-36.053
9001.731,-35.867
9001.842,-35.893
9001.937,-35.973
9002.028,-36.027
9002.111,-36.1
9002.244,-35.967
9002.346,-36.1
9002.418,-35.833
9002.542,-35.947
9002.668,-36.08
9002.741,-35.927
9002.886,-35.933
9002.959,-35.98
9003.055,-35.973
9003.106,-36.02
9003.302,-36.04
9003.361,-35.86
9003.472,-35.92
9003.592,-36.0
9003.670,-35.96
9003.768,-36.047
9003.810,-35.953
9003.908,-36.053
9004.016,-36.08
9004.190,-35.96
9004.217,-36.027
9004.315,-35.94
9004.418,-36.027
9004.503,-35.953
9004.614,-35.907
9004.711,-35.88
9004.812,-35.96
9004.915,-36.04
9005.013,-35.973
9005.111,-36.0
9005.214,-35.9
9005.315,-35.907
9005.418,-35.94
9005.528,-35.927
9005.623,-36.013
9005.726,-35.867
9005.827,-35.96
9005.930,-35.973
9006.032,-35.98
9006.133,-35.833
9006.236,-35.827
9006.344,-35.987
9006.442,-35.987
9006.562,-35.953
9006.658,-36.02
9056.778,-35.893
9056.859,-35.853
9056.962,-35.853
9057.077,-35.96
9057.096,-36.007
9057.270,-35.947
9057.300,-36.047
9057.396,-35.96
9057.569,-35.907
9057.606,-35.873
9057.702,-36.073
9057.812,-35.98
9057.903,-36.107
9058.001,-35.987
9058.099,-35.873
9058.207,-35.953
9058.309,-35.913
9058.398,-35.907
9058.508,-36.0
9058.594,-35.947
9058.689,-35.98
9058.817,-35.893
9058.888,-35.853
9059.003,-36.047
9059.116,-36.1
9059.217,-35.993
9059.327,-35.927
9059.400,-35.847
9059.523,-36.067
9059.625,-36.007
9059.707,-35.98
9059.829,-35.967
9059.924,-35.88
9060.033,-35.753
9060.131,-35.927
9060.229,-35.98
9060.324,-36.02
9060.430,-35.933
9060.538,-35.74
9060.648,-35.907
9060.753,-35.973
9060.844,-36.067
9060.949,-36.033
9061.050,-35.92
9061.165,-36.06
9061.194,-35.98
9061.290,-35.993
9061.386,-35.973
9061.489,-36.027
9061.587,-35.933
9061.690,-35.96
9061.790,-36.0
9061.902,-36.013
9062.001,-36.027
9062.097,-36.107
9062.280,-35.94
9062.282,-36.013
9062.381,-36.053
9062.484,-35.987
9062.589,-35.933
9062.679,-35.947
9062.780,-35.967
9062.913,-35.96
9063.001,-36.033
9063.099,-35.96
9063.195,-35.933
9063.297,-35.987
9063.396,-36.107
9063.518,-36.02
9063.619,-36.033
9063.714,-35.96
9063.824,-35.833
9063.925,-35.98
9064.023,-35.953
9064.130,-36.04
9064.234,-36.073
9064.334,-35.887
9064.437,-36.007
9064.474,-36.027
9064.635,-36.02
9064.736,-36.08
9064.839,-35.92
9064.942,-35.867
9065.043,-35.947
9065.072,-35.98
9065.187,-35.867
9065.283,-35.873
9065.380,-35.907
9065.479,-35.987
9065.574,-36.093
9065.692,-36.073
9065.773,-35.947
9065.898,-35.953
9065.991,-35.967
9066.086,-35.993
9066.180,-35.96
9066.271,-35.967
9066.373,-35.96
9066.471,-35.967
9066.570,-35.84
9066.677,-35.947
9116.783,-35.987
9116.896,-35.947
9117.005,-35.94
9117.091,-36.007
9117.194,-36.067
9117.265,-36.073
9117.413,-35.913
9117.501,-35.94
9117.613,-36.047
9117.707,-36.013
9117.809,-35.98
9117.912,-35.873
9118.013,-35.993
9118.101,-36.007
9118.217,-35.973
9118.320,-36.033
9118.525,-35.967
9118.528,-36.033
9118.626,-36.013
9118.753,-36.067
9118.837,-36.033
9118.878,-35.94
9118.959,-35.887
9119.072,-36.033
9119.172,-35.967
9119.275,-35.967
9119.371,-36.053
9119.479,-35.947
9119.618,-36.007
9119.675,-36.027
9119.768,-36.02
9119.869,-35.967
9119.959,-36.027
9120.077,-36.02
9120.172,-36.073
9120.266,-35.993
9120.380,-35.88
9120.479,-35.82
9120.577,-36.067
9120.682,-36.04
9120.761,-35.96
9120.885,-35.953
9120.983,-35.84
9121.087,-36.027
9121.197,-35.987
9121.300,-36.013
9121.412,-36.033
9121.498,-35.907
9121.597,-35.907
9121.707,-35.973
9121.822,-35.9
9121.905,-35.973
9122.016,-35.913
9122.113,-35.94
9122.214,-35.907
9122.315,-36.033
9122.418,-35.973
9122.518,-35.967
9122.555,-35.88
9122.655,-36.033
9122.751,-35.933
9122.856,-35.927
9122.957,-36.013
9123.055,-35.9
9123.163,-36.1
9123.271,-36.093
9123.361,-36.073
9123.452,-36.047
9123.567,-35.96
9123.660,-35.947
9123.751,-36.053
9123.849,-36.047
9123.981,-35.987
9124.064,-35.993
9124.163,-35.853
9124.268,-35.94
9124.351,-35.94
9124.466,-36.0
9124.577,-35.967
9124.682,-36.0
9124.763,-36.013
9124.873,-35.98
9124.976,-35.967
9125.087,-35.913
9125.182,-35.853
9125.283,-35.9
9125.386,-35.953
9125.496,-36.033
9125.597,-35.873
9125.695,-35.947
9125.795,-35.953
9125.898,-35.98
9126.001,-35.993
9126.126,-35.893
9126.204,-35.9
9126.315,-36.007
9126.344,-36.0
9126.442,-36.1
9126.555,-35.96
9126.646,-35.94
9176.820,-35.947
9176.847,-36.013
9176.947,-36.06
9177.050,-36.08
9177.158,-35.933
9177.239,-35.967
9177.342,-35.953
9177.449,-35.987
9177.538,-35.967
9177.658,-36.013
9177.756,-36.047
9177.853,-36.04
9177.956,-35.913
9178.049,-36.013
9178.160,-35.98
9178.258,-36.047
9178.356,-35.967
9178.462,-36.027
9178.570,-35.913
9178.668,-35.94
9178.766,-35.96
9178.856,-35.967
9178.978,-36.013
9179.074,-36.127
9179.175,-36.1
9179.278,-35.927
9179.385,-36.06
9179.523,-35.987
9179.584,-35.993
9179.697,-35.887
9179.795,-36.0
9179.908,-36.007
9179.935,-35.94
9180.030,-36.013
9180.197,-36.0
9180.229,-35.947
9180.403,-35.867
9180.430,-35.98
9180.528,-36.027
9180.633,-36.033
9180.744,-35.96
9180.841,-35.86
9181.018,-35.987
9181.048,-35.913
9181.138,-36.007
9181.241,-36.007
9181.334,-35.907
9181.467,-35.9
9181.538,-35.94
9181.636,-36.033
9181.741,-36.013
9181.839,-36.027
9181.940,-35.913
9182.035,-36.0
9182.136,-35.987
9182.256,-36.073
9182.353,-35.96
9182.452,-35.9
9182.554,-35.993
9182.657,-35.953
9182.758,-36.033
9182.873,-35.907
9182.972,-35.86
9183.070,-35.94
9183.173,-35.993
9183.278,-35.967
9183.376,-36.033
9183.486,-36.007
9183.582,-36.027
9183.680,-35.993
9183.783,-35.927
9183.905,-36.013
9183.924,-36.007
9184.020,-35.867
9184.202,-36.013
9184.226,-35.947
9184.327,-35.987
9184.420,-36.007
9184.516,-36.013
9184.641,-36.013
9184.739,-35.96
9184.815,-36.02
9184.917,-35.98
9185.021,-36.007
9185.121,-35.993
9185.219,-36.0
9185.320,-36.08
9185.420,-36.007
9185.523,-35.967
9185.626,-35.833
9185.743,-35.967
9185.832,-35.933
9185.934,-35.993
9186.035,-35.887
9186.177,-35.853
9186.251,-35.92
9186.354,-35.88
9186.447,-35.98
9186.550,-35.98
9186.650,-35.9
21476.771,-35.973
21476.844,-36.053
21476.959,-35.927
21477.060,-35.96
21477.162,-35.913
21477.263,-36.073
21477.386,-36.013
21477.410,-35.973
21477.581,-35.933
21477.673,-35.98
21477.785,-35.867
21477.812,-35.887
21477.913,-35.92
21478.016,-35.8
21478.111,-35.86
21478.209,-35.973
21478.317,-35.967
21478.415,-35.98
21478.596,-35.94
21478.623,-36.06
21478.722,-35.933
21478.824,-36.04
21478.903,-36.053
21479.006,-35.98
21479.121,-35.947
21479.217,-35.98
21479.315,-36.04
21479.418,-35.953
21479.528,-35.907
21479.625,-35.987
21479.722,-35.913
21479.829,-35.98
21479.935,-35.94
21480.062,-36.027
21480.103,-36.0
21480.211,-35.807
21480.337,-35.88
21480.434,-35.92
21480.565,-35.913
21480.638,-35.987
21480.746,-35.927
21480.842,-36.0
21480.959,-35.973
21481.052,-35.92
21481.165,-36.067
21481.268,-35.98
21481.304,-35.987
21481.474,-35.967
21481.501,-35.873
21481.598,-35.907
21481.707,-36.033
21481.809,-35.967
21481.907,-36.007
21482.016,-36.04
21482.101,-35.907
21482.204,-35.873
21482.402,-35.947
21482.405,-35.96
21482.498,-35.96
21482.616,-36.053
21482.692,-36.067
21482.795,-35.953
21482.905,-35.967
21483.000,-35.933
21483.092,-35.927
21483.204,-35.927
21483.295,-35.9
21483.396,-36.0
21483.511,-35.987
21483.601,-35.94
21483.723,-36.02
21483.790,-35.9
21483.922,-35.953
21484.018,-35.96
21484.119,-35.993
21484.214,-36.033
21484.320,-35.9
21484.420,-36.04
21484.562,-36.107
21484.626,-35.967
21484.741,-35.987
21484.844,-35.913
21484.945,-35.953
21485.050,-35.92
21485.158,-35.967
21485.251,-35.967
21485.353,-36.047
21485.456,-36.013
21485.484,-35.96
21485.667,-36.013
21485.685,-36.08
21485.793,-35.973
21485.891,-35.98
21485.994,-35.96
21486.082,-35.94
21486.185,-35.96
21486.283,-36.013
21486.400,-36.0
21486.493,-36.0
21486.589,-35.973
21486.694,-35.9
21536.788,-36.0
21536.890,-36.0
21536.993,-36.02
21537.094,-35.86
21537.207,-35.94
21537.299,-36.06
21537.388,-36.027
21537.505,-35.993
21537.579,-35.9
21537.680,-35.893
21537.812,-35.893
21537.920,-35.967
21538.027,-36.0
21538.128,-35.94
21538.236,-35.9
21538.332,-35.98
21538.435,-36.007
21538.540,-35.907
21538.648,-35.98
21538.724,-36.027
21538.777,-36.06
21538.940,-35.973
21539.042,-35.98
21539.143,-35.893
21539.246,-35.96
21539.275,-35.973
21539.381,-35.913
21539.483,-36.06
21539.655,-35.993
21539.682,-35.967
21539.785,-36.113
21539.885,-36.053
21539.986,-35.973
21540.076,-36.007
21540.175,-36.04
21540.275,-36.033
21540.371,-36.027
21540.489,-35.953
21540.589,-36.007
21540.685,-35.913
21540.783,-36.033
21540.883,-35.867
21540.986,-36.013
21541.089,-35.973
21541.190,-35.853
21541.277,-35.887
21541.396,-35.96
21541.501,-35.927
21541.591,-35.993
21541.677,-36.02
21541.797,-36.033
21541.913,-35.907
21541.988,-35.933
21542.119,-35.947
21542.192,-35.907
21542.300,-35.887
21542.424,-35.887
21542.523,-35.933
21542.648,-35.913
21542.665,-35.933
21542.831,-36.027
21542.932,-35.973
21543.015,-35.967
21543.062,-36.073
21543.239,-36.027
21543.266,-35.933
21543.385,-36.06
21543.472,-36.06
21543.570,-35.92
21543.674,-35.887
21543.761,-36.0
21543.866,-35.973
21543.964,-36.047
21544.082,-35.947
21544.163,-35.94
21544.268,-36.0
21544.391,-35.88
21544.486,-35.94
21544.570,-35.913
21544.673,-35.973
21544.783,-35.913
21544.898,-35.887
21544.979,-35.98
21545.082,-35.827
21545.222,-35.967
21545.298,-35.88
21545.420,-35.967
21545.494,-36.0
21545.589,-36.14
21545.679,-35.927
21545.763,-35.973
21545.866,-35.793
21545.976,-35.953
21546.106,-36.007
21546.207,-36.02
21546.322,-35.993
21546.408,-35.887
21546.533,-35.98
21546.562,-36.007
21546.660,-36.033
21596.758,-35.987
21596.854,-35.887
21597.020,-35.913
21597.057,-35.98
21597.172,-36.053
21597.268,-36.027
21597.364,-36.12
21597.462,-35.913
21597.565,-36.013
21597.667,-35.987
21597.768,-36.013
21597.864,-35.973
21597.959,-35.98
21598.062,-35.913
21598.160,-35.947
21598.258,-35.893
21598.359,-36.007
21598.462,-35.907
21598.572,-35.98
21598.675,-36.047
21598.778,-36.04
21598.896,-35.973
21598.974,-35.927
21599.077,-36.08
21599.179,-35.933
21599.261,-35.993
21599.386,-36.08
21599.491,-35.88
21599.587,-35.993
21599.701,-35.98
21599.793,-35.953
21599.895,-35.967
21599.998,-35.98
21600.113,-35.88
21600.143,-36.04
21600.305,-35.907
21600.418,-35.987
21600.445,-35.927
21600.543,-35.953
21600.646,-35.88
21600.756,-35.993
21600.854,-35.907
21600.949,-35.953
21601.040,-35.893
21601.145,-35.973
21601.250,-35.94
21601.353,-35.967
21601.538,-36.007
21601.543,-36.007
21601.655,-36.027
21601.748,-36.06
21601.859,-35.953
21601.974,-35.913
21602.055,-35.807
21602.180,-35.98
21602.239,-36.053
21602.361,-35.987
21602.462,-35.973
21602.572,-35.907
21602.660,-35.947
21602.763,-35.9
21602.864,-35.933
21602.983,-35.967
21603.077,-35.987
21603.175,-35.9
21603.273,-36.04
21603.376,-35.953
21603.473,-36.093
21603.581,-35.82
21603.672,-35.96
21603.785,-35.92
21603.890,-35.973
21603.991,-35.94
21604.094,-36.013
21604.197,-36.06
21604.299,-36.04
21604.415,-35.933
21604.503,-36.007
21604.530,-35.96
21604.707,-36.0
21604.734,-35.947
21604.844,-35.867
21604.944,-35.987
21605.043,-36.027
21605.143,-35.9
21605.246,-36.033
21605.342,-35.9
21605.451,-35.94
21605.533,-35.987
21605.638,-35.96
21605.734,-35.893
21605.834,-36.013
21605.947,-35.947
21606.050,-35.933
21606.128,-35.907
21606.244,-35.9
21606.341,-35.887
21606.440,-35.967
21606.542,-36.02
21606.630,-35.833
21656.750,-36.013
21656.859,-35.947
21656.954,-35.967
21657.052,-35.913
21657.175,-36.0
21657.273,-35.953
21657.393,-35.907
21657.474,-36.033
21657.570,-35.987
21657.668,-36.04
21657.785,-35.893
21657.883,-35.913
21657.979,-35.96
21658.108,-35.96
21658.190,-36.04
21658.219,-35.94
21658.396,-35.973
21658.422,-36.033
21658.530,-35.96
21658.636,-35.953
21658.731,-36.0
21658.817,-35.813
21658.920,-36.02
21659.018,-36.0
21659.146,-35.913
21659.231,-35.96
21659.327,-35.933
21659.427,-36.033
21659.523,-35.953
21659.623,-35.907
21659.724,-35.967
21659.827,-35.973
21659.920,-35.94
21660.038,-35.907
21660.135,-35.947
21660.246,-36.093
21660.339,-36.007
21660.442,-35.92
21660.545,-35.913
21660.657,-35.987
21660.741,-36.02
21660.864,-35.873
21660.972,-36.033
21661.067,-36.033
21661.163,-36.053
21661.261,-36.06
21661.327,-35.92
21661.434,-36.047
21661.535,-36.047
21661.609,-36.007
21661.773,-36.013
21661.875,-35.787
21661.972,-35.953
21662.070,-35.947
21662.128,-36.013
21662.209,-35.96
21662.312,-35.987
21662.423,-36.0
21662.518,-36.047
21662.616,-36.04
21662.716,-36.067
21662.817,-35.96
21662.929,-35.887
21663.028,-36.0
21663.123,-35.98
21663.228,-36.0
21663.317,-35.933
21663.418,-35.887
21663.518,-36.093
21663.640,-36.04
21663.719,-35.96
21663.822,-35.913
21663.930,-35.96
21664.033,-35.933
21664.128,-36.073
21664.231,-35.96
21664.334,-35.96
21664.447,-35.933
21664.543,-35.913
21664.650,-36.08
21664.744,-36.0
21664.844,-35.933
21664.947,-35.92
21665.067,-35.933
21665.157,-35.973
21665.256,-35.973
21665.366,-35.913
21665.432,-35.993
21665.498,-35.927
21665.673,-35.993
21665.699,-35.847
21665.800,-35.953
21665.898,-35.987
21666.006,-35.947
21666.103,-36.04
21666.209,-36.007
21666.305,-36.053
21666.405,-36.047
21666.508,-36.007
21666.599,-36.013
21666.702,-35.947
21716.829,-35.927
21716.903,-35.88
21716.996,-36.08
21717.116,-35.94
21717.204,-35.84
21717.315,-35.973
21717.415,-35.933
21717.518,-35.933
21717.613,-35.92
21717.712,-35.853
21717.815,-35.993
21717.910,-35.933
21718.018,-35.92
21718.116,-35.94
21718.244,-35.9
21718.320,-35.973
21718.449,-36.033
21718.543,-36.0
21718.641,-36.06
21718.741,-35.98
21718.829,-35.993
21718.951,-36.047
21719.043,-35.953
21719.153,-36.033
21719.190,-36.0
21719.290,-35.92
21719.388,-36.0
21719.493,-36.007
21719.587,-35.947
21719.690,-36.0
21719.788,-35.993
21719.891,-35.92
21719.989,-35.96
21720.091,-35.993
21720.212,-35.947
21720.283,-35.96
21720.383,-36.027
21720.503,-35.933
21720.606,-36.04
21720.684,-36.0
21720.785,-35.993
21720.898,-35.88
21720.989,-35.993
21721.101,-35.927
21721.201,-36.013
21721.314,-35.913
21721.403,-35.94
21721.501,-35.967
21721.592,-35.987
21721.726,-36.1
21721.810,-36.0
21721.910,-35.953
21722.008,-35.953
21722.118,-35.96
21722.229,-35.933
21722.334,-35.953
21722.424,-35.993
21722.537,-35.96
21722.636,-35.96
21722.739,-35.9
21722.859,-35.913
21722.937,-35.947
21723.047,-36.053
21723.153,-35.967
21723.243,-36.02
21723.344,-35.973
21723.457,-35.953
21723.488,-35.98
21723.586,-35.953
21723.758,-35.94
21723.790,-36.073
21723.886,-35.847
21723.986,-36.047
21724.084,-35.867
21724.192,-35.947
21724.278,-35.98
21724.375,-35.82
21724.473,-35.993
21724.582,-35.933
21724.675,-35.953
21724.799,-35.98
21724.880,-35.973
21724.989,-35.9
21725.074,-35.947
21725.179,-36.093
21725.290,-35.96
21725.400,-35.96
21725.474,-35.94
21725.598,-36.013
21725.724,-36.033
21725.790,-36.007
21725.910,-35.853
21726.016,-35.84
21726.136,-35.967
21726.212,-36.1
21726.315,-35.973
21726.417,-36.007
21726.528,-35.953
21726.633,-35.847
21776.736,-36.02
21776.827,-35.92
21776.869,-35.94
21777.030,-35.987
21777.133,-36.033
21777.238,-36.027
21777.268,-35.933
21777.364,-36.067
21777.467,-36.033
21777.584,-36.067
21777.680,-35.96
21777.778,-36.02
21777.873,-36.04
21777.984,-35.987
21778.079,-36.047
21778.182,-36.0
21778.283,-35.907
21778.361,-35.927
21778.464,-35.927
21778.574,-35.96
21778.679,-35.967
21778.782,-36.127
21778.880,-36.073
21778.986,-35.96
21779.089,-36.06
21779.185,-35.953
21779.288,-36.013
21779.396,-35.973
21779.491,-35.94
21779.594,-36.073
21779.695,-35.833
21779.805,-35.927
21779.907,-35.973
21780.001,-35.927
21780.101,-36.007
21780.170,-35.82
21780.280,-35.873
21780.400,-35.98
21780.513,-35.96
21780.614,-36.04
21780.717,-35.88
21780.837,-35.927
21780.864,-36.0
21780.959,-36.0
21781.057,-35.927
21781.160,-35.967
21781.261,-35.94
21781.359,-35.987
21781.457,-35.907
21781.560,-35.92
21781.655,-35.987
21781.753,-35.887
21781.853,-36.1
21781.973,-36.0
21782.074,-35.953
21782.150,-36.0
21782.270,-36.113
21782.366,-35.98
21782.467,-35.893
21782.564,-35.987
21782.663,-36.0
21782.765,-35.9
21782.869,-35.94
21782.971,-35.987
21783.072,-36.027
21783.175,-35.933
21783.285,-35.867
21783.408,-36.107
21783.483,-35.98
21783.577,-35.9
21783.697,-35.96
21783.795,-36.04
21783.891,-35.96
21784.030,-35.967
21784.097,-35.913
21784.194,-36.0
21784.302,-35.993
21784.361,-35.953
21784.469,-35.967
21784.547,-35.893
21784.646,-35.98
21784.744,-36.007
21784.908,-35.887
21785.011,-35.96
21785.062,-36.007
21785.160,-36.08
21785.255,-35.887
21785.353,-35.933
21785.462,-36.027
21785.559,-35.967
21785.655,-35.947
21785.758,-35.913
21785.851,-35.953
21785.949,-35.96
21786.047,-36.02
21786.155,-35.927
21786.256,-35.907
21786.354,-36.08
21786.456,-35.967
21786.557,-36.033
21786.665,-35.967
22076.768,-35.973
22076.864,-36.007
22076.973,-35.92
22077.097,-35.973
22077.168,-35.993
22077.271,-35.807
22077.373,-35.94
22077.469,-35.88
22077.587,-35.913
22077.690,-36.02
22077.785,-36.0
22077.891,-35.853
22077.993,-35.92
22078.092,-35.913
22078.214,-35.927
22078.295,-35.927
22078.354,-35.927
22078.501,-35.967
22078.626,-35.927
22078.674,-36.013
22078.775,-35.993
22078.900,-35.84
22078.949,-36.0
22079.038,-35.887
22079.133,-35.98
22079.243,-36.007
22079.339,-36.007
22079.435,-35.88
22079.535,-35.98
22079.636,-35.933
22079.753,-36.02
22079.849,-35.993
22079.934,-36.007
22080.052,-35.967
22080.141,-36.013
22080.239,-36.02
22080.342,-36.113
22080.488,-35.92
22080.562,-36.02
22080.657,-36.0
22080.756,-36.033
22080.856,-36.013
22080.959,-36.02
22081.060,-35.867
22081.160,-35.913
22081.273,-36.053
22081.376,-35.967
22081.471,-36.033
22081.572,-35.887
22081.675,-35.767
22081.773,-35.853
22081.891,-35.94
22081.993,-35.94
22082.092,-36.027
22082.190,-35.927
22082.300,-35.92
22082.398,-35.907
22082.430,-36.007
22082.530,-35.927
22082.626,-35.913
22082.726,-35.887
22082.832,-35.86
22082.939,-35.933
22083.038,-36.067
22083.140,-35.947
22083.222,-36.013
22083.425,-35.947
22083.427,-36.06
22083.527,-35.947
22083.631,-35.827
22083.726,-35.82
22083.837,-35.833
22083.937,-35.967
22084.033,-35.867
22084.138,-35.92
22084.234,-36.04
22084.329,-35.907
22084.432,-35.9
22084.532,-35.833
22084.636,-35.953
22084.756,-36.02
22084.873,-35.973
22084.951,-36.02
22085.045,-35.907
22085.163,-35.96
22085.266,-35.94
22085.366,-35.84
22085.467,-35.973
22085.567,-36.007
22085.670,-35.993
22085.770,-35.947
22085.881,-35.813
22085.976,-35.973
22086.077,-35.887
22086.114,-35.933
22086.214,-35.907
22086.322,-35.913
22086.420,-35.947
22086.521,-35.92
22086.619,-35.953
22136.714,-35.913
22136.817,-35.96
22136.925,-36.047
22137.035,-36.007
22137.130,-35.967
22137.231,-35.96
22137.329,-36.013
22137.424,-35.82
22137.525,-35.96
22137.628,-35.907
22137.724,-35.84
22137.837,-35.907
22137.934,-35.927
22138.013,-36.02
22138.135,-35.98
22138.253,-36.007
22138.326,-35.887
22138.442,-35.947
22138.548,-36.067
22138.645,-35.973
22138.744,-35.96
22138.871,-36.013
22138.944,-35.94
22139.055,-35.98
22139.160,-35.847
22139.251,-36.087
22139.354,-36.013
22139.457,-35.967
22139.567,-35.813
22139.670,-35.987
22139.793,-36.06
22139.868,-35.913
22139.979,-35.927
22140.081,-35.933
22140.109,-36.013
22140.204,-36.033
22140.307,-36.027
22140.408,-35.973
22140.513,-35.98
22140.611,-36.02
22140.707,-35.953
22140.820,-35.913
22140.920,-36.033
22141.023,-35.94
22141.118,-36.007
22141.222,-35.96
22141.300,-35.993
22141.403,-35.933
22141.516,-35.88
22141.618,-35.98
22141.717,-35.887
22141.812,-35.967
22141.927,-35.907
22142.021,-35.987
22142.141,-35.927
22142.223,-35.94
22142.305,-36.047
22142.413,-35.98
22142.498,-35.933
22142.640,-35.893
22142.709,-35.867
22142.812,-35.973
22142.957,-35.96
22143.018,-35.933
22143.136,-36.04
22143.236,-35.973
22143.351,-35.94
22143.459,-35.907
22143.555,-35.94
22143.655,-35.92
22143.695,-35.987
22143.795,-35.933
22143.893,-35.94
22144.065,-36.007
22144.098,-35.953
22144.201,-35.987
22144.298,-35.953
22144.410,-36.013
22144.506,-35.907
22144.603,-36.067
22144.704,-35.967
22144.795,-36.04
22144.898,-35.92
22144.993,-35.827
22145.094,-35.933
22145.192,-35.907
22145.317,-35.96
22145.395,-36.027
22145.498,-36.0
22145.609,-35.94
22145.707,-35.993
22145.829,-35.96
22145.910,-35.953
22145.989,-35.9
22146.096,-35.933
22146.244,-35.987
22146.329,-35.913
22146.390,-36.027
22146.516,-35.84
22146.604,-35.98
22196.741,-35.887
22196.900,-35.967
22196.957,-36.007
22197.021,-35.933
22197.148,-36.013
22197.244,-36.073
22197.369,-35.96
22197.444,-35.953
22197.547,-35.933
22197.648,-35.9
22197.692,-35.913
22197.853,-36.0
22197.881,-35.953
22197.979,-36.0
22198.082,-36.013
22198.184,-36.04
22198.288,-35.947
22198.391,-35.967
22198.496,-35.947
22198.598,-36.0
22198.699,-35.967
22198.793,-35.92
22198.881,-35.953
22198.981,-36.007
22199.082,-36.04
22199.207,-35.98
22199.288,-35.873
22199.388,-35.98
22199.528,-35.947
22199.596,-35.96
22199.719,-36.067
22199.790,-35.953
22199.902,-35.907
22200.008,-35.993
22200.096,-36.007
22200.182,-36.033
22200.312,-36.087
22200.408,-35.887
22200.510,-35.88
22200.631,-35.973
22200.714,-36.007
22200.834,-35.987
22200.939,-35.993
22201.045,-35.933
22201.077,-35.927
22201.258,-35.993
22201.354,-35.867
22201.516,-36.04
22201.562,-35.907
22201.609,-35.947
22201.741,-35.933
22201.942,-35.92
22202.052,-35.927
22202.082,-35.887
22202.123,-35.867
22202.239,-35.993
22202.337,-35.947
22202.476,-35.947
22202.506,-35.92
22202.606,-35.887
22202.684,-35.973
22202.788,-36.027
22202.896,-35.98
22202.996,-35.907
22203.113,-35.807
22203.192,-35.993
22203.288,-36.02
22203.396,-36.073
22203.508,-35.933
22203.597,-35.853
22203.675,-35.94
22203.819,-36.027
22203.912,-36.027
22204.351,-36.04
22204.413,-35.927
22204.670,-36.06
22204.859,-36.007
22204.915,-35.92
22204.947,-35.987
22205.040,-35.847
22205.125,-36.007
22205.260,-35.96
22205.366,-35.987
22205.472,-35.947
22205.538,-36.007
22205.626,-35.927
22205.667,-36.047
22205.793,-35.927
22205.886,-36.0
22205.966,-35.927
22206.092,-35.933
22206.170,-35.88
22206.278,-35.947
22206.356,-36.033
22206.467,-35.987
22206.564,-35.873
22206.672,-35.847
22256.800,-36.013
22256.888,-36.06
22256.983,-35.887
22257.092,-35.94
22257.187,-35.9
22257.295,-36.007
22257.391,-36.127
22257.501,-36.013
22257.596,-35.913
22257.690,-36.02
22257.812,-35.84
22257.907,-35.92
22257.988,-35.96
22258.099,-35.947
22258.160,-36.1
22258.271,-35.82
22258.408,-35.94
22258.471,-36.027
22258.614,-35.967
22258.677,-35.98
22258.820,-35.96
22258.893,-36.067
22259.020,-36.02
22259.131,-35.967
22259.163,-35.953
22259.322,-35.993
22259.369,-35.88
22259.457,-35.853
22259.569,-36.053
22259.665,-36.087
22259.760,-35.987
22259.871,-36.0
22259.962,-35.947
22260.057,-35.927
22260.150,-35.887
22260.261,-35.96
22260.356,-35.933
22260.454,-35.993
22260.570,-35.887
22260.679,-35.907
22260.775,-35.947
22260.869,-35.907
22260.994,-35.913
22261.089,-35.927
22261.180,-35.913
22261.398,-35.867
22261.462,-35.907
22261.521,-35.967
22261.631,-35.867
22261.722,-36.033
22261.846,-35.893
22261.910,-35.893
22262.033,-36.027
22262.111,-35.933
22262.168,-35.833
22262.310,-35.967
22262.405,-35.867
22262.437,-35.88
22262.606,-35.927
22262.653,-36.033
22262.810,-36.033
22262.922,-35.913
22263.018,-35.993
22263.049,-36.0
22263.155,-36.033
22263.251,-36.08
22263.346,-35.967
22263.457,-35.92
22263.552,-35.967
22263.643,-36.013
22263.751,-35.987
22263.863,-35.98
22263.944,-35.967
22264.035,-36.06
22264.146,-35.993
22264.253,-35.913
22264.347,-35.98
22264.457,-35.873
22264.552,-36.02
22264.646,-35.96
22264.768,-36.013
22264.863,-36.04
22264.974,-36.007
22265.084,-36.047
22265.182,-35.94
22265.246,-36.033
22265.381,-36.033
22265.445,-35.82
22265.554,-35.907
22265.663,-35.927
22265.770,-35.92
22265.881,-36.06
22265.974,-35.94
22266.070,-35.933
22266.199,-35.953
22266.315,-36.013
22266.415,-35.947
22266.494,-35.833
22266.606,-35.907
22266.699,-35.993
22316.746,-35.947
22316.836,-35.953
22316.930,-35.907
22317.040,-35.933
22317.152,-35.96
22317.246,-35.96
22317.337,-35.947
22317.447,-36.02
22317.543,-35.893
22317.638,-36.04
22317.731,-36.0
22317.834,-35.987
22317.967,-35.913
22318.028,-35.933
22318.138,-35.967
22318.239,-36.06
22318.366,-35.987
22318.454,-35.967
22318.545,-35.853
22318.658,-35.887
22318.750,-35.907
22318.861,-36.06
22318.949,-35.993
22319.062,-35.813
22319.170,-35.927
22319.248,-36.047
22319.375,-35.94
22319.469,-35.96
22319.560,-35.98
22319.640,-35.94
22319.913,-35.96
22319.929,-35.933
22319.974,-35.887
22320.016,-36.047
22320.190,-35.987
22320.300,-36.06
22320.380,-36.04
22320.427,-36.007
22320.533,-36.033
22320.643,-35.933
22320.738,-36.033
22320.981,-36.047
22321.023,-36.013
22321.163,-35.92
22321.503,-35.913
22321.655,-35.893
22321.670,-35.933
22321.756,-35.927
22321.839,-36.1
22321.967,-36.067
22322.028,-36.067
22322.130,-36.04
22322.226,-35.927
22322.320,-35.933
22322.432,-35.913
22322.542,-36.02
22322.636,-36.013
22322.729,-36.047
22322.854,-35.9
22322.979,-35.947
22323.091,-36.02
22323.153,-35.947
22323.258,-35.933
22323.353,-35.867
22323.464,-35.787
22323.560,-36.02
22323.623,-35.993
22323.793,-36.027
22323.809,-36.073
22323.935,-35.927
22324.077,-36.0
22324.204,-35.94
22324.246,-35.987
22324.326,-35.927
22324.422,-35.96
22324.533,-35.867
22324.611,-35.973
22324.723,-35.94
22324.826,-35.967
22324.920,-36.027
22325.016,-36.007
22325.126,-36.067
22325.207,-36.0
22325.327,-35.953
22325.423,-35.92
22325.516,-36.02
22325.628,-36.013
22325.707,-36.047
22325.829,-36.013
22325.924,-35.873
22326.035,-35.987
22326.131,-35.947
22326.226,-35.987
22326.336,-35.98
22326.440,-35.993
22326.535,-35.967
22326.631,-35.913
22376.726,-35.98
22376.837,-35.933
22376.940,-36.007
22377.052,-35.94
22377.148,-35.86
22377.243,-35.847
22377.339,-35.98
22377.476,-35.913
22377.552,-35.927
22377.663,-35.9
22377.761,-35.94
22377.886,-35.913
22377.900,-35.947
22378.006,-35.867
22378.101,-35.927
22378.197,-36.027
22378.307,-36.127
22378.402,-36.027
22378.543,-36.007
22378.621,-35.987
22378.714,-35.953
22378.810,-35.967
22378.903,-35.993
22378.998,-36.027
22379.101,-35.94
22379.195,-35.887
22379.322,-35.973
22379.418,-35.993
22379.511,-36.06
22379.619,-35.98
22379.714,-35.933
22379.807,-35.96
22379.918,-36.047
22380.045,-35.88
22380.109,-35.887
22380.233,-35.92
22380.329,-35.88
22380.408,-35.907
22380.537,-35.873
22380.625,-35.913
22380.748,-36.02
22380.842,-35.887
22380.937,-35.953
22381.050,-35.867
22381.153,-35.98
22381.248,-35.88
22381.342,-36.04
22381.454,-36.007
22381.564,-35.987
22381.597,-36.013
22381.766,-35.933
22381.876,-36.007
22381.891,-35.967
22381.986,-35.993
22382.097,-35.953
22382.190,-36.0
22382.283,-35.94
22382.395,-36.027
22382.505,-36.033
22382.582,-36.087
22382.711,-36.087
22382.815,-35.967
22382.895,-35.993
22382.989,-36.007
22383.084,-35.893
22383.209,-35.933
22383.285,-36.0
22383.395,-35.933
22383.489,-36.02
22383.584,-35.933
22383.711,-36.007
22383.802,-35.947
22383.898,-35.913
22384.008,-35.887
22384.101,-35.973
22384.229,-35.967
22384.319,-35.953
22384.413,-36.047
22384.523,-35.967
22384.619,-35.973
22384.729,-35.927
22384.864,-35.907
22384.945,-36.127
22385.040,-36.027
22385.135,-36.047
22385.244,-35.94
22385.339,-35.927
22385.447,-35.993
22385.559,-35.98
22385.653,-36.027
22385.748,-35.967
22385.844,-36.027
22385.876,-36.04
22385.996,-36.0
22386.091,-35.987
22386.187,-35.933
22386.280,-36.033
22386.390,-36.093
22386.496,-35.88
22386.592,-35.84
22386.687,-35.967
22676.815,-36.02
22676.878,-36.02
22677.000,-35.913
22677.079,-35.96
22677.187,-36.02
22677.282,-35.987
22677.393,-35.967
22677.488,-36.007
22677.628,-36.04
22677.707,-35.953
22677.770,-35.887
22677.896,-35.98
22677.976,-35.98
22678.126,-35.913
22678.190,-35.913
22678.302,-35.98
22678.427,-36.013
22678.493,-35.853
22678.628,-36.007
22678.724,-35.94
22678.834,-35.96
22678.929,-35.987
22679.025,-35.967
22679.128,-35.967
22679.224,-35.973
22679.334,-35.967
22679.430,-35.993
22679.540,-36.067
22679.679,-36.08
22679.773,-36.027
22679.868,-36.033
22679.994,-36.08
22680.091,-36.073
22680.180,-35.987
22680.290,-36.02
22680.369,-36.033
22680.466,-35.967
22680.574,-36.04
22680.665,-35.967
22680.773,-36.0
22680.869,-35.94
22680.979,-35.96
22681.059,-35.987
22681.170,-35.84
22681.275,-36.02
22681.369,-36.02
22681.481,-36.06
22681.591,-36.113
22681.687,-35.96
22681.793,-35.933
22681.888,-35.927
22681.984,-36.027
22682.094,-36.007
22682.204,-35.933
22682.310,-35.86
22682.405,-36.0
22682.533,-35.927
22682.611,-35.947
22682.707,-35.933
22682.810,-35.973
22682.922,-35.927
22683.016,-36.013
22683.128,-35.94
22683.224,-35.947
22683.271,-36.067
22683.452,-36.1
22683.469,-35.947
22683.564,-35.907
22683.658,-35.98
22683.753,-35.893
22683.876,-35.993
22683.971,-35.96
22684.067,-36.013
22684.177,-35.967
22684.271,-35.987
22684.376,-35.907
22684.456,-35.987
22684.567,-36.027
22684.662,-36.04
22684.773,-35.973
22684.866,-35.92
22684.973,-35.96
22685.082,-35.953
22685.179,-35.98
22685.305,-36.047
22685.386,-35.907
22685.506,-35.96
22685.584,-35.953
22685.680,-35.867
22685.790,-35.893
22685.886,-35.84
22685.949,-35.993
22686.101,-35.987
22686.165,-35.88
22686.277,-35.933
22686.420,-35.907
22686.491,-35.92
22686.586,-35.92
22736.712,-35.84
22736.809,-36.013
22736.920,-35.913
22737.025,-35.987
22737.119,-35.967
22737.214,-35.987
22737.246,-35.92
22737.341,-35.92
22737.467,-35.967
22737.557,-35.947
22737.652,-35.887
22737.748,-35.933
22737.859,-35.98
22737.954,-35.9
22738.049,-35.88
22738.170,-35.933
22738.248,-35.92
22738.359,-35.953
22738.454,-35.98
22738.549,-36.053
22738.653,-35.913
22738.748,-35.993
22738.859,-35.967
22738.939,-35.933
22739.050,-35.933
22739.155,-35.92
22739.266,-35.927
22739.361,-35.953
22739.457,-35.967
22739.552,-35.86
22739.672,-36.027
22739.750,-35.973
22739.846,-35.927
22740.025,-35.98
22740.081,-35.88
22740.192,-36.013
22740.300,-35.92
22740.364,-35.907
22740.459,-36.02
22740.616,-35.993
22740.633,-35.953
22740.768,-35.933
22740.910,-35.92
22741.006,-36.08
22741.038,-35.94
22741.228,-35.92
22741.263,-36.013
22741.349,-36.04
22741.444,-35.94
22741.554,-36.007
22741.650,-35.933
22741.744,-35.967
22741.849,-35.92
22741.945,-36.047
22742.060,-35.973
22742.150,-35.913
22742.261,-35.88
22742.351,-35.92
22742.478,-35.933
22742.540,-36.027
22742.652,-35.98
22742.748,-35.947
22742.866,-35.9
22742.947,-35.933
22743.057,-36.02
22743.152,-35.92
22743.263,-36.033
22743.356,-35.933
22743.479,-35.92
22743.574,-35.833
22743.685,-36.007
22743.780,-35.98
22743.876,-35.9
22743.981,-35.92
22744.077,-35.947
22744.187,-35.887
22744.299,-35.907
22744.346,-35.927
22744.483,-35.893
22744.594,-35.967
22744.704,-35.867
22744.736,-35.867
22744.895,-35.887
22744.927,-35.94
22745.030,-36.053
22745.126,-36.02
22745.234,-35.947
22745.347,-35.887
22745.442,-35.9
22745.533,-35.907
22745.628,-35.907
22745.723,-35.98
22745.834,-36.04
22745.930,-35.933
22746.033,-35.953
22746.126,-35.927
22746.238,-35.893
22746.332,-35.827
22746.445,-35.873
22746.538,-35.98
22746.643,-35.987
22796.739,-35.913
22796.866,-36.013
22796.961,-35.913
22797.055,-35.913
22797.155,-35.86
22797.226,-35.953
22797.349,-36.013
22797.451,-35.867
22797.552,-36.013
22797.663,-35.933
22797.763,-35.907
22797.864,-35.92
22797.962,-35.96
22798.008,-35.987
22798.158,-35.973
22798.212,-35.927
22798.381,-36.02
22798.410,-35.947
22798.510,-35.887
22798.723,-35.933
22798.726,-36.02
22798.820,-35.907
22798.908,-36.0
22799.018,-35.94
22799.114,-35.973
22799.224,-35.98
22799.320,-35.993
22799.403,-36.027
22799.501,-36.0
22799.611,-35.973
22799.719,-35.96
22799.822,-35.98
22799.924,-36.0
22800.010,-36.107
22800.114,-35.82
22800.214,-35.933
22800.312,-35.953
22800.413,-36.007
22800.537,-36.033
22800.621,-36.027
22800.723,-35.853
22800.820,-35.933
22800.945,-35.94
22801.042,-36.1
22801.140,-36.053
22801.239,-35.88
22801.344,-36.047
22801.445,-35.953
22801.549,-35.953
22801.636,-35.88
22801.756,-35.887
22801.795,-36.033
22801.898,-35.867
22802.069,-35.973
22802.097,-36.027
22802.195,-35.967
22802.295,-35.927
22802.396,-35.947
22802.570,-36.007
22802.596,-36.013
22802.697,-36.093
22802.810,-36.06
22802.905,-35.933
22803.005,-36.0
22803.108,-36.0
22803.209,-35.973
22803.310,-36.007
22803.413,-35.92
22803.498,-36.047
22803.599,-35.933
22803.701,-35.947
22803.805,-35.96
22803.913,-36.067
22804.013,-35.94
22804.091,-35.993
22804.209,-35.86
22804.320,-36.02
22804.418,-35.92
22804.501,-35.993
22804.621,-36.053
22804.689,-35.993
22804.814,-35.833
22804.900,-35.847
22805.001,-35.9
22805.106,-36.04
22805.226,-35.947
22805.312,-35.967
22805.447,-35.84
22805.550,-35.993
22805.653,-35.893
22805.750,-36.007
22805.856,-35.94
22805.885,-35.967
22806.062,-35.993
22806.089,-36.0
22806.187,-36.053
22806.292,-36.027
22806.388,-35.927
22806.484,-35.993
22806.589,-36.073
22806.690,-35.9
22856.783,-36.0
22856.895,-35.953
22857.000,-35.873
22857.104,-36.013
22857.217,-36.127
22857.280,-36.033
22857.391,-36.027
22857.491,-35.887
22857.591,-35.953
22857.690,-36.06
22857.793,-36.007
22857.883,-35.987
22857.998,-36.06
22858.109,-35.847
22858.209,-35.947
22858.305,-36.0
22858.391,-36.027
22858.493,-36.047
22858.577,-35.953
22858.680,-36.027
22858.788,-36.073
22858.920,-35.92
22859.032,-36.007
22859.099,-35.827
22859.221,-36.0
22859.320,-35.973
22859.427,-36.013
22859.543,-35.98
22859.641,-35.933
22859.738,-35.967
22859.834,-35.96
22859.885,-36.047
22859.983,-36.033
22860.092,-35.96
22860.175,-35.927
22860.278,-35.927
22860.381,-35.953
22860.481,-35.9
22860.586,-35.907
22860.684,-35.947
22860.787,-36.053
22860.871,-35.973
22860.993,-36.04
22861.070,-36.013
22861.192,-35.867
22861.278,-35.92
22861.378,-36.027
22861.479,-35.96
22861.604,-35.947
22861.684,-35.967
22861.788,-35.98
22861.888,-35.967
22862.003,-35.987
22862.104,-35.92
22862.207,-35.873
22862.299,-36.04
22862.410,-36.007
22862.511,-35.907
22862.611,-36.027
22862.744,-35.853
22862.819,-36.0
22862.895,-35.947
22863.030,-36.093
22863.086,-35.987
22863.162,-35.96
22863.263,-36.013
22863.366,-36.033
22863.521,-35.9
22863.631,-35.88
22863.734,-35.94
22863.766,-35.847
22863.871,-35.893
22863.967,-36.033
22864.070,-35.973
22864.167,-35.993
22864.268,-36.013
22864.366,-36.0
22864.469,-35.927
22864.569,-35.96
22864.695,-35.9
22864.768,-35.907
22864.869,-36.093
22864.962,-35.987
22865.062,-35.973
22865.165,-36.0
22865.280,-35.987
22865.376,-35.973
22865.478,-36.1
22865.576,-35.947
22865.677,-35.92
22865.780,-35.86
22865.883,-35.847
22865.986,-36.06
22866.087,-36.033
22866.190,-36.027
22866.293,-35.88
22866.407,-35.96
22866.506,-36.053
22866.601,-35.913
22866.706,-36.06
22916.804,-35.953
22916.873,-35.993
22916.979,-36.027
22917.118,-35.987
22917.185,-36.013
22917.305,-35.933
22917.358,-35.953
22917.464,-35.8
22917.614,-36.013
22917.667,-35.94
22917.751,-36.047
22917.854,-36.007
22917.954,-36.007
22918.077,-35.94
22918.175,-36.02
22918.251,-36.107
22918.351,-35.893
22918.478,-36.06
22918.570,-35.973
22918.652,-35.847
22918.748,-35.96
22918.875,-35.887
22918.967,-35.993
22919.089,-35.973
22919.190,-35.96
22919.278,-35.973
22919.375,-36.067
22919.479,-35.807
22919.582,-35.953
22919.646,-35.973
22919.805,-36.0
22919.876,-35.987
22919.979,-35.993
22920.106,-35.927
22920.185,-35.933
22920.310,-35.913
22920.380,-36.093
22920.491,-35.933
22920.594,-35.967
22920.695,-35.887
22920.822,-35.887
22920.902,-35.907
22920.959,-36.0
22921.116,-36.073
22921.209,-35.88
22921.310,-36.06
22921.341,-36.047
22921.440,-36.04
22921.554,-35.887
22921.687,-35.867
22921.741,-35.933
22921.849,-35.913
22921.945,-35.913
22922.040,-35.86
22922.136,-35.92
22922.236,-35.94
22922.339,-35.973
22922.447,-35.907
22922.540,-35.96
22922.641,-35.953
22922.758,-35.913
22922.847,-35.993
22922.961,-35.953
22923.052,-36.08
22923.153,-35.993
22923.255,-35.833
22923.364,-35.927
22923.462,-36.013
22923.569,-35.927
22923.687,-35.96
22923.741,-35.867
22923.878,-35.913
22923.973,-35.987
22924.074,-35.853
22924.177,-35.96
22924.278,-35.913
22924.381,-35.833
22924.491,-36.0
22924.597,-35.973
22924.694,-36.033
22924.793,-35.893
22924.834,-35.833
22924.996,-35.94
22925.101,-35.94
22925.126,-35.973
22925.315,-35.907
22925.344,-35.96
22925.442,-36.02
22925.549,-36.0
22925.638,-36.033
22925.739,-35.9
22925.848,-35.993
22925.927,-35.947
22926.023,-35.987
22926.133,-35.813
22926.233,-35.953
22926.332,-35.973
22926.440,-35.94
22926.540,-35.993
22926.626,-35.953
22976.748,-35.907
22976.841,-35.927
22976.942,-35.827
22977.045,-35.933
22977.141,-35.933
22977.224,-36.067
22977.364,-36.1
22977.429,-35.967
22977.530,-36.047
22977.650,-36.013
22977.751,-35.96
22977.847,-35.96
22977.969,-35.973
22978.098,-35.993
22978.160,-36.033
22978.270,-35.98
22978.319,-35.94
22978.418,-35.807
22978.586,-35.993
22978.685,-35.96
22978.778,-35.947
22978.876,-35.92
22978.927,-36.013
22979.025,-35.893
22979.121,-36.0
22979.224,-36.087
22979.327,-35.987
22979.425,-36.047
22979.613,-36.013
22979.616,-35.96
22979.739,-35.9
22979.815,-35.987
22979.935,-35.913
22980.021,-35.947
22980.121,-35.98
22980.219,-35.96
22980.320,-36.087
22980.427,-35.993
22980.527,-36.04
22980.628,-35.84
22980.739,-35.887
22980.837,-35.953
22980.935,-35.953
22981.038,-35.947
22981.148,-35.947
22981.246,-35.967
22981.329,-35.993
22981.449,-35.847
22981.516,-35.987
22981.618,-35.847
22981.722,-36.02
22981.827,-36.04
22981.929,-36.04
22982.052,-36.007
22982.185,-35.827
22982.258,-36.053
22982.361,-36.027
22982.412,-35.987
22982.511,-35.94
22982.611,-35.94
22982.707,-35.92
22982.805,-35.953
22982.922,-35.927
22983.020,-36.0
22983.116,-35.967
22983.214,-35.913
22983.315,-36.073
22983.425,-36.0
22983.505,-35.853
22983.611,-35.853
22983.724,-35.813
22983.802,-35.86
22983.905,-35.96
22984.021,-35.96
22984.116,-35.927
22984.212,-36.0
22984.315,-35.867
22984.417,-36.007
22984.520,-36.007
22984.625,-35.987
22984.724,-35.933
22984.827,-35.98
22984.930,-35.96
22985.030,-35.993
22985.135,-35.98
22985.236,-36.04
22985.347,-35.933
22985.449,-35.947
22985.543,-36.08
22985.646,-35.913
22985.750,-36.033
22985.861,-36.027
22985.959,-35.833
22986.064,-35.86
22986.094,-36.0
22986.224,-35.94
22986.302,-35.98
22986.456,-36.087
22986.508,-35.987
22986.597,-35.973
22986.692,-36.04
23276.812,-35.96
23276.918,-35.993
23277.011,-36.1
23277.108,-36.093
23277.206,-35.92
23277.309,-35.973
23277.412,-36.007
23277.498,-36.007
23277.596,-35.913
23277.697,-35.98
23277.795,-36.007
23277.888,-36.08
23278.045,-36.0
23278.104,-36.013
23278.207,-35.953
23278.309,-35.933
23278.432,-35.947
23278.513,-36.007
23278.616,-35.967
23278.717,-35.96
23278.822,-36.0
23278.927,-35.98
23279.025,-36.027
23279.121,-35.993
23279.231,-36.007
23279.332,-35.86
23279.435,-35.987
23279.545,-35.98
23279.641,-35.88
23279.753,-35.913
23279.859,-36.0
23279.898,-35.993
23280.059,-35.96
23280.086,-36.04
23280.185,-36.007
23280.297,-35.967
23280.395,-35.953
23280.484,-35.94
23280.592,-36.047
23280.692,-35.92
23280.800,-36.02
23280.891,-35.947
23280.996,-35.94
23281.094,-35.94
23281.199,-36.02
23281.302,-36.02
23281.381,-36.093
23281.484,-35.953
23281.626,-35.873
23281.711,-36.04
23281.800,-35.953
23281.896,-36.0
23281.994,-35.853
23282.097,-36.02
23282.199,-35.987
23282.302,-35.927
23282.391,-35.98
23282.476,-35.993
23282.576,-36.02
23282.702,-35.993
23282.814,-35.967
23282.898,-35.953
23283.020,-36.087
23283.113,-35.987
23283.226,-36.02
23283.322,-35.927
23283.424,-36.047
23283.523,-36.087
23283.626,-35.993
23283.731,-35.987
23283.832,-36.047
23283.932,-36.02
23284.045,-35.98
23284.074,-35.967
23284.172,-35.867
23284.283,-35.94
23284.376,-35.987
23284.476,-35.987
23284.572,-36.127
23284.697,-36.053
23284.770,-36.013
23284.888,-36.06
23284.988,-36.067
23285.091,-36.06
23285.170,-35.98
23285.273,-35.94
23285.386,-35.993
23285.476,-35.973
23285.579,-35.907
23285.680,-35.967
23285.797,-36.047
23285.893,-36.013
23285.989,-36.167
23286.091,-35.973
23286.199,-36.0
23286.295,-35.967
23286.398,-36.087
23286.486,-35.933
23286.611,-35.98
23336.711,-35.94
23336.817,-35.973
23336.945,-35.987
23336.973,-35.92
23337.070,-35.92
23337.174,-35.98
23337.280,-36.08
23337.386,-35.987
23337.462,-35.927
23337.562,-35.947
23337.731,-35.987
23337.761,-35.953
23337.925,-36.047
23338.028,-35.927
23338.077,-35.827
23338.170,-35.907
23338.271,-35.973
23338.366,-35.98
23338.462,-36.013
23338.560,-35.953
23338.692,-35.913
23338.771,-35.893
23338.880,-35.953
23338.959,-36.007
23339.060,-35.8
23339.179,-35.853
23339.273,-35.993
23339.371,-35.98
23339.473,-35.98
23339.572,-35.913
23339.675,-35.967
23339.795,-36.033
23339.890,-35.967
23339.986,-35.913
23340.086,-35.873
23340.207,-35.993
23340.288,-35.947
23340.391,-35.913
23340.501,-35.907
23340.601,-35.947
23340.699,-35.807
23340.800,-35.94
23340.896,-35.953
23341.008,-36.02
23341.109,-35.913
23341.204,-35.867
23341.317,-35.887
23341.415,-35.88
23341.518,-35.96
23341.582,-36.0
23341.658,-35.913
23341.760,-35.893
23341.856,-35.98
23341.951,-35.927
23342.067,-36.067
23342.165,-35.793
23342.251,-35.933
23342.368,-35.973
23342.469,-35.867
23342.567,-35.993
23342.663,-36.02
23342.761,-35.96
23342.853,-36.013
23342.951,-35.973
23343.045,-35.98
23343.146,-35.96
23343.268,-35.913
23343.373,-35.913
23343.472,-35.893
23343.570,-35.987
23343.677,-36.113
23343.775,-35.953
23343.883,-35.987
23343.979,-35.98
23344.089,-36.02
23344.207,-35.9
23344.295,-35.927
23344.391,-35.867
23344.486,-35.92
23344.589,-36.02
23344.692,-36.04
23344.795,-35.973
23344.896,-35.913
23344.940,-35.967
23345.101,-35.96
23345.195,-36.047
23345.310,-35.987
23345.410,-35.873
23345.516,-35.833
23345.547,-35.92
23345.646,-36.1
23345.744,-36.047
23345.844,-35.893
23345.945,-35.887
23346.043,-35.913
23346.150,-35.94
23346.256,-35.967
23346.344,-36.007
23346.457,-36.02
23346.549,-36.027
23346.652,-36.007
23396.739,-36.0
23396.837,-35.913
23396.937,-35.973
23397.037,-35.973
23397.145,-35.933
23397.255,-35.98
23397.354,-35.987
23397.451,-35.847
23397.560,-35.927
23397.658,-36.027
23397.760,-35.96
23397.849,-35.953
23397.974,-35.833
23398.072,-35.873
23398.173,-36.047
23398.293,-36.033
23398.390,-35.907
23398.488,-35.8
23398.584,-35.973
23398.685,-36.06
23398.788,-35.933
23398.896,-36.02
23398.983,-35.867
23399.096,-35.933
23399.190,-36.067
23399.241,-36.053
23399.415,-36.02
23399.442,-35.84
23399.538,-35.927
23399.638,-36.047
23399.741,-35.947
23399.842,-36.047
23399.939,-35.9
23400.043,-35.893
23400.131,-35.927
23400.231,-35.913
23400.324,-35.947
23400.454,-35.913
23400.537,-35.973
23400.631,-35.947
23400.743,-36.007
23400.846,-35.973
23400.932,-36.007
23401.050,-35.98
23401.143,-35.933
23401.224,-36.08
23401.349,-35.98
23401.452,-35.967
23401.557,-35.893
23401.645,-35.94
23401.741,-35.92
23401.864,-35.94
23401.967,-35.913
23402.065,-35.833
23402.163,-35.84
23402.293,-35.987
23402.373,-35.907
23402.469,-36.007
23402.577,-36.027
23402.679,-35.973
23402.783,-35.913
23402.908,-35.927
23402.988,-35.98
23403.027,-35.94
23403.116,-36.04
23403.217,-35.913
23403.317,-36.007
23403.420,-36.033
23403.521,-35.927
23403.625,-35.933
23403.728,-35.967
23403.829,-35.993
23403.932,-35.973
23404.035,-35.953
23404.128,-35.9
23404.217,-35.967
23404.317,-36.007
23404.420,-35.987
23404.543,-35.92
23404.636,-35.953
23404.712,-35.993
23404.837,-35.947
23404.935,-35.893
23405.020,-35.967
23405.123,-35.847
23405.229,-35.98
23405.342,-35.947
23405.454,-35.953
23405.513,-35.96
23405.616,-35.953
23405.721,-35.96
23405.842,-35.827
23405.930,-35.953
23406.065,-36.02
23406.170,-35.92
23406.266,-35.953
23406.351,-35.94
23406.472,-35.987
23406.572,-36.0
23406.665,-36.027
23456.770,-35.993
23456.810,-36.08
23456.910,-36.013
23457.011,-35.94
23457.113,-35.887
23457.209,-35.967
23457.320,-35.96
23457.506,-35.887
23457.510,-35.967
23457.608,-36.107
23457.706,-36.073
23457.810,-35.907
23457.913,-35.893
23458.015,-35.96
23458.111,-36.02
23458.217,-36.033
23458.312,-35.953
23458.408,-36.053
23458.540,-35.92
23458.623,-35.867
23458.721,-36.033
23458.824,-36.007
23458.925,-35.907
23459.021,-35.967
23459.131,-35.96
23459.273,-35.92
23459.337,-35.907
23459.439,-35.993
23459.501,-35.907
23459.643,-35.733
23459.758,-35.853
23459.854,-36.033
23459.915,-36.013
23460.052,-35.96
23460.123,-35.873
23460.246,-35.96
23460.300,-35.993
23460.398,-35.92
23460.555,-35.887
23460.606,-35.947
23460.788,-36.04
23460.814,-36.073
23460.903,-36.033
23461.001,-35.993
23461.111,-36.007
23461.209,-36.047
23461.307,-36.04
23461.408,-35.96
23461.510,-35.947
23461.606,-35.953
23461.704,-35.907
23461.800,-36.033
23461.896,-36.1
23461.998,-35.947
23462.101,-36.12
23462.214,-35.96
23462.305,-36.06
23462.408,-35.98
23462.513,-35.993
23462.626,-36.027
23462.726,-35.927
23462.817,-35.953
23462.920,-36.067
23463.021,-36.02
23463.125,-35.973
23463.228,-35.847
23463.329,-35.867
23463.430,-36.047
23463.533,-36.027
23463.636,-35.973
23463.739,-35.867
23463.792,-35.88
23463.952,-35.933
23464.050,-36.067
23464.113,-35.973
23464.187,-36.12
23464.288,-35.927
23464.383,-36.047
23464.489,-35.973
23464.592,-35.94
23464.697,-35.86
23464.856,-35.96
23464.885,-35.86
23464.983,-35.88
23465.101,-36.027
23465.197,-35.907
23465.298,-36.013
23465.396,-36.007
23465.481,-36.007
23465.591,-35.933
23465.690,-35.913
23465.788,-35.973
23465.888,-35.987
23465.998,-35.92
23466.099,-35.94
23466.197,-35.973
23466.302,-35.927
23466.402,-36.093
23466.505,-36.1
23466.625,-36.0
23516.712,-36.073
23516.812,-35.9
23516.924,-36.087
23517.037,-36.007
23517.130,-35.993
23517.233,-35.933
23517.363,-35.867
23517.427,-35.907
23517.528,-35.827
23517.633,-35.88
23517.724,-36.02
23517.773,-35.913
23517.939,-35.927
23518.040,-35.953
23518.143,-36.02
23518.207,-35.967
23518.283,-36.02
23518.378,-36.013
23518.486,-35.933
23518.577,-36.013
23518.677,-35.96
23518.775,-36.047
23518.873,-35.9
23518.971,-35.993
23519.070,-36.0
23519.197,-35.987
23519.268,-35.953
23519.371,-35.813
23519.474,-35.873
23519.577,-35.86
23519.679,-35.993
23519.783,-35.967
23519.986,-35.953
23519.988,-36.06
23520.089,-36.007
23520.190,-35.933
23520.299,-35.92
23520.388,-35.853
23520.500,-36.0
23520.601,-35.98
23520.711,-36.093
23520.836,-35.893
23520.912,-35.913
23521.035,-35.98
23521.121,-36.013
23521.216,-35.94
23521.327,-35.807
23521.445,-36.0
23521.532,-35.973
23521.633,-35.907
23521.662,-35.987
23521.768,-36.0
23521.935,-35.98
23521.962,-35.947
23522.060,-35.907
23522.160,-36.0
23522.261,-35.92
23522.364,-36.013
23522.466,-36.02
23522.648,-35.947
23522.673,-35.907
23522.773,-35.867
23522.871,-35.98
23522.973,-35.96
23523.057,-35.967
23523.177,-36.027
23523.283,-36.0
23523.366,-35.98
23523.462,-36.04
23523.574,-35.993
23523.672,-36.007
23523.766,-36.033
23523.876,-36.033
23523.974,-35.887
23524.092,-35.92
23524.160,-35.98
23524.278,-36.1
23524.388,-36.027
23524.489,-35.913
23524.587,-36.053
23524.709,-36.007
23524.787,-36.007
23524.908,-35.98
23525.003,-35.913
23525.121,-35.853
23525.222,-35.94
23525.322,-36.013
23525.417,-35.947
23525.516,-36.033
23525.621,-36.047
23525.652,-35.913
23525.810,-36.06
23525.849,-36.007
23526.025,-36.007
23526.055,-35.987
23526.153,-35.927
23526.255,-35.973
23526.358,-35.893
23526.459,-35.973
23526.547,-35.993
23526.665,-35.953
23576.768,-35.993
23576.847,-36.027
23576.957,-35.913
23577.054,-35.953
23577.160,-35.98
23577.282,-35.947
23577.371,-36.007
23577.466,-36.02
23577.570,-35.953
23577.665,-35.973
23577.777,-35.873
23577.878,-36.047
23577.981,-36.093
23578.074,-35.993
23578.199,-35.893
23578.305,-36.067
23578.398,-36.013
23578.498,-36.1
23578.552,-35.913
23578.690,-35.867
23578.795,-36.133
23578.861,-35.98
23578.996,-35.927
23579.038,-36.0
23579.143,-35.933
23579.238,-35.86
23579.396,-35.953
23579.447,-35.953
23579.611,-35.967
23579.714,-35.913
23579.743,-35.973
23579.854,-36.007
23579.957,-35.98
23580.052,-35.94
23580.148,-35.94
23580.248,-35.933
23580.346,-35.947
23580.442,-36.0
23580.537,-36.027
23580.658,-35.98
23580.736,-35.967
23580.839,-36.013
23580.957,-35.967
23581.045,-35.907
23581.148,-35.887
23581.251,-35.827
23581.369,-35.947
23581.464,-35.973
23581.567,-35.92
23581.660,-35.953
23581.761,-35.993
23581.868,-35.833
23581.966,-35.933
23582.057,-36.013
23582.170,-35.853
23582.273,-36.033
23582.376,-35.973
23582.478,-36.127
23582.574,-35.987
23582.697,-35.987
23582.795,-35.853
23582.890,-35.84
23582.989,-35.913
23583.092,-35.92
23583.206,-35.98
23583.234,-35.973
23583.331,-35.94
23583.427,-35.967
23583.528,-36.0
23583.633,-35.967
23583.733,-35.893
23583.844,-35.973
23583.935,-35.893
23584.028,-35.967
23584.133,-36.04
23584.263,-36.02
23584.326,-35.88
23584.434,-35.907
23584.535,-36.147
23584.631,-35.953
23584.736,-36.02
23584.844,-35.96
23584.949,-35.993
23585.043,-35.88
23585.152,-36.007
23585.250,-35.967
23585.366,-35.86
23585.456,-35.82
23585.560,-35.913
23585.660,-35.88
23585.734,-35.907
23585.858,-35.847
23585.969,-35.887
23586.067,-36.007
23586.174,-36.127
23586.270,-35.94
23586.371,-35.893
23586.473,-35.84
23586.516,-35.96
23586.677,-35.947
23876.731,-35.927
23876.881,-35.907
23876.945,-35.953
23877.021,-35.907
23877.116,-36.08
23877.228,-35.98
23877.314,-35.993
23877.418,-35.993
23877.516,-35.86
23877.619,-35.867
23877.724,-35.94
23877.814,-35.967
23877.940,-35.933
23878.033,-35.867
23878.133,-36.08
23878.229,-35.98
23878.331,-36.027
23878.432,-35.98
23878.520,-35.967
23878.616,-35.82
23878.717,-35.86
23878.810,-35.98
23878.934,-36.067
23879.042,-36.013
23879.135,-35.973
23879.236,-36.02
23879.358,-36.06
23879.457,-35.887
23879.567,-35.78
23879.645,-35.987
23879.748,-35.96
23879.851,-36.087
23879.959,-35.967
23880.059,-35.907
23880.143,-35.913
23880.261,-35.953
23880.366,-36.087
23880.467,-36.033
23880.579,-35.88
23880.608,-36.0
23880.773,-35.973
23880.880,-35.927
23880.920,-36.0
23881.032,-35.967
23881.184,-36.093
23881.214,-35.913
23881.314,-36.08
23881.415,-35.86
23881.518,-35.96
23881.614,-35.947
23881.717,-36.013
23881.805,-35.947
23881.932,-35.993
23882.003,-35.913
23882.138,-35.967
23882.212,-35.873
23882.320,-35.933
23882.415,-35.9
23882.515,-36.033
23882.608,-35.987
23882.719,-35.9
23882.807,-35.94
23882.927,-35.96
23883.025,-35.92
23883.128,-36.033
23883.241,-36.0
23883.337,-35.833
23883.452,-36.02
23883.542,-36.047
23883.641,-35.98
23883.744,-35.88
23883.864,-35.78
23883.957,-35.947
23884.055,-35.98
23884.152,-35.88
23884.256,-35.913
23884.356,-35.927
23884.459,-35.987
23884.562,-36.007
23884.597,-35.96
23884.699,-36.113
23884.799,-35.993
23884.896,-35.893
23884.994,-35.933
23885.097,-36.02
23885.204,-36.013
23885.290,-35.993
23885.403,-35.913
23885.508,-35.907
23885.609,-35.847
23885.702,-36.06
23885.800,-36.007
23885.898,-35.907
23885.998,-35.853
23886.098,-36.0
23886.209,-35.927
23886.288,-35.933
23886.391,-35.833
23886.491,-35.82
23886.599,-36.067
23886.697,-35.947
23936.814,-35.947
23936.910,-35.92
23937.013,-36.027
23937.126,-35.96
23937.202,-35.933
23937.320,-36.047
23937.420,-36.027
23937.538,-35.967
23937.636,-35.907
23937.736,-36.013
23937.832,-35.987
23937.940,-35.953
23938.043,-35.92
23938.146,-36.0
23938.273,-35.88
23938.359,-35.92
23938.388,-35.973
23938.484,-36.013
23938.597,-36.007
23938.697,-35.913
23938.785,-35.847
23938.893,-35.98
23938.998,-35.98
23939.101,-35.967
23939.202,-36.12
23939.295,-35.947
23939.400,-35.953
23939.500,-35.853
23939.579,-35.927
23939.699,-35.973
23939.793,-35.993
23939.890,-35.947
23939.989,-36.0
23940.091,-35.847
23940.192,-35.88
23940.295,-36.007
23940.398,-35.987
23940.501,-36.033
23940.604,-36.033
23940.706,-36.02
23940.800,-35.96
23940.875,-35.94
23940.976,-35.973
23941.082,-35.847
23941.229,-35.96
23941.288,-35.907
23941.412,-35.913
23941.494,-36.013
23941.601,-35.92
23941.729,-35.967
23941.826,-35.92
23941.876,-36.0
23942.038,-35.933
23942.158,-35.893
23942.229,-35.973
23942.271,-36.0
23942.383,-35.913
23942.479,-35.953
23942.576,-35.907
23942.684,-35.94
23942.780,-35.927
23942.880,-35.953
23942.981,-36.013
23943.087,-35.953
23943.187,-35.933
23943.270,-35.92
23943.375,-36.02
23943.471,-36.007
23943.572,-35.993
23943.675,-35.88
23943.785,-36.0
23943.886,-36.08
23943.986,-35.88
23944.086,-35.913
23944.177,-35.953
23944.300,-35.92
23944.400,-35.827
23944.494,-35.953
23944.597,-35.9
23944.702,-35.887
23944.810,-35.933
23944.913,-35.953
23945.008,-35.907
23945.146,-35.9
23945.219,-35.833
23945.327,-35.92
23945.425,-36.02
23945.527,-35.933
23945.623,-35.94
23945.733,-35.973
23945.761,-35.993
23945.858,-35.913
23945.964,-35.913
23946.070,-35.993
23946.168,-36.027
23946.266,-36.047
23946.383,-35.84
23946.467,-35.98
23946.567,-36.047
23946.682,-35.98
23996.775,-35.887
23996.861,-35.973
23996.959,-35.853
23997.072,-35.96
23997.155,-35.96
23997.260,-35.867
23997.361,-35.86
23997.464,-35.947
23997.586,-36.073
23997.682,-35.96
23997.756,-36.0
23997.858,-35.96
23997.961,-35.953
23998.067,-35.9
23998.197,-35.9
23998.261,-35.947
23998.386,-35.893
23998.483,-35.987
23998.589,-35.92
23998.685,-36.047
23998.785,-35.913
23998.886,-35.847
23999.032,-35.947
23999.104,-36.033
23999.204,-35.96
23999.307,-35.953
23999.410,-35.96
23999.506,-35.987
23999.621,-36.033
23999.719,-35.907
23999.751,-36.0
23999.856,-35.907
23999.957,-35.907
24000.060,-36.02
24000.158,-35.987
24000.253,-35.967
24000.356,-36.013
24000.445,-36.02
24000.565,-35.967
24000.662,-35.953
24000.746,-35.973
24000.866,-35.98
24000.945,-36.013
24001.048,-35.92
24001.162,-35.927
24001.258,-35.947
24001.356,-35.88
24001.459,-35.873
24001.574,-35.973
24001.674,-35.913
24001.770,-36.007
24001.871,-35.96
24001.954,-35.92
24002.079,-35.913
24002.158,-35.94
24002.244,-35.987
24002.349,-36.007
24002.452,-36.027
24002.560,-35.807
24002.658,-36.033
24002.798,-36.04
24002.900,-35.967
24002.974,-35.96
24003.096,-35.84
24003.192,-35.973
24003.295,-35.98
24003.403,-35.953
24003.500,-35.993
24003.606,-35.953
24003.636,-35.927
24003.812,-35.967
24003.837,-35.927
24003.940,-35.947
24004.055,-36.02
24004.157,-35.953
24004.236,-36.027
24004.356,-36.007
24004.442,-36.033
24004.554,-35.927
24004.655,-35.987
24004.734,-35.96
24004.846,-35.9
24004.942,-35.94
24005.042,-36.02
24005.143,-35.947
24005.251,-35.9
24005.351,-36.007
24005.452,-36.007
24005.545,-36.0
24005.655,-35.993
24005.758,-35.907
24005.873,-35.973
24005.962,-35.927
24006.065,-35.9
24006.162,-35.92
24006.280,-35.913
24006.378,-35.893
24006.476,-35.96
24006.577,-35.86
24006.680,-36.033
24056.782,-35.953
24056.878,-36.06
24057.016,-35.973
24057.089,-35.847
24057.152,-36.093
24057.226,-36.033
24057.339,-35.967
24057.489,-36.027
24057.540,-35.967
24057.645,-36.013
24057.741,-35.893
24057.831,-35.92
24057.929,-36.007
24058.030,-36.033
24058.141,-35.98
24058.246,-36.02
24058.344,-36.02
24058.466,-35.967
24058.523,-36.013
24058.628,-35.947
24058.729,-35.987
24058.854,-36.08
24058.934,-35.987
24059.035,-36.107
24059.146,-36.04
24059.250,-35.98
24059.347,-36.087
24059.452,-35.9
24059.560,-35.987
24059.685,-36.087
24059.753,-36.0
24059.864,-36.1
24059.957,-36.1
24060.060,-35.973
24060.163,-36.033
24060.280,-36.027
24060.366,-36.0
24060.469,-35.98
24060.570,-35.987
24060.690,-35.907
24060.744,-36.073
24060.817,-36.007
24060.915,-35.887
24061.015,-35.86
24061.185,-36.047
24061.214,-35.887
24061.381,-35.88
24061.422,-36.013
24061.525,-35.987
24061.621,-36.16
24061.721,-36.007
24061.824,-36.067
24061.915,-35.96
24062.030,-36.073
24062.118,-36.047
24062.234,-36.0
24062.322,-36.093
24062.427,-35.88
24062.530,-35.913
24062.619,-35.96
24062.722,-36.107
24062.853,-36.013
24062.910,-36.127
24063.016,-35.96
24063.126,-35.987
24063.234,-35.96
24063.329,-35.933
24063.439,-35.973
24063.560,-35.873
24063.631,-35.893
24063.717,-35.873
24063.839,-36.08
24063.923,-36.093
24064.048,-36.0
24064.148,-36.0
24064.266,-35.913
24064.366,-35.927
24064.494,-36.007
24064.559,-35.907
24064.690,-35.913
24064.707,-35.92
24064.807,-35.9
24064.903,-35.9
24065.055,-36.0
24065.119,-36.08
24065.222,-36.027
24065.317,-35.92
24065.423,-35.98
24065.516,-36.087
24065.616,-35.987
24065.702,-35.92
24065.817,-35.973
24065.905,-36.007
24066.006,-36.04
24066.106,-35.973
24066.206,-35.993
24066.315,-35.9
24066.418,-35.927
24066.528,-35.947
24066.641,-35.967
24116.726,-35.993
24116.822,-35.96
24116.920,-35.92
24117.023,-35.927
24117.125,-35.953
24117.228,-36.06
24117.332,-36.0
24117.432,-36.06
24117.557,-35.973
24117.628,-35.853
24117.748,-35.893
24117.799,-35.913
24117.949,-36.033
24118.040,-35.793
24118.114,-35.887
24118.222,-35.867
24118.364,-35.993
24118.449,-36.067
24118.494,-35.98
24118.653,-35.92
24118.748,-35.88
24118.800,-35.813
24118.896,-35.92
24118.993,-35.94
24119.099,-36.073
24119.209,-36.073
24119.307,-35.967
24119.408,-35.933
24119.489,-35.98
24119.611,-35.933
24119.709,-35.973
24119.895,-36.027
24119.898,-36.007
24120.005,-36.1
24120.104,-35.987
24120.202,-35.94
24120.300,-35.927
24120.402,-35.927
24120.503,-36.027
24120.619,-36.013
24120.719,-35.913
24120.815,-36.0
24120.937,-35.973
24121.016,-35.933
24121.119,-36.06
24121.221,-35.867
24121.349,-35.927
24121.425,-35.913
24121.528,-35.893
24121.631,-36.013
24121.741,-36.0
24121.841,-35.913
24121.944,-35.94
24122.049,-35.887
24122.086,-35.987
24122.244,-36.02
24122.348,-35.947
24122.452,-35.9
24122.552,-35.86
24122.581,-35.927
24122.685,-36.04
24122.799,-35.947
24122.898,-36.02
24122.986,-35.973
24123.099,-36.013
24123.212,-35.967
24123.337,-35.967
24123.388,-35.993
24123.510,-35.967
24123.584,-35.993
24123.679,-36.0
24123.782,-35.987
24123.883,-35.827
24123.994,-36.013
24124.094,-36.02
24124.190,-35.867
24124.293,-35.847
24124.395,-35.833
24124.498,-36.053
24124.616,-35.947
24124.702,-36.033
24124.805,-35.993
24124.907,-35.887
24125.023,-35.927
24125.113,-36.06
24125.216,-35.953
24125.310,-36.013
24125.418,-35.933
24125.521,-35.84
24125.623,-36.007
24125.712,-35.96
24125.829,-35.973
24125.930,-35.92
24126.033,-35.92
24126.136,-35.98
24126.239,-35.867
24126.341,-35.893
24126.369,-35.88
24126.476,-35.873
24126.572,-36.04
24126.673,-35.993
24176.775,-35.86
24176.886,-35.993
24176.981,-36.0
24177.082,-36.007
24177.185,-35.9
24177.273,-36.027
24177.369,-35.927
24177.476,-35.947
24177.570,-35.88
24177.685,-35.98
24177.787,-35.993
24177.869,-35.98
24178.003,-35.9
24178.069,-35.9
24178.165,-35.94
24178.288,-36.0
24178.366,-35.973
24178.467,-36.0
24178.569,-35.8
24178.673,-36.02
24178.777,-36.027
24178.881,-36.06
24178.983,-36.0
24179.087,-35.867
24179.209,-35.947
24179.305,-35.92
24179.405,-35.993
24179.508,-36.06
24179.650,-35.9
24179.729,-35.973
24179.827,-36.02
24179.935,-35.98
24179.964,-35.927
24180.060,-36.02
24180.244,-35.98
24180.273,-35.987
24180.373,-36.033
24180.540,-35.967
24180.567,-36.007
24180.665,-35.913
24180.768,-36.1
24180.859,-35.94
24180.974,-36.113
24181.074,-36.053
24181.177,-35.967
24181.271,-35.967
24181.366,-36.033
24181.472,-36.027
24181.565,-36.033
24181.665,-35.987
24181.768,-35.9
24181.871,-35.947
24181.962,-35.94
24182.082,-35.967
24182.187,-35.88
24182.287,-35.86
24182.381,-35.893
24182.484,-35.933
24182.579,-35.967
24182.719,-35.893
24182.753,-35.813
24182.898,-35.96
24182.962,-35.94
24183.109,-35.9
24183.175,-35.933
24183.295,-35.793
24183.398,-36.007
24183.501,-35.953
24183.550,-35.947
24183.648,-35.933
24183.817,-35.813
24183.913,-35.98
24184.013,-36.027
24184.064,-36.173
24184.168,-36.02
24184.253,-35.98
24184.354,-35.953
24184.454,-35.953
24184.560,-35.9
24184.663,-36.0
24184.761,-36.033
24184.864,-35.987
24184.947,-36.047
24185.050,-35.953
24185.157,-36.027
24185.268,-35.993
24185.356,-35.9
24185.454,-36.087
24185.560,-35.893
24185.682,-35.973
24185.763,-36.007
24185.871,-35.847
24185.969,-35.933
24186.074,-36.027
24186.172,-36.0
24186.273,-36.02
24186.395,-35.827
24186.488,-35.96
24186.587,-35.967
24186.692,-36.087
24476.800,-35.913
24476.900,-35.88
24476.998,-35.987
24477.106,-36.0
24477.155,-35.987
24477.258,-35.98
24477.361,-35.853
24477.518,-35.913
24477.594,-35.92
24477.645,-35.947
24477.750,-35.913
24477.844,-35.94
24477.937,-36.053
24478.038,-35.993
24478.136,-35.96
24478.243,-35.953
24478.364,-35.973
24478.435,-35.98
24478.621,-36.093
24478.655,-35.993
24478.734,-35.913
24478.832,-35.927
24478.945,-35.913
24479.038,-35.833
24479.141,-35.98
24479.244,-35.9
24479.358,-35.887
24479.449,-36.02
24479.550,-35.913
24479.653,-36.007
24479.756,-36.06
24479.858,-36.08
24479.961,-36.053
24480.045,-35.933
24480.165,-35.927
24480.268,-35.933
24480.371,-36.047
24480.484,-35.927
24480.579,-35.9
24480.638,-36.02
24480.783,-35.933
24480.846,-35.893
24480.949,-35.913
24481.027,-35.8
24481.194,-35.947
24481.292,-36.053
24481.388,-36.04
24481.489,-35.947
24481.542,-35.967
24481.690,-35.947
24481.743,-36.093
24481.839,-36.013
24481.932,-35.987
24482.030,-36.033
24482.138,-35.947
24482.253,-35.987
24482.322,-36.007
24482.423,-36.047
24482.523,-36.02
24482.623,-35.933
24482.739,-36.007
24482.836,-35.973
24482.932,-36.027
24483.033,-35.987
24483.136,-35.96
24483.246,-35.933
24483.356,-35.9
24483.442,-36.047
24483.550,-36.007
24483.655,-35.973
24483.766,-35.947
24483.866,-35.967
24483.964,-35.913
24484.065,-35.853
24484.168,-36.0
24484.271,-35.88
24484.373,-35.907
24484.425,-36.02
24484.567,-35.927
24484.665,-35.973
24484.765,-35.973
24484.871,-35.94
24484.969,-35.9
24485.021,-35.933
24485.192,-35.927
24485.278,-35.893
24485.388,-35.927
24485.415,-35.96
24485.513,-36.067
24485.628,-36.007
24485.724,-35.973
24485.827,-36.013
24485.927,-35.98
24486.013,-36.033
24486.114,-36.04
24486.214,-36.047
24486.332,-35.993
24486.430,-35.907
24486.525,-35.953
24486.623,-36.007
24536.729,-35.953
24536.829,-35.893
24536.927,-35.973
24537.030,-35.973
24537.141,-35.973
24537.236,-36.06
24537.332,-35.993
24537.442,-35.873
24537.540,-35.987
24537.641,-35.933
24537.766,-35.927
24537.859,-35.967
24537.957,-35.947
24538.055,-35.98
24538.153,-36.06
24538.255,-35.94
24538.359,-35.9
24538.459,-36.007
24538.570,-36.02
24538.621,-36.047
24538.773,-35.927
24538.805,-36.1
24538.972,-35.913
24539.074,-35.873
24539.177,-35.9
24539.209,-35.993
24539.302,-36.02
24539.405,-35.973
24539.520,-36.173
24539.604,-36.073
24539.704,-36.107
24539.805,-35.98
24539.910,-35.94
24540.020,-35.9
24540.103,-35.953
24540.214,-35.92
24540.337,-35.887
24540.410,-35.933
24540.545,-35.92
24540.621,-35.98
24540.714,-36.08
24540.827,-35.96
24540.927,-35.98
24541.030,-35.887
24541.116,-35.92
24541.214,-35.98
24541.336,-36.047
24541.442,-36.0
24541.530,-35.833
24541.635,-35.92
24541.736,-35.94
24541.876,-35.947
24541.949,-35.947
24542.049,-35.853
24542.148,-35.92
24542.250,-35.9
24542.354,-36.06
24542.454,-35.933
24542.542,-35.853
24542.658,-35.92
24542.761,-36.073
24542.864,-35.98
24542.967,-35.94
24542.998,-35.973
24543.101,-35.993
24543.195,-35.96
24543.302,-36.113
24543.405,-36.033
24543.528,-35.9
24543.604,-36.04
24543.717,-36.133
24543.792,-35.973
24543.912,-35.92
24544.011,-35.947
24544.098,-35.907
24544.197,-35.987
24544.298,-35.893
24544.403,-35.94
24544.513,-35.927
24544.603,-35.933
24544.697,-35.927
24544.795,-35.953
24544.898,-35.987
24545.013,-36.04
24545.114,-35.987
24545.229,-36.093
24545.295,-36.033
24545.423,-35.873
24545.501,-36.013
24545.623,-35.827
24545.722,-35.96
24545.824,-35.9
24545.917,-35.927
24546.038,-35.88
24546.135,-36.0
24546.285,-35.947
24546.334,-36.053
24546.386,-35.993
24546.552,-36.033
24546.586,-35.867
24596.758,-36.02
24596.787,-35.947
24596.883,-35.927
24596.991,-36.013
24597.089,-36.033
24597.187,-35.927
24597.381,-35.94
24597.383,-35.873
24597.479,-36.013
24597.579,-35.973
24597.689,-35.953
24597.788,-35.96
24597.888,-35.98
24597.984,-36.093
24598.099,-36.073
24598.197,-35.933
24598.322,-35.967
24598.393,-35.987
24598.494,-35.88
24598.598,-36.027
24598.699,-35.84
24598.802,-36.033
24598.891,-36.007
24598.994,-35.973
24599.081,-35.893
24599.202,-35.987
24599.288,-35.92
24599.410,-35.96
24599.525,-36.007
24599.614,-36.04
24599.723,-35.84
24599.822,-35.92
24599.944,-35.933
24600.037,-35.92
24600.070,-35.987
24600.261,-35.867
24600.278,-36.007
24600.373,-35.967
24600.469,-36.0
24600.574,-36.093
24600.672,-35.993
24600.771,-36.007
24600.875,-35.947
24600.996,-36.04
24601.070,-35.967
24601.174,-36.047
24601.364,-35.927
24601.378,-35.953
24601.474,-36.053
24601.581,-36.087
24601.675,-36.1
24601.782,-35.987
24601.873,-35.913
24601.974,-35.987
24602.099,-35.987
24602.180,-35.853
24602.283,-35.867
24602.391,-35.787
24602.510,-35.973
24602.591,-35.987
24602.692,-35.887
24602.797,-36.033
24602.903,-35.98
24603.000,-35.893
24603.133,-36.027
24603.206,-36.04
24603.315,-35.973
24603.413,-36.047
24603.513,-35.887
24603.614,-35.993
24603.717,-36.007
24603.856,-35.92
24603.859,-35.993
24603.962,-36.033
24604.062,-35.86
24604.163,-35.92
24604.266,-35.993
24604.371,-35.893
24604.478,-35.907
24604.574,-35.933
24604.672,-35.993
24604.778,-35.96
24604.878,-36.027
24604.978,-35.993
24605.072,-35.967
24605.168,-36.04
24605.278,-35.967
24605.356,-35.98
24605.459,-36.053
24605.560,-35.907
24605.663,-36.033
24605.773,-36.04
24605.863,-35.893
24606.006,-35.967
24606.081,-35.987
24606.199,-35.993
24606.280,-35.953
24606.378,-35.807
24606.452,-35.94
24606.584,-35.98
24606.697,-35.793
24656.797,-35.973
24656.875,-36.067
24656.994,-36.06
24657.098,-36.067
24657.199,-35.86
24657.315,-36.0
24657.413,-35.993
24657.508,-36.08
24657.611,-35.947
24657.709,-35.913
24657.807,-36.0
24657.915,-35.96
24658.021,-35.947
24658.050,-35.9
24658.223,-35.94
24658.251,-36.053
24658.347,-35.94
24658.456,-35.933
24658.560,-36.02
24658.658,-36.02
24658.760,-35.847
24658.844,-35.933
24658.967,-35.907
24659.047,-35.907
24659.145,-35.92
24659.266,-35.993
24659.366,-35.993
24659.476,-36.0
24659.560,-35.987
24659.667,-36.007
24659.765,-35.867
24659.861,-35.973
24659.983,-35.813
24660.059,-36.027
24660.185,-36.047
24660.273,-35.967
24660.373,-36.0
24660.469,-36.06
24660.596,-36.113
24660.690,-36.047
24660.785,-35.973
24660.888,-35.92
24660.998,-35.887
24661.094,-35.94
24661.192,-35.88
24661.285,-35.9
24661.407,-35.907
24661.510,-36.1
24661.540,-36.007
24661.741,-36.007
24661.746,-35.887
24661.839,-35.967
24661.937,-35.933
24662.045,-35.9
24662.143,-35.893
24662.239,-35.973
24662.353,-36.02
24662.457,-36.033
24662.535,-35.88
24662.731,-35.98
24662.773,-35.967
24662.832,-36.033
24662.934,-35.92
24663.037,-35.873
24663.146,-35.96
24663.243,-35.96
24663.344,-35.893
24663.491,-35.973
24663.550,-36.02
24663.652,-35.9
24663.758,-35.993
24663.856,-35.953
24663.971,-35.927
24664.065,-35.88
24664.146,-35.893
24664.270,-35.893
24664.336,-36.02
24664.442,-36.1
24664.562,-35.913
24664.657,-35.893
24664.787,-35.92
24664.883,-35.907
24664.959,-36.02
24665.070,-36.033
24665.190,-35.927
24665.293,-35.953
24665.329,-35.927
24665.494,-35.967
24665.596,-36.0
24665.699,-36.027
24665.741,-36.0
24665.824,-35.953
24665.927,-35.927
24666.030,-35.927
24666.140,-35.907
24666.238,-35.887
24666.430,-35.993
24666.449,-35.973
24666.542,-35.9
24666.643,-35.96
24716.722,-35.913
24716.844,-36.0
24716.927,-35.913
24717.028,-35.993
24717.131,-36.08
24717.246,-35.967
24717.324,-35.933
24717.427,-36.027
24717.533,-35.98
24717.653,-35.973
24717.751,-36.007
24717.944,-35.967
24717.951,-35.987
24718.052,-35.993
24718.165,-36.053
24718.268,-35.98
24718.373,-35.887
24718.472,-35.96
24718.574,-35.873
24718.680,-35.927
24718.778,-36.013
24718.878,-35.9
24719.003,-35.973
24719.021,-35.927
24719.114,-35.86
24719.283,-35.947
24719.385,-36.02
24719.488,-35.973
24719.516,-35.947
24719.613,-36.067
24719.782,-36.033
24719.812,-35.94
24719.920,-35.96
24720.023,-36.033
24720.130,-36.047
24720.212,-35.96
24720.317,-35.98
24720.435,-35.867
24720.518,-36.007
24720.618,-36.06
24720.719,-35.993
24720.841,-35.953
24720.920,-35.887
24721.013,-36.0
24721.126,-35.953
24721.236,-35.887
24721.331,-35.973
24721.452,-36.013
24721.525,-35.913
24721.646,-36.067
24721.744,-36.007
24721.854,-35.98
24721.954,-35.88
24722.055,-36.04
24722.155,-36.033
24722.253,-35.98
24722.354,-36.067
24722.457,-35.933
24722.559,-36.0
24722.704,-35.953
24722.706,-35.927
24722.866,-36.087
24722.969,-35.993
24723.045,-35.953
24723.111,-35.987
24723.209,-36.047
24723.307,-35.933
24723.413,-35.973
24723.508,-35.973
24723.609,-35.913
24723.709,-35.913
24723.815,-35.98
24723.920,-35.9
24724.021,-35.92
24724.119,-35.967
24724.324,-35.88
24724.327,-36.08
24724.402,-36.02
24724.518,-35.9
24724.618,-35.94
24724.719,-35.94
24724.817,-35.96
24724.927,-35.973
24725.030,-36.107
24725.150,-35.947
24725.251,-35.9
24725.324,-36.027
24725.434,-35.82
24725.513,-36.0
24725.631,-35.973
24725.734,-35.953
24725.815,-36.0
24725.898,-35.96
24726.003,-35.98
24726.106,-36.0
24726.209,-35.933
24726.310,-36.013
24726.413,-35.967
24726.552,-35.96
24726.594,-35.893
24776.766,-35.913
24776.795,-35.84
24776.952,-35.867
24777.057,-35.987
24777.158,-35.973
24777.258,-36.007
24777.312,-35.893
24777.408,-35.96
24777.503,-35.947
24777.604,-36.013
24777.707,-35.94
24777.824,-35.933
24777.913,-35.867
24778.010,-35.947
24778.089,-35.98
24778.192,-35.947
24778.305,-35.98
24778.398,-35.84
24778.500,-35.873
24778.603,-35.973
24778.695,-36.0
24778.829,-35.887
24778.927,-35.847
24779.020,-36.007
24779.121,-35.987
24779.216,-35.967
24779.337,-36.067
24779.420,-35.887
24779.521,-36.04
24779.625,-36.047
24779.739,-35.907
24779.834,-35.973
24779.932,-35.92
24779.998,-35.933
24780.104,-36.047
24780.207,-36.047
24780.331,-36.013
24780.452,-35.987
24780.483,-35.967
24780.648,-35.973
24780.765,-36.093
24780.849,-35.973
24780.881,-35.88
24780.979,-35.893
24781.101,-35.993
24781.266,-35.987
24781.305,-35.927
24781.400,-35.993
24781.498,-35.887
24781.695,-35.98
24781.697,-36.007
24781.792,-36.0
24781.886,-35.94
24781.981,-36.033
24782.092,-35.98
24782.187,-35.993
24782.299,-36.073
24782.393,-35.873
24782.494,-35.94
24782.601,-36.047
24782.692,-36.14
24782.799,-36.06
24782.902,-35.953
24783.011,-35.96
24783.108,-35.96
24783.207,-35.953
24783.310,-36.013
24783.415,-36.08
24783.516,-35.933
24783.618,-35.993
24783.702,-36.047
24783.822,-36.047
24783.925,-35.907
24784.028,-35.98
24784.141,-35.88
24784.173,-35.78
24784.339,-36.013
24784.391,-36.02
24784.540,-35.927
24784.597,-36.007
24784.672,-35.987
24784.775,-35.92
24784.878,-36.047
24784.976,-36.013
24785.084,-35.993
24785.173,-36.0
24785.293,-35.893
24785.373,-36.0
24785.479,-35.973
24785.587,-36.007
24785.685,-36.107
24785.809,-36.007
24785.873,-36.04
24785.978,-35.94
24786.076,-35.887
24786.173,-35.947
24786.275,-35.86
24786.388,-35.887
24786.486,-35.96
24786.587,-36.053
24786.689,-35.94
25076.787,-35.96
25076.896,-35.993
25077.011,-35.947
25077.101,-35.873
25077.204,-36.013
25077.304,-35.92
25077.423,-35.9
25077.521,-35.913
25077.616,-35.907
25077.714,-35.86
25077.817,-36.027
25077.920,-35.947
25078.023,-35.987
25078.114,-36.047
25078.226,-36.02
25078.337,-35.98
25078.366,-35.933
25078.535,-35.827
25078.562,-36.033
25078.670,-36.033
25078.773,-36.027
25078.875,-36.02
25078.976,-35.987
25079.072,-36.08
25079.158,-36.007
25079.258,-36.033
25079.364,-35.947
25079.466,-35.973
25079.584,-35.893
25079.662,-35.927
25079.756,-36.073
25079.854,-36.08
25079.974,-35.873
25080.069,-35.887
25080.165,-35.987
25080.266,-36.04
25080.359,-36.073
25080.481,-35.947
25080.591,-35.953
25080.690,-36.0
25080.798,-35.92
25080.893,-36.0
25080.991,-35.96
25081.098,-36.0
25081.197,-36.053
25081.297,-35.967
25081.420,-36.02
25081.506,-35.993
25081.604,-36.067
25081.707,-35.94
25081.788,-36.013
25081.853,-36.02
25081.949,-35.92
25082.116,-36.033
25082.157,-35.987
25082.246,-36.007
25082.348,-36.073
25082.451,-36.027
25082.570,-35.993
25082.653,-35.893
25082.756,-36.02
25082.866,-35.92
25082.964,-35.973
25083.064,-35.987
25083.165,-35.933
25083.258,-36.033
25083.348,-35.987
25083.449,-36.067
25083.554,-35.9
25083.670,-36.107
25083.756,-35.96
25083.859,-35.893
25083.961,-36.04
25084.062,-35.953
25084.165,-35.933
25084.268,-35.96
25084.369,-36.047
25084.457,-36.047
25084.542,-35.947
25084.643,-36.013
25084.746,-35.94
25084.883,-35.813
25084.949,-35.94
25085.050,-35.88
25085.157,-35.873
25085.261,-36.047
25085.366,-35.987
25085.506,-35.92
25085.609,-35.947
25085.706,-35.967
25085.832,-35.887
25085.849,-35.973
25085.945,-35.98
25086.043,-36.08
25086.138,-35.853
25086.236,-35.987
25086.339,-35.94
25086.445,-36.02
25086.565,-36.04
25086.650,-35.993
25136.827,-36.013
25136.856,-36.02
25136.932,-36.06
25137.042,-35.987
25137.141,-35.947
25137.239,-35.927
25137.346,-35.947
25137.442,-36.047
25137.545,-36.04
25137.670,-36.053
25137.760,-35.907
25137.859,-35.853
25137.964,-35.933
25138.035,-35.9
25138.170,-36.013
25138.266,-35.86
25138.363,-36.033
25138.473,-35.927
25138.569,-36.033
25138.672,-35.933
25138.731,-35.84
25138.876,-35.98
25138.979,-35.973
25139.042,-36.007
25139.190,-36.02
25139.290,-35.873
25139.388,-35.98
25139.508,-35.953
25139.576,-35.907
25139.695,-36.073
25139.790,-35.967
25139.918,-35.953
25139.945,-35.973
25140.038,-35.973
25140.133,-36.04
25140.241,-35.987
25140.353,-35.933
25140.435,-35.98
25140.540,-36.007
25140.626,-35.987
25140.744,-36.027
25140.824,-35.933
25140.925,-35.967
25141.043,-35.953
25141.140,-35.8
25141.239,-35.92
25141.344,-35.967
25141.435,-35.967
25141.538,-35.933
25141.641,-35.953
25141.756,-35.967
25141.851,-35.947
25141.956,-35.94
25142.079,-35.92
25142.153,-36.027
25142.265,-36.0
25142.320,-36.08
25142.445,-35.927
25142.528,-35.953
25142.628,-36.007
25142.753,-36.047
25142.834,-36.0
25142.962,-35.873
25143.042,-35.947
25143.116,-35.993
25143.248,-35.86
25143.381,-35.973
25143.478,-35.92
25143.516,-35.987
25143.616,-36.007
25143.783,-36.093
25143.836,-35.953
25143.915,-35.993
25144.030,-35.913
25144.131,-35.913
25144.234,-35.907
25144.329,-35.94
25144.429,-35.88
25144.530,-35.88
25144.650,-35.88
25144.714,-35.867
25144.815,-36.007
25144.918,-35.88
25145.028,-36.033
25145.136,-35.973
25145.234,-36.047
25145.327,-35.973
25145.430,-36.06
25145.532,-35.893
25145.633,-35.987
25145.753,-35.933
25145.839,-35.98
25145.940,-35.947
25146.043,-35.98
25146.165,-35.947
25146.248,-36.073
25146.312,-36.047
25146.418,-35.887
25146.557,-35.987
25146.677,-35.887
25196.751,-35.96
25196.864,-35.92
25196.967,-36.093
25197.067,-35.973
25197.163,-35.933
25197.266,-35.907
25197.366,-36.0
25197.417,-35.86
25197.518,-36.013
25197.616,-35.913
25197.712,-35.933
25197.807,-35.987
25197.910,-35.933
25198.003,-35.987
25198.123,-35.88
25198.222,-35.913
25198.326,-35.92
25198.417,-35.967
25198.513,-36.027
25198.611,-36.007
25198.706,-35.913
25198.817,-35.913
25198.920,-36.033
25199.013,-36.0
25199.125,-36.0
25199.226,-35.973
25199.324,-36.047
25199.432,-35.993
25199.533,-36.0
25199.636,-35.98
25199.739,-35.98
25199.839,-36.013
25199.937,-35.993
25200.040,-36.12
25200.165,-35.953
25200.253,-36.053
25200.349,-36.067
25200.447,-35.993
25200.549,-35.987
25200.601,-36.027
25200.753,-35.807
25200.814,-35.953
25200.898,-35.967
25201.023,-35.953
25201.099,-35.98
25201.199,-36.007
25201.334,-35.9
25201.408,-36.06
25201.494,-36.02
25201.606,-36.033
25201.699,-35.933
25201.797,-35.88
25201.907,-35.947
25202.001,-35.893
25202.098,-35.933
25202.192,-35.953
25202.290,-35.987
25202.393,-35.98
25202.494,-36.073
25202.598,-36.027
25202.695,-35.967
25202.805,-36.027
25202.905,-35.873
25203.008,-35.98
25203.103,-36.02
25203.214,-35.993
25203.314,-35.967
25203.418,-35.86
25203.543,-36.073
25203.616,-36.02
25203.728,-35.993
25203.839,-36.053
25203.929,-35.893
25204.030,-35.927
25204.133,-35.967
25204.273,-35.947
25204.349,-35.953
25204.449,-35.873
25204.547,-36.007
25204.645,-35.993
25204.771,-36.02
25204.851,-36.027
25204.940,-35.927
25204.981,-36.047
25205.163,-35.967
25205.192,-36.02
25205.363,-36.053
25205.390,-35.887
25205.488,-35.947
25205.584,-36.12
25205.702,-36.027
25205.782,-36.0
25205.878,-36.007
25205.984,-35.927
25206.089,-35.92
25206.182,-35.973
25206.293,-36.0
25206.410,-36.073
25206.498,-35.947
25206.599,-35.947
25206.695,-36.087
25256.777,-36.04
25256.893,-35.98
25257.021,-35.927
25257.104,-35.967
25257.216,-35.96
25257.310,-35.913
25257.412,-36.06
25257.513,-35.92
25257.626,-35.933
25257.724,-36.0
25257.820,-35.933
25257.925,-35.96
25258.025,-35.8
25258.126,-35.827
25258.223,-35.913
25258.273,-35.927
25258.442,-35.9
25258.538,-35.88
25258.662,-35.92
25258.741,-35.973
25258.868,-36.033
25258.869,-36.013
25258.984,-36.033
25259.077,-36.093
25259.175,-35.967
25259.278,-36.033
25259.380,-36.007
25259.491,-35.927
25259.589,-35.967
25259.685,-36.04
25259.788,-36.0
25259.880,-35.973
25259.986,-35.92
25260.087,-35.893
25260.184,-35.933
25260.280,-35.933
25260.380,-35.98
25260.498,-36.027
25260.567,-35.933
25260.687,-35.92
25260.793,-36.013
25260.900,-35.987
25260.994,-36.02
25261.091,-36.033
25261.199,-35.993
25261.302,-36.087
25261.398,-35.953
25261.508,-36.087
25261.599,-36.02
25261.719,-35.867
25261.817,-35.953
25261.924,-35.953
25262.018,-35.947
25262.119,-35.947
25262.217,-35.98
25262.334,-35.907
25262.364,-36.04
25262.462,-36.06
25262.562,-35.973
25262.734,-36.073
25262.765,-36.093
25262.869,-35.913
25262.972,-35.92
25263.072,-36.133
25263.175,-36.1
25263.275,-35.98
25263.358,-35.987
25263.462,-36.007
25263.565,-35.94
25263.665,-36.013
25263.761,-35.967
25263.863,-35.9
25263.964,-36.013
25264.091,-35.973
25264.173,-36.013
25264.271,-35.993
25264.383,-35.92
25264.496,-35.973
25264.567,-36.007
25264.672,-35.94
25264.773,-36.08
25264.864,-35.947
25264.957,-35.907
25265.081,-35.92
25265.170,-36.107
25265.300,-36.08
25265.396,-36.047
25265.493,-35.98
25265.621,-35.92
25265.697,-35.953
25265.814,-35.86
25265.910,-35.96
25266.011,-35.907
25266.109,-35.993
25266.217,-36.033
25266.334,-35.94
25266.351,-36.02
25266.449,-35.96
25266.548,-36.007
25266.650,-36.0
25316.768,-35.927
25316.854,-36.007
25316.957,-35.94
25317.069,-35.987
25317.165,-36.007
25317.268,-36.033
25317.349,-35.927
25317.445,-36.0
25317.549,-35.94
25317.650,-36.087
25317.753,-35.947
25317.854,-36.0
25317.959,-35.993
25318.060,-35.887
25318.170,-36.027
25318.263,-35.96
25318.366,-36.047
25318.469,-35.933
25318.584,-35.98
25318.658,-36.087
25318.763,-35.98
25318.842,-36.007
25318.944,-36.027
25319.054,-35.86
25319.177,-35.94
25319.273,-35.96
25319.400,-35.96
25319.472,-36.013
25319.596,-35.927
25319.643,-36.013
25319.810,-36.047
25319.927,-36.153
25320.011,-35.907
25320.109,-36.06
25320.138,-35.933
25320.243,-35.907
25320.344,-36.087
25320.447,-35.987
25320.543,-36.047
25320.643,-36.053
25320.744,-35.893
25320.856,-35.96
25320.935,-36.027
25321.055,-35.98
25321.158,-36.027
25321.243,-35.953
25321.339,-36.06
25321.440,-36.127
25321.550,-36.027
25321.648,-35.96
25321.746,-35.907
25321.849,-35.933
25321.957,-35.98
25322.054,-35.947
25322.150,-35.827
25322.258,-36.067
25322.363,-35.98
25322.464,-35.967
25322.533,-35.94
25322.635,-35.92
25322.739,-35.947
25322.863,-36.02
25322.994,-35.987
25323.050,-36.073
25323.155,-35.933
25323.275,-35.973
25323.385,-35.973
25323.479,-35.967
25323.579,-36.133
25323.631,-36.053
25323.788,-35.953
25323.896,-36.027
25324.023,-35.927
25324.027,-36.04
25324.143,-36.047
25324.239,-36.007
25324.336,-35.927
25324.442,-36.007
25324.538,-36.107
25324.640,-36.04
25324.739,-35.953
25324.831,-35.887
25324.927,-36.04
25325.023,-35.933
25325.155,-36.007
25325.229,-35.98
25325.331,-35.927
25325.427,-36.027
25325.545,-35.913
25325.638,-35.993
25325.739,-36.007
25325.842,-36.007
25325.952,-36.053
25326.049,-36.067
25326.143,-36.067
25326.256,-36.0
25326.375,-35.807
25326.459,-35.887
25326.567,-35.973
25326.668,-35.947
25376.726,-35.98
25376.831,-35.827
25376.932,-35.867
25377.037,-35.913
25377.140,-36.0
25377.283,-35.967
25377.378,-35.987
25377.481,-35.84
25377.577,-35.927
25377.726,-35.94
25377.788,-35.973
25377.817,-35.967
25377.915,-35.84
25378.035,-35.9
25378.118,-35.947
25378.221,-35.967
25378.319,-35.953
25378.425,-35.9
25378.530,-35.927
25378.625,-36.033
25378.734,-36.007
25378.829,-36.013
25378.922,-35.92
25379.020,-35.893
25379.143,-36.06
25379.241,-35.96
25379.324,-36.02
25379.427,-35.927
25379.528,-35.827
25379.638,-35.947
25379.736,-35.893
25379.836,-35.933
25379.930,-35.927
25380.040,-36.033
25380.165,-35.96
25380.246,-35.953
25380.358,-35.907
25380.452,-36.067
25380.554,-35.927
25380.665,-35.967
25380.707,-35.927
25380.815,-35.933
25380.925,-36.12
25381.077,-35.973
25381.108,-35.993
25381.206,-36.013
25381.305,-36.08
25381.447,-36.007
25381.569,-35.86
25381.619,-35.96
25381.768,-36.067
25381.815,-35.88
25381.907,-35.887
25382.005,-36.013
25382.180,-36.0
25382.211,-36.053
25382.304,-35.96
25382.422,-35.953
25382.506,-36.013
25382.616,-36.027
25382.714,-36.0
25382.810,-36.0
25382.915,-35.96
25383.013,-35.927
25383.114,-35.973
25383.216,-35.96
25383.327,-35.92
25383.429,-36.02
25383.530,-35.893
25383.648,-35.913
25383.736,-36.013
25383.839,-36.04
25383.940,-36.0
25384.043,-36.04
25384.146,-35.86
25384.241,-36.033
25384.342,-35.98
25384.452,-36.107
25384.552,-35.993
25384.650,-35.947
25384.753,-35.847
25384.805,-35.907
25384.956,-35.933
25385.013,-35.973
25385.101,-35.913
25385.195,-35.88
25385.295,-35.9
25385.467,-36.04
25385.498,-36.06
25385.594,-35.98
25385.712,-35.96
25385.812,-35.9
25385.915,-35.947
25386.010,-35.967
25386.111,-35.94
25386.202,-35.92
25386.300,-35.913
25386.395,-35.953
25386.494,-35.96
25386.594,-35.887
25386.702,-35.953
25676.800,-35.867
25676.913,-36.0
25677.005,-35.967
25677.106,-35.96
25677.209,-35.927
25677.326,-35.98
25677.422,-36.033
25677.518,-36.02
25677.618,-36.04
25677.721,-36.007
25677.822,-35.867
25677.949,-35.98
25678.038,-35.933
25678.140,-35.907
25678.236,-35.933
25678.336,-35.807
25678.439,-35.853
25678.540,-35.987
25678.643,-35.967
25678.751,-35.933
25678.842,-35.92
25678.949,-35.96
25679.052,-35.993
25679.163,-35.967
25679.190,-35.947
25679.287,-36.013
25679.383,-35.96
25679.486,-36.007
25679.598,-35.98
25679.697,-35.927
25679.795,-35.967
25679.900,-35.853
25679.996,-36.153
25680.094,-35.98
25680.190,-35.887
25680.293,-35.987
25680.391,-35.887
25680.489,-36.007
25680.597,-35.98
25680.699,-35.993
25680.802,-35.993
25680.898,-35.853
25681.006,-35.987
25681.104,-36.007
25681.204,-36.02
25681.324,-35.973
25681.408,-35.973
25681.513,-35.973
25681.611,-35.9
25681.690,-35.833
25681.824,-35.927
25681.923,-35.933
25682.057,-35.873
25682.126,-35.92
25682.244,-35.973
25682.329,-35.96
25682.425,-35.92
25682.538,-35.98
25682.636,-36.067
25682.738,-36.02
25682.842,-36.0
25682.942,-35.973
25682.969,-35.96
25683.070,-36.02
25683.185,-36.0
25683.277,-35.933
25683.376,-36.073
25683.479,-35.993
25683.574,-35.947
25683.668,-36.047
25683.788,-36.027
25683.898,-35.86
25683.976,-35.84
25684.072,-36.0
25684.172,-36.067
25684.287,-36.033
25684.368,-35.933
25684.467,-35.927
25684.587,-35.993
25684.674,-35.973
25684.795,-35.9
25684.885,-35.993
25685.000,-35.913
25685.084,-35.967
25685.185,-35.973
25685.280,-36.047
25685.385,-36.007
25685.506,-36.007
25685.601,-35.927
25685.699,-35.9
25685.804,-36.007
25685.912,-35.94
25686.015,-35.927
25686.101,-36.007
25686.239,-36.067
25686.266,-36.04
25686.420,-35.92
25686.469,-35.927
25686.630,-35.933
25736.733,-35.907
25736.758,-36.02
25736.861,-35.98
25736.969,-36.067
25737.072,-35.967
25737.168,-35.927
25737.275,-35.987
25737.378,-36.013
25737.481,-36.02
25737.572,-36.067
25737.660,-35.88
25737.765,-35.993
25737.868,-35.96
25737.962,-35.98
25738.062,-35.853
25738.160,-35.94
25738.277,-36.0
25738.376,-35.98
25738.474,-36.0
25738.576,-36.0
25738.697,-35.887
25738.780,-35.907
25738.876,-35.98
25738.996,-35.92
25739.087,-36.04
25739.153,-35.913
25739.255,-36.027
25739.359,-35.993
25739.464,-36.0
25739.565,-35.907
25739.711,-35.967
25739.820,-35.947
25739.891,-35.913
25740.011,-35.947
25740.111,-36.087
25740.212,-35.893
25740.310,-35.92
25740.418,-36.007
25740.511,-35.967
25740.560,-36.027
25740.658,-35.88
25740.755,-35.987
25740.853,-36.007
25740.954,-36.04
25741.057,-35.947
25741.160,-36.027
25741.248,-35.987
25741.363,-35.907
25741.464,-35.927
25741.570,-35.94
25741.660,-35.96
25741.756,-35.927
25741.854,-35.913
25741.954,-35.973
25742.055,-35.88
25742.153,-35.887
25742.261,-36.02
25742.349,-36.013
25742.467,-35.967
25742.570,-35.933
25742.677,-35.913
25742.787,-35.853
25742.863,-35.96
25742.961,-35.98
25743.084,-35.967
25743.163,-36.0
25743.244,-35.9
25743.354,-35.973
25743.496,-36.013
25743.565,-35.973
25743.685,-35.967
25743.768,-35.947
25743.844,-35.987
25744.003,-35.98
25744.097,-35.893
25744.231,-35.92
25744.310,-35.893
25744.337,-35.813
25744.445,-35.96
25744.554,-36.007
25744.658,-35.933
25744.753,-35.973
25744.854,-36.0
25744.949,-36.027
25745.050,-35.933
25745.152,-36.0
25745.255,-36.013
25745.356,-35.953
25745.439,-35.9
25745.548,-35.98
25745.658,-35.927
25745.744,-35.96
25745.846,-35.967
25745.947,-35.927
25746.049,-36.0
25746.146,-35.927
25746.261,-35.92
25746.356,-35.953
25746.461,-36.08
25746.562,-35.98
25746.665,-35.907
25796.758,-35.973
25796.873,-35.92
25796.976,-35.92
25797.076,-35.873
25797.177,-35.993
25797.278,-35.953
25797.383,-35.947
25797.494,-35.873
25797.589,-35.8
25797.690,-35.96
25797.790,-35.92
25797.905,-36.0
25797.934,-35.86
25798.030,-35.873
25798.126,-36.013
25798.229,-35.92
25798.339,-35.933
25798.440,-35.993
25798.535,-36.033
25798.643,-36.027
25798.743,-35.907
25798.826,-35.98
25798.984,-35.973
25799.037,-35.833
25799.133,-35.927
25799.224,-35.953
25799.332,-35.907
25799.430,-35.9
25799.535,-35.88
25799.635,-35.873
25799.744,-35.947
25799.841,-36.02
25799.940,-36.053
25800.065,-35.947
25800.153,-35.993
25800.250,-36.0
25800.354,-35.947
25800.434,-36.02
25800.555,-35.893
25800.658,-35.853
25800.761,-35.96
25800.873,-35.973
25800.976,-35.887
25801.076,-35.9
25801.180,-35.887
25801.283,-35.92
25801.378,-35.973
25801.486,-35.993
25801.581,-35.973
25801.690,-35.873
25801.719,-35.96
25801.815,-36.007
25801.929,-35.973
25802.092,-35.92
25802.189,-35.867
25802.231,-35.96
25802.315,-36.0
25802.418,-36.06
25802.535,-36.0
25802.614,-35.96
25802.731,-35.867
25802.829,-36.0
25802.925,-35.96
25803.030,-36.02
25803.130,-35.993
25803.229,-35.893
25803.332,-35.987
25803.447,-35.947
25803.525,-35.993
25803.619,-35.96
25803.741,-35.947
25803.832,-35.993
25803.927,-35.953
25804.028,-35.96
25804.128,-35.96
25804.250,-35.953
25804.368,-35.873
25804.440,-36.06
25804.550,-35.927
25804.648,-35.92
25804.756,-36.02
25804.844,-35.833
25804.959,-35.94
25805.062,-35.933
25805.163,-35.967
25805.266,-35.967
25805.368,-35.94
25805.471,-35.907
25805.579,-35.953
25805.618,-35.973
25805.712,-35.86
25805.810,-35.927
25805.905,-35.987
25806.015,-36.02
25806.113,-36.027
25806.216,-35.993
25806.314,-36.073
25806.424,-35.88
25806.520,-35.953
25806.621,-36.0
25856.724,-36.047
25856.802,-35.973
25856.907,-35.873
25857.015,-35.973
25857.119,-35.847
25857.199,-35.96
25857.305,-35.847
25857.415,-35.873
25857.513,-36.0
25857.613,-35.987
25857.734,-35.953
25857.800,-35.907
25857.930,-35.933
25858.025,-35.88
25858.153,-35.887
25858.221,-35.967
25858.348,-35.96
25858.445,-36.033
25858.537,-35.92
25858.646,-35.92
25858.743,-36.0
25858.861,-35.94
25858.959,-35.907
25859.057,-35.847
25859.158,-35.927
25859.260,-35.98
25859.361,-35.927
25859.395,-35.96
25859.567,-36.013
25859.668,-36.04
25859.695,-35.967
25859.797,-35.967
25859.898,-35.9
25860.013,-35.96
25860.109,-36.007
25860.207,-35.927
25860.310,-35.887
25860.424,-35.993
25860.513,-35.82
25860.592,-35.96
25860.694,-36.02
25860.820,-36.107
25860.898,-35.947
25861.001,-35.947
25861.091,-36.073
25861.204,-36.013
25861.317,-35.907
25861.415,-35.96
25861.535,-35.98
25861.616,-35.847
25861.717,-35.973
25861.827,-35.847
25861.922,-35.933
25862.033,-35.88
25862.091,-35.953
25862.238,-36.113
25862.300,-36.033
25862.400,-35.913
25862.500,-36.0
25862.603,-35.927
25862.706,-35.987
25862.810,-35.993
25862.886,-35.9
25863.040,-35.947
25863.089,-35.94
25863.243,-36.0
25863.297,-35.987
25863.385,-35.873
25863.481,-35.9
25863.601,-35.953
25863.690,-35.993
25863.790,-36.04
25863.886,-35.993
25864.001,-35.953
25864.099,-36.04
25864.199,-36.013
25864.280,-36.053
25864.398,-36.02
25864.491,-35.887
25864.594,-35.913
25864.690,-35.94
25864.798,-35.913
25864.900,-35.913
25865.005,-35.9
25865.101,-35.993
25865.206,-36.0
25865.312,-36.013
25865.413,-36.047
25865.508,-35.787
25865.609,-35.953
25865.711,-36.027
25865.814,-35.913
25865.915,-35.913
25866.018,-35.9
25866.121,-35.92
25866.236,-35.987
25866.327,-35.947
25866.427,-35.88
25866.530,-35.973
25866.648,-35.893
25866.677,-36.027
25916.837,-36.073
25916.940,-35.933
25916.973,-36.0
25917.079,-35.96
25917.177,-35.967
25917.273,-35.947
25917.386,-35.94
25917.486,-35.873
25917.582,-35.967
25917.680,-35.98
25917.770,-35.987
25917.871,-35.88
25917.989,-35.953
25918.076,-35.987
25918.168,-35.867
25918.288,-35.947
25918.381,-35.98
25918.486,-36.007
25918.584,-35.933
25918.680,-35.907
25918.777,-35.927
25918.883,-35.92
25919.011,-36.107
25919.091,-35.973
25919.175,-35.94
25919.295,-35.9
25919.396,-35.92
25919.501,-36.0
25919.614,-35.96
25919.709,-35.84
25919.807,-35.913
25919.913,-35.953
25920.023,-35.973
25920.119,-35.993
25920.217,-35.847
25920.324,-35.887
25920.422,-35.973
25920.523,-35.927
25920.648,-35.967
25920.665,-35.907
25920.761,-35.967
25920.934,-35.967
25920.959,-36.047
25921.060,-35.973
25921.163,-35.8
25921.263,-35.893
25921.383,-36.047
25921.473,-35.967
25921.574,-35.96
25921.660,-35.993
25921.773,-35.887
25921.856,-36.04
25921.966,-36.067
25922.069,-36.093
25922.170,-36.0
25922.268,-35.887
25922.376,-35.933
25922.484,-35.993
25922.572,-36.02
25922.675,-35.933
25922.778,-35.82
25922.896,-35.973
25922.994,-36.06
25923.084,-35.98
25923.187,-35.973
25923.275,-35.873
25923.359,-35.96
25923.464,-35.92
25923.586,-36.033
25923.697,-36.08
25923.802,-35.88
25923.898,-35.987
25924.000,-35.887
25924.128,-35.98
25924.211,-36.027
25924.322,-35.993
25924.415,-35.913
25924.518,-36.033
25924.619,-35.92
25924.734,-35.9
25924.761,-35.787
25924.858,-35.94
25924.957,-36.08
25925.057,-36.007
25925.155,-36.047
25925.261,-36.007
25925.359,-36.02
25925.447,-35.847
25925.569,-35.953
25925.657,-35.993
25925.753,-36.013
25925.861,-35.94
25925.957,-35.907
25926.054,-35.987
25926.160,-35.987
25926.283,-35.907
25926.361,-35.94
25926.464,-36.0
25926.572,-36.033
25926.668,-35.967
25976.770,-35.947
25976.895,-35.96
25976.984,-35.887
25977.082,-35.847
25977.189,-35.973
25977.283,-35.893
25977.385,-35.867
25977.508,-35.893
25977.545,-35.987
25977.697,-35.993
25977.795,-36.02
25977.898,-35.9
25977.956,-36.06
25978.059,-35.94
25978.160,-35.913
25978.266,-35.947
25978.408,-35.82
25978.481,-35.96
25978.543,-35.94
25978.646,-35.887
25978.756,-35.96
25978.851,-35.907
25978.954,-35.96
25979.055,-35.887
25979.165,-35.947
25979.241,-36.047
25979.339,-36.067
25979.435,-35.953
25979.538,-35.967
25979.638,-35.98
25979.741,-35.927
25979.834,-35.967
25979.945,-35.793
25980.049,-35.96
25980.150,-35.96
25980.251,-35.927
25980.354,-36.013
25980.449,-35.807
25980.570,-35.913
25980.662,-35.927
25980.768,-36.04
25980.866,-36.033
25980.981,-35.873
25981.079,-35.907
25981.175,-35.9
25981.277,-35.847
25981.378,-36.033
25981.489,-35.84
25981.586,-35.907
25981.673,-35.933
25981.783,-36.013
25981.890,-36.013
25981.993,-35.8
25982.057,-35.853
25982.133,-35.867
25982.229,-35.927
25982.331,-35.933
25982.430,-35.853
25982.543,-35.92
25982.631,-36.06
25982.748,-36.12
25982.844,-35.913
25982.930,-36.04
25983.027,-35.98
25983.143,-35.94
25983.226,-35.96
25983.324,-35.993
25983.445,-36.033
25983.532,-35.873
25983.640,-35.993
25983.738,-35.9
25983.836,-36.02
25983.945,-36.0
25984.040,-35.887
25984.143,-35.84
25984.246,-35.933
25984.358,-35.98
25984.454,-36.033
25984.554,-35.887
25984.657,-36.06
25984.758,-35.947
25984.861,-35.907
25984.981,-35.987
25985.074,-35.827
25985.175,-35.86
25985.273,-35.88
25985.347,-36.013
25985.506,-35.98
25985.579,-35.887
25985.689,-35.933
25985.719,-35.993
25985.817,-35.973
25985.917,-36.0
25986.020,-35.913
25986.128,-35.92
25986.228,-35.987
25986.319,-36.06
25986.498,-36.0
25986.528,-36.013
25986.626,-35.967
26276.729,-36.027
26276.817,-36.033
26276.935,-35.967
26277.035,-35.953
26277.130,-35.907
26277.224,-36.013
26277.324,-35.953
26277.420,-35.92
26277.513,-35.873
26277.625,-36.027
26277.721,-36.033
26277.829,-35.867
26277.930,-36.04
26278.038,-35.927
26278.138,-35.853
26278.234,-35.86
26278.334,-35.927
26278.444,-35.913
26278.545,-35.953
26278.655,-35.967
26278.761,-35.833
26278.856,-36.067
26278.957,-35.96
26279.067,-35.907
26279.165,-36.007
26279.263,-35.893
26279.366,-35.96
26279.408,-35.913
26279.572,-36.04
26279.606,-36.013
26279.756,-36.06
26279.804,-35.987
26279.981,-35.907
26280.082,-35.9
26280.125,-36.0
26280.219,-35.907
26280.317,-36.0
26280.415,-35.927
26280.516,-35.967
26280.618,-35.96
26280.707,-35.9
26280.804,-35.893
26280.912,-35.9
26281.008,-35.98
26281.106,-35.94
26281.228,-36.073
26281.317,-36.1
26281.413,-35.973
26281.538,-35.973
26281.638,-36.027
26281.712,-36.02
26281.815,-36.013
26281.898,-35.867
26282.032,-35.953
26282.104,-35.993
26282.204,-36.0
26282.329,-35.993
26282.471,-35.98
26282.549,-35.967
26282.645,-35.913
26282.753,-36.133
26282.849,-35.98
26282.981,-35.893
26283.065,-36.02
26283.155,-35.86
26283.256,-36.02
26283.361,-35.987
26283.478,-35.967
26283.505,-35.867
26283.601,-35.88
26283.697,-35.98
26283.800,-35.973
26283.898,-35.96
26283.998,-35.88
26284.101,-35.993
26284.202,-35.973
26284.305,-36.04
26284.408,-36.053
26284.508,-35.993
26284.589,-36.033
26284.690,-36.067
26284.793,-36.04
26284.903,-36.0
26285.003,-36.047
26285.104,-36.013
26285.204,-35.92
26285.315,-35.98
26285.398,-36.033
26285.498,-36.047
26285.606,-36.007
26285.704,-35.94
26285.788,-35.88
26285.920,-36.007
26286.003,-35.913
26286.116,-36.093
26286.217,-36.02
26286.307,-36.013
26286.413,-35.973
26286.543,-35.98
26286.638,-36.033
26336.741,-35.993
26336.849,-36.053
26336.947,-35.853
26337.045,-35.993
26337.152,-35.92
26337.260,-35.907
26337.288,-35.973
26337.383,-35.98
26337.498,-35.993
26337.594,-35.96
26337.695,-35.927
26337.792,-36.007
26337.888,-35.96
26338.001,-36.02
26338.098,-35.993
26338.211,-36.067
26338.300,-36.013
26338.378,-36.027
26338.479,-36.013
26338.601,-36.033
26338.697,-36.1
26338.793,-35.953
26338.890,-36.027
26338.991,-36.027
26339.079,-35.84
26339.180,-35.967
26339.312,-35.987
26339.391,-36.007
26339.498,-35.913
26339.582,-35.913
26339.724,-36.013
26339.793,-35.933
26339.913,-35.96
26340.018,-35.92
26340.118,-35.94
26340.214,-35.907
26340.322,-35.94
26340.425,-36.02
26340.528,-35.9
26340.623,-35.98
26340.724,-35.92
26340.827,-35.947
26340.929,-35.993
26341.040,-36.027
26341.150,-35.933
26341.246,-35.907
26341.273,-35.947
26341.369,-36.053
26341.473,-35.967
26341.587,-35.98
26341.685,-36.013
26341.780,-35.953
26341.885,-35.98
26341.986,-35.947
26342.089,-35.967
26342.189,-36.073
26342.277,-35.987
26342.371,-35.907
26342.473,-35.827
26342.576,-36.04
26342.690,-36.033
26342.785,-35.927
26342.883,-35.987
26342.986,-35.973
26343.094,-35.88
26343.214,-36.047
26343.293,-35.82
26343.400,-36.02
26343.498,-36.02
26343.599,-35.973
26343.675,-35.993
26343.815,-35.947
26343.910,-35.873
26344.008,-35.92
26344.133,-35.833
26344.175,-36.027
26344.283,-35.913
26344.385,-35.92
26344.527,-35.967
26344.623,-35.893
26344.751,-36.027
26344.829,-36.0
26344.869,-36.0
26344.966,-35.98
26345.062,-35.96
26345.165,-35.913
26345.261,-36.013
26345.364,-35.893
26345.467,-35.913
26345.560,-36.013
26345.657,-36.06
26345.761,-36.087
26345.858,-35.973
26345.986,-36.027
26346.067,-35.967
26346.163,-35.947
26346.295,-35.993
26346.376,-35.96
26346.476,-36.0
26346.577,-35.94
26346.662,-35.947
26396.798,-35.933
26396.876,-35.947
26397.001,-35.88
26397.074,-35.88
26397.182,-36.0
26397.285,-36.06
26397.398,-36.087
26397.494,-35.84
26397.653,-35.913
26397.655,-36.087
26397.810,-35.96
26397.863,-35.967
26397.967,-35.82
26398.094,-35.98
26398.202,-35.98
26398.253,-36.02
26398.437,-36.027
26398.500,-35.92
26398.609,-35.98
26398.711,-35.947
26398.760,-35.913
26398.937,-35.953
26398.964,-35.893
26399.060,-35.967
26399.157,-36.02
26399.263,-36.067
26399.366,-36.027
26399.462,-36.013
26399.564,-35.88
26399.646,-35.96
26399.748,-35.973
26399.846,-36.0
26399.971,-36.013
26400.060,-35.84
26400.162,-35.96
26400.258,-35.893
26400.359,-35.967
26400.461,-35.973
26400.562,-35.947
26400.665,-35.973
26400.775,-35.867
26400.871,-35.953
26400.973,-36.04
26401.074,-35.933
26401.182,-36.013
26401.278,-35.987
26401.383,-36.007
26401.484,-35.873
26401.587,-35.933
26401.690,-35.847
26401.809,-36.06
26401.895,-36.053
26401.996,-36.06
26402.101,-36.04
26402.219,-35.973
26402.246,-36.06
26402.396,-36.093
26402.447,-35.867
26402.543,-35.993
26402.638,-35.927
26402.748,-35.94
26402.849,-35.96
26402.935,-35.973
26403.049,-35.947
26403.157,-35.973
26403.253,-35.82
26403.337,-35.947
26403.432,-35.907
26403.542,-36.08
26403.645,-35.907
26403.755,-35.907
26403.851,-36.007
26403.947,-35.96
26404.057,-35.947
26404.153,-35.913
26404.251,-35.927
26404.349,-35.953
26404.454,-35.947
26404.557,-35.993
26404.660,-36.08
26404.761,-36.047
26404.864,-35.987
26404.973,-35.987
26405.067,-35.927
26405.182,-36.02
26405.280,-35.967
26405.376,-36.007
26405.484,-36.0
26405.582,-35.987
26405.707,-35.86
26405.780,-35.92
26405.896,-35.9
26405.991,-35.92
26406.092,-36.013
26406.217,-35.973
26406.236,-35.947
26406.349,-35.927
26406.427,-36.073
26406.535,-35.833
26406.633,-35.873
26456.812,-35.907
26456.839,-35.9
26456.952,-36.087
26457.043,-35.98
26457.128,-36.033
26457.228,-35.933
26457.346,-35.927
26457.440,-36.0
26457.527,-35.867
26457.628,-35.92
26457.731,-36.007
26457.853,-35.86
26457.925,-35.967
26458.055,-35.967
26458.128,-35.96
26458.246,-36.053
26458.346,-35.967
26458.467,-35.873
26458.582,-35.98
26458.685,-36.027
26458.763,-36.007
26458.861,-35.92
26458.959,-35.987
26459.055,-35.973
26459.157,-35.973
26459.275,-35.88
26459.369,-35.9
26459.469,-35.9
26459.584,-35.873
26459.685,-36.027
26459.783,-35.987
26459.893,-35.953
26460.016,-36.013
26460.018,-36.04
26460.121,-35.907
26460.222,-35.96
26460.329,-36.047
26460.427,-35.96
26460.523,-35.94
26460.630,-35.873
26460.712,-35.907
26460.836,-35.913
26460.929,-35.987
26461.020,-35.9
26461.114,-35.867
26461.212,-36.0
26461.315,-36.007
26461.427,-35.947
26461.521,-35.94
26461.623,-36.14
26461.729,-35.9
26461.819,-35.967
26461.940,-35.9
26462.035,-36.007
26462.141,-35.927
26462.239,-35.887
26462.339,-36.007
26462.435,-35.98
26462.543,-35.98
26462.670,-35.967
26462.771,-35.913
26462.878,-35.98
26462.952,-36.027
26463.048,-36.12
26463.167,-35.98
26463.268,-35.827
26463.364,-35.907
26463.466,-35.913
26463.577,-35.92
26463.611,-35.967
26463.766,-35.953
26463.815,-35.967
26463.981,-36.06
26464.006,-35.9
26464.104,-36.027
26464.302,-35.973
26464.320,-35.927
26464.415,-35.967
26464.515,-36.093
26464.618,-36.053
26464.716,-36.08
26464.819,-36.007
26464.923,-35.993
26465.001,-36.047
26465.108,-36.007
26465.231,-35.893
26465.307,-35.9
26465.405,-35.987
26465.516,-36.013
26465.604,-36.007
26465.699,-35.953
26465.829,-35.933
26465.924,-36.067
26465.996,-36.047
26466.104,-35.847
26466.207,-35.96
26466.332,-35.9
26466.440,-36.013
26466.552,-36.067
26466.646,-35.973
26516.751,-35.9
26516.876,-35.98
26516.947,-36.027
26517.070,-35.973
26517.092,-36.047
26517.263,-36.013
26517.359,-35.947
26517.459,-36.053
26517.560,-36.107
26517.667,-36.007
26517.778,-35.913
26517.807,-35.927
26517.902,-35.927
26518.005,-36.047
26518.101,-35.987
26518.199,-36.08
26518.304,-35.973
26518.388,-35.887
26518.511,-35.953
26518.609,-35.887
26518.714,-35.9
26518.792,-35.907
26518.898,-36.02
26518.994,-35.773
26519.121,-35.947
26519.192,-35.947
26519.292,-35.933
26519.407,-35.933
26519.516,-36.053
26519.589,-36.04
26519.711,-35.987
26519.815,-35.987
26519.923,-35.98
26520.021,-35.967
26520.116,-35.853
26520.228,-35.92
26520.349,-35.88
26520.420,-35.967
26520.515,-35.953
26520.616,-36.047
26520.736,-36.04
26520.847,-36.047
26520.962,-36.02
26521.042,-35.953
26521.148,-35.993
26521.246,-35.86
26521.287,-35.967
26521.381,-35.973
26521.555,-35.973
26521.581,-35.887
26521.699,-35.987
26521.783,-35.92
26521.886,-35.86
26521.989,-35.947
26522.092,-35.913
26522.194,-35.947
26522.282,-35.88
26522.388,-35.833
26522.478,-35.987
26522.579,-36.087
26522.680,-35.98
26522.800,-35.88
26522.896,-35.953
26522.998,-36.107
26523.094,-35.953
26523.194,-35.933
26523.307,-35.96
26523.407,-35.967
26523.501,-35.927
26523.582,-36.033
26523.731,-35.96
26523.787,-36.027
26523.942,-35.8
26524.016,-35.9
26524.077,-36.04
26524.177,-35.96
26524.280,-36.12
26524.383,-35.88
26524.489,-35.94
26524.636,-36.02
26524.699,-35.913
26524.832,-36.02
26524.935,-36.013
26525.028,-35.813
26525.079,-35.94
26525.234,-35.887
26525.285,-35.947
26525.375,-35.927
26525.471,-35.927
26525.572,-35.847
26525.668,-36.0
26525.766,-35.98
26525.886,-35.9
26525.966,-35.967
26526.087,-36.0
26526.185,-36.053
26526.266,-35.953
26526.366,-35.967
26526.476,-35.98
26526.574,-35.993
26526.707,-35.92
26576.798,-36.007
26576.880,-36.1
26577.006,-35.873
26577.084,-36.033
26577.165,-35.98
26577.299,-35.953
26577.398,-35.973
26577.494,-36.06
26577.601,-35.953
26577.699,-35.987
26577.795,-35.94
26577.903,-35.88
26578.013,-35.907
26578.118,-35.867
26578.214,-35.84
26578.314,-36.033
26578.376,-36.06
26578.481,-36.073
26578.636,-35.813
26578.689,-35.973
26578.765,-35.907
26578.861,-36.013
26579.048,-35.88
26579.076,-35.907
26579.157,-35.913
26579.329,-35.973
26579.371,-35.92
26579.473,-35.96
26579.572,-35.88
26579.738,-36.087
26579.753,-35.967
26579.873,-35.967
26579.961,-36.067
26580.064,-35.94
26580.155,-36.0
26580.268,-35.98
26580.395,-35.88
26580.498,-35.813
26580.576,-35.927
26580.675,-35.88
26580.783,-35.847
26580.885,-35.993
26580.981,-36.013
26581.081,-36.02
26581.180,-35.94
26581.282,-35.893
26581.385,-35.833
26581.488,-36.087
26581.619,-35.953
26581.697,-35.933
26581.817,-36.093
26581.898,-35.96
26582.000,-35.98
26582.103,-35.967
26582.206,-35.927
26582.310,-36.0
26582.400,-35.927
26582.451,-35.887
26582.547,-35.953
26582.724,-35.967
26582.751,-36.02
26582.846,-35.987
26582.945,-35.953
26583.045,-35.947
26583.160,-35.987
26583.256,-35.993
26583.359,-35.92
26583.459,-36.0
26583.560,-35.933
26583.648,-35.96
26583.780,-35.927
26583.842,-35.973
26583.945,-36.0
26584.043,-36.013
26584.150,-35.96
26584.260,-36.047
26584.356,-35.953
26584.451,-35.993
26584.560,-35.993
26584.662,-35.88
26584.783,-35.9
26584.883,-35.867
26584.969,-36.02
26585.096,-35.92
26585.168,-35.907
26585.295,-35.867
26585.391,-35.98
26585.488,-35.913
26585.584,-35.84
26585.687,-35.873
26585.812,-35.907
26585.896,-35.98
26585.993,-35.96
26586.096,-35.933
26586.197,-35.973
26586.300,-35.907
26586.403,-35.967
26586.506,-36.007
26586.611,-35.987
26586.638,-36.087
26876.746,-35.947
26876.846,-35.98
26876.947,-35.973
26877.045,-36.047
26877.133,-36.0
26877.231,-36.0
26877.353,-36.027
26877.456,-36.053
26877.538,-36.033
26877.640,-35.927
26877.743,-35.98
26877.836,-36.02
26877.939,-36.033
26878.040,-35.993
26878.143,-35.887
26878.246,-35.913
26878.349,-35.933
26878.452,-35.933
26878.557,-35.913
26878.650,-35.94
26878.750,-35.913
26878.871,-35.913
26878.969,-35.893
26879.038,-35.853
26879.158,-36.013
26879.246,-36.033
26879.373,-35.913
26879.469,-35.873
26879.582,-35.913
26879.704,-35.967
26879.783,-35.987
26879.886,-35.9
26880.028,-35.947
26880.094,-35.9
26880.192,-35.98
26880.300,-36.08
26880.329,-35.907
26880.423,-35.967
26880.523,-36.047
26880.626,-35.907
26880.726,-35.933
26880.832,-35.967
26880.934,-35.907
26881.043,-35.893
26881.133,-35.94
26881.317,-35.947
26881.320,-35.967
26881.420,-35.833
26881.543,-36.013
26881.628,-35.987
26881.723,-35.973
26881.831,-35.94
26881.935,-36.073
26882.035,-35.96
26882.138,-35.96
26882.233,-35.927
26882.342,-35.807
26882.452,-35.953
26882.550,-36.007
26882.648,-35.973
26882.736,-35.967
26882.815,-35.967
26882.923,-35.86
26883.028,-35.787
26883.152,-35.92
26883.271,-35.94
26883.380,-35.9
26883.476,-35.867
26883.574,-35.86
26883.704,-36.013
26883.768,-35.873
26883.819,-35.94
26883.920,-36.06
26884.016,-35.96
26884.118,-35.98
26884.214,-36.053
26884.320,-36.033
26884.525,-35.967
26884.527,-35.953
26884.626,-35.827
26884.728,-35.873
26884.831,-35.96
26884.930,-36.007
26885.028,-35.933
26885.126,-35.913
26885.217,-35.973
26885.317,-35.967
26885.415,-35.96
26885.518,-35.98
26885.653,-35.913
26885.726,-35.867
26885.824,-35.987
26885.907,-35.947
26886.038,-35.947
26886.136,-35.96
26886.233,-35.973
26886.344,-36.073
26886.440,-36.0
26886.516,-36.067
26886.643,-35.96
26936.756,-35.973
26936.807,-35.96
26936.952,-35.9
26937.055,-35.9
26937.121,-35.833
26937.226,-35.98
26937.349,-36.06
26937.402,-36.007
26937.555,-35.98
26937.606,-35.873
26937.790,-35.873
26937.863,-35.953
26937.913,-36.013
26938.008,-36.053
26938.113,-35.907
26938.219,-35.92
26938.317,-36.033
26938.413,-35.96
26938.503,-35.993
26938.601,-35.927
26938.699,-35.947
26938.820,-35.867
26938.896,-36.007
26939.005,-35.86
26939.101,-35.953
26939.217,-36.02
26939.305,-35.993
26939.407,-35.907
26939.511,-35.927
26939.650,-35.98
26939.724,-35.853
26939.820,-35.94
26939.920,-36.027
26940.023,-35.947
26940.146,-35.98
26940.228,-35.96
26940.329,-35.907
26940.430,-35.973
26940.525,-35.96
26940.646,-35.933
26940.729,-35.9
26940.812,-35.887
26940.945,-35.873
26941.052,-36.053
26941.141,-35.94
26941.250,-35.833
26941.347,-35.98
26941.464,-35.953
26941.491,-35.98
26941.589,-35.9
26941.755,-35.953
26941.790,-35.833
26941.900,-36.013
26941.996,-36.02
26942.098,-36.0
26942.195,-35.987
26942.300,-35.967
26942.396,-35.927
26942.523,-35.887
26942.587,-35.847
26942.707,-36.033
26942.787,-36.047
26942.891,-35.893
26943.006,-35.993
26943.101,-36.007
26943.197,-35.96
26943.302,-35.993
26943.402,-35.887
26943.503,-36.0
26943.626,-35.96
26943.709,-35.96
26943.836,-36.013
26943.918,-35.84
26944.037,-35.927
26944.118,-35.893
26944.219,-35.88
26944.361,-35.88
26944.425,-36.007
26944.528,-35.84
26944.653,-36.013
26944.690,-35.96
26944.793,-36.033
26944.900,-36.02
26945.001,-35.933
26945.143,-35.993
26945.239,-35.993
26945.339,-35.893
26945.391,-35.933
26945.489,-35.927
26945.645,-35.9
26945.695,-35.94
26945.782,-35.987
26945.898,-35.973
26945.991,-35.867
26946.094,-35.96
26946.199,-35.987
26946.282,-35.887
26946.381,-35.993
26946.489,-35.947
26946.574,-35.993
26946.677,-35.9
26996.790,-36.033
26996.885,-36.033
26996.986,-36.007
26997.082,-35.887
26997.190,-35.913
26997.302,-36.027
26997.398,-35.86
26997.498,-35.953
26997.609,-35.813
26997.712,-35.88
26997.814,-35.973
26997.913,-35.967
26998.035,-36.013
26998.111,-35.967
26998.222,-35.78
26998.327,-35.927
26998.378,-35.967
26998.521,-35.86
26998.623,-35.967
26998.726,-35.793
26998.771,-35.98
26998.942,-35.967
26998.969,-35.987
26999.140,-35.9
26999.239,-35.973
26999.339,-35.933
26999.368,-35.987
26999.466,-36.02
26999.574,-35.98
26999.680,-36.067
26999.777,-36.0
26999.875,-35.933
26999.964,-35.96
27000.084,-36.067
27000.182,-36.047
27000.265,-36.0
27000.383,-35.96
27000.572,-35.993
27000.574,-36.113
27000.679,-36.02
27000.775,-36.027
27000.876,-35.967
27000.979,-35.927
27001.089,-35.94
27001.184,-35.973
27001.285,-35.933
27001.386,-35.873
27001.491,-35.96
27001.592,-35.927
27001.687,-35.98
27001.805,-35.853
27001.910,-35.887
27002.008,-35.94
27002.123,-35.887
27002.173,-35.833
27002.273,-35.927
27002.378,-35.953
27002.483,-35.92
27002.589,-35.92
27002.712,-35.927
27002.812,-35.953
27002.925,-35.78
27003.025,-35.853
27003.055,-35.947
27003.226,-36.047
27003.256,-35.98
27003.376,-35.893
27003.471,-35.947
27003.572,-35.993
27003.670,-35.993
27003.770,-35.993
27003.871,-36.033
27003.962,-35.973
27004.065,-36.0
27004.160,-35.967
27004.256,-35.953
27004.351,-35.993
27004.469,-35.887
27004.572,-35.987
27004.665,-35.913
27004.777,-35.88
27004.903,-36.0
27004.976,-35.9
27005.109,-36.073
27005.182,-36.0
27005.290,-36.027
27005.386,-35.933
27005.496,-35.927
27005.592,-36.067
27005.670,-36.033
27005.798,-35.9
27005.881,-36.02
27006.001,-35.813
27006.072,-35.98
27006.234,-35.907
27006.305,-35.973
27006.405,-35.927
27006.508,-35.98
27006.606,-35.96
27006.704,-35.967
27056.755,-35.86
27056.856,-35.913
27056.945,-35.953
27057.049,-36.027
27057.146,-35.907
27057.250,-35.893
27057.351,-35.947
27057.456,-35.893
27057.557,-35.927
27057.660,-35.867
27057.765,-35.953
27057.861,-35.98
27057.959,-35.953
27058.043,-35.827
27058.148,-35.94
27058.273,-35.88
27058.371,-35.953
27058.467,-35.98
27058.564,-35.953
27058.662,-35.873
27058.763,-35.933
27058.864,-35.967
27058.966,-35.98
27059.074,-36.02
27059.172,-35.993
27059.273,-35.933
27059.376,-35.787
27059.478,-35.853
27059.606,-35.967
27059.704,-35.913
27059.798,-36.0
27059.888,-35.893
27059.991,-35.933
27060.054,-35.907
27060.207,-35.993
27060.238,-36.073
27060.366,-36.087
27060.442,-35.973
27060.574,-36.107
27060.633,-35.94
27060.775,-35.8
27060.834,-35.94
27060.935,-35.967
27061.038,-35.927
27061.140,-35.94
27061.354,-35.973
27061.356,-36.013
27061.432,-36.06
27061.552,-35.98
27061.636,-35.993
27061.746,-36.027
27061.844,-36.027
27061.969,-35.973
27062.047,-35.927
27062.148,-35.933
27062.246,-35.853
27062.344,-35.973
27062.449,-35.867
27062.550,-35.88
27062.677,-35.913
27062.780,-35.987
27062.858,-35.907
27062.959,-35.873
27063.064,-35.933
27063.173,-35.873
27063.270,-35.973
27063.369,-36.12
27063.479,-36.0
27063.582,-35.947
27063.680,-35.86
27063.780,-35.94
27063.883,-35.9
27063.984,-36.013
27064.086,-36.0
27064.207,-35.84
27064.226,-35.92
27064.344,-35.953
27064.496,-35.967
27064.523,-35.927
27064.641,-35.987
27064.724,-35.987
27064.827,-35.92
27064.940,-35.947
27065.035,-35.907
27065.136,-35.953
27065.236,-35.933
27065.342,-35.967
27065.418,-35.987
27065.520,-35.96
27065.625,-36.027
27065.724,-36.08
27065.827,-36.067
27065.930,-35.953
27066.045,-35.987
27066.123,-36.107
27066.236,-35.987
27066.339,-35.887
27066.457,-35.88
27066.552,-35.933
27066.648,-35.94
27116.750,-36.053
27116.851,-35.94
27116.956,-35.907
27117.064,-35.927
27117.158,-35.947
27117.260,-35.987
27117.366,-35.913
27117.466,-35.88
27117.589,-35.9
27117.677,-35.92
27117.775,-36.02
27117.881,-35.94
27117.978,-35.867
27118.087,-35.887
27118.118,-35.947
27118.216,-35.94
27118.319,-35.88
27118.423,-35.967
27118.521,-36.013
27118.616,-35.953
27118.726,-35.98
27118.827,-35.833
27118.908,-35.953
27119.037,-35.913
27119.138,-35.96
27119.209,-36.02
27119.310,-35.973
27119.423,-35.88
27119.520,-35.787
27119.640,-35.927
27119.719,-35.993
27119.829,-36.0
27119.925,-35.88
27120.025,-35.773
27120.126,-35.973
27120.229,-36.04
27120.332,-35.96
27120.452,-36.0
27120.545,-35.827
27120.645,-35.88
27120.741,-35.953
27120.864,-35.88
27120.949,-35.887
27121.050,-35.8
27121.152,-35.907
27121.261,-35.913
27121.356,-35.993
27121.459,-36.033
27121.562,-35.887
27121.665,-35.887
27121.766,-35.953
27121.868,-35.973
27121.983,-35.893
27122.011,-35.913
27122.106,-35.927
27122.204,-35.933
27122.317,-35.907
27122.417,-35.94
27122.515,-35.993
27122.611,-35.893
27122.702,-35.813
27122.802,-35.86
27122.920,-35.98
27123.027,-35.887
27123.098,-35.9
27123.202,-35.927
27123.304,-36.033
27123.405,-35.94
27123.506,-35.9
27123.611,-35.747
27123.712,-35.92
27123.814,-35.993
27123.917,-35.973
27124.021,-35.913
27124.128,-35.82
27124.223,-35.847
27124.327,-35.833
27124.429,-35.973
27124.540,-35.907
27124.640,-36.0
27124.736,-36.027
27124.839,-35.947
27124.949,-36.02
27125.008,-35.973
27125.146,-35.887
27125.275,-35.947
27125.353,-35.953
27125.452,-35.967
27125.599,-35.993
27125.670,-35.887
27125.699,-35.86
27125.793,-35.953
27125.891,-36.033
27125.996,-36.04
27126.098,-36.0
27126.195,-36.053
27126.298,-35.973
27126.403,-35.96
27126.501,-35.9
27126.606,-36.0
27126.702,-36.013
27176.788,-35.84
27176.886,-35.927
27176.989,-36.02
27177.114,-36.0
27177.195,-35.967
27177.319,-35.92
27177.398,-35.98
27177.506,-35.807
27177.604,-35.973
27177.707,-36.127
27177.815,-36.007
27177.917,-35.987
27178.013,-35.92
27178.114,-36.033
27178.217,-36.087
27178.320,-35.94
27178.423,-35.92
27178.540,-35.893
27178.628,-35.913
27178.753,-35.973
27178.832,-35.953
27178.952,-35.973
27178.979,-36.0
27179.141,-35.907
27179.275,-35.927
27179.346,-35.94
27179.415,-35.867
27179.549,-36.02
27179.577,-36.04
27179.755,-35.98
27179.783,-36.013
27179.881,-36.067
27179.984,-35.98
27180.094,-35.933
27180.192,-35.927
27180.293,-35.933
27180.376,-35.987
27180.494,-35.867
27180.596,-35.953
27180.697,-36.02
27180.790,-36.047
27180.890,-36.013
27180.984,-35.92
27181.084,-36.08
27181.187,-36.08
27181.290,-35.993
27181.425,-36.007
27181.494,-36.033
27181.597,-35.893
27181.699,-35.92
27181.802,-36.0
27181.915,-35.973
27182.013,-35.987
27182.118,-36.04
27182.221,-35.913
27182.319,-36.013
27182.425,-35.873
27182.521,-35.96
27182.655,-35.907
27182.726,-35.873
27182.834,-36.033
27182.949,-36.027
27182.967,-36.08
27183.135,-36.033
27183.261,-36.0
27183.361,-35.907
27183.398,-36.027
27183.473,-35.94
27183.567,-35.96
27183.684,-35.947
27183.775,-35.92
27183.873,-35.94
27183.976,-36.02
27184.077,-35.927
27184.180,-35.993
27184.285,-36.0
27184.366,-36.06
27184.464,-36.093
27184.567,-35.973
27184.668,-36.0
27184.788,-35.933
27184.873,-35.907
27185.001,-36.06
27185.082,-35.947
27185.172,-36.1
27185.278,-35.793
27185.378,-35.94
27185.488,-35.953
27185.591,-35.967
27185.685,-35.993
27185.795,-35.92
27185.920,-35.92
27186.001,-36.007
27186.101,-36.06
27186.206,-36.08
27186.307,-36.06
27186.410,-35.84
27186.520,-35.927
27186.626,-36.02
25076.716,-36.0
25076.820,-35.967
25076.922,-35.9
25077.037,-35.96
25077.064,-35.967
25077.158,-36.047
25077.263,-35.9
25077.359,-35.92
25077.469,-35.9
25077.564,-35.907
25077.662,-36.067
25077.765,-35.967
25077.871,-35.933
25077.954,-35.92
25078.094,-35.88
25078.152,-36.007
25078.253,-36.047
25078.356,-36.027
25078.462,-35.94
25078.572,-35.887
25078.670,-35.88
25078.768,-35.947
25078.876,-35.933
25078.974,-35.947
25079.074,-35.92
25079.197,-35.947
25079.285,-35.953
25079.383,-35.967
25079.503,-35.967
25079.609,-35.86
25079.646,-35.927
25079.746,-35.96
25079.849,-35.993
25080.001,-36.033
25080.103,-35.927
25080.160,-35.887
25080.263,-35.933
25080.369,-35.893
25080.445,-35.967
25080.547,-35.967
25080.719,-35.927
25080.746,-35.953
25080.844,-35.98
25081.035,-35.933
25081.052,-35.86
25081.148,-35.887
25081.246,-36.007
25081.349,-35.94
25081.447,-36.047
25081.557,-35.967
25081.655,-35.953
25081.771,-35.94
25081.841,-36.007
25081.940,-35.927
25082.043,-35.987
25082.177,-35.893
25082.251,-35.953
25082.349,-35.947
25082.451,-35.907
25082.552,-35.947
25082.657,-35.933
25082.758,-35.953
25082.871,-36.053
25082.964,-36.053
25083.067,-36.013
25083.167,-35.88
25083.283,-35.947
25083.381,-35.933
25083.484,-35.967
25083.581,-35.867
25083.680,-35.933
25083.782,-35.76
25083.885,-35.953
25084.011,-35.987
25084.089,-36.033
25084.194,-35.987
25084.304,-35.833
25084.396,-35.967
25084.501,-35.927
25084.603,-35.9
25084.709,-35.973
25084.750,-35.933
25084.832,-35.927
25084.932,-35.84
25085.035,-35.927
25085.143,-35.94
25085.246,-35.947
25085.344,-35.967
25085.445,-35.847
25085.535,-35.887
25085.633,-35.973
25085.738,-35.993
25085.829,-35.913
25085.935,-35.933
25086.067,-35.96
25086.143,-36.02
25086.250,-35.88
25086.344,-35.86
25086.454,-35.887
25086.555,-35.84
25086.648,-36.027
25136.753,-35.993
25136.856,-35.98
25136.959,-35.787
25137.059,-35.767
25137.160,-35.907
25137.280,-35.947
25137.371,-35.94
25137.467,-35.82
25137.572,-36.027
25137.694,-36.1
25137.777,-35.933
25137.878,-35.907
25137.984,-35.92
25138.087,-35.72
25138.184,-35.807
25138.288,-35.92
25138.391,-35.873
25138.425,-35.98
25138.521,-35.833
25138.619,-35.84
25138.726,-35.913
25138.824,-36.04
25138.927,-36.02
25139.028,-35.907
25139.121,-35.92
25139.234,-35.907
25139.336,-36.047
25139.424,-35.967
25139.528,-35.887
25139.623,-35.927
25139.721,-35.973
25139.854,-35.92
25139.929,-35.927
25140.028,-35.833
25140.138,-35.96
25140.234,-35.887
25140.336,-35.933
25140.439,-35.987
25140.540,-35.84
25140.645,-36.02
25140.746,-35.953
25140.839,-35.893
25140.957,-35.927
25141.054,-35.8
25141.157,-35.96
25141.256,-35.913
25141.369,-35.94
25141.464,-35.86
25141.574,-35.827
25141.692,-35.88
25141.712,-35.933
25141.873,-35.973
25141.976,-35.893
25142.060,-35.9
25142.180,-35.86
25142.280,-35.913
25142.383,-35.907
25142.427,-35.94
25142.525,-35.913
25142.623,-35.94
25142.719,-35.947
25142.822,-35.907
25143.000,-35.993
25143.027,-35.82
25143.111,-35.813
25143.209,-35.927
25143.315,-35.853
25143.432,-35.907
25143.530,-35.953
25143.619,-35.807
25143.716,-35.82
25143.827,-35.92
25143.920,-35.967
25144.013,-35.913
25144.114,-35.813
25144.217,-36.02
25144.326,-36.0
25144.442,-35.933
25144.508,-35.82
25144.631,-35.86
25144.741,-35.893
25144.844,-35.94
25144.942,-35.86
25145.047,-35.9
25145.158,-35.793
25145.278,-35.94
25145.368,-35.973
25145.456,-35.92
25145.554,-35.853
25145.660,-35.953
25145.778,-35.92
25145.807,-36.007
25145.969,-35.833
25146.072,-35.907
25146.101,-35.9
25146.202,-35.96
25146.300,-35.82
25146.400,-35.98
25146.503,-35.967
25146.606,-35.873
25146.709,-35.747
25196.810,-35.88
25196.917,-35.933
25197.015,-35.98
25197.118,-35.94
25197.206,-35.88
25197.322,-35.813
25197.405,-35.887
25197.503,-35.84
25197.616,-35.9
25197.714,-35.94
25197.812,-35.887
25197.913,-36.007
25198.030,-35.94
25198.126,-35.967
25198.224,-35.987
25198.322,-35.907
25198.410,-36.06
25198.491,-35.927
25198.592,-35.94
25198.744,-35.92
25198.802,-35.78
25198.939,-35.893
25199.042,-35.96
25199.118,-35.987
25199.238,-35.94
25199.358,-35.907
25199.459,-35.88
25199.528,-35.907
25199.660,-35.98
25199.689,-35.827
25199.802,-35.84
25199.890,-35.82
25199.986,-35.833
25200.087,-35.92
25200.199,-35.96
25200.300,-35.993
25200.396,-35.907
25200.511,-35.853
25200.603,-35.953
25200.704,-35.82
25200.805,-35.96
25200.883,-35.887
25200.994,-35.967
25201.089,-35.873
25201.190,-35.887
25201.293,-35.967
25201.395,-35.92
25201.498,-35.96
25201.614,-35.88
25201.709,-35.913
25201.805,-36.013
25201.907,-35.76
25202.027,-35.953
25202.125,-35.92
25202.223,-36.007
25202.320,-36.027
25202.425,-35.993
25202.523,-35.893
25202.643,-35.887
25202.726,-35.94
25202.788,-35.953
25202.893,-35.92
25203.040,-35.887
25203.145,-35.853
25203.214,-35.86
25203.342,-35.8
25203.452,-35.92
25203.545,-35.847
25203.648,-35.9
25203.677,-36.033
25203.782,-35.947
25203.890,-35.96
25203.986,-35.933
25204.084,-35.913
25204.187,-35.94
25204.287,-35.887
25204.390,-35.84
25204.478,-35.973
25204.592,-35.9
25204.673,-35.933
25204.775,-35.88
25204.878,-35.907
25204.991,-35.8
25205.087,-35.873
25205.184,-35.967
25205.290,-36.013
25205.396,-35.893
25205.493,-35.893
25205.594,-35.82
25205.702,-35.913
25205.820,-35.927
25205.903,-35.913
25206.025,-35.88
25206.116,-35.84
25206.217,-35.92
25206.344,-35.94
25206.437,-35.967
25206.467,-35.947
25206.626,-35.86
25256.723,-35.9
25256.782,-35.913
25256.890,-36.02
25256.994,-36.02
25257.094,-35.9
25257.234,-35.92
25257.305,-35.913
25257.366,-35.907
25257.538,-35.86
25257.565,-35.907
25257.665,-35.927
25257.785,-35.84
25257.863,-35.82
25257.972,-35.847
25258.070,-35.927
25258.177,-35.873
25258.273,-35.9
25258.366,-35.893
25258.467,-35.927
25258.565,-35.92
25258.668,-35.98
25258.771,-35.947
25258.871,-35.807
25258.964,-35.953
25259.074,-35.987
25259.179,-35.98
25259.280,-35.88
25259.381,-35.8
25259.484,-35.96
25259.613,-35.853
25259.699,-35.987
25259.793,-35.807
25259.893,-35.9
25259.998,-35.893
25260.111,-35.913
25260.207,-35.913
25260.305,-35.947
25260.407,-35.907
25260.508,-35.86
25260.611,-35.88
25260.714,-35.947
25260.802,-35.987
25260.918,-36.013
25261.021,-36.007
25261.123,-35.873
25261.226,-35.873
25261.251,-35.867
25261.351,-35.933
25261.461,-35.82
25261.560,-35.847
25261.652,-35.947
25261.756,-35.98
25261.859,-35.96
25261.949,-35.993
25262.067,-35.96
25262.170,-35.973
25262.273,-35.993
25262.361,-35.953
25262.457,-35.96
25262.559,-35.94
25262.660,-35.953
25262.761,-36.007
25262.864,-35.96
25262.967,-35.96
25263.076,-35.953
25263.180,-35.813
25263.278,-35.8
25263.408,-35.893
25263.488,-36.0
25263.582,-35.993
25263.692,-35.927
25263.793,-35.953
25263.896,-35.987
25264.000,-35.987
25264.109,-35.953
25264.199,-35.893
25264.297,-35.82
25264.349,-35.92
25264.476,-35.907
25264.614,-35.887
25264.643,-36.1
25264.844,-35.953
25264.913,-35.987
25264.940,-35.867
25265.118,-36.027
25265.146,-35.947
25265.244,-35.853
25265.347,-35.94
25265.447,-35.833
25265.550,-35.873
25265.655,-35.953
25265.756,-35.927
25265.844,-35.92
25265.949,-35.84
25266.047,-36.013
25266.146,-35.893
25266.244,-35.967
25266.359,-35.92
25266.447,-35.88
25266.550,-35.993
25266.645,-35.973
25316.780,-36.02
25316.853,-35.9
25316.961,-35.853
25317.062,-35.96
25317.167,-35.967
25317.268,-35.953
25317.371,-35.867
25317.476,-35.94
25317.579,-35.927
25317.677,-35.973
25317.785,-35.973
25317.883,-35.907
25318.008,-35.893
25318.086,-35.92
25318.222,-35.887
25318.293,-36.0
25318.395,-35.913
25318.494,-35.993
25318.623,-36.04
25318.701,-35.907
25318.804,-35.94
25318.832,-35.967
25318.930,-35.893
25319.052,-35.92
25319.146,-36.027
25319.255,-36.007
25319.342,-35.893
25319.442,-35.96
25319.543,-35.773
25319.648,-35.813
25319.750,-35.96
25319.827,-35.84
25319.932,-35.94
25320.035,-36.013
25320.135,-35.873
25320.246,-36.013
25320.329,-36.107
25320.435,-36.073
25320.535,-36.027
25320.625,-35.987
25320.770,-36.013
25320.844,-35.967
25320.944,-35.847
25321.057,-35.94
25321.165,-35.847
25321.263,-35.88
25321.364,-35.933
25321.466,-35.953
25321.594,-35.893
25321.672,-35.887
25321.795,-36.0
25321.876,-35.967
25322.001,-35.94
25322.076,-36.093
25322.195,-35.927
25322.285,-36.0
25322.388,-35.993
25322.513,-35.947
25322.518,-35.987
25322.630,-36.053
25322.728,-35.9
25322.824,-35.907
25322.929,-35.92
25323.025,-35.987
25323.128,-35.94
25323.231,-35.953
25323.317,-35.913
25323.437,-35.92
25323.538,-35.927
25323.641,-36.027
25323.736,-35.833
25323.822,-35.953
25323.924,-35.987
25324.033,-35.86
25324.128,-35.88
25324.231,-36.053
25324.332,-35.893
25324.444,-35.94
25324.540,-35.967
25324.643,-35.933
25324.766,-35.94
25324.856,-35.92
25324.930,-35.887
25325.055,-35.933
25325.133,-35.933
25325.278,-36.0
25325.317,-35.967
25325.418,-35.727
25325.527,-35.92
25325.628,-35.913
25325.733,-35.947
25325.832,-35.86
25325.937,-35.687
25326.013,-35.9
25326.114,-35.927
25326.256,-35.987
25326.309,-35.96
25326.405,-35.84
25326.527,-35.973
25326.628,-35.947
25376.724,-35.96
25376.827,-35.973
25376.924,-35.907
25377.021,-35.927
25377.106,-36.067
25377.204,-35.927
25377.341,-35.887
25377.413,-35.82
25377.516,-35.767
25377.619,-35.9
25377.707,-35.94
25377.822,-35.967
25377.920,-35.913
25378.043,-35.86
25378.121,-35.947
25378.229,-35.847
25378.327,-35.847
25378.467,-36.027
25378.540,-35.873
25378.638,-35.853
25378.761,-36.007
25378.842,-35.847
25378.945,-36.033
25379.045,-35.907
25379.179,-35.98
25379.250,-36.047
25379.351,-35.967
25379.410,-35.893
25379.516,-35.98
25379.616,-35.873
25379.760,-36.0
25379.822,-35.987
25379.966,-35.96
25380.025,-35.94
25380.128,-35.92
25380.238,-35.887
25380.304,-35.993
25380.407,-35.893
25380.501,-35.9
25380.603,-35.927
25380.717,-35.9
25380.814,-35.973
25380.989,-35.967
25381.013,-35.953
25381.104,-35.913
25381.202,-35.927
25381.299,-35.98
25381.398,-36.033
25381.501,-35.96
25381.628,-35.913
25381.706,-35.987
25381.820,-35.94
25381.918,-36.113
25382.015,-36.02
25382.119,-35.973
25382.228,-36.067
25382.324,-35.86
25382.447,-35.913
25382.530,-35.98
25382.626,-35.947
25382.753,-36.0
25382.853,-36.053
25382.939,-36.013
25383.035,-35.96
25383.140,-35.947
25383.263,-36.06
25383.346,-35.9
25383.471,-35.907
25383.549,-36.013
25383.587,-36.033
25383.755,-35.933
25383.822,-35.92
25383.888,-35.933
25383.991,-35.867
25384.089,-35.913
25384.207,-35.973
25384.298,-36.047
25384.402,-35.967
25384.503,-36.007
25384.690,-35.967
25384.709,-35.78
25384.785,-35.887
25384.883,-35.993
25384.984,-35.96
25385.103,-35.947
25385.201,-36.007
25385.293,-35.973
25385.391,-35.893
25385.503,-35.987
25385.603,-35.92
25385.699,-35.86
25385.804,-35.967
25385.908,-35.92
25386.006,-35.853
25386.109,-35.993
25386.212,-35.927
25386.315,-35.967
25386.442,-36.033
25386.528,-35.867
25386.621,-35.893
25676.746,-35.927
25676.824,-35.953
25676.940,-35.907
25677.035,-35.873
25677.133,-35.953
25677.234,-35.973
25677.337,-35.98
25677.440,-36.0
25677.540,-35.94
25677.645,-35.853
25677.709,-35.967
25677.773,-35.993
25677.873,-35.953
25677.998,-35.96
25678.079,-35.933
25678.182,-35.96
25678.283,-35.933
25678.371,-35.947
25678.476,-36.033
25678.572,-35.967
25678.694,-35.933
25678.773,-36.007
25678.876,-35.96
25679.101,-36.047
25679.119,-35.967
25679.192,-35.953
25679.290,-35.953
25679.386,-35.967
25679.488,-35.96
25679.592,-36.013
25679.694,-35.96
25679.795,-35.893
25679.908,-35.987
25680.003,-36.033
25680.103,-36.093
25680.204,-35.867
25680.319,-35.873
25680.417,-35.9
25680.521,-35.893
25680.616,-35.96
25680.726,-35.907
25680.827,-36.027
25680.939,-35.893
25681.033,-35.987
25681.136,-35.9
25681.165,-35.92
25681.263,-35.953
25681.373,-36.047
25681.469,-35.98
25681.638,-36.06
25681.673,-36.06
25681.768,-35.993
25681.868,-35.92
25681.969,-35.873
25682.072,-36.04
25682.175,-35.92
25682.277,-35.98
25682.380,-35.94
25682.459,-35.933
25682.559,-36.033
25682.663,-36.053
25682.800,-35.953
25682.871,-35.967
25682.969,-35.827
25683.072,-35.88
25683.187,-36.02
25683.280,-35.973
25683.378,-35.913
25683.484,-35.94
25683.586,-36.047
25683.709,-35.993
25683.773,-35.973
25683.893,-35.873
25683.994,-35.807
25684.092,-35.867
25684.201,-35.94
25684.302,-36.027
25684.403,-35.94
25684.508,-35.98
25684.614,-35.953
25684.655,-35.94
25684.812,-36.033
25684.917,-36.007
25685.025,-36.013
25685.055,-35.953
25685.153,-35.967
25685.346,-35.973
25685.364,-35.94
25685.454,-36.087
25685.555,-36.013
25685.667,-35.933
25685.761,-35.893
25685.861,-35.92
25685.964,-35.947
25686.082,-36.007
25686.148,-35.907
25686.248,-35.92
25686.356,-36.033
25686.452,-36.027
25686.560,-35.967
25686.657,-35.993
25736.758,-35.873
25736.863,-35.987
25736.964,-36.04
25737.065,-35.913
25737.185,-35.96
25737.271,-35.8
25737.396,-35.907
25737.474,-35.967
25737.597,-35.88
25737.684,-35.947
25737.793,-35.84
25737.854,-36.087
25737.989,-35.967
25738.052,-35.967
25738.158,-36.02
25738.297,-35.88
25738.366,-35.873
25738.440,-36.06
25738.542,-35.893
25738.672,-36.0
25738.741,-35.94
25738.839,-35.893
25738.945,-35.953
25739.047,-35.98
25739.146,-35.94
25739.248,-35.96
25739.435,-35.873
25739.440,-35.967
25739.559,-35.953
25739.653,-36.007
25739.758,-35.953
25739.841,-35.993
25739.937,-35.993
25740.057,-35.847
25740.138,-35.933
25740.236,-35.887
25740.344,-35.94
25740.447,-35.973
25740.582,-35.947
25740.652,-36.027
25740.756,-36.007
25740.861,-35.847
25740.971,-35.927
25741.067,-35.987
25741.165,-35.973
25741.271,-35.98
25741.378,-36.027
25741.474,-35.887
25741.594,-35.993
25741.680,-35.867
25741.777,-35.9
25741.878,-35.96
25741.983,-35.833
25742.082,-35.92
25742.211,-35.827
25742.288,-35.893
25742.329,-35.973
25742.516,-35.947
25742.597,-35.9
25742.704,-35.94
25742.739,-35.747
25742.836,-35.953
25742.937,-36.047
25743.035,-35.94
25743.135,-35.873
25743.234,-35.92
25743.337,-35.907
25743.435,-35.98
25743.543,-35.9
25743.643,-35.94
25743.746,-35.94
25743.844,-35.893
25743.927,-35.947
25744.030,-36.013
25744.131,-35.907
25744.236,-36.013
25744.339,-35.993
25744.439,-35.94
25744.564,-35.94
25744.643,-35.88
25744.746,-35.913
25744.858,-35.92
25744.951,-35.96
25745.055,-35.873
25745.150,-35.887
25745.273,-35.847
25745.361,-36.087
25745.464,-35.973
25745.577,-35.927
25745.682,-35.987
25745.778,-35.96
25745.908,-35.967
25746.003,-35.953
25746.079,-35.973
25746.182,-35.947
25746.282,-35.947
25746.386,-35.9
25746.417,-35.86
25746.589,-36.0
25746.690,-35.94
25796.793,-35.933
25796.820,-35.807
25796.918,-35.88
25797.023,-35.84
25797.133,-35.987
25797.236,-36.02
25797.329,-36.073
25797.432,-35.867
25797.520,-35.873
25797.619,-35.967
25797.716,-35.913
25797.844,-35.813
25797.932,-35.833
25798.023,-35.98
25798.126,-35.933
25798.229,-35.947
25798.329,-36.027
25798.432,-35.873
25798.543,-35.953
25798.645,-35.827
25798.743,-35.873
25798.842,-35.853
25798.969,-35.747
25799.048,-35.96
25799.172,-35.96
25799.260,-35.893
25799.356,-36.0
25799.456,-35.873
25799.559,-35.9
25799.682,-35.86
25799.768,-35.947
25799.868,-35.873
25799.976,-35.84
25800.006,-35.873
25800.114,-35.953
25800.299,-35.9
25800.378,-35.947
25800.415,-35.947
25800.511,-36.04
25800.606,-35.907
25800.719,-35.933
25800.814,-35.96
25800.915,-35.987
25801.018,-35.953
25801.119,-35.913
25801.300,-35.973
25801.304,-35.893
25801.410,-35.94
25801.518,-35.98
25801.631,-36.02
25801.712,-35.94
25801.812,-35.833
25801.930,-35.96
25802.023,-35.967
25802.128,-35.973
25802.228,-35.847
25802.347,-35.98
25802.425,-35.94
25802.528,-36.073
25802.733,-35.9
25802.736,-35.84
25802.802,-35.92
25802.937,-35.98
25803.040,-36.053
25803.143,-35.927
25803.356,-35.853
25803.371,-35.94
25803.451,-35.92
25803.548,-35.953
25803.655,-35.98
25803.768,-35.967
25803.795,-35.9
25803.986,-36.007
25804.067,-35.88
25804.170,-35.96
25804.207,-35.933
25804.304,-36.0
25804.400,-35.92
25804.500,-35.973
25804.601,-35.907
25804.702,-35.987
25804.826,-36.067
25804.912,-35.993
25805.013,-35.9
25805.092,-36.08
25805.195,-36.007
25805.300,-36.027
25805.396,-35.9
25805.498,-35.927
25805.604,-35.913
25805.702,-35.967
25805.805,-35.927
25805.927,-35.947
25806.013,-35.92
25806.136,-35.94
25806.217,-35.867
25806.342,-35.927
25806.420,-36.033
25806.491,-36.013
25806.592,-35.96
25856.731,-35.953
25856.829,-35.987
25856.930,-35.993
25857.037,-35.887
25857.145,-35.987
25857.244,-35.92
25857.341,-35.993
25857.445,-36.0
25857.650,-35.873
25857.652,-35.933
25857.766,-35.96
25857.853,-35.987
25857.956,-36.027
25857.984,-36.013
25858.084,-35.913
25858.201,-35.947
25858.305,-36.007
25858.403,-36.06
25858.501,-36.02
25858.594,-35.887
25858.702,-35.96
25858.802,-35.973
25858.900,-35.933
25858.986,-35.933
25859.084,-36.0
25859.187,-35.907
25859.287,-35.92
25859.398,-35.987
25859.498,-35.933
25859.604,-35.953
25859.699,-35.84
25859.799,-35.967
25859.903,-36.04
25860.021,-36.0
25860.116,-36.007
25860.222,-35.893
25860.339,-35.887
25860.413,-35.92
25860.516,-35.88
25860.621,-36.007
25860.724,-35.867
25860.851,-35.98
25860.925,-36.047
25860.984,-35.88
25861.143,-35.913
25861.195,-35.913
25861.339,-35.947
25861.440,-35.98
25861.479,-35.967
25861.577,-35.987
25861.766,-35.927
25861.771,-35.933
25861.876,-36.013
25862.052,-35.973
25862.074,-35.94
25862.177,-35.967
25862.288,-36.04
25862.388,-35.813
25862.484,-35.933
25862.589,-35.947
25862.670,-35.993
25862.768,-35.967
25862.873,-35.96
25862.979,-35.853
25863.077,-35.933
25863.180,-35.913
25863.282,-35.987
25863.391,-35.887
25863.494,-35.98
25863.589,-35.88
25863.689,-35.913
25863.792,-35.94
25863.896,-35.893
25864.013,-35.987
25864.103,-35.973
25864.202,-35.94
25864.307,-35.933
25864.425,-35.813
25864.523,-36.027
25864.621,-35.88
25864.717,-36.027
25864.822,-35.927
25864.918,-35.907
25865.023,-36.027
25865.123,-36.087
25865.194,-35.927
25865.351,-35.947
25865.430,-36.0
25865.533,-36.06
25865.635,-36.053
25865.663,-35.913
25865.763,-36.04
25865.875,-35.98
25865.971,-36.093
25866.072,-35.987
25866.172,-35.807
25866.263,-35.933
25866.361,-35.973
25866.464,-35.88
25866.584,-35.967
25866.660,-36.053
25916.761,-35.953
25916.866,-35.873
25916.967,-35.873
25917.094,-35.973
25917.173,-36.013
25917.275,-35.927
25917.376,-35.9
25917.478,-35.913
25917.584,-35.867
25917.690,-35.84
25917.797,-35.92
25917.896,-35.98
25917.996,-35.913
25918.099,-35.933
25918.197,-35.847
25918.299,-35.94
25918.423,-36.02
25918.501,-35.913
25918.606,-35.92
25918.707,-35.887
25918.810,-35.887
25918.912,-35.933
25919.021,-35.947
25919.055,-35.987
25919.160,-35.96
25919.273,-35.833
25919.427,-35.873
25919.457,-35.953
25919.550,-35.967
25919.648,-36.013
25919.755,-35.847
25919.861,-35.913
25919.962,-35.94
25920.150,-35.973
25920.153,-35.94
25920.261,-36.007
25920.346,-36.013
25920.449,-35.927
25920.550,-35.933
25920.673,-36.027
25920.756,-35.987
25920.853,-35.953
25920.961,-35.953
25921.065,-35.94
25921.165,-35.933
25921.268,-35.887
25921.369,-36.053
25921.476,-35.967
25921.582,-35.987
25921.680,-35.92
25921.780,-36.02
25921.881,-35.94
25921.984,-36.013
25922.104,-35.88
25922.511,-35.807
25922.601,-35.92
25922.643,-35.887
25922.743,-35.92
25922.907,-35.96
25923.011,-35.933
25923.038,-35.907
25923.214,-35.933
25923.246,-35.967
25923.342,-35.933
25923.440,-35.907
25923.623,-35.94
25923.650,-35.973
25923.756,-35.94
25923.854,-35.9
25923.937,-35.947
25924.057,-35.927
25924.136,-35.9
25924.238,-35.893
25924.348,-35.927
25924.447,-35.867
25924.547,-35.98
25924.673,-35.953
25924.741,-35.9
25924.853,-35.96
25924.940,-35.913
25925.084,-35.98
25925.143,-36.047
25925.263,-35.853
25925.364,-36.08
25925.454,-35.993
25925.533,-35.98
25925.633,-35.987
25925.736,-35.913
25925.878,-35.94
25925.986,-35.867
25926.043,-35.947
25926.185,-35.973
25926.285,-35.833
25926.388,-36.04
25926.508,-35.987
25926.594,-35.867
25926.697,-35.867
25976.798,-35.94
25976.920,-35.853
25977.001,-35.9
25977.030,-35.88
25977.126,-35.913
25977.243,-35.927
25977.334,-35.893
25977.437,-35.893
25977.616,-36.0
25977.635,-36.007
25977.733,-35.92
25977.832,-35.993
25977.932,-36.033
25978.030,-35.92
25978.140,-36.027
25978.234,-35.953
25978.347,-36.047
25978.447,-35.933
25978.552,-36.073
25978.652,-35.887
25978.760,-35.947
25978.856,-36.02
25978.952,-35.887
25979.050,-36.013
25979.153,-35.98
25979.255,-36.047
25979.358,-35.867
25979.459,-35.82
25979.570,-35.933
25979.667,-35.933
25979.766,-36.02
25979.869,-35.993
25979.935,-35.913
25980.074,-36.02
25980.146,-35.947
25980.288,-36.0
25980.356,-36.007
25980.486,-35.933
25980.594,-36.147
25980.626,-35.96
25980.728,-36.04
25980.815,-36.013
25980.917,-35.94
25981.028,-35.9
25981.125,-35.893
25981.226,-35.913
25981.327,-36.027
25981.508,-35.96
25981.535,-35.893
25981.655,-35.933
25981.714,-35.927
25981.815,-35.913
25981.918,-35.973
25982.021,-35.947
25982.123,-35.913
25982.226,-35.967
25982.327,-35.96
25982.435,-35.907
25982.545,-35.893
25982.643,-35.94
25982.756,-35.92
25982.841,-35.96
25982.942,-36.007
25983.045,-35.907
25983.168,-36.06
25983.250,-35.88
25983.349,-36.0
25983.452,-35.913
25983.560,-35.88
25983.658,-35.927
25983.766,-36.093
25983.886,-36.0
25983.964,-35.907
25984.069,-35.847
25984.170,-35.9
25984.271,-35.94
25984.373,-35.913
25984.486,-35.993
25984.513,-35.94
25984.619,-35.953
25984.714,-35.947
25984.812,-35.907
25984.910,-35.993
25985.006,-35.96
25985.197,-35.987
25985.202,-35.98
25985.302,-35.927
25985.400,-35.947
25985.501,-35.893
25985.604,-35.947
25985.721,-35.947
25985.817,-35.887
25985.918,-35.9
25986.016,-36.013
25986.116,-35.96
25986.221,-35.927
25986.320,-35.8
25986.432,-35.86
25986.523,-35.967
25986.630,-36.053
26276.731,-35.953
26276.844,-35.96
26276.945,-35.92
26277.043,-35.967
26277.140,-35.94
26277.266,-35.993
26277.344,-36.013
26277.447,-36.02
26277.548,-36.027
26277.652,-36.0
26277.753,-36.067
26277.858,-35.813
26277.900,-35.867
26278.065,-35.833
26278.094,-36.04
26278.268,-35.873
26278.310,-35.94
26278.469,-35.86
26278.500,-36.007
26278.598,-35.873
26278.704,-35.947
26278.800,-35.887
26278.905,-35.92
26279.005,-35.88
26279.109,-36.027
26279.211,-35.92
26279.290,-35.993
26279.393,-36.047
26279.500,-35.967
26279.598,-35.94
26279.699,-36.007
26279.807,-35.927
26279.905,-35.967
26280.033,-36.007
26280.109,-36.007
26280.212,-35.887
26280.314,-35.913
26280.418,-35.96
26280.518,-35.933
26280.621,-35.907
26280.724,-35.947
26280.842,-36.007
26280.940,-35.893
26281.038,-35.907
26281.133,-35.987
26281.253,-35.96
26281.337,-36.06
26281.440,-35.947
26281.543,-35.733
26281.646,-35.853
26281.751,-35.787
26281.849,-35.98
26281.954,-35.953
26281.986,-35.88
26282.084,-35.927
26282.180,-35.893
26282.283,-36.0
26282.386,-36.067
26282.493,-36.033
26282.591,-36.127
26282.679,-36.06
26282.795,-35.96
26282.898,-35.92
26283.000,-35.92
26283.092,-35.927
26283.189,-36.04
26283.293,-36.0
26283.413,-35.96
26283.501,-35.94
26283.599,-35.9
26283.702,-35.867
26283.798,-35.76
26283.907,-35.987
26284.005,-36.08
26284.103,-35.993
26284.224,-35.9
26284.310,-35.813
26284.413,-35.873
26284.479,-36.073
26284.586,-35.973
26284.690,-35.92
26284.810,-35.847
26284.929,-36.087
26285.048,-35.993
26285.114,-35.94
26285.224,-35.98
26285.336,-35.987
26285.434,-35.873
26285.535,-35.933
26285.638,-36.02
26285.741,-35.907
26285.844,-35.933
26285.873,-35.893
26285.988,-35.953
26286.077,-36.013
26286.175,-36.033
26286.278,-35.98
26286.381,-35.893
26286.560,-35.927
26286.587,-36.02
26336.773,-36.007
26336.775,-35.96
26336.876,-36.0
26336.974,-35.9
26337.089,-35.96
26337.177,-35.96
26337.277,-36.04
26337.381,-35.967
26337.501,-35.767
26337.597,-35.833
26337.694,-35.893
26337.793,-35.98
26337.893,-36.047
26337.994,-35.94
26338.097,-35.953
26338.209,-36.0
26338.309,-35.98
26338.361,-35.92
26338.506,-35.867
26338.608,-35.893
26338.672,-36.013
26338.812,-36.0
26338.932,-35.96
26338.984,-35.907
26339.086,-35.807
26339.224,-36.013
26339.339,-36.0
26339.366,-36.02
26339.462,-36.027
26339.663,-35.873
26339.736,-35.9
26339.763,-35.933
26339.940,-36.013
26339.979,-35.9
26340.067,-35.993
26340.246,-36.02
26340.273,-35.887
26340.452,-36.053
26340.478,-36.033
26340.577,-36.027
26340.657,-35.98
26340.765,-35.847
26340.863,-36.013
26340.964,-36.053
26341.065,-35.947
26341.175,-35.98
26341.277,-35.933
26341.371,-35.9
26341.500,-36.007
26341.577,-35.893
26341.682,-36.007
26341.783,-36.053
26341.913,-36.067
26341.989,-35.893
26342.092,-35.92
26342.194,-35.933
26342.304,-35.973
26342.400,-35.967
26342.501,-36.027
26342.604,-35.913
26342.712,-35.853
26342.809,-35.907
26342.910,-35.867
26343.013,-35.907
26343.136,-36.053
26343.217,-36.007
26343.275,-35.92
26343.361,-35.893
26343.457,-36.02
26343.548,-35.913
26343.668,-35.92
26343.748,-36.093
26343.932,-35.947
26343.961,-35.98
26344.070,-35.893
26344.170,-35.967
26344.359,-35.933
26344.361,-35.953
26344.445,-35.873
26344.552,-36.0
26344.652,-35.893
26344.753,-35.913
26344.854,-35.967
26344.959,-35.967
26345.059,-35.867
26345.179,-35.827
26345.265,-35.947
26345.366,-35.953
26345.472,-36.1
26345.589,-35.96
26345.690,-35.927
26345.788,-36.053
26345.883,-35.96
26345.981,-35.933
26346.084,-35.953
26346.195,-35.96
26346.288,-35.907
26346.393,-35.953
26346.494,-35.913
26346.596,-35.887
26346.697,-36.013
26396.804,-35.873
26396.903,-35.92
26397.011,-35.973
26397.049,-36.033
26397.211,-35.987
26397.243,-35.907
26397.337,-35.947
26397.445,-35.933
26397.548,-36.047
26397.655,-35.853
26397.746,-35.9
26397.927,-35.88
26397.954,-36.007
26398.052,-35.96
26398.155,-35.913
26398.244,-35.867
26398.346,-35.867
26398.444,-35.947
26398.549,-36.0
26398.643,-35.847
26398.746,-35.887
26398.848,-35.947
26398.959,-35.96
26399.057,-35.973
26399.157,-35.96
26399.260,-35.953
26399.332,-35.847
26399.454,-35.967
26399.582,-35.98
26399.670,-36.0
26399.771,-35.887
26399.873,-35.953
26399.996,-35.88
26400.077,-36.0
26400.182,-35.953
26400.283,-35.967
26400.418,-36.04
26400.493,-35.84
26400.591,-35.913
26400.692,-35.98
26400.728,-35.96
26400.898,-35.953
26401.000,-35.993
26401.028,-36.0
26401.206,-35.893
26401.234,-35.973
26401.334,-35.893
26401.445,-35.94
26401.543,-35.94
26401.641,-35.947
26401.739,-35.9
26401.834,-35.967
26401.932,-36.02
26402.030,-36.0
26402.128,-36.0
26402.228,-36.027
26402.329,-35.933
26402.434,-35.94
26402.543,-35.847
26402.638,-36.0
26402.758,-36.033
26402.842,-36.007
26402.945,-35.993
26403.045,-35.853
26403.148,-36.007
26403.261,-36.007
26403.354,-35.793
26403.424,-35.967
26403.548,-35.907
26403.672,-35.94
26403.766,-35.807
26403.866,-35.98
26403.994,-36.013
26404.084,-36.0
26404.182,-35.9
26404.278,-35.88
26404.378,-35.853
26404.481,-35.96
26404.584,-35.927
26404.685,-35.893
26404.729,-36.033
26404.817,-35.973
26404.991,-35.96
26405.025,-35.98
26405.121,-35.98
26405.222,-35.84
26405.402,-35.987
26405.430,-35.96
26405.532,-35.88
26405.635,-35.96
26405.733,-35.933
26405.829,-35.9
26405.918,-35.913
26406.018,-35.907
26406.119,-36.013
26406.266,-35.96
26406.324,-35.907
26406.425,-35.933
26406.530,-35.967
26406.631,-35.967
26456.734,-35.973
26456.837,-35.86
26456.937,-36.02
26457.045,-36.027
26457.143,-35.953
26457.246,-35.94
26457.349,-36.007
26457.449,-35.853
26457.550,-36.08
26457.668,-36.013
26457.758,-35.973
26457.859,-35.987
26457.961,-35.953
26458.081,-35.847
26458.109,-35.92
26458.270,-36.073
26458.326,-35.993
26458.474,-35.913
26458.537,-35.98
26458.643,-35.873
26458.704,-35.933
26458.883,-36.04
26458.915,-35.873
26459.098,-35.873
26459.101,-35.933
26459.295,-35.953
26459.322,-36.033
26459.420,-35.94
26459.506,-36.0
26459.695,-35.967
26459.702,-35.9
26459.807,-35.94
26459.920,-36.007
26460.013,-35.96
26460.114,-35.947
26460.241,-35.867
26460.327,-35.98
26460.425,-35.967
26460.530,-36.027
26460.623,-35.987
26460.728,-35.867
26460.829,-35.933
26460.932,-36.047
26461.035,-35.913
26461.136,-36.007
26461.239,-35.833
26461.351,-35.953
26461.444,-35.973
26461.545,-35.933
26461.648,-35.933
26461.756,-36.0
26461.853,-36.02
26461.954,-35.94
26462.081,-35.987
26462.097,-35.967
26462.214,-35.947
26462.366,-35.94
26462.393,-35.9
26462.537,-35.947
26462.594,-35.873
26462.704,-35.94
26462.812,-35.96
26462.981,-35.88
26463.008,-36.0
26463.108,-35.947
26463.209,-36.073
26463.398,-36.04
26463.400,-35.933
26463.500,-35.893
26463.594,-36.0
26463.697,-35.96
26463.800,-36.067
26463.920,-36.007
26464.008,-35.94
26464.108,-35.927
26464.207,-35.92
26464.329,-35.88
26464.427,-36.027
26464.525,-35.867
26464.625,-36.093
26464.721,-36.027
26464.824,-36.113
26464.927,-35.953
26465.028,-35.833
26465.133,-35.96
26465.233,-35.96
26465.334,-36.073
26465.437,-36.047
26465.543,-35.873
26465.652,-36.107
26465.780,-35.933
26465.785,-35.893
26465.949,-35.96
26466.013,-35.96
26466.165,-35.873
26466.194,-35.86
26466.288,-35.947
26466.386,-36.073
26466.489,-35.92
26466.582,-35.88
26466.699,-35.953
26516.798,-35.987
26516.896,-35.987
26516.998,-36.013
26517.094,-35.94
26517.179,-35.927
26517.295,-36.013
26517.390,-36.0
26517.486,-35.88
26517.592,-35.84
26517.706,-35.913
26517.800,-35.913
26517.898,-36.02
26518.003,-35.98
26518.101,-35.98
26518.202,-35.867
26518.327,-36.02
26518.415,-35.953
26518.513,-35.913
26518.613,-35.933
26518.716,-35.82
26518.819,-35.94
26518.918,-35.953
26519.021,-35.86
26519.131,-35.987
26519.226,-35.867
26519.329,-35.927
26519.432,-36.007
26519.542,-36.033
26519.570,-35.973
26519.738,-35.947
26519.839,-35.92
26519.942,-35.94
26519.971,-35.987
26520.072,-36.093
26520.189,-35.953
26520.278,-35.98
26520.385,-35.88
26520.481,-35.987
26520.576,-35.98
26520.675,-35.927
26520.771,-35.98
26520.869,-36.04
26520.967,-35.887
26521.074,-35.993
26521.172,-36.013
26521.273,-35.953
26521.381,-35.9
26521.479,-35.98
26521.582,-35.913
26521.685,-35.913
26521.787,-35.947
26521.888,-35.947
26522.005,-35.953
26522.094,-35.94
26522.197,-35.927
26522.299,-35.84
26522.388,-35.987
26522.510,-36.027
26522.609,-36.06
26522.709,-36.027
26522.810,-35.987
26522.913,-35.873
26523.018,-35.973
26523.118,-35.973
26523.224,-35.96
26523.322,-35.973
26523.425,-35.887
26523.528,-35.967
26523.630,-36.053
26523.733,-35.973
26523.760,-36.007
26523.864,-35.9
26523.961,-35.86
26524.141,-35.9
26524.167,-35.94
26524.273,-35.92
26524.449,-36.033
26524.476,-36.047
26524.662,-35.92
26524.665,-35.907
26524.761,-36.053
26524.861,-35.987
26524.962,-35.953
26525.062,-35.913
26525.165,-35.953
26525.266,-36.073
26525.376,-36.04
26525.473,-35.933
26525.574,-35.907
26525.677,-35.98
26525.785,-35.953
26525.883,-35.993
26525.986,-35.9
26526.089,-35.987
26526.190,-36.0
26526.292,-35.9
26526.415,-35.993
26526.501,-35.853
26526.599,-36.02
26526.702,-35.953
26576.822,-36.007
26576.908,-35.98
26576.976,-35.94
26577.113,-35.953
26577.184,-36.007
26577.315,-36.007
26577.420,-36.04
26577.521,-35.993
26577.564,-35.94
26577.648,-35.9
26577.748,-35.96
26577.853,-35.987
26577.954,-36.027
26578.055,-35.953
26578.153,-35.853
26578.253,-36.02
26578.366,-36.073
26578.464,-35.967
26578.545,-35.92
26578.663,-35.953
26578.763,-35.953
26578.859,-35.94
26578.954,-35.98
26579.055,-36.0
26579.160,-35.94
26579.261,-35.96
26579.364,-35.96
26579.467,-35.973
26579.569,-35.96
26579.670,-35.92
26579.773,-35.927
26579.876,-35.88
26579.978,-35.9
26580.087,-36.027
26580.184,-35.88
26580.285,-36.033
26580.388,-35.92
26580.500,-35.933
26580.594,-35.92
26580.695,-35.847
26580.798,-36.073
26580.839,-36.067
26581.005,-35.86
26581.040,-35.947
26581.138,-35.9
26581.310,-35.78
26581.337,-35.853
26581.515,-35.98
26581.555,-36.04
26581.641,-36.0
26581.743,-35.973
26581.854,-35.907
26581.949,-35.92
26582.049,-36.033
26582.152,-36.013
26582.336,-35.98
26582.339,-36.02
26582.435,-36.047
26582.538,-35.967
26582.658,-35.953
26582.746,-36.047
26582.844,-35.973
26582.947,-36.02
26583.070,-36.04
26583.146,-35.993
26583.263,-36.113
26583.361,-35.867
26583.462,-35.98
26583.562,-35.913
26583.665,-35.987
26583.768,-35.973
26583.875,-35.807
26583.974,-35.947
26584.076,-35.833
26584.177,-35.94
26584.280,-35.98
26584.383,-35.793
26584.496,-35.947
26584.597,-35.993
26584.692,-35.913
26584.790,-35.88
26584.908,-35.827
26584.937,-36.007
26585.099,-35.92
26585.133,-35.967
26585.231,-35.993
26585.329,-35.927
26585.425,-35.927
26585.532,-35.993
26585.714,-36.0
26585.726,-35.96
26585.844,-35.907
26585.942,-35.907
26586.021,-35.92
26586.123,-35.92
26586.224,-35.88
26586.334,-36.0
26586.430,-35.913
26586.532,-35.873
26586.636,-35.94
26876.746,-35.927
26876.844,-36.073
26876.942,-36.06
26877.038,-35.807
26877.160,-35.86
26877.256,-35.92
26877.351,-35.953
26877.454,-35.893
26877.562,-35.913
26877.660,-35.9
26877.758,-35.833
26877.873,-35.98
26877.972,-36.033
26878.067,-35.84
26878.174,-35.753
26878.285,-35.973
26878.383,-36.027
26878.479,-35.96
26878.584,-35.96
26878.682,-35.887
26878.785,-35.987
26878.907,-35.96
26878.923,-35.847
26879.018,-35.98
26879.195,-35.973
26879.222,-35.96
26879.342,-35.96
26879.425,-35.947
26879.528,-36.0
26879.614,-35.873
26879.734,-35.907
26879.832,-35.947
26879.912,-36.007
26880.015,-36.087
26880.125,-35.92
26880.222,-35.9
26880.322,-36.0
26880.424,-35.993
26880.543,-36.0
26880.665,-35.967
26880.771,-35.887
26880.844,-35.953
26880.942,-35.98
26881.037,-35.933
26881.155,-35.947
26881.278,-35.813
26881.351,-35.98
26881.454,-36.047
26881.549,-35.967
26881.653,-35.92
26881.763,-35.927
26881.864,-35.987
26881.957,-35.887
26882.062,-35.92
26882.163,-36.047
26882.273,-35.987
26882.371,-35.893
26882.471,-35.907
26882.598,-35.993
26882.614,-35.94
26882.702,-35.933
26882.802,-35.933
26882.925,-35.933
26883.010,-35.907
26883.190,-35.947
26883.216,-35.987
26883.329,-36.0
26883.420,-35.973
26883.523,-35.893
26883.621,-36.04
26883.724,-35.987
26883.802,-36.013
26883.905,-35.873
26884.016,-35.813
26884.109,-35.907
26884.212,-35.993
26884.315,-36.0
26884.435,-35.96
26884.521,-36.0
26884.621,-35.94
26884.724,-35.953
26884.846,-35.967
26884.940,-35.913
26885.038,-36.033
26885.138,-35.88
26885.238,-35.907
26885.341,-35.8
26885.447,-35.893
26885.543,-35.98
26885.653,-35.84
26885.756,-35.907
26885.851,-35.993
26885.956,-36.0
26886.079,-36.013
26886.160,-35.887
26886.273,-35.96
26886.363,-35.98
26886.466,-36.0
26886.494,-35.92
26886.591,-35.993
26886.706,-35.927
26936.804,-35.893
26936.903,-35.913
26937.006,-35.887
26937.106,-35.98
26937.206,-35.947
26937.310,-36.08
26937.410,-35.967
26937.515,-36.0
26937.591,-36.013
26937.694,-35.98
26937.798,-35.993
26937.898,-35.953
26938.001,-35.987
26938.109,-36.027
26938.207,-35.987
26938.310,-35.967
26938.435,-36.04
26938.521,-35.987
26938.616,-35.953
26938.719,-35.827
26938.842,-35.8
26938.893,-35.92
26939.016,-36.087
26939.104,-35.973
26939.231,-35.893
26939.332,-35.78
26939.435,-35.94
26939.535,-35.98
26939.648,-35.987
26939.751,-36.013
26939.849,-35.96
26939.947,-35.96
26939.991,-35.947
26940.153,-35.913
26940.253,-35.92
26940.283,-35.92
26940.381,-35.98
26940.489,-35.947
26940.587,-35.907
26940.682,-35.807
26940.866,-35.933
26940.895,-36.033
26940.994,-35.967
26941.092,-35.98
26941.185,-35.987
26941.290,-35.927
26941.390,-35.92
26941.484,-36.0
26941.584,-35.987
26941.689,-35.973
26941.790,-35.973
26941.896,-35.927
26942.005,-35.967
26942.101,-35.893
26942.199,-35.94
26942.322,-35.967
26942.405,-35.827
26942.525,-35.813
26942.608,-35.947
26942.712,-35.913
26942.814,-35.82
26942.930,-35.86
26942.986,-36.013
26943.121,-35.947
26943.190,-35.893
26943.298,-35.993
26943.427,-35.873
26943.530,-35.907
26943.633,-35.827
26943.734,-36.02
26943.837,-35.973
26943.940,-35.827
26944.052,-35.827
26944.084,-35.793
26944.177,-35.947
26944.280,-35.96
26944.381,-35.887
26944.476,-36.08
26944.577,-36.013
26944.680,-35.92
26944.771,-35.973
26944.869,-36.073
26944.969,-36.02
26945.168,-35.933
26945.170,-35.96
26945.271,-35.847
26945.373,-35.907
26945.476,-36.02
26945.577,-35.9
26945.682,-35.92
26945.785,-35.96
26945.895,-35.96
26945.994,-35.933
26946.091,-35.973
26946.195,-35.9
26946.304,-36.04
26946.403,-35.9
26946.501,-35.78
26946.604,-35.96
26946.706,-35.893
26996.807,-35.887
26996.929,-35.96
26997.015,-35.907
26997.114,-36.007
26997.180,-35.947
26997.341,-35.98
26997.422,-35.86
26997.523,-35.947
26997.626,-36.053
26997.665,-36.013
26997.763,-35.987
26997.934,-35.967
26997.961,-36.007
26998.079,-36.073
26998.165,-36.0
26998.263,-35.86
26998.371,-35.76
26998.474,-35.927
26998.570,-35.92
26998.674,-36.047
26998.768,-35.927
26998.856,-35.873
26998.957,-35.947
26999.065,-35.987
26999.182,-35.993
26999.265,-35.867
26999.369,-35.933
26999.471,-35.993
26999.572,-35.953
26999.675,-35.827
26999.783,-35.993
26999.888,-35.94
26999.986,-36.073
27000.084,-35.9
27000.185,-35.86
27000.288,-35.913
27000.391,-36.033
27000.494,-36.02
27000.604,-35.993
27000.699,-35.827
27000.804,-36.013
27000.903,-35.987
27001.016,-35.933
27001.113,-35.933
27001.211,-35.8
27001.312,-35.893
27001.356,-35.92
27001.518,-35.88
27001.626,-35.927
27001.655,-36.0
27001.824,-35.947
27001.853,-36.0
27001.951,-35.913
27002.074,-36.04
27002.158,-35.927
27002.256,-35.853
27002.364,-35.907
27002.464,-35.907
27002.550,-35.88
27002.650,-35.9
27002.746,-35.773
27002.851,-35.88
27002.951,-36.007
27003.052,-36.0
27003.175,-36.08
27003.261,-35.867
27003.369,-36.033
27003.466,-35.84
27003.560,-35.973
27003.668,-36.007
27003.771,-35.98
27003.873,-35.987
27003.979,-35.933
27004.079,-35.887
27004.180,-35.947
27004.292,-35.813
27004.388,-36.013
27004.488,-35.82
27004.589,-36.073
27004.694,-36.06
27004.795,-35.773
27004.896,-35.9
27005.015,-35.94
27005.101,-35.96
27005.209,-35.987
27005.238,-35.967
27005.427,-35.98
27005.511,-35.913
27005.538,-35.987
27005.638,-35.98
27005.748,-36.0
27005.848,-36.08
27005.945,-35.92
27006.126,-36.027
27006.155,-36.047
27006.253,-36.04
27006.432,-35.947
27006.435,-35.92
27006.535,-35.867
27006.638,-35.96
27056.741,-36.053
27056.851,-35.907
27056.945,-35.793
27057.047,-36.013
27057.148,-35.96
27057.263,-35.92
27057.354,-35.927
27057.457,-35.913
27057.559,-35.933
27057.631,-35.993
27057.765,-36.053
27057.866,-36.0
27057.969,-35.893
27058.072,-36.013
27058.174,-35.953
27058.295,-35.96
27058.378,-36.02
27058.483,-35.907
27058.584,-35.927
27058.690,-35.873
27058.795,-35.973
27058.891,-35.973
27058.993,-36.027
27059.101,-35.887
27059.197,-35.98
27059.302,-35.907
27059.327,-35.96
27059.447,-35.96
27059.530,-35.927
27059.633,-35.987
27059.741,-35.933
27059.913,-36.087
27059.942,-35.973
27060.042,-35.92
27060.158,-35.94
27060.224,-35.927
27060.326,-36.053
27060.427,-35.967
27060.528,-35.9
27060.648,-35.98
27060.744,-35.927
27060.839,-35.94
27060.940,-35.967
27061.040,-35.913
27061.143,-35.973
27061.265,-35.893
27061.349,-35.913
27061.451,-35.887
27061.579,-35.813
27061.675,-35.9
27061.758,-35.947
27061.900,-35.947
27061.962,-35.893
27062.065,-36.027
27062.168,-35.92
27062.273,-35.953
27062.361,-35.973
27062.476,-36.067
27062.577,-35.973
27062.680,-35.813
27062.780,-35.92
27062.878,-35.96
27062.986,-35.907
27063.018,-35.893
27063.126,-35.893
27063.216,-35.967
27063.317,-35.933
27063.415,-36.013
27063.533,-36.02
27063.630,-35.94
27063.728,-35.98
27063.834,-35.853
27063.915,-35.873
27064.025,-35.967
27064.123,-35.927
27064.216,-36.007
27064.319,-36.0
27064.418,-36.113
27064.523,-36.053
27064.640,-36.02
27064.738,-36.007
27064.834,-35.9
27064.937,-35.907
27065.045,-35.96
27065.143,-35.98
27065.241,-35.973
27065.348,-36.047
27065.449,-35.913
27065.547,-35.94
27065.673,-35.96
27065.761,-35.953
27065.861,-36.02
27065.957,-36.0
27066.082,-35.913
27066.160,-35.98
27066.263,-35.94
27066.366,-35.98
27066.408,-35.953
27066.570,-35.973
27066.673,-36.047
27116.777,-35.913
27116.820,-35.92
27116.989,-35.98
27117.016,-36.08
27117.109,-36.027
27117.209,-36.047
27117.310,-35.913
27117.413,-36.007
27117.508,-36.007
27117.619,-36.147
27117.800,-35.967
27117.802,-35.92
27117.922,-35.96
27118.016,-36.02
27118.113,-36.0
27118.211,-36.1
27118.312,-36.013
27118.413,-35.973
27118.501,-35.953
27118.611,-35.993
27118.712,-36.007
27118.834,-36.2
27118.902,-35.9
27119.023,-35.993
27119.121,-36.007
27119.241,-35.94
27119.347,-36.147
27119.432,-35.873
27119.540,-36.02
27119.638,-35.98
27119.758,-35.887
27119.856,-36.047
27119.952,-35.893
27120.052,-36.013
27120.153,-36.04
27120.251,-36.027
27120.359,-36.033
27120.462,-36.033
27120.494,-35.967
27120.594,-36.053
27120.770,-35.98
27120.871,-35.947
27120.900,-36.047
27120.998,-36.04
27121.099,-36.087
27121.207,-36.033
27121.310,-35.98
27121.393,-36.107
27121.494,-36.027
27121.594,-36.067
27121.692,-36.067
27121.792,-35.967
27121.918,-35.973
27122.008,-35.92
27122.106,-36.067
27122.202,-35.96
27122.331,-36.007
27122.415,-36.02
27122.516,-35.873
27122.618,-35.967
27122.724,-36.02
27122.817,-35.967
27122.920,-35.92
27123.021,-35.94
27123.091,-36.007
27123.234,-36.013
27123.329,-36.013
27123.432,-36.027
27123.494,-35.9
27123.592,-36.0
27123.697,-35.98
27123.804,-35.907
27123.903,-35.947
27124.003,-35.9
27124.168,-35.827
27124.212,-35.92
27124.288,-36.067
27124.395,-36.013
27124.491,-36.0
27124.584,-36.06
27124.685,-36.02
27124.783,-35.92
27124.888,-35.973
27124.998,-35.893
27125.097,-36.013
27125.273,-36.02
27125.300,-36.013
27125.395,-35.873
27125.494,-36.0
27125.594,-36.067
27125.680,-36.08
27125.788,-36.027
27125.898,-36.007
27126.005,-36.093
27126.104,-35.86
27126.204,-36.073
27126.302,-36.027
27126.402,-36.02
27126.503,-36.08
27126.608,-35.953
27126.707,-35.907
27176.815,-36.113
27176.923,-36.06
27177.021,-35.953
27177.118,-35.9
27177.219,-36.147
27177.324,-36.04
27177.430,-36.007
27177.527,-36.053
27177.630,-35.913
27177.731,-36.04
27177.842,-36.08
27177.937,-36.04
27178.038,-36.067
27178.143,-36.027
27178.244,-35.993
27178.271,-36.073
27178.447,-35.96
27178.476,-36.067
27178.653,-35.96
27178.756,-35.98
27178.783,-35.947
27178.900,-36.067
27178.988,-36.12
27179.087,-35.98
27179.190,-36.033
27179.270,-35.967
27179.381,-36.093
27179.483,-36.007
27179.606,-35.88
27179.680,-36.007
27179.780,-36.007
27179.883,-36.12
27180.003,-36.113
27180.089,-36.0
27180.189,-36.107
27180.293,-36.047
27180.415,-36.047
27180.503,-36.053
27180.577,-36.08
27180.702,-36.04
27180.805,-36.073
27180.908,-35.92
27181.008,-35.94
27181.111,-35.947
27181.214,-36.167
27181.322,-35.953
27181.422,-35.993
27181.520,-35.987
27181.623,-36.007
27181.726,-35.993
27181.842,-35.933
27181.861,-35.913
27182.033,-36.047
27182.060,-36.0
27182.255,-36.053
27182.265,-36.08
27182.364,-36.047
27182.467,-36.02
27182.577,-36.113
27182.675,-36.053
27182.775,-36.147
27182.942,-36.04
27182.961,-35.927
27183.081,-35.96
27183.160,-35.98
27183.261,-36.053
27183.366,-36.033
27183.484,-35.967
27183.569,-35.927
27183.680,-36.027
27183.775,-36.073
27183.878,-36.0
27183.988,-36.04
27184.092,-36.027
27184.155,-35.953
27184.285,-36.093
27184.388,-36.047
27184.491,-35.987
27184.594,-35.933
27184.695,-35.927
27184.797,-35.913
27184.900,-36.06
27185.010,-36.04
27185.106,-36.027
27185.243,-36.08
27185.314,-35.907
27185.412,-35.98
27185.518,-36.04
27185.555,-36.033
27185.719,-36.02
27185.827,-36.02
27185.854,-35.913
27185.952,-36.04
27186.050,-35.993
27186.155,-36.007
27186.253,-36.013
27186.364,-36.007
27186.462,-36.04
27186.564,-36.067
27186.663,-36.1
27476.770,-36.093
27476.844,-36.007
27476.949,-35.953
27477.057,-36.02
27477.153,-36.033
27477.256,-36.18
27477.359,-35.967
27477.474,-36.073
27477.572,-36.007
27477.668,-35.987
27477.768,-36.033
27477.869,-35.893
27477.973,-35.973
27478.091,-36.047
27478.177,-36.013
27478.278,-36.067
27478.375,-35.893
27478.501,-36.04
27478.587,-36.173
27478.687,-36.04
27478.746,-36.073
27478.854,-36.013
27478.962,-35.88
27479.099,-35.987
27479.201,-36.02
27479.302,-36.053
27479.413,-36.04
27479.444,-35.933
27479.604,-36.0
27479.707,-35.98
27479.758,-35.993
27479.839,-35.967
27479.954,-35.973
27480.050,-36.027
27480.148,-35.967
27480.248,-36.067
27480.342,-36.067
27480.439,-36.093
27480.540,-35.973
27480.663,-36.087
27480.736,-36.18
27480.841,-36.047
27480.942,-36.087
27481.043,-36.087
27481.146,-36.013
27481.258,-36.067
27481.354,-36.093
27481.467,-35.893
27481.565,-35.953
27481.665,-36.14
27481.763,-35.98
27481.871,-36.093
27481.969,-36.007
27482.077,-35.9
27482.177,-36.027
27482.233,-36.033
27482.337,-36.04
27482.447,-35.953
27482.550,-35.927
27482.682,-36.053
27482.756,-36.027
27482.888,-35.967
27482.989,-36.02
27483.101,-36.06
27483.130,-36.06
27483.236,-36.02
27483.329,-36.053
27483.521,-36.033
27483.604,-35.887
27483.626,-35.92
27483.810,-35.94
27483.834,-35.967
27483.942,-36.053
27484.038,-36.033
27484.217,-36.107
27484.246,-36.1
27484.337,-36.067
27484.423,-35.98
27484.525,-35.993
27484.628,-35.907
27484.750,-35.953
27484.842,-35.98
27484.942,-36.0
27485.038,-36.093
27485.141,-36.013
27485.244,-36.053
27485.346,-36.113
27485.447,-36.047
27485.549,-36.093
27485.653,-35.987
27485.755,-35.987
27485.856,-36.013
27485.959,-35.893
27486.062,-36.02
27486.175,-36.047
27486.268,-35.853
27486.329,-35.98
27486.472,-36.047
27486.587,-35.993
27486.618,-36.033
27536.778,-35.927
27536.881,-36.033
27536.984,-36.02
27537.086,-36.093
27537.187,-35.993
27537.216,-36.1
27537.315,-36.107
27537.417,-36.133
27537.518,-36.053
27537.701,-35.993
27537.731,-35.947
27537.905,-35.98
27537.934,-35.973
27538.037,-36.007
27538.212,-36.1
27538.214,-36.087
27538.314,-35.973
27538.424,-36.047
27538.521,-36.033
27538.623,-36.067
27538.746,-35.967
27538.827,-36.007
27538.927,-36.107
27539.032,-35.913
27539.133,-36.1
27539.236,-35.947
27539.347,-36.02
27539.442,-35.973
27539.552,-36.007
27539.648,-35.92
27539.748,-36.0
27539.851,-36.0
27539.957,-36.107
27540.055,-35.98
27540.167,-35.96
27540.261,-35.9
27540.363,-36.053
27540.466,-36.133
27540.586,-36.04
27540.606,-36.027
27540.771,-36.06
27540.839,-36.013
27540.996,-36.047
27541.045,-36.16
27541.113,-35.987
27541.283,-36.02
27541.317,-36.073
27541.456,-36.067
27541.594,-36.02
27541.618,-35.913
27541.717,-36.007
27541.900,-36.0
27541.903,-36.093
27542.003,-36.027
27542.113,-36.08
27542.209,-36.027
27542.309,-36.06
27542.423,-36.027
27542.513,-35.947
27542.614,-35.993
27542.712,-36.0
27542.836,-35.873
27542.934,-36.027
27543.030,-36.12
27543.128,-36.0
27543.231,-36.073
27543.332,-35.887
27543.435,-36.053
27543.537,-36.06
27543.641,-36.06
27543.743,-36.067
27543.854,-35.9
27543.947,-35.967
27544.050,-35.927
27544.153,-35.94
27544.258,-35.953
27544.356,-35.893
27544.459,-36.007
27544.560,-36.04
27544.672,-36.073
27544.702,-36.047
27544.800,-36.013
27544.896,-36.047
27544.994,-35.967
27545.111,-36.073
27545.199,-36.04
27545.378,-36.02
27545.407,-35.993
27545.506,-36.08
27545.611,-36.06
27545.690,-36.0
27545.798,-36.107
27545.898,-35.973
27545.996,-36.173
27546.097,-36.1
27546.209,-36.053
27546.309,-36.053
27546.403,-36.0
27546.508,-36.007
27546.611,-36.053
27596.712,-36.033
27596.832,-35.96
27596.920,-35.807
27597.018,-35.953
27597.121,-36.073
27597.246,-35.987
27597.326,-36.013
27597.435,-36.027
27597.533,-36.113
27597.636,-36.047
27597.739,-36.047
27597.792,-36.04
27597.942,-35.867
27597.983,-35.92
27598.146,-36.12
27598.248,-36.053
27598.349,-36.04
27598.405,-35.9
27598.555,-35.953
27598.582,-35.987
27598.697,-36.02
27598.783,-36.02
27598.964,-36.113
27598.993,-36.047
27599.081,-36.033
27599.201,-36.0
27599.280,-36.12
27599.403,-36.08
27599.491,-35.86
27599.587,-36.04
27599.687,-36.067
27599.785,-36.06
27599.890,-36.14
27599.989,-35.94
27600.096,-36.007
27600.197,-36.06
27600.295,-35.967
27600.396,-36.067
27600.508,-35.88
27600.603,-36.0
27600.704,-36.06
27600.807,-36.047
27600.920,-36.0
27601.021,-36.073
27601.119,-36.0
27601.217,-35.967
27601.320,-36.013
27601.423,-35.98
27601.523,-35.987
27601.628,-35.973
27601.731,-36.02
27601.831,-36.1
27601.932,-36.093
27601.976,-36.133
27602.138,-35.987
27602.192,-36.08
27602.445,-36.047
27602.449,-36.013
27602.474,-36.02
27602.572,-36.0
27602.675,-36.1
27602.778,-36.1
27602.878,-36.06
27602.983,-36.08
27603.079,-36.033
27603.190,-35.987
27603.290,-35.993
27603.391,-35.993
27603.493,-36.02
27603.587,-36.033
27603.684,-35.947
27603.785,-36.067
27603.885,-36.047
27603.981,-36.107
27604.086,-36.0
27604.187,-36.093
27604.293,-35.9
27604.391,-36.107
27604.491,-36.033
27604.599,-36.053
27604.701,-36.073
27604.800,-36.02
27604.918,-36.033
27605.006,-35.993
27605.109,-36.073
27605.212,-36.04
27605.332,-36.033
27605.415,-36.093
27605.527,-36.053
27605.619,-36.133
27605.722,-36.067
27605.824,-36.0
27605.927,-36.0
27606.030,-36.067
27606.060,-36.027
27606.165,-36.093
27606.261,-36.047
27606.361,-35.96
27606.467,-36.147
27606.565,-36.033
27606.695,-35.993
27656.778,-35.98
27656.907,-36.013
27656.979,-35.987
27657.077,-36.013
27657.165,-36.12
27657.263,-35.987
27657.361,-36.007
27657.464,-36.127
27657.565,-36.08
27657.668,-36.007
27657.771,-35.94
27657.873,-36.0
27657.976,-35.94
27658.079,-36.047
27658.187,-35.947
27658.293,-35.96
27658.388,-35.927
27658.489,-36.0
27658.594,-35.98
27658.702,-36.093
27658.829,-36.027
27658.903,-35.94
27659.003,-36.0
27659.109,-35.953
27659.212,-35.96
27659.327,-36.0
27659.417,-36.047
27659.515,-35.953
27659.614,-36.08
27659.738,-35.953
27659.817,-35.953
27659.923,-35.933
27659.949,-36.027
27660.062,-35.96
27660.157,-36.027
27660.258,-36.007
27660.434,-35.953
27660.449,-35.993
27660.570,-35.973
27660.665,-36.007
27660.768,-36.033
27660.866,-35.98
27660.964,-36.04
27661.049,-36.187
27661.165,-36.08
27661.253,-36.067
27661.354,-36.047
27661.457,-35.933
27661.577,-35.913
27661.675,-36.087
27661.771,-36.127
27661.868,-35.98
27661.969,-35.867
27662.067,-36.007
27662.165,-36.053
27662.278,-36.0
27662.378,-36.007
27662.481,-36.073
27662.584,-35.933
27662.689,-36.067
27662.788,-36.06
27662.891,-36.067
27663.003,-35.993
27663.094,-35.827
27663.197,-35.953
27663.300,-35.96
27663.413,-36.02
27663.445,-36.013
27663.616,-35.9
27663.650,-35.947
27663.736,-35.967
27663.837,-35.933
27663.939,-36.0
27664.042,-36.013
27664.143,-36.033
27664.246,-35.947
27664.427,-36.033
27664.435,-35.98
27664.542,-36.107
27664.638,-36.013
27664.758,-36.107
27664.841,-36.053
27664.949,-36.08
27665.043,-36.1
27665.143,-36.053
27665.251,-36.007
27665.348,-36.1
27665.452,-36.02
27665.576,-36.093
27665.665,-35.973
27665.761,-35.94
27665.859,-35.927
27665.962,-36.06
27666.089,-36.087
27666.168,-35.993
27666.270,-35.947
27666.381,-35.947
27666.481,-36.013
27666.577,-36.107
27666.679,-36.027
27716.755,-35.893
27716.908,-35.88
27716.986,-36.033
27717.089,-36.053
27717.195,-36.007
27717.298,-35.9
27717.415,-35.933
27717.427,-35.933
27717.603,-36.027
27717.630,-35.987
27717.728,-36.047
27717.847,-35.9
27717.942,-35.98
27718.043,-36.04
27718.148,-35.873
27718.226,-36.0
27718.344,-35.967
27718.445,-36.06
27718.547,-36.007
27718.625,-35.96
27718.729,-35.96
27718.831,-36.007
27718.932,-36.007
27719.038,-36.04
27719.138,-36.073
27719.253,-36.013
27719.342,-35.987
27719.445,-36.013
27719.545,-36.127
27719.663,-36.087
27719.760,-36.12
27719.859,-35.973
27719.956,-36.08
27720.082,-36.04
27720.163,-35.973
27720.263,-35.993
27720.366,-35.953
27720.467,-35.927
27720.570,-35.893
27720.778,-36.02
27720.782,-36.053
27720.888,-36.013
27720.981,-36.02
27721.052,-36.073
27721.128,-36.06
27721.288,-35.92
27721.388,-35.98
27721.417,-35.933
27721.523,-35.927
27721.623,-36.007
27721.729,-36.147
27721.822,-35.987
27722.003,-35.913
27722.033,-35.96
27722.131,-36.007
27722.233,-36.033
27722.336,-36.04
27722.415,-35.993
27722.518,-35.967
27722.628,-35.993
27722.746,-36.14
27722.822,-35.993
27722.927,-35.873
27723.033,-36.033
27723.131,-36.133
27723.256,-36.113
27723.337,-36.1
27723.437,-36.0
27723.550,-35.987
27723.660,-36.12
27723.744,-35.987
27723.849,-36.06
27723.951,-35.967
27724.097,-36.047
27724.155,-36.02
27724.256,-35.993
27724.369,-36.013
27724.471,-35.993
27724.565,-35.9
27724.665,-36.12
27724.768,-36.06
27724.873,-36.073
27724.974,-36.013
27725.082,-36.06
27725.180,-36.053
27725.207,-36.053
27725.305,-36.067
27725.435,-36.067
27725.521,-36.04
27725.619,-35.98
27725.717,-36.027
27725.908,-36.027
27725.913,-35.993
27726.101,-36.06
27726.103,-35.92
27726.204,-35.98
27726.329,-36.02
27726.402,-36.1
27726.511,-36.173
27726.613,-36.173
27776.714,-36.067
27776.815,-36.1
27776.920,-36.033
27777.023,-36.08
27777.133,-36.033
27777.233,-35.987
27777.337,-35.98
27777.432,-36.04
27777.533,-36.073
27777.638,-36.073
27777.746,-35.94
27777.842,-35.893
27777.942,-35.96
27778.074,-36.0
27778.150,-36.06
27778.251,-36.0
27778.354,-36.027
27778.457,-35.987
27778.559,-36.02
27778.663,-35.98
27778.763,-36.053
27778.805,-36.047
27778.893,-36.087
27778.993,-36.093
27779.094,-36.127
27779.197,-36.013
27779.300,-36.073
27779.503,-36.047
27779.508,-36.0
27779.608,-36.04
27779.709,-36.133
27779.829,-36.08
27779.908,-36.02
27779.994,-35.873
27780.094,-35.927
27780.199,-36.153
27780.320,-36.06
27780.402,-36.173
27780.505,-36.013
27780.606,-36.047
27780.712,-36.02
27780.810,-36.033
27780.913,-35.953
27781.008,-36.0
27781.123,-36.053
27781.219,-36.073
27781.322,-35.973
27781.425,-36.107
27781.521,-36.007
27781.625,-36.093
27781.744,-36.027
27781.834,-35.98
27781.935,-36.047
27782.040,-36.033
27782.158,-35.98
27782.185,-35.94
27782.347,-36.06
27782.449,-36.033
27782.559,-36.0
27782.589,-36.047
27782.684,-36.02
27782.782,-36.027
27782.893,-36.02
27782.991,-35.907
27783.165,-36.007
27783.260,-36.06
27783.288,-36.053
27783.383,-36.047
27783.503,-35.967
27783.582,-35.913
27783.702,-36.0
27783.780,-36.06
27783.888,-36.053
27783.994,-35.967
27784.087,-36.113
27784.190,-35.967
27784.293,-36.073
27784.386,-36.093
27784.506,-36.067
27784.606,-35.913
27784.702,-35.96
27784.804,-36.02
27784.878,-36.107
27785.008,-36.04
27785.123,-35.98
27785.175,-35.967
27785.317,-36.093
27785.420,-36.133
27785.530,-36.093
27785.604,-36.007
27785.724,-36.0
27785.831,-36.0
27785.932,-35.987
27786.035,-35.987
27786.155,-36.0
27786.174,-35.947
27786.342,-35.9
27786.442,-36.0
27786.567,-36.027
27786.648,-36.013
27786.675,-36.053
28076.775,-36.127
28076.890,-36.1
28076.972,-36.013
28077.089,-36.1
28077.187,-35.933
28077.364,-35.907
28077.369,-36.02
28077.491,-36.08
28077.574,-36.007
28077.672,-36.013
28077.773,-35.98
28077.878,-36.12
28077.993,-36.2
28078.082,-36.033
28078.184,-35.967
28078.287,-35.873
28078.405,-35.973
28078.500,-36.027
28078.597,-36.107
28078.728,-35.993
28078.802,-36.033
28078.902,-35.98
28078.964,-36.193
28079.064,-36.113
28079.207,-36.033
28079.310,-36.1
28079.376,-35.88
28079.486,-36.027
28079.584,-36.153
28079.719,-36.04
28079.831,-36.1
28079.924,-35.96
28079.996,-35.973
28080.130,-36.053
28080.241,-36.093
28080.271,-36.073
28080.403,-35.847
28080.464,-36.047
28080.567,-36.047
28080.674,-35.993
28080.775,-36.027
28080.869,-35.967
28080.973,-36.053
28081.076,-36.007
28081.175,-36.053
28081.300,-36.047
28081.358,-36.027
28081.461,-35.947
28081.569,-35.96
28081.668,-36.047
28081.773,-36.027
28081.871,-36.093
28081.973,-35.867
28082.079,-35.927
28082.175,-36.04
28082.280,-36.033
28082.402,-36.067
28082.494,-36.0
28082.591,-36.033
28082.689,-36.1
28082.815,-36.02
28082.895,-36.1
28082.996,-35.96
28083.098,-35.96
28083.207,-36.04
28083.305,-36.133
28083.400,-36.047
28083.508,-35.92
28083.619,-35.967
28083.716,-36.027
28083.815,-36.013
28083.918,-36.02
28084.016,-36.073
28084.123,-36.02
28084.185,-35.867
28084.263,-35.967
28084.366,-35.94
28084.469,-36.073
28084.572,-35.987
28084.655,-36.033
28084.753,-36.013
28084.864,-35.987
28084.974,-36.047
28085.052,-36.047
28085.150,-36.06
28085.248,-36.02
28085.353,-36.013
28085.459,-36.053
28085.557,-36.007
28085.660,-35.98
28085.763,-36.113
28085.866,-35.987
28085.981,-35.953
28086.079,-35.967
28086.170,-36.113
28086.273,-36.093
28086.375,-36.02
28086.493,-35.993
28086.589,-35.947
28086.684,-36.007
28136.785,-36.027
28136.888,-35.933
28137.000,-35.96
28137.099,-35.873
28137.197,-36.073
28137.297,-36.02
28137.400,-35.973
28137.503,-36.147
28137.548,-36.007
28137.707,-35.98
28137.809,-36.093
28137.873,-36.007
28137.939,-35.94
28138.038,-35.987
28138.140,-36.027
28138.244,-36.007
28138.349,-36.053
28138.452,-36.087
28138.650,-36.053
28138.668,-36.12
28138.756,-35.967
28138.858,-36.18
28138.935,-36.093
28139.038,-35.933
28139.141,-35.907
28139.243,-36.033
28139.344,-36.033
28139.447,-36.113
28139.550,-36.047
28139.650,-35.947
28139.755,-35.96
28139.864,-36.02
28139.962,-36.047
28140.062,-36.12
28140.163,-35.993
28140.266,-36.067
28140.371,-36.08
28140.488,-36.02
28140.577,-36.007
28140.704,-35.88
28140.778,-36.08
28140.900,-36.027
28140.984,-36.013
28141.087,-35.953
28141.190,-35.993
28141.292,-36.127
28141.400,-36.167
28141.599,-36.02
28141.609,-36.107
28141.736,-36.033
28141.739,-36.093
28141.837,-36.027
28142.008,-36.047
28142.035,-36.02
28142.135,-36.1
28142.236,-36.107
28142.324,-36.227
28142.440,-36.0
28142.543,-36.007
28142.646,-36.087
28142.736,-36.147
28142.827,-35.967
28142.930,-36.047
28143.033,-35.94
28143.135,-35.953
28143.236,-36.06
28143.339,-36.053
28143.440,-35.927
28143.543,-36.033
28143.646,-36.027
28143.748,-35.893
28143.851,-35.947
28143.952,-35.913
28144.057,-36.06
28144.128,-36.08
28144.260,-36.073
28144.388,-36.007
28144.466,-35.94
28144.574,-36.04
28144.670,-35.98
28144.773,-36.107
28144.896,-36.06
28144.986,-35.86
28145.087,-36.107
28145.119,-35.973
28145.285,-36.013
28145.381,-36.093
28145.481,-36.027
28145.633,-35.887
28145.689,-36.053
28145.719,-36.047
28145.822,-36.06
28145.923,-36.107
28146.028,-36.08
28146.128,-35.953
28146.310,-36.0
28146.317,-35.993
28146.435,-36.06
28146.513,-35.913
28146.618,-36.013
28196.736,-36.0
28196.820,-35.953
28196.923,-36.08
28197.027,-35.967
28197.148,-36.0
28197.239,-35.953
28197.342,-36.053
28197.471,-35.953
28197.540,-36.087
28197.648,-35.953
28197.744,-35.987
28197.846,-36.12
28197.949,-36.14
28198.057,-36.013
28198.162,-35.853
28198.256,-36.0
28198.364,-36.04
28198.459,-36.06
28198.574,-35.873
28198.663,-35.987
28198.788,-35.987
28198.827,-36.04
28198.986,-36.12
28199.016,-36.053
28199.135,-36.007
28199.244,-36.007
28199.307,-36.027
28199.405,-36.067
28199.508,-36.013
28199.609,-36.047
28199.711,-35.953
28199.814,-36.1
28199.922,-36.1
28200.098,-36.16
28200.126,-36.033
28200.223,-36.007
28200.320,-35.947
28200.410,-35.88
28200.516,-35.907
28200.614,-36.047
28200.712,-35.98
28200.822,-36.04
28200.918,-35.987
28201.021,-35.92
28201.226,-36.04
28201.229,-35.94
28201.326,-36.08
28201.430,-36.04
28201.532,-35.98
28201.633,-36.067
28201.736,-35.92
28201.841,-36.173
28201.949,-36.073
28202.043,-36.093
28202.146,-36.04
28202.248,-35.9
28202.351,-36.047
28202.478,-36.08
28202.555,-35.98
28202.658,-36.04
28202.758,-35.98
28202.863,-35.993
28202.984,-35.947
28202.998,-36.1
28203.096,-35.98
28203.197,-36.1
28203.295,-36.14
28203.393,-35.987
28203.500,-36.053
28203.603,-36.073
28203.719,-35.973
28203.807,-36.06
28203.910,-35.98
28204.013,-35.947
28204.092,-36.1
28204.195,-36.047
28204.297,-36.087
28204.391,-35.967
28204.501,-36.08
28204.604,-36.053
28204.704,-36.027
28204.837,-36.02
28204.910,-35.94
28205.013,-36.013
28205.119,-36.107
28205.234,-36.06
28205.331,-36.067
28205.430,-35.9
28205.525,-36.1
28205.628,-36.12
28205.729,-35.927
28205.831,-35.98
28205.932,-35.827
28206.040,-36.093
28206.138,-35.94
28206.250,-35.993
28206.336,-35.973
28206.440,-35.913
28206.548,-35.98
28206.658,-36.013
28256.753,-36.1
28256.856,-36.053
28256.883,-36.06
28257.070,-36.033
28257.104,-36.073
28257.194,-36.133
28257.292,-36.107
28257.393,-36.06
28257.503,-36.033
28257.674,-36.04
28257.702,-36.053
28257.880,-36.127
28257.881,-36.107
28257.991,-35.993
28258.091,-36.02
28258.197,-36.0
28258.295,-36.16
28258.393,-36.047
28258.520,-36.067
28258.599,-35.987
28258.699,-35.993
28258.802,-36.033
28258.908,-35.987
28259.010,-36.04
28259.109,-36.047
28259.231,-35.953
28259.315,-36.073
28259.417,-35.987
28259.518,-36.04
28259.643,-35.973
28259.724,-35.993
28259.783,-36.113
28259.937,-35.947
28260.033,-35.98
28260.092,-36.047
28260.202,-36.107
28260.337,-35.987
28260.378,-36.06
28260.474,-35.953
28260.576,-35.967
28260.674,-35.98
28260.849,-36.027
28260.876,-36.18
28260.976,-35.98
28261.092,-36.067
28261.187,-36.067
28261.283,-35.98
28261.386,-36.107
28261.479,-36.12
28261.574,-36.047
28261.673,-36.087
28261.771,-35.94
28261.875,-36.02
28261.976,-35.987
28262.077,-35.96
28262.182,-36.02
28262.283,-36.04
28262.385,-36.02
28262.496,-35.973
28262.599,-35.9
28262.699,-35.913
28262.799,-35.98
28262.907,-36.047
28263.023,-35.913
28263.101,-36.087
28263.204,-36.02
28263.317,-35.953
28263.413,-35.947
28263.479,-36.087
28263.582,-36.16
28263.721,-36.013
28263.817,-35.973
28263.922,-35.833
28264.023,-36.0
28264.119,-36.027
28264.170,-36.06
28264.337,-36.08
28264.375,-35.98
28264.467,-35.94
28264.562,-36.02
28264.663,-36.04
28264.766,-36.047
28264.866,-36.047
28264.969,-36.093
28265.072,-36.033
28265.180,-36.107
28265.278,-36.087
28265.378,-36.1
28265.479,-36.153
28265.565,-36.107
28265.662,-35.987
28265.763,-35.9
28265.890,-36.033
28265.969,-36.027
28266.081,-35.947
28266.177,-36.06
28266.285,-36.053
28266.381,-36.153
28266.483,-36.013
28266.584,-35.973
28266.690,-36.02
28316.788,-36.16
28316.891,-36.113
28317.001,-35.887
28317.106,-35.933
28317.160,-35.953
28317.266,-35.967
28317.375,-36.087
28317.506,-35.88
28317.608,-36.06
28317.728,-35.993
28317.753,-36.007
28317.913,-36.1
28318.011,-36.073
28318.052,-36.153
28318.216,-36.013
28318.324,-36.013
28318.427,-36.053
28318.462,-36.087
28318.559,-35.987
28318.658,-36.027
28318.758,-36.053
28318.854,-36.093
28318.974,-36.013
28319.047,-36.027
28319.153,-36.02
28319.251,-36.0
28319.349,-35.993
28319.451,-36.033
28319.565,-36.0
28319.663,-36.0
28319.768,-36.053
28319.890,-36.013
28319.962,-35.927
28320.065,-35.94
28320.168,-36.053
28320.270,-35.947
28320.371,-36.04
28320.476,-36.02
28320.717,-36.027
28320.719,-36.053
28320.790,-36.073
28320.908,-36.04
28320.991,-35.953
28321.101,-35.927
28321.199,-35.973
28321.295,-36.087
28321.403,-36.093
28321.501,-36.087
28321.611,-35.933
28321.663,-36.04
28321.748,-36.073
28321.873,-35.987
28322.011,-35.933
28322.114,-35.98
28322.145,-36.007
28322.239,-36.087
28322.342,-36.007
28322.459,-36.067
28322.549,-36.053
28322.726,-35.947
28322.755,-36.047
28322.854,-36.147
28322.956,-36.007
28323.128,-36.053
28323.138,-36.02
28323.239,-36.107
28323.351,-36.007
28323.449,-36.08
28323.565,-36.047
28323.751,-35.847
28323.756,-36.033
28323.854,-36.047
28323.974,-36.053
28324.074,-36.04
28324.170,-35.987
28324.268,-35.94
28324.366,-36.013
28324.469,-36.027
28324.570,-35.96
28324.675,-35.98
28324.780,-35.993
28324.878,-36.067
28324.981,-36.047
28325.082,-36.02
28325.187,-35.927
28325.288,-36.027
28325.400,-36.027
28325.491,-36.1
28325.618,-36.02
28325.697,-35.993
28325.812,-35.873
28325.844,-35.993
28326.011,-36.0
28326.037,-36.0
28326.135,-36.053
28326.234,-36.12
28326.336,-36.033
28326.437,-36.073
28326.543,-36.027
28376.722,-35.96
28376.748,-36.047
28376.935,-35.973
28376.940,-36.073
28377.037,-36.033
28377.133,-36.053
28377.239,-36.1
28377.336,-36.02
28377.437,-36.013
28377.540,-35.913
28377.650,-36.053
28377.746,-36.107
28377.853,-35.96
28377.973,-35.907
28378.030,-35.96
28378.153,-36.02
28378.258,-35.913
28378.359,-35.987
28378.484,-36.033
28378.562,-36.02
28378.673,-35.987
28378.777,-36.073
28378.871,-35.967
28378.974,-35.953
28379.079,-35.973
28379.182,-36.007
28379.280,-36.033
28379.385,-36.013
28379.489,-35.953
28379.598,-36.027
28379.621,-36.04
28379.719,-36.013
28379.836,-35.973
28379.930,-36.0
28380.028,-35.98
28380.125,-36.033
28380.223,-36.133
28380.329,-35.987
28380.432,-36.1
28380.545,-35.993
28380.623,-35.92
28380.719,-35.967
28380.817,-35.993
28380.920,-36.04
28381.030,-35.96
28381.128,-35.973
28381.228,-35.993
28381.329,-35.96
28381.432,-35.96
28381.535,-35.98
28381.650,-36.06
28381.761,-35.913
28381.842,-35.993
28381.944,-35.967
28382.062,-36.007
28382.160,-36.1
28382.261,-36.027
28382.383,-35.987
28382.437,-36.013
28382.559,-36.087
28382.660,-36.08
28382.763,-36.06
28382.864,-36.08
28382.969,-35.94
28383.070,-35.913
28383.172,-36.06
28383.283,-36.06
28383.317,-36.04
28383.415,-36.007
28383.511,-36.073
28383.606,-36.033
28383.709,-36.1
28383.898,-36.107
28383.927,-36.06
28384.023,-35.927
28384.119,-35.987
28384.221,-36.02
28384.322,-36.033
28384.503,-35.993
28384.506,-35.94
28384.606,-36.013
28384.707,-36.053
28384.810,-36.1
28384.915,-36.073
28385.025,-36.02
28385.121,-35.993
28385.219,-36.073
28385.324,-36.113
28385.432,-36.067
28385.532,-36.007
28385.630,-35.893
28385.736,-36.053
28385.799,-36.1
28385.907,-36.087
28386.008,-36.06
28386.153,-35.987
28386.212,-36.027
28386.315,-36.027
28386.469,-35.987
28386.550,-36.067
28386.653,-36.0
28676.761,-36.033
28676.863,-36.007
28676.956,-35.947
28677.064,-36.147
28677.167,-36.073
28677.207,-36.06
28677.305,-36.08
28677.403,-36.14
28677.687,-36.047
28677.690,-36.06
28677.694,-36.02
28677.814,-35.993
28677.900,-35.927
28678.011,-36.04
28678.113,-36.073
28678.190,-35.96
28678.310,-35.953
28678.407,-36.14
28678.503,-35.993
28678.603,-36.04
28678.702,-36.0
28678.804,-35.967
28678.908,-36.027
28679.010,-35.98
28679.114,-35.987
28679.214,-36.04
28679.320,-35.953
28679.420,-36.167
28679.521,-36.053
28679.623,-35.993
28679.734,-36.087
28679.891,-35.887
28679.895,-35.967
28680.033,-36.067
28680.146,-36.027
28680.244,-36.12
28680.341,-35.967
28680.442,-36.007
28680.545,-36.013
28680.648,-35.967
28680.751,-36.06
28680.853,-35.92
28680.920,-36.087
28681.049,-36.047
28681.099,-36.033
28681.204,-35.987
28681.290,-35.88
28681.388,-35.987
28681.491,-36.047
28681.594,-36.007
28681.695,-36.033
28681.799,-36.033
28681.903,-36.04
28681.984,-36.013
28682.082,-36.08
28682.192,-35.98
28682.305,-35.92
28682.391,-36.04
28682.493,-36.04
28682.592,-35.987
28682.717,-36.067
28682.799,-36.06
28682.900,-36.027
28683.001,-36.027
28683.111,-35.967
28683.207,-36.02
28683.312,-36.04
28683.413,-35.827
28683.525,-35.973
28683.625,-36.04
28683.717,-35.987
28683.826,-36.087
28683.925,-35.84
28684.027,-36.033
28684.143,-36.213
28684.231,-36.027
28684.334,-36.04
28684.440,-36.12
28684.555,-35.94
28684.584,-36.027
28684.744,-36.087
28684.847,-36.033
28684.959,-35.993
28684.989,-35.967
28685.084,-36.067
28685.177,-35.973
28685.280,-36.027
28685.383,-36.08
28685.479,-36.013
28685.657,-35.947
28685.690,-35.973
28685.771,-36.033
28685.875,-36.0
28685.981,-35.907
28686.099,-35.913
28686.175,-36.067
28686.280,-36.033
28686.393,-36.0
28686.493,-36.013
28686.591,-35.947
28686.692,-35.947
28736.792,-36.087
28736.896,-36.073
28737.000,-35.993
28737.099,-35.953
28737.201,-36.04
28737.305,-36.067
28737.407,-36.007
28737.543,-35.887
28737.618,-35.92
28737.717,-36.053
28737.819,-35.993
28737.929,-36.02
28738.025,-36.067
28738.123,-35.947
28738.231,-35.98
28738.327,-35.987
28738.430,-35.987
28738.554,-35.9
28738.567,-35.973
28738.665,-35.973
28738.761,-36.007
28738.920,-36.033
28738.971,-36.073
28739.067,-36.087
28739.170,-36.1
28739.288,-36.04
28739.386,-35.907
28739.459,-36.1
28739.560,-35.96
28739.660,-36.033
28739.761,-36.047
28739.864,-35.993
28739.979,-35.987
28740.067,-36.08
28740.163,-36.02
28740.263,-36.027
28740.393,-36.027
28740.501,-36.027
28740.579,-36.1
28740.805,-35.933
28740.807,-35.94
28740.886,-36.0
28740.991,-36.04
28741.092,-36.013
28741.195,-36.1
28741.292,-36.047
28741.400,-36.0
28741.503,-36.027
28741.606,-36.153
28741.709,-36.047
28741.810,-36.027
28741.912,-35.92
28742.016,-35.987
28742.119,-36.0
28742.229,-36.06
28742.320,-35.933
28742.425,-35.967
28742.451,-36.107
28742.550,-35.98
28742.663,-36.1
28742.761,-36.08
28742.864,-36.04
28742.964,-36.02
28743.049,-35.947
28743.148,-36.053
28743.268,-36.013
28743.349,-36.033
28743.447,-36.007
28743.554,-35.94
28743.653,-36.02
28743.768,-36.013
28743.861,-36.08
28743.986,-36.027
28744.067,-35.953
28744.165,-35.98
28744.266,-35.96
28744.369,-35.993
28744.479,-35.96
28744.574,-35.913
28744.679,-35.973
28744.802,-35.973
28744.869,-35.953
28744.988,-36.107
28745.086,-36.06
28745.190,-36.087
28745.287,-36.027
28745.395,-36.053
28745.496,-36.02
28745.604,-36.06
28745.704,-35.913
28745.805,-35.973
28745.905,-36.02
28745.944,-36.093
28746.040,-36.047
28746.136,-36.04
28746.239,-35.973
28746.339,-36.0
28746.442,-36.0
28746.550,-36.067
28746.640,-35.987
28796.748,-36.053
28796.849,-36.067
28796.954,-36.02
28797.050,-36.093
28797.157,-36.067
28797.241,-35.967
28797.339,-36.0
28797.543,-36.187
28797.545,-35.98
28797.646,-36.093
28797.750,-36.093
28797.858,-35.913
28797.952,-36.04
28798.055,-35.987
28798.158,-36.067
28798.261,-36.0
28798.381,-35.94
28798.476,-36.013
28798.569,-35.993
28798.673,-36.013
28798.795,-36.133
28798.886,-35.867
28798.986,-36.013
28799.084,-36.073
28799.182,-36.04
28799.251,-35.973
28799.351,-35.96
28799.427,-36.013
28799.592,-36.067
28799.694,-36.127
28799.797,-35.96
28799.898,-35.907
28800.015,-36.067
28800.043,-35.973
28800.141,-36.133
28800.236,-35.94
28800.342,-35.98
28800.437,-35.933
28800.618,-35.98
28800.643,-36.127
28800.726,-35.953
28800.846,-36.007
28800.923,-35.987
28801.049,-35.947
28801.135,-36.073
28801.234,-36.033
28801.332,-35.953
28801.435,-35.907
28801.538,-36.053
28801.641,-36.007
28801.741,-36.053
28801.854,-35.987
28801.949,-35.967
28802.054,-36.013
28802.152,-36.053
28802.258,-36.04
28802.359,-36.033
28802.420,-36.02
28802.564,-36.053
28802.663,-35.993
28802.766,-36.027
28802.888,-36.067
28802.974,-35.967
28803.074,-35.927
28803.170,-35.993
28803.221,-36.0
28803.380,-36.08
28803.484,-35.967
28803.584,-36.06
28803.621,-36.093
28803.716,-36.013
28803.820,-36.053
28803.927,-35.973
28804.020,-35.973
28804.121,-36.14
28804.224,-35.96
28804.327,-36.013
28804.429,-36.087
28804.530,-35.94
28804.633,-35.953
28804.724,-36.0
28804.820,-36.067
28804.922,-36.047
28805.018,-35.967
28805.136,-36.033
28805.236,-36.0
28805.334,-36.02
28805.427,-36.12
28805.530,-36.04
28805.636,-35.973
28805.734,-36.093
28805.837,-36.153
28805.912,-35.993
28806.043,-35.967
28806.145,-35.867
28806.246,-35.96
28806.349,-36.1
28806.452,-36.053
28806.564,-36.007
28806.658,-35.873
28856.760,-35.973
28856.863,-36.147
28856.973,-36.147
28857.070,-36.08
28857.168,-35.913
28857.273,-36.093
28857.385,-36.08
28857.410,-36.007
28857.506,-36.093
28857.604,-35.887
28857.785,-35.933
28857.812,-35.98
28857.910,-35.947
28858.030,-35.98
28858.121,-36.107
28858.219,-36.013
28858.300,-36.067
28858.408,-36.007
28858.513,-36.02
28858.609,-36.047
28858.704,-35.96
28858.810,-36.0
28858.910,-35.98
28859.013,-35.993
28859.133,-36.06
28859.219,-35.927
28859.322,-35.973
28859.424,-36.047
28859.545,-36.007
28859.628,-35.953
28859.729,-35.927
28859.832,-36.033
28859.937,-36.073
28860.040,-36.06
28860.148,-36.027
28860.243,-35.907
28860.354,-35.96
28860.449,-36.027
28860.549,-36.1
28860.655,-36.027
28860.753,-35.913
28860.856,-35.967
28860.978,-35.967
28861.060,-36.04
28861.094,-35.973
28861.266,-36.053
28861.293,-36.047
28861.410,-36.053
28861.508,-35.967
28861.604,-35.933
28861.707,-35.98
28861.805,-36.04
28861.903,-36.013
28861.991,-36.047
28862.187,-36.107
28862.199,-35.993
28862.298,-36.107
28862.393,-36.053
28862.494,-36.08
28862.606,-36.027
28862.702,-36.1
28862.809,-36.02
28862.903,-36.06
28863.006,-35.96
28863.109,-36.02
28863.222,-35.98
28863.319,-36.153
28863.440,-36.1
28863.543,-35.96
28863.628,-35.86
28863.731,-36.007
28863.824,-35.94
28863.929,-36.067
28864.030,-35.94
28864.133,-35.927
28864.236,-35.98
28864.347,-35.973
28864.442,-36.047
28864.543,-35.813
28864.614,-36.053
28864.748,-36.127
28864.849,-36.06
28864.920,-36.113
28865.059,-36.007
28865.084,-36.02
28865.184,-36.0
28865.283,-36.02
28865.381,-36.013
28865.489,-36.02
28865.670,-36.04
28865.697,-36.113
28865.793,-35.987
28865.898,-36.053
28866.001,-36.047
28866.077,-35.94
28866.184,-36.087
28866.283,-35.993
28866.385,-35.993
28866.486,-36.033
28866.599,-36.02
28866.697,-35.987
28916.898,-36.02
28916.900,-35.973
28917.001,-36.007
28917.103,-36.107
28917.219,-36.013
28917.310,-35.98
28917.415,-36.1
28917.511,-36.027
28917.631,-36.053
28917.731,-35.907
28917.827,-35.967
28917.927,-36.0
28918.025,-35.987
28918.126,-36.047
28918.229,-35.907
28918.331,-35.953
28918.435,-35.96
28918.501,-35.973
28918.638,-36.0
28918.741,-35.98
28918.844,-36.027
28918.873,-35.94
28918.969,-36.027
28919.081,-36.06
28919.177,-35.987
28919.277,-35.987
28919.378,-36.08
28919.469,-35.973
28919.660,-36.073
28919.690,-36.04
28919.792,-36.033
28919.976,-35.913
28919.978,-36.02
28920.074,-36.053
28920.197,-35.967
28920.282,-36.02
28920.378,-36.06
28920.481,-36.153
28920.597,-36.073
28920.692,-36.107
28920.788,-35.98
28920.898,-36.0
28921.003,-36.047
28921.101,-35.953
28921.197,-36.013
28921.307,-35.973
28921.405,-36.113
28921.506,-36.06
28921.628,-35.973
28921.717,-36.02
28921.814,-35.96
28921.915,-36.08
28922.040,-35.947
28922.072,-36.107
28922.223,-36.02
28922.283,-36.027
28922.364,-35.987
28922.496,-36.007
28922.633,-35.947
28922.667,-36.147
28922.765,-36.12
28922.864,-36.04
28923.043,-36.02
28923.069,-36.1
28923.248,-36.027
28923.275,-36.027
28923.373,-36.033
28923.467,-36.0
28923.555,-36.007
28923.663,-36.007
28923.758,-36.08
28923.878,-36.027
28923.978,-35.94
28924.074,-36.02
28924.174,-35.96
28924.271,-35.98
28924.396,-36.08
28924.478,-35.987
28924.577,-36.007
28924.687,-35.98
28924.783,-35.98
28924.885,-35.887
28924.986,-35.867
28925.089,-35.94
28925.219,-35.96
28925.305,-36.093
28925.402,-35.973
28925.506,-35.987
28925.601,-36.013
28925.716,-35.96
28925.812,-36.053
28925.908,-36.06
28926.011,-36.133
28926.113,-35.927
28926.239,-35.947
28926.317,-35.973
28926.422,-36.04
28926.523,-36.073
28926.552,-36.1
28926.648,-36.007
28976.773,-36.06
28976.853,-35.987
28976.957,-36.093
28977.059,-35.987
28977.167,-35.973
28977.346,-36.067
28977.349,-35.893
28977.444,-36.067
28977.555,-35.98
28977.652,-35.98
28977.751,-36.02
28977.875,-36.127
28977.961,-36.093
28978.062,-36.04
28978.163,-36.08
28978.265,-36.047
28978.368,-36.22
28978.469,-36.067
28978.570,-36.093
28978.682,-36.073
28978.783,-35.96
28978.885,-36.073
28978.983,-36.08
28979.086,-36.033
28979.187,-35.913
28979.290,-36.053
28979.391,-35.987
28979.494,-36.127
28979.597,-35.98
28979.714,-36.033
28979.800,-36.04
28979.903,-35.987
28980.013,-35.987
28980.040,-35.993
28980.148,-36.067
28980.246,-36.133
28980.342,-35.953
28980.449,-36.0
28980.547,-36.013
28980.650,-36.087
28980.748,-35.88
28980.848,-36.033
28980.949,-36.0
28981.052,-35.933
28981.155,-36.02
28981.258,-36.007
28981.337,-36.06
28981.440,-36.173
28981.574,-36.12
28981.643,-35.967
28981.849,-35.88
28981.851,-35.933
28981.964,-36.027
28982.062,-36.067
28982.155,-36.073
28982.258,-36.047
28982.359,-36.027
28982.462,-35.987
28982.565,-36.033
28982.697,-36.08
28982.746,-35.96
28982.873,-35.94
28982.974,-35.987
28983.079,-35.993
28983.177,-35.967
28983.283,-35.933
28983.390,-36.0
28983.484,-35.84
28983.596,-36.147
28983.694,-36.073
28983.800,-36.02
28983.829,-36.06
28983.998,-36.127
28984.125,-35.98
28984.141,-35.947
28984.239,-36.007
28984.329,-36.067
28984.432,-36.04
28984.535,-36.0
28984.717,-35.993
28984.820,-35.927
28984.831,-36.02
28984.927,-36.087
28985.023,-35.987
28985.126,-35.967
28985.226,-36.033
28985.337,-36.007
28985.432,-36.107
28985.535,-36.047
28985.638,-36.027
28985.741,-35.967
28985.842,-36.047
28985.962,-35.92
28986.049,-36.06
28986.150,-35.9
28986.258,-35.993
28986.373,-36.02
28986.429,-36.007
28986.557,-36.093
28986.662,-35.967
29276.766,-35.98
29276.866,-36.127
29276.969,-35.993
29277.079,-35.987
29277.182,-35.827
29277.283,-35.913
29277.381,-35.967
29277.479,-36.12
29277.582,-36.013
29277.685,-35.94
29277.805,-35.9
29277.815,-35.973
29278.000,-35.967
29278.028,-35.973
29278.128,-36.067
29278.234,-35.953
29278.331,-35.867
29278.427,-36.013
29278.533,-36.06
29278.628,-36.087
29278.731,-36.147
29278.810,-35.98
29278.913,-36.067
29279.016,-36.1
29279.119,-36.04
29279.244,-36.06
29279.327,-35.913
29279.425,-35.967
29279.528,-36.1
29279.640,-35.96
29279.743,-36.0
29279.844,-36.053
29279.940,-36.047
29280.049,-36.047
29280.111,-36.013
29280.244,-36.107
29280.315,-36.053
29280.415,-35.853
29280.554,-36.02
29280.653,-35.98
29280.761,-36.08
29280.859,-36.053
29280.962,-35.987
29281.065,-36.007
29281.104,-36.1
29281.268,-36.053
29281.369,-36.093
29281.478,-35.987
29281.518,-36.073
29281.680,-35.953
29281.702,-36.0
29281.804,-35.96
29281.986,-36.04
29282.013,-35.907
29282.111,-36.053
29282.209,-36.067
29282.317,-36.107
29282.418,-35.987
29282.621,-35.96
29282.626,-36.04
29282.704,-36.08
29282.805,-36.1
29282.907,-36.027
29283.013,-36.047
29283.111,-36.02
29283.216,-35.993
29283.320,-36.093
29283.425,-36.087
29283.527,-36.027
29283.626,-35.947
29283.726,-35.96
29283.829,-35.94
29283.951,-35.987
29284.074,-35.947
29284.146,-35.887
29284.202,-36.007
29284.342,-36.1
29284.461,-36.007
29284.513,-35.907
29284.650,-35.827
29284.750,-36.013
29284.822,-36.093
29284.954,-35.973
29285.057,-35.933
29285.148,-36.0
29285.271,-36.08
29285.300,-36.027
29285.396,-36.047
29285.570,-36.04
29285.672,-35.953
29285.699,-35.98
29285.804,-35.967
29285.910,-36.033
29286.013,-35.973
29286.092,-35.973
29286.212,-35.98
29286.297,-36.06
29286.395,-36.127
29286.493,-35.947
29286.594,-36.04
29286.695,-35.947
29336.799,-35.967
29336.902,-36.0
29337.010,-36.087
29337.106,-36.107
29337.209,-35.853
29337.310,-35.96
29337.425,-35.88
29337.518,-35.86
29337.619,-35.94
29337.722,-35.893
29337.822,-36.113
29337.925,-36.093
29338.027,-35.993
29338.135,-36.02
29338.231,-35.9
29338.334,-35.92
29338.457,-36.007
29338.501,-36.093
29338.641,-35.993
29338.707,-35.933
29338.868,-35.953
29338.915,-36.027
29339.050,-35.987
29339.092,-36.087
29339.192,-36.073
29339.349,-36.04
29339.402,-36.067
29339.486,-36.027
29339.589,-36.127
29339.692,-36.0
29339.869,-35.98
29339.898,-35.973
29339.996,-35.987
29340.092,-35.88
29340.177,-36.107
29340.295,-36.033
29340.383,-35.887
29340.486,-35.973
29340.591,-36.06
29340.707,-35.967
29340.805,-36.087
29340.903,-35.907
29341.001,-36.067
29341.099,-36.06
29341.202,-36.073
29341.302,-36.193
29341.407,-35.947
29341.515,-36.047
29341.611,-36.053
29341.714,-36.053
29341.815,-36.133
29341.918,-35.96
29342.021,-36.067
29342.133,-35.993
29342.228,-36.007
29342.327,-36.053
29342.440,-36.06
29342.532,-36.0
29342.636,-36.033
29342.739,-36.047
29342.839,-36.033
29342.942,-36.033
29342.969,-35.94
29343.148,-35.96
29343.175,-35.967
29343.273,-36.113
29343.376,-35.953
29343.479,-35.993
29343.604,-35.96
29343.689,-36.093
29343.787,-36.18
29343.890,-36.107
29343.967,-36.107
29344.069,-36.107
29344.194,-36.133
29344.282,-36.02
29344.381,-36.04
29344.479,-36.0
29344.574,-35.96
29344.677,-36.053
29344.785,-35.94
29344.888,-35.973
29344.984,-36.027
29345.116,-35.953
29345.195,-36.007
29345.297,-36.04
29345.400,-35.987
29345.508,-36.033
29345.606,-36.053
29345.709,-36.027
29345.810,-36.087
29345.918,-36.093
29346.018,-35.967
29346.121,-35.927
29346.219,-35.867
29346.320,-35.987
29346.424,-36.1
29346.543,-36.0
29346.560,-36.0
29396.731,-36.12
29396.761,-36.08
29396.954,-36.067
29396.961,-35.987
29397.062,-36.04
29397.163,-36.04
29397.278,-36.007
29397.373,-36.08
29397.471,-36.147
29397.576,-36.073
29397.675,-36.06
29397.778,-35.987
29397.861,-36.0
29397.961,-35.987
29398.055,-35.9
29398.163,-36.04
29398.268,-36.073
29398.380,-36.033
29398.474,-36.047
29398.574,-36.007
29398.680,-36.013
29398.792,-36.047
29398.893,-36.04
29398.989,-36.053
29399.086,-36.007
29399.189,-35.96
29399.290,-36.027
29399.395,-36.06
29399.496,-36.013
29399.598,-36.053
29399.709,-36.08
29399.905,-35.88
29399.910,-35.887
29400.010,-35.92
29400.135,-36.08
29400.217,-35.987
29400.256,-35.993
29400.631,-35.98
29400.635,-36.013
29400.636,-36.04
29400.660,-35.967
29400.758,-36.033
29400.952,-36.053
29400.967,-36.0
29401.065,-36.1
29401.158,-35.94
29401.265,-36.06
29401.364,-36.033
29401.447,-36.053
29401.545,-35.987
29401.648,-36.013
29401.755,-36.0
29401.851,-36.007
29401.954,-35.907
29402.055,-36.033
29402.168,-35.973
29402.263,-36.113
29402.364,-36.08
29402.467,-36.087
29402.570,-36.053
29402.670,-36.087
29402.790,-36.033
29402.876,-36.053
29402.978,-35.92
29403.079,-35.98
29403.201,-36.04
29403.285,-36.027
29403.353,-35.933
29403.489,-35.98
29403.594,-35.987
29403.694,-35.953
29403.800,-35.927
29403.900,-36.013
29403.940,-35.933
29404.104,-36.007
29404.216,-36.04
29404.310,-36.1
29404.339,-35.953
29404.515,-36.013
29404.540,-35.987
29404.650,-36.093
29404.748,-36.007
29404.846,-35.947
29404.945,-35.94
29405.038,-35.987
29405.138,-36.06
29405.241,-36.1
29405.363,-36.013
29405.435,-36.127
29405.538,-35.947
29405.640,-35.813
29405.743,-36.02
29405.846,-35.927
29405.956,-36.013
29406.050,-36.033
29406.153,-35.993
29406.255,-35.993
29406.366,-36.047
29406.466,-35.987
29406.572,-36.02
29406.674,-36.047
29456.771,-35.9
29456.876,-36.033
29456.973,-36.0
29457.074,-35.987
29457.199,-36.013
29457.285,-35.973
29457.383,-36.02
29457.483,-35.967
29457.587,-35.973
29457.690,-35.973
29457.797,-35.96
29457.893,-36.047
29457.935,-36.073
29458.091,-36.073
29458.199,-36.033
29458.228,-35.953
29458.329,-36.02
29458.430,-36.173
29458.532,-35.993
29458.633,-36.047
29458.744,-35.973
29458.839,-36.013
29458.942,-35.98
29459.037,-35.973
29459.123,-36.1
29459.224,-36.073
29459.326,-36.073
29459.449,-36.067
29459.540,-36.06
29459.643,-36.0
29459.736,-36.053
29459.841,-36.06
29459.940,-36.067
29460.043,-36.053
29460.146,-36.033
29460.251,-36.06
29460.349,-36.06
29460.461,-36.0
29460.559,-36.013
29460.658,-36.053
29460.761,-36.013
29460.876,-35.953
29460.966,-35.98
29461.065,-35.9
29461.170,-36.067
29461.290,-35.967
29461.315,-36.013
29461.479,-35.92
29461.579,-35.907
29461.702,-36.067
29461.729,-36.107
29461.888,-35.913
29461.917,-36.007
29462.045,-35.973
29462.116,-35.967
29462.228,-36.04
29462.361,-36.067
29462.423,-35.947
29462.525,-36.073
29462.628,-36.107
29462.712,-36.1
29462.832,-36.1
29462.912,-35.993
29463.013,-35.953
29463.123,-36.02
29463.226,-35.987
29463.324,-36.06
29463.423,-35.967
29463.525,-35.88
29463.628,-35.967
29463.724,-36.0
29463.832,-36.093
29463.935,-36.007
29464.030,-35.927
29464.135,-35.947
29464.251,-35.953
29464.346,-36.04
29464.447,-36.027
29464.550,-35.933
29464.668,-36.053
29464.768,-35.907
29464.863,-36.007
29464.962,-35.993
29465.062,-35.86
29465.163,-35.98
29465.285,-36.033
29465.366,-36.06
29465.471,-36.033
29465.572,-35.88
29465.695,-35.907
29465.778,-35.96
29465.805,-35.953
29465.988,-35.94
29466.020,-35.913
29466.111,-35.967
29466.290,-36.027
29466.320,-36.08
29466.415,-36.14
29466.516,-36.027
29466.601,-36.027
29516.731,-35.9
29516.812,-35.96
29516.903,-36.027
29517.006,-36.013
29517.125,-36.053
29517.212,-35.96
29517.314,-35.913
29517.418,-35.953
29517.535,-35.987
29517.628,-36.067
29517.724,-36.047
29517.859,-35.887
29517.922,-35.993
29518.032,-36.027
29518.133,-35.973
29518.236,-35.94
29518.337,-35.953
29518.440,-35.987
29518.550,-36.06
29518.646,-36.02
29518.748,-36.02
29518.851,-35.887
29518.959,-36.04
29519.055,-36.113
29519.158,-35.9
29519.258,-36.013
29519.371,-35.933
29519.402,-36.08
29519.500,-36.033
29519.599,-36.16
29519.695,-35.973
29519.795,-35.987
29519.898,-36.013
29520.001,-36.1
29520.101,-36.06
29520.204,-35.993
29520.307,-36.087
29520.429,-36.107
29520.489,-35.993
29520.589,-35.993
29520.694,-35.98
29520.798,-36.04
29520.905,-36.053
29521.000,-35.9
29521.104,-35.907
29521.209,-36.0
29521.307,-35.927
29521.408,-36.02
29521.533,-36.02
29521.623,-35.853
29521.719,-35.993
29521.820,-35.933
29521.944,-36.02
29522.025,-36.02
29522.126,-35.827
29522.226,-35.913
29522.337,-35.947
29522.434,-36.08
29522.537,-35.967
29522.638,-36.007
29522.685,-36.087
29522.844,-36.013
29522.947,-35.873
29523.049,-35.947
29523.153,-35.953
29523.253,-36.073
29523.371,-35.987
29523.386,-36.013
29523.484,-36.0
29523.584,-36.027
29523.687,-36.007
29523.782,-35.96
29523.880,-36.027
29524.000,-36.0
29524.106,-36.047
29524.179,-36.02
29524.280,-35.987
29524.381,-36.02
29524.481,-36.033
29524.586,-36.033
29524.687,-36.02
29524.891,-36.0
29524.893,-36.047
29524.994,-36.027
29525.097,-36.073
29525.209,-36.107
29525.302,-35.927
29525.403,-36.087
29525.478,-36.073
29525.619,-35.947
29525.721,-35.873
29525.783,-35.847
29525.915,-35.967
29526.018,-35.993
29526.121,-35.96
29526.223,-35.953
29526.324,-35.893
29526.429,-35.987
29526.530,-35.993
29526.633,-36.047
29526.679,-35.973
29576.839,-35.927
29576.940,-36.113
29577.045,-36.02
29577.084,-35.953
29577.180,-35.98
29577.275,-36.027
29577.373,-35.987
29577.481,-35.933
29577.579,-35.953
29577.690,-35.993
29577.780,-36.08
29577.893,-36.033
29577.988,-36.053
29578.089,-36.12
29578.168,-35.96
29578.270,-36.053
29578.373,-35.96
29578.474,-35.913
29578.584,-36.067
29578.682,-36.033
29578.783,-36.073
29578.885,-36.0
29578.988,-35.927
29579.089,-35.98
29579.190,-36.027
29579.302,-35.947
29579.400,-35.96
29579.500,-36.06
29579.618,-35.96
29579.704,-36.087
29579.800,-35.993
29579.910,-35.907
29580.003,-36.0
29580.114,-36.1
29580.222,-36.073
29580.319,-36.093
29580.420,-35.953
29580.527,-35.947
29580.628,-36.127
29580.728,-36.06
29580.829,-35.98
29580.861,-35.987
29581.035,-36.04
29581.064,-35.98
29581.165,-36.007
29581.344,-35.933
29581.369,-36.02
29581.479,-36.06
29581.574,-36.013
29581.679,-35.993
29581.775,-36.08
29581.866,-36.067
29581.959,-36.027
29582.065,-35.987
29582.160,-35.913
29582.265,-36.073
29582.366,-36.1
29582.473,-36.027
29582.572,-35.987
29582.674,-35.987
29582.778,-36.007
29582.886,-36.0
29582.981,-36.007
29583.084,-35.993
29583.187,-35.96
29583.292,-36.027
29583.390,-36.073
29583.494,-35.927
29583.596,-36.08
29583.704,-35.847
29583.804,-36.027
29583.903,-35.947
29584.027,-35.94
29584.116,-36.073
29584.214,-36.013
29584.312,-36.02
29584.413,-36.013
29584.520,-35.927
29584.548,-36.007
29584.680,-36.033
29584.761,-35.94
29584.848,-35.967
29585.030,-36.033
29585.064,-36.107
29585.155,-35.973
29585.258,-36.033
29585.359,-36.013
29585.462,-36.007
29585.565,-35.927
29585.652,-36.04
29585.748,-36.127
29585.866,-36.113
29585.954,-36.1
29586.052,-36.02
29586.148,-36.007
29586.278,-36.113
29586.359,-35.987
29586.464,-36.013
29586.567,-35.973
29586.670,-36.007
29876.768,-36.133
29876.871,-35.867
29876.974,-36.107
29877.081,-36.047
29877.180,-36.067
29877.282,-36.02
29877.390,-35.893
29877.489,-36.02
29877.589,-36.093
29877.726,-35.96
29877.799,-36.027
29877.896,-35.893
29878.000,-35.953
29878.114,-36.08
29878.140,-35.993
29878.310,-35.98
29878.339,-36.027
29878.439,-35.98
29878.538,-35.96
29878.638,-35.887
29878.746,-36.047
29878.842,-36.033
29878.945,-36.073
29879.126,-35.96
29879.228,-35.98
29879.236,-35.98
29879.356,-36.107
29879.454,-35.953
29879.540,-35.947
29879.638,-35.967
29879.741,-36.06
29879.842,-36.047
29879.952,-35.947
29880.048,-35.96
29880.152,-36.1
29880.378,-35.973
29880.381,-35.987
29880.457,-36.04
29880.557,-36.08
29880.660,-35.9
29880.763,-35.967
29880.866,-35.96
29880.967,-35.927
29881.079,-36.107
29881.152,-36.027
29881.275,-35.96
29881.378,-36.0
29881.462,-35.967
29881.584,-36.067
29881.684,-36.0
29881.790,-35.847
29881.896,-35.947
29882.001,-36.047
29882.025,-36.06
29882.136,-36.08
29882.224,-35.973
29882.403,-35.96
29882.430,-36.093
29882.523,-35.94
29882.633,-35.927
29882.736,-36.0
29882.847,-35.927
29882.942,-36.093
29883.043,-35.967
29883.131,-36.04
29883.222,-36.0
29883.334,-36.007
29883.432,-35.893
29883.528,-36.033
29883.630,-36.1
29883.736,-36.027
29883.836,-35.98
29883.952,-36.0
29884.040,-36.12
29884.143,-36.007
29884.246,-35.987
29884.361,-35.987
29884.427,-36.027
29884.552,-35.98
29884.685,-35.947
29884.761,-36.04
29884.859,-36.0
29884.962,-36.013
29885.065,-35.94
29885.167,-36.06
29885.268,-36.027
29885.366,-35.807
29885.472,-36.04
29885.579,-36.027
29885.677,-35.947
29885.788,-35.933
29885.883,-35.927
29885.986,-36.013
29886.013,-36.087
29886.199,-35.893
29886.231,-35.933
29886.327,-36.067
29886.424,-36.007
29886.523,-36.033
29886.613,-36.147
29936.805,-36.0
29936.834,-36.033
29936.932,-35.9
29937.011,-36.04
29937.113,-36.007
29937.217,-35.96
29937.326,-35.893
29937.425,-35.973
29937.523,-36.107
29937.625,-36.02
29937.731,-36.04
29937.829,-35.88
29937.932,-35.84
29938.038,-35.98
29938.136,-36.02
29938.258,-36.067
29938.359,-36.08
29938.444,-35.993
29938.545,-35.973
29938.648,-35.967
29938.773,-35.92
29938.853,-36.06
29938.957,-35.973
29939.057,-35.98
29939.165,-36.053
29939.263,-36.093
29939.364,-36.02
29939.467,-35.96
29939.508,-35.967
29939.604,-35.94
29939.775,-36.013
29939.802,-35.98
29939.905,-36.053
29940.011,-36.027
29940.116,-36.12
29940.223,-35.993
29940.322,-36.207
29940.423,-35.973
29940.518,-35.947
29940.611,-36.053
29940.707,-36.053
29940.807,-36.1
29940.932,-36.14
29941.013,-35.987
29941.111,-36.047
29941.233,-36.047
29941.310,-35.96
29941.418,-36.073
29941.516,-35.86
29941.618,-36.08
29941.721,-36.013
29941.822,-36.053
29941.927,-36.047
29942.035,-36.067
29942.131,-36.0
29942.233,-36.1
29942.359,-36.047
29942.445,-36.1
29942.548,-35.907
29942.646,-35.953
29942.770,-36.027
29942.856,-36.013
29942.954,-36.1
29943.052,-36.033
29943.155,-35.96
29943.258,-36.013
29943.358,-36.0
29943.427,-36.067
29943.506,-36.04
29943.665,-36.0
29943.694,-35.993
29943.792,-35.947
29943.973,-35.953
29944.001,-35.987
29944.099,-36.127
29944.202,-36.053
29944.307,-36.0
29944.405,-36.007
29944.488,-36.1
29944.606,-36.027
29944.689,-36.133
29944.793,-35.993
29944.893,-35.967
29945.018,-36.073
29945.099,-36.06
29945.202,-36.113
29945.305,-36.06
29945.410,-36.007
29945.520,-35.913
29945.618,-36.007
29945.714,-36.027
29945.822,-35.993
29945.920,-36.033
29946.021,-35.84
29946.123,-36.027
29946.226,-35.967
29946.327,-35.933
29946.447,-35.94
29946.533,-36.047
29946.636,-36.047
29996.739,-36.087
29996.859,-35.993
29996.942,-35.947
29997.045,-35.88
29997.148,-35.98
29997.260,-35.993
29997.285,-36.02
29997.381,-36.04
29997.560,-36.027
29997.592,-35.96
29997.761,-35.993
29997.790,-36.047
29997.967,-35.947
29997.994,-36.033
29998.094,-35.913
29998.197,-35.953
29998.283,-35.98
29998.376,-36.027
29998.479,-36.127
29998.581,-35.987
29998.690,-36.027
29998.787,-35.967
29998.888,-35.907
29999.018,-35.96
29999.092,-36.087
29999.197,-36.073
29999.299,-36.08
29999.400,-35.967
29999.505,-36.08
29999.604,-36.02
29999.707,-35.933
29999.820,-36.033
29999.920,-36.007
30000.021,-35.993
30000.126,-36.007
30000.221,-35.8
30000.324,-36.0
30000.424,-36.093
30000.532,-36.073
30000.628,-36.08
30000.731,-35.973
30000.856,-35.973
30000.871,-36.073
30001.038,-36.027
30001.070,-35.993
30001.243,-36.06
30001.268,-36.087
30001.369,-36.06
30001.472,-35.94
30001.589,-36.027
30001.680,-36.107
30001.780,-36.107
30001.880,-36.153
30001.984,-36.08
30002.087,-36.113
30002.187,-36.02
30002.266,-36.093
30002.371,-36.047
30002.473,-35.913
30002.574,-36.033
30002.695,-36.027
30002.778,-36.047
30002.905,-35.96
30002.984,-35.893
30003.104,-35.907
30003.201,-35.993
30003.278,-36.04
30003.393,-35.993
30003.496,-35.933
30003.603,-36.033
30003.699,-35.973
30003.805,-36.08
30003.905,-36.08
30004.010,-35.98
30004.113,-36.013
30004.239,-35.947
30004.317,-36.02
30004.420,-35.973
30004.530,-36.133
30004.623,-36.073
30004.726,-35.967
30004.827,-36.053
30004.945,-36.013
30004.974,-36.053
30005.059,-35.98
30005.158,-35.98
30005.265,-36.047
30005.376,-35.98
30005.479,-35.973
30005.574,-36.007
30005.670,-36.053
30005.773,-36.013
30005.876,-36.073
30005.957,-36.027
30006.057,-36.067
30006.158,-35.913
30006.261,-35.98
30006.369,-36.073
30006.503,-36.013
30006.576,-36.053
30006.673,-35.907
30056.780,-35.973
30056.878,-35.96
30056.978,-35.967
30057.103,-36.087
30057.184,-35.907
30057.251,-36.087
30057.388,-36.093
30057.489,-36.107
30057.616,-36.013
30057.695,-35.907
30057.802,-35.947
30057.876,-35.88
30058.003,-36.0
30058.114,-36.02
30058.177,-35.927
30058.310,-35.973
30058.413,-35.96
30058.521,-35.96
30058.548,-36.033
30058.719,-35.913
30058.820,-35.993
30058.849,-35.967
30058.962,-36.0
30059.050,-36.04
30059.146,-36.06
30059.266,-36.0
30059.353,-36.107
30059.461,-36.0
30059.547,-36.04
30059.675,-36.02
30059.744,-35.987
30059.853,-36.013
30059.951,-35.973
30060.074,-36.173
30060.153,-36.02
30060.255,-36.047
30060.361,-35.94
30060.461,-36.02
30060.562,-36.067
30060.665,-36.087
30060.778,-35.973
30060.869,-35.973
30060.972,-35.967
30061.074,-35.933
30061.190,-35.92
30061.287,-35.86
30061.386,-36.127
30061.484,-36.053
30061.592,-35.94
30061.687,-35.947
30061.792,-36.013
30061.893,-36.067
30061.996,-36.02
30062.098,-36.053
30062.201,-36.02
30062.302,-35.987
30062.405,-36.087
30062.508,-36.013
30062.616,-35.987
30062.636,-35.9
30062.736,-35.927
30062.839,-35.993
30062.945,-35.993
30063.052,-36.027
30063.146,-35.993
30063.277,-35.94
30063.332,-36.08
30063.454,-36.087
30063.554,-36.153
30063.633,-35.973
30063.736,-36.047
30063.839,-36.047
30063.940,-35.92
30064.045,-35.94
30064.153,-36.073
30064.248,-35.993
30064.351,-36.04
30064.452,-35.94
30064.565,-36.0
30064.665,-36.02
30064.761,-36.007
30064.866,-36.073
30064.964,-35.847
30065.067,-36.033
30065.190,-35.953
30065.273,-35.993
30065.373,-36.007
30065.481,-35.9
30065.599,-35.893
30065.682,-35.987
30065.788,-35.96
30065.886,-36.013
30065.993,-36.053
30066.099,-35.867
30066.130,-36.013
30066.226,-35.953
30066.423,-36.053
30066.425,-36.04
30066.525,-36.0
30066.626,-36.073
30116.731,-36.053
30116.834,-36.073
30116.935,-36.067
30117.027,-36.033
30117.141,-35.927
30117.241,-36.0
30117.439,-36.027
30117.440,-36.107
30117.537,-35.973
30117.635,-36.027
30117.731,-36.013
30117.832,-36.047
30117.934,-36.047
30118.040,-36.02
30118.141,-36.047
30118.243,-35.88
30118.344,-36.047
30118.449,-36.067
30118.552,-36.033
30118.619,-36.04
30118.723,-35.907
30118.864,-35.973
30118.925,-36.02
30119.067,-36.093
30119.138,-36.0
30119.275,-35.973
30119.369,-35.927
30119.472,-36.053
30119.599,-36.033
30119.675,-35.927
30119.719,-36.047
30119.814,-36.047
30119.917,-36.007
30120.086,-36.027
30120.116,-36.06
30120.212,-36.113
30120.332,-36.047
30120.420,-36.093
30120.520,-35.987
30120.709,-35.98
30120.717,-36.0
30120.812,-36.013
30120.940,-36.053
30121.011,-36.007
30121.138,-35.987
30121.212,-36.02
30121.314,-35.947
30121.435,-36.147
30121.521,-36.007
30121.621,-36.087
30121.724,-35.98
30121.847,-36.0
30121.930,-36.173
30122.030,-35.92
30122.133,-35.993
30122.241,-36.013
30122.339,-35.867
30122.449,-35.947
30122.542,-35.88
30122.655,-36.08
30122.758,-35.96
30122.853,-35.96
30122.952,-35.98
30123.055,-35.947
30123.160,-35.96
30123.275,-35.973
30123.364,-35.96
30123.464,-36.06
30123.567,-35.94
30123.687,-35.933
30123.716,-35.873
30123.896,-35.913
30123.952,-36.027
30124.008,-35.96
30124.103,-36.073
30124.204,-36.047
30124.307,-36.027
30124.410,-35.967
30124.513,-36.013
30124.616,-35.987
30124.716,-35.913
30124.819,-36.033
30124.898,-36.0
30124.998,-36.047
30125.111,-36.073
30125.204,-36.007
30125.307,-35.987
30125.408,-35.907
30125.521,-35.92
30125.616,-35.96
30125.723,-35.987
30125.819,-35.893
30125.922,-36.013
30126.033,-36.0
30126.131,-36.073
30126.229,-36.02
30126.331,-35.98
30126.434,-35.993
30126.537,-35.987
30126.648,-35.993
30176.746,-36.013
30176.844,-35.873
30176.949,-35.993
30177.059,-35.993
30177.175,-36.013
30177.253,-36.047
30177.359,-36.087
30177.457,-35.98
30177.560,-36.027
30177.682,-36.08
30177.697,-36.0
30177.793,-35.98
30177.900,-35.927
30177.996,-36.047
30178.094,-36.02
30178.199,-35.907
30178.381,-35.907
30178.420,-35.94
30178.508,-35.847
30178.687,-36.027
30178.690,-36.033
30178.790,-35.98
30178.902,-35.973
30178.998,-35.94
30179.121,-36.033
30179.199,-36.013
30179.300,-36.08
30179.403,-35.973
30179.521,-35.973
30179.613,-36.013
30179.719,-36.007
30179.814,-35.98
30179.929,-36.06
30180.025,-35.993
30180.125,-36.047
30180.222,-36.08
30180.324,-35.993
30180.427,-35.96
30180.530,-35.913
30180.633,-36.0
30180.736,-36.007
30180.832,-35.933
30180.940,-36.113
30181.040,-35.787
30181.143,-35.973
30181.241,-35.913
30181.359,-36.013
30181.442,-36.033
30181.554,-36.053
30181.658,-36.093
30181.685,-36.007
30181.793,-36.1
30181.900,-36.093
30181.996,-35.98
30182.092,-35.953
30182.177,-36.047
30182.278,-36.007
30182.376,-36.033
30182.474,-36.047
30182.579,-36.013
30182.680,-36.04
30182.783,-36.04
30182.898,-36.1
30182.994,-36.107
30183.089,-35.94
30183.197,-36.06
30183.295,-36.047
30183.400,-36.18
30183.501,-35.987
30183.608,-35.967
30183.706,-35.94
30183.807,-35.953
30183.871,-35.94
30183.979,-36.053
30184.116,-35.933
30184.179,-35.973
30184.319,-36.16
30184.388,-36.067
30184.523,-36.06
30184.626,-35.933
30184.736,-36.033
30184.831,-35.907
30184.934,-36.073
30185.045,-35.993
30185.074,-35.933
30185.170,-36.007
30185.348,-36.093
30185.371,-36.073
30185.469,-36.047
30185.570,-36.04
30185.675,-35.913
30185.768,-35.953
30185.962,-36.113
30185.966,-36.0
30186.065,-35.973
30186.180,-35.98
30186.277,-36.073
30186.375,-36.027
30186.472,-36.107
30186.572,-36.0
30186.673,-36.007
30476.783,-35.887
30476.888,-35.947
30476.986,-36.04
30477.087,-36.087
30477.187,-36.0
30477.288,-36.047
30477.391,-36.02
30477.494,-36.007
30477.606,-36.02
30477.697,-36.1
30477.809,-35.987
30477.905,-36.107
30478.020,-36.14
30478.082,-36.047
30478.211,-35.987
30478.312,-35.933
30478.415,-35.96
30478.513,-35.947
30478.621,-35.947
30478.726,-36.013
30478.824,-36.0
30478.925,-35.98
30479.028,-35.927
30479.131,-35.96
30479.162,-35.9
30479.261,-36.053
30479.359,-36.007
30479.467,-35.973
30479.572,-36.107
30479.670,-36.013
30479.773,-36.033
30479.854,-36.027
30479.976,-36.013
30480.052,-36.06
30480.179,-35.953
30480.258,-35.973
30480.359,-35.993
30480.471,-35.96
30480.565,-35.933
30480.668,-35.953
30480.770,-35.98
30480.873,-36.047
30480.981,-36.133
30481.077,-36.02
30481.180,-36.047
30481.290,-36.033
30481.386,-36.007
30481.488,-36.053
30481.608,-35.873
30481.716,-36.02
30481.795,-36.1
30481.896,-35.98
30481.959,-36.0
30482.067,-35.913
30482.204,-35.987
30482.270,-36.053
30482.430,-35.987
30482.511,-36.053
30482.614,-35.947
30482.684,-36.087
30482.751,-36.04
30482.844,-36.033
30482.945,-35.953
30483.045,-36.027
30483.148,-36.02
30483.251,-36.093
30483.349,-36.087
30483.456,-36.0
30483.557,-36.047
30483.643,-35.98
30483.741,-35.993
30483.854,-36.073
30483.945,-36.027
30484.049,-36.08
30484.148,-35.98
30484.265,-35.96
30484.361,-35.953
30484.459,-36.08
30484.559,-36.067
30484.662,-36.067
30484.765,-36.0
30484.866,-36.12
30484.954,-36.127
30485.072,-36.073
30485.174,-36.127
30485.275,-35.933
30485.378,-36.107
30485.479,-35.947
30485.584,-35.973
30485.652,-36.1
30485.788,-36.073
30485.890,-36.12
30485.994,-36.133
30486.077,-36.047
30486.199,-35.98
30486.299,-35.96
30486.402,-36.013
30486.503,-35.96
30486.608,-35.967
30486.633,-35.913
30536.733,-35.9
30536.834,-35.94
30536.937,-36.04
30537.040,-36.153
30537.162,-36.013
30537.251,-35.967
30537.349,-35.947
30537.449,-36.02
30537.530,-36.013
30537.638,-35.967
30537.736,-35.973
30537.836,-35.96
30537.940,-35.933
30538.040,-36.02
30538.143,-36.007
30538.265,-36.093
30538.349,-35.96
30538.449,-35.987
30538.552,-36.013
30538.675,-36.053
30538.760,-36.007
30538.861,-35.913
30538.962,-36.053
30539.065,-36.02
30539.168,-35.987
30539.270,-36.1
30539.373,-35.813
30539.481,-35.933
30539.577,-36.04
30539.680,-36.093
30539.780,-35.953
30539.883,-36.013
30539.949,-35.987
30540.101,-35.987
30540.192,-36.027
30540.293,-36.047
30540.322,-36.06
30540.422,-35.893
30540.533,-35.967
30540.628,-36.06
30540.726,-36.067
30540.834,-36.093
30540.935,-36.04
30541.035,-35.873
30541.138,-35.953
30541.239,-35.98
30541.320,-36.053
30541.418,-36.107
30541.523,-35.987
30541.623,-36.04
30541.728,-36.087
30541.829,-35.993
30541.939,-36.127
30542.035,-35.967
30542.136,-36.1
30542.239,-35.953
30542.349,-35.973
30542.447,-35.987
30542.545,-35.92
30542.648,-36.053
30542.751,-35.98
30542.854,-36.013
30542.959,-35.98
30543.059,-35.933
30543.160,-36.107
30543.263,-36.06
30543.366,-36.073
30543.478,-36.127
30543.576,-35.88
30543.673,-36.067
30543.777,-36.1
30543.815,-35.993
30543.910,-36.047
30544.082,-36.06
30544.111,-35.94
30544.212,-36.087
30544.310,-36.013
30544.510,-36.0
30544.528,-35.953
30544.623,-36.013
30544.721,-36.007
30544.824,-35.973
30544.923,-36.1
30545.028,-36.0
30545.106,-35.813
30545.246,-36.007
30545.312,-36.033
30545.413,-36.16
30545.516,-36.047
30545.618,-35.987
30545.728,-36.053
30545.822,-36.013
30545.929,-36.007
30546.027,-36.093
30546.131,-36.0
30546.233,-36.067
30546.351,-35.953
30546.440,-36.027
30546.540,-35.947
30546.643,-35.94
30596.761,-36.0
30596.861,-35.98
30596.957,-35.967
30597.052,-36.04
30597.153,-35.993
30597.258,-36.047
30597.359,-36.0
30597.462,-36.093
30597.564,-36.02
30597.668,-36.127
30597.777,-36.027
30597.871,-35.993
30597.896,-36.033
30597.996,-36.0
30598.099,-36.047
30598.209,-36.013
30598.307,-36.007
30598.407,-35.987
30598.511,-36.007
30598.598,-36.04
30598.695,-36.013
30598.815,-36.06
30598.893,-36.06
30599.003,-35.993
30599.099,-36.067
30599.202,-36.033
30599.305,-35.873
30599.408,-36.12
30599.511,-36.087
30599.611,-35.98
30599.724,-36.027
30599.820,-35.913
30599.918,-36.027
30600.025,-35.993
30600.131,-35.98
30600.229,-36.033
30600.329,-35.853
30600.435,-36.0
30600.533,-36.04
30600.636,-35.987
30600.758,-35.973
30600.844,-35.92
30600.942,-36.027
30601.064,-36.1
30601.089,-36.02
30601.250,-35.953
30601.353,-35.933
30601.456,-35.987
30601.494,-36.06
30601.589,-36.073
30601.684,-36.007
30601.787,-36.04
30601.966,-35.967
30601.996,-35.973
30602.092,-36.053
30602.204,-36.053
30602.298,-36.093
30602.400,-35.913
30602.503,-36.12
30602.598,-35.933
30602.685,-36.02
30602.787,-36.007
30602.898,-35.947
30603.008,-35.9
30603.104,-36.087
30603.204,-35.973
30603.298,-35.987
30603.400,-36.12
30603.503,-36.12
30603.606,-36.12
30603.707,-36.04
30603.778,-36.02
30603.913,-36.047
30604.025,-35.92
30604.126,-36.067
30604.221,-35.98
30604.322,-36.04
30604.434,-35.98
30604.528,-35.86
30604.628,-36.107
30604.739,-35.987
30604.848,-36.093
30604.942,-35.967
30605.038,-35.927
30605.140,-35.96
30605.243,-35.92
30605.347,-35.98
30605.375,-36.0
30605.550,-36.053
30605.579,-35.967
30605.677,-35.987
30605.780,-36.127
30605.973,-36.007
30605.976,-35.933
30606.077,-35.933
30606.175,-36.047
30606.271,-35.987
30606.381,-36.013
30606.476,-36.053
30606.577,-35.787
30606.684,-35.973
30656.805,-36.013
30656.883,-36.1
30657.006,-36.067
30657.092,-35.933
30657.189,-36.027
30657.290,-36.12
30657.395,-35.96
30657.521,-36.027
30657.623,-36.033
30657.706,-35.953
30657.810,-35.967
30657.907,-35.987
30658.013,-36.08
30658.113,-35.94
30658.216,-35.933
30658.315,-35.927
30658.413,-35.987
30658.521,-36.02
30658.623,-36.073
30658.726,-35.9
30658.844,-35.9
30658.956,-35.967
30659.033,-36.013
30659.064,-36.073
30659.168,-35.993
30659.278,-35.953
30659.376,-35.967
30659.473,-35.987
30659.577,-36.04
30659.675,-36.053
30659.773,-36.133
30659.861,-35.987
30659.978,-35.973
30660.082,-36.1
30660.158,-36.12
30660.261,-36.0
30660.388,-36.093
30660.467,-35.98
30660.569,-36.033
30660.707,-36.073
30660.777,-36.047
30660.875,-36.06
30660.979,-35.98
30661.097,-36.067
30661.194,-36.04
30661.293,-36.027
30661.388,-36.067
30661.491,-36.0
30661.594,-35.86
30661.695,-36.033
30661.805,-36.007
30661.873,-36.093
30662.011,-36.107
30662.207,-35.967
30662.211,-36.033
30662.310,-36.04
30662.353,-36.027
30662.454,-36.007
30662.618,-35.927
30662.719,-36.053
30662.822,-35.933
30662.932,-36.093
30662.959,-36.12
30663.128,-36.0
30663.160,-36.02
30663.253,-36.073
30663.366,-36.013
30663.469,-36.1
30663.641,-36.013
30663.670,-36.013
30663.768,-35.833
30663.869,-35.913
30663.951,-36.06
30664.059,-36.087
30664.162,-35.96
30664.256,-36.08
30664.364,-36.007
30664.462,-35.967
30664.562,-36.14
30664.687,-35.92
30664.768,-36.087
30664.898,-36.113
30664.972,-36.0
30665.092,-36.013
30665.202,-35.967
30665.278,-35.92
30665.347,-36.047
30665.503,-36.047
30665.549,-36.013
30665.657,-36.1
30665.790,-35.94
30665.866,-35.96
30665.996,-36.013
30666.121,-35.993
30666.201,-36.113
30666.305,-35.98
30666.415,-36.107
30666.442,-36.08
30666.611,-35.967
30716.719,-36.04
30716.750,-35.973
30716.847,-36.0
30716.952,-35.933
30717.052,-36.06
30717.314,-36.0
30717.315,-36.047
30717.429,-36.06
30717.457,-36.093
30717.555,-36.1
30717.738,-35.92
30717.739,-35.893
30717.848,-36.167
30717.945,-36.04
30718.043,-35.987
30718.146,-35.987
30718.248,-35.987
30718.351,-36.013
30718.454,-36.033
30718.565,-35.96
30718.663,-35.933
30718.768,-35.987
30718.864,-36.067
30718.964,-35.993
30719.067,-35.96
30719.177,-36.047
30719.280,-35.873
30719.380,-36.04
30719.501,-35.96
30719.579,-36.1
30719.706,-35.993
30719.787,-36.073
30719.886,-35.86
30719.991,-36.027
30720.049,-36.093
30720.194,-35.94
30720.236,-35.933
30720.359,-35.933
30720.501,-35.993
30720.530,-36.08
30720.707,-36.04
30720.741,-36.027
30720.832,-35.967
30720.935,-36.033
30721.040,-36.093
30721.140,-36.033
30721.236,-36.047
30721.339,-35.98
30721.424,-36.013
30721.527,-35.993
30721.628,-36.073
30721.751,-36.093
30721.844,-36.08
30721.945,-36.08
30722.040,-35.933
30722.143,-36.047
30722.241,-36.027
30722.344,-36.027
30722.447,-36.053
30722.557,-36.073
30722.662,-36.067
30722.761,-36.06
30722.858,-36.053
30722.959,-36.107
30723.062,-35.927
30723.179,-36.02
30723.275,-36.053
30723.393,-36.013
30723.471,-36.04
30723.616,-36.127
30723.618,-35.96
30723.802,-36.013
30723.912,-36.04
30723.988,-36.013
30724.094,-36.04
30724.123,-36.073
30724.219,-35.973
30724.393,-36.013
30724.423,-36.067
30724.518,-35.98
30724.709,-36.107
30724.736,-36.067
30724.834,-36.033
30724.932,-36.0
30725.016,-36.067
30725.135,-35.92
30725.236,-35.993
30725.341,-35.907
30725.425,-35.947
30725.525,-36.08
30725.621,-36.007
30725.723,-35.987
30725.826,-35.927
30725.952,-35.913
30726.030,-36.127
30726.157,-35.953
30726.224,-36.067
30726.342,-36.02
30726.440,-35.807
30726.552,-36.0
30726.648,-36.007
30776.748,-36.013
30776.851,-35.973
30776.962,-35.967
30777.059,-35.953
30777.163,-36.08
30777.263,-36.1
30777.363,-35.967
30777.464,-36.073
30777.609,-35.987
30777.611,-35.887
30777.771,-35.927
30777.875,-36.04
30777.905,-36.027
30778.023,-35.973
30778.106,-35.913
30778.207,-36.067
30778.322,-36.033
30778.413,-36.027
30778.521,-36.133
30778.619,-36.013
30778.717,-36.073
30778.820,-35.973
30778.923,-36.08
30779.003,-35.947
30779.128,-35.933
30779.216,-35.933
30779.336,-36.147
30779.424,-36.107
30779.513,-35.993
30779.640,-36.007
30779.724,-36.02
30779.837,-36.107
30779.932,-36.013
30780.032,-36.04
30780.128,-36.12
30780.231,-35.933
30780.332,-36.007
30780.435,-36.2
30780.537,-36.027
30780.665,-36.013
30780.702,-36.14
30780.807,-35.88
30780.915,-35.953
30781.072,-35.907
30781.152,-36.04
30781.263,-36.033
30781.358,-36.12
30781.459,-35.993
30781.562,-36.007
30781.697,-35.973
30781.699,-36.033
30781.792,-36.053
30781.996,-35.993
30782.011,-36.093
30782.114,-36.067
30782.207,-35.953
30782.307,-36.007
30782.403,-36.013
30782.506,-36.1
30782.609,-36.033
30782.733,-35.987
30782.800,-36.033
30782.896,-36.02
30782.994,-36.033
30783.099,-35.94
30783.209,-35.973
30783.307,-35.967
30783.403,-36.067
30783.535,-36.02
30783.608,-36.087
30783.711,-36.047
30783.856,-36.06
30783.915,-35.927
30784.018,-35.993
30784.123,-36.047
30784.246,-36.087
30784.326,-36.053
30784.452,-35.98
30784.530,-36.067
30784.636,-35.887
30784.736,-35.987
30784.837,-35.973
30784.940,-36.007
30785.045,-36.133
30785.168,-36.033
30785.271,-36.04
30785.349,-35.98
30785.445,-35.873
30785.549,-36.053
30785.672,-36.12
30785.689,-36.04
30785.788,-36.013
30785.886,-36.033
30785.989,-36.007
30786.082,-36.027
30786.202,-36.033
30786.278,-36.107
30786.407,-36.04
30786.479,-36.06
30786.601,-35.993
30786.682,-36.16
28676.785,-35.92
28676.886,-35.827
28676.991,-36.053
28677.091,-36.06
28677.192,-36.12
28677.295,-36.047
28677.403,-36.007
28677.511,-35.967
28677.603,-36.013
28677.712,-36.08
28677.832,-36.08
28677.920,-36.1
28677.976,-35.953
28678.079,-36.087
28678.216,-36.027
28678.290,-36.073
28678.422,-36.073
28678.523,-35.92
28678.650,-35.9
28678.729,-35.947
28678.829,-35.92
28678.979,-36.027
28679.016,-36.027
28679.138,-36.0
28679.241,-36.1
28679.347,-36.02
28679.437,-35.98
28679.469,-36.013
28679.572,-36.04
28679.674,-36.167
28679.783,-36.02
28679.883,-36.067
28679.986,-36.033
28680.082,-35.96
28680.172,-36.02
28680.268,-36.053
28680.366,-36.107
28680.471,-35.98
28680.572,-35.967
28680.685,-36.12
28680.817,-35.987
28680.881,-36.053
28680.981,-36.033
28681.084,-35.973
28681.187,-35.947
28681.293,-35.96
28681.400,-36.02
28681.498,-35.98
28681.596,-36.1
28681.722,-35.933
28681.800,-35.98
28681.920,-35.98
28682.008,-36.073
28682.108,-36.013
28682.168,-36.033
28682.332,-35.973
28682.415,-35.907
28682.478,-36.027
28682.582,-36.0
28682.685,-36.1
28682.832,-35.98
28682.861,-36.033
28682.991,-35.987
28683.101,-35.94
28683.201,-36.007
28683.258,-35.927
28683.361,-36.0
28683.469,-36.087
28683.567,-35.973
28683.668,-35.973
28683.758,-35.967
28683.871,-36.06
28683.976,-36.04
28684.077,-36.067
28684.170,-35.993
28684.266,-36.047
28684.361,-35.927
28684.464,-36.0
28684.565,-36.067
28684.694,-35.993
28684.793,-35.973
28684.873,-35.907
28684.981,-35.933
28685.086,-35.987
28685.180,-35.887
28685.283,-35.987
28685.385,-35.893
28685.486,-35.947
28685.594,-36.04
28685.695,-36.007
28685.795,-36.02
28685.922,-35.907
28686.006,-36.107
28686.103,-35.993
28686.229,-36.1
28686.331,-36.02
28686.349,-36.093
28686.540,-36.053
28686.614,-36.113
28736.739,-36.06
28736.842,-35.947
28736.922,-36.087
28736.949,-35.947
28737.064,-36.087
28737.153,-36.093
28737.253,-36.02
28737.354,-36.06
28737.457,-36.053
28737.557,-36.027
28737.646,-35.96
28737.746,-36.047
28737.866,-35.967
28737.945,-35.987
28738.048,-36.04
28738.168,-36.073
28738.244,-35.967
28738.353,-36.033
28738.484,-35.947
28738.581,-36.013
28738.662,-35.94
28738.763,-36.047
28738.866,-36.127
28738.972,-36.027
28739.070,-35.86
28739.175,-36.033
28739.268,-35.973
28739.380,-36.053
28739.481,-36.013
28739.584,-35.9
28739.685,-36.04
28739.788,-36.14
28739.891,-36.053
28740.003,-35.893
28740.052,-35.893
28740.202,-35.92
28740.300,-35.993
28740.417,-35.947
28740.445,-35.98
28740.562,-35.873
28740.702,-35.993
28740.739,-36.073
28740.839,-36.067
28740.976,-35.953
28741.045,-36.013
28741.153,-35.96
28741.236,-36.087
28741.356,-36.02
28741.445,-36.013
28741.554,-35.967
28741.648,-35.88
28741.734,-36.0
28741.842,-36.067
28741.930,-35.987
28742.042,-35.973
28742.146,-36.013
28742.253,-35.987
28742.349,-36.013
28742.451,-35.96
28742.552,-36.0
28742.655,-35.993
28742.751,-35.993
28742.869,-36.06
28742.964,-36.013
28743.065,-36.047
28743.187,-36.0
28743.261,-35.913
28743.381,-35.967
28743.479,-36.047
28743.577,-35.973
28743.682,-35.973
28743.793,-35.887
28743.891,-36.107
28743.986,-35.987
28744.092,-36.04
28744.192,-36.013
28744.293,-35.987
28744.415,-35.913
28744.432,-36.02
28744.528,-36.027
28744.630,-35.96
28744.728,-36.027
28744.826,-35.987
28744.934,-36.013
28745.035,-36.027
28745.150,-36.0
28745.241,-36.007
28745.324,-35.96
28745.420,-36.06
28745.540,-36.067
28745.633,-36.047
28745.734,-36.08
28745.834,-35.887
28745.932,-35.92
28746.023,-36.1
28746.131,-35.987
28746.251,-36.007
28746.341,-36.02
28746.452,-36.06
28746.548,-35.96
28746.665,-36.093
28796.739,-36.12
28796.854,-35.973
28796.956,-36.073
28797.084,-36.113
28797.163,-35.973
28797.263,-36.173
28797.366,-35.973
28797.469,-36.027
28797.572,-36.053
28797.674,-36.047
28797.775,-36.053
28797.883,-36.093
28798.003,-35.947
28798.089,-36.08
28798.209,-36.047
28798.212,-36.06
28798.314,-36.02
28798.413,-36.107
28798.525,-35.893
28798.623,-35.92
28798.722,-36.0
28798.824,-36.013
28798.925,-36.067
28799.030,-36.067
28799.130,-35.893
28799.231,-36.02
28799.320,-36.053
28799.442,-36.02
28799.516,-35.973
28799.628,-36.013
28799.748,-36.007
28799.846,-35.98
28799.930,-36.06
28800.028,-36.107
28800.153,-35.907
28800.233,-36.027
28800.341,-36.093
28800.445,-35.987
28800.545,-36.113
28800.662,-35.913
28800.775,-36.047
28800.814,-36.047
28800.949,-35.913
28801.074,-36.1
28801.155,-36.12
28801.256,-35.94
28801.351,-36.087
28801.467,-36.033
28801.565,-36.027
28801.667,-36.133
28801.768,-36.007
28801.807,-35.987
28801.905,-36.047
28802.001,-35.927
28802.101,-36.08
28802.201,-35.98
28802.304,-35.987
28802.405,-36.127
28802.500,-36.12
28802.613,-36.007
28802.711,-36.007
28802.810,-35.98
28802.912,-36.04
28803.010,-35.927
28803.106,-35.993
28803.202,-35.987
28803.305,-35.953
28803.407,-35.92
28803.511,-36.04
28803.613,-35.947
28803.726,-35.973
28803.824,-35.9
28803.922,-35.953
28804.021,-36.027
28804.125,-35.927
28804.226,-35.92
28804.337,-36.02
28804.437,-35.92
28804.559,-36.107
28804.636,-36.027
28804.748,-35.96
28804.846,-35.98
28804.942,-35.847
28805.072,-36.067
28805.158,-36.0
28805.253,-35.993
28805.376,-35.9
28805.456,-36.033
28805.564,-35.987
28805.592,-36.02
28805.771,-36.033
28805.807,-36.04
28805.891,-36.013
28805.989,-36.013
28806.109,-36.08
28806.199,-35.993
28806.300,-36.133
28806.400,-36.08
28806.505,-36.113
28806.613,-36.08
28806.707,-36.007
28856.810,-36.08
28856.910,-35.933
28856.998,-36.033
28857.119,-36.12
28857.221,-36.107
28857.322,-35.98
28857.403,-35.94
28857.530,-35.9
28857.606,-36.033
28857.714,-36.073
28857.810,-36.027
28857.937,-36.093
28858.025,-35.993
28858.126,-35.947
28858.231,-36.027
28858.327,-36.08
28858.425,-36.08
28858.528,-35.927
28858.631,-36.007
28858.748,-35.96
28858.834,-36.033
28858.935,-36.073
28859.038,-36.08
28859.160,-36.04
28859.185,-36.007
28859.298,-36.073
28859.403,-35.927
28859.484,-36.04
28859.680,-36.013
28859.682,-35.92
28859.780,-35.933
28859.883,-35.953
28859.984,-36.027
28860.087,-36.033
28860.268,-36.073
28860.295,-36.053
28860.393,-35.993
28860.498,-36.027
28860.584,-36.013
28860.684,-36.08
28860.788,-36.027
28860.890,-35.987
28860.996,-35.98
28861.092,-35.92
28861.189,-36.033
28861.292,-36.02
28861.418,-36.0
28861.496,-36.013
28861.599,-36.2
28861.702,-36.073
28861.805,-35.94
28861.907,-36.0
28862.010,-35.913
28862.123,-36.007
28862.221,-36.033
28862.341,-36.013
28862.424,-36.013
28862.521,-36.12
28862.623,-36.1
28862.751,-35.967
28862.834,-35.96
28862.932,-36.04
28862.989,-36.12
28863.158,-36.02
28863.175,-35.967
28863.307,-35.967
28863.445,-36.013
28863.473,-36.053
28863.570,-36.06
28863.680,-36.08
28863.778,-36.107
28863.893,-36.053
28863.976,-36.007
28864.074,-35.927
28864.184,-36.007
28864.285,-36.113
28864.373,-36.087
28864.494,-36.067
28864.572,-36.047
28864.674,-36.02
28864.775,-35.987
28864.900,-36.0
28864.996,-35.98
28865.084,-36.04
28865.192,-36.027
28865.314,-35.967
28865.408,-36.027
28865.501,-36.087
28865.599,-36.093
28865.695,-36.033
28865.804,-35.987
28865.903,-35.96
28866.030,-36.173
28866.104,-36.107
28866.209,-36.053
28866.309,-36.073
28866.410,-35.993
28866.538,-36.033
28866.643,-36.113
28916.719,-36.067
28916.834,-36.033
28916.947,-36.14
28917.050,-35.953
28917.126,-35.973
28917.244,-36.027
28917.268,-36.04
28917.364,-36.033
28917.461,-36.06
28917.567,-36.06
28917.675,-36.02
28917.773,-35.953
28917.876,-36.1
28917.972,-36.113
28918.057,-35.98
28918.177,-36.113
28918.256,-36.12
28918.363,-36.16
28918.459,-36.033
28918.562,-35.947
28918.670,-35.993
28918.780,-35.987
28918.871,-35.993
28918.973,-36.06
28919.082,-35.947
28919.177,-35.973
28919.280,-35.953
28919.405,-35.987
28919.494,-35.92
28919.592,-35.907
28919.690,-36.04
28919.792,-36.02
28919.900,-36.02
28919.998,-36.053
28920.094,-35.9
28920.209,-35.96
28920.310,-36.033
28920.430,-36.04
28920.508,-36.113
28920.550,-36.12
28920.646,-36.113
28920.815,-36.1
28920.927,-36.053
28920.956,-36.0
28921.055,-35.987
28921.243,-36.007
28921.261,-36.007
28921.359,-36.08
28921.462,-36.067
28921.557,-36.173
28921.655,-35.92
28921.761,-36.013
28921.861,-36.08
28921.978,-36.093
28922.043,-36.033
28922.148,-35.98
28922.246,-36.093
28922.351,-36.093
28922.479,-35.967
28922.555,-36.08
28922.658,-36.047
28922.760,-36.013
28922.858,-35.98
28922.966,-36.013
28923.081,-36.007
28923.179,-35.913
28923.299,-35.993
28923.398,-35.993
28923.491,-35.947
28923.592,-35.94
28923.690,-35.987
28923.815,-36.04
28923.900,-36.013
28923.996,-36.1
28924.094,-36.047
28924.195,-35.973
28924.299,-35.9
28924.400,-36.007
28924.501,-36.067
28924.604,-35.953
28924.729,-35.993
28924.832,-35.933
28924.834,-35.987
28924.942,-35.933
28925.038,-35.893
28925.141,-35.98
28925.243,-36.06
28925.361,-36.033
28925.449,-36.027
28925.549,-36.007
28925.653,-36.053
28925.731,-36.06
28925.832,-36.147
28925.935,-36.053
28926.065,-36.093
28926.140,-36.007
28926.244,-36.073
28926.349,-36.053
28926.456,-35.96
28926.555,-36.007
28926.675,-36.1
28976.761,-36.087
28976.834,-35.94
28976.983,-35.92
28977.062,-35.927
28977.167,-36.12
28977.266,-36.013
28977.369,-35.993
28977.464,-35.947
28977.579,-35.92
28977.675,-35.98
28977.778,-36.06
28977.902,-35.98
28977.984,-36.027
28978.114,-36.007
28978.189,-36.013
28978.224,-36.013
28978.393,-36.013
28978.496,-35.993
28978.525,-35.987
28978.699,-36.02
28978.728,-36.1
28978.834,-36.14
28979.006,-35.913
28979.035,-36.047
28979.133,-36.007
28979.234,-36.02
28979.329,-35.953
28979.442,-36.02
28979.528,-36.073
28979.631,-36.04
28979.739,-36.093
28979.834,-36.093
28979.932,-36.04
28980.033,-36.0
28980.133,-36.08
28980.260,-35.953
28980.342,-36.06
28980.464,-36.007
28980.535,-36.027
28980.655,-35.96
28980.751,-35.82
28980.851,-36.007
28980.952,-36.02
28981.057,-35.94
28981.167,-35.92
28981.283,-35.993
28981.388,-36.067
28981.466,-36.053
28981.577,-36.073
28981.680,-36.033
28981.777,-36.027
28981.875,-35.98
28981.976,-36.02
28982.081,-35.973
28982.182,-36.047
28982.283,-36.02
28982.314,-35.887
28982.413,-35.967
28982.513,-36.1
28982.635,-36.12
28982.719,-36.047
28982.822,-35.967
28982.923,-35.933
28983.025,-36.007
28983.128,-36.153
28983.214,-35.98
28983.312,-36.12
28983.413,-35.987
28983.516,-35.927
28983.614,-36.08
28983.739,-36.047
28983.829,-36.093
28983.925,-36.02
28984.023,-35.933
28984.148,-36.04
28984.253,-35.913
28984.327,-35.94
28984.474,-35.907
28984.513,-35.88
28984.641,-35.967
28984.741,-36.027
28984.844,-36.067
28984.952,-35.993
28985.048,-36.027
28985.146,-35.973
28985.256,-35.907
28985.356,-36.073
28985.461,-36.007
28985.577,-35.953
28985.687,-36.007
28985.766,-36.007
28985.891,-36.087
28985.986,-36.087
28986.097,-36.093
28986.101,-35.98
28986.283,-35.96
28986.310,-36.087
28986.408,-35.967
28986.505,-36.073
28986.609,-36.02
29276.711,-36.06
29276.814,-35.927
29276.915,-36.073
29277.018,-36.08
29277.121,-36.04
29277.202,-36.067
29277.304,-35.927
29277.415,-35.953
29277.508,-36.08
29277.609,-36.04
29277.712,-36.14
29277.824,-36.04
29277.920,-36.04
29278.043,-36.047
29278.121,-36.093
29278.231,-35.933
29278.327,-35.9
29278.427,-35.96
29278.555,-36.047
29278.633,-36.147
29278.739,-35.98
29278.842,-35.933
29278.949,-36.04
29279.048,-36.027
29279.145,-35.933
29279.251,-36.053
29279.349,-36.073
29279.452,-35.927
29279.555,-35.947
29279.662,-35.947
29279.689,-36.133
29279.863,-36.007
29279.888,-35.98
29280.008,-35.947
29280.109,-36.013
29280.197,-36.047
29280.398,-36.04
29280.400,-36.1
29280.500,-35.967
29280.601,-36.127
29280.722,-36.08
29280.787,-35.967
29280.908,-35.96
29280.989,-36.033
29281.091,-36.033
29281.202,-36.047
29281.300,-36.013
29281.398,-36.033
29281.501,-36.027
29281.601,-35.8
29281.707,-36.087
29281.824,-36.087
29281.910,-36.173
29282.013,-36.073
29282.116,-35.887
29282.234,-36.093
29282.331,-36.033
29282.427,-36.0
29282.533,-36.04
29282.652,-36.167
29282.729,-35.907
29282.832,-35.987
29282.934,-36.067
29283.003,-36.0
29283.138,-35.98
29283.241,-35.933
29283.353,-35.973
29283.381,-35.987
29283.549,-35.987
29283.660,-35.993
29283.677,-36.02
29283.880,-35.907
29283.881,-36.14
29283.986,-36.093
29284.092,-36.047
29284.187,-35.987
29284.293,-36.033
29284.396,-36.06
29284.488,-35.933
29284.596,-36.133
29284.699,-36.113
29284.807,-36.087
29284.881,-36.1
29285.006,-35.967
29285.084,-36.013
29285.199,-36.06
29285.295,-35.953
29285.393,-36.073
29285.503,-36.033
29285.596,-36.067
29285.697,-36.113
29285.824,-36.047
29285.910,-35.993
29286.006,-36.133
29286.108,-36.093
29286.234,-36.087
29286.324,-36.047
29286.420,-35.933
29286.523,-36.087
29286.621,-36.027
29336.722,-36.053
29336.824,-36.1
29336.927,-35.967
29337.035,-36.047
29337.155,-36.02
29337.192,-35.98
29337.300,-36.007
29337.400,-36.093
29337.506,-35.993
29337.570,-35.947
29337.668,-36.027
29337.771,-35.94
29337.871,-36.02
29337.974,-36.06
29338.072,-35.967
29338.185,-36.033
29338.287,-36.027
29338.364,-36.08
29338.479,-36.087
29338.574,-36.08
29338.694,-35.893
29338.771,-36.0
29338.875,-36.013
29338.972,-36.093
29339.084,-36.033
29339.180,-36.04
29339.285,-36.027
29339.386,-36.027
29339.488,-35.993
29339.592,-35.953
29339.717,-36.047
29339.798,-36.033
29339.908,-35.987
29340.023,-36.027
29340.126,-35.987
29340.206,-35.973
29340.319,-36.107
29340.415,-36.02
29340.515,-36.067
29340.614,-36.02
29340.716,-35.98
29340.817,-36.073
29340.922,-35.94
29341.023,-36.033
29341.057,-35.967
29341.158,-35.967
29341.266,-36.087
29341.457,-35.967
29341.462,-35.973
29341.564,-35.92
29341.668,-36.06
29341.768,-36.06
29341.866,-36.0
29341.952,-35.98
29342.074,-35.953
29342.158,-36.04
29342.278,-35.933
29342.380,-36.007
29342.481,-36.053
29342.559,-36.087
29342.662,-36.02
29342.763,-35.873
29342.864,-36.067
29342.969,-36.047
29343.070,-35.973
29343.175,-36.04
29343.282,-36.073
29343.378,-35.907
29343.449,-35.967
29343.586,-35.993
29343.658,-36.02
29343.788,-36.087
29343.891,-36.033
29344.020,-36.067
29344.094,-35.953
29344.192,-35.973
29344.319,-36.04
29344.405,-35.927
29344.503,-36.08
29344.608,-35.953
29344.731,-36.047
29344.812,-36.08
29344.913,-35.993
29345.018,-36.033
29345.052,-36.033
29345.150,-35.973
29345.251,-36.047
29345.349,-36.0
29345.461,-35.987
29345.557,-36.02
29345.736,-36.0
29345.746,-36.047
29345.861,-36.0
29345.962,-36.027
29346.065,-35.967
29346.155,-36.173
29346.246,-36.067
29346.351,-35.927
29346.476,-36.02
29346.567,-35.947
29346.679,-36.027
29396.763,-35.94
29396.891,-35.973
29396.962,-36.08
29397.064,-35.98
29397.192,-36.053
29397.270,-35.98
29397.396,-35.94
29397.476,-36.013
29397.587,-35.92
29397.680,-35.92
29397.775,-35.987
29397.886,-36.067
29397.994,-36.067
29398.087,-35.9
29398.192,-35.907
29398.304,-36.113
29398.405,-36.033
29398.527,-36.047
29398.625,-36.087
29398.729,-35.967
29398.746,-35.94
29398.908,-35.92
29398.937,-35.967
29399.043,-36.047
29399.138,-36.08
29399.239,-36.033
29399.348,-35.96
29399.464,-36.08
29399.550,-36.027
29399.648,-36.013
29399.736,-36.02
29399.854,-35.947
29399.932,-35.953
29400.057,-35.96
29400.136,-35.88
29400.243,-36.02
29400.342,-36.093
29400.449,-35.973
29400.565,-35.933
29400.650,-35.953
29400.771,-36.0
29400.854,-36.013
29400.976,-36.173
29401.072,-36.047
29401.162,-36.013
29401.268,-35.907
29401.369,-35.967
29401.429,-36.027
29401.535,-36.04
29401.641,-36.1
29401.775,-36.04
29401.885,-36.08
29401.983,-36.0
29402.082,-36.013
29402.125,-36.08
29402.290,-36.0
29402.324,-36.06
29402.425,-36.027
29402.521,-35.993
29402.625,-36.047
29402.731,-35.953
29402.839,-35.96
29402.935,-35.98
29403.032,-35.98
29403.140,-36.053
29403.236,-36.08
29403.336,-36.093
29403.422,-35.993
29403.540,-36.007
29403.641,-36.067
29403.722,-36.047
29403.824,-36.033
29403.927,-36.007
29404.027,-36.08
29404.138,-36.0
29404.241,-36.107
29404.334,-36.047
29404.444,-36.033
29404.540,-36.033
29404.653,-36.033
29404.748,-35.953
29404.871,-36.047
29404.976,-36.073
29405.052,-36.06
29405.179,-36.2
29405.280,-36.113
29405.361,-35.953
29405.462,-36.033
29405.574,-36.073
29405.677,-36.067
29405.780,-35.973
29405.834,-36.06
29405.937,-36.127
29406.016,-36.047
29406.141,-36.1
29406.290,-36.08
29406.317,-36.047
29406.415,-35.913
29406.513,-36.053
29406.613,-36.067
29456.717,-36.047
29456.812,-35.993
29456.922,-35.987
29457.028,-35.953
29457.126,-36.06
29457.222,-36.12
29457.317,-35.913
29457.415,-35.847
29457.549,-36.007
29457.619,-36.053
29457.714,-36.087
29457.820,-36.107
29457.920,-35.98
29458.028,-36.027
29458.128,-36.033
29458.226,-36.06
29458.329,-36.033
29458.430,-35.947
29458.543,-36.14
29458.653,-36.02
29458.739,-35.967
29458.842,-36.153
29458.944,-35.947
29459.062,-36.007
29459.158,-36.053
29459.256,-35.933
29459.354,-36.14
29459.456,-36.013
29459.562,-35.933
29459.660,-36.107
29459.712,-36.073
29459.815,-35.913
29459.967,-35.973
29460.070,-35.887
29460.175,-36.06
29460.201,-36.04
29460.336,-35.953
29460.403,-36.047
29460.513,-36.033
29460.611,-35.973
29460.707,-36.007
29460.812,-35.94
29460.900,-35.913
29461.015,-35.973
29461.111,-35.96
29461.224,-35.967
29461.309,-36.08
29461.410,-36.08
29461.506,-35.953
29461.606,-36.033
29461.704,-35.967
29461.802,-36.047
29461.908,-36.1
29462.028,-36.073
29462.123,-36.053
29462.221,-36.1
29462.327,-36.113
29462.435,-35.96
29462.533,-36.087
29462.630,-35.987
29462.739,-36.0
29462.837,-35.953
29462.939,-36.047
29463.060,-36.0
29463.146,-36.047
29463.244,-35.96
29463.347,-35.933
29463.449,-36.0
29463.552,-36.04
29463.653,-36.0
29463.756,-35.88
29463.795,-36.033
29463.961,-36.053
29463.991,-36.073
29464.175,-35.967
29464.207,-36.107
29464.305,-36.107
29464.402,-36.02
29464.500,-35.873
29464.599,-36.027
29464.707,-36.04
29464.807,-35.94
29464.898,-35.953
29464.986,-36.02
29465.089,-36.053
29465.190,-35.993
29465.312,-35.887
29465.396,-35.927
29465.521,-36.027
29465.609,-36.12
29465.702,-36.06
29465.829,-36.0
29465.930,-36.067
29466.011,-36.06
29466.138,-35.933
29466.214,-36.007
29466.339,-36.073
29466.442,-35.953
29466.521,-36.02
29466.623,-36.033
29516.736,-36.14
29516.829,-36.013
29516.932,-35.88
29517.030,-35.947
29517.148,-36.133
29517.246,-36.02
29517.300,-36.027
29517.407,-36.08
29517.513,-35.993
29517.648,-35.893
29517.719,-35.98
29517.853,-36.007
29517.880,-35.993
29517.979,-36.107
29518.082,-36.047
29518.204,-35.98
29518.280,-35.987
29518.393,-36.107
29518.500,-36.073
29518.577,-36.007
29518.690,-36.013
29518.788,-36.027
29518.900,-36.053
29518.984,-35.987
29519.081,-35.98
29519.185,-36.007
29519.310,-35.88
29519.388,-35.987
29519.489,-35.993
29519.592,-35.973
29519.675,-36.007
29519.802,-36.08
29519.907,-36.027
29520.006,-35.94
29520.111,-35.953
29520.209,-35.913
29520.334,-35.933
29520.413,-35.94
29520.518,-36.013
29520.619,-35.927
29520.724,-35.853
29520.822,-36.073
29520.925,-35.887
29521.028,-36.013
29521.148,-36.027
29521.233,-35.867
29521.342,-35.973
29521.369,-36.027
29521.557,-36.027
29521.569,-36.027
29521.667,-36.0
29521.768,-35.973
29521.883,-35.933
29521.976,-35.967
29522.082,-36.033
29522.177,-36.007
29522.280,-36.08
29522.383,-36.027
29522.474,-36.06
29522.579,-36.0
29522.668,-35.993
29522.783,-36.1
29522.869,-35.987
29522.984,-35.953
29523.070,-36.053
29523.170,-36.1
29523.280,-36.073
29523.395,-36.073
29523.462,-35.96
29523.586,-36.047
29523.690,-35.927
29523.792,-36.0
29523.888,-35.947
29523.989,-36.0
29524.084,-36.047
29524.202,-36.067
29524.305,-36.06
29524.400,-36.1
29524.508,-35.907
29524.609,-35.96
29524.712,-35.987
29524.822,-35.993
29524.927,-35.913
29525.023,-35.987
29525.121,-36.06
29525.234,-35.96
29525.258,-36.053
29525.430,-36.0
29525.457,-36.027
29525.560,-35.987
29525.665,-36.08
29525.766,-36.1
29525.869,-36.033
29525.971,-36.12
29526.069,-36.013
29526.248,-36.0
29526.290,-35.993
29526.354,-36.087
29526.456,-35.973
29526.555,-36.04
29526.684,-36.06
29576.785,-36.007
29576.863,-36.027
29576.967,-36.1
29577.070,-36.027
29577.195,-35.987
29577.278,-36.053
29577.393,-36.007
29577.484,-36.027
29577.606,-35.96
29577.682,-35.893
29577.805,-35.947
29577.893,-36.08
29577.998,-35.947
29578.128,-36.04
29578.155,-36.127
29578.256,-36.027
29578.358,-36.027
29578.464,-35.94
29578.570,-36.02
29578.707,-36.127
29578.809,-35.913
29578.885,-35.933
29579.015,-35.967
29579.116,-36.0
29579.146,-36.087
29579.253,-35.933
29579.349,-35.967
29579.452,-36.047
29579.550,-36.047
29579.643,-36.06
29579.763,-35.973
29579.859,-35.993
29579.967,-36.0
29580.049,-36.14
29580.143,-36.027
29580.266,-36.067
29580.344,-35.973
29580.449,-36.053
29580.550,-35.913
29580.652,-36.02
29580.756,-35.953
29580.863,-35.993
29580.959,-36.007
29581.070,-36.047
29581.163,-36.027
29581.268,-36.087
29581.369,-35.92
29581.479,-36.147
29581.584,-36.073
29581.704,-35.993
29581.780,-35.967
29581.881,-36.06
29582.008,-36.033
29582.087,-35.933
29582.187,-36.107
29582.299,-36.06
29582.396,-36.127
29582.498,-36.167
29582.540,-36.08
29582.699,-36.08
29582.738,-36.04
29582.905,-36.053
29583.010,-36.067
29583.038,-35.993
29583.136,-36.073
29583.241,-35.987
29583.341,-35.993
29583.440,-36.027
29583.554,-35.967
29583.641,-35.947
29583.746,-35.86
29583.851,-35.92
29583.949,-35.993
29584.055,-35.973
29584.155,-35.947
29584.256,-36.02
29584.376,-35.993
29584.445,-36.007
29584.543,-36.027
29584.665,-36.047
29584.743,-36.073
29584.851,-36.027
29584.954,-36.047
29585.048,-35.96
29585.157,-35.973
29585.255,-35.887
29585.388,-35.987
29585.479,-36.127
29585.569,-36.06
29585.670,-36.087
29585.771,-35.96
29585.891,-35.967
29585.989,-36.053
29586.084,-36.013
29586.182,-35.893
29586.309,-36.04
29586.388,-35.88
29586.489,-36.027
29586.591,-36.073
29586.695,-36.127
29876.724,-36.033
29876.924,-35.98
29877.001,-35.987
29877.030,-35.987
29877.126,-35.98
29877.239,-36.087
29877.339,-35.973
29877.435,-35.993
29877.538,-36.053
29877.638,-36.06
29877.729,-35.96
29877.829,-36.007
29877.930,-36.007
29878.052,-36.033
29878.128,-36.013
29878.229,-36.053
29878.332,-36.0
29878.459,-36.107
29878.538,-35.927
29878.640,-35.933
29878.741,-36.08
29878.856,-36.08
29878.954,-35.987
29879.049,-36.067
29879.153,-35.953
29879.266,-36.007
29879.317,-36.02
29879.462,-35.953
29879.567,-35.913
29879.663,-36.027
29879.765,-35.993
29879.890,-36.127
29879.978,-35.933
29880.074,-35.94
29880.130,-36.04
29880.255,-35.927
29880.380,-35.96
29880.484,-36.053
29880.542,-35.927
29880.625,-36.093
29880.721,-36.027
29880.827,-36.107
29880.935,-36.033
29881.016,-35.947
29881.114,-36.0
29881.216,-36.1
29881.319,-36.06
29881.430,-36.02
29881.535,-35.987
29881.609,-36.04
29881.726,-35.973
29881.815,-36.053
29881.917,-36.06
29882.023,-36.047
29882.140,-36.02
29882.226,-36.007
29882.336,-36.0
29882.430,-36.007
29882.530,-35.94
29882.626,-35.913
29882.734,-36.047
29882.829,-36.127
29882.949,-36.087
29883.168,-36.1
29883.173,-35.9
29883.248,-36.133
29883.373,-36.113
29883.454,-36.013
29883.564,-36.053
29883.665,-36.033
29883.785,-35.967
29883.863,-36.013
29883.976,-36.02
29884.070,-36.133
29884.168,-36.007
29884.273,-36.06
29884.307,-36.08
29884.408,-36.0
29884.508,-36.047
29884.604,-36.047
29884.712,-35.987
29884.805,-36.067
29884.920,-36.027
29885.033,-36.06
29885.109,-36.04
29885.217,-35.9
29885.314,-36.093
29885.403,-36.107
29885.516,-36.02
29885.604,-36.1
29885.704,-36.04
29885.815,-35.96
29885.913,-36.033
29886.013,-35.98
29886.136,-36.087
29886.219,-36.013
29886.320,-35.98
29886.422,-35.96
29886.549,-36.047
29886.626,-36.12
29936.729,-36.06
29936.832,-35.953
29936.942,-35.96
29937.037,-35.967
29937.138,-36.013
29937.243,-36.053
29937.351,-35.993
29937.474,-36.0
29937.577,-35.927
29937.679,-35.993
29937.751,-36.04
29937.854,-36.113
29937.973,-35.993
29937.993,-35.98
29938.163,-35.987
29938.192,-36.04
29938.388,-36.02
29938.391,-36.14
29938.494,-36.167
29938.597,-35.933
29938.709,-36.0
29938.880,-35.973
29938.903,-35.98
29939.076,-36.073
29939.092,-36.047
29939.187,-36.06
29939.288,-36.16
29939.393,-36.12
29939.505,-36.073
29939.601,-36.007
29939.699,-35.947
29939.812,-36.107
29939.903,-36.067
29939.996,-36.08
29940.119,-36.067
29940.223,-35.907
29940.320,-35.987
29940.415,-36.02
29940.545,-35.993
29940.621,-36.007
29940.723,-35.887
29940.785,-35.987
29940.888,-36.033
29941.021,-35.993
29941.155,-36.013
29941.234,-35.94
29941.326,-36.047
29941.447,-36.033
29941.545,-36.073
29941.648,-36.033
29941.756,-36.06
29941.783,-36.053
29941.881,-35.927
29942.060,-36.02
29942.089,-36.053
29942.260,-36.0
29942.290,-35.973
29942.386,-36.047
29942.500,-36.093
29942.579,-36.033
29942.680,-36.007
29942.798,-35.913
29942.898,-35.98
29942.998,-36.027
29943.084,-36.087
29943.187,-36.053
29943.307,-36.06
29943.410,-35.987
29943.488,-35.98
29943.592,-36.067
29943.692,-36.0
29943.797,-35.887
29943.907,-35.987
29944.003,-36.007
29944.101,-36.02
29944.223,-36.02
29944.332,-35.933
29944.410,-35.947
29944.535,-36.04
29944.633,-36.0
29944.741,-36.04
29944.819,-35.96
29944.923,-36.073
29944.981,-36.013
29945.084,-35.9
29945.229,-35.893
29945.334,-36.0
29945.403,-35.82
29945.527,-36.013
29945.630,-35.947
29945.736,-35.88
29945.834,-36.0
29945.935,-35.973
29945.986,-35.953
29946.082,-36.0
29946.179,-35.993
29946.277,-36.087
29946.378,-36.133
29946.472,-36.027
29946.572,-36.04
29946.677,-36.08
29996.795,-36.02
29996.866,-36.08
29996.989,-36.013
29997.072,-35.927
29997.184,-35.993
29997.288,-36.12
29997.386,-35.987
29997.489,-36.007
29997.582,-35.973
29997.687,-36.107
29997.788,-36.04
29997.896,-35.96
29997.986,-35.907
29998.096,-35.933
29998.202,-35.84
29998.309,-35.993
29998.405,-36.04
29998.530,-35.96
29998.631,-36.053
29998.719,-35.96
29998.837,-36.047
29998.917,-36.053
29999.042,-35.993
29999.119,-36.093
29999.222,-36.06
29999.317,-36.12
29999.366,-36.02
29999.528,-35.993
29999.633,-36.0
29999.660,-36.053
29999.760,-36.08
29999.861,-35.98
29999.976,-36.027
30000.060,-35.933
30000.168,-36.06
30000.273,-36.067
30000.375,-36.027
30000.478,-36.007
30000.577,-36.02
30000.655,-36.0
30000.778,-36.027
30000.881,-36.093
30000.976,-35.933
30001.074,-36.093
30001.204,-35.96
30001.263,-35.993
30001.361,-36.0
30001.484,-36.033
30001.570,-35.907
30001.680,-36.007
30001.793,-36.107
30001.913,-35.987
30001.988,-36.087
30002.089,-35.893
30002.190,-35.967
30002.305,-36.027
30002.396,-36.087
30002.503,-36.16
30002.604,-36.073
30002.719,-36.033
30002.748,-35.987
30002.908,-35.993
30003.011,-36.02
30003.119,-36.027
30003.217,-35.94
30003.324,-36.087
30003.351,-35.973
30003.523,-35.973
30003.626,-36.027
30003.751,-36.087
30003.927,-36.18
30003.942,-36.047
30003.966,-35.993
30004.064,-36.04
30004.239,-36.053
30004.342,-36.033
30004.347,-35.987
30004.445,-36.087
30004.555,-36.107
30004.650,-36.087
30004.773,-35.973
30004.856,-36.02
30004.947,-36.087
30005.059,-36.013
30005.160,-35.953
30005.366,-35.927
30005.368,-36.06
30005.467,-35.967
30005.572,-36.04
30005.673,-36.16
30005.741,-36.06
30005.885,-36.027
30005.991,-35.9
30006.089,-35.967
30006.185,-35.947
30006.288,-35.907
30006.393,-36.007
30006.494,-36.073
30006.594,-36.193
30056.717,-36.067
30056.800,-35.933
30056.903,-35.88
30057.005,-36.1
30057.037,-35.967
30057.152,-36.027
30057.312,-35.947
30057.339,-36.0
30057.452,-36.007
30057.554,-36.113
30057.641,-36.0
30057.746,-36.007
30057.848,-35.94
30057.951,-36.053
30058.052,-36.047
30058.136,-36.113
30058.243,-35.98
30058.339,-35.987
30058.469,-36.14
30058.562,-36.127
30058.643,-36.133
30058.744,-36.027
30058.849,-35.967
30058.967,-36.04
30059.054,-36.113
30059.155,-36.113
30059.258,-36.08
30059.359,-35.913
30059.451,-35.947
30059.530,-36.067
30059.701,-36.107
30059.743,-36.047
30059.871,-36.013
30059.967,-36.147
30060.067,-36.08
30060.150,-36.047
30060.280,-35.98
30060.393,-36.067
30060.481,-35.953
30060.579,-35.973
30060.692,-36.033
30060.804,-36.033
30060.829,-35.98
30061.005,-36.047
30061.033,-36.093
30061.126,-36.08
30061.229,-36.093
30061.327,-36.067
30061.434,-36.04
30061.543,-35.96
30061.645,-36.06
30061.741,-36.04
30061.863,-36.06
30061.925,-36.033
30062.045,-35.973
30062.126,-35.947
30062.229,-36.1
30062.327,-36.007
30062.430,-36.08
30062.533,-36.0
30062.641,-35.973
30062.739,-36.0
30062.839,-36.033
30062.966,-35.987
30063.048,-35.993
30063.148,-36.1
30063.251,-35.98
30063.376,-36.1
30063.425,-36.04
30063.548,-36.033
30063.662,-36.04
30063.746,-35.967
30063.866,-36.0
30063.969,-36.093
30064.070,-36.08
30064.157,-36.08
30064.273,-36.02
30064.378,-36.027
30064.479,-35.953
30064.582,-36.133
30064.616,-36.0
30064.717,-36.027
30064.891,-36.073
30064.917,-36.0
30065.013,-36.047
30065.119,-35.96
30065.216,-36.053
30065.322,-36.087
30065.435,-36.013
30065.537,-36.08
30065.636,-35.947
30065.736,-36.0
30065.834,-36.027
30065.913,-36.087
30066.016,-36.053
30066.123,-35.887
30066.219,-35.92
30066.322,-36.033
30066.425,-35.927
30066.527,-36.133
30066.638,-36.06
30116.714,-36.133
30116.817,-35.953
30116.937,-35.893
30117.052,-36.013
30117.143,-36.007
30117.212,-36.013
30117.337,-35.96
30117.418,-35.913
30117.543,-36.007
30117.628,-35.98
30117.760,-36.007
30117.859,-35.993
30117.956,-36.067
30118.055,-36.147
30118.109,-36.067
30118.261,-36.007
30118.310,-36.033
30118.408,-35.993
30118.577,-35.953
30118.606,-36.047
30118.709,-36.02
30118.804,-35.987
30118.912,-36.04
30119.016,-36.027
30119.114,-36.127
30119.212,-36.04
30119.326,-36.027
30119.425,-36.047
30119.523,-36.113
30119.604,-35.9
30119.702,-36.067
30119.805,-35.86
30119.900,-36.013
30120.016,-36.113
30120.114,-36.06
30120.214,-36.027
30120.315,-36.067
30120.427,-36.033
30120.523,-36.06
30120.626,-36.06
30120.726,-35.94
30120.827,-36.02
30120.932,-36.027
30121.050,-36.12
30121.138,-35.993
30121.244,-35.947
30121.342,-36.06
30121.462,-36.08
30121.557,-35.98
30121.655,-36.053
30121.751,-35.92
30121.854,-35.96
30121.966,-36.007
30122.062,-36.02
30122.158,-35.98
30122.195,-36.013
30122.293,-35.9
30122.467,-36.0
30122.494,-36.0
30122.628,-35.993
30122.695,-36.02
30122.800,-35.967
30122.910,-35.987
30123.003,-35.953
30123.106,-36.053
30123.207,-36.02
30123.299,-35.947
30123.396,-35.96
30123.491,-36.027
30123.623,-35.98
30123.690,-36.033
30123.792,-36.1
30123.900,-35.907
30124.027,-36.007
30124.109,-36.04
30124.209,-35.993
30124.297,-35.98
30124.403,-36.04
30124.523,-35.973
30124.621,-35.973
30124.822,-35.947
30124.824,-35.96
30124.927,-35.98
30125.027,-36.067
30125.136,-35.853
30125.231,-36.007
30125.332,-36.013
30125.461,-36.073
30125.548,-36.1
30125.648,-35.847
30125.744,-35.933
30125.847,-35.953
30125.947,-35.993
30126.052,-36.027
30126.162,-35.873
30126.195,-36.0
30126.288,-35.86
30126.386,-35.927
30126.565,-36.107
30126.581,-36.02
30126.689,-35.927
30176.793,-35.88
30176.881,-36.033
30176.998,-36.007
30177.099,-35.973
30177.202,-35.88
30177.300,-36.04
30177.393,-35.96
30177.484,-35.947
30177.581,-36.067
30177.712,-36.073
30177.792,-36.007
30177.895,-36.073
30177.998,-36.02
30178.101,-35.953
30178.201,-35.92
30178.297,-35.933
30178.412,-36.013
30178.513,-36.12
30178.611,-35.887
30178.712,-36.0
30178.817,-35.893
30178.918,-36.067
30179.021,-36.007
30179.136,-36.007
30179.226,-36.073
30179.327,-35.873
30179.432,-35.967
30179.552,-35.98
30179.579,-36.1
30179.738,-35.96
30179.871,-36.04
30179.944,-35.967
30179.974,-36.06
30180.146,-36.087
30180.175,-35.967
30180.285,-36.007
30180.383,-35.947
30180.478,-35.973
30180.660,-36.033
30180.684,-35.887
30180.785,-35.973
30180.886,-36.04
30180.973,-36.007
30181.081,-35.953
30181.172,-36.073
30181.273,-36.133
30181.383,-35.96
30181.486,-35.82
30181.581,-35.98
30181.682,-35.987
30181.785,-35.927
30181.891,-35.96
30181.989,-35.893
30182.092,-35.953
30182.195,-36.047
30182.298,-36.02
30182.400,-36.02
30182.511,-35.953
30182.614,-35.933
30182.685,-36.153
30182.809,-35.893
30182.913,-35.993
30183.027,-35.867
30183.125,-35.887
30183.244,-35.913
30183.320,-35.973
30183.424,-36.053
30183.545,-36.0
30183.562,-35.973
30183.731,-36.047
30183.763,-35.94
30183.957,-36.04
30183.959,-36.013
30184.070,-35.9
30184.174,-36.02
30184.280,-36.087
30184.373,-36.033
30184.474,-35.92
30184.574,-35.953
30184.677,-36.033
30184.780,-35.96
30184.866,-36.1
30184.972,-35.96
30185.062,-36.093
30185.165,-36.027
30185.266,-35.933
30185.383,-36.087
30185.473,-35.96
30185.574,-36.007
30185.682,-36.027
30185.793,-35.993
30185.881,-36.007
30185.984,-35.96
30186.087,-35.967
30186.170,-35.973
30186.292,-35.94
30186.403,-35.733
30186.496,-35.947
30186.560,-35.933
30186.668,-35.953
30476.827,-36.0
30476.900,-35.9
30477.008,-36.02
30477.119,-35.927
30477.189,-36.047
30477.315,-36.113
30477.413,-36.1
30477.511,-36.047
30477.562,-36.013
30477.657,-36.053
30477.758,-35.9
30477.954,-36.033
30477.969,-36.053
30478.067,-35.96
30478.238,-36.153
30478.339,-36.073
30478.373,-36.087
30478.469,-35.907
30478.569,-36.067
30478.646,-36.067
30478.758,-36.06
30478.853,-35.947
30478.954,-36.013
30479.057,-35.953
30479.165,-35.887
30479.268,-36.027
30479.366,-35.933
30479.467,-36.087
30479.567,-35.967
30479.690,-35.947
30479.793,-35.993
30479.883,-36.12
30480.003,-36.02
30480.079,-35.947
30480.202,-36.027
30480.246,-36.08
30480.354,-36.06
30480.479,-36.053
30480.565,-36.007
30480.685,-35.887
30480.790,-35.98
30480.893,-35.993
30480.971,-35.96
30481.094,-35.94
30481.145,-35.96
30481.320,-35.993
30481.342,-36.093
30481.444,-35.98
30481.543,-35.96
30481.641,-35.913
30481.746,-36.0
30481.844,-35.953
30481.949,-35.913
30482.062,-36.04
30482.162,-36.007
30482.327,-35.953
30482.356,-36.027
30482.451,-35.973
30482.547,-35.94
30482.643,-36.0
30482.775,-35.987
30482.847,-35.967
30482.947,-36.0
30483.062,-36.1
30483.141,-36.007
30483.255,-35.867
30483.356,-35.947
30483.469,-36.04
30483.560,-35.993
30483.665,-35.907
30483.766,-35.893
30483.878,-36.047
30483.972,-36.06
30484.074,-36.007
30484.185,-35.967
30484.288,-35.98
30484.395,-35.893
30484.483,-35.953
30484.584,-35.993
30484.687,-35.967
30484.790,-36.053
30484.886,-35.953
30484.979,-35.927
30485.097,-36.027
30485.201,-35.98
30485.229,-35.953
30485.348,-36.107
30485.506,-36.08
30485.538,-35.993
30485.641,-36.087
30485.741,-36.06
30485.839,-36.027
30485.940,-36.033
30486.043,-36.04
30486.126,-36.027
30486.224,-36.06
30486.327,-35.967
30486.452,-35.927
30486.532,-35.96
30486.635,-36.087
30536.760,-36.0
30536.863,-35.98
30536.940,-36.007
30537.045,-36.033
30537.155,-36.027
30537.253,-36.093
30537.351,-36.033
30537.452,-35.993
30537.555,-35.967
30537.648,-35.98
30537.783,-36.04
30537.871,-35.973
30537.964,-35.96
30538.070,-35.933
30538.172,-36.093
30538.290,-35.973
30538.375,-35.973
30538.476,-36.013
30538.579,-36.047
30538.699,-36.047
30538.726,-36.033
30538.886,-36.053
30538.918,-36.013
30539.021,-35.927
30539.123,-35.973
30539.217,-35.933
30539.390,-35.993
30539.432,-35.947
30539.535,-36.04
30539.636,-36.053
30539.712,-36.08
30539.832,-36.06
30539.935,-35.973
30540.015,-36.02
30540.125,-35.9
30540.217,-35.947
30540.320,-36.1
30540.425,-36.08
30540.538,-36.027
30540.636,-35.893
30540.714,-36.113
30540.824,-36.047
30540.935,-35.967
30541.035,-36.093
30541.140,-35.953
30541.226,-36.113
30541.342,-35.987
30541.437,-36.027
30541.559,-35.907
30541.663,-35.84
30541.763,-35.94
30541.863,-36.047
30541.964,-36.033
30542.086,-36.053
30542.163,-35.927
30542.266,-36.033
30542.376,-36.007
30542.471,-35.913
30542.572,-36.013
30542.702,-36.027
30542.716,-35.907
30542.812,-35.947
30542.908,-36.08
30543.015,-35.947
30543.114,-36.027
30543.212,-36.027
30543.312,-35.973
30543.432,-35.933
30543.525,-35.933
30543.623,-36.0
30543.702,-36.02
30543.802,-36.047
30543.903,-36.02
30544.006,-36.127
30544.109,-36.12
30544.211,-35.907
30544.312,-35.933
30544.415,-36.013
30544.550,-36.08
30544.619,-35.987
30544.699,-36.08
30544.834,-35.92
30544.961,-35.967
30545.005,-36.013
30545.114,-35.987
30545.217,-36.0
30545.339,-35.987
30545.440,-35.967
30545.537,-35.973
30545.668,-35.98
30545.741,-35.987
30545.842,-36.007
30545.945,-35.953
30546.050,-35.887
30546.158,-36.04
30546.263,-35.893
30546.373,-36.04
30546.395,-36.053
30546.494,-36.013
30546.668,-36.007
30546.707,-36.06
30596.795,-36.047
30596.893,-36.0
30597.008,-36.06
30597.114,-35.907
30597.209,-35.987
30597.312,-35.887
30597.410,-35.887
30597.496,-36.013
30597.619,-35.933
30597.695,-35.927
30597.804,-35.88
30597.898,-36.113
30598.000,-36.08
30598.103,-36.027
30598.209,-36.133
30598.305,-36.113
30598.410,-36.04
30598.538,-36.047
30598.621,-35.987
30598.717,-35.947
30598.814,-36.013
30598.945,-35.927
30599.025,-36.027
30599.135,-35.927
30599.236,-35.947
30599.310,-35.88
30599.395,-35.973
30599.500,-35.98
30599.604,-35.973
30599.707,-35.953
30599.810,-35.76
30599.937,-35.887
30600.048,-35.98
30600.087,-35.993
30600.185,-36.12
30600.348,-36.033
30600.461,-35.987
30600.491,-36.073
30600.587,-36.02
30600.697,-36.04
30600.790,-36.053
30600.893,-35.953
30600.994,-36.153
30601.096,-36.067
30601.195,-35.98
30601.278,-35.967
30601.378,-36.04
30601.481,-36.113
30601.586,-36.013
30601.685,-35.947
30601.788,-36.047
30601.885,-35.913
30602.094,-35.993
30602.099,-35.927
30602.204,-36.027
30602.300,-36.04
30602.403,-35.873
30602.506,-35.993
30602.621,-36.033
30602.719,-35.907
30602.822,-35.94
30602.917,-35.987
30603.035,-35.98
30603.123,-35.893
30603.224,-35.887
30603.329,-35.92
30603.429,-35.893
30603.528,-35.887
30603.633,-35.907
30603.723,-35.967
30603.836,-36.007
30603.940,-35.913
30604.042,-35.94
30604.135,-35.993
30604.187,-35.967
30604.273,-36.107
30604.383,-36.027
30604.484,-35.96
30604.572,-35.953
30604.670,-35.98
30604.778,-36.053
30604.871,-36.033
30604.986,-36.073
30605.084,-35.92
30605.192,-35.953
30605.282,-36.133
30605.373,-35.973
30605.476,-35.887
30605.587,-35.953
30605.709,-36.02
30605.807,-36.12
30605.871,-36.04
30605.994,-36.0
30606.187,-35.967
30606.192,-35.973
30606.297,-36.007
30606.386,-35.927
30606.510,-36.0
30606.608,-36.027
30606.707,-35.86
30656.807,-36.033
30656.908,-35.833
30657.033,-35.953
30657.121,-35.96
30657.217,-35.94
30657.324,-36.0
30657.398,-35.987
30657.464,-36.007
30657.628,-35.98
30657.738,-35.753
30657.763,-35.953
30657.863,-36.073
30657.959,-35.96
30658.062,-35.893
30658.179,-36.047
30658.275,-35.88
30658.454,-36.02
30658.549,-35.96
30658.574,-36.007
30658.674,-35.987
30658.792,-35.98
30658.868,-36.027
30658.989,-35.933
30659.060,-36.067
30659.170,-36.08
30659.280,-36.033
30659.356,-35.987
30659.459,-36.053
30659.572,-35.987
30659.674,-36.007
30659.771,-35.973
30659.871,-35.913
30659.969,-36.013
30660.086,-36.087
30660.187,-36.013
30660.290,-36.073
30660.391,-35.967
30660.493,-36.093
30660.606,-36.0
30660.704,-35.893
30660.800,-36.033
30660.902,-35.867
30661.003,-36.04
30661.118,-36.1
30661.211,-36.087
30661.310,-36.107
30661.415,-35.913
30661.516,-35.98
30661.619,-35.927
30661.650,-35.953
30661.824,-35.927
30661.883,-36.047
30661.951,-35.933
30662.054,-35.967
30662.175,-35.933
30662.258,-35.94
30662.361,-35.967
30662.508,-35.927
30662.567,-35.913
30662.663,-36.047
30662.746,-36.027
30662.849,-35.953
30662.979,-36.013
30663.052,-36.047
30663.150,-35.993
30663.251,-36.007
30663.351,-36.1
30663.461,-35.927
30663.569,-35.913
30663.690,-35.947
30663.770,-35.96
30663.871,-36.007
30663.974,-35.933
30664.082,-35.9
30664.180,-36.02
30664.290,-36.027
30664.383,-35.96
30664.493,-35.98
30664.589,-35.927
30664.690,-36.013
30664.795,-35.933
30664.922,-36.013
30665.005,-36.013
30665.143,-35.907
30665.145,-36.047
30665.307,-36.033
30665.408,-36.06
30665.440,-35.993
30665.552,-35.873
30665.638,-35.98
30665.746,-36.047
30665.851,-35.893
30665.952,-35.873
30666.055,-36.053
30666.158,-35.893
30666.241,-35.92
30666.354,-35.913
30666.435,-35.987
30666.538,-36.0
30666.636,-35.9
30716.739,-35.98
30716.842,-36.007
30716.954,-35.973
30717.045,-36.047
30717.152,-36.067
30717.258,-36.047
30717.337,-36.12
30717.457,-36.107
30717.565,-36.067
30717.662,-36.007
30717.756,-36.06
30717.866,-35.96
30717.967,-35.96
30718.070,-36.013
30718.173,-35.987
30718.277,-36.027
30718.378,-35.913
30718.494,-36.02
30718.594,-35.947
30718.689,-36.013
30718.788,-36.007
30718.832,-36.013
30718.993,-35.987
30719.094,-36.013
30719.202,-35.967
30719.234,-36.073
30719.329,-35.96
30719.429,-36.033
30719.548,-36.033
30719.633,-35.993
30719.734,-35.96
30719.834,-35.993
30719.937,-36.047
30720.040,-36.093
30720.123,-36.053
30720.258,-36.08
30720.324,-36.06
30720.425,-36.033
30720.528,-36.02
30720.628,-36.047
30720.734,-36.093
30720.869,-36.047
30720.940,-35.993
30721.040,-36.14
30721.141,-36.013
30721.246,-36.0
30721.364,-36.147
30721.454,-35.9
30721.564,-35.913
30721.619,-36.007
30721.775,-36.027
30721.859,-36.0
30721.932,-35.853
30722.065,-35.973
30722.165,-36.06
30722.270,-35.987
30722.371,-35.94
30722.473,-35.993
30722.577,-35.907
30722.677,-35.98
30722.771,-35.9
30722.886,-35.96
30722.991,-36.033
30723.018,-35.92
30723.201,-36.04
30723.217,-35.967
30723.329,-35.98
30723.427,-35.953
30723.523,-36.007
30723.636,-35.873
30723.734,-35.98
30723.907,-36.067
30723.937,-35.987
30724.021,-36.06
30724.123,-36.06
30724.223,-35.973
30724.317,-35.98
30724.418,-36.067
30724.521,-35.98
30724.623,-35.947
30724.739,-35.973
30724.839,-36.093
30724.935,-36.14
30725.136,-36.0
30725.138,-35.893
30725.244,-35.913
30725.341,-36.087
30725.451,-35.987
30725.545,-36.047
30725.648,-36.107
30725.771,-35.92
30725.858,-35.9
30725.954,-35.967
30726.057,-36.007
30726.140,-36.093
30726.261,-35.813
30726.364,-36.04
30726.476,-36.06
30726.508,-35.973
30726.672,-35.98
30776.773,-36.06
30776.804,-35.993
30776.979,-35.973
30777.082,-35.993
30777.106,-36.0
30777.207,-36.107
30777.310,-36.087
30777.420,-35.993
30777.503,-36.147
30777.626,-36.067
30777.704,-36.093
30777.809,-36.067
30777.905,-35.98
30778.023,-36.053
30778.106,-36.067
30778.207,-36.087
30778.314,-36.067
30778.415,-35.94
30778.515,-36.02
30778.619,-36.013
30778.723,-35.92
30778.827,-36.08
30778.949,-35.987
30779.028,-36.04
30779.130,-36.033
30779.231,-36.04
30779.341,-36.02
30779.449,-35.867
30779.540,-36.047
30779.643,-35.92
30779.744,-35.973
30779.859,-36.033
30779.959,-35.887
30779.996,-35.873
30780.153,-35.927
30780.256,-35.893
30780.364,-36.08
30780.462,-35.867
30780.550,-35.953
30780.665,-36.073
30780.768,-36.053
30780.800,-35.92
30780.972,-36.0
30781.000,-35.973
30781.099,-36.027
30781.201,-36.073
30781.309,-36.173
30781.415,-35.96
30781.498,-36.02
30781.599,-36.1
30781.697,-36.113
30781.792,-36.053
30781.888,-36.033
30781.989,-35.84
30782.089,-36.1
30782.189,-36.04
30782.310,-35.98
30782.408,-36.04
30782.508,-36.027
30782.611,-36.06
30782.714,-36.153
30782.805,-35.953
30782.927,-36.0
30783.023,-35.9
30783.123,-36.087
30783.226,-35.993
30783.329,-35.947
30783.430,-36.02
30783.535,-35.907
30783.635,-35.96
30783.741,-35.96
30783.783,-35.967
30783.952,-35.993
30784.048,-35.867
30784.148,-35.993
30784.271,-35.987
30784.351,-36.087
30784.457,-35.967
30784.488,-35.96
30784.592,-35.853
30784.692,-35.907
30784.790,-35.98
30784.888,-36.007
30784.991,-35.993
30785.091,-36.047
30785.180,-36.047
30785.298,-36.06
30785.400,-36.02
30785.486,-36.12
30785.582,-35.967
30785.695,-36.0
30785.787,-36.047
30785.896,-35.973
30785.976,-35.973
30786.079,-35.947
30786.194,-35.913
30786.297,-35.94
30786.400,-35.94
30786.501,-35.92
30786.606,-35.96
30786.702,-35.873
31076.810,-36.02
31076.912,-36.033
31077.013,-36.013
31077.114,-36.0
31077.219,-35.84
31077.332,-35.9
31077.435,-35.873
31077.532,-36.027
31077.628,-35.873
31077.731,-36.013
31077.834,-36.013
31077.945,-36.033
31077.971,-35.973
31078.141,-36.113
31078.244,-36.053
31078.285,-36.02
31078.369,-36.007
31078.472,-36.013
31078.577,-36.127
31078.682,-36.113
31078.788,-35.947
31078.885,-36.007
31079.003,-36.1
31079.074,-36.14
31079.177,-36.027
31079.275,-35.927
31079.371,-35.953
31079.473,-36.06
31079.577,-35.967
31079.677,-35.947
31079.782,-36.04
31079.881,-35.927
31079.984,-36.047
31080.104,-35.947
31080.189,-36.04
31080.299,-36.0
31080.398,-36.067
31080.518,-36.027
31080.604,-35.973
31080.702,-36.04
31080.802,-35.993
31080.908,-35.967
31081.006,-35.887
31081.111,-35.973
31081.207,-36.08
31081.315,-36.013
31081.418,-36.027
31081.521,-35.967
31081.628,-35.96
31081.724,-36.007
31081.827,-35.987
31081.944,-35.973
31082.033,-35.847
31082.059,-35.987
31082.199,-35.907
31082.263,-35.927
31082.380,-35.96
31082.467,-35.987
31082.567,-35.967
31082.723,-36.107
31082.775,-35.927
31082.875,-35.967
31082.978,-35.98
31083.065,-36.073
31083.165,-36.0
31083.261,-35.953
31083.364,-36.007
31083.467,-36.107
31083.567,-36.113
31083.670,-36.113
31083.782,-36.007
31083.881,-35.953
31084.003,-36.06
31084.074,-35.993
31084.192,-36.04
31084.288,-36.02
31084.388,-36.027
31084.516,-35.98
31084.599,-36.033
31084.697,-36.02
31084.798,-35.987
31084.900,-35.873
31085.005,-36.133
31085.104,-35.953
31085.251,-35.9
31085.310,-35.927
31085.435,-35.933
31085.513,-35.933
31085.619,-36.007
31085.723,-36.053
31085.753,-35.987
31085.924,-36.08
31085.952,-36.027
31086.055,-36.007
31086.160,-36.04
31086.256,-36.053
31086.354,-36.067
31086.462,-36.08
31086.562,-35.973
31086.665,-35.94
31136.766,-35.98
31136.869,-35.947
31136.947,-35.98
31137.050,-35.993
31137.158,-36.16
31137.253,-36.073
31137.364,-35.973
31137.459,-36.053
31137.572,-36.027
31137.646,-35.92
31137.766,-35.987
31137.869,-35.9
31137.959,-35.98
31138.064,-35.967
31138.146,-35.947
31138.248,-35.893
31138.381,-35.893
31138.501,-35.98
31138.609,-36.047
31138.665,-36.027
31138.790,-36.087
31138.869,-35.967
31138.996,-35.953
31139.121,-35.98
31139.199,-36.013
31139.302,-36.0
31139.405,-36.027
31139.506,-35.873
31139.604,-36.06
31139.707,-36.12
31139.815,-36.113
31139.842,-36.047
31139.942,-35.993
31140.052,-35.96
31140.150,-36.007
31140.256,-35.973
31140.337,-35.987
31140.440,-35.933
31140.545,-35.967
31140.641,-36.087
31140.761,-36.067
31140.846,-36.107
31140.944,-35.98
31141.050,-35.84
31141.153,-35.993
31141.250,-35.84
31141.349,-35.987
31141.452,-36.053
31141.565,-35.907
31141.668,-35.993
31141.768,-35.987
31141.866,-35.96
31141.932,-36.12
31142.069,-36.033
31142.163,-35.98
31142.250,-36.013
31142.383,-36.087
31142.457,-35.94
31142.601,-36.04
31142.667,-35.893
31142.788,-35.96
31142.886,-35.967
31142.988,-36.0
31143.084,-36.0
31143.194,-36.02
31143.298,-36.007
31143.336,-36.107
31143.432,-36.033
31143.535,-35.993
31143.635,-36.1
31143.729,-36.06
31143.842,-36.093
31143.940,-35.953
31144.043,-35.913
31144.138,-35.98
31144.244,-35.92
31144.342,-36.04
31144.462,-35.973
31144.535,-36.08
31144.628,-36.04
31144.729,-36.007
31144.856,-35.96
31144.935,-35.94
31145.038,-36.013
31145.138,-36.073
31145.243,-35.987
31145.366,-35.96
31145.472,-36.04
31145.548,-35.913
31145.652,-35.967
31145.753,-35.907
31145.856,-35.887
31145.925,-35.927
31146.030,-35.98
31146.165,-35.96
31146.273,-35.993
31146.361,-35.907
31146.469,-36.047
31146.572,-36.067
31146.687,-36.033
31196.785,-35.933
31196.881,-35.927
31196.984,-35.973
31197.084,-36.067
31197.114,-36.013
31197.293,-35.893
31197.320,-35.94
31197.415,-35.933
31197.528,-36.027
31197.628,-36.013
31197.802,-36.04
31197.827,-35.98
31197.927,-35.953
31198.030,-35.98
31198.114,-36.013
31198.219,-35.98
31198.317,-36.007
31198.415,-35.993
31198.525,-36.04
31198.621,-36.133
31198.724,-35.92
31198.849,-35.84
31198.937,-35.893
31199.035,-35.927
31199.135,-36.06
31199.236,-36.1
31199.337,-36.053
31199.440,-36.013
31199.543,-35.953
31199.653,-36.013
31199.756,-35.96
31199.851,-36.027
31199.952,-36.053
31200.064,-35.867
31200.119,-35.913
31200.226,-36.04
31200.371,-35.947
31200.489,-36.133
31200.565,-36.013
31200.687,-36.033
31200.704,-35.96
31200.875,-36.067
31200.976,-36.007
31201.005,-36.02
31201.192,-35.893
31201.219,-35.947
31201.315,-36.0
31201.422,-35.94
31201.525,-36.02
31201.623,-35.927
31201.719,-35.96
31201.804,-36.067
31201.902,-36.02
31202.021,-35.967
31202.104,-35.88
31202.206,-35.993
31202.307,-36.067
31202.410,-36.06
31202.523,-36.04
31202.616,-36.033
31202.717,-35.973
31202.820,-35.953
31202.934,-36.093
31203.032,-35.887
31203.130,-36.04
31203.229,-35.993
31203.331,-35.973
31203.432,-36.013
31203.535,-35.913
31203.626,-35.88
31203.741,-35.967
31203.844,-36.0
31203.908,-35.98
31204.038,-36.02
31204.121,-35.96
31204.241,-36.087
31204.295,-36.06
31204.452,-36.02
31204.552,-36.02
31204.604,-36.113
31204.695,-36.013
31204.797,-36.027
31204.893,-36.1
31204.996,-36.04
31205.096,-35.993
31205.204,-36.007
31205.300,-35.947
31205.403,-35.94
31205.508,-36.02
31205.608,-36.027
31205.709,-36.02
31205.832,-36.04
31205.893,-35.813
31205.993,-36.04
31206.097,-35.907
31206.204,-36.007
31206.302,-35.987
31206.412,-35.953
31206.506,-35.933
31206.611,-36.02
31256.712,-35.953
31256.814,-36.047
31256.934,-35.947
31257.018,-36.04
31257.121,-36.08
31257.243,-35.993
31257.300,-35.953
31257.386,-35.94
31257.496,-35.98
31257.601,-36.06
31257.704,-35.893
31257.837,-36.027
31257.939,-35.907
31258.040,-36.027
31258.146,-35.967
31258.248,-36.067
31258.349,-36.093
31258.452,-35.96
31258.547,-36.0
31258.646,-36.113
31258.771,-36.013
31258.790,-36.007
31258.885,-36.013
31258.998,-36.047
31259.185,-35.993
31259.192,-36.06
31259.297,-36.027
31259.396,-35.913
31259.505,-35.947
31259.603,-35.973
31259.680,-36.033
31259.782,-36.013
31259.896,-35.953
31259.988,-35.987
31260.089,-36.013
31260.192,-36.047
31260.295,-36.033
31260.398,-36.047
31260.508,-35.893
31260.609,-35.933
31260.704,-36.08
31260.824,-36.02
31260.918,-35.96
31261.021,-35.96
31261.119,-35.933
31261.226,-35.98
31261.344,-36.06
31261.422,-36.0
31261.523,-36.1
31261.587,-35.953
31261.709,-35.927
31261.800,-36.053
31261.923,-36.007
31261.971,-36.013
31262.079,-35.98
31262.241,-35.887
31262.337,-35.987
31262.445,-36.047
31262.486,-36.053
31262.582,-36.033
31262.677,-36.02
31262.778,-36.08
31262.881,-36.06
31262.984,-35.98
31263.082,-36.087
31263.207,-36.027
31263.275,-35.887
31263.371,-35.933
31263.467,-36.073
31263.592,-35.993
31263.674,-36.027
31263.777,-35.947
31263.885,-35.987
31263.986,-36.12
31264.084,-36.04
31264.182,-35.907
31264.288,-35.92
31264.400,-35.933
31264.496,-35.967
31264.594,-35.913
31264.697,-36.04
31264.807,-35.973
31264.902,-36.047
31265.043,-35.947
31265.108,-36.007
31265.209,-36.073
31265.310,-36.1
31265.430,-35.96
31265.508,-36.053
31265.628,-35.927
31265.722,-36.0
31265.824,-35.973
31265.927,-36.047
31266.030,-36.073
31266.119,-36.06
31266.163,-35.993
31266.261,-36.013
31266.359,-36.087
31266.532,-36.02
31266.564,-36.013
31266.660,-35.92
31316.771,-35.933
31316.952,-36.04
31317.054,-36.02
31317.057,-35.987
31317.177,-35.967
31317.268,-35.973
31317.364,-35.973
31317.464,-36.007
31317.591,-36.027
31317.660,-35.967
31317.763,-35.933
31317.873,-36.067
31317.976,-35.92
31318.076,-35.933
31318.175,-35.987
31318.290,-35.987
31318.396,-35.947
31318.494,-35.96
31318.589,-35.947
31318.692,-36.0
31318.795,-36.093
31318.895,-35.94
31319.006,-35.993
31319.106,-35.953
31319.229,-36.027
31319.305,-35.973
31319.429,-36.013
31319.515,-35.92
31319.613,-36.02
31319.714,-35.94
31319.839,-35.953
31319.920,-35.973
31320.023,-35.953
31320.126,-35.967
31320.163,-35.847
31320.256,-36.04
31320.356,-36.013
31320.459,-35.947
31320.557,-36.013
31320.660,-36.007
31320.763,-35.973
31320.864,-36.067
31320.967,-36.02
31321.045,-35.993
31321.150,-36.02
31321.271,-35.9
31321.356,-35.987
31321.454,-35.913
31321.567,-35.94
31321.684,-35.933
31321.761,-35.973
31321.866,-36.033
31321.967,-35.98
31322.072,-36.02
31322.172,-35.973
31322.275,-35.967
31322.380,-35.88
31322.481,-36.04
31322.584,-36.013
31322.685,-35.933
31322.788,-35.927
31322.851,-35.92
31322.954,-35.98
31323.059,-35.933
31323.168,-35.927
31323.299,-35.94
31323.432,-35.92
31323.516,-36.0
31323.542,-36.08
31323.640,-35.967
31323.744,-35.947
31323.839,-36.033
31323.951,-35.933
31324.050,-35.96
31324.253,-35.967
31324.256,-35.9
31324.336,-35.94
31324.437,-36.007
31324.540,-35.9
31324.643,-35.993
31324.744,-36.007
31324.861,-36.02
31324.945,-35.967
31325.040,-35.813
31325.143,-36.06
31325.244,-35.98
31325.354,-35.973
31325.474,-35.98
31325.552,-35.893
31325.675,-35.913
31325.763,-36.007
31325.859,-36.013
31325.962,-35.927
31326.064,-35.907
31326.167,-35.947
31326.277,-36.027
31326.373,-35.98
31326.479,-35.993
31326.576,-35.98
31326.685,-35.933
31376.780,-35.993
31376.893,-35.967
31376.994,-35.967
31377.025,-36.087
31377.190,-36.013
31377.293,-36.067
31377.395,-36.0
31377.425,-36.013
31377.538,-36.047
31377.636,-35.933
31377.804,-35.993
31377.834,-36.0
31377.930,-35.927
31378.033,-36.027
31378.135,-36.013
31378.250,-36.053
31378.348,-35.987
31378.427,-35.913
31378.528,-36.093
31378.638,-35.947
31378.744,-35.893
31378.829,-35.947
31378.932,-35.953
31379.025,-36.007
31379.146,-35.92
31379.248,-36.047
31379.376,-35.973
31379.424,-36.067
31379.545,-35.993
31379.641,-35.913
31379.734,-35.973
31379.856,-36.047
31379.964,-36.067
31380.057,-36.067
31380.155,-36.06
31380.258,-35.827
31380.364,-36.067
31380.467,-35.96
31380.577,-36.02
31380.677,-36.033
31380.775,-35.867
31380.876,-35.98
31380.979,-35.993
31381.082,-35.927
31381.190,-35.96
31381.288,-36.02
31381.391,-36.047
31381.420,-36.033
31381.518,-35.987
31381.625,-35.967
31381.721,-35.98
31381.827,-35.967
31381.924,-35.94
31382.013,-36.007
31382.111,-35.987
31382.234,-35.96
31382.334,-35.98
31382.413,-35.967
31382.516,-35.907
31382.616,-35.893
31382.721,-36.007
31382.832,-36.013
31382.927,-35.953
31383.025,-36.0
31383.138,-36.053
31383.234,-36.027
31383.334,-35.927
31383.439,-36.0
31383.549,-35.993
31383.641,-36.0
31383.761,-35.96
31383.849,-35.86
31383.949,-35.947
31384.045,-36.013
31384.146,-36.047
31384.250,-36.033
31384.364,-35.827
31384.461,-35.853
31384.565,-36.067
31384.667,-36.113
31384.766,-36.047
31384.876,-35.973
31384.908,-36.073
31385.013,-35.867
31385.109,-35.967
31385.280,-36.047
31385.307,-36.053
31385.408,-36.02
31385.508,-35.973
31385.623,-36.08
31385.702,-36.053
31385.802,-36.04
31385.900,-36.04
31386.011,-36.093
31386.101,-36.073
31386.202,-35.98
31386.305,-36.053
31386.508,-36.013
31386.513,-36.02
31386.611,-36.007
31676.714,-35.987
31676.815,-36.02
31676.927,-35.893
31677.030,-36.047
31677.131,-35.933
31677.228,-36.02
31677.327,-36.033
31677.437,-35.82
31677.533,-35.88
31677.636,-35.973
31677.738,-36.007
31677.849,-36.0
31677.945,-35.867
31678.047,-35.967
31678.106,-36.04
31678.250,-36.14
31678.315,-36.073
31678.422,-36.08
31678.496,-36.073
31678.658,-36.06
31678.729,-35.987
31678.864,-35.98
31678.905,-36.067
31679.070,-35.927
31679.096,-36.1
31679.197,-36.027
31679.299,-36.147
31679.398,-36.093
31679.513,-36.04
31679.609,-36.06
31679.706,-36.14
31679.810,-36.047
31679.912,-36.107
31680.008,-36.107
31680.094,-36.04
31680.195,-35.993
31680.299,-35.967
31680.420,-36.02
31680.496,-36.073
31680.606,-36.04
31680.702,-36.093
31680.810,-36.067
31680.915,-35.913
31681.016,-36.087
31681.116,-36.027
31681.229,-36.027
31681.326,-36.1
31681.432,-35.993
31681.535,-36.04
31681.633,-35.88
31681.733,-35.84
31681.847,-36.053
31681.935,-35.967
31682.047,-36.087
31682.146,-36.027
31682.258,-35.953
31682.285,-35.94
31682.381,-35.987
31682.552,-36.02
31682.582,-35.987
31682.680,-35.96
31682.790,-36.06
31682.947,-36.027
31682.988,-36.08
31683.084,-36.013
31683.266,-36.053
31683.369,-36.033
31683.398,-36.033
31683.496,-36.067
31683.599,-36.087
31683.685,-36.0
31683.778,-35.973
31683.883,-35.933
31683.984,-35.947
31684.097,-35.98
31684.190,-35.913
31684.292,-36.0
31684.388,-36.013
31684.496,-36.013
31684.609,-36.0
31684.680,-35.907
31684.805,-35.88
31684.905,-36.04
31685.010,-35.92
31685.111,-36.033
31685.197,-36.027
31685.319,-35.9
31685.418,-35.987
31685.523,-35.987
31685.631,-35.933
31685.728,-36.007
31685.826,-36.0
31685.934,-35.9
31686.033,-36.06
31686.136,-36.113
31686.256,-35.933
31686.271,-36.013
31686.451,-35.993
31686.479,-36.027
31686.577,-35.907
31686.670,-35.993
31736.849,-35.9
31736.878,-36.04
31736.991,-36.107
31737.084,-35.993
31737.189,-35.947
31737.285,-35.987
31737.388,-35.907
31737.489,-35.987
31737.569,-35.947
31737.670,-36.007
31737.773,-36.02
31737.883,-36.027
31738.003,-36.06
31738.119,-35.94
31738.182,-35.92
31738.285,-36.007
31738.390,-35.887
31738.506,-35.953
31738.603,-36.04
31738.699,-36.02
31738.797,-35.947
31738.900,-36.007
31739.001,-35.82
31739.104,-36.073
31739.168,-36.0
31739.273,-36.093
31739.415,-36.147
31739.513,-35.907
31739.616,-35.853
31739.724,-35.92
31739.790,-35.94
31739.932,-36.073
31740.035,-36.113
31740.062,-36.053
31740.158,-36.013
31740.342,-36.04
31740.371,-36.087
31740.538,-36.153
31740.567,-35.92
31740.668,-35.98
31740.766,-36.053
31740.871,-36.16
31740.969,-36.06
31741.074,-35.96
31741.177,-36.107
31741.255,-36.027
31741.356,-36.08
31741.469,-35.92
31741.570,-36.013
31741.665,-36.007
31741.770,-35.98
31741.881,-35.987
31741.976,-35.993
31742.074,-35.94
31742.180,-36.007
31742.285,-35.98
31742.380,-36.033
31742.503,-36.06
31742.592,-36.013
31742.687,-36.093
31742.790,-36.053
31742.915,-36.053
31742.996,-36.087
31743.057,-35.913
31743.158,-36.0
31743.309,-36.013
31743.364,-36.02
31743.471,-36.007
31743.574,-35.827
31743.650,-36.0
31743.753,-36.12
31743.918,-35.96
31744.020,-36.007
31744.048,-36.06
31744.216,-35.973
31744.266,-35.967
31744.364,-36.107
31744.464,-36.087
31744.562,-35.953
31744.660,-36.047
31744.753,-36.0
31744.859,-36.16
31744.967,-36.013
31745.077,-36.093
31745.150,-36.047
31745.248,-36.2
31745.351,-36.033
31745.452,-36.133
31745.582,-36.12
31745.658,-35.973
31745.766,-35.967
31745.863,-35.947
31745.966,-36.107
31746.067,-36.033
31746.180,-36.06
31746.273,-36.02
31746.375,-36.113
31746.486,-35.987
31746.592,-35.973
31796.712,-35.84
31796.787,-36.02
31796.888,-36.053
31796.989,-35.987
31797.092,-36.053
31797.153,-35.947
31797.297,-36.007
31797.359,-36.107
31797.462,-36.053
31797.562,-36.02
31797.648,-35.933
31797.770,-35.913
31797.869,-35.953
31797.945,-35.947
31798.043,-35.933
31798.138,-36.067
31798.241,-36.027
31798.342,-35.967
31798.452,-36.02
31798.555,-36.047
31798.653,-36.04
31798.753,-35.96
31798.861,-36.02
31798.935,-36.113
31799.037,-36.053
31799.138,-36.053
31799.243,-36.027
31799.354,-36.047
31799.449,-36.007
31799.581,-36.14
31799.677,-35.96
31799.755,-35.947
31799.856,-35.973
31799.947,-36.107
31800.070,-36.113
31800.173,-36.053
31800.266,-36.0
31800.371,-36.1
31800.471,-36.067
31800.589,-36.033
31800.677,-36.02
31800.785,-35.847
31800.890,-35.94
31801.005,-36.093
31801.084,-36.053
31801.187,-36.073
31801.290,-35.967
31801.391,-35.927
31801.503,-35.927
31801.532,-35.867
31801.628,-35.92
31801.805,-36.04
31801.834,-36.04
31801.932,-36.027
31802.030,-35.973
31802.133,-36.06
31802.236,-36.013
31802.339,-35.967
31802.427,-35.9
31802.548,-35.993
31802.621,-36.093
31802.724,-36.02
31802.839,-35.973
31802.939,-35.967
31803.035,-36.007
31803.135,-36.027
31803.229,-36.02
31803.332,-36.033
31803.456,-35.907
31803.528,-36.0
31803.638,-36.027
31803.756,-36.033
31803.827,-36.033
31803.940,-35.887
31804.032,-36.027
31804.158,-36.1
31804.263,-36.007
31804.351,-35.96
31804.472,-35.973
31804.594,-35.967
31804.675,-36.133
31804.771,-36.067
31804.873,-36.073
31805.001,-36.007
31805.018,-36.067
31805.114,-36.073
31805.283,-36.007
31805.315,-36.047
31805.489,-36.02
31805.516,-36.08
31805.616,-35.987
31805.734,-35.913
31805.824,-36.193
31805.932,-36.093
31806.028,-36.027
31806.111,-35.967
31806.229,-36.067
31806.332,-36.06
31806.435,-36.133
31806.515,-36.02
31806.623,-35.86
31856.719,-36.093
31856.837,-36.047
31856.923,-35.94
31857.025,-35.993
31857.150,-35.987
31857.248,-35.993
31857.364,-36.133
31857.437,-36.033
31857.535,-35.987
31857.646,-36.02
31857.743,-36.013
31857.842,-35.947
31857.945,-36.047
31858.049,-36.06
31858.150,-35.947
31858.271,-35.893
31858.354,-35.927
31858.452,-36.033
31858.560,-36.0
31858.675,-36.067
31858.714,-35.973
31858.817,-35.993
31858.971,-36.067
31859.087,-36.02
31859.114,-36.073
31859.212,-35.98
31859.307,-35.92
31859.410,-36.04
31859.508,-36.02
31859.616,-36.087
31859.714,-36.1
31859.815,-36.08
31859.915,-36.027
31860.018,-36.073
31860.197,-36.047
31860.199,-35.993
31860.309,-36.047
31860.403,-36.173
31860.511,-36.14
31860.619,-36.033
31860.714,-36.08
31860.812,-36.0
31860.925,-36.093
31861.028,-36.087
31861.123,-36.047
31861.224,-35.993
31861.326,-35.927
31861.427,-35.88
31861.528,-36.013
31861.631,-36.027
31861.760,-36.007
31861.837,-35.98
31861.940,-35.907
31862.050,-36.033
31862.172,-36.02
31862.248,-36.12
31862.358,-36.047
31862.444,-36.047
31862.552,-36.0
31862.657,-36.013
31862.765,-36.04
31862.861,-35.893
31862.893,-36.1
31863.086,-36.013
31863.101,-35.913
31863.204,-35.98
31863.373,-36.02
31863.405,-35.927
31863.496,-36.087
31863.603,-36.113
31863.704,-35.96
31863.820,-36.053
31863.891,-36.033
31863.988,-35.96
31864.089,-35.967
31864.192,-36.007
31864.300,-35.927
31864.398,-36.04
31864.508,-36.033
31864.601,-36.073
31864.706,-35.993
31864.807,-36.047
31864.923,-36.093
31865.011,-36.033
31865.114,-35.987
31865.204,-35.807
31865.334,-35.92
31865.434,-35.84
31865.493,-35.88
31865.626,-35.98
31865.726,-36.013
31865.831,-35.993
31865.942,-36.047
31866.033,-36.093
31866.138,-36.027
31866.239,-35.98
31866.336,-35.9
31866.445,-35.96
31866.547,-36.04
31866.650,-36.027
31916.761,-35.933
31916.849,-35.873
31916.881,-36.0
31916.981,-36.093
31917.084,-35.967
31917.195,-36.033
31917.293,-35.993
31917.391,-35.973
31917.494,-36.007
31917.596,-36.033
31917.697,-36.033
31917.775,-35.84
31917.905,-35.967
31917.983,-36.053
31918.082,-36.007
31918.229,-36.073
31918.290,-35.987
31918.391,-35.94
31918.494,-35.84
31918.598,-35.933
31918.699,-36.04
31918.800,-35.913
31918.930,-35.867
31919.008,-35.933
31919.108,-35.98
31919.174,-36.02
31919.337,-36.027
31919.413,-35.827
31919.521,-36.047
31919.596,-35.847
31919.744,-35.947
31919.824,-36.107
31919.893,-35.873
31919.971,-36.047
31920.136,-35.947
31920.175,-36.053
31920.273,-35.98
31920.373,-35.927
31920.469,-35.927
31920.638,-36.013
31920.668,-35.927
31920.770,-36.033
31920.871,-36.073
31920.973,-36.053
31921.081,-35.94
31921.170,-35.967
31921.283,-36.033
31921.383,-36.007
31921.486,-35.967
31921.584,-35.96
31921.668,-36.033
31921.768,-35.88
31921.871,-35.98
31921.976,-35.973
31922.077,-35.92
31922.180,-35.98
31922.283,-36.0
31922.395,-36.047
31922.589,-36.047
31922.592,-35.907
31922.692,-35.973
31922.814,-36.08
31922.896,-36.027
31923.006,-35.967
31923.062,-35.913
31923.204,-36.0
31923.266,-35.993
31923.418,-36.013
31923.479,-35.987
31923.613,-35.947
31923.687,-35.767
31923.827,-35.967
31923.898,-36.013
31924.023,-35.94
31924.126,-35.9
31924.226,-35.92
31924.331,-36.007
31924.432,-35.967
31924.478,-36.04
31924.562,-35.947
31924.662,-35.993
31924.763,-35.94
31924.869,-35.893
31924.969,-35.9
31925.072,-35.933
31925.173,-35.947
31925.256,-35.98
31925.363,-36.007
31925.457,-36.0
31925.579,-36.047
31925.690,-35.96
31925.763,-35.907
31925.866,-36.047
31925.991,-35.96
31926.079,-36.107
31926.175,-35.98
31926.275,-35.94
31926.383,-35.96
31926.479,-35.893
31926.582,-36.1
31926.685,-35.8
31976.798,-36.02
31976.896,-35.953
31976.993,-35.9
31977.096,-35.933
31977.197,-35.773
31977.261,-36.007
31977.366,-35.973
31977.474,-36.033
31977.613,-36.06
31977.679,-36.02
31977.832,-35.94
31977.913,-35.88
31978.018,-36.053
31978.048,-36.04
31978.150,-36.02
31978.256,-36.0
31978.353,-35.947
31978.449,-35.887
31978.550,-35.933
31978.650,-35.913
31978.748,-35.973
31978.848,-35.98
31978.962,-36.087
31979.065,-36.02
31979.143,-36.04
31979.253,-35.993
31979.348,-35.987
31979.449,-35.96
31979.552,-36.02
31979.667,-36.113
31979.765,-36.027
31979.861,-36.02
31979.962,-35.94
31980.065,-35.973
31980.168,-36.007
31980.270,-35.96
31980.400,-36.033
31980.476,-35.973
31980.577,-35.927
31980.672,-35.94
31980.793,-35.933
31980.848,-36.073
31980.986,-35.96
31981.094,-35.947
31981.190,-35.953
31981.295,-35.847
31981.396,-35.947
31981.505,-35.913
31981.599,-36.02
31981.702,-35.98
31981.829,-36.02
31981.842,-36.12
31981.937,-36.087
31982.035,-35.933
31982.138,-36.027
31982.239,-35.8
31982.341,-36.093
31982.445,-35.96
31982.562,-36.127
31982.729,-36.027
31982.753,-36.02
31982.853,-35.853
31982.932,-36.047
31983.033,-36.067
31983.136,-36.053
31983.246,-35.973
31983.351,-36.073
31983.447,-35.9
31983.547,-35.993
31983.665,-36.06
31983.751,-35.993
31983.854,-36.067
31983.956,-35.9
31984.077,-35.947
31984.160,-35.96
31984.263,-35.973
31984.364,-36.073
31984.467,-35.98
31984.570,-35.927
31984.674,-35.96
31984.736,-36.047
31984.841,-35.92
31984.979,-36.0
31985.082,-35.853
31985.184,-35.953
31985.285,-35.873
31985.398,-35.893
31985.425,-35.967
31985.525,-35.993
31985.697,-35.993
31985.724,-35.92
31985.829,-35.973
31985.937,-36.047
31986.106,-36.093
31986.133,-36.027
31986.238,-35.973
31986.322,-36.0
31986.445,-35.96
31986.540,-35.96
31986.641,-35.96
32276.719,-35.933
32276.834,-35.953
32276.927,-35.9
32277.027,-35.953
32277.131,-35.78
32277.233,-35.98
32277.341,-36.053
32277.437,-35.98
32277.550,-35.953
32277.646,-35.92
32277.751,-35.96
32277.849,-36.047
32277.949,-36.04
32278.074,-35.973
32278.123,-36.02
32278.266,-35.8
32278.368,-35.967
32278.462,-35.973
32278.564,-36.0
32278.665,-36.027
32278.770,-35.933
32278.834,-35.98
32278.932,-36.013
32279.084,-35.92
32279.113,-36.047
32279.243,-35.92
32279.342,-35.973
32279.476,-36.067
32279.589,-36.047
32279.618,-35.907
32279.714,-35.933
32279.827,-35.933
32279.915,-36.053
32280.021,-35.98
32280.118,-35.987
32280.219,-36.02
32280.326,-35.953
32280.423,-35.913
32280.521,-35.9
32280.614,-36.013
32280.714,-35.907
32280.815,-35.867
32280.913,-35.9
32281.013,-35.96
32281.133,-36.007
32281.231,-35.887
32281.329,-35.967
32281.432,-36.007
32281.532,-35.92
32281.636,-35.893
32281.751,-36.033
32281.841,-35.847
32281.945,-36.073
32282.045,-35.847
32282.163,-35.953
32282.261,-36.02
32282.359,-35.833
32282.557,-36.04
32282.560,-35.98
32282.667,-35.933
32282.788,-36.113
32282.864,-35.94
32282.967,-36.027
32283.067,-35.973
32283.172,-36.007
32283.273,-36.187
32283.302,-36.073
32283.403,-36.033
32283.589,-36.04
32283.603,-36.033
32283.709,-35.967
32283.810,-36.107
32283.913,-35.94
32284.000,-35.96
32284.099,-35.927
32284.221,-35.953
32284.322,-35.947
32284.403,-35.933
32284.501,-36.02
32284.604,-35.993
32284.734,-36.0
32284.819,-35.94
32284.915,-35.893
32285.016,-35.893
32285.099,-36.027
32285.222,-36.113
32285.322,-35.927
32285.425,-36.027
32285.537,-35.947
32285.631,-36.033
32285.731,-36.073
32285.837,-36.0
32285.937,-35.887
32286.048,-35.933
32286.160,-36.0
32286.244,-36.007
32286.348,-35.927
32286.449,-35.92
32286.528,-36.007
32286.594,-35.98
32336.756,-35.96
32336.866,-36.0
32336.896,-35.953
32337.064,-35.927
32337.092,-36.027
32337.189,-35.893
32337.310,-36.067
32337.395,-36.12
32337.496,-36.053
32337.675,-35.853
32337.704,-35.987
32337.804,-36.04
32337.905,-36.047
32337.998,-35.967
32338.087,-35.873
32338.189,-36.053
32338.292,-35.96
32338.410,-36.08
32338.508,-35.96
32338.604,-35.987
32338.701,-35.867
32338.802,-35.987
32338.905,-36.007
32339.016,-35.993
32339.109,-36.067
32339.214,-35.96
32339.315,-35.953
32339.408,-36.013
32339.511,-35.96
32339.614,-35.92
32339.733,-36.047
32339.834,-36.06
32339.930,-35.96
32340.033,-36.033
32340.136,-36.06
32340.246,-35.993
32340.299,-36.107
32340.452,-35.973
32340.570,-35.987
32340.586,-36.02
32340.682,-35.967
32340.780,-36.0
32340.954,-35.96
32340.979,-36.08
32341.079,-36.053
32341.185,-35.987
32341.305,-35.967
32341.393,-35.947
32341.491,-35.987
32341.592,-35.887
32341.695,-35.933
32341.798,-35.967
32341.876,-36.013
32341.981,-36.047
32342.084,-36.007
32342.182,-35.98
32342.287,-35.893
32342.408,-36.027
32342.489,-36.033
32342.594,-36.0
32342.702,-36.033
32342.819,-35.967
32342.900,-35.867
32343.003,-35.973
32343.104,-36.007
32343.212,-36.047
32343.310,-35.82
32343.422,-36.033
32343.515,-35.933
32343.621,-35.92
32343.729,-35.94
32343.847,-35.9
32343.925,-36.007
32344.025,-36.113
32344.123,-36.073
32344.244,-35.98
32344.334,-35.893
32344.435,-36.04
32344.538,-35.973
32344.657,-35.86
32344.743,-36.073
32344.775,-36.047
32344.873,-35.98
32344.979,-35.96
32345.076,-35.973
32345.175,-35.94
32345.278,-36.093
32345.371,-36.04
32345.469,-36.14
32345.589,-36.067
32345.674,-36.0
32345.785,-36.033
32345.883,-36.0
32345.981,-35.973
32346.082,-35.98
32346.175,-36.013
32346.288,-35.92
32346.390,-36.047
32346.494,-35.893
32346.591,-36.007
32346.689,-35.973
32396.790,-36.04
32396.891,-35.94
32396.994,-35.993
32397.092,-35.987
32397.185,-36.027
32397.304,-35.973
32397.405,-35.907
32397.508,-35.913
32397.621,-36.013
32397.719,-35.907
32397.815,-35.947
32397.876,-36.007
32398.021,-35.92
32398.091,-36.027
32398.226,-35.893
32398.332,-35.9
32398.359,-35.94
32398.459,-35.9
32398.574,-35.94
32398.655,-36.053
32398.761,-36.16
32398.875,-36.053
32399.067,-35.987
32399.070,-36.067
32399.168,-36.067
32399.263,-36.033
32399.391,-36.033
32399.469,-35.927
32399.555,-36.067
32399.658,-35.96
32399.761,-36.007
32399.866,-35.953
32399.966,-36.02
32400.067,-36.013
32400.172,-36.047
32400.273,-36.053
32400.375,-36.113
32400.493,-35.967
32400.586,-36.033
32400.684,-36.0
32400.785,-36.047
32400.907,-36.047
32400.989,-36.0
32401.092,-35.847
32401.194,-35.867
32401.305,-36.053
32401.408,-35.92
32401.505,-35.947
32401.603,-35.927
32401.707,-35.94
32401.807,-36.033
32401.910,-36.1
32402.021,-35.96
32402.050,-35.913
32402.148,-35.973
32402.331,-35.987
32402.349,-36.073
32402.445,-36.027
32402.565,-35.98
32402.652,-35.94
32402.766,-35.927
32402.864,-35.927
32402.959,-35.94
32403.064,-35.953
32403.152,-35.867
32403.246,-36.033
32403.347,-36.06
32403.447,-36.02
32403.552,-36.033
32403.652,-35.9
32403.753,-35.98
32403.888,-36.007
32403.961,-36.067
32404.060,-36.027
32404.168,-35.98
32404.277,-35.993
32404.373,-36.0
32404.469,-36.067
32404.579,-36.0
32404.675,-36.087
32404.778,-35.887
32404.903,-35.967
32404.991,-36.113
32405.084,-36.007
32405.207,-36.0
32405.290,-35.9
32405.393,-36.067
32405.496,-36.02
32405.598,-35.96
32405.638,-35.933
32405.804,-35.927
32405.905,-35.98
32406.006,-36.087
32406.047,-35.973
32406.143,-35.953
32406.244,-36.087
32406.344,-36.007
32406.449,-36.02
32406.552,-36.013
32406.655,-36.133
32456.744,-36.02
32456.853,-35.993
32456.952,-35.967
32457.030,-36.007
32457.153,-36.047
32457.236,-36.013
32457.339,-35.88
32457.440,-35.993
32457.545,-35.933
32457.646,-36.033
32457.731,-35.98
32457.849,-35.96
32457.945,-35.967
32458.045,-35.913
32458.138,-35.873
32458.255,-36.02
32458.354,-35.953
32458.454,-35.98
32458.579,-36.067
32458.658,-36.107
32458.773,-36.127
32458.873,-35.88
32458.966,-35.933
32459.072,-36.02
32459.189,-35.94
32459.283,-35.933
32459.385,-35.993
32459.516,-35.96
32459.589,-36.033
32459.694,-36.0
32459.795,-35.947
32459.827,-35.953
32459.925,-36.04
32460.104,-35.993
32460.130,-35.927
32460.229,-35.98
32460.331,-36.013
32460.439,-36.067
32460.537,-36.013
32460.638,-35.947
32460.726,-36.007
32460.827,-36.007
32460.922,-35.953
32461.025,-35.993
32461.150,-35.92
32461.239,-36.093
32461.337,-35.893
32461.444,-35.853
32461.535,-36.013
32461.648,-36.027
32461.768,-36.04
32461.844,-35.94
32461.956,-35.9
32462.052,-36.04
32462.152,-35.973
32462.253,-36.093
32462.356,-36.0
32462.459,-36.02
32462.560,-35.907
32462.665,-35.86
32462.773,-35.907
32462.878,-35.953
32462.989,-35.9
32463.035,-36.02
32463.138,-35.933
32463.278,-35.96
32463.400,-35.967
32463.425,-35.927
32463.594,-36.013
32463.619,-36.053
32463.724,-35.973
32463.817,-35.993
32463.915,-35.993
32464.018,-36.033
32464.121,-36.0
32464.234,-35.967
32464.329,-36.047
32464.429,-36.06
32464.530,-35.933
32464.608,-36.02
32464.709,-35.9
32464.826,-35.887
32464.915,-36.0
32465.018,-35.953
32465.121,-36.007
32465.238,-35.907
32465.334,-35.933
32465.432,-36.0
32465.530,-36.013
32465.633,-36.047
32465.734,-35.88
32465.837,-36.06
32465.940,-36.033
32466.042,-35.96
32466.145,-35.907
32466.246,-35.873
32466.349,-36.067
32466.462,-36.087
32466.555,-35.98
32466.687,-36.02
32516.766,-35.92
32516.864,-35.973
32516.964,-36.033
32517.076,-35.98
32517.104,-36.093
32517.271,-35.953
32517.322,-35.94
32517.476,-36.027
32517.503,-35.953
32517.601,-36.0
32517.704,-35.9
32517.807,-35.987
32517.908,-35.987
32518.010,-36.053
32518.131,-35.947
32518.216,-35.947
32518.320,-35.88
32518.396,-35.94
32518.500,-35.947
32518.596,-35.96
32518.706,-36.027
32518.807,-35.927
32518.913,-35.92
32519.013,-35.987
32519.114,-35.987
32519.239,-35.887
32519.327,-35.893
32519.425,-35.973
32519.523,-35.927
32519.648,-36.027
32519.728,-35.973
32519.831,-35.98
32519.932,-35.967
32520.040,-36.027
32520.138,-36.027
32520.239,-36.073
32520.342,-35.84
32520.447,-36.013
32520.547,-36.007
32520.650,-35.967
32520.761,-35.967
32520.881,-35.933
32520.957,-35.987
32521.072,-36.1
32521.091,-35.987
32521.265,-35.973
32521.293,-36.02
32521.390,-35.96
32521.508,-35.96
32521.604,-35.94
32521.701,-35.933
32521.810,-35.9
32521.888,-35.947
32522.006,-35.953
32522.106,-35.853
32522.187,-35.94
32522.288,-35.9
32522.383,-36.067
32522.486,-36.013
32522.589,-36.093
32522.717,-36.08
32522.810,-36.04
32522.913,-36.0
32523.003,-35.9
32523.106,-36.053
32523.211,-35.94
32523.322,-36.007
32523.418,-36.013
32523.518,-35.893
32523.646,-35.987
32523.734,-36.0
32523.829,-35.98
32523.927,-36.02
32524.030,-35.873
32524.131,-35.893
32524.234,-35.967
32524.337,-36.033
32524.381,-36.073
32524.543,-35.913
32524.643,-36.02
32524.748,-35.987
32524.790,-35.9
32524.885,-35.987
32524.983,-36.013
32525.081,-36.02
32525.190,-35.96
32525.285,-36.033
32525.396,-36.06
32525.481,-35.947
32525.591,-35.953
32525.692,-35.92
32525.795,-35.98
32525.896,-35.987
32525.976,-36.087
32526.077,-35.92
32526.180,-35.94
32526.288,-36.007
32526.385,-35.927
32526.513,-36.06
32526.599,-36.033
32526.699,-36.04
32576.780,-36.107
32576.902,-35.94
32577.010,-36.02
32577.077,-35.947
32577.212,-35.94
32577.322,-36.007
32577.390,-36.053
32577.511,-35.967
32577.606,-36.0
32577.704,-36.013
32577.809,-35.993
32577.930,-35.987
32578.018,-35.967
32578.126,-35.98
32578.229,-35.94
32578.329,-35.993
32578.432,-36.12
32578.535,-35.933
32578.645,-36.073
32578.675,-36.08
32578.842,-35.947
32578.871,-36.04
32578.967,-36.08
32579.074,-35.973
32579.185,-35.98
32579.353,-35.993
32579.381,-36.033
32579.464,-35.98
32579.570,-36.067
32579.665,-35.973
32579.763,-35.98
32579.866,-36.04
32579.969,-36.007
32580.070,-36.027
32580.182,-35.973
32580.275,-35.987
32580.380,-36.04
32580.479,-35.973
32580.582,-36.08
32580.695,-35.973
32580.793,-35.967
32580.888,-36.02
32580.994,-36.06
32581.077,-35.993
32581.197,-35.987
32581.300,-35.853
32581.407,-35.993
32581.505,-35.94
32581.613,-35.853
32581.731,-35.84
32581.820,-36.007
32581.918,-35.993
32582.018,-35.947
32582.141,-36.06
32582.224,-36.0
32582.329,-35.98
32582.427,-35.96
32582.467,-36.04
32582.557,-35.967
32582.660,-35.967
32582.761,-35.907
32582.859,-35.9
32582.962,-36.013
32583.065,-35.96
32583.167,-36.093
32583.270,-35.973
32583.373,-35.92
32583.474,-36.047
32583.570,-35.967
32583.660,-36.027
32583.756,-36.033
32583.861,-35.887
32583.979,-36.033
32584.065,-36.0
32584.167,-36.053
32584.268,-36.027
32584.381,-36.027
32584.479,-35.9
32584.577,-35.987
32584.687,-36.06
32584.782,-36.04
32584.883,-35.953
32584.986,-35.853
32585.098,-35.993
32585.148,-36.093
32585.293,-36.093
32585.407,-36.027
32585.447,-35.927
32585.601,-35.96
32585.702,-36.113
32585.817,-36.127
32585.846,-36.013
32585.978,-35.827
32586.113,-36.013
32586.214,-35.987
32586.244,-35.94
32586.420,-36.0
32586.447,-36.0
32586.545,-35.893
32586.658,-35.88
32876.753,-36.04
32876.920,-36.013
32876.957,-36.067
32877.057,-35.987
32877.153,-36.02
32877.248,-36.007
32877.349,-35.993
32877.447,-36.047
32877.545,-36.013
32877.655,-35.953
32877.751,-36.027
32877.854,-36.033
32877.979,-35.9
32878.065,-35.78
32878.163,-35.993
32878.263,-36.007
32878.364,-35.913
32878.467,-35.933
32878.570,-35.927
32878.674,-36.007
32878.782,-36.053
32878.876,-36.027
32878.979,-35.94
32879.082,-35.907
32879.194,-35.927
32879.288,-36.073
32879.339,-36.033
32879.491,-36.06
32879.594,-35.92
32879.695,-35.933
32879.819,-35.96
32879.863,-35.993
32879.969,-36.08
32880.106,-35.98
32880.133,-36.013
32880.251,-35.94
32880.347,-35.993
32880.437,-35.987
32880.549,-36.153
32880.645,-35.993
32880.744,-36.02
32880.848,-35.98
32880.932,-35.933
32881.054,-35.9
32881.131,-35.933
32881.234,-35.967
32881.336,-36.033
32881.437,-36.047
32881.538,-35.98
32881.653,-36.027
32881.744,-35.887
32881.849,-36.007
32881.949,-35.9
32882.065,-36.02
32882.165,-35.9
32882.261,-35.96
32882.388,-35.953
32882.474,-35.813
32882.567,-36.027
32882.665,-36.047
32882.770,-35.993
32882.871,-35.967
32882.974,-35.913
32883.079,-35.933
32883.179,-36.007
32883.280,-35.807
32883.383,-35.913
32883.491,-35.96
32883.530,-36.053
32883.690,-36.107
32883.746,-35.987
32883.827,-36.127
32883.927,-36.053
32884.021,-36.013
32884.123,-35.953
32884.226,-36.02
32884.339,-36.08
32884.435,-35.96
32884.518,-35.987
32884.636,-36.027
32884.736,-36.007
32884.839,-35.993
32884.923,-36.0
32885.028,-35.98
32885.126,-36.073
32885.221,-36.093
32885.331,-36.1
32885.440,-35.907
32885.538,-35.953
32885.636,-36.027
32885.739,-36.027
32885.841,-36.033
32885.944,-35.913
32886.087,-36.06
32886.160,-35.953
32886.260,-36.033
32886.356,-35.993
32886.476,-35.9
32886.557,-35.933
32886.660,-35.92
32936.771,-35.953
32936.869,-35.967
32936.966,-35.833
32937.067,-36.04
32937.172,-36.067
32937.275,-35.927
32937.376,-35.96
32937.489,-35.853
32937.582,-35.94
32937.677,-36.06
32937.709,-35.873
32937.814,-36.033
32937.925,-35.947
32938.021,-35.873
32938.126,-36.06
32938.223,-36.087
32938.312,-36.093
32938.410,-36.073
32938.528,-36.1
32938.606,-35.973
32938.707,-35.987
32938.820,-36.107
32938.945,-36.033
32939.016,-35.993
32939.118,-36.033
32939.219,-35.987
32939.324,-36.027
32939.425,-35.933
32939.527,-35.873
32939.630,-35.947
32939.739,-36.02
32939.804,-35.947
32939.937,-35.98
32940.047,-35.973
32940.150,-35.967
32940.250,-35.973
32940.322,-35.913
32940.449,-35.913
32940.552,-35.92
32940.653,-36.08
32940.756,-35.88
32940.859,-35.927
32940.971,-35.987
32941.067,-35.927
32941.165,-36.033
32941.209,-35.94
32941.371,-35.893
32941.400,-35.967
32941.501,-36.02
32941.601,-35.94
32941.712,-35.933
32941.883,-35.98
32941.915,-36.02
32942.011,-36.033
32942.111,-36.0
32942.212,-35.853
32942.312,-35.933
32942.396,-36.02
32942.503,-35.98
32942.608,-35.92
32942.724,-35.94
32942.804,-35.82
32942.907,-36.087
32943.008,-36.08
32943.114,-36.02
32943.217,-35.893
32943.315,-35.967
32943.418,-35.98
32943.521,-36.013
32943.623,-35.987
32943.719,-35.927
32943.829,-35.933
32943.934,-35.967
32943.996,-36.033
32944.148,-36.007
32944.204,-35.98
32944.339,-36.033
32944.442,-35.92
32944.549,-35.94
32944.657,-35.973
32944.751,-35.86
32944.853,-35.82
32944.956,-35.94
32945.057,-36.04
32945.168,-35.967
32945.195,-35.953
32945.290,-35.84
32945.396,-35.953
32945.493,-35.94
32945.673,-35.9
32945.699,-35.92
32945.798,-35.913
32945.902,-35.96
32945.986,-35.893
32946.092,-36.02
32946.190,-35.98
32946.287,-35.86
32946.398,-35.933
32946.493,-35.96
32946.592,-35.96
32946.695,-35.96
32996.800,-35.807
32996.900,-36.067
32997.001,-35.967
32997.106,-35.967
32997.207,-35.92
32997.309,-35.927
32997.420,-35.973
32997.523,-35.98
32997.619,-35.953
32997.685,-35.987
32997.824,-35.9
32997.888,-35.94
32998.025,-35.947
32998.138,-35.947
32998.236,-35.987
32998.332,-35.96
32998.435,-35.953
32998.559,-35.947
32998.643,-36.06
32998.741,-36.007
32998.854,-35.88
32998.881,-35.893
32999.050,-35.947
32999.077,-36.013
32999.180,-36.033
32999.293,-36.067
32999.386,-36.047
32999.484,-35.94
32999.596,-36.04
32999.674,-35.947
32999.795,-35.893
32999.893,-35.987
32999.972,-35.98
33000.076,-36.04
33000.177,-36.047
33000.288,-36.06
33000.420,-36.08
33000.491,-35.913
33000.589,-35.927
33000.690,-35.927
33000.810,-35.953
33000.893,-35.973
33000.996,-35.947
33001.131,-35.967
33001.204,-35.96
33001.305,-36.033
33001.405,-36.053
33001.508,-35.9
33001.611,-35.973
33001.714,-35.973
33001.824,-35.92
33001.917,-35.88
33002.021,-35.933
33002.123,-35.98
33002.234,-35.993
33002.327,-36.013
33002.430,-35.96
33002.525,-35.96
33002.646,-35.927
33002.695,-36.1
33002.847,-35.96
33002.873,-36.053
33002.967,-36.007
33003.067,-36.073
33003.170,-35.993
33003.282,-36.053
33003.375,-36.013
33003.484,-35.967
33003.584,-35.967
33003.702,-36.06
33003.765,-35.92
33003.861,-35.887
33003.966,-36.107
33004.098,-36.033
33004.173,-35.913
33004.271,-35.987
33004.376,-35.933
33004.483,-35.96
33004.579,-35.973
33004.680,-35.98
33004.805,-35.927
33004.895,-35.867
33004.998,-35.98
33005.096,-35.953
33005.195,-35.873
33005.298,-35.92
33005.408,-36.0
33005.503,-35.993
33005.609,-36.033
33005.706,-35.893
33005.810,-36.02
33005.880,-35.987
33006.013,-35.953
33006.118,-36.0
33006.228,-36.02
33006.320,-36.013
33006.425,-36.053
33006.520,-36.1
33006.552,-36.02
33006.668,-36.093
33056.756,-35.96
33056.859,-36.073
33056.966,-36.047
33057.060,-35.913
33057.163,-35.953
33057.266,-36.093
33057.380,-36.027
33057.451,-35.987
33057.550,-35.98
33057.652,-36.013
33057.755,-35.873
33057.859,-36.013
33057.969,-35.973
33058.062,-35.953
33058.163,-36.0
33058.266,-35.847
33058.369,-35.987
33058.481,-36.013
33058.572,-36.0
33058.675,-35.953
33058.778,-35.907
33058.891,-35.867
33058.994,-36.033
33059.089,-36.013
33059.187,-36.02
33059.290,-36.06
33059.393,-35.96
33059.494,-35.993
33059.596,-35.98
33059.699,-35.973
33059.802,-36.053
33059.898,-35.867
33059.951,-35.993
33060.109,-35.927
33060.165,-35.947
33060.342,-36.04
33060.344,-36.027
33060.451,-36.02
33060.552,-35.893
33060.646,-35.98
33060.753,-36.027
33060.851,-35.973
33060.952,-35.913
33061.054,-35.82
33061.143,-35.987
33061.246,-36.0
33061.342,-36.033
33061.442,-35.993
33061.543,-36.087
33061.668,-36.113
33061.748,-36.067
33061.859,-36.047
33062.055,-35.887
33062.060,-35.953
33062.158,-36.093
33062.271,-35.987
33062.388,-36.007
33062.464,-35.913
33062.574,-35.867
33062.670,-36.0
33062.771,-36.027
33062.893,-35.94
33062.981,-36.02
33063.087,-35.873
33063.209,-35.973
33063.302,-35.993
33063.395,-35.967
33063.491,-36.04
33063.589,-35.92
33063.695,-36.047
33063.797,-35.927
33063.898,-36.02
33064.000,-35.933
33064.038,-35.967
33064.136,-35.953
33064.233,-35.98
33064.331,-35.973
33064.435,-35.927
33064.538,-35.96
33064.640,-35.94
33064.729,-35.993
33064.829,-35.92
33064.951,-35.993
33065.050,-36.04
33065.140,-35.933
33065.238,-35.993
33065.336,-35.987
33065.464,-35.94
33065.549,-36.013
33065.648,-36.007
33065.744,-35.953
33065.844,-35.9
33065.947,-36.02
33066.045,-35.96
33066.155,-36.067
33066.253,-36.02
33066.349,-35.907
33066.459,-35.927
33066.567,-35.84
33066.663,-35.993
33116.765,-35.987
33116.876,-36.067
33117.001,-35.92
33117.074,-35.967
33117.175,-35.96
33117.302,-36.067
33117.388,-35.96
33117.484,-35.873
33117.591,-35.973
33117.621,-35.96
33117.788,-36.0
33117.891,-35.893
33117.918,-36.04
33118.037,-36.033
33118.123,-36.007
33118.233,-36.047
33118.334,-36.087
33118.437,-35.973
33118.533,-35.827
33118.635,-35.96
33118.734,-36.02
33118.839,-35.913
33118.918,-35.9
33119.016,-35.973
33119.138,-35.98
33119.228,-36.007
33119.326,-36.033
33119.429,-36.04
33119.550,-35.96
33119.633,-36.073
33119.736,-36.047
33119.837,-36.0
33119.942,-35.893
33120.043,-35.813
33120.146,-36.1
33120.248,-36.047
33120.354,-35.967
33120.462,-36.033
33120.582,-35.933
33120.655,-35.953
33120.768,-36.027
33120.861,-36.073
33120.978,-35.947
33121.067,-35.92
33121.179,-36.067
33121.299,-36.02
33121.375,-36.147
33121.469,-36.0
33121.577,-35.967
33121.608,-35.947
33121.712,-35.98
33121.812,-35.953
33121.917,-35.92
33122.021,-36.0
33122.116,-35.953
33122.217,-35.953
33122.319,-36.087
33122.422,-36.007
33122.528,-35.913
33122.606,-35.907
33122.706,-35.933
33122.837,-36.053
33122.935,-35.92
33123.011,-35.993
33123.114,-35.907
33123.224,-36.047
33123.329,-35.953
33123.424,-35.94
33123.523,-36.067
33123.625,-36.087
33123.731,-36.053
33123.829,-35.86
33123.932,-35.967
33124.045,-35.947
33124.143,-35.987
33124.239,-36.013
33124.353,-35.913
33124.449,-35.987
33124.549,-36.153
33124.652,-36.0
33124.763,-35.973
33124.861,-36.087
33124.957,-36.093
33125.062,-36.08
33125.163,-35.94
33125.214,-36.04
33125.388,-35.993
33125.403,-36.013
33125.503,-35.9
33125.599,-36.04
33125.697,-36.067
33125.798,-36.027
33125.912,-36.027
33126.008,-35.953
33126.121,-36.073
33126.199,-35.933
33126.315,-35.973
33126.417,-35.92
33126.494,-36.02
33126.596,-35.98
33126.697,-36.04
33176.800,-36.053
33176.903,-36.007
33177.013,-35.793
33177.109,-36.053
33177.224,-35.94
33177.312,-36.027
33177.415,-35.98
33177.515,-35.907
33177.636,-35.96
33177.729,-36.067
33177.827,-36.02
33177.930,-36.06
33178.030,-35.953
33178.131,-35.813
33178.234,-35.92
33178.337,-35.913
33178.447,-36.173
33178.545,-35.947
33178.643,-35.893
33178.748,-35.98
33178.849,-35.973
33178.952,-36.053
33179.062,-36.053
33179.165,-35.973
33179.192,-36.02
33179.361,-35.953
33179.386,-35.96
33179.498,-35.893
33179.596,-35.833
33179.692,-36.0
33179.795,-36.007
33179.907,-35.993
33180.001,-36.127
33180.101,-36.113
33180.204,-35.94
33180.283,-36.007
33180.383,-35.893
33180.486,-36.013
33180.599,-35.993
33180.701,-35.933
33180.820,-35.907
33180.900,-36.013
33181.010,-36.087
33181.106,-36.02
33181.204,-35.88
33181.314,-36.02
33181.415,-36.14
33181.511,-36.013
33181.636,-35.947
33181.723,-35.867
33181.820,-35.907
33181.920,-36.033
33182.048,-35.993
33182.126,-36.027
33182.226,-35.907
33182.329,-35.887
33182.461,-36.0
33182.535,-36.1
33182.636,-36.033
33182.748,-36.08
33182.849,-35.933
33182.878,-35.907
33183.048,-36.007
33183.150,-35.947
33183.177,-35.92
33183.275,-36.027
33183.378,-35.96
33183.494,-36.053
33183.592,-35.907
33183.674,-35.947
33183.788,-36.04
33183.908,-35.867
33183.979,-35.993
33184.101,-36.047
33184.175,-35.973
33184.302,-35.973
33184.378,-35.94
33184.481,-36.04
33184.584,-35.92
33184.687,-36.093
33184.782,-36.02
33184.883,-35.98
33185.001,-36.027
33185.121,-35.987
33185.197,-35.92
33185.307,-35.967
33185.402,-36.013
33185.498,-35.927
33185.599,-35.98
33185.719,-35.993
33185.814,-35.967
33185.913,-36.027
33186.018,-35.987
33186.128,-36.027
33186.224,-36.047
33186.322,-35.967
33186.425,-35.987
33186.528,-35.933
33186.631,-35.873
33476.734,-35.933
33476.780,-35.98
33476.864,-35.973
33477.050,-35.933
33477.077,-35.94
33477.177,-35.973
33477.273,-36.033
33477.375,-36.033
33477.474,-36.02
33477.582,-35.967
33477.682,-36.013
33477.766,-35.953
33477.905,-35.893
33477.964,-35.92
33478.065,-35.967
33478.168,-36.04
33478.271,-35.867
33478.371,-35.94
33478.474,-36.06
33478.577,-36.06
33478.684,-35.987
33478.782,-35.833
33478.883,-35.967
33478.986,-35.98
33479.153,-35.967
33479.192,-35.947
33479.256,-35.873
33479.395,-35.88
33479.461,-35.873
33479.562,-36.047
33479.739,-36.007
33479.812,-35.833
33479.908,-35.92
33480.020,-36.06
33480.131,-35.907
33480.158,-35.953
33480.317,-35.987
33480.418,-36.08
33480.454,-36.013
33480.565,-36.093
33480.726,-35.993
33480.755,-35.873
33480.853,-35.947
33480.951,-35.953
33481.072,-35.9
33481.248,-35.98
33481.251,-36.013
33481.369,-36.027
33481.469,-35.967
33481.555,-36.08
33481.648,-36.093
33481.750,-35.947
33481.854,-35.973
33481.967,-35.98
33482.067,-36.053
33482.165,-35.993
33482.263,-35.953
33482.366,-35.947
33482.469,-35.98
33482.570,-35.913
33482.674,-36.027
33482.783,-35.967
33482.881,-36.013
33482.981,-35.913
33483.087,-36.0
33483.185,-35.927
33483.287,-35.933
33483.393,-35.953
33483.501,-35.793
33483.621,-35.953
33483.697,-36.007
33483.809,-36.007
33483.905,-35.927
33484.006,-35.853
33484.128,-35.94
33484.145,-36.0
33484.244,-35.96
33484.344,-35.98
33484.442,-36.047
33484.619,-35.94
33484.646,-35.867
33484.744,-35.96
33484.863,-35.98
33484.954,-36.007
33485.052,-35.927
33485.155,-36.013
33485.256,-36.013
33485.358,-35.953
33485.456,-35.967
33485.552,-35.96
33485.643,-35.98
33485.771,-35.893
33485.848,-36.02
33485.973,-36.14
33486.052,-35.987
33486.155,-35.98
33486.256,-36.013
33486.381,-35.973
33486.464,-36.093
33486.564,-35.973
33486.665,-35.96
33536.770,-36.033
33536.871,-35.96
33536.974,-35.887
33537.076,-36.007
33537.187,-35.96
33537.285,-36.127
33537.383,-35.927
33537.484,-36.027
33537.582,-35.98
33537.692,-35.847
33537.805,-35.967
33537.905,-35.987
33537.998,-35.98
33538.101,-35.907
33538.217,-35.947
33538.243,-35.967
33538.339,-35.973
33538.440,-36.013
33538.540,-36.007
33538.646,-36.033
33538.744,-35.88
33538.842,-36.047
33538.951,-36.033
33539.045,-36.02
33539.148,-35.933
33539.226,-35.913
33539.329,-35.967
33539.430,-35.973
33539.533,-36.0
33539.643,-36.167
33539.738,-36.067
33539.839,-35.987
33539.942,-35.933
33540.054,-35.9
33540.148,-36.053
33540.251,-36.1
33540.378,-35.787
33540.425,-35.947
33540.557,-35.993
33540.660,-36.013
33540.763,-35.933
33540.873,-35.94
33540.994,-36.047
33541.042,-36.007
33541.152,-36.013
33541.275,-36.04
33541.378,-35.94
33541.481,-35.98
33541.574,-36.06
33541.682,-35.96
33541.787,-36.053
33541.891,-35.96
33541.989,-36.02
33542.020,-36.06
33542.217,-35.993
33542.229,-36.027
33542.326,-35.94
33542.425,-36.0
33542.527,-35.94
33542.626,-35.927
33542.731,-36.0
33542.834,-35.993
33542.949,-35.967
33543.016,-36.0
33543.118,-36.02
33543.222,-35.98
33543.322,-35.98
33543.430,-35.88
33543.528,-36.02
33543.628,-35.933
33543.733,-36.027
33543.836,-35.96
33543.937,-35.887
33544.054,-35.94
33544.141,-35.96
33544.244,-36.007
33544.346,-35.993
33544.464,-35.993
33544.560,-36.027
33544.657,-35.92
33544.721,-35.967
33544.820,-35.953
33544.925,-35.887
33545.064,-35.967
33545.165,-35.893
33545.268,-35.913
33545.376,-35.953
33545.473,-35.9
33545.565,-35.933
33545.670,-35.913
33545.719,-35.973
33545.815,-36.053
33545.913,-36.033
33546.011,-36.033
33546.111,-35.873
33546.300,-36.0
33546.309,-35.987
33546.418,-36.067
33546.521,-35.96
33546.623,-35.867
33546.709,-35.967
33596.807,-35.987
33596.908,-35.98
33597.013,-36.1
33597.113,-35.913
33597.212,-36.013
33597.315,-36.027
33597.418,-35.947
33597.521,-35.953
33597.623,-36.02
33597.728,-35.94
33597.827,-35.987
33597.934,-36.0
33598.043,-36.007
33598.138,-36.013
33598.236,-35.873
33598.341,-35.887
33598.462,-35.973
33598.545,-36.04
33598.648,-35.92
33598.748,-35.86
33598.873,-35.993
33598.954,-35.947
33599.057,-35.987
33599.167,-35.92
33599.266,-35.86
33599.364,-35.787
33599.464,-36.087
33599.569,-36.013
33599.604,-36.027
33599.744,-35.92
33599.802,-35.993
33599.900,-35.887
33600.003,-35.927
33600.104,-35.94
33600.211,-35.987
33600.300,-36.053
33600.413,-36.027
33600.513,-36.093
33600.594,-36.08
33600.734,-36.007
33600.809,-36.093
33600.903,-36.027
33601.003,-36.04
33601.106,-35.993
33601.207,-35.993
33601.310,-36.047
33601.413,-35.88
33601.523,-35.927
33601.621,-36.007
33601.728,-35.993
33601.822,-36.107
33601.925,-35.833
33602.028,-36.013
33602.138,-35.94
33602.231,-35.94
33602.334,-35.953
33602.435,-35.893
33602.550,-35.913
33602.645,-35.96
33602.744,-36.007
33602.800,-36.0
33602.908,-35.933
33603.015,-35.933
33603.152,-35.94
33603.256,-35.98
33603.320,-35.96
33603.425,-36.047
33603.562,-35.96
33603.606,-35.893
33603.690,-35.96
33603.793,-35.833
33603.893,-36.02
33603.998,-35.947
33604.099,-36.147
33604.199,-36.04
33604.287,-35.993
33604.405,-36.007
33604.483,-35.993
33604.587,-35.96
33604.709,-35.94
33604.798,-36.013
33604.893,-36.04
33604.996,-36.04
33605.201,-35.933
33605.202,-35.9
33605.302,-35.96
33605.405,-35.94
33605.511,-35.987
33605.611,-36.027
33605.714,-36.0
33605.817,-35.933
33605.923,-35.88
33606.028,-36.027
33606.131,-35.827
33606.224,-36.033
33606.351,-36.02
33606.430,-36.0
33606.571,-35.953
33606.643,-36.087
33656.741,-35.993
33656.849,-36.113
33656.876,-35.94
33656.981,-36.04
33657.076,-35.94
33657.250,-35.893
33657.283,-35.967
33657.378,-35.96
33657.476,-36.0
33657.582,-35.967
33657.682,-35.98
33657.785,-36.013
33657.890,-35.96
33657.989,-36.02
33658.092,-36.053
33658.194,-36.047
33658.272,-35.94
33658.386,-35.907
33658.479,-35.94
33658.579,-35.98
33658.682,-35.953
33658.795,-35.98
33658.893,-35.94
33658.989,-35.993
33659.092,-35.86
33659.196,-35.993
33659.298,-36.013
33659.503,-35.9
33659.505,-35.967
33659.571,-36.007
33659.709,-35.9
33659.810,-35.807
33659.888,-36.013
33660.013,-35.967
33660.116,-35.893
33660.223,-35.96
33660.324,-35.9
33660.432,-35.98
33660.552,-36.04
33660.633,-36.013
33660.731,-35.96
33660.834,-35.887
33660.930,-36.0
33660.974,-35.907
33661.072,-35.96
33661.170,-36.02
33661.270,-36.027
33661.369,-35.947
33661.473,-35.88
33661.574,-35.98
33661.692,-35.987
33661.783,-36.047
33661.881,-35.973
33661.967,-35.993
33662.060,-36.027
33662.173,-35.94
33662.268,-36.06
33662.368,-36.007
33662.472,-35.947
33662.574,-35.967
33662.677,-36.033
33662.795,-36.0
33662.881,-36.1
33662.984,-35.993
33663.089,-35.88
33663.206,-35.967
33663.302,-35.987
33663.398,-35.967
33663.496,-35.94
33663.562,-36.073
33663.702,-35.913
33663.773,-36.067
33663.905,-35.987
33664.008,-36.12
33664.111,-36.113
33664.212,-35.953
33664.314,-35.933
33664.418,-36.067
33664.511,-35.907
33664.557,-36.06
33664.657,-36.06
33664.755,-36.007
33664.853,-35.987
33664.956,-35.96
33665.069,-35.933
33665.163,-36.007
33665.263,-35.953
33665.368,-36.0
33665.467,-36.047
33665.570,-35.933
33665.670,-36.02
33665.773,-35.933
33665.859,-36.053
33665.956,-36.08
33666.055,-36.02
33666.157,-36.02
33666.260,-35.953
33666.363,-36.067
33666.469,-36.02
33666.577,-36.027
33666.677,-35.913
33716.775,-35.947
33716.905,-36.087
33716.978,-35.98
33717.099,-35.96
33717.206,-35.853
33717.283,-35.913
33717.386,-36.027
33717.489,-36.033
33717.591,-35.993
33717.702,-35.927
33717.802,-35.86
33717.861,-35.973
33717.974,-35.853
33718.045,-35.947
33718.147,-35.913
33718.248,-35.953
33718.425,-35.893
33718.454,-35.987
33718.616,-35.873
33718.641,-35.96
33718.820,-35.94
33718.847,-35.94
33718.947,-36.033
33719.040,-35.953
33719.155,-35.973
33719.253,-36.047
33719.356,-35.94
33719.456,-36.02
33719.562,-36.067
33719.648,-35.98
33719.744,-35.973
33719.844,-36.007
33719.947,-35.933
33720.048,-35.973
33720.150,-35.967
33720.255,-35.987
33720.364,-35.927
33720.462,-35.853
33720.562,-35.933
33720.663,-35.98
33720.792,-36.007
33720.880,-35.953
33720.972,-35.853
33721.074,-35.953
33721.182,-36.033
33721.290,-36.093
33721.388,-36.0
33721.486,-35.867
33721.584,-36.013
33721.687,-36.047
33721.790,-36.013
33721.891,-36.02
33721.993,-35.987
33722.097,-36.04
33722.199,-36.033
33722.302,-35.907
33722.403,-35.88
33722.432,-36.027
33722.530,-36.02
33722.650,-36.033
33722.741,-36.107
33722.837,-35.973
33722.940,-35.96
33723.050,-35.853
33723.128,-36.007
33723.250,-35.967
33723.327,-36.093
33723.452,-36.113
33723.540,-36.047
33723.636,-36.013
33723.734,-36.133
33723.842,-35.947
33723.949,-35.953
33724.045,-35.947
33724.148,-35.973
33724.256,-35.967
33724.376,-35.973
33724.452,-35.953
33724.555,-35.727
33724.658,-35.933
33724.760,-35.947
33724.864,-35.887
33724.966,-35.94
33725.065,-35.86
33725.170,-36.02
33725.290,-35.953
33725.373,-36.067
33725.476,-36.067
33725.579,-35.993
33725.704,-35.88
33725.783,-35.947
33725.886,-35.973
33725.989,-35.907
33726.023,-35.973
33726.121,-35.927
33726.295,-35.893
33726.324,-35.98
33726.422,-35.96
33726.523,-35.907
33726.635,-36.027
33776.807,-35.9
33776.836,-36.007
33776.934,-35.98
33777.037,-35.96
33777.126,-36.02
33777.217,-35.86
33777.329,-36.007
33777.425,-36.02
33777.538,-36.047
33777.626,-36.04
33777.729,-36.027
33777.832,-36.067
33777.935,-35.953
33778.037,-35.987
33778.138,-35.893
33778.239,-35.98
33778.344,-36.127
33778.452,-36.04
33778.550,-35.94
33778.650,-35.987
33778.753,-36.06
33778.854,-35.94
33778.966,-35.98
33779.072,-35.907
33779.170,-35.953
33779.273,-35.947
33779.378,-35.933
33779.474,-35.967
33779.572,-35.913
33779.675,-35.913
33779.719,-36.007
33779.869,-36.067
33779.913,-36.033
33780.010,-35.913
33780.109,-35.9
33780.212,-36.067
33780.312,-35.973
33780.435,-35.94
33780.522,-35.973
33780.621,-35.947
33780.726,-36.02
33780.829,-35.993
33780.927,-35.953
33781.030,-35.96
33781.109,-35.94
33781.217,-36.12
33781.312,-35.78
33781.415,-35.933
33781.540,-36.027
33781.722,-36.04
33781.726,-36.0
33781.826,-36.027
33781.949,-35.92
33782.021,-35.953
33782.103,-35.987
33782.234,-36.04
33782.305,-36.047
33782.445,-35.973
33782.543,-35.84
33782.645,-35.987
33782.751,-36.007
33782.849,-36.013
33782.952,-35.967
33783.054,-35.887
33783.155,-35.887
33783.258,-35.9
33783.375,-36.067
33783.462,-36.047
33783.565,-35.933
33783.668,-35.993
33783.785,-35.987
33783.812,-36.02
33783.908,-35.993
33784.003,-36.0
33784.109,-36.053
33784.207,-36.047
33784.305,-35.967
33784.396,-36.053
33784.511,-35.933
33784.614,-35.96
33784.717,-36.047
33784.804,-35.947
33784.898,-36.0
33785.010,-36.013
33785.106,-36.027
33785.212,-36.06
33785.305,-35.94
33785.408,-35.92
33785.513,-35.88
33785.625,-35.887
33785.726,-35.967
33785.819,-36.0
33785.922,-35.94
33786.023,-35.947
33786.089,-35.973
33786.228,-35.833
33786.331,-35.993
33786.432,-35.96
33786.545,-35.993
33786.638,-35.98
34076.751,-36.033
34076.848,-35.887
34076.946,-35.873
34077.050,-36.04
34077.091,-36.047
34077.253,-36.02
34077.354,-35.96
34077.464,-35.947
34077.491,-36.013
34077.592,-35.947
34077.787,-36.073
34077.800,-35.993
34077.897,-35.987
34077.994,-35.96
34078.094,-35.927
34078.197,-35.94
34078.285,-35.96
34078.407,-35.98
34078.518,-35.92
34078.586,-35.987
34078.685,-36.093
34078.790,-36.013
34078.893,-35.867
34078.994,-36.007
34079.096,-35.893
34079.197,-35.88
34079.305,-35.953
34079.403,-35.86
34079.506,-36.053
34079.623,-36.013
34079.709,-36.047
34079.814,-36.013
34079.920,-35.827
34080.033,-35.953
34080.131,-35.96
34080.231,-35.947
34080.332,-35.873
34080.427,-35.867
34080.528,-35.887
34080.631,-35.887
34080.734,-35.927
34080.837,-35.9
34080.939,-36.007
34081.042,-35.927
34081.143,-35.887
34081.197,-35.92
34081.305,-35.987
34081.459,-35.96
34081.476,-35.973
34081.576,-35.96
34081.680,-35.98
34081.782,-35.973
34081.896,-35.967
34081.991,-36.06
34082.089,-35.873
34082.197,-35.853
34082.273,-35.893
34082.371,-36.027
34082.493,-35.987
34082.577,-35.913
34082.680,-36.013
34082.790,-36.047
34082.893,-36.0
34083.000,-35.9
34083.097,-35.907
34083.195,-35.86
34083.299,-35.927
34083.408,-35.907
34083.506,-36.047
34083.604,-35.92
34083.709,-35.94
34083.809,-35.993
34083.908,-36.053
34084.033,-35.993
34084.119,-35.933
34084.217,-36.047
34084.319,-36.073
34084.420,-36.1
34084.522,-36.047
34084.626,-35.947
34084.731,-36.027
34084.766,-36.06
34084.932,-35.853
34085.033,-35.987
34085.064,-36.013
34085.239,-36.0
34085.266,-35.927
34085.364,-35.98
34085.467,-36.007
34085.616,-36.013
34085.674,-35.993
34085.775,-36.133
34085.869,-36.053
34085.981,-35.96
34086.082,-36.013
34086.160,-35.933
34086.283,-36.0
34086.373,-35.947
34086.469,-35.987
34086.570,-35.947
34086.674,-36.02
34136.775,-35.807
34136.878,-36.013
34136.981,-36.067
34137.082,-36.0
34137.184,-35.947
34137.315,-35.913
34137.403,-35.913
34137.500,-36.027
34137.594,-35.973
34137.707,-36.027
34137.799,-35.853
34137.903,-35.947
34138.005,-36.013
34138.119,-35.967
34138.219,-36.013
34138.315,-35.953
34138.415,-36.053
34138.518,-35.993
34138.619,-35.953
34138.722,-36.02
34138.824,-35.96
34138.925,-35.98
34138.952,-35.873
34139.055,-35.993
34139.234,-36.033
34139.260,-36.087
34139.359,-35.94
34139.462,-36.033
34139.569,-35.853
34139.667,-35.927
34139.770,-36.027
34139.871,-35.947
34139.957,-35.993
34140.054,-35.953
34140.157,-36.04
34140.278,-35.98
34140.369,-36.0
34140.464,-35.973
34140.564,-35.987
34140.668,-35.933
34140.770,-35.947
34140.880,-35.873
34140.978,-35.907
34141.082,-35.987
34141.177,-35.993
34141.280,-36.02
34141.383,-35.873
34141.486,-35.973
34141.587,-35.9
34141.690,-35.913
34141.793,-35.94
34141.905,-35.873
34142.005,-35.92
34142.119,-36.02
34142.202,-36.067
34142.305,-36.007
34142.408,-35.953
34142.535,-35.86
34142.613,-35.967
34142.641,-36.093
34142.748,-36.067
34142.853,-35.993
34142.957,-36.013
34143.055,-35.973
34143.150,-36.1
34143.251,-36.093
34143.356,-36.007
34143.454,-35.987
34143.559,-36.007
34143.638,-35.887
34143.739,-35.967
34143.842,-35.967
34143.956,-35.987
34144.045,-35.9
34144.148,-35.9
34144.250,-35.953
34144.366,-35.947
34144.464,-35.993
34144.567,-36.013
34144.663,-36.007
34144.763,-35.98
34144.866,-35.96
34144.967,-36.087
34145.069,-36.033
34145.141,-36.107
34145.241,-35.953
34145.383,-36.0
34145.488,-35.973
34145.584,-35.873
34145.684,-35.927
34145.793,-36.013
34145.832,-35.92
34145.993,-36.0
34146.092,-35.947
34146.302,-36.047
34146.304,-35.993
34146.332,-36.06
34146.437,-36.04
34146.604,-35.993
34146.635,-35.873
34196.733,-36.08
34196.834,-36.087
34196.937,-35.92
34197.040,-35.967
34197.141,-35.987
34197.263,-35.887
34197.348,-36.007
34197.447,-35.96
34197.528,-36.107
34197.631,-36.033
34197.744,-35.967
34197.842,-36.053
34197.935,-35.98
34198.048,-35.907
34198.143,-35.913
34198.244,-35.96
34198.366,-35.98
34198.449,-35.88
34198.552,-36.04
34198.655,-35.86
34198.778,-35.96
34198.859,-35.973
34198.972,-35.927
34199.074,-36.013
34199.194,-35.987
34199.268,-35.92
34199.371,-35.973
34199.473,-35.96
34199.579,-35.873
34199.679,-35.907
34199.780,-35.82
34199.886,-35.98
34200.011,-35.96
34200.089,-35.933
34200.202,-35.967
34200.219,-35.953
34200.393,-35.913
34200.422,-35.96
34200.522,-35.927
34200.638,-35.98
34200.724,-36.067
34200.829,-36.0
34200.939,-35.967
34201.035,-36.087
34201.135,-36.007
34201.221,-35.867
34201.317,-35.947
34201.418,-35.913
34201.520,-36.133
34201.623,-36.053
34201.726,-35.98
34201.829,-35.96
34201.930,-35.953
34202.042,-35.973
34202.136,-35.993
34202.239,-36.073
34202.341,-35.973
34202.452,-35.9
34202.545,-36.013
34202.648,-36.007
34202.748,-35.853
34202.864,-36.013
34202.962,-35.947
34203.025,-35.96
34203.160,-36.127
34203.261,-35.953
34203.366,-35.973
34203.484,-35.847
34203.569,-35.98
34203.672,-35.953
34203.773,-36.06
34203.878,-35.993
34203.923,-35.913
34204.082,-35.993
34204.111,-35.987
34204.207,-35.953
34204.315,-35.947
34204.413,-35.947
34204.515,-35.973
34204.618,-36.04
34204.798,-35.927
34204.807,-35.993
34204.927,-36.02
34205.025,-35.813
34205.104,-35.927
34205.207,-36.033
34205.321,-35.947
34205.418,-35.967
34205.513,-35.933
34205.618,-35.913
34205.721,-35.967
34205.827,-35.967
34205.925,-36.0
34206.025,-36.013
34206.128,-35.993
34206.239,-36.04
34206.339,-35.92
34206.452,-36.073
34206.538,-36.047
34206.641,-35.913
34256.743,-35.973
34256.864,-36.0
34256.957,-36.02
34257.055,-36.087
34257.121,-35.947
34257.224,-35.967
34257.358,-35.973
34257.462,-35.873
34257.562,-35.987
34257.597,-35.947
34257.768,-36.047
34257.797,-35.98
34257.972,-35.993
34258.008,-36.02
34258.103,-35.867
34258.199,-35.94
34258.312,-35.9
34258.408,-36.033
34258.508,-35.913
34258.613,-35.987
34258.699,-36.013
34258.795,-35.953
34258.893,-35.913
34258.996,-35.987
34259.099,-35.88
34259.199,-35.86
34259.304,-35.847
34259.405,-35.98
34259.508,-35.993
34259.611,-35.993
34259.714,-35.953
34259.827,-35.847
34259.924,-36.06
34260.018,-35.987
34260.126,-36.067
34260.224,-36.04
34260.327,-35.873
34260.447,-35.833
34260.537,-35.973
34260.633,-36.0
34260.746,-35.9
34260.861,-35.827
34260.949,-35.9
34261.047,-36.047
34261.147,-35.953
34261.273,-35.993
34261.312,-35.847
34261.422,-35.94
34261.522,-35.947
34261.594,-36.113
34261.685,-35.98
34261.785,-35.947
34261.888,-35.94
34261.991,-35.92
34262.092,-35.94
34262.194,-36.013
34262.300,-35.953
34262.400,-35.933
34262.483,-35.94
34262.587,-35.98
34262.699,-35.98
34262.788,-35.96
34262.888,-35.86
34262.989,-35.8
34263.109,-35.987
34263.199,-36.047
34263.297,-36.013
34263.403,-35.88
34263.511,-35.96
34263.608,-36.007
34263.707,-35.86
34263.810,-35.98
34263.913,-35.967
34264.016,-35.86
34264.116,-35.86
34264.219,-35.96
34264.320,-36.007
34264.424,-35.873
34264.537,-35.933
34264.628,-35.94
34264.731,-35.967
34264.832,-35.973
34264.949,-35.9
34264.979,-36.007
34265.141,-35.947
34265.271,-35.913
34265.288,-35.947
34265.440,-36.087
34265.474,-36.04
34265.574,-35.967
34265.675,-35.953
34265.780,-36.153
34265.880,-35.98
34266.067,-36.007
34266.072,-36.0
34266.190,-36.027
34266.288,-36.087
34266.373,-36.0
34266.484,-36.033
34266.582,-35.953
34266.677,-35.967
34316.785,-35.953
34316.881,-35.873
34317.013,-35.98
34317.111,-35.993
34317.197,-35.96
34317.293,-36.033
34317.393,-35.98
34317.496,-35.967
34317.599,-36.02
34317.701,-35.873
34317.804,-35.92
34317.910,-35.98
34318.018,-35.94
34318.114,-36.08
34318.214,-35.86
34318.322,-36.027
34318.420,-36.053
34318.528,-35.993
34318.599,-36.047
34318.726,-35.927
34318.836,-35.893
34318.864,-35.833
34318.972,-36.033
34319.133,-35.98
34319.163,-36.08
34319.261,-35.96
34319.378,-35.927
34319.474,-36.02
34319.579,-35.967
34319.680,-35.94
34319.782,-35.833
34319.878,-35.98
34319.978,-35.987
34320.079,-35.98
34320.158,-36.033
34320.260,-36.053
34320.361,-36.047
34320.464,-36.0
34320.574,-36.007
34320.672,-36.1
34320.783,-36.0
34320.875,-35.973
34320.976,-36.007
34321.081,-35.92
34321.194,-36.013
34321.292,-35.9
34321.391,-35.953
34321.489,-35.96
34321.592,-36.027
34321.694,-35.9
34321.795,-35.913
34321.898,-35.96
34322.001,-35.993
34322.104,-35.907
34322.206,-35.973
34322.307,-35.88
34322.364,-36.033
34322.469,-35.967
34322.621,-35.933
34322.707,-36.087
34322.820,-35.94
34322.888,-35.84
34323.033,-35.967
34323.059,-35.98
34323.155,-36.02
34323.253,-36.013
34323.356,-36.007
34323.464,-35.987
34323.560,-36.013
34323.648,-35.907
34323.766,-36.047
34323.863,-35.993
34323.947,-35.873
34324.050,-35.947
34324.162,-35.92
34324.256,-36.1
34324.356,-35.92
34324.459,-36.04
34324.567,-36.033
34324.663,-35.933
34324.766,-35.967
34324.871,-35.94
34324.969,-36.007
34325.082,-36.033
34325.192,-35.98
34325.280,-35.98
34325.380,-35.827
34325.481,-36.013
34325.606,-35.98
34325.699,-36.0
34325.798,-35.9
34325.896,-35.853
34326.003,-35.933
34326.104,-36.02
34326.207,-36.107
34326.239,-36.027
34326.407,-35.933
34326.506,-35.92
34326.608,-36.06
34376.712,-35.967
34376.814,-35.907
34376.841,-35.94
34376.940,-35.953
34377.055,-35.987
34377.150,-35.973
34377.253,-35.927
34377.351,-36.0
34377.442,-36.033
34377.540,-35.94
34377.660,-36.0
34377.736,-35.953
34377.841,-35.973
34377.940,-35.8
34378.047,-35.927
34378.147,-35.96
34378.248,-36.033
34378.351,-35.993
34378.452,-36.033
34378.555,-36.007
34378.652,-35.967
34378.768,-36.04
34378.837,-36.087
34378.966,-36.08
34379.067,-35.953
34379.163,-35.947
34379.280,-36.04
34379.378,-36.033
34379.476,-35.96
34379.604,-35.793
34379.690,-35.927
34379.810,-35.993
34379.886,-35.973
34379.989,-36.033
34380.091,-35.873
34380.194,-35.953
34380.295,-36.02
34380.339,-35.987
34380.505,-35.987
34380.533,-35.987
34380.630,-35.987
34380.731,-35.88
34380.832,-35.96
34380.932,-35.993
34381.038,-36.013
34381.141,-36.067
34381.241,-35.947
34381.344,-36.033
34381.442,-35.987
34381.525,-35.927
34381.628,-35.987
34381.729,-35.953
34381.854,-35.86
34381.935,-35.947
34382.038,-36.073
34382.141,-35.987
34382.244,-36.02
34382.344,-35.913
34382.466,-36.133
34382.549,-36.013
34382.653,-35.96
34382.753,-36.007
34382.856,-35.833
34382.959,-36.013
34383.060,-35.98
34383.170,-35.973
34383.280,-36.073
34383.366,-35.873
34383.464,-36.02
34383.572,-35.94
34383.690,-35.913
34383.719,-36.027
34383.878,-35.827
34383.981,-36.053
34384.084,-35.88
34384.196,-35.953
34384.224,-35.86
34384.391,-35.907
34384.493,-35.933
34384.523,-36.0
34384.623,-35.993
34384.802,-35.98
34384.829,-36.06
34384.927,-35.933
34385.030,-35.787
34385.116,-36.04
34385.224,-35.92
34385.342,-35.913
34385.417,-35.887
34385.527,-35.987
34385.625,-35.98
34385.724,-36.007
34385.826,-35.86
34385.939,-35.887
34386.038,-35.953
34386.133,-35.907
34386.236,-35.893
34386.337,-35.967
34386.467,-35.807
34386.542,-36.007
34386.611,-36.02
32276.714,-36.007
32276.853,-35.967
32276.925,-35.96
32277.054,-36.0
32277.155,-36.0
32277.260,-35.92
32277.366,-35.933
32277.464,-35.9
32277.516,-35.987
32277.689,-35.973
32277.773,-35.947
32277.873,-35.973
32277.974,-36.027
32278.099,-36.007
32278.104,-35.947
32278.283,-36.0
32278.307,-36.027
32278.424,-36.013
32278.516,-35.993
32278.614,-35.893
32278.716,-35.92
32278.820,-36.0
32278.924,-36.04
32279.001,-35.96
32279.126,-35.953
32279.202,-36.04
32279.307,-36.033
32279.408,-35.927
32279.525,-36.02
32279.614,-35.967
32279.716,-35.993
32279.820,-36.0
32279.937,-35.867
32280.035,-35.973
32280.133,-35.86
32280.231,-36.04
32280.332,-35.98
32280.442,-35.887
32280.535,-35.82
32280.638,-35.88
32280.702,-35.907
32280.844,-35.913
32280.945,-35.873
32281.013,-35.927
32281.116,-35.893
32281.253,-35.98
32281.364,-36.027
32281.457,-35.933
32281.569,-35.967
32281.599,-35.933
32281.775,-35.813
32281.804,-35.92
32281.898,-35.953
32281.996,-35.967
32282.099,-35.98
32282.207,-35.9
32282.304,-35.887
32282.403,-35.967
32282.506,-35.96
32282.606,-35.953
32282.711,-35.993
32282.834,-35.893
32282.891,-36.067
32282.993,-35.96
32283.094,-35.893
32283.207,-35.98
32283.300,-35.947
32283.405,-36.02
32283.506,-36.047
32283.614,-36.04
32283.709,-35.873
32283.812,-35.907
32283.937,-36.04
32284.027,-36.0
32284.126,-35.993
32284.222,-36.007
32284.347,-35.88
32284.429,-35.88
32284.530,-36.027
32284.633,-35.907
32284.739,-35.967
32284.837,-35.72
32284.935,-36.02
32285.040,-36.007
32285.148,-36.013
32285.246,-35.987
32285.349,-35.98
32285.452,-36.0
32285.548,-35.94
32285.655,-36.033
32285.684,-36.013
32285.798,-35.86
32285.893,-36.033
32285.991,-36.027
32286.094,-35.96
32286.192,-35.98
32286.293,-36.0
32286.402,-35.907
32286.479,-35.893
32286.601,-35.887
32286.689,-36.013
32336.790,-36.033
32336.898,-35.913
32336.998,-36.0
32337.077,-35.907
32337.185,-35.973
32337.288,-36.113
32337.388,-35.973
32337.478,-36.027
32337.609,-36.007
32337.709,-36.0
32337.807,-35.953
32337.908,-35.82
32338.023,-35.973
32338.123,-35.933
32338.217,-36.06
32338.320,-36.02
32338.420,-36.047
32338.532,-35.873
32338.626,-36.027
32338.729,-35.92
32338.831,-35.993
32338.969,-35.947
32339.037,-35.987
32339.138,-35.927
32339.239,-35.987
32339.271,-36.033
32339.452,-35.987
32339.547,-35.86
32339.574,-35.967
32339.674,-35.967
32339.775,-35.847
32339.883,-35.96
32339.984,-36.007
32340.082,-35.933
32340.185,-36.033
32340.273,-35.927
32340.390,-36.013
32340.467,-35.92
32340.570,-35.873
32340.690,-35.933
32340.778,-35.98
32340.878,-35.98
32340.986,-35.967
32341.084,-35.867
32341.192,-35.927
32341.287,-36.113
32341.393,-36.007
32341.493,-35.88
32341.596,-35.807
32341.697,-35.967
32341.793,-35.927
32341.893,-36.04
32341.989,-36.0
32342.091,-35.873
32342.214,-35.947
32342.312,-36.047
32342.388,-36.007
32342.523,-36.007
32342.619,-35.827
32342.722,-35.947
32342.826,-35.967
32342.925,-35.967
32343.030,-35.987
32343.131,-35.873
32343.168,-35.927
32343.266,-35.973
32343.363,-35.94
32343.540,-36.067
32343.567,-35.96
32343.746,-36.073
32343.773,-36.093
32343.859,-36.06
32343.976,-36.033
32344.077,-36.047
32344.179,-35.987
32344.270,-36.013
32344.359,-36.013
32344.464,-36.027
32344.592,-35.933
32344.655,-36.067
32344.778,-35.967
32344.861,-35.953
32344.974,-36.047
32345.067,-35.967
32345.180,-35.987
32345.278,-35.967
32345.385,-35.953
32345.481,-35.947
32345.579,-35.853
32345.699,-36.06
32345.785,-36.007
32345.905,-35.973
32346.001,-35.953
32346.106,-35.893
32346.204,-35.893
32346.305,-35.847
32346.432,-35.96
32346.451,-35.84
32346.619,-35.973
32396.714,-36.047
32396.817,-35.98
32396.869,-35.893
32396.954,-36.12
32397.050,-35.993
32397.165,-35.94
32397.255,-36.02
32397.353,-35.893
32397.454,-35.947
32397.562,-35.973
32397.673,-35.98
32397.768,-35.973
32397.869,-36.013
32397.967,-36.06
32398.045,-36.06
32398.148,-36.0
32398.268,-36.013
32398.358,-35.947
32398.462,-36.033
32398.560,-36.047
32398.660,-36.06
32398.756,-35.993
32398.864,-35.967
32398.962,-35.933
32399.048,-35.94
32399.172,-35.973
32399.270,-35.967
32399.388,-35.84
32399.483,-35.927
32399.582,-35.967
32399.685,-35.947
32399.785,-35.993
32399.890,-35.913
32399.994,-36.04
32400.109,-36.133
32400.197,-36.013
32400.295,-35.947
32400.405,-35.967
32400.518,-36.013
32400.545,-35.867
32400.641,-35.94
32400.739,-36.0
32400.842,-36.013
32400.940,-35.973
32401.038,-35.973
32401.143,-36.013
32401.244,-36.087
32401.348,-35.967
32401.449,-35.887
32401.552,-36.1
32401.657,-36.0
32401.756,-35.967
32401.834,-36.053
32401.945,-36.033
32402.048,-36.1
32402.170,-35.98
32402.246,-36.1
32402.356,-36.033
32402.452,-35.993
32402.550,-35.953
32402.655,-36.02
32402.768,-35.993
32402.868,-36.013
32402.964,-35.887
32403.045,-35.893
32403.167,-35.953
32403.268,-35.96
32403.344,-35.953
32403.483,-36.053
32403.533,-35.913
32403.636,-35.973
32403.744,-36.007
32403.853,-36.107
32403.952,-35.953
32404.077,-35.793
32404.190,-35.88
32404.288,-35.913
32404.383,-35.98
32404.489,-35.873
32404.540,-35.84
32404.628,-35.987
32404.798,-36.027
32404.848,-35.887
32404.949,-35.92
32405.045,-35.987
32405.145,-35.993
32405.251,-36.067
32405.344,-36.007
32405.447,-35.887
32405.545,-35.973
32405.626,-35.94
32405.734,-36.02
32405.832,-36.04
32405.930,-35.967
32406.035,-36.047
32406.135,-36.0
32406.238,-36.0
32406.354,-35.927
32406.444,-36.007
32406.548,-36.007
32406.646,-35.953
32456.765,-36.053
32456.863,-36.047
32456.962,-36.093
32457.055,-36.04
32457.168,-35.947
32457.265,-35.88
32457.371,-35.96
32457.466,-36.013
32457.570,-36.007
32457.672,-36.013
32457.775,-35.947
32457.876,-35.953
32457.937,-35.993
32458.038,-36.027
32458.192,-35.947
32458.292,-35.887
32458.320,-35.94
32458.422,-35.9
32458.515,-35.92
32458.626,-35.973
32458.721,-36.007
32458.822,-35.893
32458.925,-35.967
32459.035,-36.013
32459.114,-36.0
32459.236,-36.007
32459.312,-35.873
32459.413,-36.033
32459.516,-35.947
32459.626,-35.967
32459.731,-35.993
32459.829,-35.973
32459.927,-36.007
32460.030,-36.007
32460.138,-36.02
32460.234,-35.98
32460.334,-35.82
32460.440,-35.987
32460.540,-35.907
32460.641,-36.013
32460.763,-35.98
32460.851,-35.927
32460.949,-35.94
32461.059,-36.007
32461.177,-36.053
32461.256,-35.993
32461.307,-35.927
32461.413,-36.02
32461.523,-36.02
32461.621,-36.047
32461.729,-35.933
32461.866,-35.92
32461.905,-35.92
32462.003,-36.02
32462.177,-35.833
32462.204,-36.047
32462.383,-35.933
32462.410,-35.947
32462.508,-35.953
32462.626,-36.053
32462.714,-35.987
32462.815,-36.06
32462.913,-35.987
32463.010,-36.067
32463.106,-36.147
32463.204,-35.927
32463.304,-35.96
32463.407,-35.973
32463.511,-35.88
32463.613,-36.007
32463.714,-36.013
32463.817,-35.96
32463.918,-35.987
32464.021,-35.927
32464.121,-35.98
32464.226,-35.94
32464.327,-35.98
32464.440,-35.967
32464.533,-36.033
32464.643,-36.013
32464.741,-36.047
32464.851,-35.953
32464.947,-36.027
32465.045,-35.913
32465.141,-35.993
32465.250,-36.033
32465.351,-36.093
32465.403,-36.007
32465.513,-35.933
32465.658,-35.98
32465.719,-35.947
32465.795,-35.887
32465.910,-36.053
32466.008,-35.86
32466.106,-36.007
32466.194,-35.96
32466.302,-35.967
32466.408,-35.947
32466.505,-35.967
32466.613,-35.987
32466.692,-35.987
32516.814,-35.907
32516.903,-35.92
32517.011,-35.933
32517.101,-35.953
32517.197,-35.927
32517.327,-36.013
32517.425,-35.98
32517.511,-36.04
32517.609,-36.04
32517.707,-35.867
32517.815,-36.033
32517.912,-36.107
32518.016,-35.927
32518.116,-35.92
32518.228,-36.007
32518.326,-35.853
32518.424,-35.993
32518.528,-36.047
32518.628,-36.02
32518.733,-36.047
32518.849,-35.92
32518.935,-35.947
32519.038,-35.967
32519.148,-35.98
32519.244,-35.947
32519.346,-35.973
32519.449,-35.867
32519.550,-35.973
32519.584,-36.033
32519.753,-36.02
32519.782,-35.94
32519.966,-36.053
32519.994,-36.033
32520.094,-35.953
32520.195,-35.947
32520.293,-36.0
32520.472,-36.053
32520.500,-36.073
32520.599,-35.993
32520.687,-36.0
32520.800,-36.02
32520.881,-35.953
32521.008,-36.033
32521.099,-35.993
32521.195,-36.053
32521.290,-35.9
32521.393,-35.907
32521.496,-36.013
32521.599,-36.02
32521.701,-35.933
32521.802,-35.987
32521.905,-35.9
32522.008,-35.947
32522.111,-36.02
32522.199,-36.033
32522.305,-35.947
32522.408,-35.88
32522.527,-35.94
32522.623,-35.96
32522.719,-35.98
32522.836,-35.913
32522.937,-35.96
32523.035,-35.933
32523.143,-36.027
32523.172,-35.953
32523.339,-36.013
32523.451,-35.953
32523.479,-35.967
32523.670,-36.053
32523.673,-35.947
32523.771,-36.02
32523.873,-35.947
32523.994,-35.953
32524.086,-36.0
32524.180,-36.06
32524.285,-36.0
32524.386,-36.013
32524.484,-36.04
32524.567,-35.913
32524.670,-35.94
32524.773,-36.033
32524.875,-36.0
32524.976,-35.947
32525.096,-35.967
32525.184,-35.98
32525.285,-35.953
32525.386,-35.98
32525.508,-35.92
32525.592,-35.953
32525.692,-35.96
32525.795,-36.0
32525.900,-35.96
32526.000,-35.973
32526.104,-35.853
32526.206,-36.033
32526.278,-35.907
32526.420,-36.0
32526.471,-35.953
32526.616,-35.847
32576.721,-36.007
32576.820,-35.933
32576.934,-35.953
32577.021,-36.007
32577.128,-35.86
32577.233,-35.94
32577.261,-35.927
32577.369,-35.98
32577.471,-35.993
32577.565,-35.887
32577.668,-35.88
32577.778,-35.973
32577.875,-36.047
32577.974,-36.047
32578.072,-35.913
32578.177,-35.84
32578.256,-36.0
32578.358,-36.113
32578.472,-35.973
32578.592,-36.033
32578.665,-35.987
32578.773,-36.08
32578.869,-35.973
32578.981,-35.993
32579.074,-35.967
32579.207,-35.987
32579.280,-35.853
32579.364,-35.88
32579.467,-35.987
32579.584,-35.973
32579.657,-36.02
32579.763,-35.853
32579.893,-36.013
32580.018,-35.98
32580.082,-36.053
32580.209,-36.04
32580.312,-35.953
32580.410,-35.887
32580.516,-36.013
32580.609,-36.02
32580.652,-36.073
32580.817,-35.953
32580.925,-35.96
32581.023,-35.853
32581.052,-35.98
32581.150,-36.153
32581.248,-36.067
32581.369,-35.967
32581.464,-35.94
32581.562,-35.92
32581.658,-35.96
32581.760,-35.96
32581.861,-35.907
32581.966,-35.973
32582.079,-35.927
32582.146,-35.987
32582.248,-36.053
32582.351,-36.02
32582.452,-35.94
32582.560,-35.973
32582.658,-35.913
32582.760,-36.053
32582.861,-35.94
32582.964,-35.833
32583.067,-36.04
32583.182,-36.007
32583.271,-36.073
32583.373,-36.027
32583.479,-35.9
32583.592,-35.92
32583.689,-35.953
32583.787,-35.987
32583.886,-35.927
32583.945,-35.907
32584.089,-35.873
32584.194,-35.94
32584.295,-35.927
32584.398,-35.9
32584.467,-36.04
32584.603,-35.96
32584.706,-35.88
32584.807,-36.007
32584.912,-36.047
32584.937,-36.053
32585.043,-36.02
32585.138,-35.96
32585.243,-36.113
32585.353,-36.007
32585.454,-35.947
32585.552,-36.0
32585.652,-35.88
32585.756,-35.933
32585.841,-36.007
32585.939,-35.967
32586.037,-35.967
32586.141,-35.94
32586.250,-36.027
32586.354,-36.027
32586.456,-35.993
32586.557,-35.96
32586.660,-35.92
32876.761,-35.947
32876.863,-35.993
32876.971,-35.933
32877.070,-36.067
32877.172,-35.893
32877.273,-36.007
32877.371,-36.007
32877.469,-35.96
32877.591,-35.967
32877.679,-35.96
32877.777,-36.0
32877.880,-36.04
32878.003,-36.013
32878.092,-35.92
32878.190,-35.973
32878.292,-35.967
32878.327,-35.96
32878.494,-35.927
32878.596,-35.967
32878.699,-35.94
32878.739,-35.853
32878.837,-36.007
32878.932,-36.033
32879.033,-36.013
32879.133,-35.953
32879.236,-35.933
32879.337,-35.967
32879.429,-35.993
32879.543,-36.007
32879.643,-35.973
32879.723,-35.927
32879.839,-35.973
32879.932,-35.96
32880.030,-36.013
32880.131,-35.853
32880.234,-35.913
32880.341,-35.893
32880.440,-35.987
32880.543,-35.96
32880.643,-36.033
32880.780,-35.987
32880.951,-35.96
32880.954,-35.953
32881.055,-35.947
32881.157,-35.94
32881.361,-36.107
32881.364,-35.913
32881.464,-36.02
32881.577,-35.873
32881.680,-35.927
32881.775,-36.0
32881.873,-35.887
32881.976,-35.96
32882.079,-35.947
32882.182,-35.96
32882.283,-35.92
32882.386,-36.007
32882.491,-35.987
32882.518,-35.96
32882.625,-35.98
32882.736,-35.98
32882.824,-36.04
32882.922,-35.873
32883.023,-36.0
32883.128,-36.113
32883.212,-35.933
32883.317,-35.96
32883.413,-35.9
32883.516,-36.02
32883.623,-35.973
32883.726,-35.967
32883.842,-36.027
32883.929,-36.027
32884.015,-35.947
32884.116,-36.067
32884.251,-35.98
32884.329,-35.987
32884.420,-35.9
32884.535,-35.873
32884.640,-36.02
32884.711,-36.013
32884.842,-35.98
32884.945,-35.853
32885.021,-36.007
32885.150,-36.073
32885.251,-35.987
32885.356,-35.947
32885.457,-35.92
32885.560,-36.02
32885.677,-35.96
32885.766,-36.02
32885.866,-36.073
32885.969,-36.033
32886.089,-36.053
32886.165,-35.927
32886.216,-36.013
32886.322,-36.06
32886.410,-35.967
32886.511,-36.02
32886.609,-36.08
32936.712,-36.013
32936.812,-36.087
32936.915,-35.827
32937.018,-36.007
32937.121,-35.933
32937.202,-36.013
32937.302,-36.107
32937.403,-35.993
32937.513,-36.007
32937.609,-36.0
32937.711,-35.947
32937.812,-35.98
32937.925,-35.993
32938.021,-35.993
32938.119,-35.913
32938.223,-36.027
32938.324,-35.967
32938.427,-36.073
32938.530,-36.007
32938.631,-35.907
32938.734,-35.92
32938.846,-36.053
32938.940,-36.047
32939.052,-35.973
32939.150,-35.867
32939.246,-36.013
32939.300,-35.92
32939.405,-35.98
32939.508,-36.007
32939.611,-35.9
32939.766,-35.907
32939.795,-35.893
32939.898,-35.933
32939.996,-35.94
32940.111,-36.027
32940.202,-36.053
32940.298,-35.967
32940.400,-35.967
32940.570,-36.047
32940.596,-36.007
32940.697,-35.947
32940.795,-36.013
32940.895,-36.013
32940.996,-36.013
32941.094,-36.013
32941.192,-35.853
32941.302,-36.02
32941.398,-35.947
32941.508,-35.927
32941.606,-35.913
32941.704,-35.987
32941.800,-35.873
32941.925,-35.94
32942.011,-36.08
32942.113,-36.053
32942.217,-35.967
32942.337,-35.86
32942.420,-36.02
32942.523,-36.007
32942.626,-36.007
32942.728,-35.893
32942.832,-35.927
32942.932,-35.993
32943.033,-36.0
32943.138,-36.0
32943.239,-35.993
32943.300,-35.84
32943.445,-35.973
32943.548,-36.047
32943.616,-36.12
32943.761,-35.953
32943.854,-36.0
32943.881,-35.967
32943.984,-36.04
32944.084,-35.947
32944.199,-35.88
32944.297,-35.873
32944.395,-35.933
32944.496,-35.987
32944.601,-35.987
32944.699,-35.987
32944.802,-36.007
32944.878,-35.907
32944.981,-36.04
32945.082,-35.953
32945.195,-35.987
32945.299,-35.947
32945.396,-35.833
32945.494,-35.94
32945.599,-36.027
32945.709,-36.02
32945.805,-36.007
32945.903,-35.8
32946.011,-35.96
32946.106,-35.893
32946.209,-36.047
32946.334,-35.94
32946.424,-35.813
32946.520,-35.973
32946.619,-35.933
32996.721,-36.027
32996.822,-35.933
32996.927,-35.787
32997.028,-35.993
32997.138,-35.973
32997.337,-35.927
32997.442,-35.993
32997.479,-35.96
32997.650,-35.9
32997.679,-36.007
32997.849,-35.967
32997.878,-36.04
32997.984,-36.033
32998.079,-36.04
32998.175,-35.873
32998.285,-35.873
32998.383,-35.94
32998.486,-35.92
32998.584,-35.993
32998.668,-36.0
32998.780,-35.913
32998.871,-35.933
32998.976,-35.993
32999.077,-35.893
32999.179,-35.993
32999.283,-36.0
32999.385,-35.987
32999.486,-36.02
32999.589,-35.98
32999.701,-35.947
32999.795,-35.973
32999.896,-36.047
33000.011,-36.08
33000.101,-35.9
33000.202,-36.007
33000.314,-35.98
33000.422,-36.06
33000.518,-36.02
33000.614,-35.947
33000.714,-35.92
33000.817,-35.933
33000.915,-35.953
33001.021,-35.967
33001.126,-35.96
33001.226,-35.913
33001.329,-36.087
33001.432,-36.027
33001.533,-35.993
33001.560,-36.12
33001.662,-35.88
33001.765,-35.96
33001.871,-35.92
33001.973,-35.96
33002.069,-36.033
33002.172,-35.833
33002.258,-35.927
33002.356,-35.92
33002.454,-35.993
33002.557,-35.927
33002.658,-35.947
33002.761,-35.927
33002.864,-35.987
33002.967,-35.987
33003.070,-36.06
33003.201,-35.973
33003.275,-36.14
33003.385,-36.033
33003.483,-35.973
33003.582,-36.007
33003.684,-35.847
33003.795,-35.947
33003.849,-35.967
33003.956,-35.907
33004.103,-36.06
33004.163,-35.833
33004.300,-35.953
33004.437,-36.013
33004.474,-36.0
33004.579,-36.007
33004.682,-36.087
33004.788,-35.993
33004.851,-36.04
33005.025,-35.933
33005.052,-35.86
33005.155,-35.953
33005.246,-35.92
33005.348,-35.92
33005.449,-36.013
33005.550,-36.013
33005.658,-35.953
33005.756,-36.013
33005.859,-35.973
33005.945,-36.0
33006.043,-36.06
33006.165,-36.047
33006.258,-35.98
33006.347,-35.927
33006.454,-35.86
33006.552,-35.927
33006.672,-35.893
33056.768,-36.06
33056.866,-35.933
33056.964,-35.96
33057.062,-35.953
33057.167,-35.88
33057.268,-36.067
33057.371,-35.853
33057.473,-35.913
33057.577,-36.06
33057.687,-36.067
33057.780,-35.927
33057.881,-35.92
33057.940,-35.927
33058.119,-35.833
33058.148,-35.92
33058.248,-35.98
33058.395,-36.113
33058.530,-35.973
33058.535,-36.02
33058.702,-36.013
33058.736,-36.0
33058.905,-36.0
33059.010,-35.98
33059.038,-36.06
33059.136,-35.96
33059.238,-35.987
33059.342,-36.007
33059.442,-35.933
33059.565,-35.893
33059.650,-35.993
33059.755,-35.953
33059.854,-35.96
33059.932,-35.953
33060.045,-35.947
33060.168,-35.827
33060.243,-36.02
33060.344,-36.0
33060.444,-35.98
33060.540,-36.0
33060.667,-35.873
33060.755,-35.973
33060.854,-35.973
33060.962,-35.98
33061.079,-35.927
33061.160,-35.88
33061.271,-35.893
33061.375,-35.94
33061.476,-35.913
33061.572,-35.913
33061.680,-35.9
33061.770,-35.94
33061.881,-35.94
33062.001,-35.86
33062.082,-35.893
33062.217,-35.92
33062.295,-36.067
33062.391,-36.093
33062.445,-36.04
33062.528,-35.987
33062.695,-35.967
33062.722,-35.913
33062.917,-35.913
33062.940,-35.98
33063.037,-36.04
33063.135,-36.033
33063.241,-35.94
33063.332,-36.027
33063.437,-35.9
33063.525,-35.96
33063.643,-35.873
33063.726,-35.94
33063.822,-35.893
33063.925,-35.947
33064.033,-35.933
33064.135,-36.0
33064.233,-35.933
33064.342,-35.973
33064.435,-35.987
33064.538,-36.013
33064.641,-35.993
33064.755,-35.987
33064.851,-35.867
33064.949,-36.013
33065.054,-35.967
33065.153,-36.02
33065.256,-35.867
33065.359,-35.893
33065.462,-35.953
33065.562,-35.893
33065.665,-35.96
33065.777,-35.973
33065.881,-35.98
33066.000,-35.873
33066.076,-36.067
33066.180,-35.94
33066.219,-35.96
33066.317,-35.947
33066.417,-36.067
33066.515,-36.053
33066.614,-36.053
33116.722,-35.933
33116.824,-36.007
33116.918,-35.92
33117.027,-35.86
33117.125,-35.953
33117.224,-35.973
33117.327,-35.953
33117.430,-35.907
33117.540,-35.933
33117.621,-35.927
33117.826,-36.06
33117.827,-35.92
33117.925,-36.027
33118.020,-36.027
33118.131,-35.947
33118.234,-35.927
33118.337,-35.96
33118.440,-35.84
33118.516,-35.853
33118.619,-35.953
33118.724,-35.967
33118.809,-36.02
33118.934,-36.053
33119.045,-35.973
33119.163,-36.033
33119.224,-35.953
33119.351,-35.987
33119.454,-35.953
33119.557,-36.007
33119.658,-35.9
33119.761,-35.907
33119.864,-36.073
33119.969,-36.1
33120.069,-35.973
33120.173,-35.9
33120.275,-35.873
33120.302,-35.927
33120.408,-35.987
33120.506,-35.967
33120.614,-36.06
33120.712,-35.993
33120.809,-35.927
33120.913,-35.947
33121.001,-36.033
33121.119,-35.967
33121.202,-35.973
33121.324,-35.867
33121.408,-35.94
33121.505,-35.933
33121.604,-36.013
33121.706,-35.96
33121.834,-35.92
33121.935,-35.96
33122.015,-36.02
33122.116,-35.907
33122.219,-35.96
33122.322,-35.793
33122.452,-35.993
33122.528,-36.02
33122.598,-36.04
33122.731,-36.0
33122.812,-35.893
33122.935,-35.993
33123.072,-35.927
33123.160,-35.873
33123.243,-36.02
33123.364,-36.0
33123.449,-35.893
33123.550,-35.913
33123.653,-35.927
33123.758,-35.933
33123.858,-35.933
33123.896,-36.027
33124.064,-35.913
33124.089,-35.973
33124.192,-35.927
33124.290,-35.98
33124.403,-35.84
33124.503,-36.013
33124.599,-36.007
33124.790,-35.993
33124.792,-35.92
33124.912,-35.907
33125.001,-35.9
33125.097,-35.82
33125.197,-35.993
33125.293,-36.013
33125.403,-35.993
33125.496,-35.987
33125.606,-35.88
33125.736,-35.933
33125.785,-36.007
33125.907,-36.04
33126.015,-36.04
33126.109,-35.853
33126.214,-36.073
33126.283,-36.027
33126.418,-35.947
33126.521,-35.96
33126.631,-35.833
33176.724,-35.953
33176.783,-35.953
33176.900,-35.953
33177.000,-35.947
33177.133,-35.947
33177.248,-35.94
33177.344,-36.06
33177.442,-36.1
33177.545,-36.013
33177.646,-35.967
33177.750,-35.92
33177.778,-36.073
33177.954,-36.0
33177.981,-36.007
33178.081,-35.993
33178.185,-35.9
33178.363,-35.893
33178.386,-35.893
33178.494,-35.867
33178.592,-36.027
33178.675,-35.9
33178.795,-35.913
33178.875,-35.987
33178.976,-35.92
33179.087,-35.987
33179.182,-35.94
33179.285,-36.04
33179.410,-36.067
33179.489,-35.98
33179.592,-35.987
33179.694,-35.873
33179.795,-35.84
33179.900,-35.88
33180.001,-35.967
33180.104,-36.033
33180.216,-35.887
33180.314,-35.873
33180.410,-36.013
33180.513,-36.027
33180.625,-36.007
33180.746,-36.02
33180.820,-35.94
33180.924,-35.907
33181.025,-36.007
33181.136,-36.067
33181.248,-36.087
33181.266,-35.967
33181.437,-36.013
33181.494,-36.047
33181.570,-35.893
33181.672,-36.047
33181.778,-35.98
33181.885,-35.88
33181.983,-35.88
33182.087,-35.967
33182.185,-36.047
33182.282,-35.967
33182.383,-35.933
33182.484,-35.953
33182.587,-35.973
33182.670,-36.033
33182.766,-36.0
33182.878,-35.867
33182.976,-35.993
33183.084,-35.94
33183.175,-35.947
33183.278,-36.0
33183.381,-36.007
33183.496,-36.0
33183.594,-35.973
33183.690,-35.987
33183.792,-35.947
33183.900,-35.94
33183.998,-35.873
33184.099,-35.94
33184.199,-35.94
33184.302,-35.92
33184.403,-35.853
33184.508,-35.847
33184.609,-35.94
33184.711,-36.027
33184.765,-35.927
33184.869,-35.947
33185.020,-35.933
33185.121,-35.973
33185.182,-35.913
33185.334,-35.993
33185.432,-35.987
33185.459,-35.973
33185.554,-35.973
33185.660,-36.04
33185.768,-35.967
33185.871,-35.993
33185.966,-35.96
33186.067,-35.9
33186.163,-35.967
33186.261,-36.047
33186.354,-35.967
33186.462,-36.093
33186.560,-35.927
33186.657,-35.993
33476.761,-35.953
33476.869,-36.033
33476.967,-35.907
33477.067,-35.927
33477.172,-35.947
33477.271,-35.967
33477.378,-35.953
33477.496,-35.96
33477.581,-35.967
33477.682,-36.007
33477.785,-35.947
33477.907,-35.953
33477.989,-36.04
33478.099,-35.887
33478.204,-35.94
33478.299,-36.007
33478.402,-36.027
33478.511,-35.927
33478.609,-35.967
33478.711,-35.893
33478.815,-36.047
33478.920,-35.9
33479.023,-35.893
33479.118,-35.887
33479.146,-35.887
33479.241,-36.053
33479.356,-35.933
33479.447,-35.98
33479.550,-36.013
33479.648,-35.913
33479.744,-36.033
33479.891,-36.02
33479.959,-35.92
33480.067,-36.027
33480.148,-35.967
33480.244,-35.933
33480.344,-36.007
33480.445,-36.027
33480.550,-35.953
33480.653,-36.073
33480.756,-35.813
33480.858,-35.933
33480.962,-35.94
33481.060,-35.94
33481.170,-35.993
33481.266,-35.893
33481.369,-36.04
33481.469,-36.113
33481.582,-36.027
33481.679,-36.0
33481.778,-35.907
33481.880,-35.94
33481.984,-35.98
33482.084,-35.8
33482.187,-35.993
33482.290,-35.873
33482.393,-36.013
33482.494,-35.887
33482.596,-35.8
33482.640,-35.973
33482.802,-35.94
33482.905,-35.973
33482.932,-36.133
33483.033,-35.893
33483.133,-35.86
33483.238,-35.993
33483.337,-35.96
33483.444,-35.92
33483.545,-36.0
33483.645,-36.013
33483.743,-35.967
33483.832,-35.907
33483.930,-36.033
33484.030,-36.027
33484.155,-36.04
33484.236,-35.987
33484.337,-35.867
33484.440,-36.047
33484.548,-36.02
33484.675,-35.96
33484.748,-35.993
33484.849,-35.953
33484.961,-35.96
33485.087,-35.867
33485.128,-35.96
33485.229,-36.08
33485.332,-35.88
33485.464,-35.993
33485.579,-35.98
33485.670,-35.987
33485.780,-36.053
33485.905,-36.053
33485.947,-35.847
33486.081,-35.973
33486.180,-35.887
33486.283,-35.92
33486.396,-35.987
33486.420,-35.993
33486.591,-35.933
33486.692,-36.027
33536.724,-36.053
33536.820,-36.033
33536.920,-35.887
33537.025,-35.853
33537.130,-36.007
33537.231,-36.013
33537.337,-35.927
33537.418,-35.92
33537.535,-35.907
33537.640,-35.913
33537.739,-36.047
33537.829,-36.087
33537.930,-35.973
33538.030,-36.0
33538.126,-36.013
33538.231,-35.907
33538.329,-36.04
33538.452,-36.053
33538.537,-36.113
33538.638,-35.973
33538.739,-35.8
33538.844,-35.933
33538.957,-36.007
33539.028,-36.113
33539.158,-35.867
33539.231,-36.007
33539.354,-35.987
33539.452,-36.007
33539.552,-36.0
33539.667,-35.907
33539.765,-35.887
33539.866,-35.973
33539.994,-36.047
33540.077,-36.053
33540.177,-35.84
33540.228,-35.973
33540.400,-35.927
33540.483,-35.94
33540.510,-35.96
33540.687,-35.847
33540.724,-36.033
33540.817,-35.967
33540.915,-35.993
33541.018,-35.947
33541.123,-35.973
33541.224,-35.867
33541.326,-35.96
33541.427,-35.987
33541.530,-36.0
33541.609,-35.9
33541.711,-36.06
33541.827,-35.813
33541.925,-36.067
33542.021,-35.973
33542.131,-36.06
33542.239,-35.98
33542.337,-35.96
33542.435,-35.927
33542.562,-36.053
33542.641,-35.947
33542.768,-35.947
33542.820,-35.96
33542.940,-35.773
33543.021,-35.913
33543.106,-36.06
33543.209,-35.873
33543.351,-35.887
33543.452,-35.86
33543.552,-36.013
33543.667,-35.993
33543.758,-36.033
33543.859,-36.027
33543.964,-35.9
33544.077,-35.887
33544.106,-35.987
33544.201,-36.06
33544.299,-36.08
33544.400,-35.973
33544.501,-35.92
33544.609,-35.96
33544.707,-35.967
33544.807,-35.987
33544.912,-35.893
33545.011,-36.06
33545.136,-35.933
33545.195,-35.913
33545.295,-35.947
33545.396,-35.94
33545.506,-35.893
33545.603,-35.853
33545.704,-36.04
33545.805,-35.92
33545.915,-35.92
33546.011,-36.04
33546.114,-35.9
33546.209,-35.86
33546.324,-35.953
33546.420,-35.927
33546.523,-36.007
33546.626,-35.827
33596.728,-35.933
33596.831,-36.04
33596.932,-35.98
33597.040,-35.933
33597.109,-35.953
33597.239,-35.967
33597.344,-35.907
33597.476,-35.987
33597.549,-36.033
33597.650,-36.1
33597.753,-35.913
33597.856,-35.933
33597.957,-35.947
33598.077,-36.013
33598.097,-36.02
33598.192,-35.933
33598.288,-35.96
33598.408,-35.92
33598.486,-36.08
33598.597,-35.96
33598.707,-35.873
33598.787,-35.873
33598.905,-35.993
33599.000,-35.967
33599.092,-35.94
33599.201,-35.947
33599.300,-36.007
33599.425,-35.927
33599.503,-35.947
33599.604,-35.933
33599.726,-35.787
33599.800,-35.887
33599.913,-35.94
33600.011,-35.98
33600.109,-36.027
33600.211,-35.973
33600.324,-35.8
33600.420,-35.973
33600.518,-35.973
33600.619,-36.027
33600.723,-35.94
33600.834,-35.853
33600.954,-35.82
33601.030,-36.013
33601.131,-35.973
33601.236,-35.973
33601.334,-35.887
33601.439,-35.927
33601.540,-36.04
33601.643,-36.047
33601.751,-36.0
33601.848,-35.987
33601.876,-35.987
33601.974,-36.027
33602.077,-35.98
33602.187,-36.013
33602.285,-36.06
33602.385,-35.933
33602.486,-36.047
33602.574,-35.993
33602.692,-36.04
33602.793,-35.96
33602.873,-35.813
33602.974,-35.98
33603.077,-36.047
33603.180,-35.947
33603.288,-35.947
33603.386,-36.0
33603.488,-35.913
33603.621,-35.9
33603.692,-35.853
33603.793,-35.933
33603.897,-35.933
33604.001,-35.86
33604.099,-35.98
33604.202,-35.967
33604.324,-36.033
33604.408,-36.02
33604.510,-35.887
33604.614,-35.973
33604.734,-35.92
33604.827,-36.087
33604.927,-35.98
33605.023,-35.96
33605.128,-35.94
33605.226,-35.973
33605.339,-36.007
33605.366,-35.973
33605.543,-35.987
33605.572,-35.967
33605.670,-35.92
33605.768,-36.04
33605.880,-35.873
33605.976,-36.047
33606.077,-35.873
33606.185,-35.947
33606.280,-35.867
33606.361,-35.973
33606.466,-35.98
33606.572,-35.833
33606.672,-36.027
33656.766,-35.92
33656.866,-35.993
33656.969,-36.0
33657.174,-35.987
33657.175,-35.907
33657.275,-35.913
33657.376,-35.913
33657.486,-35.913
33657.586,-35.88
33657.712,-35.873
33657.787,-35.953
33657.891,-35.92
33657.993,-35.92
33658.067,-36.053
33658.197,-35.92
33658.300,-35.887
33658.402,-35.94
33658.537,-36.013
33658.611,-36.033
33658.707,-36.007
33658.815,-35.94
33658.913,-35.927
33659.016,-35.927
33659.143,-35.96
33659.157,-35.873
33659.256,-35.933
33659.354,-35.96
33659.550,-35.947
33659.552,-35.927
33659.653,-35.867
33659.873,-36.007
33659.939,-35.993
33659.967,-35.947
33660.070,-35.973
33660.168,-36.007
33660.270,-35.86
33660.373,-35.993
33660.451,-35.993
33660.552,-36.007
33660.653,-35.907
33660.766,-35.813
33660.888,-35.96
33660.976,-36.067
33661.065,-36.067
33661.168,-35.973
33661.386,-35.94
33661.388,-35.953
33661.474,-36.033
33661.587,-35.953
33661.685,-36.04
33661.750,-36.007
33661.883,-35.847
33661.986,-35.913
33662.089,-35.987
33662.190,-36.027
33662.293,-35.933
33662.391,-35.867
33662.508,-35.987
33662.604,-36.027
33662.697,-35.987
33662.815,-35.947
33662.917,-35.933
33662.947,-35.893
33663.043,-35.88
33663.143,-35.867
33663.326,-35.92
33663.354,-35.947
33663.454,-35.987
33663.548,-36.067
33663.650,-36.027
33663.755,-35.98
33663.853,-35.94
33663.957,-35.927
33664.057,-35.94
33664.160,-35.973
33664.241,-35.9
33664.353,-35.933
33664.451,-35.927
33664.547,-35.98
33664.650,-35.853
33664.751,-35.94
33664.854,-35.933
33664.956,-35.913
33665.062,-35.94
33665.160,-35.927
33665.268,-35.993
33665.390,-36.007
33665.472,-35.867
33665.570,-35.873
33665.673,-35.92
33665.798,-35.94
33665.878,-35.913
33665.979,-35.84
33666.082,-36.007
33666.190,-36.047
33666.287,-36.033
33666.347,-35.967
33666.491,-35.893
33666.597,-36.033
33666.655,-35.92
33716.798,-36.0
33716.902,-35.94
33717.003,-35.96
33717.032,-35.887
33717.133,-36.013
33717.246,-35.98
33717.337,-35.953
33717.437,-35.953
33717.540,-36.0
33717.635,-35.933
33717.731,-35.94
33717.849,-35.933
33718.028,-35.98
33718.030,-35.853
33718.130,-35.94
33718.234,-35.953
33718.334,-36.007
33718.437,-35.987
33718.542,-35.913
33718.643,-36.0
33718.744,-36.0
33718.841,-35.967
33718.951,-36.107
33719.060,-35.933
33719.153,-36.027
33719.266,-36.04
33719.368,-36.093
33719.473,-36.127
33719.572,-35.907
33719.675,-35.993
33719.795,-36.007
33719.881,-35.9
33719.983,-35.893
33720.037,-35.893
33720.163,-35.967
33720.238,-36.033
33720.344,-36.027
33720.420,-35.987
33720.599,-35.94
33720.626,-35.953
33720.723,-35.953
33720.898,-35.94
33720.939,-35.887
33721.022,-35.987
33721.123,-35.913
33721.226,-35.96
33721.334,-35.987
33721.430,-35.953
33721.518,-36.06
33721.633,-36.013
33721.714,-35.833
33721.817,-36.067
33721.918,-35.973
33722.021,-35.973
33722.123,-36.0
33722.226,-35.973
33722.329,-35.973
33722.437,-35.987
33722.533,-36.02
33722.636,-36.0
33722.739,-35.933
33722.851,-36.067
33722.947,-36.027
33723.045,-36.007
33723.148,-35.96
33723.251,-35.793
33723.353,-35.847
33723.471,-35.973
33723.559,-35.987
33723.660,-35.967
33723.761,-35.867
33723.886,-35.913
33723.967,-35.973
33724.067,-35.94
33724.180,-35.847
33724.275,-35.847
33724.327,-35.873
33724.479,-36.067
33724.581,-35.953
33724.614,-36.013
33724.714,-35.953
33724.812,-35.933
33724.913,-35.86
33725.016,-36.04
33725.126,-35.9
33725.207,-36.08
33725.309,-36.053
33725.425,-35.96
33725.525,-35.993
33725.606,-35.993
33725.719,-35.933
33725.815,-35.98
33725.913,-35.96
33726.011,-36.0
33726.126,-35.947
33726.228,-35.867
33726.326,-36.013
33726.410,-35.967
33726.520,-36.027
33726.619,-35.907
33776.712,-35.947
33776.824,-35.96
33776.905,-35.86
33777.025,-35.827
33777.101,-35.953
33777.238,-35.973
33777.334,-35.947
33777.456,-35.88
33777.557,-35.953
33777.655,-35.927
33777.748,-35.973
33777.849,-35.953
33777.952,-35.947
33778.055,-35.887
33778.104,-35.887
33778.201,-36.027
33778.307,-35.927
33778.405,-35.84
33778.501,-35.947
33778.616,-36.067
33778.709,-36.073
33778.807,-36.033
33778.907,-35.94
33779.008,-35.893
33779.113,-35.867
33779.212,-35.94
33779.319,-36.02
33779.395,-35.98
33779.496,-35.993
33779.598,-35.927
33779.717,-35.953
33779.804,-35.973
33779.905,-36.053
33780.006,-35.927
33780.111,-36.027
33780.212,-35.94
33780.315,-36.0
33780.418,-36.087
33780.522,-36.0
33780.623,-35.853
33780.743,-36.0
33780.821,-36.087
33780.891,-35.987
33780.991,-35.947
33781.098,-35.86
33781.236,-35.973
33781.334,-35.94
33781.449,-35.98
33781.525,-35.893
33781.647,-35.873
33781.744,-36.013
33781.842,-36.007
33781.893,-35.973
33782.057,-35.993
33782.155,-35.913
33782.184,-36.0
33782.292,-35.953
33782.390,-36.027
33782.494,-36.0
33782.591,-36.06
33782.704,-35.867
33782.802,-35.913
33782.903,-36.033
33783.079,-36.04
33783.082,-36.04
33783.192,-35.9
33783.293,-36.013
33783.393,-35.927
33783.501,-35.92
33783.601,-36.007
33783.699,-35.807
33783.807,-35.88
33783.903,-35.94
33784.010,-35.96
33784.128,-36.04
33784.217,-36.047
33784.315,-35.893
33784.413,-35.973
33784.513,-35.96
33784.616,-35.98
33784.719,-35.947
33784.822,-35.947
33784.932,-35.987
33785.030,-35.96
33785.131,-35.887
33785.231,-35.967
33785.342,-35.947
33785.440,-36.013
33785.538,-36.047
33785.641,-35.967
33785.741,-35.833
33785.846,-35.867
33785.908,-35.973
33785.993,-35.94
33786.074,-35.94
33786.179,-35.893
33786.278,-36.013
33786.378,-35.973
33786.481,-36.04
33786.587,-35.96
33786.701,-35.987
34076.783,-36.0
34076.878,-35.967
34076.974,-35.853
34077.074,-36.0
34077.180,-35.953
34077.280,-35.873
34077.380,-35.953
34077.483,-35.9
34077.587,-35.9
34077.719,-35.893
34077.804,-35.9
34077.893,-35.887
34077.996,-35.987
34078.098,-35.953
34078.214,-35.907
34078.315,-35.973
34078.410,-35.973
34078.508,-35.96
34078.609,-35.993
34078.714,-35.967
34078.815,-35.98
34078.918,-35.86
34079.021,-35.96
34079.123,-36.02
34079.224,-36.007
34079.327,-36.093
34079.430,-35.96
34079.532,-35.987
34079.641,-35.94
34079.662,-36.007
34079.763,-36.087
34079.863,-36.053
34079.967,-35.913
34080.076,-35.88
34080.175,-35.96
34080.273,-36.013
34080.378,-36.0
34080.469,-36.067
34080.567,-36.02
34080.687,-35.927
34080.766,-36.0
34080.871,-36.0
34080.974,-35.787
34081.072,-35.873
34081.180,-35.907
34081.280,-36.08
34081.375,-35.927
34081.486,-35.887
34081.579,-35.847
34081.660,-35.98
34081.770,-35.973
34081.891,-35.907
34081.974,-36.013
34082.055,-35.887
34082.165,-35.913
34082.265,-35.887
34082.390,-36.04
34082.469,-35.92
34082.582,-35.813
34082.707,-36.007
34082.805,-35.907
34082.900,-35.973
34083.018,-35.967
34083.116,-35.887
34083.212,-36.007
34083.315,-35.967
34083.358,-36.053
34083.452,-36.027
34083.550,-35.887
34083.652,-35.907
34083.753,-35.9
34083.935,-36.007
34083.961,-35.967
34084.050,-35.94
34084.165,-35.92
34084.266,-35.967
34084.369,-36.013
34084.462,-35.967
34084.555,-36.02
34084.652,-35.987
34084.753,-35.887
34084.858,-35.973
34084.967,-35.953
34085.065,-36.0
34085.153,-35.953
34085.285,-35.893
34085.368,-35.96
34085.449,-36.06
34085.574,-35.96
34085.657,-35.967
34085.780,-35.96
34085.945,-35.947
34085.949,-35.98
34086.054,-35.98
34086.162,-36.02
34086.300,-35.987
34086.373,-35.887
34086.496,-35.993
34086.594,-36.033
34086.692,-35.993
34136.810,-35.933
34136.907,-35.84
34136.959,-35.94
34137.109,-35.973
34137.212,-35.967
34137.241,-35.947
34137.359,-35.907
34137.445,-35.973
34137.545,-35.98
34137.662,-36.053
34137.751,-36.027
34137.853,-36.093
34137.954,-35.96
34138.055,-36.0
34138.138,-36.0
34138.236,-36.087
34138.356,-36.047
34138.461,-35.967
34138.550,-35.953
34138.655,-35.907
34138.748,-35.967
34138.851,-35.993
34138.947,-35.907
34139.055,-35.993
34139.167,-35.927
34139.265,-35.973
34139.371,-35.993
34139.471,-35.893
34139.565,-35.98
34139.680,-36.033
34139.773,-36.06
34139.873,-35.9
34139.976,-35.9
34140.079,-35.947
34140.131,-35.953
34140.297,-35.933
34140.395,-35.953
34140.494,-35.84
34140.547,-35.993
34140.709,-36.06
34140.736,-36.02
34140.834,-36.027
34140.967,-35.9
34141.035,-35.973
34141.145,-36.073
34141.229,-35.88
34141.339,-35.893
34141.449,-35.987
34141.540,-36.013
34141.638,-35.947
34141.812,-36.027
34141.831,-35.993
34141.929,-36.033
34142.025,-36.033
34142.136,-35.94
34142.246,-35.9
34142.346,-36.053
34142.442,-35.993
34142.523,-35.987
34142.643,-35.94
34142.739,-35.993
34142.837,-35.933
34142.939,-36.013
34143.059,-35.927
34143.157,-35.947
34143.239,-35.927
34143.351,-35.96
34143.449,-35.993
34143.547,-35.993
34143.648,-35.893
34143.772,-35.94
34143.869,-35.953
34143.998,-35.953
34144.070,-35.887
34144.190,-35.867
34144.219,-36.047
34144.386,-35.927
34144.479,-35.987
34144.574,-35.973
34144.626,-35.933
34144.793,-35.873
34144.821,-35.973
34144.918,-35.913
34145.018,-35.853
34145.123,-35.967
34145.224,-35.973
34145.403,-36.027
34145.444,-35.993
34145.533,-35.873
34145.633,-35.98
34145.817,-36.007
34145.829,-36.053
34145.925,-36.027
34146.027,-35.98
34146.121,-36.04
34146.223,-36.04
34146.334,-35.947
34146.435,-35.973
34146.548,-35.967
34146.641,-35.987
34196.766,-35.853
34196.844,-35.76
34196.959,-35.82
34197.065,-35.953
34197.146,-35.887
34197.248,-35.893
34197.329,-35.973
34197.410,-35.827
34197.511,-36.053
34197.614,-35.933
34197.724,-35.96
34197.824,-36.073
34197.930,-35.973
34198.065,-35.967
34198.133,-35.94
34198.206,-35.96
34198.307,-35.96
34198.408,-35.92
34198.540,-36.08
34198.616,-36.087
34198.721,-35.973
34198.819,-36.047
34198.912,-35.873
34199.013,-36.007
34199.119,-36.033
34199.202,-36.04
34199.300,-35.967
34199.420,-35.973
34199.508,-36.053
34199.606,-35.98
34199.704,-35.98
34199.800,-36.047
34199.922,-36.067
34200.018,-36.06
34200.114,-35.933
34200.221,-36.0
34200.319,-35.92
34200.422,-35.98
34200.525,-35.847
34200.633,-35.993
34200.731,-36.04
34200.832,-35.947
34200.957,-35.967
34201.001,-35.873
34201.148,-35.92
34201.248,-35.933
34201.324,-36.053
34201.446,-35.92
34201.547,-35.787
34201.645,-35.96
34201.761,-35.947
34201.856,-35.927
34201.912,-35.973
34202.022,-35.987
34202.123,-35.98
34202.228,-35.96
34202.305,-35.993
34202.471,-35.893
34202.498,-36.013
34202.614,-35.94
34202.696,-35.94
34202.795,-35.833
34202.900,-35.94
34202.998,-35.953
34203.109,-35.953
34203.209,-35.887
34203.305,-35.953
34203.415,-36.027
34203.489,-35.92
34203.598,-35.927
34203.694,-35.787
34203.812,-35.953
34203.896,-35.98
34204.033,-35.947
34204.106,-35.94
34204.204,-35.96
34204.309,-35.887
34204.408,-35.987
34204.506,-35.867
34204.631,-35.853
34204.721,-36.12
34204.817,-36.073
34204.912,-35.9
34205.013,-35.82
34205.136,-35.78
34205.236,-35.94
34205.331,-35.92
34205.435,-36.007
34205.533,-36.087
34205.587,-35.867
34205.685,-35.847
34205.851,-35.813
34205.949,-36.04
34206.043,-36.02
34206.146,-35.987
34206.197,-35.993
34206.298,-35.94
34206.393,-36.033
34206.493,-35.96
34206.592,-36.033
34206.702,-35.94
34256.881,-35.973
34256.883,-35.933
34256.984,-35.967
34257.087,-36.013
34257.204,-35.887
34257.295,-35.947
34257.393,-36.027
34257.481,-35.927
34257.594,-35.967
34257.690,-35.893
34257.787,-36.02
34257.881,-36.073
34258.030,-35.9
34258.104,-36.02
34258.202,-35.907
34258.305,-35.913
34258.415,-35.893
34258.508,-35.993
34258.609,-35.907
34258.717,-35.86
34258.817,-36.047
34258.913,-35.887
34259.043,-36.0
34259.128,-35.967
34259.229,-35.747
34259.331,-35.94
34259.408,-36.053
34259.476,-35.92
34259.630,-35.947
34259.682,-35.887
34259.777,-35.96
34259.945,-35.92
34260.047,-36.0
34260.077,-35.947
34260.182,-35.98
34260.280,-35.98
34260.380,-36.053
34260.481,-35.967
34260.582,-35.913
34260.685,-35.94
34260.768,-35.967
34260.880,-36.007
34260.974,-35.96
34261.079,-35.987
34261.179,-36.04
34261.290,-36.013
34261.378,-35.967
34261.472,-35.953
34261.616,-35.953
34261.665,-36.133
34261.795,-36.113
34261.900,-35.987
34261.981,-35.993
34262.074,-35.987
34262.197,-36.027
34262.295,-35.98
34262.393,-35.867
34262.513,-35.827
34262.609,-36.067
34262.717,-36.04
34262.814,-36.007
34262.947,-35.96
34263.022,-35.987
34263.126,-35.96
34263.226,-36.0
34263.260,-36.047
34263.425,-35.96
34263.528,-35.92
34263.631,-36.113
34263.733,-36.013
34263.761,-35.893
34263.861,-35.927
34263.962,-35.9
34264.064,-36.047
34264.185,-36.047
34264.273,-35.993
34264.373,-36.02
34264.474,-35.98
34264.579,-35.98
34264.658,-35.953
34264.758,-35.98
34264.859,-36.007
34264.966,-35.96
34265.065,-35.98
34265.167,-35.953
34265.288,-36.033
34265.371,-35.913
34265.494,-36.087
34265.555,-35.94
34265.655,-35.907
34265.768,-35.86
34265.869,-35.927
34265.969,-36.047
34266.092,-36.1
34266.153,-35.867
34266.260,-35.793
34266.391,-35.933
34266.467,-36.1
34266.591,-35.967
34266.697,-35.88
34316.805,-35.967
34316.905,-35.953
34317.001,-36.0
34317.101,-35.993
34317.150,-35.907
34317.317,-35.987
34317.413,-35.933
34317.538,-35.98
34317.548,-35.973
34317.667,-35.933
34317.761,-35.967
34317.932,-36.027
34317.957,-35.94
34318.052,-35.987
34318.148,-36.02
34318.251,-35.92
34318.349,-35.947
34318.444,-35.94
34318.548,-35.967
34318.648,-35.86
34318.751,-35.94
34318.854,-36.04
34318.964,-36.013
34319.060,-35.94
34319.168,-35.927
34319.272,-35.873
34319.376,-35.92
34319.474,-35.993
34319.579,-36.027
34319.699,-36.0
34319.787,-35.933
34319.885,-36.047
34319.988,-36.067
34320.065,-35.913
34320.185,-35.973
34320.287,-35.893
34320.337,-36.047
34320.503,-36.093
34320.555,-36.013
34320.701,-35.953
34320.758,-35.967
34320.869,-35.953
34320.945,-35.967
34321.094,-35.967
34321.212,-35.887
34321.241,-35.98
34321.337,-36.013
34321.435,-35.987
34321.538,-35.9
34321.643,-35.787
34321.746,-35.953
34321.849,-35.9
34321.949,-35.967
34322.052,-36.0
34322.136,-35.98
34322.234,-35.973
34322.342,-35.867
34322.437,-35.967
34322.540,-36.013
34322.643,-35.96
34322.753,-35.907
34322.853,-35.947
34322.951,-35.907
34323.052,-36.167
34323.153,-35.96
34323.256,-36.027
34323.375,-35.96
34323.462,-36.02
34323.562,-35.993
34323.668,-36.14
34323.739,-35.913
34323.876,-35.847
34323.974,-35.913
34324.076,-35.94
34324.179,-35.893
34324.280,-35.913
34324.332,-35.867
34324.476,-35.907
34324.548,-35.96
34324.658,-35.953
34324.782,-35.927
34324.888,-35.953
34324.989,-35.96
34325.101,-35.927
34325.126,-36.027
34325.234,-35.947
34325.332,-35.953
34325.432,-36.04
34325.535,-36.04
34325.623,-35.993
34325.741,-36.02
34325.839,-36.02
34325.946,-35.98
34326.033,-35.953
34326.128,-35.953
34326.226,-35.873
34326.334,-35.887
34326.432,-35.84
34326.533,-35.94
34326.636,-35.94
34376.739,-35.84
34376.849,-35.98
34376.952,-35.787
34377.055,-35.98
34377.123,-36.0
34377.258,-35.893
34377.354,-35.96
34377.464,-35.913
34377.562,-35.913
34377.668,-35.94
34377.788,-35.987
34377.873,-35.933
34377.972,-35.733
34378.077,-35.953
34378.275,-36.0
34378.277,-36.02
34378.331,-35.92
34378.440,-36.04
34378.521,-35.813
34378.616,-35.92
34378.751,-35.967
34378.856,-35.933
34378.993,-36.013
34379.023,-35.867
34379.133,-35.92
34379.299,-35.98
34379.324,-35.953
34379.427,-35.953
34379.528,-35.973
34379.621,-35.887
34379.734,-35.973
34379.812,-36.047
34379.913,-35.987
34380.040,-35.893
34380.119,-35.933
34380.219,-35.96
34380.322,-36.0
34380.430,-36.027
34380.528,-36.02
34380.623,-35.907
34380.724,-35.953
34380.842,-35.987
34380.937,-36.007
34381.136,-36.013
34381.145,-35.853
34381.244,-35.92
34381.346,-35.973
34381.459,-36.02
34381.552,-35.92
34381.653,-35.833
34381.748,-35.86
34381.871,-36.047
34381.964,-35.913
34382.064,-36.053
34382.165,-36.02
34382.270,-35.96
34382.371,-35.96
34382.473,-35.907
34382.560,-35.967
34382.680,-35.847
34382.780,-35.867
34382.807,-35.993
34382.986,-35.987
34383.021,-35.947
34383.116,-36.04
34383.214,-35.84
34383.322,-35.913
34383.420,-35.993
34383.523,-36.053
34383.601,-36.087
34383.709,-35.987
34383.805,-35.967
34383.907,-35.92
34384.035,-35.98
34384.121,-35.86
34384.204,-35.927
34384.310,-35.913
34384.418,-36.04
34384.516,-35.973
34384.599,-36.027
34384.766,-35.94
34384.810,-35.793
34384.937,-35.913
34385.042,-35.967
34385.143,-35.953
34385.241,-35.98
34385.349,-35.987
34385.447,-35.993
34385.547,-35.987
34385.648,-35.853
34385.741,-35.953
34385.869,-35.88
34385.959,-35.9
34386.055,-35.987
34386.158,-36.047
34386.280,-35.94
34386.354,-35.987
34386.407,-35.893
34386.491,-35.907
34386.606,-35.913
34386.699,-36.013
34676.800,-35.933
34676.900,-36.067
34677.084,-35.98
34677.111,-35.953
34677.207,-35.867
34677.312,-35.973
34677.412,-36.0
34677.489,-35.933
34677.592,-35.92
34677.707,-35.993
34677.797,-35.993
34677.900,-36.087
34678.001,-35.82
34678.118,-35.973
34678.219,-35.913
34678.315,-35.933
34678.410,-36.033
34678.513,-35.987
34678.616,-35.833
34678.719,-35.933
34678.809,-35.867
34678.930,-35.887
34678.984,-36.0
34679.092,-35.887
34679.231,-35.9
34679.305,-36.053
34679.435,-35.92
34679.543,-35.967
34679.633,-35.913
34679.736,-35.92
34679.837,-35.973
34679.886,-35.947
34680.050,-35.98
34680.148,-35.96
34680.182,-35.96
34680.280,-35.987
34680.396,-35.947
34680.491,-35.96
34680.591,-35.947
34680.697,-36.073
34680.795,-35.953
34680.895,-35.98
34681.013,-35.967
34681.077,-35.973
34681.177,-35.96
34681.287,-36.033
34681.383,-36.007
34681.496,-36.033
34681.596,-35.973
34681.690,-35.953
34681.799,-35.947
34681.903,-35.98
34682.005,-36.04
34682.118,-35.933
34682.209,-35.82
34682.285,-35.913
34682.405,-35.953
34682.528,-35.84
34682.611,-35.927
34682.712,-35.933
34682.814,-36.02
34682.922,-35.987
34683.020,-35.993
34683.140,-35.953
34683.190,-35.873
34683.334,-35.993
34683.395,-36.06
34683.530,-35.96
34683.633,-36.013
34683.706,-36.027
34683.839,-35.98
34683.954,-35.967
34683.973,-35.927
34684.069,-35.947
34684.170,-36.053
34684.273,-35.94
34684.390,-36.007
34684.555,-35.833
34684.582,-35.913
34684.689,-35.973
34684.788,-35.873
34684.886,-36.013
34684.964,-35.88
34685.067,-35.96
34685.170,-36.007
34685.280,-36.0
34685.381,-35.933
34685.478,-36.04
34685.579,-36.087
34685.684,-36.067
34685.793,-36.0
34685.886,-35.887
34685.991,-35.98
34686.094,-35.913
34686.204,-36.073
34686.300,-35.92
34686.400,-35.867
34686.503,-36.0
34686.604,-35.953
34686.706,-35.96
34736.827,-35.94
34736.861,-35.92
34737.013,-35.887
34737.116,-35.98
34737.175,-35.947
34737.263,-35.947
34737.378,-35.873
34737.525,-35.9
34737.594,-35.967
34737.670,-36.027
34737.822,-35.987
34737.875,-35.92
34738.042,-35.927
34738.067,-35.993
34738.158,-36.06
34738.258,-36.04
34738.364,-35.993
34738.489,-35.867
34738.572,-35.94
34738.670,-35.88
34738.755,-35.9
34738.856,-35.96
34738.966,-35.853
34739.070,-35.9
34739.168,-36.087
34739.268,-36.013
34739.376,-36.087
34739.467,-35.873
34739.582,-36.02
34739.680,-35.947
34739.787,-36.06
34739.883,-36.047
34739.981,-35.86
34740.086,-35.92
34740.204,-35.907
34740.288,-35.933
34740.393,-35.98
34740.496,-35.98
34740.614,-35.86
34740.709,-35.92
34740.805,-35.94
34740.905,-36.0
34741.013,-36.033
34741.108,-35.88
34741.212,-35.947
34741.304,-35.94
34741.348,-36.033
34741.447,-35.987
34741.621,-35.947
34741.717,-35.853
34741.748,-35.887
34741.849,-35.913
34741.954,-35.98
34742.064,-35.96
34742.163,-36.02
34742.246,-36.0
34742.347,-35.94
34742.452,-35.987
34742.564,-35.947
34742.660,-35.92
34742.750,-36.06
34742.858,-35.953
34742.957,-36.007
34743.055,-36.053
34743.157,-35.953
34743.255,-36.013
34743.364,-35.973
34743.466,-35.867
34743.579,-35.82
34743.675,-35.987
34743.773,-35.94
34743.876,-36.033
34743.989,-35.927
34744.084,-35.907
34744.185,-35.84
34744.288,-36.013
34744.388,-36.027
34744.488,-36.0
34744.611,-36.053
34744.704,-35.92
34744.824,-35.973
34744.898,-35.92
34744.942,-35.947
34745.104,-36.033
34745.206,-35.88
34745.236,-36.013
34745.348,-36.007
34745.440,-35.98
34745.542,-36.0
34745.640,-36.067
34745.750,-35.973
34745.854,-35.827
34745.949,-35.913
34746.035,-35.933
34746.136,-35.967
34746.234,-35.973
34746.334,-35.993
34746.449,-35.967
34746.545,-35.887
34746.648,-36.02
34796.744,-35.833
34796.861,-35.96
34796.959,-35.907
34797.055,-35.933
34797.150,-35.947
34797.255,-35.947
34797.376,-35.86
34797.474,-35.967
34797.550,-36.08
34797.665,-36.04
34797.741,-35.96
34797.890,-35.907
34797.969,-35.967
34798.094,-36.013
34798.130,-35.98
34798.236,-36.02
34798.339,-35.913
34798.447,-35.887
34798.549,-35.913
34798.699,-35.887
34798.761,-35.967
34798.891,-35.967
34798.922,-35.867
34799.022,-35.847
34799.123,-35.94
34799.224,-35.927
34799.327,-36.02
34799.437,-35.987
34799.533,-35.92
34799.633,-35.873
34799.802,-36.093
34799.839,-35.96
34799.940,-36.033
34800.045,-35.92
34800.125,-36.04
34800.223,-36.053
34800.324,-36.007
34800.420,-35.973
34800.560,-36.013
34800.633,-35.993
34800.734,-36.087
34800.859,-35.987
34800.940,-35.94
34801.042,-36.053
34801.143,-35.98
34801.246,-36.027
34801.349,-35.993
34801.461,-35.973
34801.555,-35.9
34801.665,-36.04
34801.761,-35.847
34801.863,-35.927
34801.934,-36.027
34802.065,-35.9
34802.170,-35.993
34802.302,-35.827
34802.375,-36.053
34802.476,-36.06
34802.579,-36.047
34802.697,-35.927
34802.717,-36.013
34802.815,-35.867
34802.913,-36.0
34803.013,-35.92
34803.116,-35.987
34803.219,-36.027
34803.322,-35.927
34803.432,-36.02
34803.511,-35.98
34803.630,-35.973
34803.731,-36.0
34803.822,-36.073
34803.942,-36.067
34804.015,-36.02
34804.133,-35.993
34804.226,-35.927
34804.327,-36.027
34804.424,-36.08
34804.535,-35.94
34804.626,-35.967
34804.729,-35.98
34804.832,-35.933
34804.947,-35.947
34805.045,-35.873
34805.143,-36.033
34805.244,-36.04
34805.346,-35.98
34805.446,-35.94
34805.548,-35.967
34805.650,-35.933
34805.753,-35.953
34805.854,-36.0
34805.964,-35.74
34806.057,-35.987
34806.162,-36.027
34806.266,-35.953
34806.336,-36.033
34806.464,-35.973
34806.565,-35.973
34806.665,-35.867
34856.717,-35.993
34856.812,-35.833
34856.903,-35.86
34856.998,-35.96
34857.108,-35.92
34857.217,-35.933
34857.315,-36.02
34857.415,-35.893
34857.518,-35.913
34857.621,-35.973
34857.697,-35.98
34857.804,-36.0
34857.932,-35.967
34858.006,-35.953
34858.108,-35.993
34858.212,-36.027
34858.321,-35.96
34858.417,-35.967
34858.516,-35.88
34858.621,-35.96
34858.726,-36.047
34858.824,-35.893
34858.947,-35.96
34859.032,-35.973
34859.131,-36.1
34859.234,-35.913
34859.312,-35.987
34859.445,-36.047
34859.550,-35.907
34859.648,-36.073
34859.750,-35.96
34859.849,-36.053
34859.952,-35.967
34860.055,-35.94
34860.160,-35.973
34860.268,-35.9
34860.293,-36.053
34860.464,-36.14
34860.493,-35.9
34860.597,-35.973
34860.701,-35.927
34860.807,-35.98
34860.978,-35.987
34861.010,-36.0
34861.086,-35.853
34861.194,-35.947
34861.290,-35.867
34861.391,-36.1
34861.489,-36.02
34861.589,-36.033
34861.685,-36.04
34861.815,-35.967
34861.898,-36.047
34862.022,-36.0
34862.101,-35.887
34862.184,-35.993
34862.339,-35.94
34862.393,-36.0
34862.501,-35.98
34862.582,-35.967
34862.687,-35.973
34862.807,-35.96
34862.905,-35.893
34863.003,-35.893
34863.125,-35.947
34863.221,-35.973
34863.322,-35.96
34863.425,-35.98
34863.525,-35.953
34863.646,-35.913
34863.722,-35.96
34863.841,-35.987
34863.945,-36.053
34864.048,-36.027
34864.089,-35.92
34864.180,-35.933
34864.354,-35.953
34864.381,-35.967
34864.483,-35.973
34864.584,-35.88
34864.685,-35.973
34864.788,-35.96
34864.898,-35.947
34864.976,-36.013
34865.094,-35.953
34865.195,-35.907
34865.283,-35.92
34865.378,-35.873
34865.484,-35.96
34865.604,-35.78
34865.677,-36.007
34865.788,-35.887
34865.895,-35.927
34865.974,-35.907
34866.096,-35.907
34866.180,-35.96
34866.293,-35.927
34866.383,-35.94
34866.486,-35.987
34866.571,-35.953
34916.711,-35.94
34916.783,-35.94
34916.903,-36.0
34916.979,-35.98
34917.094,-36.0
34917.212,-35.96
34917.315,-35.9
34917.366,-35.94
34917.510,-36.187
34917.641,-36.073
34917.739,-35.92
34917.768,-35.9
34917.947,-36.007
34917.974,-35.987
34918.072,-36.067
34918.180,-35.967
34918.275,-36.033
34918.381,-36.013
34918.552,-36.053
34918.579,-36.013
34918.665,-35.96
34918.766,-35.993
34918.869,-35.933
34918.962,-36.027
34919.065,-35.98
34919.165,-36.0
34919.280,-35.94
34919.376,-36.033
34919.473,-35.807
34919.577,-36.013
34919.675,-36.013
34919.802,-35.92
34919.861,-35.847
34919.969,-35.893
34920.065,-36.06
34920.172,-35.973
34920.277,-35.973
34920.361,-35.973
34920.462,-35.98
34920.609,-35.927
34920.675,-35.967
34920.805,-36.047
34920.908,-35.973
34921.011,-35.86
34921.116,-35.92
34921.224,-35.967
34921.299,-35.967
34921.444,-35.973
34921.457,-35.94
34921.555,-35.92
34921.723,-35.98
34921.756,-35.933
34921.856,-35.993
34921.957,-36.04
34922.057,-36.1
34922.175,-35.947
34922.266,-36.067
34922.369,-35.953
34922.471,-36.04
34922.565,-35.893
34922.674,-35.967
34922.753,-35.993
34922.854,-35.92
34922.956,-35.967
34923.060,-35.927
34923.163,-35.987
34923.277,-36.0
34923.364,-35.98
34923.469,-35.907
34923.552,-35.92
34923.690,-36.0
34923.775,-36.12
34923.888,-35.973
34923.984,-35.96
34924.052,-35.907
34924.185,-35.927
34924.287,-35.9
34924.390,-35.907
34924.491,-35.967
34924.594,-35.927
34924.690,-35.847
34924.800,-35.867
34924.910,-35.9
34925.003,-35.98
34925.114,-36.033
34925.209,-35.933
34925.310,-36.06
34925.413,-36.007
34925.527,-35.96
34925.555,-35.98
34925.729,-35.887
34925.849,-35.867
34925.868,-35.907
34925.952,-35.953
34926.060,-35.94
34926.140,-35.973
34926.256,-36.033
34926.342,-36.0
34926.442,-36.0
34926.549,-35.993
34926.653,-35.987
34976.753,-35.907
34976.849,-36.02
34976.952,-36.027
34977.050,-35.927
34977.155,-36.033
34977.261,-35.853
34977.364,-36.007
34977.469,-35.98
34977.567,-35.933
34977.694,-35.9
34977.736,-35.78
34977.871,-36.013
34977.973,-35.94
34978.077,-36.007
34978.177,-35.993
34978.283,-35.893
34978.358,-35.873
34978.459,-35.98
34978.560,-35.993
34978.690,-36.033
34978.793,-36.02
34978.837,-35.987
34978.989,-35.9
34979.040,-35.987
34979.202,-35.94
34979.231,-35.98
34979.408,-35.853
34979.437,-35.907
34979.550,-35.973
34979.636,-35.993
34979.739,-35.907
34979.841,-36.06
34979.937,-36.033
34980.045,-36.007
34980.155,-36.013
34980.231,-35.927
34980.334,-35.82
34980.430,-35.98
34980.543,-35.907
34980.636,-35.907
34980.741,-35.993
34980.844,-35.94
34980.944,-36.027
34981.047,-36.0
34981.180,-35.993
34981.253,-35.967
34981.364,-35.867
34981.456,-35.953
34981.559,-35.993
34981.660,-35.953
34981.775,-35.867
34981.871,-35.847
34981.974,-35.993
34982.028,-36.02
34982.173,-35.98
34982.273,-35.98
34982.326,-35.86
34982.430,-35.96
34982.538,-35.987
34982.640,-36.02
34982.770,-35.9
34982.851,-35.96
34982.927,-35.973
34983.030,-35.907
34983.199,-36.02
34983.224,-35.973
34983.329,-35.927
34983.434,-35.98
34983.530,-35.96
34983.636,-36.093
34983.731,-35.947
34983.836,-36.14
34984.006,-36.027
34984.033,-35.927
34984.126,-35.933
34984.223,-35.967
34984.322,-36.06
34984.425,-35.913
34984.525,-36.027
34984.630,-36.02
34984.763,-36.06
34984.834,-36.033
34984.935,-36.047
34985.040,-35.92
34985.141,-35.967
34985.244,-35.927
34985.353,-35.98
34985.449,-35.993
34985.550,-35.987
34985.655,-35.94
34985.772,-35.993
34985.858,-35.987
34985.962,-35.947
34986.062,-35.987
34986.187,-35.907
34986.268,-35.953
34986.373,-35.947
34986.481,-36.02
34986.508,-35.993
34986.677,-36.04
35276.780,-36.013
35276.807,-36.127
35276.984,-36.02
35277.011,-35.973
35277.111,-35.9
35277.209,-35.933
35277.317,-35.953
35277.418,-36.027
35277.523,-36.053
35277.609,-35.947
35277.726,-35.98
35277.829,-35.987
35277.905,-35.967
35278.022,-35.953
35278.116,-35.987
35278.212,-35.913
35278.309,-36.02
35278.418,-36.007
35278.525,-35.927
35278.623,-36.027
35278.724,-35.927
35278.829,-35.993
35278.925,-35.987
35279.025,-36.033
35279.136,-35.953
35279.250,-35.86
35279.349,-35.94
35279.451,-35.94
35279.545,-35.86
35279.647,-35.973
35279.744,-36.02
35279.885,-35.9
35279.959,-35.9
35280.089,-36.04
35280.184,-36.033
35280.197,-35.86
35280.366,-35.96
35280.467,-35.913
35280.569,-35.9
35280.597,-35.927
35280.724,-35.92
35280.800,-35.873
35280.918,-35.993
35281.011,-35.953
35281.116,-35.94
35281.195,-36.007
35281.310,-35.907
35281.397,-36.02
35281.505,-35.92
35281.616,-35.913
35281.697,-36.0
35281.798,-35.873
35281.896,-36.007
35282.020,-35.94
35282.106,-36.093
35282.202,-36.133
35282.302,-35.987
35282.432,-35.88
35282.506,-35.92
35282.616,-35.953
35282.719,-35.947
35282.854,-35.96
35282.927,-35.927
35283.028,-36.1
35283.128,-36.027
35283.233,-35.887
35283.332,-36.007
35283.430,-35.88
35283.538,-35.933
35283.633,-36.033
35283.746,-35.98
35283.858,-36.093
35283.947,-35.88
35284.052,-35.993
35284.153,-36.007
35284.268,-35.96
35284.297,-35.853
35284.461,-35.953
35284.486,-35.907
35284.592,-35.993
35284.692,-35.947
35284.798,-35.993
35284.896,-36.027
35284.983,-35.973
35285.103,-36.033
35285.202,-36.02
35285.283,-35.92
35285.381,-35.953
35285.484,-36.007
35285.586,-36.0
35285.695,-35.9
35285.802,-36.027
35285.923,-35.9
35285.996,-35.813
35286.108,-35.887
35286.204,-36.033
35286.304,-36.0
35286.430,-35.927
35286.538,-35.947
35286.613,-36.0
35336.712,-36.033
35336.814,-35.947
35336.918,-35.927
35337.028,-35.847
35337.131,-36.06
35337.234,-36.0
35337.283,-36.033
35337.386,-35.98
35337.494,-35.873
35337.596,-35.973
35337.699,-35.993
35337.778,-36.12
35337.949,-36.047
35337.979,-35.907
35338.146,-35.847
35338.174,-36.067
35338.292,-36.033
35338.375,-35.967
35338.476,-36.007
35338.572,-35.9
35338.679,-36.013
35338.778,-35.947
35338.873,-35.893
35339.005,-35.907
35339.070,-35.887
35339.175,-35.907
35339.272,-35.847
35339.376,-36.053
35339.479,-35.973
35339.579,-35.9
35339.682,-36.127
35339.785,-36.027
35339.888,-35.967
35339.998,-36.007
35340.106,-35.993
35340.195,-35.953
35340.297,-36.02
35340.400,-35.933
35340.516,-36.007
35340.604,-35.86
35340.707,-36.013
35340.810,-35.967
35340.910,-35.973
35341.013,-35.973
35341.111,-35.873
35341.167,-36.013
35341.324,-35.993
35341.371,-35.967
35341.525,-35.947
35341.630,-35.893
35341.690,-36.0
35341.766,-35.973
35341.863,-35.947
35341.969,-36.0
35342.074,-35.933
35342.163,-35.967
35342.282,-36.007
35342.420,-35.973
35342.473,-35.987
35342.574,-36.013
35342.677,-36.007
35342.761,-35.92
35342.881,-35.967
35342.978,-35.98
35343.062,-35.993
35343.158,-36.033
35343.265,-35.933
35343.369,-35.973
35343.483,-35.967
35343.579,-35.913
35343.675,-35.967
35343.782,-35.84
35343.891,-35.94
35343.993,-35.98
35344.087,-35.96
35344.192,-36.02
35344.299,-35.94
35344.398,-36.007
35344.518,-36.073
35344.601,-36.02
35344.707,-35.933
35344.810,-35.953
35344.881,-35.953
35345.001,-36.013
35345.109,-36.033
35345.212,-35.953
35345.342,-35.907
35345.427,-35.88
35345.452,-35.927
35345.552,-36.013
35345.652,-35.987
35345.756,-35.987
35345.853,-35.987
35345.954,-36.04
35346.055,-36.04
35346.158,-36.127
35346.263,-36.1
35346.354,-36.0
35346.456,-35.907
35346.567,-36.04
35346.670,-35.967
35396.765,-35.927
35396.861,-35.953
35396.956,-35.973
35397.054,-36.093
35397.158,-36.12
35397.251,-35.953
35397.353,-35.973
35397.464,-35.88
35397.571,-35.96
35397.670,-36.04
35397.763,-36.053
35397.873,-35.987
35397.979,-35.947
35398.087,-36.007
35398.214,-35.947
35398.283,-35.98
35398.380,-35.887
35398.489,-35.953
35398.603,-35.913
35398.699,-36.0
35398.820,-35.967
35398.898,-36.0
35399.003,-35.94
35399.104,-36.02
35399.206,-36.02
35399.292,-35.947
35399.412,-35.947
35399.513,-35.873
35399.542,-36.047
35399.658,-35.987
35399.744,-35.987
35399.844,-35.887
35399.947,-35.953
35400.052,-35.9
35400.152,-36.0
35400.253,-35.813
35400.354,-35.913
35400.439,-35.887
35400.537,-35.96
35400.658,-36.047
35400.768,-35.953
35400.847,-35.993
35400.947,-36.06
35401.042,-36.013
35401.153,-35.953
35401.253,-35.887
35401.351,-35.993
35401.449,-36.053
35401.548,-35.96
35401.652,-36.013
35401.734,-35.853
35401.878,-35.927
35401.962,-35.92
35402.067,-35.867
35402.175,-36.02
35402.278,-35.96
35402.390,-36.1
35402.442,-36.047
35402.601,-36.013
35402.628,-36.053
35402.733,-35.953
35402.831,-36.04
35403.013,-35.973
35403.097,-35.927
35403.195,-35.913
35403.226,-36.06
35403.336,-35.98
35403.432,-35.907
35403.540,-36.02
35403.641,-36.04
35403.734,-36.0
35403.837,-35.987
35403.940,-35.947
35404.043,-36.02
35404.147,-35.973
35404.226,-36.0
35404.327,-35.933
35404.437,-35.953
35404.532,-35.947
35404.633,-36.02
35404.738,-35.86
35404.849,-35.94
35404.925,-35.833
35405.027,-36.027
35405.130,-36.007
35405.229,-36.0
35405.332,-35.913
35405.452,-35.873
35405.538,-35.987
35405.641,-35.973
35405.743,-35.98
35405.821,-35.993
35405.964,-35.733
35406.023,-35.847
35406.131,-36.007
35406.239,-36.027
35406.366,-36.02
35406.476,-35.927
35406.572,-35.92
35406.660,-35.947
35456.783,-36.04
35456.881,-36.027
35456.981,-36.027
35457.084,-35.993
35457.121,-35.987
35457.217,-35.953
35457.322,-36.047
35457.423,-35.893
35457.523,-36.0
35457.626,-36.04
35457.746,-36.027
35457.834,-35.973
35457.934,-35.9
35458.038,-35.987
35458.123,-35.94
35458.248,-36.08
35458.322,-35.987
35458.454,-36.007
35458.532,-35.993
35458.628,-35.86
35458.738,-35.947
35458.849,-35.907
35458.932,-35.913
35459.037,-35.933
35459.138,-35.927
35459.261,-35.953
35459.353,-36.007
35459.447,-36.093
35459.549,-36.013
35459.650,-35.96
35459.751,-35.913
35459.856,-35.947
35459.957,-35.907
35460.059,-35.94
35460.119,-35.907
35460.221,-35.88
35460.369,-35.94
35460.469,-36.033
35460.572,-35.98
35460.641,-35.913
35460.711,-35.92
35460.817,-35.94
35460.905,-35.98
35461.006,-36.08
35461.163,-35.953
35461.214,-36.0
35461.312,-35.9
35461.422,-35.893
35461.508,-35.94
35461.613,-35.907
35461.711,-35.96
35461.832,-35.94
35461.905,-35.973
35462.006,-35.993
35462.108,-36.013
35462.209,-35.947
35462.312,-35.993
35462.417,-36.067
35462.523,-36.02
35462.631,-35.973
35462.729,-36.013
35462.826,-35.94
35462.935,-36.0
35463.030,-36.06
35463.133,-35.967
35463.229,-36.013
35463.336,-35.927
35463.447,-35.953
35463.545,-35.993
35463.625,-35.913
35463.746,-35.96
35463.854,-35.9
35463.952,-35.96
35464.064,-35.993
35464.157,-35.867
35464.256,-35.96
35464.364,-35.947
35464.462,-36.007
35464.515,-36.027
35464.616,-35.98
35464.773,-35.873
35464.800,-35.953
35464.902,-35.987
35465.003,-35.973
35465.096,-35.98
35465.194,-35.92
35465.299,-35.933
35465.408,-35.827
35465.513,-35.96
35465.633,-35.913
35465.702,-36.06
35465.795,-36.007
35465.930,-35.847
35466.011,-35.96
35466.111,-36.047
35466.197,-35.993
35466.315,-35.88
35466.388,-35.82
35466.503,-35.893
35466.614,-35.907
35516.734,-35.98
35516.827,-36.033
35516.934,-35.953
35517.033,-35.887
35517.130,-35.993
35517.253,-36.053
35517.344,-35.833
35517.435,-36.027
35517.535,-35.933
35517.638,-35.9
35517.739,-35.993
35517.836,-36.007
35517.945,-36.113
35518.035,-35.967
35518.150,-35.913
35518.253,-35.987
35518.282,-35.987
35518.457,-36.127
35518.488,-36.0
35518.586,-35.953
35518.687,-35.88
35518.795,-35.98
35518.893,-35.993
35519.000,-35.907
35519.097,-35.9
35519.185,-35.907
35519.305,-36.027
35519.402,-35.98
35519.481,-35.98
35519.596,-36.027
35519.692,-35.927
35519.799,-35.993
35519.898,-36.053
35519.984,-36.007
35520.081,-36.02
35520.190,-35.84
35520.295,-35.987
35520.391,-35.867
35520.533,-35.887
35520.609,-35.98
35520.702,-35.893
35520.799,-36.033
35520.920,-36.06
35521.020,-36.0
35521.118,-36.0
35521.224,-35.793
35521.344,-35.913
35521.432,-36.033
35521.532,-35.947
35521.631,-35.86
35521.755,-35.92
35521.837,-35.94
35521.939,-36.007
35522.043,-35.967
35522.077,-35.927
35522.172,-35.873
35522.272,-35.993
35522.380,-36.067
35522.493,-35.92
35522.591,-35.933
35522.689,-36.107
35522.785,-36.067
35522.883,-35.967
35522.969,-36.113
35523.074,-35.967
35523.182,-36.007
35523.272,-35.867
35523.405,-35.96
35523.474,-35.96
35523.592,-36.027
35523.670,-35.98
35523.768,-35.94
35523.878,-36.027
35523.986,-35.933
35524.082,-35.893
35524.202,-36.027
35524.283,-36.06
35524.397,-35.933
35524.493,-35.953
35524.591,-35.92
35524.695,-35.82
35524.795,-35.913
35524.918,-36.04
35525.018,-35.987
35525.121,-35.96
35525.219,-36.04
35525.317,-35.953
35525.430,-35.907
35525.527,-35.993
35525.625,-35.96
35525.729,-35.94
35525.822,-36.153
35525.932,-35.993
35526.033,-35.907
35526.062,-35.947
35526.168,-35.853
35526.271,-35.913
35526.366,-35.993
35526.489,-36.027
35526.574,-35.973
35526.674,-36.087
35576.775,-35.98
35576.859,-36.027
35576.979,-35.887
35577.077,-36.0
35577.173,-35.98
35577.268,-36.007
35577.364,-35.94
35577.467,-35.96
35577.591,-35.98
35577.673,-36.04
35577.778,-36.027
35577.878,-36.02
35578.003,-35.92
35578.082,-35.907
35578.185,-35.967
35578.288,-35.967
35578.395,-35.987
35578.491,-35.88
35578.589,-35.98
35578.716,-35.967
35578.812,-35.953
35578.908,-36.04
35579.003,-35.96
35579.136,-36.0
35579.211,-35.913
35579.310,-35.973
35579.429,-36.0
35579.523,-35.88
35579.549,-35.98
35579.724,-35.98
35579.748,-35.933
35579.864,-36.013
35579.962,-35.907
35580.062,-35.94
35580.163,-35.98
35580.272,-35.94
35580.366,-35.947
35580.464,-35.933
35580.555,-35.92
35580.653,-36.033
35580.753,-35.907
35580.849,-35.94
35580.949,-35.973
35581.052,-35.933
35581.153,-35.793
35581.266,-35.913
35581.359,-36.027
35581.461,-35.96
35581.565,-35.94
35581.679,-35.88
35581.775,-35.92
35581.871,-35.947
35581.967,-36.06
35582.076,-36.007
35582.158,-35.92
35582.302,-35.867
35582.368,-35.9
35582.442,-36.06
35582.543,-35.887
35582.650,-35.933
35582.805,-35.947
35582.903,-36.027
35583.000,-36.013
35583.070,-36.007
35583.175,-36.053
35583.280,-35.953
35583.407,-35.953
35583.518,-35.947
35583.543,-35.947
35583.704,-35.82
35583.755,-35.933
35583.841,-35.933
35583.954,-35.907
35584.052,-36.04
35584.153,-36.087
35584.255,-36.02
35584.334,-35.88
35584.456,-35.927
35584.574,-36.007
35584.653,-35.947
35584.751,-35.993
35584.871,-35.947
35584.976,-35.933
35585.052,-35.967
35585.150,-35.96
35585.244,-35.98
35585.354,-36.0
35585.456,-35.967
35585.552,-35.987
35585.675,-36.0
35585.761,-36.027
35585.859,-36.013
35585.967,-35.927
35586.087,-35.893
35586.174,-35.933
35586.275,-35.967
35586.376,-35.873
35586.481,-35.987
35586.582,-35.907
35876.714,-35.987
35876.778,-36.053
35876.890,-36.007
35876.991,-35.873
35877.092,-35.933
35877.190,-35.9
35877.299,-35.88
35877.405,-35.973
35877.432,-35.92
35877.638,-36.053
35877.640,-35.973
35877.739,-35.987
35877.839,-36.067
35877.925,-35.96
35878.049,-35.913
35878.147,-35.933
35878.248,-35.953
35878.326,-36.027
35878.434,-36.107
35878.533,-35.993
35878.638,-35.893
35878.734,-35.94
35878.834,-35.973
35878.935,-35.98
35879.038,-36.013
35879.121,-35.927
35879.244,-36.0
35879.326,-35.96
35879.457,-36.053
35879.550,-36.027
35879.638,-35.773
35879.787,-35.887
35879.831,-35.953
35879.952,-35.987
35880.086,-35.96
35880.148,-35.887
35880.270,-35.94
35880.366,-35.967
35880.452,-35.94
35880.567,-36.02
35880.670,-35.94
35880.775,-35.947
35880.822,-35.867
35880.925,-35.88
35881.087,-35.933
35881.116,-35.887
35881.214,-35.9
35881.315,-35.967
35881.420,-36.073
35881.522,-35.987
35881.626,-35.893
35881.729,-35.973
35881.831,-35.907
35881.924,-35.84
35882.033,-36.0
35882.119,-35.953
35882.244,-35.86
35882.334,-35.887
35882.418,-35.873
35882.521,-35.86
35882.623,-35.947
35882.728,-36.06
35882.827,-35.793
35882.930,-35.9
35883.025,-36.0
35883.116,-36.02
35883.214,-35.993
35883.337,-35.96
35883.437,-35.933
35883.530,-35.967
35883.650,-36.067
35883.726,-35.867
35883.854,-35.78
35883.910,-35.907
35884.043,-35.94
35884.147,-36.013
35884.224,-35.94
35884.329,-35.867
35884.405,-35.9
35884.535,-35.973
35884.611,-36.007
35884.766,-35.98
35884.817,-35.847
35884.981,-35.907
35885.011,-36.013
35885.109,-36.013
35885.280,-35.887
35885.312,-35.98
35885.434,-35.993
35885.500,-35.96
35885.623,-35.993
35885.723,-35.873
35885.821,-35.993
35885.918,-35.94
35886.033,-35.873
35886.106,-35.833
35886.204,-35.953
35886.302,-35.847
35886.402,-35.82
35886.500,-35.88
35886.621,-35.86
35936.714,-36.0
35936.815,-35.967
35936.908,-35.913
35937.030,-36.04
35937.114,-35.927
35937.234,-35.953
35937.329,-35.96
35937.437,-35.88
35937.503,-36.033
35937.599,-36.093
35937.707,-36.027
35937.848,-35.953
35937.915,-35.893
35938.023,-35.92
35938.146,-35.867
35938.248,-36.113
35938.347,-36.0
35938.398,-36.027
35938.538,-35.973
35938.604,-35.94
35938.692,-36.073
35938.810,-35.86
35938.907,-35.96
35939.008,-35.913
35939.108,-35.927
35939.204,-35.987
35939.302,-36.013
35939.403,-35.893
35939.501,-35.993
35939.601,-35.953
35939.709,-35.96
35939.807,-36.033
35939.908,-35.947
35940.010,-36.013
35940.098,-36.0
35940.197,-35.953
35940.295,-35.86
35940.391,-35.847
35940.511,-35.913
35940.609,-35.84
35940.707,-35.927
35940.814,-35.907
35940.907,-36.033
35941.006,-35.96
35941.113,-35.9
35941.223,-36.027
35941.322,-35.987
35941.422,-35.913
35941.523,-35.947
35941.643,-35.967
35941.741,-35.88
35941.848,-35.947
35941.927,-35.927
35942.049,-36.053
35942.145,-36.007
35942.234,-35.953
35942.285,-35.92
35942.381,-36.107
35942.486,-36.02
35942.582,-35.987
35942.697,-35.86
35942.792,-36.06
35942.898,-35.973
35942.983,-35.98
35943.082,-36.007
35943.194,-35.967
35943.282,-35.873
35943.383,-35.973
35943.481,-36.007
35943.601,-35.973
35943.682,-35.967
35943.799,-35.973
35943.891,-35.96
35943.989,-36.047
35944.096,-35.987
35944.194,-35.993
35944.297,-35.88
35944.395,-35.973
35944.513,-35.98
35944.633,-35.833
35944.709,-36.0
35944.831,-35.867
35944.913,-35.86
35945.013,-35.887
35945.116,-35.94
35945.248,-36.06
35945.324,-35.867
35945.423,-36.12
35945.521,-36.08
35945.631,-36.08
35945.731,-35.947
35945.832,-36.007
35945.935,-35.88
35946.038,-35.907
35946.141,-36.0
35946.168,-36.033
35946.305,-35.933
35946.381,-35.993
35946.479,-36.0
35946.576,-35.933
35946.670,-35.967
35996.778,-35.947
35996.885,-35.933
35996.991,-35.98
35997.065,-35.98
35997.189,-35.967
35997.266,-35.887
35997.381,-35.92
35997.478,-35.793
35997.574,-36.033
35997.677,-35.98
35997.778,-35.913
35997.885,-35.933
35997.984,-36.02
35998.094,-35.913
35998.187,-36.013
35998.285,-36.08
35998.424,-35.913
35998.506,-35.987
35998.572,-36.013
35998.702,-35.993
35998.804,-35.94
35998.905,-35.96
35999.003,-35.947
35999.104,-35.967
35999.195,-35.947
35999.327,-35.987
35999.425,-35.98
35999.520,-35.907
35999.564,-36.027
35999.724,-35.927
35999.827,-35.973
35999.932,-35.94
36000.032,-35.96
36000.060,-35.9
36000.168,-35.993
36000.263,-35.92
36000.366,-35.987
36000.469,-36.02
36000.571,-35.947
36000.668,-36.033
36000.756,-35.927
36000.875,-35.973
36000.962,-36.067
36001.065,-35.9
36001.160,-36.02
36001.268,-35.927
36001.403,-35.987
36001.498,-35.993
36001.572,-35.96
36001.652,-36.04
36001.771,-35.993
36001.859,-35.987
36001.962,-36.0
36002.062,-35.807
36002.182,-35.987
36002.251,-35.987
36002.364,-36.04
36002.505,-35.947
36002.565,-35.82
36002.685,-35.92
36002.777,-35.933
36002.915,-35.98
36002.991,-36.007
36003.113,-35.847
36003.209,-36.053
36003.307,-36.073
36003.410,-36.053
36003.513,-35.993
36003.614,-36.08
36003.650,-36.04
36003.748,-35.947
36003.847,-35.987
36003.947,-35.987
36004.049,-35.847
36004.153,-35.9
36004.256,-35.947
36004.366,-35.913
36004.444,-35.953
36004.565,-35.933
36004.665,-35.853
36004.753,-35.9
36004.875,-35.933
36004.947,-35.927
36005.050,-35.94
36005.152,-35.847
36005.253,-35.987
36005.358,-35.827
36005.444,-35.993
36005.562,-35.893
36005.663,-35.853
36005.766,-35.847
36005.881,-35.9
36005.976,-35.893
36006.072,-36.027
36006.179,-35.993
36006.266,-35.9
36006.342,-35.9
36006.486,-35.9
36006.591,-35.98
36006.662,-35.933
36056.783,-35.927
36056.920,-36.007
36056.957,-36.06
36057.087,-36.033
36057.138,-36.04
36057.280,-36.007
36057.396,-36.053
36057.447,-35.96
36057.538,-36.027
36057.650,-35.973
36057.744,-35.933
36057.842,-35.96
36057.942,-36.047
36058.043,-36.027
36058.148,-36.0
36058.248,-35.987
36058.358,-35.967
36058.440,-35.893
36058.559,-36.033
36058.643,-35.94
36058.753,-35.92
36058.842,-35.933
36058.952,-35.947
36059.048,-35.907
36059.185,-35.927
36059.246,-35.973
36059.349,-35.947
36059.452,-35.887
36059.555,-36.087
36059.657,-35.96
36059.758,-36.0
36059.853,-35.98
36059.966,-35.913
36060.076,-35.893
36060.272,-35.907
36060.273,-35.873
36060.373,-35.967
36060.474,-35.96
36060.591,-35.887
36060.685,-35.873
36060.738,-35.953
36060.912,-36.013
36061.001,-35.993
36061.028,-35.887
36061.192,-35.887
36061.295,-36.093
36061.322,-36.08
36061.498,-36.053
36061.527,-35.973
36061.626,-35.947
36061.729,-35.933
36061.831,-35.94
36061.942,-36.0
36062.104,-36.013
36062.131,-36.073
36062.229,-35.967
36062.324,-35.94
36062.427,-36.087
36062.525,-36.053
36062.626,-35.933
36062.731,-35.993
36062.837,-35.847
36062.937,-35.973
36063.038,-36.04
36063.163,-35.96
36063.251,-36.0
36063.348,-35.967
36063.445,-35.88
36063.528,-35.98
36063.650,-35.92
36063.753,-35.947
36063.856,-35.92
36063.966,-36.1
36064.062,-35.933
36064.163,-35.907
36064.265,-36.133
36064.378,-36.02
36064.473,-35.993
36064.572,-36.027
36064.675,-35.84
36064.778,-35.987
36064.873,-35.967
36064.925,-35.9
36065.016,-35.96
36065.113,-36.06
36065.214,-36.0
36065.317,-36.1
36065.415,-35.967
36065.522,-35.98
36065.623,-35.933
36065.734,-35.907
36065.815,-35.987
36065.929,-36.047
36066.015,-36.033
36066.125,-35.98
36066.211,-35.9
36066.307,-35.9
36066.425,-36.02
36066.527,-35.887
36066.631,-36.047
36116.726,-35.953
36116.837,-35.953
36116.927,-35.973
36117.030,-36.02
36117.133,-35.9
36117.248,-36.033
36117.359,-35.927
36117.445,-35.967
36117.572,-35.96
36117.648,-35.947
36117.748,-35.953
36117.849,-36.033
36117.939,-35.913
36118.052,-35.92
36118.157,-35.94
36118.251,-35.933
36118.364,-35.953
36118.464,-35.913
36118.522,-35.96
36118.625,-35.94
36118.731,-35.907
36118.873,-35.933
36118.900,-36.0
36119.000,-35.893
36119.109,-36.0
36119.214,-35.933
36119.319,-35.96
36119.410,-36.013
36119.503,-35.907
36119.616,-35.993
36119.696,-35.873
36119.820,-36.02
36119.900,-35.96
36120.000,-36.013
36120.097,-35.96
36120.238,-36.16
36120.312,-35.993
36120.410,-35.913
36120.513,-35.993
36120.626,-36.013
36120.746,-36.007
36120.819,-35.96
36120.930,-35.953
36121.025,-35.927
36121.136,-35.84
36121.246,-35.86
36121.334,-35.847
36121.434,-35.987
36121.532,-35.98
36121.663,-35.787
36121.739,-36.007
36121.842,-35.973
36121.945,-36.06
36122.050,-35.96
36122.158,-35.907
36122.256,-35.927
36122.349,-35.993
36122.388,-36.02
36122.560,-35.867
36122.587,-35.913
36122.763,-36.0
36122.790,-35.92
36122.897,-36.013
36122.998,-36.02
36123.108,-35.967
36123.206,-35.967
36123.300,-36.007
36123.391,-36.013
36123.494,-35.987
36123.592,-36.067
36123.695,-35.913
36123.821,-35.847
36123.896,-35.953
36123.984,-35.907
36124.087,-35.913
36124.199,-35.947
36124.309,-35.907
36124.413,-35.933
36124.486,-36.007
36124.598,-36.027
36124.717,-35.893
36124.846,-36.133
36124.923,-36.047
36125.018,-36.053
36125.119,-36.093
36125.223,-35.98
36125.334,-35.92
36125.432,-35.967
36125.532,-35.9
36125.631,-35.9
36125.733,-36.04
36125.837,-35.833
36125.939,-35.92
36126.045,-35.973
36126.143,-36.02
36126.246,-35.993
36126.349,-36.06
36126.391,-36.087
36126.481,-36.1
36126.577,-36.053
36126.682,-35.953
36176.785,-36.067
36176.883,-35.967
36176.986,-35.847
36177.089,-35.893
36177.196,-35.907
36177.295,-35.92
36177.373,-35.973
36177.506,-35.96
36177.584,-36.0
36177.682,-35.933
36177.780,-35.96
36177.885,-35.927
36177.986,-35.96
36178.087,-35.967
36178.192,-36.033
36178.299,-36.113
36178.405,-35.893
36178.503,-35.967
36178.597,-35.953
36178.704,-35.913
36178.800,-35.973
36178.908,-35.9
36179.011,-36.027
36179.113,-36.02
36179.214,-35.927
36179.332,-35.927
36179.422,-35.813
36179.523,-35.927
36179.626,-36.007
36179.744,-35.933
36179.772,-35.96
36179.871,-35.82
36179.967,-35.973
36180.067,-35.993
36180.165,-35.927
36180.266,-36.007
36180.371,-35.947
36180.481,-35.933
36180.584,-36.02
36180.663,-35.947
36180.772,-35.973
36180.880,-36.007
36180.981,-36.007
36181.082,-35.973
36181.168,-35.947
36181.265,-35.933
36181.359,-35.973
36181.476,-35.887
36181.581,-35.993
36181.680,-36.013
36181.807,-36.06
36181.905,-35.98
36181.991,-35.927
36182.089,-35.94
36182.192,-35.84
36182.287,-35.94
36182.391,-35.973
36182.491,-35.867
36182.594,-35.96
36182.709,-35.907
36182.802,-36.007
36182.912,-35.96
36183.008,-35.893
36183.106,-35.867
36183.209,-35.987
36183.310,-35.98
36183.418,-35.853
36183.516,-35.907
36183.618,-35.993
36183.741,-35.88
36183.760,-36.02
36183.930,-35.933
36183.957,-35.947
36184.055,-35.987
36184.157,-36.0
36184.258,-35.927
36184.358,-35.967
36184.545,-35.873
36184.572,-35.92
36184.670,-35.833
36184.778,-35.98
36184.868,-35.947
36184.949,-35.967
36185.054,-35.92
36185.153,-36.007
36185.272,-36.013
36185.349,-35.987
36185.451,-35.947
36185.550,-35.853
36185.658,-35.813
36185.750,-35.973
36185.871,-35.967
36185.947,-35.993
36186.082,-36.013
36186.179,-36.013
36186.275,-36.007
36186.383,-36.04
36186.486,-35.887
36186.587,-35.973
36186.692,-35.833
36476.795,-35.933
36476.896,-35.847
36476.998,-35.88
36477.101,-35.907
36477.202,-35.78
36477.305,-35.9
36477.415,-35.98
36477.510,-36.027
36477.614,-35.973
36477.641,-36.04
36477.741,-35.9
36477.851,-36.02
36477.949,-35.927
36478.050,-35.92
36478.153,-35.98
36478.251,-36.033
36478.354,-35.913
36478.456,-36.047
36478.542,-35.94
36478.660,-35.96
36478.739,-35.893
36478.849,-35.94
36478.954,-35.993
36479.052,-36.033
36479.158,-35.973
36479.258,-35.98
36479.375,-35.893
36479.481,-36.147
36479.589,-35.993
36479.668,-35.967
36479.751,-36.0
36479.834,-35.867
36479.989,-35.98
36480.048,-36.093
36480.168,-35.94
36480.275,-35.98
36480.356,-35.96
36480.481,-35.967
36480.576,-35.967
36480.677,-35.953
36480.771,-35.953
36480.881,-35.973
36480.930,-35.8
36481.030,-35.987
36481.196,-35.887
36481.293,-35.913
36481.403,-35.947
36481.432,-35.96
36481.597,-35.987
36481.631,-36.0
36481.731,-36.0
36481.851,-36.1
36481.947,-36.04
36482.045,-35.893
36482.143,-35.993
36482.239,-36.127
36482.332,-35.98
36482.430,-35.967
36482.528,-35.94
36482.631,-35.893
36482.739,-35.947
36482.837,-36.087
36482.929,-35.867
36483.038,-35.933
36483.141,-35.94
36483.244,-36.0
36483.347,-35.88
36483.449,-35.96
36483.530,-35.987
36483.635,-35.953
36483.741,-35.953
36483.826,-35.96
36483.934,-35.927
36484.077,-35.867
36484.141,-35.927
36484.261,-36.053
36484.400,-35.993
36484.454,-35.987
36484.577,-35.807
36484.682,-36.0
36484.768,-35.967
36484.876,-36.013
36484.984,-35.967
36485.082,-35.873
36485.190,-35.96
36485.219,-35.987
36485.317,-35.927
36485.420,-35.953
36485.530,-36.067
36485.626,-35.84
36485.729,-35.98
36485.915,-36.04
36485.917,-36.067
36486.023,-36.02
36486.119,-36.027
36486.239,-35.967
36486.327,-35.907
36486.425,-35.947
36486.523,-36.0
36486.650,-36.033
36536.734,-35.94
36536.834,-35.887
36536.940,-35.873
36537.043,-35.887
36537.138,-35.98
36537.217,-35.987
36537.351,-35.893
36537.452,-35.88
36537.527,-36.047
36537.631,-36.06
36537.753,-35.86
36537.822,-36.007
36537.956,-36.027
36538.074,-36.013
36538.160,-35.9
36538.266,-35.887
36538.364,-35.847
36538.442,-35.84
36538.562,-35.927
36538.670,-35.987
36538.773,-35.907
36538.810,-35.953
36538.972,-35.967
36539.084,-35.933
36539.111,-36.047
36539.214,-35.86
36539.309,-35.907
36539.410,-36.04
36539.518,-35.92
36539.619,-35.96
36539.722,-35.933
36539.822,-36.053
36539.913,-35.98
36540.037,-36.013
36540.104,-36.113
36540.207,-36.067
36540.324,-35.867
36540.422,-36.067
36540.522,-36.007
36540.619,-35.98
36540.719,-35.953
36540.821,-36.107
36540.932,-35.953
36541.015,-36.093
36541.109,-36.033
36541.212,-36.04
36541.320,-35.967
36541.403,-35.927
36541.506,-36.0
36541.606,-35.913
36541.712,-35.927
36541.812,-35.933
36541.913,-35.82
36542.020,-35.967
36542.162,-36.013
36542.226,-35.947
36542.348,-35.873
36542.402,-35.953
36542.554,-35.987
36542.608,-36.007
36542.756,-35.987
36542.812,-36.073
36542.895,-36.033
36542.994,-35.993
36543.116,-35.867
36543.219,-35.987
36543.305,-35.92
36543.408,-36.033
36543.511,-35.993
36543.611,-35.98
36543.712,-35.947
36543.793,-35.913
36543.893,-35.973
36543.998,-35.873
36544.099,-36.007
36544.204,-36.107
36544.298,-36.113
36544.402,-35.92
36544.510,-35.92
36544.621,-35.867
36544.689,-35.907
36544.824,-36.047
36544.927,-35.893
36545.022,-36.013
36545.131,-35.92
36545.229,-35.88
36545.329,-36.013
36545.430,-35.98
36545.540,-35.813
36545.638,-35.94
36545.736,-35.94
36545.839,-35.9
36545.942,-36.013
36546.043,-35.84
36546.160,-35.967
36546.251,-35.987
36546.361,-36.0
36546.388,-35.94
36546.488,-35.947
36546.665,-35.84
36596.795,-36.053
36596.798,-36.053
36596.895,-35.967
36596.994,-36.02
36597.092,-35.953
36597.197,-35.94
36597.295,-35.94
36597.402,-36.013
36597.481,-35.98
36597.579,-35.933
36597.682,-36.013
36597.785,-35.92
36597.888,-35.973
36597.998,-35.967
36598.092,-36.107
36598.216,-35.953
36598.299,-35.96
36598.410,-35.993
36598.489,-35.973
36598.592,-35.92
36598.690,-35.853
36598.793,-35.947
36598.895,-35.907
36598.996,-35.92
36599.098,-36.067
36599.197,-35.913
36599.283,-35.94
36599.388,-36.007
36599.494,-35.973
36599.598,-35.92
36599.724,-35.867
36599.841,-35.94
36599.927,-36.007
36599.981,-36.0
36600.141,-35.893
36600.246,-35.953
36600.273,-35.993
36600.371,-36.013
36600.571,-35.953
36600.587,-35.88
36600.677,-36.047
36600.783,-35.913
36600.885,-35.927
36600.986,-35.92
36601.086,-36.0
36601.170,-35.933
36601.373,-35.9
36601.376,-35.953
36601.473,-35.887
36601.574,-35.827
36601.677,-35.96
36601.785,-36.053
36601.890,-35.853
36601.994,-35.893
36602.087,-36.0
36602.212,-35.88
36602.285,-35.993
36602.408,-35.927
36602.496,-36.04
36602.606,-36.113
36602.733,-36.013
36602.817,-35.987
36602.905,-35.907
36602.964,-35.94
36603.070,-35.933
36603.172,-35.933
36603.273,-35.907
36603.420,-35.933
36603.486,-35.913
36603.623,-35.993
36603.694,-35.927
36603.827,-35.987
36603.929,-35.933
36604.030,-35.867
36604.133,-35.953
36604.270,-36.047
36604.272,-35.96
36604.371,-35.993
36604.469,-36.027
36604.657,-35.94
36604.658,-35.853
36604.780,-35.96
36604.876,-35.913
36604.979,-35.933
36605.077,-35.893
36605.158,-35.953
36605.260,-35.96
36605.366,-35.987
36605.464,-35.933
36605.569,-36.033
36605.670,-35.98
36605.785,-36.047
36605.905,-36.013
36605.979,-35.947
36606.082,-36.053
36606.182,-35.853
36606.283,-35.86
36606.388,-36.02
36606.494,-35.973
36606.591,-36.047
36606.695,-35.873
36656.819,-35.887
36656.930,-36.0
36657.006,-35.86
36657.059,-35.96
36657.185,-36.06
36657.273,-35.96
36657.371,-35.927
36657.479,-35.987
36657.554,-36.04
36657.655,-35.927
36657.756,-36.04
36657.932,-35.94
36657.964,-35.933
36658.049,-36.007
36658.170,-35.98
36658.255,-36.007
36658.356,-36.06
36658.454,-35.987
36658.562,-35.987
36658.655,-36.0
36658.751,-35.913
36658.853,-35.88
36658.949,-36.0
36659.059,-35.907
36659.170,-36.04
36659.258,-35.967
36659.361,-35.967
36659.459,-36.033
36659.571,-35.873
36659.697,-36.04
36659.766,-35.92
36659.873,-35.987
36659.972,-35.927
36660.074,-35.887
36660.175,-35.973
36660.278,-35.92
36660.381,-35.987
36660.493,-36.0
36660.584,-35.773
36660.696,-35.933
36660.795,-35.94
36660.903,-35.893
36661.001,-36.0
36661.097,-35.967
36661.199,-35.96
36661.253,-35.867
36661.405,-36.06
36661.457,-36.067
36661.565,-35.993
36661.638,-35.96
36661.777,-35.96
36661.839,-35.98
36662.018,-35.987
36662.047,-35.987
36662.150,-35.893
36662.248,-35.947
36662.354,-35.933
36662.437,-35.96
36662.555,-35.9
36662.658,-35.987
36662.739,-35.947
36662.839,-35.973
36662.956,-35.933
36663.065,-35.94
36663.153,-35.773
36663.256,-36.013
36663.353,-35.987
36663.454,-35.947
36663.557,-35.893
36663.655,-35.893
36663.760,-35.94
36663.871,-35.96
36663.969,-35.96
36664.065,-36.033
36664.170,-35.813
36664.272,-36.007
36664.369,-36.027
36664.476,-35.833
36664.579,-35.927
36664.687,-35.893
36664.783,-35.987
36664.903,-35.893
36664.989,-35.84
36665.091,-35.913
36665.196,-36.04
36665.270,-35.987
36665.334,-35.947
36665.501,-35.907
36665.527,-35.907
36665.709,-35.953
36665.736,-35.907
36665.837,-35.993
36665.940,-35.947
36666.028,-35.907
36666.131,-35.967
36666.233,-35.933
36666.336,-35.86
36666.430,-35.98
36666.533,-35.967
36666.633,-35.92
36716.739,-35.947
36716.864,-35.873
36716.937,-36.073
36717.045,-36.0
36717.150,-35.98
36717.248,-35.933
36717.351,-35.807
36717.451,-35.833
36717.549,-36.013
36717.645,-36.007
36717.753,-35.967
36717.842,-35.84
36717.967,-35.953
36718.064,-35.907
36718.163,-35.953
36718.266,-35.973
36718.368,-35.887
36718.469,-35.96
36718.601,-35.973
36718.675,-36.0
36718.778,-35.96
36718.880,-35.967
36719.013,-35.993
36719.015,-36.053
36719.114,-35.973
36719.214,-35.973
36719.314,-36.047
36719.424,-35.993
36719.525,-36.0
36719.626,-35.94
36719.723,-36.027
36719.831,-36.073
36719.929,-35.96
36720.048,-35.86
36720.113,-35.98
36720.216,-35.98
36720.347,-35.96
36720.417,-35.98
36720.530,-35.967
36720.609,-36.073
36720.717,-35.92
36720.827,-36.02
36720.927,-35.993
36721.023,-35.9
36721.126,-35.967
36721.241,-35.96
36721.337,-35.96
36721.442,-35.993
36721.562,-35.813
36721.636,-36.04
36721.748,-36.033
36721.851,-35.96
36721.954,-36.013
36722.055,-35.82
36722.158,-36.02
36722.253,-35.987
36722.366,-35.907
36722.464,-35.94
36722.565,-35.98
36722.668,-35.92
36722.771,-36.02
36722.873,-36.06
36722.988,-36.013
36723.003,-35.913
36723.101,-35.967
36723.204,-36.08
36723.315,-35.967
36723.423,-36.04
36723.520,-36.04
36723.618,-35.867
36723.724,-35.993
36723.822,-36.04
36723.900,-35.98
36723.998,-35.953
36724.111,-35.867
36724.212,-35.873
36724.310,-35.973
36724.474,-35.92
36724.521,-35.96
36724.599,-35.88
36724.699,-36.067
36724.824,-36.007
36724.913,-35.92
36725.030,-35.967
36725.103,-35.853
36725.209,-36.027
36725.331,-35.94
36725.427,-35.967
36725.537,-35.987
36725.650,-35.947
36725.746,-35.98
36725.844,-35.913
36725.927,-35.893
36726.052,-36.047
36726.150,-35.94
36726.253,-35.94
36726.297,-35.987
36726.457,-35.887
36726.559,-35.947
36726.663,-35.927
36776.765,-35.953
36776.793,-35.913
36776.891,-35.973
36777.003,-35.873
36777.099,-35.973
36777.199,-36.02
36777.304,-35.947
36777.398,-35.967
36777.488,-35.94
36777.611,-35.987
36777.712,-35.853
36777.812,-35.967
36777.893,-36.013
36777.994,-35.96
36778.096,-35.987
36778.202,-36.053
36778.300,-35.913
36778.403,-36.0
36778.500,-35.927
36778.608,-36.0
36778.711,-35.98
36778.812,-35.84
36778.917,-36.053
36779.013,-35.973
36779.104,-35.9
36779.187,-35.933
36779.327,-35.813
36779.390,-35.827
36779.491,-36.02
36779.647,-35.96
36779.734,-36.013
36779.797,-35.9
36779.903,-35.94
36780.010,-35.927
36780.084,-35.993
36780.182,-35.993
36780.285,-35.9
36780.385,-35.987
36780.543,-35.92
36780.631,-35.947
36780.750,-35.967
36780.802,-35.927
36780.888,-35.927
36780.989,-36.047
36781.094,-35.933
36781.199,-35.973
36781.299,-35.98
36781.396,-35.993
36781.508,-35.913
36781.582,-36.0
36781.699,-35.967
36781.810,-35.88
36781.898,-35.9
36781.994,-35.947
36782.099,-35.94
36782.175,-35.9
36782.297,-35.94
36782.405,-35.82
36782.508,-35.987
36782.611,-35.96
36782.712,-35.88
36782.787,-36.0
36782.910,-35.827
36782.984,-35.9
36783.092,-35.98
36783.174,-36.0
36783.322,-36.013
36783.378,-35.907
36783.486,-35.813
36783.643,-35.933
36783.696,-35.973
36783.797,-35.98
36783.923,-36.053
36783.974,-35.86
36784.128,-35.933
36784.179,-35.987
36784.336,-35.927
36784.380,-35.953
36784.481,-35.927
36784.577,-35.98
36784.677,-35.9
36784.775,-35.927
36784.878,-35.993
36784.981,-35.927
36785.082,-35.987
36785.190,-35.92
36785.288,-35.987
36785.371,-35.993
36785.483,-35.9
36785.572,-35.907
36785.673,-35.947
36785.777,-36.0
36785.893,-35.94
36785.991,-36.04
36786.087,-35.813
36786.219,-35.84
36786.297,-36.053
36786.391,-35.993
36786.486,-35.96
36786.584,-35.807
36786.697,-35.98
37076.802,-35.987
37076.907,-36.013
37077.003,-35.94
37077.101,-35.96
37077.217,-35.947
37077.321,-35.96
37077.363,-35.98
37077.471,-35.867
37077.577,-35.86
37077.731,-35.873
37077.760,-35.967
37077.861,-36.007
37077.959,-36.033
37078.131,-35.98
37078.158,-35.86
37078.261,-35.913
37078.435,-35.993
37078.462,-35.987
37078.564,-36.047
37078.675,-36.06
37078.790,-35.987
37078.940,-35.953
37078.967,-35.9
37079.072,-36.02
37079.160,-35.913
37079.260,-35.913
37079.359,-35.913
37079.472,-35.973
37079.572,-35.947
37079.668,-35.92
37079.771,-35.913
37079.895,-35.953
37079.978,-35.94
37080.096,-36.073
37080.174,-36.1
37080.260,-35.907
37080.396,-36.0
37080.489,-36.013
37080.584,-35.96
37080.695,-35.98
37080.793,-35.853
37080.897,-36.0
37080.998,-36.04
37081.108,-36.02
37081.204,-35.88
37081.315,-35.813
37081.410,-35.913
37081.511,-36.053
37081.613,-35.947
37081.731,-35.987
37081.750,-35.94
37081.847,-36.033
37081.945,-35.993
37082.047,-35.82
37082.167,-36.0
37082.251,-35.867
37082.354,-35.967
37082.466,-35.933
37082.560,-35.953
37082.643,-35.953
37082.763,-35.9
37082.851,-35.893
37082.947,-36.013
37083.072,-35.94
37083.148,-35.873
37083.251,-35.9
37083.353,-35.92
37083.457,-35.847
37083.569,-35.933
37083.660,-35.88
37083.763,-35.953
37083.861,-35.933
37083.957,-35.987
37084.079,-36.04
37084.177,-35.987
37084.275,-36.033
37084.376,-36.027
37084.479,-35.973
37084.577,-35.973
37084.670,-35.987
37084.788,-36.087
37084.890,-36.08
37084.991,-35.867
37085.096,-36.027
37085.190,-35.987
37085.241,-36.04
37085.407,-36.08
37085.505,-35.867
37085.606,-35.973
37085.633,-36.067
37085.736,-35.927
37085.842,-35.867
37085.937,-35.987
37086.040,-35.887
37086.141,-36.007
37086.256,-36.093
37086.349,-36.0
37086.449,-35.967
37086.530,-35.833
37086.655,-36.093
37136.760,-36.08
37136.836,-36.087
37136.947,-36.067
37137.049,-35.92
37137.143,-36.013
37137.277,-36.013
37137.336,-36.007
37137.447,-35.947
37137.542,-35.993
37137.628,-35.913
37137.729,-35.847
37137.849,-35.913
37137.930,-35.967
37138.033,-35.82
37138.135,-35.793
37138.260,-36.0
37138.347,-35.94
37138.447,-36.013
37138.565,-35.98
37138.653,-35.933
37138.753,-35.967
37138.875,-35.967
37138.924,-35.933
37139.079,-35.907
37139.165,-35.9
37139.285,-35.973
37139.386,-35.913
37139.493,-35.947
37139.523,-35.98
37139.625,-35.9
37139.729,-35.867
37139.910,-35.9
37139.935,-35.9
37140.035,-36.093
37140.136,-35.88
37140.228,-35.933
37140.324,-35.953
37140.418,-35.973
37140.552,-36.007
37140.626,-35.96
37140.729,-35.9
37140.829,-35.973
37140.940,-35.933
37141.038,-36.073
37141.136,-35.893
37141.238,-35.727
37141.329,-35.927
37141.452,-36.02
37141.545,-36.027
37141.653,-36.013
37141.751,-35.887
37141.854,-35.96
37141.949,-35.967
37142.065,-36.027
37142.168,-35.9
37142.266,-35.94
37142.317,-35.927
37142.427,-36.067
37142.532,-36.02
37142.633,-36.047
37142.787,-35.88
37142.837,-35.86
37142.940,-36.007
37143.018,-35.98
37143.123,-36.0
37143.222,-35.907
37143.380,-36.02
37143.430,-35.853
37143.515,-35.933
37143.613,-35.94
37143.711,-36.007
37143.812,-35.927
37143.932,-35.84
37144.028,-35.9
37144.109,-35.947
37144.224,-35.913
37144.310,-35.933
37144.413,-35.94
37144.515,-36.0
37144.618,-36.06
37144.716,-35.993
37144.832,-35.867
37144.932,-36.007
37145.016,-36.033
37145.136,-35.953
37145.212,-35.927
37145.327,-35.907
37145.442,-35.947
37145.547,-35.94
37145.650,-35.953
37145.751,-35.893
37145.849,-35.873
37145.949,-35.947
37146.062,-36.067
37146.155,-36.0
37146.256,-36.047
37146.359,-35.907
37146.474,-35.993
37146.503,-36.007
37146.668,-36.033
37196.768,-36.02
37196.869,-36.08
37196.973,-35.98
37197.001,-35.893
37197.099,-35.967
37197.212,-35.98
37197.312,-35.96
37197.410,-35.887
37197.508,-35.78
37197.618,-35.973
37197.717,-35.927
37197.820,-36.067
37197.923,-35.9
37198.003,-35.9
37198.109,-36.033
37198.212,-35.96
37198.336,-35.893
37198.442,-35.947
37198.501,-35.927
37198.604,-35.967
37198.707,-35.913
37198.795,-35.993
37198.918,-35.967
37199.003,-35.907
37199.118,-36.107
37199.217,-36.02
37199.337,-35.947
37199.439,-35.96
37199.537,-35.893
37199.635,-35.973
37199.739,-35.887
37199.804,-35.973
37199.949,-36.027
37200.045,-35.967
37200.148,-36.0
37200.251,-36.033
37200.347,-35.94
37200.397,-35.873
37200.498,-35.94
37200.589,-36.04
37200.756,-35.953
37200.805,-35.907
37200.886,-35.9
37201.008,-35.993
37201.101,-36.0
37201.209,-35.92
37201.288,-35.927
37201.391,-36.013
37201.491,-36.06
37201.599,-35.96
37201.702,-36.053
37201.804,-36.093
37201.883,-36.067
37201.989,-36.0
37202.084,-35.867
37202.206,-36.033
37202.322,-35.953
37202.383,-35.973
37202.506,-36.073
37202.604,-35.96
37202.702,-35.92
37202.793,-36.027
37202.915,-35.933
37203.011,-35.9
37203.116,-36.0
37203.211,-35.847
37203.307,-36.007
37203.415,-35.967
37203.511,-35.933
37203.631,-35.927
37203.684,-35.827
37203.826,-35.887
37203.920,-35.88
37204.040,-35.953
37204.148,-35.967
37204.199,-35.813
37204.275,-35.947
37204.378,-36.053
37204.481,-36.007
37204.586,-36.1
37204.695,-35.847
37204.821,-35.973
37204.885,-35.88
37204.994,-35.96
37205.087,-36.12
37205.185,-36.067
37205.282,-35.92
37205.397,-35.867
37205.476,-35.88
37205.574,-35.92
37205.680,-35.993
37205.793,-36.007
37205.890,-35.98
37205.986,-36.013
37206.099,-36.013
37206.196,-36.0
37206.293,-35.873
37206.398,-36.013
37206.505,-36.027
37206.572,-35.913
37256.723,-35.98
37256.809,-35.867
37256.903,-35.9
37257.008,-35.973
37257.087,-35.933
37257.207,-35.967
37257.275,-35.92
37257.418,-35.887
37257.525,-36.04
37257.623,-35.927
37257.724,-35.94
37257.849,-35.867
37257.925,-35.887
37258.032,-35.873
37258.136,-35.953
37258.241,-36.027
37258.268,-35.987
37258.364,-35.927
37258.486,-35.94
37258.582,-36.0
37258.680,-35.973
37258.783,-35.993
37258.864,-35.92
37258.971,-35.913
37259.074,-35.947
37259.175,-35.92
37259.293,-35.987
37259.373,-36.02
37259.498,-35.993
37259.577,-36.053
37259.660,-35.927
37259.775,-36.0
37259.883,-35.94
37259.981,-35.933
37260.074,-35.98
37260.177,-35.913
37260.293,-35.973
37260.396,-35.873
37260.491,-35.953
37260.592,-36.0
37260.696,-36.053
37260.810,-35.953
37260.905,-35.807
37261.006,-35.913
37261.103,-35.993
37261.201,-36.06
37261.309,-35.973
37261.412,-35.847
37261.516,-35.953
37261.616,-35.953
37261.719,-36.053
37261.831,-35.987
37261.866,-35.873
37262.025,-35.907
37262.054,-35.893
37262.233,-35.9
37262.255,-35.88
37262.356,-36.013
37262.459,-36.02
37262.560,-35.933
37262.668,-35.987
37262.771,-35.96
37262.854,-35.967
37262.969,-35.9
37263.060,-35.973
37263.152,-35.94
37263.253,-36.047
37263.356,-35.973
37263.471,-35.913
37263.555,-35.887
37263.652,-36.053
37263.758,-35.98
37263.869,-35.973
37263.971,-35.927
37264.072,-35.947
37264.209,-36.0
37264.268,-36.007
37264.388,-36.013
37264.481,-35.86
37264.579,-35.913
37264.687,-36.033
37264.807,-35.84
37264.905,-35.967
37265.003,-36.027
37265.101,-35.933
37265.172,-36.027
37265.305,-35.927
37265.405,-36.0
37265.516,-36.027
37265.611,-35.933
37265.712,-35.9
37265.741,-35.98
37265.908,-35.987
37265.952,-35.947
37266.050,-35.9
37266.150,-35.973
37266.251,-35.847
37266.361,-35.96
37266.454,-35.913
37266.559,-35.933
37266.641,-35.913
37316.761,-35.947
37316.839,-36.073
37316.942,-35.967
37317.055,-35.973
37317.145,-35.907
37317.239,-35.987
37317.376,-36.0
37317.461,-35.973
37317.555,-35.92
37317.663,-36.013
37317.744,-35.987
37317.861,-35.927
37317.940,-35.993
37318.072,-36.04
37318.177,-35.973
37318.273,-35.9
37318.375,-36.02
37318.454,-35.827
37318.545,-35.88
37318.648,-35.927
37318.760,-35.88
37318.893,-36.007
37318.989,-35.987
37319.033,-35.973
37319.136,-35.873
37319.288,-35.867
37319.388,-35.893
37319.440,-36.0
37319.535,-35.847
37319.630,-36.04
37319.800,-36.007
37319.832,-35.953
37319.951,-35.953
37320.047,-35.907
37320.141,-35.953
37320.241,-35.94
37320.344,-35.893
37320.447,-35.92
37320.547,-36.047
37320.626,-36.04
37320.731,-35.94
37320.832,-35.953
37320.934,-35.913
37321.055,-36.0
37321.140,-35.947
37321.248,-36.0
37321.344,-35.947
37321.466,-35.933
37321.548,-35.993
37321.650,-36.007
37321.753,-35.96
37321.856,-35.887
37321.959,-35.913
37322.079,-35.98
37322.155,-36.067
37322.266,-36.053
37322.385,-36.0
37322.481,-35.98
37322.572,-35.947
37322.631,-36.053
37322.778,-35.96
37322.839,-35.993
37322.940,-35.98
37323.045,-35.887
37323.155,-35.947
37323.304,-35.967
37323.332,-35.973
37323.435,-35.867
37323.518,-36.06
37323.626,-35.947
37323.734,-36.0
37323.832,-36.027
37323.932,-36.013
37324.040,-36.0
37324.138,-36.107
37324.239,-36.0
37324.418,-36.06
37324.420,-36.027
37324.528,-35.94
37324.621,-36.007
37324.751,-36.007
37324.826,-36.013
37324.927,-35.953
37325.038,-35.84
37325.141,-35.933
37325.239,-35.933
37325.369,-36.047
37325.467,-35.973
37325.543,-36.04
37325.653,-35.96
37325.751,-35.94
37325.875,-35.847
37325.951,-35.973
37326.055,-36.0
37326.155,-35.98
37326.266,-35.78
37326.368,-35.9
37326.464,-36.0
37326.518,-36.06
37326.616,-35.92
37376.724,-35.873
37376.871,-35.947
37376.976,-35.987
37377.040,-35.98
37377.114,-35.987
37377.212,-35.88
37377.326,-35.96
37377.413,-35.927
37377.511,-35.913
37377.616,-35.973
37377.712,-36.033
37377.824,-35.967
37377.920,-35.947
37378.037,-36.04
37378.113,-35.967
37378.209,-35.993
37378.307,-36.08
37378.408,-35.987
37378.516,-36.027
37378.614,-36.04
37378.717,-35.933
37378.820,-35.827
37378.927,-35.94
37379.033,-36.0
37379.138,-35.927
37379.229,-35.947
37379.324,-35.887
37379.432,-35.8
37379.552,-35.96
37379.648,-35.907
37379.746,-35.933
37379.847,-35.92
37379.946,-35.853
37380.048,-35.847
37380.150,-35.933
37380.241,-35.893
37380.354,-35.773
37380.459,-35.927
37380.560,-35.947
37380.652,-36.033
37380.704,-35.987
37380.800,-35.913
37380.903,-35.853
37381.001,-35.887
37381.099,-35.907
37381.199,-35.88
37381.297,-35.967
37381.412,-35.993
37381.511,-36.02
37381.609,-35.953
37381.712,-36.02
37381.802,-35.967
37381.900,-35.933
37382.001,-35.987
37382.101,-35.947
37382.214,-35.92
37382.293,-35.92
37382.393,-35.92
37382.506,-36.02
37382.604,-35.967
37382.719,-35.953
37382.822,-36.013
37382.900,-35.96
37383.025,-36.027
37383.128,-35.96
37383.226,-35.933
37383.334,-35.927
37383.430,-36.0
37383.552,-36.013
37383.660,-35.993
37383.736,-35.933
37383.837,-35.92
37383.915,-35.953
37384.050,-35.967
37384.148,-35.947
37384.246,-35.9
37384.354,-36.0
37384.452,-36.047
37384.554,-36.04
37384.655,-35.993
37384.697,-35.887
37384.793,-35.953
37384.891,-35.907
37384.989,-35.973
37385.092,-36.0
37385.196,-35.993
37385.304,-36.047
37385.388,-36.047
37385.501,-35.953
37385.601,-36.02
37385.702,-35.96
37385.799,-35.88
37385.893,-36.107
37385.986,-35.98
37386.089,-35.833
37386.192,-35.96
37386.295,-35.893
37386.398,-35.98
37386.488,-36.02
37386.592,-35.953
37386.695,-35.987
37676.799,-35.947
37676.900,-35.827
37677.000,-35.973
37677.089,-35.973
37677.223,-35.927
37677.310,-35.887
37677.410,-35.94
37677.508,-35.967
37677.608,-35.967
37677.721,-35.947
37677.822,-35.887
37677.925,-35.987
37678.028,-35.953
37678.079,-36.02
37678.175,-35.973
37678.273,-35.853
37678.373,-35.9
37678.472,-35.853
37678.650,-36.007
37678.694,-35.92
37678.782,-35.953
37678.885,-35.953
37678.981,-35.987
37679.089,-35.967
37679.192,-36.013
37679.290,-36.0
37679.390,-35.887
37679.474,-35.913
37679.572,-35.9
37679.673,-35.933
37679.797,-35.853
37679.910,-35.86
37679.984,-36.02
37680.084,-36.033
37680.209,-35.987
37680.288,-36.027
37680.398,-35.927
37680.500,-36.007
37680.601,-35.94
37680.704,-36.067
37680.809,-35.907
37680.903,-35.813
37681.013,-35.98
37681.067,-35.987
37681.170,-35.88
37681.312,-35.987
37681.378,-35.88
37681.486,-35.927
37681.633,-35.94
37681.728,-35.987
37681.824,-35.96
37681.918,-36.093
37682.045,-35.847
37682.074,-35.94
37682.231,-35.94
37682.261,-36.02
37682.369,-35.98
37682.476,-36.007
37682.572,-35.927
37682.670,-35.94
37682.783,-35.913
37682.875,-36.04
37682.976,-36.04
37683.077,-35.92
37683.177,-36.087
37683.282,-35.993
37683.369,-35.913
37683.471,-35.893
37683.565,-35.787
37683.667,-35.913
37683.770,-35.987
37683.883,-35.907
37683.979,-35.96
37684.077,-35.927
37684.179,-35.907
37684.287,-35.993
37684.393,-36.053
37684.489,-36.06
37684.587,-35.96
37684.692,-35.94
37684.793,-35.9
37684.895,-35.927
37685.008,-36.007
37685.062,-35.953
37685.163,-35.887
37685.266,-36.013
37685.369,-35.967
37685.472,-36.02
37685.579,-35.993
37685.721,-35.867
37685.787,-36.013
37685.913,-35.947
37685.967,-35.88
37686.069,-35.947
37686.158,-36.04
37686.256,-35.933
37686.354,-35.9
37686.457,-35.92
37686.554,-35.987
37686.652,-36.047
37736.780,-35.893
37736.849,-35.933
37736.961,-36.04
37737.052,-36.0
37737.150,-36.02
37737.258,-36.02
37737.356,-36.0
37737.449,-35.953
37737.560,-36.013
37737.662,-35.913
37737.758,-35.967
37737.880,-35.953
37737.967,-36.06
37738.074,-35.88
37738.206,-35.913
37738.293,-35.953
37738.378,-36.0
37738.498,-35.993
37738.616,-35.873
37738.699,-36.02
37738.795,-35.853
37738.923,-35.987
37738.981,-35.967
37739.094,-36.047
37739.197,-35.973
37739.300,-35.84
37739.407,-35.847
37739.505,-35.94
37739.606,-35.96
37739.719,-36.007
37739.741,-35.893
37739.839,-35.833
37739.939,-35.88
37740.045,-36.007
37740.153,-36.093
37740.251,-36.067
37740.348,-36.053
37740.456,-35.993
37740.555,-36.0
37740.638,-35.987
37740.736,-35.947
37740.844,-35.92
37740.944,-36.027
37741.042,-35.933
37741.141,-35.853
37741.244,-35.9
37741.347,-35.913
37741.481,-35.92
37741.562,-35.967
37741.655,-35.947
37741.775,-35.98
37741.859,-35.82
37741.969,-35.88
37742.064,-36.02
37742.192,-35.987
37742.292,-35.893
37742.383,-35.993
37742.481,-35.913
37742.603,-35.847
37742.679,-35.927
37742.783,-35.973
37742.883,-35.873
37742.979,-35.947
37743.071,-35.953
37743.190,-35.933
37743.288,-35.867
37743.397,-35.913
37743.439,-35.933
37743.599,-36.073
37743.630,-35.94
37743.728,-36.0
37743.832,-35.947
37743.930,-35.92
37744.033,-35.94
37744.128,-35.927
37744.246,-35.96
37744.344,-35.987
37744.447,-36.06
37744.528,-35.913
37744.626,-36.0
37744.726,-36.007
37744.827,-35.96
37744.934,-36.007
37745.052,-35.913
37745.153,-35.96
37745.231,-35.907
37745.341,-35.987
37745.427,-35.853
37745.532,-35.92
37745.648,-36.0
37745.756,-35.933
37745.824,-35.96
37745.935,-36.0
37746.035,-35.887
37746.153,-35.947
37746.261,-35.947
37746.380,-35.953
37746.447,-35.96
37746.579,-35.96
37746.674,-35.967
37796.775,-36.02
37796.886,-35.967
37796.981,-35.92
37797.067,-35.927
37797.116,-35.933
37797.285,-35.9
37797.388,-35.887
37797.491,-35.993
37797.520,-36.0
37797.618,-35.973
37797.719,-35.98
37797.829,-35.953
37797.930,-35.973
37798.028,-36.027
37798.130,-35.96
37798.216,-36.073
37798.312,-35.887
37798.412,-35.94
37798.513,-36.013
37798.626,-36.06
37798.721,-36.06
37798.822,-35.94
37798.930,-35.933
37799.028,-35.967
37799.130,-35.827
37799.228,-35.987
37799.368,-35.973
37799.437,-36.087
37799.547,-36.033
37799.655,-35.913
37799.756,-35.86
37799.854,-35.993
37799.929,-35.94
37800.052,-35.947
37800.119,-35.893
37800.221,-35.933
37800.327,-36.013
37800.432,-35.967
37800.540,-36.007
37800.658,-35.96
37800.790,-35.927
37800.871,-36.087
37800.966,-35.96
37801.015,-35.98
37801.113,-35.947
37801.219,-35.92
37801.315,-35.96
37801.413,-35.96
37801.501,-36.027
37801.606,-35.973
37801.702,-35.987
37801.822,-35.96
37801.898,-35.953
37802.021,-35.893
37802.101,-36.0
37802.214,-35.947
37802.307,-35.933
37802.408,-35.987
37802.508,-35.973
37802.626,-35.933
37802.748,-35.893
37802.822,-35.92
37802.923,-35.987
37803.052,-35.993
37803.133,-35.92
37803.234,-35.96
37803.327,-35.94
37803.440,-35.833
37803.535,-35.907
37803.635,-35.92
37803.739,-35.853
37803.841,-35.947
37803.917,-35.787
37804.052,-35.84
37804.155,-35.887
37804.251,-35.947
37804.351,-35.887
37804.486,-35.953
37804.560,-36.033
37804.660,-35.953
37804.785,-35.967
37804.802,-35.967
37804.973,-35.913
37805.001,-36.007
37805.099,-35.947
37805.224,-36.073
37805.298,-36.0
37805.400,-35.967
37805.523,-36.047
37805.609,-35.867
37805.709,-35.967
37805.810,-36.06
37805.890,-35.98
37805.994,-35.973
37806.092,-36.02
37806.189,-35.8
37806.300,-35.933
37806.400,-35.96
37806.501,-35.973
37806.599,-36.073
37856.714,-35.98
37856.815,-35.953
37856.913,-35.987
37856.989,-36.027
37857.123,-36.013
37857.222,-36.007
37857.298,-36.0
37857.429,-35.967
37857.527,-35.9
37857.636,-35.987
37857.763,-35.833
37857.837,-35.887
37857.935,-35.94
37858.040,-35.947
37858.141,-35.913
37858.192,-35.88
37858.347,-36.027
37858.407,-36.013
37858.486,-35.993
37858.587,-36.0
37858.696,-35.973
37858.782,-35.933
37858.897,-35.98
37858.988,-35.967
37859.087,-36.013
37859.197,-35.94
37859.295,-36.1
37859.466,-35.967
37859.489,-36.047
37859.587,-35.96
37859.679,-35.98
37859.780,-35.973
37859.876,-35.993
37859.976,-35.88
37860.094,-35.973
37860.190,-35.927
37860.300,-35.973
37860.403,-35.987
37860.500,-36.007
37860.592,-35.973
37860.711,-35.987
37860.915,-35.88
37860.918,-36.0
37861.035,-36.033
37861.119,-35.967
37861.216,-35.953
37861.315,-35.953
37861.402,-35.92
37861.518,-35.96
37861.623,-35.947
37861.726,-35.933
37861.771,-36.007
37861.923,-35.727
37862.033,-35.98
37862.145,-35.96
37862.179,-35.913
37862.270,-35.907
37862.368,-35.92
37862.472,-35.9
37862.572,-35.933
37862.672,-35.98
37862.772,-35.847
37862.873,-36.04
37862.986,-35.867
37863.087,-36.027
37863.182,-35.94
37863.288,-35.993
37863.393,-35.947
37863.476,-35.893
37863.581,-35.88
37863.670,-35.893
37863.766,-35.947
37863.876,-35.967
37863.978,-35.953
37864.082,-36.047
37864.179,-35.993
37864.277,-36.007
37864.386,-35.927
37864.483,-35.847
37864.577,-36.0
37864.711,-35.76
37864.783,-35.827
37864.902,-35.84
37864.998,-35.98
37865.089,-35.947
37865.212,-35.98
37865.309,-35.967
37865.407,-35.927
37865.513,-35.913
37865.611,-35.933
37865.702,-35.993
37865.812,-35.873
37865.923,-35.933
37866.018,-36.027
37866.071,-36.127
37866.224,-35.88
37866.275,-35.86
37866.368,-35.933
37866.466,-35.827
37866.574,-35.853
37866.674,-35.827
37916.768,-36.007
37916.866,-36.087
37916.957,-35.967
37917.052,-35.98
37917.174,-35.86
37917.256,-35.86
37917.376,-35.92
37917.452,-35.967
37917.550,-36.007
37917.655,-35.88
37917.763,-35.907
37917.861,-35.92
37917.967,-35.887
37918.070,-35.96
37918.170,-35.993
37918.253,-35.9
37918.383,-35.88
37918.462,-36.0
37918.584,-35.987
37918.687,-35.8
37918.795,-35.913
37918.893,-35.993
37918.989,-36.053
37919.082,-35.94
37919.185,-35.827
37919.305,-35.953
37919.402,-35.98
37919.498,-35.887
37919.601,-35.92
37919.652,-35.92
37919.744,-35.907
37919.856,-35.96
37919.954,-35.907
37920.059,-35.927
37920.147,-35.933
37920.246,-36.0
37920.347,-35.967
37920.447,-36.0
37920.548,-35.913
37920.658,-36.067
37920.756,-35.953
37920.851,-35.913
37920.957,-36.007
37921.052,-36.013
37921.150,-35.947
37921.248,-35.847
37921.359,-35.933
37921.457,-35.887
37921.559,-35.88
37921.662,-35.96
37921.746,-35.993
37921.849,-35.927
37921.956,-36.0
37922.059,-36.02
37922.145,-35.96
37922.273,-36.0
37922.369,-35.953
37922.496,-35.913
37922.567,-35.94
37922.674,-35.927
37922.817,-36.02
37922.890,-35.953
37923.022,-35.913
37923.094,-35.973
37923.207,-35.933
37923.302,-35.96
37923.398,-35.94
37923.501,-35.827
37923.601,-36.033
37923.706,-35.927
37923.734,-35.96
37923.832,-35.873
37923.942,-35.887
37924.043,-35.86
37924.138,-35.933
37924.320,-35.98
37924.348,-35.993
37924.447,-36.013
37924.549,-35.987
37924.633,-35.987
37924.738,-35.94
37924.866,-35.907
37924.940,-35.853
37925.069,-35.967
37925.148,-35.94
37925.275,-35.887
37925.369,-35.92
37925.457,-35.893
37925.533,-35.9
37925.633,-35.973
37925.734,-35.9
37925.842,-35.953
37925.946,-35.88
37926.048,-35.993
37926.126,-35.927
37926.231,-36.027
37926.342,-35.973
37926.472,-35.853
37926.577,-35.967
37926.675,-36.02
37976.773,-36.02
37976.881,-35.947
37976.983,-35.967
37977.084,-36.007
37977.204,-35.9
37977.266,-35.907
37977.391,-36.073
37977.496,-36.027
37977.523,-35.913
37977.638,-35.947
37977.739,-36.033
37977.834,-35.96
37977.939,-36.02
37978.033,-35.953
37978.131,-35.967
37978.236,-35.927
37978.337,-36.027
37978.425,-35.907
37978.522,-35.973
37978.619,-35.913
37978.724,-35.947
37978.824,-35.98
37978.927,-35.953
37979.043,-35.933
37979.133,-35.94
37979.231,-35.887
37979.347,-36.033
37979.454,-36.013
37979.554,-35.973
37979.650,-35.947
37979.748,-35.913
37979.849,-35.993
37979.952,-35.94
37980.055,-36.053
37980.145,-36.007
37980.260,-36.0
37980.322,-35.86
37980.424,-35.96
37980.557,-35.973
37980.631,-35.953
37980.738,-35.96
37980.814,-35.987
37980.972,-36.053
37981.071,-35.927
37981.173,-35.953
37981.292,-36.02
37981.320,-36.007
37981.415,-35.947
37981.521,-35.973
37981.614,-35.873
37981.729,-35.893
37981.824,-36.06
37981.922,-35.987
37982.025,-35.947
37982.128,-35.953
37982.233,-35.973
37982.307,-35.92
37982.418,-35.933
37982.520,-36.033
37982.616,-35.88
37982.719,-35.853
37982.827,-35.887
37982.929,-35.953
37983.023,-35.98
37983.128,-36.0
37983.239,-35.86
37983.339,-36.04
37983.452,-35.953
37983.535,-35.94
37983.657,-35.92
37983.741,-35.873
37983.819,-35.94
37983.903,-36.0
37984.008,-35.947
37984.108,-35.873
37984.212,-35.86
37984.317,-35.833
37984.418,-35.933
37984.530,-35.887
37984.603,-35.88
37984.753,-35.92
37984.805,-35.773
37984.969,-35.953
37984.998,-35.933
37985.175,-36.0
37985.207,-35.893
37985.315,-35.98
37985.410,-35.953
37985.511,-35.907
37985.702,-35.867
37985.704,-36.007
37985.798,-35.993
37985.895,-36.08
37986.025,-35.907
37986.094,-35.967
37986.199,-36.027
37986.302,-35.927
37986.408,-35.86
37986.508,-35.873
37986.609,-36.02
35876.712,-35.98
35876.812,-35.88
35876.915,-36.013
35877.016,-35.987
35877.126,-35.98
35877.219,-35.94
35877.324,-35.947
35877.427,-35.913
35877.540,-36.013
35877.635,-35.847
35877.734,-35.947
35877.831,-35.993
35877.910,-35.94
35878.049,-35.867
35878.099,-35.753
35878.206,-36.013
35878.305,-36.02
35878.405,-35.993
35878.513,-35.9
35878.597,-35.893
35878.699,-36.007
35878.797,-35.927
35878.900,-35.98
35878.989,-35.967
35879.160,-35.86
35879.187,-35.927
35879.307,-36.033
35879.400,-36.04
35879.498,-35.953
35879.594,-36.007
35879.697,-35.973
35879.785,-35.94
35879.886,-35.893
35880.003,-36.02
35880.111,-35.913
35880.201,-35.88
35880.305,-36.0
35880.400,-35.973
35880.510,-35.887
35880.611,-35.96
35880.709,-35.987
35880.815,-35.92
35880.918,-36.033
35881.021,-35.92
35881.118,-35.973
35881.217,-35.86
35881.319,-35.9
35881.423,-35.853
35881.538,-35.933
35881.626,-36.02
35881.729,-35.92
35881.826,-35.987
35881.903,-35.927
35882.037,-35.96
35882.138,-35.913
35882.239,-35.847
35882.342,-36.107
35882.446,-35.973
35882.548,-35.953
35882.577,-35.98
35882.673,-35.967
35882.777,-35.927
35882.888,-36.067
35883.057,-36.013
35883.094,-35.9
35883.190,-35.947
35883.288,-35.913
35883.375,-35.933
35883.494,-35.933
35883.571,-35.987
35883.675,-35.94
35883.785,-35.9
35883.885,-35.953
35883.981,-35.967
35884.111,-35.907
35884.185,-35.9
35884.288,-35.933
35884.375,-35.84
35884.476,-35.953
35884.584,-35.94
35884.707,-35.947
35884.773,-35.973
35884.876,-36.073
35884.998,-35.94
35885.108,-35.973
35885.212,-36.033
35885.319,-35.967
35885.415,-35.953
35885.518,-35.967
35885.623,-35.88
35885.729,-35.887
35885.824,-35.96
35885.923,-36.04
35886.042,-35.893
35886.072,-35.913
35886.174,-36.007
35886.278,-35.993
35886.447,-35.813
35886.474,-35.933
35886.571,-35.86
35886.685,-35.927
35936.773,-35.913
35936.876,-35.887
35936.974,-35.9
35937.077,-35.94
35937.174,-36.053
35937.266,-35.96
35937.359,-35.913
35937.464,-36.093
35937.565,-36.013
35937.668,-35.973
35937.787,-35.953
35937.878,-36.02
35937.984,-35.893
35938.079,-35.913
35938.199,-36.047
35938.290,-35.927
35938.388,-35.973
35938.494,-35.967
35938.589,-35.953
35938.670,-35.853
35938.777,-35.88
35938.859,-35.86
35938.964,-35.927
35939.065,-35.913
35939.172,-35.853
35939.300,-36.04
35939.398,-35.947
35939.511,-35.86
35939.623,-35.947
35939.716,-35.76
35939.812,-36.047
35939.920,-35.953
35940.010,-36.073
35940.128,-36.027
35940.157,-35.913
35940.255,-35.92
35940.359,-35.933
35940.459,-35.947
35940.559,-36.04
35940.660,-35.98
35940.765,-35.853
35940.871,-35.893
35940.969,-35.887
35941.050,-36.047
35941.163,-35.933
35941.263,-36.013
35941.359,-35.913
35941.461,-35.967
35941.559,-35.933
35941.662,-35.967
35941.773,-35.913
35941.871,-35.993
35941.967,-35.907
35942.089,-35.98
35942.163,-35.907
35942.288,-35.813
35942.383,-35.947
35942.462,-35.953
35942.584,-35.827
35942.643,-35.933
35942.746,-35.787
35942.851,-35.993
35942.957,-35.993
35943.062,-35.967
35943.167,-35.92
35943.299,-35.827
35943.342,-35.893
35943.503,-35.887
35943.598,-35.94
35943.709,-35.927
35943.805,-35.907
35943.905,-35.96
35943.957,-35.92
35944.055,-35.933
35944.148,-35.94
35944.246,-35.887
35944.349,-35.927
35944.440,-36.087
35944.560,-35.98
35944.660,-35.96
35944.768,-35.96
35944.837,-35.813
35944.940,-36.013
35945.040,-36.02
35945.143,-35.953
35945.244,-35.987
35945.348,-35.96
35945.459,-35.86
35945.560,-35.947
35945.660,-35.94
35945.765,-36.027
35945.871,-35.913
35945.969,-35.867
35946.098,-35.953
35946.170,-35.893
35946.260,-35.867
35946.381,-36.0
35946.476,-35.787
35946.577,-35.98
35946.679,-35.913
35996.783,-36.0
35996.881,-35.993
35996.986,-35.8
35997.087,-35.953
35997.199,-35.94
35997.293,-35.907
35997.408,-35.807
35997.437,-35.953
35997.535,-35.967
35997.630,-35.967
35997.731,-35.92
35997.837,-35.94
35997.940,-35.913
35998.038,-35.813
35998.143,-35.953
35998.243,-36.013
35998.344,-36.067
35998.444,-35.9
35998.533,-35.887
35998.658,-35.967
35998.729,-36.1
35998.832,-36.133
35998.932,-35.98
35999.035,-35.927
35999.136,-35.927
35999.248,-36.0
35999.342,-35.927
35999.437,-35.973
35999.545,-35.907
35999.660,-35.933
35999.756,-35.94
35999.854,-35.987
35999.964,-35.88
36000.060,-35.827
36000.145,-36.013
36000.226,-35.933
36000.327,-35.907
36000.427,-35.947
36000.538,-35.82
36000.690,-35.913
36000.741,-36.04
36000.851,-35.953
36000.972,-35.833
36001.060,-35.827
36001.184,-35.9
36001.282,-36.1
36001.331,-36.0
36001.483,-35.927
36001.535,-35.933
36001.621,-35.947
36001.719,-35.927
36001.817,-35.9
36001.920,-36.02
36002.016,-35.987
36002.119,-35.847
36002.217,-35.933
36002.319,-35.967
36002.415,-35.973
36002.528,-35.927
36002.626,-35.953
36002.729,-36.0
36002.827,-35.98
36002.925,-35.84
36003.035,-35.96
36003.140,-35.927
36003.231,-35.86
36003.334,-35.947
36003.442,-35.953
36003.538,-35.947
36003.648,-35.873
36003.744,-35.847
36003.848,-36.013
36003.954,-35.98
36004.050,-35.92
36004.153,-35.907
36004.256,-35.867
36004.390,-35.807
36004.464,-35.967
36004.564,-35.947
36004.667,-35.867
36004.707,-35.893
36004.873,-35.78
36004.974,-35.8
36005.074,-36.027
36005.179,-35.92
36005.288,-35.9
36005.386,-35.94
36005.424,-35.913
36005.511,-35.993
36005.609,-35.933
36005.714,-35.913
36005.817,-35.967
36005.910,-35.92
36006.023,-35.893
36006.119,-35.953
36006.207,-36.053
36006.304,-36.0
36006.424,-35.893
36006.528,-35.953
36006.614,-35.933
36056.712,-35.92
36056.817,-35.927
36056.920,-35.887
36057.027,-35.913
36057.123,-35.887
36057.226,-35.92
36057.332,-35.933
36057.430,-35.853
36057.533,-35.9
36057.630,-35.953
36057.739,-35.833
36057.839,-35.887
36057.947,-35.88
36058.050,-35.993
36058.147,-36.033
36058.248,-36.06
36058.366,-35.987
36058.397,-35.873
36058.500,-35.96
36058.598,-35.94
36058.702,-35.9
36058.804,-35.987
36058.903,-35.913
36059.000,-35.973
36059.101,-35.887
36059.199,-36.047
36059.305,-35.927
36059.405,-35.933
36059.515,-35.873
36059.614,-35.953
36059.717,-35.993
36059.802,-35.953
36059.915,-36.053
36059.998,-35.767
36060.103,-35.907
36060.202,-35.86
36060.327,-35.973
36060.410,-35.887
36060.508,-35.933
36060.640,-35.873
36060.711,-35.947
36060.819,-35.933
36060.940,-35.993
36061.027,-35.733
36061.123,-35.9
36061.219,-35.927
36061.324,-35.9
36061.425,-35.973
36061.521,-35.833
36061.631,-35.953
36061.743,-35.967
36061.839,-35.953
36061.937,-35.847
36062.042,-35.887
36062.141,-35.807
36062.243,-35.893
36062.344,-36.02
36062.452,-36.047
36062.584,-35.833
36062.586,-35.88
36062.775,-35.853
36062.793,-35.94
36062.961,-36.04
36062.989,-35.987
36063.089,-35.86
36063.189,-36.087
36063.292,-35.913
36063.393,-35.947
36063.510,-36.02
36063.603,-35.887
36063.699,-35.953
36063.804,-36.0
36063.888,-35.993
36063.988,-35.967
36064.089,-35.88
36064.190,-35.927
36064.300,-35.96
36064.402,-36.087
36064.479,-36.013
36064.589,-35.96
36064.721,-35.873
36064.792,-35.913
36064.883,-35.953
36065.023,-35.913
36065.094,-35.94
36065.219,-35.867
36065.315,-36.0
36065.418,-35.967
36065.513,-36.007
36065.586,-35.967
36065.726,-35.94
36065.827,-35.9
36065.925,-35.873
36065.974,-35.973
36066.138,-36.033
36066.239,-35.853
36066.339,-35.993
36066.451,-35.993
36066.545,-35.92
36066.572,-35.947
36116.750,-36.1
36116.778,-35.887
36116.886,-35.86
36116.984,-35.92
36117.089,-36.107
36117.187,-35.933
36117.273,-35.987
36117.393,-35.98
36117.489,-35.987
36117.592,-35.927
36117.677,-35.993
36117.783,-35.94
36117.878,-35.913
36117.989,-35.913
36118.113,-36.027
36118.192,-35.96
36118.293,-35.933
36118.410,-35.96
36118.474,-35.907
36118.579,-35.88
36118.699,-35.9
36118.785,-35.913
36118.869,-35.947
36118.991,-35.833
36119.084,-35.947
36119.207,-35.92
36119.300,-35.867
36119.434,-35.967
36119.508,-35.86
36119.609,-35.873
36119.712,-35.92
36119.829,-36.033
36119.925,-35.88
36120.020,-35.833
36120.128,-35.92
36120.170,-35.993
36120.268,-36.053
36120.430,-35.92
36120.538,-36.053
36120.567,-36.027
36120.665,-36.073
36120.766,-35.967
36120.883,-35.987
36120.981,-35.96
36121.079,-36.033
36121.175,-35.953
36121.273,-35.9
36121.381,-35.993
36121.461,-36.0
36121.596,-35.847
36121.665,-35.767
36121.768,-35.913
36121.869,-35.947
36121.969,-35.927
36122.076,-35.947
36122.175,-35.967
36122.280,-35.92
36122.388,-35.92
36122.483,-35.947
36122.587,-35.94
36122.697,-35.853
36122.790,-35.88
36122.871,-35.973
36122.974,-35.907
36123.109,-35.907
36123.160,-35.707
36123.266,-35.873
36123.373,-35.96
36123.478,-35.96
36123.599,-35.953
36123.692,-35.78
36123.815,-36.033
36123.910,-35.78
36123.961,-35.873
36124.059,-35.88
36124.229,-35.973
36124.256,-36.013
36124.354,-35.953
36124.462,-35.94
36124.565,-36.013
36124.660,-36.013
36124.766,-35.967
36124.871,-36.007
36124.949,-35.94
36125.067,-35.88
36125.170,-35.933
36125.272,-35.933
36125.383,-35.887
36125.457,-35.96
36125.550,-35.913
36125.660,-35.867
36125.760,-35.88
36125.864,-35.967
36125.967,-35.933
36126.104,-35.907
36126.177,-35.953
36126.273,-35.94
36126.376,-35.893
36126.508,-35.973
36126.579,-35.9
36126.687,-35.953
36176.785,-35.987
36176.888,-35.947
36176.989,-35.973
36177.109,-36.047
36177.195,-36.033
36177.298,-35.86
36177.400,-35.987
36177.476,-36.0
36177.562,-35.98
36177.663,-35.98
36177.765,-35.967
36177.842,-36.013
36177.940,-35.853
36178.043,-35.947
36178.148,-36.02
36178.285,-36.027
36178.358,-35.98
36178.457,-35.853
36178.596,-35.953
36178.646,-35.98
36178.746,-36.027
36178.849,-35.947
36178.947,-35.88
36179.060,-35.913
36179.155,-35.927
36179.275,-35.92
36179.356,-35.967
36179.452,-35.94
36179.549,-35.76
36179.647,-35.933
36179.751,-35.987
36179.846,-36.04
36179.964,-35.92
36180.050,-36.04
36180.160,-35.893
36180.256,-35.893
36180.354,-35.907
36180.466,-36.013
36180.591,-36.0
36180.660,-35.873
36180.783,-36.007
36180.866,-36.013
36180.989,-35.873
36181.087,-35.947
36181.195,-35.867
36181.290,-35.827
36181.388,-35.967
36181.437,-36.033
36181.587,-35.933
36181.638,-35.873
36181.731,-35.967
36181.829,-35.933
36181.932,-35.973
36182.028,-35.953
36182.128,-35.947
36182.229,-36.04
36182.351,-35.967
36182.446,-36.067
36182.548,-35.953
36182.646,-35.88
36182.741,-35.84
36182.841,-35.947
36182.947,-36.02
36183.033,-35.927
36183.143,-35.953
36183.229,-35.853
36183.329,-35.92
36183.437,-35.9
36183.530,-35.947
36183.625,-35.967
36183.739,-35.98
36183.836,-36.0
36183.954,-35.96
36184.049,-36.08
36184.160,-35.907
36184.256,-35.92
36184.353,-35.98
36184.459,-35.913
36184.569,-36.047
36184.663,-35.9
36184.761,-35.867
36184.871,-35.847
36184.967,-35.96
36185.018,-35.907
36185.192,-35.833
36185.283,-35.9
36185.381,-35.96
36185.430,-35.927
36185.522,-35.92
36185.623,-35.98
36185.722,-35.907
36185.817,-35.933
36185.929,-36.04
36186.037,-35.98
36186.135,-36.047
36186.231,-35.86
36186.322,-35.887
36186.420,-36.0
36186.516,-35.887
36186.633,-35.993
36476.731,-35.893
36476.832,-35.933
36476.930,-35.887
36477.032,-35.913
36477.111,-35.98
36477.216,-35.913
36477.317,-35.813
36477.442,-35.967
36477.527,-35.947
36477.635,-35.947
36477.731,-35.967
36477.836,-35.767
36477.912,-36.007
36478.013,-35.947
36478.136,-35.96
36478.244,-36.06
36478.327,-35.867
36478.447,-35.94
36478.565,-35.933
36478.658,-35.907
36478.755,-35.987
36478.869,-35.947
36478.913,-35.933
36479.072,-35.933
36479.165,-35.967
36479.280,-35.94
36479.310,-35.953
36479.405,-35.907
36479.525,-35.807
36479.628,-35.987
36479.709,-35.893
36479.805,-35.967
36479.927,-36.073
36480.008,-35.973
36480.106,-35.853
36480.224,-35.993
36480.341,-36.013
36480.422,-35.867
36480.522,-35.94
36480.643,-36.027
36480.709,-35.987
36480.819,-36.02
36480.940,-35.873
36481.011,-35.927
36481.109,-35.88
36481.209,-35.94
36481.332,-36.073
36481.440,-35.98
36481.530,-35.933
36481.613,-35.98
36481.734,-35.947
36481.851,-35.907
36481.925,-35.967
36482.045,-35.84
36482.099,-36.0
36482.199,-35.913
36482.300,-35.9
36482.402,-36.027
36482.518,-35.853
36482.657,-35.967
36482.709,-35.993
36482.807,-35.9
36482.910,-35.9
36483.001,-35.807
36483.158,-35.867
36483.211,-35.993
36483.302,-36.0
36483.402,-35.893
36483.500,-35.947
36483.614,-35.967
36483.712,-35.987
36483.812,-36.06
36483.910,-35.907
36484.013,-35.92
36484.104,-35.927
36484.201,-35.953
36484.300,-36.013
36484.427,-35.953
36484.503,-36.02
36484.592,-36.047
36484.712,-36.0
36484.795,-36.14
36484.903,-36.047
36485.001,-35.913
36485.116,-35.927
36485.207,-35.967
36485.307,-36.107
36485.410,-35.94
36485.508,-35.967
36485.628,-35.973
36485.704,-36.0
36485.802,-35.933
36485.900,-35.9
36486.042,-35.913
36486.141,-35.893
36486.190,-35.907
36486.336,-35.913
36486.386,-35.927
36486.548,-35.907
36486.587,-35.767
36536.736,-35.907
36536.788,-35.973
36536.891,-35.893
36537.000,-35.92
36537.101,-35.873
36537.187,-35.907
36537.285,-35.993
36537.388,-35.953
36537.489,-36.013
36537.591,-36.007
36537.689,-35.893
36537.804,-36.0
36537.900,-36.047
36538.000,-35.933
36538.099,-35.98
36538.219,-35.88
36538.290,-35.96
36538.388,-35.94
36538.494,-36.027
36538.596,-35.86
36538.692,-36.02
36538.790,-35.993
36538.903,-35.893
36539.006,-35.953
36539.106,-36.033
36539.211,-35.873
36539.307,-36.013
36539.420,-35.927
36539.525,-35.913
36539.619,-35.913
36539.726,-35.88
36539.824,-35.98
36540.032,-35.94
36540.033,-36.033
36540.131,-35.98
36540.236,-35.967
36540.336,-35.847
36540.439,-35.953
36540.540,-35.92
36540.626,-35.827
36540.673,-35.973
36540.775,-35.967
36540.876,-35.94
36540.996,-35.973
36541.077,-36.033
36541.192,-35.847
36541.271,-35.847
36541.386,-35.92
36541.488,-36.04
36541.584,-35.993
36541.685,-36.0
36541.775,-36.0
36541.873,-35.933
36541.969,-35.98
36542.069,-35.893
36542.170,-35.947
36542.290,-35.913
36542.386,-35.96
36542.489,-35.96
36542.586,-35.873
36542.680,-35.947
36542.834,-36.033
36542.900,-35.947
36542.998,-35.987
36543.101,-35.92
36543.204,-35.953
36543.315,-35.96
36543.410,-35.893
36543.511,-36.027
36543.614,-35.88
36543.717,-35.98
36543.817,-35.98
36543.935,-35.893
36544.025,-35.987
36544.125,-35.94
36544.228,-36.08
36544.348,-36.033
36544.373,-35.88
36544.535,-35.967
36544.562,-36.0
36544.670,-35.987
36544.777,-35.88
36544.875,-36.013
36544.972,-35.947
36545.062,-35.933
36545.160,-36.0
36545.278,-36.06
36545.381,-35.913
36545.479,-35.96
36545.576,-35.933
36545.679,-35.92
36545.773,-35.953
36545.873,-35.887
36545.971,-35.833
36546.074,-35.88
36546.185,-35.893
36546.260,-35.92
36546.361,-35.887
36546.467,-35.96
36546.576,-35.92
36546.655,-35.933
36596.777,-36.013
36596.875,-35.967
36596.986,-35.993
36597.086,-35.873
36597.179,-35.953
36597.287,-35.993
36597.383,-35.933
36597.503,-35.873
36597.611,-35.94
36597.701,-35.927
36597.821,-35.927
36597.913,-35.9
36598.022,-35.947
36598.052,-35.88
36598.239,-35.953
36598.315,-35.967
36598.420,-35.967
36598.461,-35.92
36598.559,-35.94
36598.653,-36.013
36598.766,-35.853
36598.864,-35.987
36598.962,-36.053
36599.082,-35.927
36599.155,-35.98
36599.253,-36.0
36599.349,-35.927
36599.449,-35.967
36599.560,-35.867
36599.658,-35.98
36599.756,-35.893
36599.861,-36.033
36599.959,-36.02
36600.059,-36.02
36600.184,-36.127
36600.272,-35.893
36600.371,-35.987
36600.469,-35.893
36600.550,-35.933
36600.685,-35.933
36600.780,-35.94
36600.878,-35.96
36600.988,-36.013
36601.082,-35.94
36601.177,-35.953
36601.287,-35.86
36601.398,-36.02
36601.494,-35.84
36601.545,-36.033
36601.697,-35.947
36601.790,-35.78
36601.842,-35.873
36601.937,-35.947
36602.045,-35.893
36602.145,-35.953
36602.241,-36.0
36602.344,-35.953
36602.452,-35.967
36602.555,-35.967
36602.658,-35.94
36602.756,-35.953
36602.842,-35.847
36602.940,-35.887
36603.049,-35.907
36603.170,-36.013
36603.236,-35.94
36603.358,-35.82
36603.454,-35.88
36603.535,-35.847
36603.633,-35.853
36603.753,-35.94
36603.859,-35.86
36603.947,-36.04
36604.049,-35.907
36604.167,-35.813
36604.270,-35.92
36604.366,-35.84
36604.464,-35.92
36604.560,-35.86
36604.663,-35.92
36604.760,-35.933
36604.883,-35.913
36604.959,-36.0
36605.067,-35.993
36605.189,-35.973
36605.285,-35.913
36605.331,-35.847
36605.425,-35.973
36605.594,-35.913
36605.628,-35.987
36605.788,-35.967
36605.841,-35.793
36605.935,-35.84
36606.032,-35.867
36606.131,-35.933
36606.234,-36.0
36606.331,-35.987
36606.432,-35.9
36606.543,-35.947
36606.641,-35.9
36656.748,-35.967
36656.846,-35.94
36656.942,-35.973
36657.043,-35.967
36657.138,-35.88
36657.236,-35.8
36657.332,-35.913
36657.430,-35.887
36657.533,-35.98
36657.647,-36.027
36657.741,-35.88
36657.839,-35.853
36657.945,-35.787
36658.042,-35.873
36658.141,-35.893
36658.270,-35.953
36658.324,-36.06
36658.425,-35.913
36658.533,-36.0
36658.653,-36.013
36658.741,-35.973
36658.861,-35.88
36658.949,-35.807
36659.074,-35.873
36659.170,-35.967
36659.224,-35.987
36659.315,-35.907
36659.420,-35.773
36659.516,-35.847
36659.682,-35.953
36659.783,-35.907
36659.834,-35.927
36659.929,-35.833
36660.027,-35.987
36660.130,-35.993
36660.226,-35.973
36660.327,-35.947
36660.427,-35.927
36660.518,-35.947
36660.614,-35.953
36660.734,-35.913
36660.842,-35.993
36660.952,-35.953
36661.025,-35.92
36661.121,-36.0
36661.212,-35.907
36661.324,-35.947
36661.422,-36.007
36661.542,-36.0
36661.621,-36.093
36661.741,-35.987
36661.837,-35.967
36661.945,-35.933
36662.030,-35.873
36662.150,-35.973
36662.246,-35.86
36662.354,-36.107
36662.412,-36.033
36662.522,-35.84
36662.623,-35.92
36662.729,-35.92
36662.805,-35.913
36662.905,-36.0
36663.008,-35.867
36663.165,-36.053
36663.251,-36.06
36663.305,-35.9
36663.483,-35.9
36663.511,-35.907
36663.606,-35.867
36663.704,-35.913
36663.805,-35.933
36663.907,-35.9
36664.003,-36.007
36664.125,-35.98
36664.221,-36.013
36664.317,-35.98
36664.420,-35.96
36664.516,-36.013
36664.606,-35.933
36664.701,-36.02
36664.800,-35.98
36664.946,-35.987
36665.018,-35.953
36665.114,-35.94
36665.212,-35.953
36665.320,-35.973
36665.415,-35.973
36665.535,-35.913
36665.619,-35.787
36665.733,-35.893
36665.832,-36.013
36665.922,-35.927
36666.030,-35.9
36666.126,-35.893
36666.246,-36.067
36666.378,-36.007
36666.449,-35.973
36666.508,-35.96
36666.618,-35.987
36666.695,-35.907
36716.821,-36.013
36716.898,-35.947
36717.032,-35.953
36717.092,-35.953
36717.204,-35.86
36717.314,-35.98
36717.420,-35.907
36717.505,-35.933
36717.591,-35.987
36717.697,-35.827
36717.795,-35.86
36717.903,-35.9
36718.003,-35.913
36718.106,-35.927
36718.190,-35.933
36718.295,-35.84
36718.393,-35.933
36718.489,-35.973
36718.604,-35.94
36718.699,-35.94
36718.798,-35.9
36718.891,-36.027
36718.994,-35.947
36719.111,-35.927
36719.209,-36.0
36719.293,-35.873
36719.403,-35.867
36719.523,-35.907
36719.619,-36.073
36719.731,-35.94
36719.827,-35.88
36719.925,-35.867
36720.028,-36.0
36720.140,-36.08
36720.236,-35.973
36720.332,-35.927
36720.440,-35.86
36720.493,-35.96
36720.646,-35.987
36720.765,-35.98
36720.783,-36.06
36720.947,-35.98
36721.045,-35.993
36721.098,-35.953
36721.192,-35.88
36721.288,-35.92
36721.383,-35.873
36721.500,-36.033
36721.603,-35.987
36721.699,-35.967
36721.795,-35.853
36721.890,-35.893
36721.989,-35.833
36722.084,-35.913
36722.187,-35.947
36722.278,-35.867
36722.381,-35.993
36722.479,-35.96
36722.601,-36.02
36722.690,-35.853
36722.787,-35.96
36722.876,-35.887
36722.988,-35.94
36723.108,-35.933
36723.207,-35.953
36723.336,-36.033
36723.398,-35.933
36723.518,-35.853
36723.614,-36.027
36723.704,-36.087
36723.817,-35.993
36723.915,-36.053
36724.013,-35.953
36724.072,-35.94
36724.234,-35.927
36724.329,-35.893
36724.439,-35.833
36724.533,-35.913
36724.631,-35.833
36724.684,-36.04
36724.775,-35.987
36724.875,-35.833
36724.974,-35.96
36725.070,-35.98
36725.175,-36.007
36725.292,-35.967
36725.386,-35.953
36725.484,-35.927
36725.587,-35.933
36725.674,-35.92
36725.770,-35.947
36725.871,-35.893
36725.981,-35.887
36726.084,-35.913
36726.165,-35.967
36726.275,-35.987
36726.378,-35.853
36726.474,-36.027
36726.582,-35.907
36726.684,-35.867
36776.782,-35.973
36776.878,-35.98
36777.011,-36.047
36777.101,-36.013
36777.197,-35.967
36777.295,-35.933
36777.390,-35.88
36777.518,-35.907
36777.616,-35.907
36777.714,-36.013
36777.815,-35.953
36777.912,-36.013
36777.964,-35.833
36778.114,-35.853
36778.163,-36.02
36778.326,-35.913
36778.425,-35.973
36778.525,-36.007
36778.577,-35.973
36778.668,-35.9
36778.766,-35.893
36778.873,-35.867
36778.974,-35.907
36779.071,-35.947
36779.170,-36.007
36779.258,-35.933
36779.378,-35.94
36779.456,-35.833
36779.584,-35.907
36779.672,-35.947
36779.766,-35.973
36779.863,-35.98
36779.959,-35.887
36780.062,-35.973
36780.160,-35.94
36780.261,-36.0
36780.364,-35.913
36780.462,-36.027
36780.565,-36.027
36780.685,-35.893
36780.773,-35.953
36780.856,-35.987
36780.956,-36.007
36781.098,-36.073
36781.160,-35.92
36781.261,-35.907
36781.369,-35.973
36781.491,-35.993
36781.576,-36.06
36781.699,-35.94
36781.790,-35.947
36781.856,-35.94
36782.006,-35.98
36782.059,-35.92
36782.157,-35.813
36782.255,-35.893
36782.354,-35.833
36782.449,-35.86
36782.548,-35.913
36782.648,-35.927
36782.748,-35.967
36782.844,-35.9
36782.959,-35.933
36783.062,-35.947
36783.160,-35.893
36783.260,-35.927
36783.348,-35.96
36783.445,-35.96
36783.543,-36.0
36783.650,-35.993
36783.746,-35.927
36783.864,-35.92
36783.962,-35.86
36784.062,-35.893
36784.158,-35.867
36784.260,-35.78
36784.363,-35.993
36784.476,-36.007
36784.569,-35.947
36784.665,-35.953
36784.773,-35.82
36784.893,-35.86
36784.989,-35.927
36785.098,-35.907
36785.187,-35.94
36785.282,-35.88
36785.376,-35.987
36785.479,-35.813
36785.601,-36.007
36785.697,-35.893
36785.793,-35.88
36785.900,-35.933
36785.962,-36.053
36786.040,-35.92
36786.150,-35.913
36786.246,-35.84
36786.349,-35.96
36786.451,-35.873
36786.611,-35.98
36786.638,-36.0
37076.743,-36.013
37076.851,-35.92
37076.935,-35.88
37077.050,-35.947
37077.153,-35.933
37077.246,-36.013
37077.347,-35.853
37077.442,-35.987
37077.540,-36.067
37077.635,-35.913
37077.741,-36.02
37077.841,-35.953
37077.937,-35.993
37078.035,-36.02
37078.143,-36.027
37078.263,-36.047
37078.361,-35.953
37078.496,-35.96
37078.569,-35.987
37078.663,-36.0
37078.773,-35.993
37078.864,-35.813
37078.962,-35.833
37079.082,-35.833
37079.182,-35.96
37079.280,-35.893
37079.376,-35.787
37079.427,-35.86
37079.532,-35.893
37079.690,-35.873
37079.788,-35.907
37079.839,-35.887
37079.957,-35.987
37080.033,-35.94
37080.135,-35.92
37080.243,-35.94
37080.324,-35.913
37080.427,-35.98
37080.525,-35.9
37080.631,-35.873
37080.729,-35.873
37080.839,-35.96
37080.937,-36.0
37081.043,-35.973
37081.143,-36.007
37081.243,-36.007
37081.344,-35.907
37081.432,-35.927
37081.530,-35.933
37081.623,-35.947
37081.726,-36.047
37081.844,-35.993
37081.944,-35.993
37082.043,-35.913
37082.148,-35.907
37082.265,-36.04
37082.364,-36.1
37082.452,-35.8
37082.560,-35.907
37082.657,-35.967
37082.778,-35.867
37082.863,-35.953
37082.966,-35.893
37083.040,-35.973
37083.180,-35.947
37083.263,-36.013
37083.383,-35.987
37083.479,-35.92
37083.570,-35.913
37083.621,-35.987
37083.717,-35.8
37083.883,-35.98
37083.917,-35.913
37084.028,-35.907
37084.126,-35.98
37084.223,-35.98
37084.334,-35.9
37084.432,-35.907
37084.535,-35.887
37084.653,-35.967
37084.724,-35.947
37084.826,-35.907
37084.927,-35.993
37085.018,-35.947
37085.131,-35.86
37085.214,-35.94
37085.314,-35.92
37085.430,-36.007
37085.521,-35.947
37085.630,-35.947
37085.726,-35.947
37085.824,-36.0
37085.945,-36.033
37086.052,-36.007
37086.138,-35.86
37086.233,-35.913
37086.354,-36.013
37086.452,-36.02
37086.559,-36.04
37086.653,-36.033
37136.751,-35.813
37136.856,-36.06
37136.924,-35.973
37137.008,-35.873
37137.173,-35.913
37137.268,-36.047
37137.364,-36.02
37137.418,-35.907
37137.510,-36.0
37137.616,-35.84
37137.712,-35.993
37137.807,-35.9
37137.930,-36.033
37138.006,-36.06
37138.106,-36.0
37138.202,-35.9
37138.327,-35.96
37138.408,-35.907
37138.506,-35.98
37138.623,-35.913
37138.717,-35.953
37138.837,-35.807
37138.910,-35.913
37139.023,-35.853
37139.101,-35.827
37139.219,-35.96
37139.315,-35.913
37139.430,-35.88
37139.508,-35.893
37139.631,-36.02
37139.721,-36.04
37139.864,-35.813
37139.920,-35.84
37140.003,-35.92
37140.111,-36.04
37140.234,-35.947
37140.315,-35.92
37140.437,-35.953
37140.542,-35.953
37140.643,-35.993
37140.694,-35.993
37140.798,-35.873
37140.900,-35.873
37141.052,-35.953
37141.131,-35.993
37141.206,-35.84
37141.361,-35.813
37141.410,-35.953
37141.503,-35.833
37141.592,-35.84
37141.702,-36.047
37141.799,-35.893
37141.896,-35.98
37142.003,-35.947
37142.111,-36.053
37142.212,-35.94
37142.310,-35.953
37142.393,-36.0
37142.513,-35.92
37142.609,-35.933
37142.707,-35.967
37142.807,-35.953
37142.905,-35.793
37143.001,-35.913
37143.104,-36.007
37143.216,-35.9
37143.312,-35.893
37143.407,-35.92
37143.516,-35.98
37143.613,-35.907
37143.707,-35.873
37143.839,-35.967
37143.930,-35.84
37144.027,-35.847
37144.123,-35.953
37144.231,-35.993
37144.344,-35.94
37144.445,-35.707
37144.540,-35.787
37144.643,-35.927
37144.739,-35.973
37144.792,-35.913
37144.881,-35.913
37144.991,-35.94
37145.089,-35.873
37145.192,-35.867
37145.354,-36.007
37145.405,-35.887
37145.496,-35.833
37145.598,-35.907
37145.701,-36.06
37145.782,-35.907
37145.881,-35.867
37146.011,-35.96
37146.087,-35.973
37146.197,-35.92
37146.297,-35.953
37146.413,-35.953
37146.479,-35.833
37146.582,-35.907
37146.682,-35.98
37196.788,-35.9
37196.891,-35.993
37196.989,-35.86
37197.077,-35.993
37197.180,-36.06
37197.304,-36.04
37197.400,-35.993
37197.515,-35.893
37197.603,-36.013
37197.723,-35.993
37197.820,-36.007
37197.927,-35.933
37198.022,-35.9
37198.119,-36.007
37198.219,-36.053
37198.273,-35.987
37198.434,-35.967
37198.530,-35.987
37198.616,-36.067
37198.682,-35.907
37198.775,-35.947
37198.873,-35.96
37198.986,-35.86
37199.084,-35.953
37199.180,-35.96
37199.282,-36.013
37199.380,-35.96
37199.478,-35.987
37199.574,-35.94
37199.679,-35.82
37199.788,-35.9
37199.869,-35.9
37199.989,-36.053
37200.087,-35.873
37200.182,-35.893
37200.285,-35.967
37200.388,-35.973
37200.478,-35.953
37200.570,-35.853
37200.673,-35.913
37200.783,-36.047
37200.881,-35.96
37200.964,-35.893
37201.086,-35.94
37201.190,-35.947
37201.300,-35.893
37201.396,-35.913
37201.491,-35.933
37201.604,-35.84
37201.699,-35.92
37201.797,-36.04
37201.925,-36.06
37202.015,-35.953
37202.067,-35.853
37202.223,-35.86
37202.312,-35.853
37202.363,-36.0
37202.527,-35.853
37202.625,-35.747
37202.660,-35.867
37202.766,-36.007
37202.864,-35.987
37202.964,-35.987
37203.074,-35.96
37203.172,-35.893
37203.266,-36.013
37203.366,-36.047
37203.459,-35.973
37203.559,-35.947
37203.680,-35.873
37203.761,-35.98
37203.875,-36.0
37203.978,-35.92
37204.097,-35.967
37204.173,-35.953
37204.270,-36.0
37204.356,-35.933
37204.496,-35.96
37204.562,-36.007
37204.665,-35.86
37204.768,-35.887
37204.863,-35.94
37204.974,-36.093
37205.074,-36.027
37205.153,-35.893
37205.260,-35.933
37205.366,-35.867
37205.486,-36.007
37205.574,-36.013
37205.677,-35.867
37205.800,-36.02
37205.903,-35.96
37206.011,-35.88
37206.108,-35.967
37206.206,-35.873
37206.258,-35.907
37206.359,-35.927
37206.452,-35.947
37206.550,-35.907
37206.701,-35.827
37256.771,-35.847
37256.866,-35.92
37256.962,-36.007
37257.070,-35.9
37257.167,-35.967
37257.263,-35.953
37257.369,-35.973
37257.472,-36.0
37257.582,-36.06
37257.680,-36.007
37257.744,-35.993
37257.864,-36.04
37257.952,-35.96
37258.048,-35.967
37258.152,-35.933
37258.251,-35.907
37258.364,-35.86
37258.462,-36.02
37258.545,-36.0
37258.670,-35.927
37258.768,-35.9
37258.854,-35.973
37258.986,-35.993
37259.082,-35.98
37259.179,-35.867
37259.273,-35.94
37259.380,-35.76
37259.501,-35.993
37259.594,-35.92
37259.682,-35.987
37259.790,-35.887
37259.844,-35.84
37260.003,-35.907
37260.045,-35.92
37260.143,-36.027
37260.239,-35.993
37260.412,-35.813
37260.457,-35.88
37260.549,-35.96
37260.647,-35.873
37260.748,-35.88
37260.848,-35.967
37260.942,-36.027
37261.045,-35.907
37261.148,-36.007
37261.244,-35.927
37261.341,-35.96
37261.442,-35.907
37261.549,-35.873
37261.645,-35.873
37261.743,-35.873
37261.839,-35.98
37261.952,-35.92
37262.049,-35.947
37262.150,-35.927
37262.251,-35.947
37262.363,-35.98
37262.459,-35.853
37262.557,-35.993
37262.660,-35.967
37262.778,-35.913
37262.875,-36.0
37262.984,-35.92
37263.074,-35.96
37263.172,-35.973
37263.266,-35.96
37263.369,-35.927
37263.491,-35.807
37263.589,-35.953
37263.685,-35.793
37263.788,-35.96
37263.891,-35.94
37263.986,-35.933
37264.038,-36.007
37264.135,-36.013
37264.236,-35.94
37264.337,-35.947
37264.474,-35.987
37264.550,-35.92
37264.631,-35.927
37264.728,-35.927
37264.846,-35.987
37264.942,-35.94
37265.038,-36.04
37265.135,-35.94
37265.234,-35.893
37265.329,-36.027
37265.427,-35.993
37265.626,-35.987
37265.630,-36.013
37265.724,-36.007
37265.846,-36.013
37265.924,-35.953
37266.030,-35.887
37266.150,-35.947
37266.246,-36.02
37266.337,-35.987
37266.459,-36.0
37266.554,-35.727
37266.660,-35.94
37316.748,-36.073
37316.871,-36.067
37316.967,-35.98
37317.072,-35.987
37317.167,-35.967
37317.231,-35.953
37317.337,-35.853
37317.418,-35.953
37317.547,-35.793
37317.621,-35.927
37317.724,-35.86
37317.878,-35.947
37317.929,-36.08
37318.035,-35.86
37318.130,-36.04
37318.229,-36.033
37318.326,-35.933
37318.422,-35.847
37318.523,-35.98
37318.621,-36.033
37318.717,-35.96
37318.839,-35.967
37318.934,-36.027
37319.030,-36.02
37319.126,-35.98
37319.231,-35.953
37319.322,-35.96
37319.422,-35.967
37319.516,-36.013
37319.616,-35.967
37319.734,-35.933
37319.832,-36.0
37319.930,-36.02
37320.037,-36.04
37320.133,-35.867
37320.234,-35.827
37320.334,-36.007
37320.434,-35.953
37320.511,-35.987
37320.614,-35.873
37320.746,-35.86
37320.822,-35.973
37320.924,-35.927
37321.027,-35.907
37321.135,-35.927
37321.212,-35.907
37321.310,-35.88
37321.408,-35.92
37321.506,-36.053
37321.616,-36.067
37321.719,-35.84
37321.805,-35.88
37321.907,-36.047
37322.008,-36.04
37322.109,-35.933
37322.207,-35.953
37322.304,-35.933
37322.425,-35.967
37322.540,-36.027
37322.611,-36.033
37322.802,-35.98
37322.802,-35.873
37322.908,-35.98
37323.016,-35.933
37323.114,-35.973
37323.207,-35.96
37323.317,-36.033
37323.417,-35.927
37323.513,-35.993
37323.608,-35.933
37323.709,-35.953
37323.831,-35.887
37323.927,-35.913
37324.010,-35.987
37324.143,-36.047
37324.241,-35.967
37324.337,-35.947
37324.446,-35.813
37324.498,-35.873
37324.601,-36.013
37324.702,-35.967
37324.836,-35.913
37324.912,-35.787
37325.015,-36.02
37325.155,-35.967
37325.224,-35.973
37325.300,-35.973
37325.407,-35.96
37325.503,-36.0
37325.660,-35.893
37325.711,-36.027
37325.802,-35.96
37325.908,-35.907
37326.003,-35.907
37326.125,-36.0
37326.214,-35.907
37326.298,-36.047
37326.396,-35.98
37326.493,-36.007
37326.606,-35.96
37326.704,-35.973
37376.800,-35.913
37376.893,-35.927
37376.994,-35.987
37377.091,-35.88
37377.209,-36.02
37377.319,-35.827
37377.397,-36.04
37377.516,-36.047
37377.613,-35.893
37377.706,-35.9
37377.826,-35.947
37377.924,-35.953
37378.016,-35.967
37378.121,-35.94
37378.216,-35.907
37378.339,-35.92
37378.430,-35.913
37378.532,-35.973
37378.626,-35.953
37378.702,-35.873
37378.788,-35.967
37378.912,-35.94
37378.989,-35.96
37379.087,-35.98
37379.212,-35.94
37379.295,-35.993
37379.390,-36.0
37379.494,-35.947
37379.592,-35.913
37379.684,-35.927
37379.780,-35.933
37379.888,-35.9
37380.016,-36.027
37380.168,-36.013
37380.196,-35.867
37380.280,-35.853
37380.400,-36.007
37380.498,-36.027
37380.626,-35.933
37380.699,-36.073
37380.790,-35.94
37380.888,-36.007
37380.993,-35.987
37381.097,-36.0
37381.192,-36.06
37381.278,-35.833
37381.380,-35.933
37381.503,-35.94
37381.599,-35.94
37381.729,-35.853
37381.817,-35.893
37381.913,-36.033
37382.013,-35.96
37382.109,-35.853
37382.209,-35.953
37382.329,-36.007
37382.427,-36.0
37382.530,-35.947
37382.631,-35.96
37382.726,-36.02
37382.782,-36.013
37382.878,-35.92
37382.976,-35.953
37383.140,-35.933
37383.241,-35.96
37383.271,-35.92
37383.395,-35.967
37383.488,-35.84
37383.587,-35.853
37383.685,-35.907
37383.790,-35.98
37383.886,-35.96
37383.974,-35.907
37384.071,-35.953
37384.192,-35.987
37384.300,-35.9
37384.385,-35.94
37384.481,-35.833
37384.581,-35.787
37384.675,-35.967
37384.782,-36.073
37384.878,-36.013
37384.974,-35.807
37385.077,-35.88
37385.196,-35.907
37385.293,-35.827
37385.403,-35.927
37385.494,-35.833
37385.596,-35.9
37385.672,-35.867
37385.814,-35.953
37385.869,-35.827
37385.979,-35.793
37386.087,-35.873
37386.195,-36.06
37386.315,-35.953
37386.366,-35.96
37386.503,-35.867
37386.570,-35.98
37386.672,-35.907
37676.763,-35.82
37676.871,-36.013
37676.972,-35.96
37677.067,-35.907
37677.165,-35.94
37677.266,-35.867
37677.371,-35.933
37677.466,-35.94
37677.562,-35.913
37677.675,-35.92
37677.772,-35.947
37677.875,-36.007
37677.974,-35.913
37678.064,-35.9
37678.162,-35.953
37678.258,-35.967
37678.378,-35.94
37678.474,-35.953
37678.572,-36.0
37678.670,-35.967
37678.778,-35.947
37678.871,-35.993
37678.969,-36.047
37679.079,-35.88
37679.190,-35.973
37679.285,-36.027
37679.386,-35.88
37679.489,-36.093
37679.582,-35.833
37679.702,-35.887
37679.812,-36.007
37679.893,-35.88
37680.011,-35.88
37680.106,-36.02
37680.197,-35.9
37680.317,-35.953
37680.413,-35.927
37680.462,-36.033
37680.618,-36.04
37680.675,-35.867
37680.760,-35.96
37680.859,-36.013
37680.967,-35.913
37681.070,-35.893
37681.150,-36.067
37681.251,-36.007
37681.349,-36.013
37681.454,-35.98
37681.555,-35.927
37681.650,-35.907
37681.768,-35.967
37681.866,-35.973
37681.954,-35.867
37682.057,-35.967
37682.155,-36.013
37682.251,-35.947
37682.386,-35.873
37682.474,-36.027
37682.554,-35.973
37682.674,-35.927
37682.766,-35.82
37682.864,-35.907
37682.988,-36.0
37683.081,-35.953
37683.190,-35.92
37683.297,-35.873
37683.386,-35.933
37683.488,-36.0
37683.597,-35.967
37683.697,-35.913
37683.795,-35.813
37683.898,-35.96
37683.994,-35.88
37684.045,-35.927
37684.223,-35.96
37684.239,-35.9
37684.405,-35.927
37684.501,-36.0
37684.554,-35.993
37684.660,-35.947
37684.751,-35.94
37684.849,-35.86
37684.957,-35.867
37685.038,-35.96
37685.158,-36.047
37685.263,-36.04
37685.349,-36.06
37685.447,-35.887
37685.550,-35.92
37685.648,-35.907
37685.736,-35.88
37685.856,-35.833
37685.937,-35.887
37686.060,-35.927
37686.147,-35.993
37686.244,-35.913
37686.351,-35.867
37686.442,-35.933
37686.555,-36.013
37686.640,-36.0
37736.758,-35.907
37736.864,-35.74
37736.962,-35.967
37737.059,-35.893
37737.163,-35.98
37737.275,-35.94
37737.373,-35.86
37737.469,-35.873
37737.574,-36.027
37737.696,-36.033
37737.793,-36.0
37737.898,-35.873
37737.937,-35.973
37738.028,-35.913
37738.128,-35.92
37738.231,-36.027
37738.334,-35.973
37738.430,-35.98
37738.530,-35.933
37738.631,-35.953
37738.748,-36.0
37738.844,-35.94
37738.940,-35.86
37739.045,-35.98
37739.141,-35.967
37739.231,-36.087
37739.329,-36.06
37739.437,-35.853
37739.535,-35.96
37739.630,-35.92
37739.734,-35.927
37739.824,-35.893
37739.944,-35.947
37740.040,-35.873
37740.147,-35.86
37740.244,-35.967
37740.339,-35.973
37740.471,-35.94
37740.560,-35.893
37740.638,-35.86
37740.744,-35.993
37740.837,-35.967
37740.930,-35.967
37741.028,-35.867
37741.128,-35.933
37741.244,-35.987
37741.364,-36.013
37741.456,-35.893
37741.579,-35.793
37741.687,-35.88
37741.783,-35.893
37741.878,-36.02
37741.984,-35.893
37742.082,-35.92
37742.133,-35.867
37742.226,-36.0
37742.332,-35.86
37742.430,-35.873
37742.533,-36.02
37742.628,-35.893
37742.719,-36.053
37742.815,-36.073
37742.937,-35.92
37743.043,-36.02
37743.128,-35.927
37743.223,-36.0
37743.321,-35.933
37743.457,-35.92
37743.530,-35.953
37743.628,-35.893
37743.724,-35.987
37743.822,-35.947
37743.918,-35.987
37744.042,-36.02
37744.146,-35.847
37744.234,-35.907
37744.332,-35.873
37744.432,-35.98
37744.582,-36.06
37744.653,-35.933
37744.709,-35.887
37744.812,-35.94
37744.920,-35.913
37745.028,-35.973
37745.131,-35.773
37745.251,-35.967
37745.339,-35.927
37745.462,-36.053
37745.511,-35.98
37745.616,-35.92
37745.712,-35.947
37745.812,-35.947
37745.907,-35.833
37746.006,-35.987
37746.128,-35.947
37746.219,-35.893
37746.317,-35.947
37746.418,-36.02
37746.523,-35.913
37746.619,-36.0
37796.719,-35.987
37796.807,-36.007
37796.903,-35.973
37797.023,-36.047
37797.109,-35.933
37797.207,-36.033
37797.305,-36.013
37797.425,-35.827
37797.523,-36.033
37797.621,-35.92
37797.717,-35.887
37797.819,-35.947
37797.918,-36.02
37798.018,-36.04
37798.126,-35.933
37798.233,-35.973
37798.300,-36.033
37798.403,-35.973
37798.508,-36.04
37798.608,-36.027
37798.717,-35.853
37798.819,-35.953
37798.967,-35.84
37799.015,-36.033
37799.135,-35.973
37799.260,-35.9
37799.358,-35.867
37799.454,-35.94
37799.505,-35.993
37799.598,-36.033
37799.778,-36.007
37799.807,-35.92
37799.902,-36.027
37800.000,-35.893
37800.113,-35.98
37800.209,-35.987
37800.305,-35.853
37800.393,-35.96
37800.508,-35.987
37800.608,-36.013
37800.707,-36.02
37800.804,-35.88
37800.902,-35.867
37800.996,-35.967
37801.094,-35.913
37801.199,-36.0
37801.297,-36.04
37801.415,-35.947
37801.496,-35.927
37801.609,-35.847
37801.706,-35.853
37801.827,-35.867
37801.908,-35.86
37802.028,-35.913
37802.125,-35.82
37802.229,-35.887
37802.304,-35.9
37802.418,-35.893
37802.538,-35.853
37802.643,-35.84
37802.692,-35.933
37802.800,-35.993
37802.903,-35.92
37802.989,-35.82
37803.111,-35.987
37803.187,-36.0
37803.290,-35.84
37803.449,-35.873
37803.500,-35.88
37803.604,-36.033
37803.699,-35.86
37803.788,-35.947
37803.885,-35.82
37803.983,-36.013
37804.091,-35.973
37804.187,-35.833
37804.302,-35.913
37804.400,-35.92
37804.479,-35.993
37804.599,-36.033
37804.696,-35.9
37804.802,-36.067
37804.891,-35.953
37804.993,-35.893
37805.089,-35.78
37805.184,-35.86
37805.304,-35.92
37805.402,-35.92
37805.498,-35.833
37805.606,-35.927
37805.707,-35.927
37805.798,-35.913
37805.907,-35.98
37806.018,-35.913
37806.116,-35.98
37806.214,-35.92
37806.317,-35.947
37806.410,-36.053
37806.533,-35.893
37806.641,-35.96
37856.731,-36.0
37856.834,-35.88
37856.932,-35.967
37856.983,-35.827
37857.079,-35.907
37857.177,-36.033
37857.275,-35.933
37857.375,-35.9
37857.484,-35.973
37857.582,-35.907
37857.680,-36.027
37857.792,-36.04
37857.888,-35.92
37857.986,-35.907
37858.111,-35.94
37858.179,-36.013
37858.280,-35.867
37858.386,-35.967
37858.478,-35.94
37858.591,-35.947
37858.679,-36.047
37858.775,-35.927
37858.888,-35.947
37858.984,-35.947
37859.079,-35.92
37859.190,-35.907
37859.283,-35.973
37859.402,-35.947
37859.498,-35.953
37859.579,-35.893
37859.714,-36.0
37859.810,-35.933
37859.903,-35.933
37860.018,-35.907
37860.114,-35.753
37860.214,-35.933
37860.315,-35.873
37860.425,-35.86
37860.525,-35.94
37860.621,-35.893
37860.728,-35.887
37860.827,-35.887
37860.923,-35.98
37860.976,-35.973
37861.074,-35.98
37861.170,-36.02
37861.266,-35.987
37861.364,-35.827
37861.476,-35.86
37861.579,-35.9
37861.679,-35.887
37861.785,-35.933
37861.866,-35.96
37861.967,-35.94
37862.062,-36.007
37862.180,-36.007
37862.275,-35.94
37862.400,-35.9
37862.464,-35.86
37862.564,-35.94
37862.663,-35.987
37862.768,-36.027
37862.913,-35.927
37862.974,-35.913
37863.077,-35.987
37863.153,-35.867
37863.280,-36.0
37863.363,-36.013
37863.486,-35.927
37863.591,-35.94
37863.692,-35.993
37863.785,-35.947
37863.908,-35.987
37863.991,-36.013
37864.103,-36.06
37864.197,-35.98
37864.250,-35.82
37864.402,-35.98
37864.456,-35.947
37864.616,-35.92
37864.726,-35.953
37864.766,-35.967
37864.859,-35.867
37864.957,-35.947
37865.052,-35.9
37865.160,-35.88
37865.261,-35.92
37865.356,-35.987
37865.459,-35.793
37865.552,-35.907
37865.648,-35.887
37865.770,-35.967
37865.858,-35.833
37865.952,-35.953
37866.052,-35.827
37866.170,-35.96
37866.288,-35.94
37866.361,-35.96
37866.459,-35.987
37866.562,-35.947
37866.674,-35.847
37916.772,-35.933
37916.869,-35.853
37916.974,-35.94
37917.062,-35.873
37917.143,-35.953
37917.251,-35.84
37917.368,-35.74
37917.479,-35.907
37917.582,-35.94
37917.665,-36.02
37917.799,-35.873
37917.893,-35.827
37917.991,-35.973
37918.101,-35.94
37918.199,-35.94
37918.297,-35.927
37918.349,-35.893
37918.452,-35.94
37918.543,-35.86
37918.643,-35.907
37918.812,-35.92
37918.846,-35.893
37918.942,-35.98
37919.038,-36.067
37919.160,-35.9
37919.261,-35.973
37919.356,-36.013
37919.454,-35.94
37919.543,-35.96
37919.641,-35.88
37919.739,-35.893
37919.834,-35.973
37919.940,-35.88
37920.038,-35.967
37920.158,-35.88
37920.239,-35.9
37920.351,-35.987
37920.449,-35.813
37920.552,-35.987
37920.650,-36.033
37920.748,-35.993
37920.869,-35.92
37920.973,-35.86
37921.064,-35.973
37921.160,-35.913
37921.258,-36.033
37921.386,-35.847
37921.481,-35.867
37921.577,-35.933
37921.633,-35.973
37921.736,-35.907
37921.846,-35.973
37921.949,-35.9
37922.049,-36.027
37922.150,-35.873
37922.253,-36.08
37922.341,-35.967
37922.442,-35.893
37922.576,-35.9
37922.625,-35.987
37922.726,-35.947
37922.903,-35.887
37922.930,-35.767
37923.038,-35.9
37923.138,-35.96
37923.244,-35.84
37923.342,-35.953
37923.437,-35.96
37923.545,-35.933
37923.633,-35.933
37923.731,-35.867
37923.824,-35.913
37923.935,-36.073
37924.035,-35.96
37924.130,-35.9
37924.251,-35.98
37924.349,-35.98
37924.447,-36.04
37924.543,-35.847
37924.650,-35.9
37924.761,-35.953
37924.859,-36.0
37924.952,-35.913
37925.060,-35.947
37925.157,-36.04
37925.278,-36.007
37925.407,-35.927
37925.481,-35.887
37925.579,-35.933
37925.674,-35.807
37925.766,-35.96
37925.817,-35.847
37925.920,-35.967
37926.022,-35.9
37926.119,-35.967
37926.263,-36.033
37926.315,-35.88
37926.486,-35.973
37926.528,-35.987
37926.616,-35.82
37976.726,-35.907
37976.824,-35.947
37976.920,-36.027
37977.016,-36.053
37977.114,-36.053
37977.222,-36.0
37977.334,-35.98
37977.432,-35.873
37977.530,-36.047
37977.633,-35.96
37977.729,-35.947
37977.826,-35.887
37977.924,-35.927
37978.025,-35.987
37978.121,-35.98
37978.241,-36.013
37978.329,-35.993
37978.437,-35.94
37978.530,-35.827
37978.652,-35.92
37978.736,-35.987
37978.856,-36.0
37978.949,-35.887
37979.059,-35.94
37979.146,-35.78
37979.265,-35.853
37979.364,-35.96
37979.471,-35.893
37979.565,-35.953
37979.663,-35.8
37979.714,-35.907
37979.819,-35.9
37979.910,-35.927
37980.008,-35.827
37980.104,-35.893
37980.209,-35.84
37980.319,-35.9
37980.415,-35.833
37980.528,-35.847
37980.604,-35.907
37980.707,-35.887
37980.805,-35.947
37980.918,-35.973
37981.011,-35.913
37981.118,-35.987
37981.221,-35.827
37981.304,-35.993
37981.402,-35.933
37981.516,-35.967
37981.631,-35.967
37981.717,-35.893
37981.817,-36.013
37981.913,-35.987
37982.011,-35.887
37982.111,-35.88
37982.233,-35.813
37982.329,-35.94
37982.435,-35.873
37982.528,-35.927
37982.648,-35.873
37982.736,-35.893
37982.847,-35.927
37982.947,-35.92
37983.040,-35.967
37983.146,-35.927
37983.197,-35.82
37983.361,-35.927
37983.493,-35.953
37983.496,-36.007
37983.596,-36.033
37983.694,-35.987
37983.798,-35.92
37983.903,-35.953
37984.001,-35.947
37984.096,-35.953
37984.204,-36.08
37984.312,-35.833
37984.410,-35.927
37984.508,-35.987
37984.597,-35.907
37984.699,-35.853
37984.795,-35.9
37984.937,-35.88
37985.008,-36.013
37985.111,-35.867
37985.212,-35.893
37985.305,-35.973
37985.402,-35.993
37985.503,-35.993
37985.604,-35.953
37985.717,-35.947
37985.790,-36.0
37985.910,-35.82
37985.986,-35.933
37986.106,-35.967
37986.223,-35.933
37986.321,-35.947
37986.408,-35.893
37986.542,-35.94
37986.636,-35.92
38276.734,-36.033
38276.846,-35.967
38276.940,-35.94
38277.038,-35.887
38277.091,-36.04
38277.239,-35.867
38277.290,-35.947
38277.388,-35.833
38277.486,-35.833
38277.594,-35.867
38277.690,-35.92
38277.792,-35.92
38277.905,-35.933
38277.998,-35.847
38278.096,-35.913
38278.192,-35.933
38278.307,-35.96
38278.380,-35.993
38278.500,-35.94
38278.614,-35.913
38278.697,-36.047
38278.783,-35.96
38278.878,-35.973
38278.981,-36.007
38279.092,-35.873
38279.180,-35.86
38279.275,-35.927
38279.393,-35.853
38279.488,-35.9
38279.591,-35.9
38279.692,-35.867
38279.798,-35.907
38279.873,-36.013
38279.981,-35.953
38280.126,-35.947
38280.189,-35.96
38280.295,-36.02
38280.413,-36.007
38280.520,-36.0
38280.621,-35.947
38280.673,-35.96
38280.819,-36.007
38280.932,-36.027
38281.033,-35.967
38281.084,-35.827
38281.229,-36.033
38281.280,-35.987
38281.378,-35.993
38281.473,-35.98
38281.576,-35.987
38281.672,-36.0
38281.771,-35.947
38281.873,-36.013
38281.988,-35.947
38282.084,-35.967
38282.182,-35.98
38282.288,-35.96
38282.378,-35.92
38282.474,-35.973
38282.571,-35.893
38282.685,-35.907
38282.783,-35.953
38282.881,-35.927
38282.976,-35.96
38283.092,-35.84
38283.190,-35.933
38283.277,-35.913
38283.391,-35.953
38283.479,-35.947
38283.582,-35.867
38283.685,-35.893
38283.802,-35.873
38283.866,-35.96
38283.969,-35.893
38284.079,-35.893
38284.182,-35.88
38284.283,-35.9
38284.407,-35.927
38284.505,-35.993
38284.599,-35.86
38284.723,-35.953
38284.822,-36.007
38284.863,-36.033
38284.964,-35.953
38285.062,-35.967
38285.160,-35.92
38285.278,-36.033
38285.371,-35.933
38285.471,-36.027
38285.640,-35.987
38285.668,-35.96
38285.763,-35.96
38285.859,-35.907
38285.964,-36.047
38286.065,-35.947
38286.163,-35.86
38286.258,-35.887
38286.371,-35.96
38286.469,-35.933
38286.567,-35.993
38286.663,-35.96
38336.771,-35.933
38336.866,-35.98
38336.962,-35.967
38337.065,-36.02
38337.177,-35.893
38337.273,-36.08
38337.371,-35.807
38337.478,-35.993
38337.599,-36.02
38337.670,-35.967
38337.753,-35.913
38337.859,-35.773
38337.959,-35.893
38338.069,-36.0
38338.212,-35.953
38338.304,-35.873
38338.405,-35.833
38338.456,-35.827
38338.604,-35.927
38338.653,-35.967
38338.755,-36.007
38338.847,-35.86
38338.956,-35.913
38339.047,-35.98
38339.170,-36.12
38339.271,-36.053
38339.347,-35.973
38339.446,-35.867
38339.565,-35.953
38339.662,-35.987
38339.751,-35.953
38339.849,-36.133
38339.947,-35.94
38340.050,-35.933
38340.147,-36.087
38340.266,-35.993
38340.373,-35.933
38340.464,-35.98
38340.560,-35.947
38340.657,-35.993
38340.763,-35.973
38340.861,-35.947
38340.954,-36.08
38341.074,-36.027
38341.177,-35.987
38341.273,-35.953
38341.366,-35.92
38341.476,-35.847
38341.589,-35.973
38341.685,-35.947
38341.780,-35.987
38341.886,-35.92
38341.986,-35.947
38342.038,-35.927
38342.160,-35.987
38342.270,-36.047
38342.348,-35.92
38342.498,-35.987
38342.549,-35.953
38342.641,-36.0
38342.739,-36.007
38342.841,-35.987
38342.946,-36.0
38343.055,-35.973
38343.152,-36.0
38343.250,-35.907
38343.336,-35.92
38343.457,-35.933
38343.555,-35.973
38343.650,-35.973
38343.773,-35.947
38343.869,-35.88
38343.945,-36.013
38344.050,-35.927
38344.138,-36.047
38344.238,-35.92
38344.334,-36.047
38344.459,-35.98
38344.555,-35.82
38344.655,-35.92
38344.751,-36.027
38344.851,-35.947
38344.951,-35.867
38345.072,-35.92
38345.150,-35.98
38345.256,-35.92
38345.376,-35.973
38345.473,-36.02
38345.562,-35.82
38345.685,-35.927
38345.780,-35.887
38345.886,-36.007
38345.930,-36.047
38346.033,-35.793
38346.192,-36.0
38346.299,-36.0
38346.324,-35.98
38346.442,-35.933
38346.535,-36.013
38346.646,-35.96
38396.739,-35.907
38396.841,-35.987
38396.942,-35.893
38397.077,-35.967
38397.131,-35.847
38397.231,-35.887
38397.356,-35.893
38397.442,-35.973
38397.540,-36.007
38397.636,-35.94
38397.726,-35.9
38397.834,-35.947
38397.932,-35.96
38398.028,-36.0
38398.136,-35.94
38398.234,-35.913
38398.334,-35.98
38398.432,-36.067
38398.552,-35.993
38398.650,-35.84
38398.748,-35.873
38398.841,-35.893
38398.962,-35.86
38399.060,-35.967
38399.157,-35.847
38399.261,-35.953
38399.358,-35.88
38399.479,-35.933
38399.560,-35.947
38399.674,-35.973
38399.773,-35.94
38399.869,-35.927
38399.972,-36.047
38400.049,-35.893
38400.123,-35.967
38400.219,-35.907
38400.320,-35.947
38400.417,-36.047
38400.522,-36.02
38400.684,-36.027
38400.712,-35.987
38400.832,-35.987
38400.930,-36.013
38401.033,-36.0
38401.126,-35.98
38401.226,-35.9
38401.324,-35.947
38401.427,-35.98
38401.530,-35.973
38401.609,-35.993
38401.712,-35.92
38401.822,-35.953
38401.922,-35.973
38402.025,-36.1
38402.133,-35.927
38402.212,-35.9
38402.337,-35.96
38402.435,-35.947
38402.545,-35.9
38402.641,-35.873
38402.739,-35.753
38402.834,-35.807
38402.937,-35.96
38403.052,-35.973
38403.153,-35.953
38403.244,-35.913
38403.349,-36.007
38403.469,-36.0
38403.569,-36.027
38403.604,-36.033
38403.761,-35.96
38403.812,-35.86
38403.907,-36.047
38404.018,-35.94
38404.116,-36.0
38404.212,-35.987
38404.310,-35.907
38404.408,-35.887
38404.506,-36.033
38404.606,-35.947
38404.707,-35.98
38404.820,-35.973
38404.918,-35.98
38405.011,-36.04
38405.118,-36.013
38405.236,-36.0
38405.310,-35.92
38405.442,-36.007
38405.496,-35.933
38405.599,-35.907
38405.706,-36.007
38405.807,-35.947
38405.905,-36.013
38406.010,-36.02
38406.113,-36.06
38406.223,-35.96
38406.320,-35.827
38406.408,-35.973
38406.543,-35.92
38406.626,-35.9
38456.746,-35.893
38456.844,-35.98
38456.930,-35.987
38457.054,-35.94
38457.152,-36.093
38457.244,-36.0
38457.348,-35.88
38457.398,-35.86
38457.494,-35.973
38457.592,-35.987
38457.697,-35.96
38457.793,-35.987
38457.891,-35.893
38457.989,-35.94
38458.108,-35.953
38458.204,-35.933
38458.307,-35.953
38458.405,-36.033
38458.503,-36.053
38458.599,-35.993
38458.702,-35.993
38458.792,-35.947
38458.888,-36.013
38459.008,-35.9
38459.116,-36.013
38459.206,-35.953
38459.302,-36.06
38459.400,-35.893
38459.506,-35.887
38459.604,-35.9
38459.699,-35.947
38459.820,-35.96
38459.920,-36.0
38460.016,-35.887
38460.113,-35.887
38460.219,-36.013
38460.329,-36.067
38460.427,-35.953
38460.481,-35.807
38460.630,-35.887
38460.695,-36.007
38460.799,-36.053
38460.900,-36.0
38461.033,-35.953
38461.087,-35.933
38461.189,-35.947
38461.320,-36.04
38461.395,-35.9
38461.543,-35.927
38461.594,-35.953
38461.690,-35.973
38461.793,-36.027
38461.907,-35.96
38461.988,-36.007
38462.082,-35.9
38462.179,-35.933
38462.299,-35.893
38462.390,-35.813
38462.494,-35.853
38462.586,-35.86
38462.682,-35.96
38462.790,-35.927
38462.880,-35.92
38462.998,-35.867
38463.096,-36.06
38463.202,-35.967
38463.299,-35.98
38463.396,-35.987
38463.494,-35.913
38463.596,-35.973
38463.694,-35.9
38463.839,-36.04
38463.903,-35.893
38464.003,-35.94
38464.099,-35.9
38464.219,-35.767
38464.305,-35.94
38464.425,-35.94
38464.520,-35.96
38464.628,-35.86
38464.719,-35.867
38464.770,-36.0
38464.932,-35.98
38465.040,-35.92
38465.069,-35.96
38465.234,-36.007
38465.327,-35.993
38465.434,-35.96
38465.486,-36.047
38465.584,-35.92
38465.679,-35.913
38465.780,-35.987
38465.881,-36.0
38465.978,-36.033
38466.067,-35.94
38466.168,-35.813
38466.268,-35.86
38466.376,-35.913
38466.467,-35.887
38466.584,-36.04
38466.668,-35.98
38516.771,-35.887
38516.878,-35.987
38516.974,-36.027
38517.072,-35.92
38517.201,-35.967
38517.273,-36.0
38517.391,-35.86
38517.489,-35.893
38517.582,-35.967
38517.663,-35.973
38517.766,-35.82
38517.873,-36.0
38517.979,-35.967
38518.099,-35.9
38518.189,-35.933
38518.327,-35.807
38518.393,-35.927
38518.516,-35.94
38518.611,-35.96
38518.717,-36.013
38518.812,-35.827
38518.903,-35.96
38519.040,-35.92
38519.060,-36.027
38519.165,-35.913
38519.263,-35.94
38519.359,-35.833
38519.474,-36.027
38519.570,-35.953
38519.670,-35.893
38519.775,-35.94
38519.863,-35.933
38519.969,-35.833
38520.084,-35.987
38520.167,-35.96
38520.263,-35.993
38520.359,-35.973
38520.456,-35.88
38520.559,-36.007
38520.660,-36.007
38520.755,-35.953
38520.876,-35.973
38520.969,-35.96
38521.067,-35.927
38521.185,-35.953
38521.288,-36.013
38521.386,-35.913
38521.484,-35.86
38521.582,-36.013
38521.680,-35.96
38521.800,-36.073
38521.898,-35.947
38521.978,-35.753
38522.084,-35.867
38522.206,-35.907
38522.304,-35.813
38522.347,-35.867
38522.513,-35.767
38522.609,-35.98
38522.714,-35.947
38522.753,-35.9
38522.849,-35.94
38522.946,-35.993
38523.126,-35.9
38523.153,-36.013
38523.250,-35.993
38523.361,-35.96
38523.451,-35.9
38523.543,-35.973
38523.643,-35.953
38523.750,-35.907
38523.864,-35.933
38523.962,-35.94
38524.043,-35.907
38524.143,-35.98
38524.250,-35.947
38524.344,-35.913
38524.454,-36.007
38524.550,-35.92
38524.658,-35.873
38524.755,-35.96
38524.851,-35.947
38524.962,-36.067
38525.060,-35.933
38525.158,-35.933
38525.261,-35.987
38525.380,-36.087
38525.478,-35.967
38525.572,-35.76
38525.670,-35.953
38525.788,-36.007
38525.888,-35.893
38525.984,-35.993
38526.092,-35.873
38526.187,-36.027
38526.241,-36.047
38526.388,-36.093
38526.434,-35.947
38526.599,-36.013
38526.699,-35.947
38576.800,-35.887
38576.849,-35.913
38576.947,-35.947
38577.043,-36.0
38577.148,-35.907
38577.248,-35.953
38577.349,-35.96
38577.451,-35.98
38577.537,-35.947
38577.633,-35.947
38577.741,-35.873
38577.903,-35.853
38577.929,-35.94
38578.030,-35.987
38578.136,-35.82
38578.234,-35.96
38578.339,-35.933
38578.451,-35.987
38578.548,-35.893
38578.641,-36.047
38578.761,-36.013
38578.856,-35.967
38578.962,-35.88
38579.049,-35.933
38579.170,-35.98
38579.266,-35.927
38579.373,-35.973
38579.471,-35.9
38579.567,-35.94
38579.697,-35.793
38579.741,-35.947
38579.888,-35.94
38579.981,-36.0
38580.072,-35.827
38580.131,-35.853
38580.228,-35.933
38580.324,-35.933
38580.430,-35.94
38580.533,-35.973
38580.631,-35.913
38580.731,-35.813
38580.822,-35.98
38580.944,-35.96
38581.040,-35.987
38581.143,-35.92
38581.239,-36.027
38581.337,-36.0
38581.427,-36.007
38581.557,-35.933
38581.636,-35.947
38581.738,-36.013
38581.817,-36.007
38581.920,-35.96
38582.023,-35.973
38582.131,-35.94
38582.233,-35.96
38582.339,-35.86
38582.435,-35.82
38582.530,-35.867
38582.636,-35.933
38582.750,-36.053
38582.848,-35.8
38582.940,-35.94
38583.048,-35.893
38583.143,-35.98
38583.265,-35.92
38583.371,-35.867
38583.462,-35.953
38583.559,-35.927
38583.679,-35.92
38583.758,-35.893
38583.812,-35.92
38583.976,-36.033
38584.074,-36.007
38584.177,-36.06
38584.211,-35.92
38584.331,-35.84
38584.422,-36.007
38584.523,-36.007
38584.621,-36.0
38584.785,-35.96
38584.842,-36.027
38584.913,-36.013
38585.011,-35.913
38585.111,-35.893
38585.209,-35.9
38585.321,-35.967
38585.423,-36.0
38585.506,-35.993
38585.619,-36.0
38585.714,-35.993
38585.812,-35.927
38585.942,-35.9
38586.030,-35.913
38586.125,-35.953
38586.226,-35.993
38586.310,-35.993
38586.432,-35.973
38586.542,-35.96
38586.640,-35.96
38876.748,-35.88
38876.844,-35.933
38876.939,-35.847
38877.047,-35.907
38877.158,-35.893
38877.253,-35.953
38877.351,-36.047
38877.459,-35.9
38877.555,-35.927
38877.606,-35.873
38877.701,-35.953
38877.807,-36.0
38877.903,-35.987
38878.003,-35.92
38878.099,-36.053
38878.209,-35.993
38878.307,-35.9
38878.407,-35.913
38878.518,-36.033
38878.599,-36.02
38878.719,-35.887
38878.819,-36.0
38878.908,-36.06
38879.030,-35.993
38879.101,-36.013
38879.209,-35.893
38879.317,-35.913
38879.440,-35.947
38879.500,-36.047
38879.619,-35.967
38879.701,-35.94
38879.805,-35.953
38879.910,-35.953
38880.006,-35.867
38880.092,-35.933
38880.196,-35.8
38880.319,-35.953
38880.423,-35.993
38880.537,-36.047
38880.635,-36.0
38880.733,-35.853
38880.837,-35.953
38880.937,-35.913
38881.038,-35.96
38881.133,-35.947
38881.255,-35.84
38881.351,-35.953
38881.457,-35.973
38881.496,-35.867
38881.592,-35.82
38881.690,-35.92
38881.787,-35.827
38881.893,-35.967
38881.989,-35.953
38882.104,-35.92
38882.216,-35.973
38882.307,-35.94
38882.403,-35.973
38882.501,-35.94
38882.589,-36.047
38882.685,-36.04
38882.809,-35.973
38882.903,-35.96
38883.000,-35.98
38883.094,-35.84
38883.190,-35.873
38883.295,-35.86
38883.408,-36.02
38883.503,-35.993
38883.599,-35.96
38883.706,-35.913
38883.802,-35.767
38883.903,-35.893
38884.000,-35.907
38884.121,-35.927
38884.219,-36.0
38884.315,-35.793
38884.410,-35.953
38884.533,-35.98
38884.631,-35.933
38884.726,-35.98
38884.788,-35.893
38884.891,-35.973
38884.998,-35.98
38885.099,-35.867
38885.177,-35.933
38885.310,-35.84
38885.388,-35.967
38885.520,-35.967
38885.594,-36.013
38885.675,-36.147
38885.837,-35.913
38885.891,-35.94
38885.986,-35.92
38886.109,-36.013
38886.177,-35.98
38886.275,-35.933
38886.371,-35.9
38886.493,-35.847
38886.603,-35.953
38886.687,-35.88
38936.783,-35.987
38936.880,-35.947
38936.972,-35.96
38937.082,-35.853
38937.177,-35.987
38937.295,-35.967
38937.381,-35.913
38937.501,-35.9
38937.598,-36.027
38937.704,-35.947
38937.788,-35.953
38937.907,-35.987
38938.003,-35.853
38938.116,-35.893
38938.212,-35.98
38938.309,-35.947
38938.410,-35.887
38938.513,-35.94
38938.611,-35.907
38938.731,-35.96
38938.812,-35.9
38938.920,-35.94
38938.974,-35.907
38939.065,-35.993
38939.177,-35.927
38939.272,-35.927
38939.373,-35.987
38939.469,-36.047
38939.565,-35.92
38939.663,-35.947
38939.780,-35.96
38939.876,-35.987
38939.976,-35.887
38940.079,-35.947
38940.190,-35.88
38940.277,-35.96
38940.378,-36.047
38940.481,-35.98
38940.606,-35.893
38940.679,-36.073
38940.758,-35.98
38940.868,-35.907
38940.967,-35.953
38941.076,-35.873
38941.173,-35.94
38941.278,-36.0
38941.381,-35.987
38941.459,-35.973
38941.567,-35.9
38941.687,-36.067
38941.790,-36.007
38941.885,-36.1
38942.006,-36.007
38942.116,-35.867
38942.206,-35.927
38942.302,-35.913
38942.395,-35.887
38942.498,-35.887
38942.554,-35.833
38942.717,-35.893
38942.814,-35.933
38942.920,-36.007
38943.018,-35.98
38943.067,-35.94
38943.163,-35.92
38943.266,-35.807
38943.363,-35.86
38943.466,-35.92
38943.628,-35.993
38943.657,-35.913
38943.751,-36.067
38943.871,-36.02
38943.951,-35.9
38944.062,-35.98
38944.160,-35.833
38944.256,-35.873
38944.364,-35.987
38944.457,-35.86
38944.552,-35.987
38944.650,-35.96
38944.753,-36.033
38944.854,-36.007
38944.961,-36.013
38945.057,-36.033
38945.146,-35.807
38945.266,-35.813
38945.359,-35.953
38945.469,-35.953
38945.589,-35.987
38945.685,-35.92
38945.790,-35.987
38945.902,-36.107
38945.998,-36.013
38946.094,-35.947
38946.201,-35.94
38946.299,-36.02
38946.398,-35.88
38946.451,-35.907
38946.550,-35.88
38946.643,-35.887
38996.810,-35.993
38996.861,-35.94
38996.940,-36.06
38997.052,-35.813
38997.148,-35.92
38997.261,-35.94
38997.363,-35.967
38997.459,-36.007
38997.538,-36.08
38997.650,-35.98
38997.751,-35.993
38997.847,-35.973
38997.942,-35.947
38998.040,-36.073
38998.155,-35.98
38998.258,-35.867
38998.334,-35.993
38998.440,-36.0
38998.542,-35.92
38998.643,-35.927
38998.744,-35.887
38998.851,-35.953
38998.957,-35.907
38999.043,-35.953
38999.167,-35.94
38999.265,-35.82
38999.366,-35.993
38999.467,-35.953
38999.576,-35.92
38999.673,-35.927
38999.768,-35.813
38999.876,-35.967
38999.996,-35.867
39000.091,-35.98
39000.199,-35.933
39000.285,-35.887
39000.337,-35.953
39000.430,-35.933
39000.636,-35.967
39000.636,-35.987
39000.741,-35.933
39000.839,-35.84
39000.937,-35.987
39001.047,-35.96
39001.141,-35.98
39001.246,-35.96
39001.329,-35.993
39001.427,-35.867
39001.548,-35.94
39001.672,-35.98
39001.766,-36.0
39001.841,-35.96
39001.935,-35.96
39002.038,-36.027
39002.125,-35.933
39002.233,-36.027
39002.334,-35.887
39002.447,-35.92
39002.547,-35.893
39002.641,-35.92
39002.739,-36.04
39002.846,-36.047
39002.944,-35.893
39003.064,-35.84
39003.148,-35.833
39003.233,-35.927
39003.332,-35.94
39003.434,-35.88
39003.530,-35.8
39003.648,-35.927
39003.772,-35.927
39003.820,-35.953
39003.923,-36.0
39004.084,-35.86
39004.182,-35.973
39004.287,-35.96
39004.381,-35.993
39004.432,-36.067
39004.525,-35.98
39004.633,-35.887
39004.729,-35.94
39004.827,-35.987
39004.930,-35.993
39005.021,-35.873
39005.141,-35.847
39005.239,-35.96
39005.315,-36.027
39005.417,-35.867
39005.516,-35.967
39005.636,-35.92
39005.717,-35.907
39005.824,-35.98
39005.920,-36.007
39006.015,-36.04
39006.125,-35.907
39006.219,-36.107
39006.341,-35.987
39006.447,-36.047
39006.535,-35.913
39006.630,-35.913
39056.751,-35.993
39056.834,-35.947
39056.954,-35.92
39057.052,-35.947
39057.147,-35.867
39057.251,-36.027
39057.348,-36.007
39057.467,-36.027
39057.550,-35.96
39057.663,-35.967
39057.760,-36.087
39057.810,-35.993
39057.918,-36.013
39058.065,-35.947
39058.143,-35.907
39058.217,-36.0
39058.307,-36.0
39058.407,-35.913
39058.510,-35.947
39058.606,-35.927
39058.719,-35.947
39058.812,-35.947
39058.910,-35.94
39059.021,-35.98
39059.116,-35.893
39059.241,-35.84
39059.326,-35.92
39059.418,-35.92
39059.513,-35.973
39059.611,-35.887
39059.712,-35.907
39059.824,-35.973
39059.920,-36.013
39060.015,-36.053
39060.121,-36.053
39060.214,-36.0
39060.334,-35.853
39060.432,-35.847
39060.535,-35.78
39060.631,-35.893
39060.750,-35.9
39060.856,-35.967
39060.946,-35.973
39061.042,-35.873
39061.135,-36.04
39061.224,-35.913
39061.359,-36.0
39061.459,-35.94
39061.555,-36.06
39061.660,-35.96
39061.758,-35.84
39061.856,-35.82
39061.910,-35.86
39062.008,-35.947
39062.111,-35.927
39062.217,-35.927
39062.344,-35.927
39062.396,-35.94
39062.518,-36.013
39062.601,-35.98
39062.695,-36.0
39062.809,-35.94
39062.908,-36.013
39063.003,-35.92
39063.104,-35.893
39063.201,-35.973
39063.300,-35.867
39063.395,-35.927
39063.500,-35.88
39063.601,-35.86
39063.699,-35.967
39063.798,-35.913
39063.912,-36.02
39064.008,-35.973
39064.104,-36.007
39064.207,-35.993
39064.327,-35.867
39064.424,-36.08
39064.532,-36.013
39064.618,-35.94
39064.736,-35.933
39064.832,-35.94
39064.945,-36.033
39065.042,-36.04
39065.138,-35.853
39065.189,-35.947
39065.292,-35.893
39065.451,-35.973
39065.505,-36.04
39065.587,-36.027
39065.709,-35.887
39065.792,-35.96
39065.902,-35.86
39066.003,-35.953
39066.099,-36.113
39066.202,-35.893
39066.283,-35.88
39066.391,-35.94
39066.489,-35.907
39066.592,-35.913
39066.696,-36.06
39116.780,-35.873
39116.902,-35.847
39116.981,-35.893
39117.079,-35.92
39117.196,-35.973
39117.295,-35.907
39117.391,-35.98
39117.486,-35.98
39117.587,-36.027
39117.711,-35.94
39117.798,-36.133
39117.908,-35.907
39118.006,-35.947
39118.104,-35.887
39118.211,-35.867
39118.317,-35.933
39118.413,-35.967
39118.516,-35.82
39118.619,-35.86
39118.761,-35.96
39118.824,-36.0
39118.942,-36.047
39119.033,-35.973
39119.131,-35.9
39119.182,-35.993
39119.354,-35.98
39119.380,-35.987
39119.479,-35.913
39119.579,-35.88
39119.680,-35.947
39119.788,-35.98
39119.871,-36.007
39119.976,-36.067
39120.069,-35.96
39120.187,-35.893
39120.285,-35.953
39120.412,-36.02
39120.489,-35.913
39120.587,-35.887
39120.709,-36.007
39120.780,-35.907
39120.869,-36.0
39120.988,-36.04
39121.069,-35.907
39121.192,-35.973
39121.290,-35.953
39121.386,-35.967
39121.483,-36.02
39121.584,-35.993
39121.704,-35.887
39121.802,-35.913
39121.881,-35.867
39121.989,-36.047
39122.111,-35.973
39122.207,-35.933
39122.320,-35.82
39122.415,-36.027
39122.513,-36.08
39122.621,-35.933
39122.663,-35.94
39122.824,-35.92
39122.920,-35.88
39123.028,-35.893
39123.123,-36.113
39123.219,-35.973
39123.271,-35.847
39123.376,-35.94
39123.472,-35.953
39123.572,-35.893
39123.675,-35.913
39123.782,-35.913
39123.864,-35.887
39123.964,-35.987
39124.087,-36.047
39124.177,-35.947
39124.273,-36.073
39124.363,-36.02
39124.479,-35.893
39124.574,-36.013
39124.672,-36.04
39124.758,-35.827
39124.866,-35.873
39124.962,-35.98
39125.060,-36.033
39125.192,-35.987
39125.266,-35.987
39125.386,-35.94
39125.484,-35.807
39125.574,-35.987
39125.697,-35.873
39125.793,-35.973
39125.890,-35.827
39125.994,-35.973
39126.094,-35.993
39126.214,-35.96
39126.292,-35.947
39126.403,-35.947
39126.503,-36.013
39126.555,-35.94
39126.706,-35.893
39176.824,-36.02
39176.851,-35.92
39176.951,-35.973
39177.052,-35.987
39177.148,-36.007
39177.251,-36.007
39177.351,-35.947
39177.462,-35.973
39177.559,-35.987
39177.658,-35.973
39177.768,-35.933
39177.849,-35.853
39177.964,-35.893
39178.065,-35.973
39178.153,-35.94
39178.250,-36.053
39178.358,-35.947
39178.464,-35.927
39178.547,-35.993
39178.655,-35.9
39178.753,-35.927
39178.864,-35.8
39178.971,-35.987
39179.067,-35.933
39179.163,-35.927
39179.278,-35.987
39179.371,-36.053
39179.472,-36.1
39179.565,-35.967
39179.692,-35.92
39179.788,-36.033
39179.885,-35.96
39179.967,-36.02
39180.079,-35.873
39180.199,-35.833
39180.297,-35.793
39180.403,-35.873
39180.501,-35.987
39180.599,-36.013
39180.650,-35.94
39180.751,-35.933
39180.844,-36.033
39180.942,-35.933
39181.045,-35.933
39181.141,-35.933
39181.243,-36.0
39181.339,-35.947
39181.437,-35.913
39181.537,-35.967
39181.636,-35.967
39181.756,-35.9
39181.844,-36.013
39181.940,-36.013
39182.037,-35.94
39182.141,-36.0
39182.243,-35.893
39182.339,-35.94
39182.434,-35.96
39182.543,-35.873
39182.648,-35.92
39182.793,-35.967
39182.866,-35.927
39182.952,-36.053
39183.072,-35.92
39183.168,-36.047
39183.275,-35.873
39183.366,-35.96
39183.467,-35.887
39183.562,-35.947
39183.692,-35.973
39183.783,-35.82
39183.878,-36.04
39183.976,-36.053
39184.043,-35.907
39184.197,-35.913
39184.250,-35.827
39184.329,-35.867
39184.435,-35.907
39184.540,-35.84
39184.635,-35.887
39184.748,-35.987
39184.824,-35.96
39184.925,-36.06
39185.025,-35.96
39185.136,-35.987
39185.234,-35.907
39185.331,-35.893
39185.429,-35.947
39185.523,-36.007
39185.623,-35.987
39185.744,-36.093
39185.848,-35.933
39185.937,-35.873
39186.035,-35.98
39186.130,-35.947
39186.233,-35.967
39186.354,-35.82
39186.449,-35.92
39186.548,-35.987
39186.653,-35.92
39476.748,-35.953
39476.844,-35.807
39476.951,-36.027
39477.062,-35.953
39477.155,-35.96
39477.258,-35.9
39477.361,-35.853
39477.459,-36.0
39477.555,-35.98
39477.685,-35.907
39477.787,-35.993
39477.873,-35.907
39477.969,-36.02
39478.023,-35.94
39478.116,-35.907
39478.214,-35.88
39478.378,-35.927
39478.420,-36.08
39478.528,-35.92
39478.625,-35.873
39478.726,-35.92
39478.836,-35.987
39478.932,-35.927
39479.028,-35.987
39479.126,-35.967
39479.241,-35.973
39479.319,-35.96
39479.422,-35.987
39479.523,-36.0
39479.628,-35.933
39479.714,-36.013
39479.822,-35.933
39479.910,-35.853
39480.030,-35.907
39480.128,-35.88
39480.217,-35.833
39480.329,-35.98
39480.425,-35.933
39480.547,-36.06
39480.626,-35.973
39480.739,-35.927
39480.841,-35.993
39480.959,-35.873
39481.035,-36.073
39481.158,-35.887
39481.253,-35.967
39481.359,-36.0
39481.469,-35.813
39481.567,-35.947
39481.663,-35.953
39481.771,-35.913
39481.869,-35.867
39481.967,-35.767
39482.067,-35.907
39482.119,-35.927
39482.212,-35.94
39482.310,-36.0
39482.408,-35.893
39482.508,-35.873
39482.606,-35.913
39482.706,-35.927
39482.805,-35.947
39482.903,-36.027
39483.001,-35.807
39483.099,-35.913
39483.223,-36.02
39483.314,-36.033
39483.442,-35.94
39483.582,-35.913
39483.611,-35.873
39483.704,-36.007
39483.810,-35.973
39483.896,-36.047
39484.006,-35.74
39484.101,-35.967
39484.226,-35.98
39484.300,-35.993
39484.434,-35.933
39484.530,-35.973
39484.628,-35.86
39484.736,-35.887
39484.832,-36.007
39484.934,-36.08
39485.037,-35.8
39485.148,-35.933
39485.248,-35.893
39485.339,-35.887
39485.447,-36.033
39485.498,-35.9
39485.658,-35.887
39485.771,-35.947
39485.849,-35.96
39485.900,-35.96
39486.005,-35.873
39486.101,-35.867
39486.207,-35.987
39486.307,-36.0
39486.405,-35.927
39486.506,-35.887
39486.613,-35.947
39486.709,-36.0
39536.807,-35.953
39536.920,-36.06
39537.023,-35.933
39537.097,-35.927
39537.194,-35.927
39537.288,-35.953
39537.388,-36.073
39537.488,-35.933
39537.606,-35.88
39537.697,-35.913
39537.804,-35.867
39537.888,-35.947
39537.993,-36.04
39538.116,-35.98
39538.211,-35.9
39538.309,-35.92
39538.408,-35.94
39538.530,-36.007
39538.626,-36.013
39538.709,-35.84
39538.846,-35.913
39538.942,-35.793
39539.035,-36.0
39539.148,-35.933
39539.246,-35.913
39539.342,-36.0
39539.446,-35.993
39539.486,-35.913
39539.582,-35.98
39539.679,-35.867
39539.856,-35.92
39539.888,-36.087
39539.988,-36.007
39540.092,-36.06
39540.182,-35.893
39540.295,-35.84
39540.391,-35.94
39540.486,-36.027
39540.594,-35.813
39540.694,-35.933
39540.795,-35.933
39540.915,-36.033
39540.996,-35.953
39541.076,-35.9
39541.175,-36.06
39541.283,-35.887
39541.400,-35.933
39541.491,-35.973
39541.589,-35.92
39541.694,-36.0
39541.788,-35.8
39541.908,-36.007
39542.043,-35.92
39542.096,-35.933
39542.214,-35.993
39542.310,-35.96
39542.400,-35.86
39542.522,-35.893
39542.619,-35.92
39542.668,-35.86
39542.822,-36.0
39542.897,-35.893
39542.971,-35.867
39543.092,-35.953
39543.168,-35.913
39543.271,-36.0
39543.381,-35.933
39543.533,-35.867
39543.586,-35.913
39543.673,-35.827
39543.770,-35.827
39543.878,-35.873
39543.976,-35.953
39544.074,-36.013
39544.168,-35.92
39544.268,-35.947
39544.364,-35.94
39544.486,-35.807
39544.592,-35.9
39544.680,-35.953
39544.780,-35.933
39544.880,-35.867
39544.962,-35.873
39545.092,-35.907
39545.190,-35.98
39545.283,-35.847
39545.393,-35.92
39545.498,-35.893
39545.592,-35.993
39545.692,-35.887
39545.805,-35.833
39545.903,-36.08
39546.001,-35.887
39546.104,-35.94
39546.201,-36.013
39546.302,-35.987
39546.400,-35.947
39546.547,-35.96
39546.621,-35.907
39596.716,-36.027
39596.795,-35.94
39596.866,-35.907
39596.957,-35.847
39597.057,-35.933
39597.163,-35.853
39597.322,-36.013
39597.373,-35.907
39597.467,-35.933
39597.554,-35.953
39597.673,-36.1
39597.773,-36.0
39597.854,-35.973
39597.964,-35.953
39598.065,-35.953
39598.163,-35.987
39598.265,-36.013
39598.351,-35.993
39598.471,-36.04
39598.555,-35.787
39598.677,-35.867
39598.766,-35.967
39598.861,-35.987
39598.966,-35.987
39599.071,-35.927
39599.168,-35.913
39599.288,-35.873
39599.369,-36.06
39599.476,-36.073
39599.574,-35.893
39599.695,-36.027
39599.780,-36.047
39599.856,-35.947
39600.000,-36.007
39600.103,-35.94
39600.195,-35.953
39600.246,-35.933
39600.405,-36.033
39600.513,-35.953
39600.611,-35.813
39600.711,-35.953
39600.743,-35.927
39600.908,-35.94
39601.011,-35.833
39601.062,-35.973
39601.155,-35.913
39601.255,-36.007
39601.371,-35.973
39601.457,-36.06
39601.597,-36.02
39601.648,-35.92
39601.748,-35.933
39601.849,-35.987
39601.940,-36.007
39602.050,-35.967
39602.155,-35.893
39602.241,-35.9
39602.351,-35.887
39602.449,-35.913
39602.552,-35.9
39602.650,-35.78
39602.765,-35.88
39602.861,-35.96
39602.957,-36.007
39603.043,-35.913
39603.155,-36.033
39603.275,-35.92
39603.371,-36.033
39603.481,-35.94
39603.581,-35.96
39603.685,-35.98
39603.751,-35.84
39603.897,-35.933
39603.996,-36.02
39604.089,-35.993
39604.190,-35.953
39604.288,-35.94
39604.383,-35.947
39604.435,-35.947
39604.538,-35.987
39604.638,-36.04
39604.734,-35.913
39604.836,-36.027
39604.945,-35.947
39605.040,-36.0
39605.146,-35.9
39605.248,-35.94
39605.334,-35.88
39605.429,-35.887
39605.576,-35.96
39605.641,-35.98
39605.741,-35.967
39605.841,-35.873
39606.027,-35.853
39606.028,-35.847
39606.131,-35.9
39606.238,-35.973
39606.351,-35.907
39606.442,-35.96
39606.543,-35.973
39606.636,-36.087
39656.739,-36.0
39656.856,-35.86
39656.954,-35.967
39657.050,-35.847
39657.155,-35.96
39657.258,-35.96
39657.353,-35.88
39657.456,-35.98
39657.567,-35.973
39657.665,-35.947
39657.785,-35.98
39657.890,-35.86
39657.986,-35.94
39658.082,-35.913
39658.189,-36.007
39658.273,-36.0
39658.327,-35.953
39658.425,-35.96
39658.523,-35.92
39658.623,-35.987
39658.724,-35.893
39658.822,-35.893
39658.949,-36.0
39659.042,-35.947
39659.140,-35.96
39659.241,-35.967
39659.336,-35.933
39659.434,-35.933
39659.533,-35.873
39659.658,-35.88
39659.736,-35.94
39659.858,-35.993
39659.937,-35.947
39660.023,-35.987
39660.126,-36.053
39660.226,-36.007
39660.329,-36.007
39660.437,-36.047
39660.530,-35.9
39660.633,-36.007
39660.714,-35.913
39660.822,-35.933
39660.940,-35.967
39661.038,-35.907
39661.141,-35.927
39661.261,-35.92
39661.356,-35.967
39661.459,-35.993
39661.565,-35.813
39661.663,-35.94
39661.761,-35.847
39661.812,-35.947
39661.913,-35.94
39662.010,-35.973
39662.175,-35.933
39662.275,-36.027
39662.329,-36.087
39662.473,-36.073
39662.523,-35.98
39662.623,-35.933
39662.724,-35.88
39662.820,-35.98
39662.927,-36.02
39663.008,-35.953
39663.108,-35.88
39663.263,-35.913
39663.334,-35.927
39663.420,-36.04
39663.516,-35.82
39663.619,-35.907
39663.711,-36.04
39663.807,-35.98
39663.908,-35.92
39664.011,-35.907
39664.119,-35.96
39664.221,-35.993
39664.322,-36.007
39664.403,-35.98
39664.527,-36.007
39664.616,-35.9
39664.741,-35.867
39664.822,-35.9
39664.946,-35.953
39665.042,-35.967
39665.140,-35.893
39665.236,-35.913
39665.358,-35.92
39665.454,-35.847
39665.545,-35.947
39665.648,-35.867
39665.699,-35.907
39665.864,-35.933
39665.905,-36.013
39666.001,-36.06
39666.098,-35.82
39666.197,-35.873
39666.298,-36.013
39666.400,-35.953
39666.513,-35.907
39666.609,-35.92
39666.709,-35.913
39716.810,-36.013
39716.907,-35.92
39717.008,-36.027
39717.097,-36.047
39717.194,-35.907
39717.314,-36.0
39717.398,-35.947
39717.501,-35.907
39717.592,-35.887
39717.712,-35.847
39717.812,-35.94
39717.908,-36.047
39718.003,-35.987
39718.116,-35.987
39718.224,-35.82
39718.302,-35.96
39718.407,-35.86
39718.522,-35.96
39718.597,-35.973
39718.701,-35.9
39718.800,-35.987
39718.900,-35.9
39718.998,-35.98
39719.099,-35.987
39719.187,-35.94
39719.312,-35.893
39719.423,-35.98
39719.547,-36.027
39719.650,-35.947
39719.702,-35.813
39719.851,-35.893
39719.903,-36.02
39720.005,-35.973
39720.092,-35.893
39720.189,-35.893
39720.288,-35.887
39720.405,-35.927
39720.501,-35.92
39720.601,-35.927
39720.684,-35.913
39720.800,-35.92
39720.896,-36.013
39720.993,-35.987
39721.094,-35.96
39721.190,-36.013
39721.288,-35.907
39721.381,-35.853
39721.486,-35.853
39721.604,-36.06
39721.702,-35.953
39721.785,-35.84
39721.920,-36.007
39722.016,-35.98
39722.113,-35.927
39722.222,-36.007
39722.320,-35.92
39722.415,-35.953
39722.520,-35.96
39722.631,-35.933
39722.685,-35.873
39722.793,-35.847
39722.932,-35.98
39723.028,-35.893
39723.082,-35.933
39723.256,-36.047
39723.273,-35.96
39723.440,-35.867
39723.540,-36.013
39723.635,-36.067
39723.692,-35.913
39723.797,-35.927
39723.888,-35.9
39723.991,-35.913
39724.071,-36.08
39724.195,-35.98
39724.292,-36.04
39724.385,-35.953
39724.479,-35.953
39724.576,-35.98
39724.675,-36.013
39724.770,-35.967
39724.888,-35.847
39724.988,-35.973
39725.092,-35.913
39725.180,-35.873
39725.273,-35.96
39725.393,-35.9
39725.494,-35.953
39725.579,-35.94
39725.699,-36.04
39725.793,-35.933
39725.935,-35.987
39725.994,-35.953
39726.116,-35.9
39726.196,-35.98
39726.305,-36.013
39726.400,-36.0
39726.520,-35.92
39726.614,-35.94
39726.709,-35.947
39776.831,-35.953
39776.883,-35.98
39776.984,-35.833
39777.067,-36.027
39777.173,-35.9
39777.342,-36.013
39777.371,-35.947
39777.476,-35.907
39777.579,-35.907
39777.667,-35.853
39777.766,-35.893
39777.864,-35.927
39777.976,-35.96
39778.071,-35.98
39778.157,-35.913
39778.280,-36.04
39778.400,-35.94
39778.474,-36.007
39778.572,-35.853
39778.668,-35.847
39778.770,-35.96
39778.881,-36.013
39778.978,-36.013
39779.076,-35.807
39779.180,-35.987
39779.277,-35.94
39779.368,-35.973
39779.503,-35.967
39779.577,-35.907
39779.695,-35.987
39779.790,-36.047
39779.881,-36.053
39779.984,-35.993
39780.087,-35.853
39780.177,-36.1
39780.271,-35.94
39780.393,-35.933
39780.451,-35.92
39780.555,-35.8
39780.653,-35.887
39780.751,-35.893
39780.917,-35.927
39781.018,-35.967
39781.116,-35.913
39781.168,-35.873
39781.260,-35.9
39781.366,-35.92
39781.466,-35.893
39781.567,-36.013
39781.670,-35.88
39781.775,-35.987
39781.853,-35.893
39781.954,-35.98
39782.077,-36.02
39782.157,-35.867
39782.261,-35.953
39782.356,-35.893
39782.451,-35.993
39782.543,-35.987
39782.650,-35.94
39782.751,-35.947
39782.856,-35.973
39782.942,-35.94
39783.064,-35.993
39783.177,-35.82
39783.263,-35.9
39783.385,-35.887
39783.481,-35.913
39783.589,-35.94
39783.687,-35.76
39783.785,-35.92
39783.883,-36.04
39783.981,-35.92
39784.101,-35.94
39784.201,-35.907
39784.283,-35.993
39784.398,-35.953
39784.498,-35.913
39784.618,-35.873
39784.648,-35.827
39784.744,-35.913
39784.841,-35.96
39784.937,-35.973
39785.040,-35.933
39785.141,-35.947
39785.243,-35.92
39785.339,-35.94
39785.452,-36.047
39785.555,-36.053
39785.652,-36.007
39785.751,-35.9
39785.842,-35.933
39785.939,-35.973
39786.033,-35.973
39786.141,-35.947
39786.239,-35.953
39786.393,-36.027
39786.452,-35.953
39786.555,-36.04
39786.652,-35.9
40076.751,-35.8
40076.854,-35.787
40076.962,-35.867
40077.037,-35.92
40077.133,-36.053
40077.263,-35.833
40077.332,-35.92
40077.437,-36.02
40077.540,-35.967
40077.646,-35.98
40077.756,-35.893
40077.876,-35.927
40077.969,-35.953
40078.060,-35.96
40078.182,-35.927
40078.236,-35.88
40078.391,-35.893
40078.489,-36.033
40078.537,-36.033
40078.633,-36.0
40078.739,-35.947
40078.837,-35.907
40078.932,-36.0
40079.030,-36.053
40079.126,-35.96
40079.224,-35.953
40079.344,-35.98
40079.427,-35.96
40079.543,-35.873
40079.643,-35.873
40079.743,-35.9
40079.839,-35.927
40079.935,-36.027
40080.032,-36.013
40080.126,-35.94
40080.229,-35.953
40080.327,-35.827
40080.446,-35.987
40080.530,-36.027
40080.638,-35.987
40080.734,-36.007
40080.856,-35.86
40080.989,-35.9
40081.062,-35.853
40081.157,-36.08
40081.265,-36.067
40081.349,-35.84
40081.472,-35.92
40081.567,-35.9
40081.675,-35.92
40081.726,-35.947
40081.836,-35.887
40081.937,-35.92
40082.023,-35.853
40082.114,-35.94
40082.217,-35.953
40082.329,-35.947
40082.430,-36.0
40082.516,-36.02
40082.614,-35.893
40082.733,-35.953
40082.837,-36.02
40082.934,-35.967
40083.033,-35.953
40083.125,-35.893
40083.226,-36.007
40083.322,-36.033
40083.420,-35.92
40083.513,-35.94
40083.633,-35.773
40083.726,-36.007
40083.859,-35.907
40083.957,-35.967
40084.030,-35.84
40084.126,-35.953
40084.217,-36.073
40084.337,-35.987
40084.435,-35.94
40084.532,-36.053
40084.641,-35.96
40084.734,-35.947
40084.854,-36.013
40084.940,-35.913
40085.052,-35.993
40085.148,-35.887
40085.241,-35.98
40085.349,-36.06
40085.447,-35.853
40085.565,-35.953
40085.674,-35.9
40085.753,-35.893
40085.807,-35.94
40085.903,-36.033
40086.060,-35.873
40086.111,-35.953
40086.212,-35.967
40086.312,-35.993
40086.408,-35.94
40086.515,-35.913
40086.619,-36.047
40086.702,-35.86
40136.802,-36.007
40136.903,-35.913
40137.013,-35.993
40137.119,-36.047
40137.199,-35.987
40137.322,-35.98
40137.422,-35.96
40137.511,-35.94
40137.599,-35.893
40137.719,-35.947
40137.819,-35.92
40137.922,-35.927
40138.021,-35.86
40138.118,-35.853
40138.216,-36.067
40138.314,-35.927
40138.435,-35.893
40138.530,-36.013
40138.621,-35.733
40138.723,-36.027
40138.842,-36.013
40138.937,-35.953
40139.050,-35.927
40139.147,-35.8
40139.244,-35.827
40139.295,-35.88
40139.396,-35.953
40139.557,-36.0
40139.653,-35.913
40139.760,-35.94
40139.859,-35.873
40139.974,-35.907
40140.003,-35.913
40140.109,-35.9
40140.207,-35.887
40140.288,-36.027
40140.393,-35.887
40140.496,-36.047
40140.601,-35.967
40140.701,-35.933
40140.790,-36.067
40140.888,-35.927
40141.008,-35.887
40141.098,-35.96
40141.190,-35.92
40141.300,-35.98
40141.396,-35.873
40141.488,-35.953
40141.601,-35.987
40141.743,-35.927
40141.817,-35.84
40141.945,-36.053
40142.001,-35.9
40142.119,-36.067
40142.216,-35.907
40142.307,-35.853
40142.425,-35.927
40142.525,-35.86
40142.621,-36.033
40142.724,-35.967
40142.822,-35.78
40142.944,-35.9
40143.023,-35.967
40143.135,-35.873
40143.185,-36.013
40143.344,-35.907
40143.391,-35.913
40143.481,-36.0
40143.646,-35.88
40143.680,-35.927
40143.783,-35.96
40143.880,-35.967
40143.998,-35.9
40144.096,-35.873
40144.196,-35.947
40144.297,-35.98
40144.396,-36.007
40144.494,-35.84
40144.584,-35.92
40144.680,-35.88
40144.782,-35.92
40144.886,-36.013
40145.018,-35.86
40145.121,-35.953
40145.175,-35.92
40145.280,-35.88
40145.381,-35.947
40145.494,-35.787
40145.597,-35.9
40145.677,-35.947
40145.802,-35.993
40145.898,-35.947
40145.983,-35.887
40146.104,-35.913
40146.197,-35.947
40146.332,-35.96
40146.420,-35.947
40146.516,-35.893
40146.614,-35.927
40196.711,-35.907
40196.834,-36.02
40196.932,-36.007
40197.032,-35.827
40197.135,-35.98
40197.168,-36.047
40197.266,-35.92
40197.369,-36.02
40197.483,-35.92
40197.579,-35.92
40197.675,-36.053
40197.773,-36.08
40197.869,-36.007
40197.988,-36.053
40198.084,-36.007
40198.170,-36.02
40198.283,-35.913
40198.383,-35.96
40198.481,-35.973
40198.579,-35.927
40198.675,-35.947
40198.773,-35.913
40198.866,-35.967
40198.973,-35.873
40199.070,-35.973
40199.189,-36.007
40199.271,-35.947
40199.385,-35.92
40199.479,-35.973
40199.599,-35.893
40199.684,-35.88
40199.804,-35.873
40199.898,-35.933
40200.005,-36.02
40200.089,-35.88
40200.209,-35.933
40200.307,-36.007
40200.418,-36.073
40200.513,-35.927
40200.611,-35.8
40200.709,-35.94
40200.812,-36.007
40200.861,-35.96
40201.023,-35.973
40201.108,-35.78
40201.174,-35.9
40201.268,-35.86
40201.366,-35.993
40201.478,-35.927
40201.574,-35.793
40201.674,-35.913
40201.760,-35.847
40201.866,-36.067
40201.961,-35.98
40202.071,-35.92
40202.175,-35.94
40202.255,-35.947
40202.351,-35.98
40202.469,-35.92
40202.579,-35.973
40202.667,-35.913
40202.763,-35.94
40202.863,-35.92
40202.969,-35.867
40203.065,-35.933
40203.189,-35.867
40203.285,-35.893
40203.381,-35.933
40203.476,-35.947
40203.571,-35.9
40203.682,-35.88
40203.793,-35.867
40203.890,-35.82
40203.986,-35.94
40204.092,-35.887
40204.190,-35.92
40204.310,-35.867
40204.417,-35.947
40204.494,-35.947
40204.614,-35.92
40204.709,-35.9
40204.800,-35.84
40204.851,-35.933
40204.949,-35.987
40205.047,-35.98
40205.150,-35.893
40205.246,-35.96
40205.344,-35.987
40205.461,-35.987
40205.550,-35.9
40205.655,-35.967
40205.756,-35.967
40205.856,-35.98
40205.979,-36.033
40206.052,-35.987
40206.146,-35.973
40206.253,-35.94
40206.344,-35.853
40206.442,-35.953
40206.542,-35.927
40206.665,-35.987
40256.751,-35.967
40256.859,-35.813
40256.957,-35.893
40257.057,-35.9
40257.150,-35.933
40257.273,-36.0
40257.356,-35.96
40257.457,-35.967
40257.581,-35.933
40257.674,-35.9
40257.793,-36.013
40257.888,-35.947
40257.984,-35.893
40258.092,-36.04
40258.133,-35.907
40258.295,-35.967
40258.391,-35.833
40258.503,-35.9
40258.555,-35.94
40258.699,-35.993
40258.751,-36.0
40258.851,-35.88
40258.944,-35.873
40259.040,-36.007
40259.138,-35.873
40259.239,-35.96
40259.339,-36.067
40259.432,-35.973
40259.560,-35.927
40259.641,-35.893
40259.738,-35.96
40259.836,-35.993
40259.929,-35.867
40260.043,-36.007
40260.138,-35.867
40260.241,-36.0
40260.341,-35.827
40260.439,-35.833
40260.538,-35.9
40260.636,-35.833
40260.756,-35.94
40260.853,-35.933
40260.954,-35.82
40261.045,-36.027
40261.167,-35.907
40261.260,-35.86
40261.336,-35.9
40261.427,-35.953
40261.533,-35.873
40261.641,-35.847
40261.766,-35.867
40261.853,-35.893
40261.973,-35.907
40262.023,-35.887
40262.177,-35.96
40262.226,-35.973
40262.322,-35.993
40262.500,-35.84
40262.587,-35.927
40262.640,-35.913
40262.731,-36.0
40262.831,-35.987
40262.937,-35.833
40263.033,-35.873
40263.131,-35.867
40263.238,-36.0
40263.334,-35.94
40263.430,-36.02
40263.527,-35.953
40263.630,-35.94
40263.728,-35.987
40263.824,-35.92
40263.920,-35.953
40264.016,-35.933
40264.136,-35.94
40264.231,-35.893
40264.351,-35.927
40264.425,-35.96
40264.528,-35.907
40264.625,-36.007
40264.751,-35.853
40264.836,-35.927
40264.917,-35.987
40265.023,-35.773
40265.123,-35.887
40265.231,-35.933
40265.353,-35.94
40265.442,-35.96
40265.576,-35.813
40265.672,-35.98
40265.770,-35.807
40265.878,-35.927
40265.978,-35.967
40266.074,-35.8
40266.177,-35.947
40266.222,-35.907
40266.315,-35.9
40266.413,-35.92
40266.518,-36.087
40266.614,-36.02
40316.712,-35.96
40316.810,-35.92
40316.910,-35.893
40317.010,-35.973
40317.108,-36.033
40317.226,-35.907
40317.317,-35.947
40317.415,-36.033
40317.513,-36.027
40317.606,-35.933
40317.714,-36.007
40317.812,-35.933
40317.908,-35.9
40318.016,-35.8
40318.126,-35.913
40318.226,-35.873
40318.324,-35.953
40318.425,-36.013
40318.571,-35.967
40318.643,-35.867
40318.750,-35.887
40318.841,-36.013
40318.939,-35.987
40319.055,-35.96
40319.136,-35.933
40319.256,-35.887
40319.310,-36.047
40319.420,-35.88
40319.523,-35.913
40319.601,-35.987
40319.706,-35.807
40319.804,-36.0
40319.900,-35.84
40320.021,-36.02
40320.116,-36.04
40320.219,-35.993
40320.295,-35.893
40320.418,-35.847
40320.508,-35.913
40320.611,-36.007
40320.707,-35.907
40320.805,-35.92
40320.902,-35.9
40320.998,-35.867
40321.116,-35.94
40321.217,-36.007
40321.322,-35.98
40321.412,-35.887
40321.506,-35.993
40321.599,-36.0
40321.712,-35.92
40321.812,-35.927
40321.910,-36.04
40322.003,-35.973
40322.126,-35.827
40322.221,-35.84
40322.319,-35.893
40322.425,-35.987
40322.537,-35.993
40322.628,-35.913
40322.726,-35.947
40322.836,-35.82
40322.934,-35.927
40323.030,-35.907
40323.158,-35.92
40323.250,-35.96
40323.347,-35.913
40323.442,-36.02
40323.496,-35.893
40323.597,-35.82
40323.689,-35.993
40323.787,-35.9
40323.896,-35.967
40323.998,-36.027
40324.106,-35.933
40324.201,-36.033
40324.285,-35.947
40324.408,-35.82
40324.506,-35.953
40324.674,-36.007
40324.697,-35.993
40324.799,-35.993
40324.897,-36.073
40324.996,-35.84
40325.084,-35.947
40325.194,-35.973
40325.290,-35.96
40325.381,-35.907
40325.503,-35.92
40325.599,-35.873
40325.697,-36.013
40325.800,-35.94
40325.898,-35.88
40326.018,-35.853
40326.099,-35.913
40326.214,-35.967
40326.310,-35.853
40326.405,-35.907
40326.508,-35.78
40326.630,-36.033
40376.724,-35.913
40376.832,-36.013
40376.918,-35.933
40377.040,-35.907
40377.136,-35.907
40377.246,-36.007
40377.342,-35.913
40377.373,-35.96
40377.540,-35.907
40377.638,-35.933
40377.690,-35.92
40377.785,-35.94
40377.881,-35.907
40378.052,-35.973
40378.082,-35.947
40378.180,-35.927
40378.304,-35.92
40378.381,-35.947
40378.506,-35.913
40378.577,-35.847
40378.675,-35.82
40378.793,-36.007
40378.890,-35.847
40378.984,-35.967
40379.084,-35.887
40379.179,-35.987
40379.277,-36.047
40379.407,-36.027
40379.478,-35.96
40379.599,-35.9
40379.697,-35.913
40379.773,-35.927
40379.888,-35.967
40379.994,-35.867
40380.069,-35.927
40380.177,-35.92
40380.277,-35.947
40380.386,-35.88
40380.508,-36.013
40380.619,-35.893
40380.716,-35.953
40380.766,-35.76
40380.920,-35.887
40380.973,-35.907
40381.062,-35.953
40381.270,-35.867
40381.368,-35.853
40381.462,-35.92
40381.584,-36.0
40381.677,-35.893
40381.775,-36.067
40381.871,-36.007
40381.979,-35.973
40382.065,-35.773
40382.160,-35.913
40382.261,-35.933
40382.371,-35.867
40382.467,-35.933
40382.564,-36.013
40382.662,-35.973
40382.760,-35.873
40382.880,-35.853
40382.976,-35.92
40383.082,-35.94
40383.165,-35.987
40383.287,-35.993
40383.383,-35.907
40383.493,-35.987
40383.589,-35.927
40383.690,-36.053
40383.785,-35.987
40383.881,-35.827
40383.957,-36.027
40384.065,-35.973
40384.182,-35.833
40384.273,-36.013
40384.381,-35.813
40384.503,-35.847
40384.584,-36.02
40384.717,-35.833
40384.814,-35.993
40384.920,-35.84
40384.964,-35.913
40385.062,-35.947
40385.158,-35.853
40385.261,-35.933
40385.354,-35.94
40385.451,-35.867
40385.567,-35.933
40385.655,-35.933
40385.750,-35.967
40385.869,-36.0
40385.967,-35.9
40386.069,-35.953
40386.167,-35.947
40386.263,-36.047
40386.353,-35.967
40386.459,-35.9
40386.557,-35.927
40386.653,-36.033
40676.758,-35.933
40676.866,-36.02
40676.962,-35.947
40677.060,-35.92
40677.168,-35.967
40677.265,-35.953
40677.386,-36.02
40677.493,-35.887
40677.582,-35.827
40677.680,-35.907
40677.778,-35.88
40677.876,-36.02
40677.994,-36.013
40678.092,-35.853
40678.189,-35.987
40678.297,-35.873
40678.344,-35.94
40678.505,-35.913
40678.594,-35.913
40678.707,-35.96
40678.802,-35.96
40678.854,-35.98
40679.006,-35.887
40679.057,-35.86
40679.150,-35.813
40679.248,-35.927
40679.354,-35.96
40679.444,-35.993
40679.560,-35.98
40679.658,-35.86
40679.741,-36.067
40679.837,-35.987
40679.939,-35.967
40680.035,-35.86
40680.158,-35.907
40680.256,-35.947
40680.381,-36.04
40680.437,-35.96
40680.538,-35.92
40680.650,-35.793
40680.744,-35.913
40680.869,-36.0
40680.964,-35.867
40681.062,-35.887
40681.167,-35.767
40681.253,-35.887
40681.375,-35.833
40681.471,-35.887
40681.579,-36.107
40681.675,-35.82
40681.772,-35.86
40681.848,-35.967
40681.972,-35.92
40682.092,-35.967
40682.190,-35.787
40682.268,-35.94
40682.339,-35.873
40682.432,-36.0
40682.528,-35.993
40682.636,-35.82
40682.739,-35.927
40682.837,-35.893
40682.932,-35.913
40683.030,-35.873
40683.146,-35.92
40683.244,-35.94
40683.339,-35.867
40683.440,-35.953
40683.543,-35.9
40683.643,-35.9
40683.763,-35.753
40683.848,-35.84
40683.967,-35.92
40684.028,-35.947
40684.145,-35.86
40684.241,-35.873
40684.339,-35.84
40684.437,-36.0
40684.543,-35.947
40684.636,-35.913
40684.756,-35.98
40684.842,-35.893
40684.940,-35.84
40685.043,-35.867
40685.119,-35.887
40685.256,-35.86
40685.331,-35.907
40685.434,-35.873
40685.542,-35.9
40685.668,-35.927
40685.763,-35.953
40685.883,-35.787
40685.966,-35.96
40686.018,-35.887
40686.184,-35.88
40686.280,-35.833
40686.383,-35.953
40686.484,-35.913
40686.533,-35.913
40686.628,-35.913
40736.726,-35.953
40736.824,-35.94
40736.923,-35.973
40737.020,-36.007
40737.114,-36.013
40737.236,-35.947
40737.332,-35.987
40737.415,-35.873
40737.530,-35.913
40737.626,-35.987
40737.721,-35.933
40737.827,-36.06
40737.922,-35.947
40738.021,-35.9
40738.150,-35.907
40738.217,-35.827
40738.339,-35.96
40738.434,-35.953
40738.516,-35.873
40738.631,-36.0
40738.729,-35.887
40738.812,-35.867
40738.908,-35.947
40739.011,-35.853
40739.109,-35.947
40739.217,-35.867
40739.324,-35.92
40739.452,-35.987
40739.535,-35.973
40739.663,-35.927
40739.761,-36.007
40739.809,-35.887
40739.986,-36.067
40740.015,-35.807
40740.172,-35.853
40740.223,-35.92
40740.315,-35.86
40740.413,-36.0
40740.511,-35.933
40740.611,-35.953
40740.723,-35.967
40740.807,-35.933
40740.912,-36.113
40741.035,-36.067
40741.118,-35.973
40741.221,-35.893
40741.314,-35.907
40741.415,-36.007
40741.505,-35.92
40741.606,-35.86
40741.699,-35.993
40741.824,-36.0
40741.913,-35.88
40742.033,-36.007
40742.130,-35.913
40742.211,-36.0
40742.331,-35.907
40742.412,-35.967
40742.518,-35.973
40742.621,-35.96
40742.699,-35.893
40742.805,-35.82
40742.903,-35.993
40743.038,-35.993
40743.111,-36.0
40743.212,-35.92
40743.295,-35.953
40743.393,-35.953
40743.523,-35.967
40743.601,-36.04
40743.729,-35.847
40743.805,-35.967
40743.908,-35.94
40744.072,-36.027
40744.101,-36.04
40744.216,-35.967
40744.299,-35.947
40744.397,-35.96
40744.508,-36.007
40744.613,-36.007
40744.707,-35.9
40744.793,-35.98
40744.891,-36.0
40745.011,-35.86
40745.094,-35.907
40745.201,-35.947
40745.298,-35.873
40745.395,-35.933
40745.500,-35.987
40745.609,-36.093
40745.706,-35.993
40745.802,-35.873
40745.913,-35.993
40746.011,-35.887
40746.106,-35.953
40746.236,-35.927
40746.324,-35.86
40746.424,-35.927
40746.518,-35.907
40746.614,-35.94
40796.739,-35.887
40796.837,-35.84
40796.932,-36.027
40797.040,-35.927
40797.133,-36.06
40797.185,-35.953
40797.339,-35.873
40797.381,-35.967
40797.548,-36.047
40797.601,-35.92
40797.748,-35.993
40797.800,-35.933
40797.895,-35.953
40797.993,-35.98
40798.098,-35.9
40798.199,-35.88
40798.295,-35.953
40798.378,-35.913
40798.481,-35.86
40798.608,-35.893
40798.687,-35.953
40798.807,-35.933
40798.900,-35.973
40798.979,-35.94
40799.081,-35.96
40799.182,-35.98
40799.285,-35.933
40799.388,-36.06
40799.489,-35.96
40799.599,-35.92
40799.694,-36.02
40799.780,-35.86
40799.908,-35.867
40799.986,-35.927
40800.111,-35.92
40800.207,-35.927
40800.321,-35.96
40800.418,-35.973
40800.516,-35.82
40800.614,-35.987
40800.711,-35.913
40800.817,-36.033
40800.915,-35.94
40800.973,-35.873
40801.128,-35.94
40801.180,-35.913
40801.273,-35.947
40801.380,-35.867
40801.479,-35.853
40801.577,-35.947
40801.675,-35.94
40801.772,-35.967
40801.875,-35.913
40801.971,-35.953
40802.089,-35.847
40802.187,-35.94
40802.282,-36.06
40802.386,-35.88
40802.483,-35.92
40802.572,-35.893
40802.668,-36.053
40802.766,-35.94
40802.873,-35.94
40802.969,-36.0
40803.065,-35.893
40803.187,-35.94
40803.271,-35.967
40803.373,-36.007
40803.474,-35.967
40803.582,-35.92
40803.679,-35.933
40803.783,-35.953
40803.893,-35.947
40803.996,-35.9
40804.072,-35.793
40804.172,-35.88
40804.280,-35.867
40804.388,-35.84
40804.510,-35.907
40804.608,-35.907
40804.704,-35.88
40804.827,-35.927
40804.918,-35.913
40805.016,-35.933
40805.125,-35.82
40805.221,-35.873
40805.272,-35.867
40805.371,-35.9
40805.469,-35.893
40805.567,-35.953
40805.663,-35.867
40805.763,-35.853
40805.859,-35.927
40805.956,-35.947
40806.079,-35.927
40806.158,-35.92
40806.271,-35.887
40806.366,-35.973
40806.461,-35.867
40806.570,-35.947
40806.658,-35.967
40856.751,-35.973
40856.893,-35.967
40856.966,-35.987
40857.064,-35.973
40857.172,-35.933
40857.260,-35.887
40857.375,-35.927
40857.454,-35.953
40857.577,-36.0
40857.665,-35.94
40857.790,-35.94
40857.886,-35.933
40857.994,-36.02
40858.104,-35.993
40858.201,-35.9
40858.300,-35.913
40858.408,-35.887
40858.503,-35.987
40858.601,-35.96
40858.650,-35.92
40858.755,-35.907
40858.847,-35.887
40859.013,-35.94
40859.065,-35.84
40859.150,-35.887
40859.244,-35.9
40859.364,-36.013
40859.464,-36.02
40859.543,-35.913
40859.652,-36.06
40859.744,-35.973
40859.856,-35.893
40859.956,-35.933
40860.050,-35.907
40860.145,-35.967
40860.244,-35.9
40860.342,-35.933
40860.462,-35.887
40860.567,-35.933
40860.643,-35.967
40860.746,-35.98
40860.854,-35.933
40860.951,-35.993
40861.048,-35.887
40861.147,-36.0
40861.273,-35.927
40861.371,-35.94
40861.467,-35.993
40861.560,-35.953
40861.672,-35.92
40861.780,-35.847
40861.922,-35.867
40861.996,-35.753
40862.084,-35.907
40862.135,-36.007
40862.295,-35.987
40862.405,-35.973
40862.489,-35.873
40862.540,-35.907
40862.640,-35.947
40862.738,-35.893
40862.841,-35.88
40862.937,-36.027
40863.035,-35.96
40863.141,-35.9
40863.251,-35.94
40863.351,-35.913
40863.447,-35.953
40863.533,-35.933
40863.657,-35.913
40863.755,-35.92
40863.834,-36.013
40863.944,-35.907
40864.040,-35.847
40864.136,-35.907
40864.241,-35.94
40864.351,-35.98
40864.449,-35.867
40864.545,-35.947
40864.655,-35.873
40864.751,-35.933
40864.851,-36.007
40864.949,-35.947
40865.070,-35.8
40865.167,-35.94
40865.265,-36.073
40865.344,-35.967
40865.479,-35.887
40865.576,-35.813
40865.672,-35.9
40865.783,-35.933
40865.876,-35.927
40865.974,-35.993
40866.025,-35.86
40866.126,-36.067
40866.229,-35.973
40866.322,-36.007
40866.491,-35.9
40866.552,-35.833
40866.625,-35.887
40916.728,-35.973
40916.839,-36.067
40916.920,-36.047
40917.021,-35.9
40917.126,-35.913
40917.221,-35.94
40917.334,-36.053
40917.437,-36.04
40917.550,-36.0
40917.638,-35.933
40917.734,-35.9
40917.829,-35.947
40917.918,-35.947
40918.030,-36.033
40918.126,-35.84
40918.329,-35.927
40918.332,-35.973
40918.427,-36.033
40918.548,-35.96
40918.653,-35.793
40918.741,-35.947
40918.834,-36.08
40918.957,-35.907
40919.042,-35.947
40919.162,-35.9
40919.258,-35.967
40919.354,-36.08
40919.464,-35.907
40919.562,-35.913
40919.638,-35.767
40919.761,-35.987
40919.866,-35.96
40919.964,-35.907
40920.016,-35.92
40920.123,-36.0
40920.219,-35.94
40920.317,-36.013
40920.413,-35.933
40920.513,-36.013
40920.609,-36.013
40920.731,-35.84
40920.829,-35.86
40920.925,-35.973
40921.025,-35.947
40921.125,-35.947
40921.224,-35.907
40921.317,-36.087
40921.420,-36.06
40921.522,-35.933
40921.614,-35.94
40921.712,-35.933
40921.819,-36.08
40921.959,-36.06
40922.011,-35.967
40922.128,-36.0
40922.224,-35.94
40922.327,-36.013
40922.440,-35.947
40922.537,-35.82
40922.633,-35.927
40922.739,-35.947
40922.839,-35.813
40922.913,-35.973
40923.033,-35.887
40923.155,-35.973
40923.251,-35.827
40923.347,-35.88
40923.444,-35.927
40923.565,-35.94
40923.660,-35.927
40923.756,-35.933
40923.866,-35.96
40923.966,-36.013
40924.062,-36.04
40924.113,-35.913
40924.212,-36.0
40924.315,-35.887
40924.410,-35.9
40924.576,-35.933
40924.601,-35.927
40924.719,-35.96
40924.815,-36.007
40924.900,-35.9
40925.013,-35.973
40925.111,-35.9
40925.234,-36.04
40925.310,-35.98
40925.405,-35.887
40925.505,-35.94
40925.606,-35.993
40925.707,-35.893
40925.817,-35.927
40925.895,-35.953
40926.005,-35.907
40926.108,-35.96
40926.224,-35.873
40926.305,-35.92
40926.413,-35.907
40926.516,-35.96
40926.594,-35.98
40926.704,-35.927
40976.829,-35.84
40976.913,-35.76
40977.033,-35.9
40977.123,-36.0
40977.241,-35.893
40977.292,-35.867
40977.472,-35.84
40977.489,-35.947
40977.589,-35.953
40977.755,-35.9
40977.847,-35.953
40977.952,-35.96
40978.005,-35.907
40978.099,-35.967
40978.209,-35.853
40978.309,-35.973
40978.670,-35.967
40978.697,-35.833
40978.793,-35.927
40978.890,-35.953
40978.988,-35.873
40979.084,-35.907
40979.202,-36.013
40979.310,-35.98
40979.383,-35.893
40979.503,-35.987
40979.601,-35.793
40979.699,-35.967
40979.800,-35.867
40979.945,-35.867
40979.996,-35.927
40980.114,-36.02
40980.209,-35.947
40980.329,-36.0
40980.412,-35.967
40980.525,-35.913
40980.621,-36.033
40980.717,-35.78
40980.824,-35.873
40980.900,-36.027
40980.998,-35.913
40981.099,-35.993
40981.204,-35.973
40981.282,-35.94
40981.383,-35.98
40981.483,-36.027
40981.581,-35.847
40981.692,-35.913
40981.844,-35.967
40981.883,-35.927
40981.991,-36.02
40982.082,-36.0
40982.177,-35.933
40982.275,-35.96
40982.395,-35.927
40982.493,-35.933
40982.592,-35.913
40982.685,-36.007
40982.782,-35.827
40982.878,-35.847
40982.984,-35.953
40983.094,-35.96
40983.192,-35.96
40983.287,-35.813
40983.397,-35.973
40983.494,-35.967
40983.591,-35.927
40983.684,-36.067
40983.787,-35.873
40983.907,-35.933
40984.005,-35.88
40984.087,-35.927
40984.221,-35.933
40984.315,-35.833
40984.369,-35.82
40984.479,-35.907
40984.623,-35.927
40984.721,-36.033
40984.822,-35.82
40984.866,-35.9
40984.984,-35.96
40985.131,-35.92
40985.234,-35.867
40985.292,-35.853
40985.369,-36.027
40985.471,-36.027
40985.582,-36.04
40985.680,-35.98
40985.765,-35.887
40985.871,-35.98
40985.984,-35.96
40986.079,-35.98
40986.177,-35.953
40986.293,-35.94
40986.371,-35.973
40986.469,-36.033
40986.565,-35.993
40986.662,-36.0
41276.773,-36.027
41276.869,-35.88
41276.969,-35.967
41277.071,-35.953
41277.190,-35.907
41277.288,-35.94
41277.398,-35.86
41277.484,-35.987
41277.584,-35.967
41277.682,-35.98
41277.807,-35.967
41277.903,-35.953
41278.000,-35.967
41278.098,-35.933
41278.202,-35.933
41278.298,-35.913
41278.418,-35.847
41278.498,-35.947
41278.611,-35.94
41278.702,-35.953
41278.821,-36.0
41278.910,-35.887
41278.962,-35.867
41279.055,-35.96
41279.150,-35.987
41279.256,-35.947
41279.363,-35.987
41279.467,-35.9
41279.567,-35.933
41279.668,-35.973
41279.753,-36.013
41279.858,-35.88
41279.969,-35.96
41280.067,-36.027
41280.163,-36.08
41280.272,-36.007
41280.364,-35.993
41280.459,-35.893
41280.557,-35.913
41280.653,-35.987
41280.766,-35.933
41280.866,-35.867
41280.959,-35.887
41281.072,-36.0
41281.158,-35.927
41281.278,-35.98
41281.375,-35.907
41281.483,-35.88
41281.577,-35.947
41281.675,-35.967
41281.805,-35.933
41281.893,-35.913
41281.991,-35.707
41282.089,-35.907
41282.184,-35.927
41282.307,-35.813
41282.403,-35.933
41282.457,-35.913
41282.609,-35.987
41282.712,-35.927
41282.761,-36.047
41282.908,-35.993
41282.949,-35.947
41283.045,-35.887
41283.143,-36.06
41283.244,-35.987
41283.348,-36.0
41283.457,-35.907
41283.562,-35.947
41283.667,-35.947
41283.739,-35.993
41283.859,-36.013
41283.937,-35.947
41284.054,-35.887
41284.153,-35.94
41284.250,-36.007
41284.378,-36.013
41284.457,-35.887
41284.537,-35.927
41284.638,-35.953
41284.758,-35.92
41284.869,-35.927
41284.954,-35.907
41285.033,-35.887
41285.158,-35.9
41285.243,-35.94
41285.346,-35.887
41285.483,-35.873
41285.569,-35.773
41285.670,-35.94
41285.790,-35.82
41285.896,-35.887
41285.988,-35.973
41286.089,-35.853
41286.185,-35.9
41286.302,-36.02
41286.405,-35.96
41286.432,-35.94
41286.530,-35.92
41286.704,-35.913
41336.731,-36.04
41336.827,-35.833
41336.951,-35.9
41337.037,-35.913
41337.214,-35.873
41337.244,-35.827
41337.342,-35.907
41337.446,-35.92
41337.547,-36.007
41337.648,-35.94
41337.731,-36.06
41337.829,-35.84
41337.932,-35.9
41338.050,-35.94
41338.138,-35.927
41338.258,-35.96
41338.342,-35.973
41338.445,-36.047
41338.554,-35.833
41338.652,-35.82
41338.788,-36.013
41338.854,-35.887
41338.976,-35.953
41339.059,-35.88
41339.160,-35.873
41339.223,-35.92
41339.322,-35.82
41339.430,-35.907
41339.538,-36.0
41339.660,-35.98
41339.748,-36.02
41339.888,-35.887
41339.962,-36.06
41340.084,-35.9
41340.180,-35.907
41340.302,-35.927
41340.329,-35.9
41340.423,-36.047
41340.522,-35.933
41340.626,-35.893
41340.726,-35.953
41340.849,-35.92
41340.920,-35.88
41341.016,-35.933
41341.131,-35.84
41341.233,-36.013
41341.344,-35.973
41341.418,-35.9
41341.516,-36.0
41341.619,-35.96
41341.729,-35.913
41341.822,-35.84
41341.927,-35.92
41342.028,-35.913
41342.138,-35.94
41342.236,-35.947
41342.336,-35.813
41342.437,-35.967
41342.538,-35.993
41342.650,-35.887
41342.726,-35.887
41342.829,-35.827
41342.908,-35.853
41343.013,-35.927
41343.114,-36.0
41343.222,-36.007
41343.329,-35.833
41343.435,-35.887
41343.567,-35.913
41343.606,-35.947
41343.758,-35.807
41343.810,-35.813
41343.976,-35.933
41344.006,-35.913
41344.170,-35.887
41344.272,-36.1
41344.322,-35.953
41344.418,-35.84
41344.513,-35.96
41344.611,-35.933
41344.714,-36.02
41344.817,-36.013
41344.920,-35.933
41345.035,-35.993
41345.103,-35.867
41345.202,-35.913
41345.304,-35.867
41345.402,-35.927
41345.511,-35.887
41345.611,-35.913
41345.712,-35.907
41345.815,-36.0
41345.918,-35.887
41346.021,-35.867
41346.138,-35.953
41346.224,-35.973
41346.322,-36.007
41346.440,-36.007
41346.505,-35.96
41346.638,-35.887
41396.734,-35.98
41396.834,-35.98
41396.942,-36.013
41397.030,-35.893
41397.150,-35.873
41397.204,-35.92
41397.312,-35.927
41397.412,-35.94
41397.516,-35.847
41397.652,-35.987
41397.702,-36.087
41397.795,-35.967
41397.897,-36.067
41398.000,-35.893
41398.104,-36.013
41398.204,-35.873
41398.309,-35.887
41398.410,-35.907
41398.493,-35.887
41398.599,-35.9
41398.711,-35.867
41398.807,-35.973
41398.905,-35.987
41398.994,-35.947
41399.130,-35.993
41399.202,-35.867
41399.300,-35.86
41399.393,-35.933
41399.489,-36.047
41399.609,-35.847
41399.707,-35.893
41399.812,-35.907
41399.920,-35.953
41400.018,-35.94
41400.114,-35.927
41400.226,-35.973
41400.322,-35.88
41400.420,-35.987
41400.523,-35.907
41400.619,-35.84
41400.738,-35.833
41400.837,-35.98
41400.886,-35.96
41401.033,-35.96
41401.084,-36.0
41401.246,-35.873
41401.283,-35.887
41401.383,-35.993
41401.548,-35.933
41401.604,-35.853
41401.696,-35.973
41401.793,-35.887
41401.890,-36.013
41402.062,-35.987
41402.131,-35.947
41402.182,-35.92
41402.283,-35.88
41402.386,-35.907
41402.491,-35.98
41402.589,-36.08
41402.697,-35.973
41402.800,-35.987
41402.898,-35.973
41402.994,-35.92
41403.096,-35.933
41403.192,-35.82
41403.288,-35.907
41403.386,-35.887
41403.491,-35.94
41403.599,-35.873
41403.697,-35.953
41403.795,-35.88
41403.900,-35.947
41403.994,-35.933
41404.116,-35.947
41404.222,-35.9
41404.310,-35.753
41404.407,-35.893
41404.527,-36.053
41404.609,-36.007
41404.729,-35.927
41404.824,-35.773
41404.878,-35.88
41405.028,-36.013
41405.079,-35.88
41405.239,-35.973
41405.290,-35.88
41405.375,-35.947
41405.469,-35.893
41405.570,-35.933
41405.668,-35.9
41405.788,-35.987
41405.886,-35.853
41405.994,-35.96
41406.084,-35.94
41406.177,-35.973
41406.275,-36.007
41406.381,-35.887
41406.473,-35.867
41406.569,-35.86
41406.685,-35.913
41456.795,-35.96
41456.880,-36.007
41456.976,-35.92
41457.072,-35.887
41457.187,-35.907
41457.282,-35.9
41457.378,-36.04
41457.500,-36.093
41457.599,-35.933
41457.692,-35.96
41457.793,-35.947
41457.898,-35.927
41458.011,-35.933
41458.108,-35.987
41458.204,-35.987
41458.310,-35.967
41458.408,-35.747
41458.508,-35.947
41458.560,-35.933
41458.729,-36.06
41458.761,-35.92
41458.924,-36.007
41459.000,-35.967
41459.065,-35.94
41459.160,-35.987
41459.258,-35.953
41459.369,-35.907
41459.472,-35.9
41459.570,-35.913
41459.665,-35.873
41459.760,-35.967
41459.866,-35.947
41459.976,-35.853
41460.076,-35.973
41460.172,-35.913
41460.268,-35.987
41460.366,-35.887
41460.471,-35.967
41460.572,-35.94
41460.699,-35.893
41460.758,-35.927
41460.883,-36.007
41460.966,-35.973
41461.065,-35.96
41461.175,-35.887
41461.277,-35.973
41461.356,-35.96
41461.478,-36.0
41461.577,-35.953
41461.687,-35.973
41461.783,-35.933
41461.900,-35.86
41461.986,-35.96
41462.106,-35.847
41462.202,-35.967
41462.307,-35.96
41462.349,-35.82
41462.508,-36.033
41462.606,-35.94
41462.719,-35.873
41462.748,-35.8
41462.913,-35.927
41463.015,-35.987
41463.111,-36.047
41463.217,-35.893
41463.263,-35.933
41463.359,-36.0
41463.457,-36.013
41463.554,-35.913
41463.652,-35.907
41463.748,-35.913
41463.847,-35.927
41463.945,-35.933
41464.043,-35.913
41464.147,-35.82
41464.256,-36.027
41464.356,-35.933
41464.452,-35.84
41464.557,-35.92
41464.653,-35.967
41464.753,-35.773
41464.854,-35.927
41464.973,-36.1
41465.070,-35.987
41465.168,-35.947
41465.246,-35.993
41465.381,-35.867
41465.474,-35.92
41465.577,-35.947
41465.685,-35.84
41465.782,-36.08
41465.878,-36.027
41465.984,-35.96
41466.096,-35.96
41466.197,-35.927
41466.293,-35.94
41466.395,-35.953
41466.445,-35.927
41466.559,-35.953
41466.636,-35.833
41516.741,-35.853
41516.841,-35.907
41516.942,-35.913
41517.052,-35.88
41517.150,-35.88
41517.236,-35.947
41517.339,-36.093
41517.452,-36.027
41517.555,-35.927
41517.650,-35.94
41517.748,-35.847
41517.844,-35.887
41517.942,-35.953
41518.037,-35.907
41518.133,-35.98
41518.233,-35.813
41518.331,-35.993
41518.449,-35.92
41518.555,-36.0
41518.645,-35.92
41518.744,-35.867
41518.864,-35.853
41518.942,-35.913
41519.062,-35.987
41519.163,-35.927
41519.258,-35.767
41519.361,-35.84
41519.456,-35.9
41519.579,-35.893
41519.660,-35.96
41519.772,-35.9
41519.866,-35.98
41519.986,-35.887
41520.027,-35.953
41520.187,-35.927
41520.285,-35.847
41520.393,-35.94
41520.484,-35.853
41520.540,-35.96
41520.631,-35.907
41520.731,-36.007
41520.829,-35.987
41520.925,-35.967
41521.025,-35.913
41521.128,-35.887
41521.241,-36.06
41521.408,-35.927
41521.437,-35.953
41521.543,-35.993
41521.638,-36.0
41521.741,-36.013
41521.864,-35.887
41521.940,-35.867
41522.040,-35.987
41522.121,-36.0
41522.229,-35.947
41522.329,-35.933
41522.432,-35.973
41522.535,-36.02
41522.618,-36.06
41522.739,-36.013
41522.826,-35.98
41522.967,-35.867
41523.033,-35.96
41523.158,-35.947
41523.251,-35.933
41523.332,-35.967
41523.500,-35.82
41523.574,-35.94
41523.668,-35.847
41523.770,-35.96
41523.869,-35.987
41523.972,-35.86
41524.022,-35.96
41524.121,-36.053
41524.214,-35.947
41524.312,-36.0
41524.479,-35.96
41524.530,-35.907
41524.623,-35.887
41524.722,-35.92
41524.827,-36.1
41524.924,-36.027
41525.022,-35.887
41525.121,-35.893
41525.214,-35.9
41525.329,-35.867
41525.427,-35.9
41525.540,-35.947
41525.623,-35.967
41525.719,-35.913
41525.815,-36.02
41525.908,-36.053
41526.020,-36.053
41526.116,-35.953
41526.236,-35.987
41526.317,-36.007
41526.437,-36.02
41526.533,-35.887
41526.641,-35.94
41526.709,-35.947
41576.809,-35.893
41576.908,-35.86
41577.052,-35.78
41577.121,-35.873
41577.228,-35.913
41577.351,-35.893
41577.452,-35.987
41577.550,-35.873
41577.670,-35.913
41577.750,-35.8
41577.809,-35.913
41577.898,-36.06
41578.065,-35.9
41578.111,-35.927
41578.214,-35.933
41578.310,-35.933
41578.410,-35.987
41578.503,-35.793
41578.599,-35.88
41578.719,-35.907
41578.817,-35.873
41578.915,-35.947
41579.013,-35.993
41579.108,-35.987
41579.238,-36.033
41579.315,-35.947
41579.398,-35.987
41579.496,-35.96
41579.625,-35.927
41579.714,-35.973
41579.810,-35.86
41579.910,-35.987
41580.003,-35.96
41580.106,-35.833
41580.209,-35.907
41580.315,-35.953
41580.408,-35.847
41580.516,-35.933
41580.592,-35.96
41580.699,-35.953
41580.802,-36.013
41580.905,-36.1
41581.015,-36.013
41581.140,-35.913
41581.190,-35.927
41581.288,-35.947
41581.462,-36.02
41581.491,-35.953
41581.653,-35.907
41581.753,-36.073
41581.788,-35.953
41581.897,-36.053
41581.998,-36.007
41582.094,-35.867
41582.204,-35.9
41582.302,-36.027
41582.398,-36.013
41582.521,-35.96
41582.616,-36.033
41582.690,-35.96
41582.785,-35.853
41582.888,-35.987
41582.998,-35.88
41583.094,-35.967
41583.190,-35.92
41583.300,-36.013
41583.397,-36.033
41583.494,-35.907
41583.591,-36.093
41583.697,-35.927
41583.812,-35.993
41583.910,-36.007
41583.991,-36.04
41584.099,-35.94
41584.219,-35.88
41584.317,-36.013
41584.427,-36.02
41584.501,-35.893
41584.582,-36.007
41584.695,-35.92
41584.817,-35.847
41584.937,-35.913
41584.994,-35.953
41585.138,-35.827
41585.201,-35.853
41585.305,-35.88
41585.380,-35.853
41585.484,-35.947
41585.591,-35.913
41585.689,-35.913
41585.785,-35.973
41585.895,-35.947
41585.974,-35.893
41586.077,-35.887
41586.196,-35.907
41586.293,-35.927
41586.388,-35.953
41586.486,-35.94
41586.591,-35.92
41586.689,-35.88
39476.783,-35.867
39476.880,-35.967
39476.976,-35.967
39477.092,-35.887
39477.190,-35.887
39477.322,-35.893
39477.396,-35.907
39477.493,-35.867
39477.587,-35.893
39477.682,-36.007
39477.805,-35.853
39477.902,-35.893
39477.998,-35.927
39478.104,-35.933
39478.201,-36.047
39478.297,-35.907
39478.405,-35.92
39478.513,-35.96
39478.631,-35.92
39478.729,-35.993
39478.812,-35.847
39478.932,-35.953
39479.028,-35.913
39479.136,-36.1
39479.229,-36.027
39479.280,-35.807
39479.380,-35.967
39479.474,-35.967
39479.572,-35.907
39479.673,-36.013
39479.768,-35.92
39479.871,-35.967
39479.984,-35.853
39480.081,-35.96
39480.185,-35.993
39480.285,-35.967
39480.381,-35.887
39480.466,-35.98
39480.565,-35.813
39480.677,-35.947
39480.780,-35.92
39480.881,-35.82
39480.974,-35.933
39481.070,-35.953
39481.168,-36.0
39481.273,-35.987
39481.381,-35.907
39481.479,-36.047
39481.570,-36.013
39481.709,-36.04
39481.798,-36.033
39481.896,-35.88
39481.994,-35.92
39482.086,-35.947
39482.212,-35.953
39482.309,-35.913
39482.407,-35.767
39482.513,-35.86
39482.609,-35.84
39482.709,-35.973
39482.760,-35.92
39482.859,-35.927
39483.021,-35.987
39483.119,-35.98
39483.224,-36.027
39483.315,-35.953
39483.366,-35.953
39483.464,-35.987
39483.570,-35.94
39483.668,-35.92
39483.771,-35.993
39483.868,-35.933
39483.954,-35.893
39484.050,-35.98
39484.170,-36.0
39484.251,-35.96
39484.351,-35.92
39484.493,-35.847
39484.567,-35.847
39484.650,-36.013
39484.761,-35.807
39484.869,-35.98
39484.966,-35.987
39485.060,-35.887
39485.158,-35.967
39485.278,-35.96
39485.381,-36.02
39485.469,-36.027
39485.589,-35.96
39485.687,-36.087
39485.795,-36.007
39485.893,-35.967
39485.945,-35.953
39486.119,-35.953
39486.163,-35.853
39486.293,-35.947
39486.344,-36.007
39486.484,-35.893
39486.599,-36.073
39486.653,-36.08
39536.751,-35.993
39536.854,-35.907
39536.959,-35.88
39537.055,-35.947
39537.155,-35.933
39537.255,-35.933
39537.356,-35.933
39537.452,-36.007
39537.549,-35.907
39537.657,-35.947
39537.753,-35.947
39537.864,-35.953
39537.957,-36.007
39538.045,-35.967
39538.141,-35.913
39538.241,-35.927
39538.347,-35.973
39538.442,-36.033
39538.538,-35.893
39538.658,-35.967
39538.760,-35.96
39538.853,-35.907
39538.949,-35.833
39539.059,-35.94
39539.170,-35.927
39539.268,-35.947
39539.361,-36.013
39539.471,-35.953
39539.567,-35.92
39539.687,-35.973
39539.793,-35.9
39539.834,-35.913
39539.988,-35.98
39540.084,-36.08
39540.184,-36.027
39540.234,-36.067
39540.358,-35.953
39540.466,-35.873
39540.572,-35.987
39540.694,-35.867
39540.744,-35.867
39540.896,-36.0
39540.937,-36.053
39541.035,-36.033
39541.133,-36.033
39541.229,-35.947
39541.334,-36.013
39541.435,-35.907
39541.545,-35.987
39541.630,-36.04
39541.739,-35.893
39541.837,-35.913
39541.934,-35.96
39542.043,-35.9
39542.138,-35.873
39542.239,-35.907
39542.337,-35.967
39542.435,-36.033
39542.530,-35.873
39542.653,-35.92
39542.746,-35.887
39542.848,-35.993
39542.942,-35.98
39543.062,-35.96
39543.146,-36.007
39543.266,-35.913
39543.364,-35.96
39543.469,-35.973
39543.555,-35.873
39543.675,-35.94
39543.772,-35.92
39543.881,-36.0
39543.979,-35.9
39544.077,-35.82
39544.128,-35.927
39544.228,-35.88
39544.349,-36.067
39544.432,-35.94
39544.532,-35.893
39544.619,-35.893
39544.739,-35.947
39544.824,-35.973
39544.940,-35.873
39545.016,-35.907
39545.123,-35.907
39545.219,-35.913
39545.329,-35.847
39545.427,-35.94
39545.525,-35.873
39545.619,-35.94
39545.717,-36.007
39545.815,-35.947
39545.935,-35.947
39546.043,-35.96
39546.114,-35.953
39546.234,-35.967
39546.332,-35.887
39546.423,-35.98
39546.542,-35.947
39546.643,-35.987
39596.736,-35.953
39596.847,-35.96
39596.944,-35.973
39597.038,-35.953
39597.143,-36.033
39597.256,-36.0
39597.353,-35.967
39597.447,-35.98
39597.555,-35.933
39597.631,-35.92
39597.775,-36.047
39597.880,-35.933
39597.969,-35.82
39598.018,-35.92
39598.109,-35.947
39598.266,-35.987
39598.322,-35.887
39598.415,-35.96
39598.520,-35.84
39598.618,-35.927
39598.728,-35.987
39598.824,-35.94
39598.925,-35.9
39599.006,-35.947
39599.118,-35.927
39599.206,-35.987
39599.310,-35.953
39599.422,-36.0
39599.545,-35.987
39599.606,-35.873
39599.716,-35.827
39599.817,-35.9
39599.925,-36.007
39600.021,-35.987
39600.130,-35.993
39600.226,-35.973
39600.322,-35.827
39600.417,-35.92
39600.518,-36.007
39600.638,-35.927
39600.734,-35.973
39600.827,-35.933
39600.949,-35.907
39601.049,-35.913
39601.145,-35.867
39601.255,-36.033
39601.351,-36.033
39601.454,-35.947
39601.554,-35.747
39601.601,-35.873
39601.761,-36.04
39601.859,-35.98
39601.966,-35.993
39602.062,-36.007
39602.116,-35.933
39602.206,-35.867
39602.314,-35.947
39602.410,-35.927
39602.506,-35.887
39602.604,-36.107
39602.704,-35.98
39602.799,-35.86
39602.897,-35.893
39602.993,-35.96
39603.094,-35.953
39603.212,-35.873
39603.312,-36.047
39603.391,-36.047
39603.506,-35.913
39603.604,-36.02
39603.699,-35.9
39603.804,-35.973
39603.898,-35.88
39604.018,-35.947
39604.126,-35.86
39604.219,-35.787
39604.307,-35.893
39604.429,-35.927
39604.538,-36.027
39604.636,-35.933
39604.731,-35.887
39604.832,-35.807
39604.896,-35.947
39604.994,-35.92
39605.096,-35.973
39605.229,-35.813
39605.307,-35.927
39605.418,-35.987
39605.494,-35.973
39605.597,-36.027
39605.750,-35.86
39605.802,-35.88
39605.962,-35.867
39606.003,-35.967
39606.084,-35.973
39606.182,-35.907
39606.285,-35.993
39606.400,-35.953
39606.494,-35.9
39606.594,-35.993
39606.701,-35.847
39656.788,-35.827
39656.885,-35.967
39656.983,-35.893
39657.089,-35.933
39657.185,-35.853
39657.282,-35.88
39657.378,-35.953
39657.503,-36.027
39657.599,-35.82
39657.695,-35.893
39657.807,-35.84
39657.913,-35.993
39658.010,-35.953
39658.106,-35.907
39658.214,-35.987
39658.288,-35.86
39658.408,-35.907
39658.537,-35.873
39658.609,-35.86
39658.728,-35.947
39658.824,-35.947
39658.917,-35.953
39659.042,-35.96
39659.136,-35.9
39659.231,-35.973
39659.341,-35.953
39659.439,-35.887
39659.538,-35.947
39659.591,-35.927
39659.687,-35.873
39659.785,-35.96
39659.881,-35.88
39660.050,-35.927
39660.077,-35.913
39660.195,-35.98
39660.273,-35.9
39660.398,-36.027
39660.481,-35.88
39660.582,-35.893
39660.692,-35.987
39660.787,-35.867
39660.880,-35.987
39660.976,-35.9
39661.074,-35.993
39661.180,-35.887
39661.273,-35.88
39661.393,-35.973
39661.476,-36.047
39661.589,-36.0
39661.690,-36.047
39661.788,-36.053
39661.888,-36.0
39662.008,-35.853
39662.104,-35.907
39662.211,-35.953
39662.273,-36.047
39662.418,-36.0
39662.513,-35.893
39662.623,-35.807
39662.719,-35.9
39662.815,-36.047
39662.866,-36.04
39663.016,-35.947
39663.067,-35.853
39663.165,-35.933
39663.261,-35.853
39663.361,-35.847
39663.527,-35.9
39663.579,-35.88
39663.680,-35.907
39663.780,-36.013
39663.875,-35.9
39663.974,-35.947
39664.072,-35.88
39664.179,-36.06
39664.280,-36.04
39664.359,-35.927
39664.461,-35.953
39664.571,-35.853
39664.673,-36.033
39664.785,-35.907
39664.863,-35.967
39664.962,-35.933
39665.074,-35.853
39665.162,-35.987
39665.263,-35.9
39665.385,-35.953
39665.489,-35.92
39665.589,-35.853
39665.685,-35.907
39665.783,-35.927
39665.890,-35.887
39665.998,-35.987
39666.094,-36.08
39666.194,-35.873
39666.298,-35.967
39666.396,-35.98
39666.515,-36.033
39666.621,-35.993
39716.711,-35.88
39716.810,-35.933
39716.859,-35.94
39716.961,-35.9
39717.057,-35.9
39717.153,-36.0
39717.251,-35.913
39717.359,-35.947
39717.449,-35.9
39717.552,-35.993
39717.652,-35.98
39717.748,-35.86
39717.848,-35.913
39718.040,-35.94
39718.048,-36.04
39718.160,-36.007
39718.256,-35.893
39718.361,-35.98
39718.459,-35.933
39718.543,-36.027
39718.650,-36.053
39718.756,-36.0
39718.871,-35.927
39718.961,-35.907
39719.057,-36.0
39719.163,-35.973
39719.263,-35.913
39719.369,-35.9
39719.451,-35.933
39719.584,-36.013
39719.679,-36.033
39719.778,-35.9
39719.873,-35.76
39720.000,-35.853
39720.094,-35.947
39720.192,-35.907
39720.248,-36.06
39720.339,-35.927
39720.503,-35.9
39720.601,-36.013
39720.709,-35.933
39720.805,-35.967
39720.900,-35.92
39720.954,-35.987
39721.057,-35.94
39721.148,-35.86
39721.246,-35.873
39721.344,-35.86
39721.445,-35.907
39721.547,-35.933
39721.641,-35.92
39721.765,-35.947
39721.844,-36.027
39721.942,-36.0
39722.038,-36.027
39722.135,-35.947
39722.246,-36.027
39722.342,-35.92
39722.440,-35.867
39722.545,-35.98
39722.643,-35.887
39722.761,-35.82
39722.869,-36.0
39722.961,-35.893
39723.042,-35.927
39723.150,-35.947
39723.251,-35.987
39723.354,-35.92
39723.435,-35.767
39723.545,-35.967
39723.646,-36.08
39723.753,-36.0
39723.875,-36.027
39723.971,-35.873
39724.086,-35.78
39724.182,-35.86
39724.231,-35.827
39724.388,-35.88
39724.440,-35.913
39724.530,-35.887
39724.626,-35.913
39724.729,-35.907
39724.832,-35.933
39724.930,-35.967
39725.027,-35.86
39725.143,-36.047
39725.239,-35.927
39725.342,-36.013
39725.442,-35.973
39725.537,-35.913
39725.625,-35.907
39725.724,-35.887
39725.834,-35.933
39725.932,-35.953
39726.028,-35.933
39726.128,-35.993
39726.222,-36.033
39726.342,-35.987
39726.437,-36.067
39726.543,-35.96
39726.631,-35.853
39776.756,-35.993
39776.849,-35.993
39776.957,-35.867
39777.052,-35.853
39777.148,-36.0
39777.280,-35.94
39777.348,-35.933
39777.469,-35.92
39777.565,-35.853
39777.646,-35.887
39777.756,-35.893
39777.878,-35.953
39777.969,-35.893
39778.013,-35.8
39778.118,-35.927
39778.214,-35.96
39778.383,-35.967
39778.422,-35.987
39778.518,-35.927
39778.648,-36.04
39778.793,-36.0
39778.822,-35.987
39778.932,-35.9
39779.013,-35.967
39779.116,-35.833
39779.243,-35.987
39779.327,-35.92
39779.410,-35.933
39779.523,-36.0
39779.619,-35.98
39779.716,-35.933
39779.812,-35.933
39779.920,-35.907
39780.016,-36.047
39780.113,-35.987
39780.219,-35.993
39780.332,-35.927
39780.429,-35.893
39780.527,-35.92
39780.631,-35.96
39780.726,-35.887
39780.849,-35.907
39780.954,-35.94
39781.035,-36.033
39781.155,-36.007
39781.250,-35.893
39781.341,-36.007
39781.461,-35.86
39781.559,-35.96
39781.653,-35.967
39781.758,-35.847
39781.809,-35.787
39781.902,-35.887
39782.023,-35.947
39782.106,-35.98
39782.207,-35.953
39782.302,-35.927
39782.440,-35.933
39782.518,-36.133
39782.603,-35.973
39782.706,-35.953
39782.815,-35.893
39782.910,-35.867
39783.013,-35.853
39783.109,-35.86
39783.202,-35.88
39783.300,-35.913
39783.423,-35.82
39783.498,-35.92
39783.616,-35.78
39783.719,-35.907
39783.814,-35.993
39783.902,-35.86
39784.006,-36.047
39784.126,-36.06
39784.197,-35.933
39784.329,-35.94
39784.427,-35.853
39784.525,-35.973
39784.631,-35.933
39784.739,-35.893
39784.837,-36.007
39784.935,-35.92
39785.042,-35.887
39785.136,-35.947
39785.234,-36.007
39785.390,-35.893
39785.393,-35.84
39785.554,-35.94
39785.652,-35.84
39785.697,-35.947
39785.802,-35.927
39785.896,-35.853
39785.993,-35.893
39786.099,-35.927
39786.204,-36.013
39786.302,-35.987
39786.398,-35.96
39786.494,-35.987
39786.611,-35.967
39786.707,-35.913
40076.788,-35.96
40076.903,-35.973
40076.998,-36.033
40077.096,-36.033
40077.202,-35.807
40077.307,-35.887
40077.403,-35.973
40077.500,-35.927
40077.587,-35.98
40077.711,-35.94
40077.807,-35.88
40077.900,-35.987
40077.998,-36.133
40078.099,-35.947
40078.202,-35.86
40078.305,-36.033
40078.383,-36.04
40078.491,-36.027
40078.592,-35.88
40078.696,-35.92
40078.797,-35.953
40078.900,-35.907
40079.003,-35.993
40079.108,-35.867
40079.182,-35.88
40079.280,-35.913
40079.381,-36.033
40079.543,-35.953
40079.638,-35.827
40079.692,-36.0
40079.800,-35.947
40079.900,-35.893
40079.984,-35.973
40080.081,-35.88
40080.180,-35.813
40080.275,-35.907
40080.397,-35.94
40080.476,-35.9
40080.579,-35.913
40080.699,-35.927
40080.797,-35.967
40080.878,-35.927
40080.989,-35.96
40081.084,-35.98
40081.182,-35.813
40081.288,-35.94
40081.385,-36.013
40081.505,-35.993
40081.613,-35.973
40081.701,-35.84
40081.798,-35.987
40081.898,-35.86
40081.991,-36.0
40082.116,-35.887
40082.212,-35.84
40082.309,-35.927
40082.417,-35.973
40082.515,-36.067
40082.609,-36.027
40082.685,-35.74
40082.829,-35.887
40082.927,-35.973
40083.023,-36.013
40083.126,-35.953
40083.177,-35.907
40083.275,-35.947
40083.369,-36.04
40083.474,-35.827
40083.576,-35.88
40083.741,-35.933
40083.770,-35.96
40083.881,-35.92
40083.986,-35.907
40084.072,-35.987
40084.214,-35.907
40084.270,-35.813
40084.369,-35.967
40084.474,-35.907
40084.574,-36.007
40084.684,-35.993
40084.768,-35.933
40084.864,-36.007
40084.964,-36.067
40085.071,-35.98
40085.175,-35.907
40085.287,-35.833
40085.376,-36.053
40085.462,-35.973
40085.582,-35.967
40085.699,-35.953
40085.768,-35.927
40085.888,-35.873
40085.984,-35.933
40086.092,-36.027
40086.212,-36.02
40086.309,-35.953
40086.390,-35.9
40086.498,-36.02
40086.616,-36.013
40136.714,-35.9
40136.758,-35.907
40136.923,-35.993
40137.021,-35.847
40137.126,-35.907
40137.168,-35.913
40137.272,-35.927
40137.422,-35.94
40137.537,-35.907
40137.564,-35.887
40137.660,-35.947
40137.758,-35.947
40137.859,-35.893
40137.972,-36.02
40138.071,-35.96
40138.173,-35.907
40138.261,-35.947
40138.356,-35.993
40138.456,-35.953
40138.550,-35.92
40138.663,-35.867
40138.761,-35.933
40138.859,-35.987
40138.962,-35.987
40139.076,-36.053
40139.170,-35.987
40139.268,-35.967
40139.373,-35.88
40139.498,-35.98
40139.594,-35.967
40139.670,-35.98
40139.766,-36.013
40139.849,-35.893
40139.949,-35.947
40140.065,-35.933
40140.158,-35.853
40140.261,-35.873
40140.432,-35.8
40140.466,-36.027
40140.567,-35.893
40140.673,-35.867
40140.748,-35.867
40140.847,-35.953
40140.959,-35.967
40141.062,-35.973
40141.212,-35.927
40141.248,-35.94
40141.344,-35.973
40141.462,-35.967
40141.557,-35.98
40141.655,-35.86
40141.751,-35.913
40141.856,-35.88
40141.947,-35.953
40142.045,-35.913
40142.141,-35.953
40142.272,-36.02
40142.363,-36.033
40142.456,-35.887
40142.552,-35.88
40142.638,-35.96
40142.750,-35.853
40142.869,-35.98
40142.966,-36.0
40143.050,-35.893
40143.170,-35.993
40143.268,-36.067
40143.371,-35.987
40143.459,-36.007
40143.579,-35.873
40143.677,-35.88
40143.783,-36.0
40143.834,-35.973
40143.942,-35.96
40144.045,-35.84
40144.155,-36.013
40144.253,-35.907
40144.356,-35.873
40144.432,-35.913
40144.589,-35.8
40144.641,-35.86
40144.744,-35.987
40144.841,-36.027
40144.944,-35.987
40145.035,-36.033
40145.153,-35.987
40145.234,-35.867
40145.354,-35.86
40145.449,-35.893
40145.547,-35.933
40145.646,-35.947
40145.744,-35.907
40145.841,-36.04
40145.945,-35.96
40146.038,-35.94
40146.135,-35.867
40146.231,-35.873
40146.327,-35.92
40146.452,-35.9
40146.545,-35.933
40146.641,-35.98
40196.750,-35.913
40196.847,-36.02
40196.946,-36.0
40197.049,-35.9
40197.160,-35.927
40197.263,-35.893
40197.364,-35.853
40197.467,-35.907
40197.570,-35.973
40197.680,-35.987
40197.783,-35.873
40197.876,-35.92
40197.979,-35.933
40198.082,-35.92
40198.192,-36.027
40198.221,-35.867
40198.391,-35.927
40198.518,-35.887
40198.535,-35.9
40198.631,-36.0
40198.729,-35.94
40198.831,-35.887
40198.934,-35.927
40199.035,-35.933
40199.135,-35.94
40199.253,-35.92
40199.327,-35.92
40199.430,-36.067
40199.530,-35.96
40199.619,-35.96
40199.716,-36.027
40199.839,-35.987
40199.935,-35.92
40200.030,-36.0
40200.131,-35.92
40200.228,-35.94
40200.327,-35.867
40200.449,-35.86
40200.523,-35.987
40200.645,-36.013
40200.722,-35.973
40200.856,-35.953
40200.952,-35.94
40201.052,-35.84
40201.168,-36.04
40201.263,-35.907
40201.361,-35.747
40201.456,-35.94
40201.565,-35.993
40201.665,-35.96
40201.768,-35.907
40201.871,-35.833
40201.973,-35.873
40202.077,-35.953
40202.192,-35.847
40202.211,-35.86
40202.383,-35.86
40202.413,-35.92
40202.508,-35.96
40202.626,-35.96
40202.717,-35.933
40202.826,-35.927
40202.927,-35.933
40203.025,-35.9
40203.109,-35.92
40203.211,-35.913
40203.319,-35.94
40203.417,-36.0
40203.518,-36.0
40203.619,-35.94
40203.714,-35.967
40203.822,-35.953
40203.905,-35.887
40204.028,-35.833
40204.109,-35.92
40204.214,-35.967
40204.321,-35.967
40204.442,-35.907
40204.506,-35.8
40204.626,-36.0
40204.711,-36.0
40204.841,-35.887
40204.937,-35.873
40205.035,-35.84
40205.131,-35.98
40205.246,-36.027
40205.339,-35.86
40205.462,-35.953
40205.545,-35.84
40205.665,-35.94
40205.719,-35.927
40205.868,-35.947
40205.956,-35.92
40206.008,-35.893
40206.113,-35.88
40206.207,-35.86
40206.302,-36.027
40206.403,-35.927
40206.501,-35.933
40206.603,-35.827
40256.716,-35.9
40256.815,-35.88
40256.915,-35.947
40257.001,-35.913
40257.097,-36.027
40257.194,-35.907
40257.339,-35.973
40257.415,-35.927
40257.510,-35.88
40257.608,-35.92
40257.704,-35.893
40257.814,-35.96
40257.913,-35.987
40258.013,-36.013
40258.116,-35.953
40258.214,-35.9
40258.307,-35.993
40258.440,-35.88
40258.513,-35.887
40258.619,-35.96
40258.695,-35.94
40258.844,-35.9
40258.907,-35.927
40259.033,-35.967
40259.116,-35.92
40259.244,-35.933
40259.341,-35.92
40259.393,-35.987
40259.543,-36.033
40259.587,-35.933
40259.751,-35.8
40259.849,-35.913
40259.956,-35.96
40259.984,-35.853
40260.096,-35.92
40260.192,-35.987
40260.300,-35.933
40260.400,-35.987
40260.494,-35.9
40260.598,-36.007
40260.689,-35.987
40260.787,-35.933
40260.886,-35.92
40260.984,-36.0
40261.084,-35.98
40261.182,-35.92
40261.282,-35.833
40261.403,-35.94
40261.500,-35.993
40261.599,-35.927
40261.696,-35.853
40261.788,-35.84
40261.908,-35.92
40262.006,-35.92
40262.114,-35.947
40262.199,-35.88
40262.320,-35.8
40262.396,-35.927
40262.528,-35.927
40262.582,-36.013
40262.690,-35.853
40262.793,-35.94
40262.898,-35.927
40262.998,-35.987
40263.104,-36.0
40263.217,-35.96
40263.280,-35.793
40263.442,-35.867
40263.540,-35.887
40263.587,-35.86
40263.680,-35.94
40263.782,-35.96
40263.954,-35.893
40263.996,-35.84
40264.089,-36.013
40264.190,-35.933
40264.285,-35.9
40264.393,-35.88
40264.489,-35.867
40264.587,-35.873
40264.687,-35.927
40264.775,-35.953
40264.873,-35.867
40264.967,-35.953
40265.091,-35.98
40265.189,-35.967
40265.283,-35.913
40265.383,-35.833
40265.491,-36.02
40265.589,-36.007
40265.682,-35.84
40265.790,-36.04
40265.903,-35.873
40266.001,-35.913
40266.103,-35.92
40266.201,-35.927
40266.277,-35.96
40266.398,-35.88
40266.525,-36.007
40266.616,-36.02
40266.709,-36.073
40316.807,-36.04
40316.937,-35.927
40316.964,-35.787
40317.062,-35.967
40317.194,-35.953
40317.302,-35.84
40317.410,-35.893
40317.462,-35.893
40317.564,-35.933
40317.675,-35.833
40317.772,-35.9
40317.869,-35.98
40317.971,-35.96
40318.072,-35.96
40318.170,-35.94
40318.273,-35.98
40318.363,-35.927
40318.479,-35.88
40318.581,-35.833
40318.675,-35.927
40318.773,-35.98
40318.871,-35.96
40318.969,-35.893
40319.065,-35.98
40319.168,-35.893
40319.285,-35.94
40319.380,-35.94
40319.464,-35.973
40319.579,-35.933
40319.697,-35.9
40319.792,-35.86
40319.900,-36.027
40320.000,-35.907
40320.097,-35.953
40320.201,-35.907
40320.265,-36.013
40320.412,-35.933
40320.532,-35.86
40320.611,-35.713
40320.709,-35.967
40320.805,-35.913
40320.908,-35.987
40320.959,-35.927
40321.064,-35.9
40321.153,-35.893
40321.256,-35.94
40321.373,-35.96
40321.467,-35.96
40321.565,-35.853
40321.672,-35.98
40321.763,-35.987
40321.859,-36.0
40321.957,-35.92
40322.060,-35.9
40322.170,-35.947
40322.268,-36.013
40322.369,-35.98
40322.449,-35.96
40322.570,-35.987
40322.665,-35.92
40322.773,-36.013
40322.849,-36.0
40322.969,-36.013
40323.067,-35.907
40323.155,-35.867
40323.275,-35.92
40323.373,-35.873
40323.462,-35.973
40323.576,-35.993
40323.673,-35.9
40323.793,-35.907
40323.876,-35.933
40323.993,-35.907
40324.089,-35.9
40324.187,-35.893
40324.287,-36.013
40324.408,-36.08
40324.501,-35.887
40324.609,-35.927
40324.697,-35.84
40324.748,-35.867
40324.842,-35.987
40325.023,-36.0
40325.050,-36.04
40325.148,-35.933
40325.244,-35.927
40325.344,-35.907
40325.457,-35.933
40325.540,-35.927
40325.662,-35.973
40325.748,-35.96
40325.846,-35.88
40325.944,-35.773
40326.038,-35.887
40326.150,-35.927
40326.244,-35.907
40326.342,-35.927
40326.449,-35.933
40326.537,-35.98
40326.658,-36.0
40376.734,-35.973
40376.859,-35.9
40376.946,-35.92
40377.055,-36.0
40377.136,-36.033
40377.243,-35.8
40377.366,-35.96
40377.461,-35.947
40377.550,-36.0
40377.684,-35.927
40377.778,-35.807
40377.876,-35.913
40377.988,-35.987
40378.082,-35.987
40378.177,-35.933
40378.229,-35.807
40378.334,-35.907
40378.494,-35.98
40378.587,-35.927
40378.697,-35.913
40378.795,-35.947
40378.848,-36.007
40378.939,-35.967
40379.043,-35.98
40379.148,-36.06
40379.244,-35.947
40379.341,-35.893
40379.427,-35.88
40379.528,-35.873
40379.646,-35.867
40379.756,-35.913
40379.839,-35.987
40379.937,-35.993
40380.035,-35.9
40380.170,-35.907
40380.241,-35.82
40380.339,-35.84
40380.437,-35.873
40380.535,-35.873
40380.633,-35.907
40380.744,-35.873
40380.821,-35.907
40380.927,-35.92
40381.048,-35.907
40381.143,-35.927
40381.244,-35.92
40381.366,-35.86
40381.462,-35.953
40381.559,-35.887
40381.660,-35.993
40381.758,-35.853
40381.878,-35.86
40381.962,-36.0
40382.074,-35.987
40382.121,-35.973
40382.285,-36.0
40382.371,-35.96
40382.423,-35.927
40382.520,-35.847
40382.616,-35.913
40382.945,-36.0
40383.030,-35.927
40383.131,-35.98
40383.234,-35.853
40383.331,-36.08
40383.430,-35.953
40383.530,-35.98
40383.633,-35.9
40383.717,-35.953
40383.821,-35.86
40383.917,-35.84
40384.020,-35.907
40384.119,-35.98
40384.236,-35.94
40384.312,-35.9
40384.435,-35.867
40384.533,-35.873
40384.648,-35.947
40384.741,-35.92
40384.837,-35.947
40384.944,-35.747
40385.013,-35.96
40385.111,-35.973
40385.217,-35.88
40385.324,-35.94
40385.427,-35.813
40385.535,-35.887
40385.650,-35.973
40385.771,-35.92
40385.866,-36.06
40385.964,-35.867
40386.072,-36.0
40386.168,-35.967
40386.217,-35.78
40386.310,-35.893
40386.420,-35.92
40386.515,-35.913
40386.613,-35.953
40386.709,-35.947
40676.810,-35.92
40676.905,-36.033
40677.003,-35.98
40677.104,-36.013
40677.219,-36.033
40677.320,-35.933
40677.415,-36.047
40677.516,-35.813
40677.613,-35.927
40677.709,-35.967
40677.802,-35.9
40677.910,-36.087
40678.005,-35.973
40678.126,-36.047
40678.209,-35.907
40678.320,-35.94
40678.413,-36.007
40678.538,-35.84
40678.646,-35.88
40678.721,-35.947
40678.802,-36.013
40678.900,-35.86
40679.006,-35.82
40679.109,-35.993
40679.214,-35.947
40679.354,-35.92
40679.427,-35.967
40679.548,-35.873
40679.599,-35.9
40679.702,-35.86
40679.795,-35.927
40679.961,-35.88
40680.043,-35.913
40680.109,-35.953
40680.207,-35.993
40680.302,-35.94
40680.413,-36.047
40680.515,-35.993
40680.611,-35.933
40680.709,-36.033
40680.810,-35.907
40680.893,-35.867
40681.011,-35.973
40681.109,-35.9
40681.192,-36.047
40681.293,-36.007
40681.410,-35.96
40681.515,-35.94
40681.611,-35.907
40681.712,-36.0
40681.807,-35.92
40681.898,-35.96
40682.021,-35.893
40682.119,-35.78
40682.214,-36.013
40682.320,-35.967
40682.415,-35.96
40682.511,-36.0
40682.616,-35.94
40682.726,-36.08
40682.824,-36.007
40682.918,-36.02
40683.030,-35.887
40683.126,-35.8
40683.246,-35.98
40683.353,-35.933
40683.395,-35.94
40683.548,-35.92
40683.601,-35.913
40683.684,-35.88
40683.785,-35.907
40683.888,-35.993
40683.991,-35.96
40684.087,-35.94
40684.202,-35.873
40684.304,-35.953
40684.388,-36.033
40684.483,-35.92
40684.598,-35.94
40684.694,-35.82
40684.792,-36.06
40684.891,-35.933
40684.986,-35.947
40685.082,-35.96
40685.192,-35.92
40685.280,-35.813
40685.400,-35.873
40685.494,-35.96
40685.603,-35.987
40685.699,-35.973
40685.795,-35.84
40685.888,-35.913
40685.989,-35.987
40686.113,-35.953
40686.207,-36.093
40686.292,-35.753
40686.402,-35.927
40686.522,-35.893
40686.618,-35.933
40736.729,-35.953
40736.826,-35.953
40736.924,-35.967
40737.030,-36.033
40737.136,-36.067
40737.234,-35.88
40737.331,-35.953
40737.439,-35.92
40737.535,-35.8
40737.587,-35.927
40737.689,-36.007
40737.787,-35.967
40737.883,-35.873
40737.984,-35.867
40738.082,-35.913
40738.177,-36.027
40738.285,-35.993
40738.371,-35.98
40738.498,-35.96
40738.586,-35.913
40738.685,-35.933
40738.785,-35.86
40738.891,-35.82
40738.969,-35.973
40739.070,-35.867
40739.175,-35.98
40739.273,-36.0
40739.393,-35.847
40739.479,-35.967
40739.601,-35.993
40739.684,-35.907
40739.770,-35.953
40739.888,-35.8
40739.984,-35.867
40740.079,-35.92
40740.202,-35.853
40740.300,-35.84
40740.405,-35.887
40740.501,-35.973
40740.599,-36.06
40740.702,-35.973
40740.817,-35.953
40740.915,-35.88
40740.967,-35.927
40741.116,-35.947
40741.167,-35.92
40741.263,-35.953
40741.361,-35.793
40741.462,-35.82
40741.626,-35.953
40741.680,-36.033
40741.773,-36.053
40741.873,-36.033
40741.969,-36.02
40742.072,-35.993
40742.174,-35.947
40742.261,-36.02
40742.358,-35.933
40742.457,-35.853
40742.569,-35.94
40742.665,-35.833
40742.761,-35.867
40742.858,-36.027
40742.978,-35.867
40743.072,-35.953
40743.172,-35.993
40743.273,-36.047
40743.366,-35.927
40743.467,-35.873
40743.572,-36.027
40743.689,-36.053
40743.777,-35.913
40743.856,-35.94
40743.959,-35.787
40744.067,-35.84
40744.187,-35.92
40744.307,-35.913
40744.376,-36.0
40744.511,-35.92
40744.608,-35.953
40744.704,-36.06
40744.814,-35.98
40744.913,-35.92
40745.008,-35.867
40745.059,-35.927
40745.160,-35.94
40745.256,-35.893
40745.354,-35.86
40745.449,-35.96
40745.548,-35.913
40745.670,-35.873
40745.765,-35.893
40745.848,-35.953
40745.962,-35.867
40746.059,-35.927
40746.153,-35.953
40746.260,-36.06
40746.353,-35.86
40746.451,-35.927
40746.547,-35.913
40746.653,-35.92
40796.751,-35.88
40796.878,-35.993
40796.956,-35.92
40797.062,-35.9
40797.162,-35.967
40797.260,-35.913
40797.368,-36.073
40797.459,-35.907
40797.582,-35.947
40797.685,-36.013
40797.773,-35.86
40797.893,-35.913
40797.988,-35.893
40798.097,-35.873
40798.192,-35.993
40798.248,-35.88
40798.351,-35.913
40798.459,-36.007
40798.562,-35.82
40798.667,-35.933
40798.741,-35.933
40798.837,-35.98
40798.940,-35.973
40799.038,-35.833
40799.155,-35.8
40799.236,-35.94
40799.341,-35.96
40799.435,-35.993
40799.548,-35.927
40799.657,-36.047
40799.739,-35.987
40799.841,-35.987
40799.937,-35.947
40800.033,-35.907
40800.136,-35.867
40800.256,-35.827
40800.354,-35.88
40800.437,-35.933
40800.533,-35.98
40800.648,-35.807
40800.738,-35.993
40800.844,-36.033
40800.957,-35.88
40801.062,-35.953
40801.160,-35.78
40801.256,-35.953
40801.361,-35.973
40801.469,-35.92
40801.567,-35.987
40801.663,-35.76
40801.772,-35.907
40801.868,-35.92
40801.964,-35.987
40802.096,-35.933
40802.184,-35.92
40802.280,-35.993
40802.332,-36.0
40802.427,-35.96
40802.528,-35.92
40802.623,-35.9
40802.790,-35.86
40802.832,-36.007
40802.939,-35.94
40803.035,-35.873
40803.131,-35.853
40803.224,-35.927
40803.344,-35.853
40803.440,-35.827
40803.611,-36.02
40803.640,-35.947
40803.734,-35.933
40803.831,-35.953
40803.932,-35.88
40804.038,-35.873
40804.125,-35.84
40804.226,-35.847
40804.322,-35.953
40804.432,-35.953
40804.533,-35.887
40804.638,-35.98
40804.741,-35.933
40804.842,-35.887
40804.939,-36.04
40805.045,-36.033
40805.145,-35.927
40805.226,-35.913
40805.329,-35.893
40805.437,-35.873
40805.555,-36.087
40805.641,-36.053
40805.768,-35.913
40805.848,-35.88
40805.967,-35.973
40806.065,-35.913
40806.182,-35.947
40806.278,-35.9
40806.375,-35.84
40806.476,-35.873
40806.528,-35.947
40806.621,-35.953
40856.719,-36.007
40856.822,-35.86
40856.918,-35.92
40857.021,-35.967
40857.118,-35.96
40857.243,-35.887
40857.314,-36.027
40857.432,-35.98
40857.530,-35.973
40857.618,-35.907
40857.712,-35.967
40857.832,-35.947
40857.908,-35.853
40858.016,-35.933
40858.121,-35.847
40858.221,-35.973
40858.327,-36.04
40858.420,-36.02
40858.515,-36.007
40858.636,-35.9
40858.744,-35.907
40858.827,-36.007
40858.946,-35.94
40859.043,-35.793
40859.155,-35.9
40859.255,-35.933
40859.349,-36.02
40859.447,-35.94
40859.549,-35.933
40859.647,-36.033
40859.766,-35.953
40859.854,-35.927
40859.962,-35.933
40860.062,-35.98
40860.111,-35.98
40860.214,-36.053
40860.310,-35.867
40860.410,-35.953
40860.508,-35.927
40860.606,-35.853
40860.702,-35.98
40860.824,-35.953
40860.922,-35.993
40861.018,-35.887
40861.116,-35.827
40861.212,-35.767
40861.317,-35.96
40861.412,-35.907
40861.508,-35.967
40861.604,-35.887
40861.707,-35.9
40861.802,-35.873
40861.923,-35.933
40862.022,-35.947
40862.121,-35.853
40862.217,-35.853
40862.315,-36.02
40862.420,-35.893
40862.530,-35.953
40862.618,-36.007
40862.719,-35.82
40862.831,-35.873
40862.927,-35.887
40863.003,-36.04
40863.101,-36.06
40863.209,-35.867
40863.315,-35.84
40863.422,-35.96
40863.537,-35.887
40863.628,-35.92
40863.748,-35.927
40863.802,-35.96
40863.957,-35.92
40864.057,-35.953
40864.106,-35.913
40864.199,-35.947
40864.307,-35.867
40864.405,-35.847
40864.501,-35.92
40864.672,-36.033
40864.699,-35.933
40864.798,-35.98
40864.891,-35.88
40864.991,-35.947
40865.097,-35.953
40865.196,-36.0
40865.292,-35.953
40865.403,-35.947
40865.501,-35.933
40865.599,-35.96
40865.694,-35.967
40865.797,-35.913
40865.891,-36.013
40866.015,-36.107
40866.098,-36.047
40866.185,-36.047
40866.307,-35.973
40866.403,-35.813
40866.506,-35.933
40866.626,-35.893
40916.723,-35.873
40916.831,-35.833
40916.917,-36.013
40916.991,-35.88
40917.099,-35.887
40917.241,-36.013
40917.297,-35.86
40917.397,-35.953
40917.501,-36.027
40917.609,-36.013
40917.685,-36.02
40917.792,-35.847
40917.895,-35.973
40917.979,-35.933
40918.097,-35.98
40918.180,-35.9
40918.300,-36.033
40918.400,-35.92
40918.494,-35.987
40918.591,-35.967
40918.695,-35.927
40918.793,-35.973
40918.886,-35.967
40918.981,-35.953
40919.079,-35.987
40919.177,-35.92
40919.295,-35.967
40919.403,-35.9
40919.494,-35.833
40919.591,-35.933
40919.690,-35.927
40919.785,-35.98
40919.905,-35.82
40920.003,-36.013
40920.101,-36.047
40920.207,-36.007
40920.305,-35.947
40920.403,-35.92
40920.503,-35.967
40920.616,-35.913
40920.712,-35.987
40920.807,-36.053
40920.915,-35.913
40921.011,-36.04
40921.131,-35.92
40921.239,-35.933
40921.329,-35.993
40921.403,-35.867
40921.479,-35.873
40921.571,-35.893
40921.675,-35.987
40921.770,-36.053
40921.868,-36.087
40921.974,-35.94
40922.079,-35.973
40922.185,-36.0
40922.270,-35.893
40922.368,-35.933
40922.476,-35.887
40922.581,-35.927
40922.665,-35.907
40922.782,-36.007
40922.878,-35.94
40922.974,-35.88
40923.077,-35.873
40923.165,-35.94
40923.285,-35.98
40923.381,-35.88
40923.491,-35.88
40923.587,-35.927
40923.684,-35.853
40923.777,-35.98
40923.881,-35.873
40924.005,-35.893
40924.101,-36.027
40924.187,-35.927
40924.288,-35.953
40924.410,-35.9
40924.513,-35.753
40924.616,-35.973
40924.668,-35.88
40924.815,-35.953
40924.915,-35.893
40924.959,-35.867
40925.062,-35.927
40925.155,-35.96
40925.327,-35.947
40925.356,-36.0
40925.522,-35.933
40925.574,-35.96
40925.675,-35.973
40925.771,-35.96
40925.866,-35.96
40925.964,-36.0
40926.064,-35.973
40926.184,-36.06
40926.256,-35.927
40926.354,-35.933
40926.456,-35.947
40926.565,-35.907
40926.695,-35.9
40976.751,-35.913
40976.863,-35.94
40976.961,-35.953
40977.064,-35.88
40977.163,-35.98
40977.248,-35.947
40977.369,-35.933
40977.457,-35.933
40977.579,-36.007
40977.677,-35.953
40977.778,-35.953
40977.873,-35.92
40977.994,-36.087
40978.091,-35.82
40978.187,-35.867
40978.290,-35.92
40978.388,-35.98
40978.486,-35.887
40978.564,-35.82
40978.647,-35.987
40978.810,-35.973
40978.905,-35.98
40978.957,-36.08
40979.049,-35.9
40979.150,-36.033
40979.244,-35.987
40979.351,-36.013
40979.454,-35.833
40979.550,-35.9
40979.650,-35.9
40979.761,-36.0
40979.856,-36.02
40979.961,-35.987
40980.060,-35.953
40980.150,-36.007
40980.244,-35.987
40980.342,-36.007
40980.449,-35.96
40980.549,-35.933
40980.645,-35.9
40980.741,-35.913
40980.864,-35.967
40980.957,-35.933
40981.049,-36.013
40981.163,-35.853
40981.253,-35.887
40981.359,-35.973
40981.435,-35.927
40981.572,-35.953
40981.643,-35.827
40981.746,-35.98
40981.849,-35.913
40981.952,-35.907
40982.052,-35.953
40982.160,-35.84
40982.280,-35.887
40982.366,-35.973
40982.489,-35.973
40982.540,-36.027
40982.633,-35.927
40982.734,-35.94
40982.898,-35.947
40982.949,-36.013
40983.048,-35.953
40983.145,-35.953
40983.241,-35.96
40983.339,-35.973
40983.435,-36.033
40983.538,-35.94
40983.631,-35.833
40983.736,-35.833
40983.849,-35.893
40983.947,-35.86
40984.027,-35.827
40984.172,-35.887
40984.244,-35.993
40984.341,-35.84
40984.440,-35.953
40984.538,-35.993
40984.638,-35.96
40984.758,-35.933
40984.837,-35.98
40984.949,-35.913
40985.069,-35.967
40985.165,-35.92
40985.256,-35.767
40985.349,-35.947
40985.469,-35.967
40985.572,-35.907
40985.658,-35.96
40985.778,-35.8
40985.875,-35.993
40985.984,-35.96
40986.079,-35.933
40986.135,-35.993
40986.241,-35.893
40986.342,-35.887
40986.446,-36.04
40986.523,-35.92
40986.626,-35.9
41276.722,-35.927
41276.837,-35.913
41276.935,-35.887
41277.043,-35.88
41277.128,-35.953
41277.224,-35.94
41277.329,-35.927
41277.434,-35.973
41277.530,-35.947
41277.636,-35.887
41277.731,-35.92
41277.821,-35.887
41277.918,-35.96
41278.015,-36.033
41278.145,-36.0
41278.238,-35.98
41278.334,-35.8
41278.430,-35.933
41278.523,-35.947
41278.650,-35.933
41278.748,-35.853
41278.844,-35.967
41278.949,-35.933
41279.047,-35.88
41279.145,-35.82
41279.248,-35.98
41279.363,-35.913
41279.459,-35.873
41279.557,-35.88
41279.658,-35.847
41279.751,-35.853
41279.871,-35.94
41279.984,-35.887
41280.074,-35.88
41280.170,-35.92
41280.219,-35.94
41280.314,-35.993
41280.417,-35.86
41280.515,-35.82
41280.613,-35.94
41280.717,-35.9
41280.829,-35.987
41280.925,-36.087
41281.023,-35.74
41281.106,-35.873
41281.209,-35.947
41281.342,-35.947
41281.498,-36.04
41281.527,-35.847
41281.623,-35.847
41281.712,-35.847
41281.821,-35.853
41281.918,-35.887
41282.016,-35.967
41282.111,-35.88
41282.204,-36.067
41282.327,-35.987
41282.425,-35.913
41282.525,-35.953
41282.625,-35.953
41282.746,-36.013
41282.841,-35.987
41282.934,-35.94
41283.035,-35.913
41283.157,-35.767
41283.253,-36.0
41283.359,-36.093
41283.454,-36.08
41283.554,-35.993
41283.658,-35.927
41283.699,-35.873
41283.859,-35.94
41283.897,-35.94
41284.001,-35.993
41284.097,-35.907
41284.263,-35.927
41284.315,-35.833
41284.415,-35.927
41284.511,-35.953
41284.608,-35.86
41284.704,-35.893
41284.807,-35.94
41284.907,-35.887
41285.006,-36.013
41285.128,-35.987
41285.207,-35.947
41285.302,-35.987
41285.398,-35.953
41285.494,-35.933
41285.609,-35.893
41285.714,-35.907
41285.812,-36.033
41285.912,-36.113
41286.013,-36.053
41286.114,-36.04
41286.256,-35.787
41286.329,-35.887
41286.405,-35.94
41286.528,-35.9
41286.641,-35.973
41336.739,-35.853
41336.837,-36.027
41336.935,-35.873
41337.035,-35.907
41337.089,-35.907
41337.189,-35.907
41337.292,-35.967
41337.449,-36.06
41337.557,-36.02
41337.584,-36.02
41337.744,-35.907
41337.797,-35.953
41337.898,-35.987
41337.986,-35.953
41338.089,-36.013
41338.197,-35.913
41338.300,-35.953
41338.403,-36.02
41338.503,-35.913
41338.597,-35.96
41338.694,-35.973
41338.802,-35.9
41338.881,-35.82
41339.001,-35.94
41339.121,-35.913
41339.192,-35.933
41339.293,-35.84
41339.393,-35.98
41339.489,-35.867
41339.606,-36.027
41339.704,-35.973
41339.800,-35.953
41339.913,-35.88
41340.018,-35.92
41340.111,-35.947
41340.216,-35.947
41340.321,-35.82
41340.418,-35.833
41340.528,-35.927
41340.640,-35.967
41340.731,-35.907
41340.827,-35.78
41340.929,-35.94
41341.055,-36.04
41341.133,-35.84
41341.239,-35.927
41341.339,-35.98
41341.375,-36.007
41341.543,-35.86
41341.643,-35.86
41341.741,-35.933
41341.783,-36.02
41341.881,-35.853
41341.978,-35.96
41342.155,-36.04
41342.182,-35.947
41342.283,-35.88
41342.383,-36.0
41342.476,-35.873
41342.572,-35.92
41342.668,-35.953
41342.770,-35.94
41342.890,-35.893
41342.984,-35.967
41343.082,-36.027
41343.180,-36.0
41343.287,-35.9
41343.390,-35.993
41343.474,-35.84
41343.579,-35.98
41343.670,-35.987
41343.793,-36.067
41343.891,-35.967
41343.991,-35.82
41344.086,-35.833
41344.207,-35.847
41344.315,-35.893
41344.400,-35.953
41344.520,-35.867
41344.618,-35.967
41344.726,-35.92
41344.820,-36.0
41344.918,-35.873
41345.016,-35.967
41345.121,-36.007
41345.219,-35.96
41345.271,-35.887
41345.364,-35.933
41345.466,-35.88
41345.633,-35.967
41345.660,-36.02
41345.758,-35.947
41345.876,-35.927
41345.972,-35.873
41346.070,-35.88
41346.177,-35.887
41346.275,-36.02
41346.378,-36.013
41346.478,-35.913
41346.565,-36.0
41346.663,-35.98
41396.756,-36.007
41396.888,-35.973
41396.976,-36.0
41397.074,-35.967
41397.175,-35.947
41397.255,-35.96
41397.386,-35.927
41397.483,-36.027
41397.579,-35.92
41397.692,-35.927
41397.788,-35.947
41397.888,-36.04
41397.991,-36.0
41398.057,-35.767
41398.167,-35.9
41398.273,-36.007
41398.375,-35.927
41398.494,-36.02
41398.584,-35.873
41398.724,-36.04
41398.815,-35.953
41398.913,-35.913
41399.008,-35.873
41399.060,-35.82
41399.153,-35.92
41399.251,-36.0
41399.418,-36.073
41399.459,-35.94
41399.574,-35.953
41399.663,-35.967
41399.768,-36.013
41399.853,-35.92
41399.949,-35.907
41400.079,-35.96
41400.150,-35.787
41400.265,-35.88
41400.361,-35.973
41400.457,-35.947
41400.562,-35.9
41400.655,-35.867
41400.751,-35.853
41400.844,-35.913
41400.949,-35.913
41401.070,-35.973
41401.167,-36.067
41401.263,-35.96
41401.366,-35.853
41401.464,-35.987
41401.584,-35.92
41401.665,-35.987
41401.766,-35.887
41401.888,-35.92
41401.984,-36.007
41402.074,-35.933
41402.150,-35.867
41402.256,-35.88
41402.361,-35.933
41402.466,-35.973
41402.538,-36.0
41402.646,-35.94
41402.810,-35.873
41402.839,-35.867
41403.000,-35.92
41403.054,-35.893
41403.136,-35.827
41403.244,-35.847
41403.342,-35.913
41403.439,-35.993
41403.550,-35.94
41403.635,-35.907
41403.756,-36.02
41403.869,-35.953
41403.947,-35.953
41404.042,-36.013
41404.138,-35.9
41404.238,-35.913
41404.351,-35.867
41404.447,-35.833
41404.543,-35.88
41404.648,-35.907
41404.746,-35.967
41404.839,-35.807
41404.974,-35.927
41405.062,-35.947
41405.155,-36.04
41405.277,-35.9
41405.339,-35.847
41405.474,-35.927
41405.571,-36.0
41405.665,-35.893
41405.775,-35.907
41405.875,-35.713
41405.974,-35.96
41406.077,-35.913
41406.185,-35.947
41406.283,-35.853
41406.390,-35.893
41406.486,-35.947
41406.538,-35.973
41406.628,-35.94
41456.726,-35.98
41456.834,-35.933
41456.932,-35.893
41457.032,-35.98
41457.128,-35.973
41457.241,-35.92
41457.337,-35.967
41457.435,-35.927
41457.545,-35.96
41457.628,-35.967
41457.734,-35.993
41457.834,-35.96
41457.937,-35.833
41458.038,-35.9
41458.121,-35.96
41458.226,-35.967
41458.326,-35.98
41458.440,-35.927
41458.538,-35.947
41458.648,-35.987
41458.731,-35.88
41458.849,-35.86
41458.947,-35.853
41459.059,-35.867
41459.155,-35.88
41459.253,-36.0
41459.349,-35.94
41459.452,-35.827
41459.574,-35.927
41459.668,-35.94
41459.756,-35.92
41459.861,-35.84
41459.981,-35.84
41460.077,-35.867
41460.119,-35.907
41460.214,-35.873
41460.381,-35.92
41460.486,-35.92
41460.528,-35.94
41460.623,-36.047
41460.719,-36.013
41460.826,-36.013
41460.922,-36.013
41461.018,-35.973
41461.116,-35.967
41461.221,-35.887
41461.315,-35.86
41461.413,-35.96
41461.533,-35.827
41461.611,-36.04
41461.717,-36.027
41461.815,-36.033
41461.922,-36.0
41462.025,-36.033
41462.128,-35.84
41462.212,-35.887
41462.324,-35.907
41462.429,-35.993
41462.525,-36.007
41462.611,-35.807
41462.734,-35.987
41462.831,-36.033
41462.951,-35.88
41463.060,-35.973
41463.148,-35.88
41463.244,-35.96
41463.366,-35.94
41463.440,-36.04
41463.562,-36.06
41463.658,-35.847
41463.758,-35.807
41463.863,-35.873
41463.959,-35.853
41464.010,-35.82
41464.108,-35.88
41464.207,-35.793
41464.305,-35.973
41464.402,-36.067
41464.574,-36.007
41464.601,-35.827
41464.723,-35.867
41464.821,-35.953
41464.918,-35.933
41465.022,-35.947
41465.119,-35.853
41465.216,-35.953
41465.307,-35.887
41465.405,-35.927
41465.500,-36.02
41465.631,-35.833
41465.717,-35.967
41465.815,-35.973
41465.913,-35.86
41466.001,-35.973
41466.118,-36.02
41466.201,-35.907
41466.314,-35.993
41466.417,-35.913
41466.500,-35.88
41466.623,-35.9
41466.704,-35.86
41516.824,-35.927
41516.917,-35.887
41517.020,-35.927
41517.145,-35.86
41517.231,-35.887
41517.336,-35.9
41517.418,-35.987
41517.491,-35.973
41517.592,-35.973
41517.692,-35.82
41517.795,-36.013
41517.951,-35.9
41517.998,-35.933
41518.097,-35.933
41518.204,-35.893
41518.304,-35.88
41518.403,-35.967
41518.498,-35.907
41518.594,-35.947
41518.692,-35.967
41518.810,-35.967
41518.907,-36.033
41519.006,-35.947
41519.109,-36.02
41519.204,-36.013
41519.305,-35.873
41519.397,-35.947
41519.494,-35.94
41519.586,-35.847
41519.690,-35.867
41519.809,-35.913
41519.907,-35.88
41520.003,-35.907
41520.091,-35.893
41520.199,-36.0
41520.304,-35.92
41520.408,-35.933
41520.494,-35.933
41520.618,-35.86
41520.738,-35.84
41520.820,-35.8
41520.939,-36.0
41521.038,-36.113
41521.143,-36.033
41521.233,-35.907
41521.329,-35.853
41521.381,-35.913
41521.555,-35.92
41521.579,-35.893
41521.744,-35.98
41521.795,-35.907
41521.947,-35.867
41521.998,-35.967
41522.089,-35.887
41522.192,-35.947
41522.295,-35.893
41522.391,-35.96
41522.489,-35.853
41522.584,-35.96
41522.682,-35.847
41522.778,-36.073
41522.898,-35.973
41522.981,-35.927
41523.089,-35.987
41523.177,-35.927
41523.275,-35.98
41523.391,-35.913
41523.489,-35.933
41523.584,-35.96
41523.714,-36.013
41523.805,-35.947
41523.900,-35.96
41523.998,-36.06
41524.082,-36.02
41524.194,-35.987
41524.314,-35.887
41524.410,-35.927
41524.520,-35.92
41524.616,-35.92
41524.709,-36.0
41524.817,-36.027
41524.932,-35.927
41524.984,-36.047
41525.130,-36.007
41525.229,-35.927
41525.293,-35.993
41525.369,-35.82
41525.478,-36.0
41525.577,-35.92
41525.682,-35.947
41525.768,-36.093
41525.888,-36.04
41525.981,-35.973
41526.077,-36.067
41526.175,-35.947
41526.288,-35.893
41526.378,-35.973
41526.476,-36.067
41526.572,-36.047
41526.680,-35.9
41576.805,-35.853
41576.878,-36.02
41576.976,-35.92
41577.070,-36.047
41577.173,-35.927
41577.265,-35.98
41577.391,-35.96
41577.479,-35.913
41577.577,-36.053
41577.699,-35.94
41577.778,-35.907
41577.897,-35.92
41577.994,-35.847
41578.089,-36.007
41578.201,-35.953
41578.290,-35.927
41578.408,-35.927
41578.501,-35.887
41578.606,-35.92
41578.704,-35.993
41578.824,-35.933
41578.861,-35.913
41579.013,-35.9
41579.067,-36.007
41579.158,-36.033
41579.322,-35.907
41579.422,-35.953
41579.472,-36.0
41579.564,-36.033
41579.663,-35.88
41579.765,-36.007
41579.871,-35.82
41579.964,-36.013
41580.055,-35.94
41580.155,-35.94
41580.260,-35.98
41580.361,-35.907
41580.474,-35.96
41580.594,-35.867
41580.697,-36.033
41580.773,-35.993
41580.859,-35.993
41580.957,-36.0
41581.065,-35.86
41581.152,-35.833
41581.273,-35.893
41581.371,-36.007
41581.478,-35.993
41581.574,-35.867
41581.694,-35.927
41581.800,-35.873
41581.873,-35.84
41581.993,-35.893
41582.091,-35.907
41582.180,-35.947
41582.302,-35.927
41582.398,-35.953
41582.491,-35.973
41582.604,-35.987
41582.701,-35.94
41582.753,-35.947
41582.905,-35.987
41582.944,-35.907
41583.109,-35.98
41583.160,-35.967
41583.315,-35.86
41583.344,-35.867
41583.466,-35.907
41583.565,-35.98
41583.662,-35.987
41583.761,-36.013
41583.858,-35.947
41583.954,-35.933
41584.047,-35.927
41584.150,-35.967
41584.253,-35.947
41584.373,-36.06
41584.462,-36.1
41584.542,-35.887
41584.665,-35.933
41584.741,-35.893
41584.851,-35.987
41584.956,-35.927
41585.060,-35.953
41585.152,-35.98
41585.246,-35.953
41585.347,-35.88
41585.476,-35.987
41585.560,-36.007
41585.680,-35.993
41585.778,-35.933
41585.888,-36.027
41585.984,-36.02
41586.084,-35.887
41586.184,-35.867
41586.275,-36.0
41586.398,-35.887
41586.493,-35.987
41586.577,-35.993
41586.694,-35.973
41876.746,-35.98
41876.844,-35.867
41876.946,-36.04
41877.043,-35.927
41877.141,-36.02
41877.236,-35.893
41877.337,-35.873
41877.432,-35.907
41877.552,-35.92
41877.655,-36.02
41877.734,-35.92
41877.832,-35.84
41877.952,-35.9
41878.074,-36.007
41878.150,-35.953
41878.246,-35.933
41878.351,-35.873
41878.452,-35.96
41878.535,-35.96
41878.636,-35.933
41878.746,-35.993
41878.849,-35.847
41878.949,-35.94
41879.045,-35.933
41879.152,-35.96
41879.238,-35.993
41879.363,-35.96
41879.457,-35.867
41879.562,-36.06
41879.662,-35.98
41879.783,-36.02
41879.886,-35.887
41879.974,-35.96
41880.071,-36.027
41880.125,-36.02
41880.271,-36.02
41880.390,-35.94
41880.488,-35.873
41880.584,-35.92
41880.690,-35.92
41880.734,-35.933
41880.829,-35.873
41880.929,-35.933
41881.037,-35.86
41881.133,-35.973
41881.231,-36.047
41881.400,-35.907
41881.427,-35.96
41881.525,-35.793
41881.621,-35.94
41881.723,-35.973
41881.831,-35.947
41881.934,-36.033
41882.035,-35.96
41882.136,-35.913
41882.226,-35.993
41882.322,-35.987
41882.459,-35.867
41882.543,-35.953
41882.638,-36.0
41882.736,-35.913
41882.829,-35.96
41882.940,-35.953
41883.035,-35.887
41883.155,-35.94
41883.261,-35.96
41883.359,-35.947
41883.456,-35.92
41883.560,-35.907
41883.648,-35.96
41883.771,-36.007
41883.864,-36.013
41883.973,-35.913
41884.067,-35.92
41884.170,-35.98
41884.222,-35.96
41884.321,-35.973
41884.417,-35.827
41884.515,-35.867
41884.614,-35.987
41884.709,-35.987
41884.832,-35.933
41884.925,-35.933
41885.032,-35.973
41885.111,-35.853
41885.229,-35.94
41885.331,-35.98
41885.423,-36.007
41885.520,-36.0
41885.619,-35.853
41885.721,-35.947
41885.810,-35.973
41885.905,-35.953
41886.015,-36.067
41886.133,-35.987
41886.222,-35.947
41886.317,-35.953
41886.407,-36.02
41886.516,-35.967
41886.636,-35.98
41936.733,-35.987
41936.829,-35.913
41936.940,-35.973
41937.035,-36.02
41937.130,-35.833
41937.238,-35.873
41937.351,-36.007
41937.444,-35.953
41937.540,-35.973
41937.647,-35.727
41937.744,-35.96
41937.864,-35.907
41937.972,-36.02
41938.060,-35.94
41938.111,-35.987
41938.204,-35.967
41938.300,-35.9
41938.405,-35.913
41938.510,-36.007
41938.606,-35.893
41938.707,-35.84
41938.820,-35.947
41938.917,-35.973
41939.018,-36.073
41939.101,-35.967
41939.197,-36.0
41939.317,-36.02
41939.413,-35.973
41939.511,-35.88
41939.606,-35.913
41939.702,-35.96
41939.807,-36.067
41939.905,-35.913
41939.998,-35.94
41940.101,-35.833
41940.219,-35.933
41940.305,-36.053
41940.408,-35.973
41940.518,-36.0
41940.592,-36.02
41940.696,-35.847
41940.798,-35.92
41940.910,-35.933
41941.001,-35.947
41941.101,-35.913
41941.202,-35.9
41941.304,-35.893
41941.408,-35.96
41941.511,-35.927
41941.591,-35.947
41941.692,-35.827
41941.819,-36.0
41941.897,-35.96
41942.030,-35.94
41942.106,-35.98
41942.190,-35.873
41942.288,-35.92
41942.405,-35.873
41942.511,-35.967
41942.604,-36.067
41942.702,-35.88
41942.785,-35.947
41942.908,-35.887
41943.005,-35.907
41943.116,-35.98
41943.201,-35.913
41943.299,-35.927
41943.393,-36.027
41943.486,-35.92
41943.594,-35.927
41943.694,-35.98
41943.788,-35.933
41943.896,-35.98
41943.991,-35.867
41944.113,-35.967
41944.219,-35.973
41944.307,-35.88
41944.402,-35.893
41944.523,-36.027
41944.606,-35.967
41944.726,-35.973
41944.822,-35.893
41944.920,-36.053
41945.023,-35.96
41945.116,-35.833
41945.239,-35.887
41945.322,-35.827
41945.435,-35.927
41945.530,-36.04
41945.581,-35.907
41945.690,-35.967
41945.783,-35.833
41945.880,-35.893
41945.976,-35.913
41946.079,-35.86
41946.180,-35.9
41946.275,-35.973
41946.395,-35.913
41946.491,-36.0
41946.574,-36.02
41946.677,-35.953
41996.792,-35.96
41996.891,-35.9
41996.988,-35.927
41997.084,-35.927
41997.182,-35.967
41997.277,-35.967
41997.380,-35.953
41997.488,-35.933
41997.592,-35.993
41997.690,-35.993
41997.785,-36.007
41997.893,-35.867
41997.981,-35.987
41998.103,-35.933
41998.196,-35.9
41998.307,-35.967
41998.403,-35.927
41998.501,-35.96
41998.596,-35.86
41998.721,-35.86
41998.829,-35.967
41998.930,-35.753
41998.996,-35.893
41999.136,-35.92
41999.236,-35.927
41999.268,-35.853
41999.444,-35.88
41999.469,-35.953
41999.567,-36.02
41999.674,-35.92
41999.780,-35.847
41999.875,-36.047
41999.971,-35.96
42000.071,-35.853
42000.175,-35.92
42000.282,-35.96
42000.378,-35.92
42000.467,-35.933
42000.584,-36.007
42000.663,-35.973
42000.766,-35.967
42000.878,-35.993
42000.974,-35.967
42001.072,-35.993
42001.175,-35.947
42001.275,-35.973
42001.381,-36.0
42001.483,-35.98
42001.567,-35.94
42001.687,-35.967
42001.805,-35.98
42001.903,-35.92
42002.005,-35.847
42002.057,-35.833
42002.180,-36.027
42002.268,-35.947
42002.359,-35.92
42002.469,-35.84
42002.571,-35.887
42002.714,-35.88
42002.780,-35.94
42002.854,-35.967
42002.988,-35.933
42003.108,-35.9
42003.158,-35.78
42003.319,-35.967
42003.427,-35.933
42003.522,-35.987
42003.621,-35.967
42003.655,-35.967
42003.775,-35.98
42003.864,-35.893
42003.962,-35.927
42004.065,-35.847
42004.175,-35.92
42004.270,-35.967
42004.373,-35.98
42004.452,-36.0
42004.554,-35.847
42004.657,-35.927
42004.758,-35.94
42004.876,-36.06
42004.973,-35.92
42005.067,-35.853
42005.168,-35.833
42005.270,-35.9
42005.375,-35.813
42005.474,-35.927
42005.579,-36.007
42005.680,-35.927
42005.782,-35.96
42005.890,-35.967
42005.981,-35.98
42006.074,-36.007
42006.195,-35.947
42006.290,-35.753
42006.391,-35.92
42006.494,-35.987
42006.545,-36.02
42056.714,-36.02
42056.805,-35.9
42056.903,-35.9
42056.954,-35.92
42057.045,-36.027
42057.148,-36.04
42057.256,-35.853
42057.361,-35.913
42057.449,-35.933
42057.557,-35.82
42057.641,-35.907
42057.751,-35.86
42057.869,-35.913
42057.942,-35.987
42058.065,-35.907
42058.147,-35.98
42058.277,-36.067
42058.351,-35.84
42058.449,-35.96
42058.552,-35.98
42058.640,-35.933
42058.758,-35.927
42058.858,-35.9
42058.964,-35.927
42059.060,-35.98
42059.158,-35.867
42059.255,-35.96
42059.354,-35.967
42059.476,-35.893
42059.572,-36.027
42059.653,-35.893
42059.783,-35.953
42059.881,-35.953
42059.978,-35.847
42060.069,-35.847
42060.189,-35.993
42060.282,-35.927
42060.390,-35.96
42060.500,-35.807
42060.598,-35.907
42060.692,-35.947
42060.800,-35.9
42060.898,-35.96
42060.961,-35.78
42061.038,-35.973
42061.148,-35.96
42061.246,-35.993
42061.346,-35.987
42061.447,-36.013
42061.538,-35.953
42061.652,-35.927
42061.729,-35.973
42061.832,-35.96
42061.942,-36.06
42062.067,-35.993
42062.145,-35.96
42062.226,-36.08
42062.331,-35.94
42062.429,-35.873
42062.540,-35.84
42062.638,-35.84
42062.750,-35.987
42062.849,-35.987
42062.962,-35.92
42063.050,-35.787
42063.147,-36.047
42063.244,-35.913
42063.346,-35.933
42063.464,-35.88
42063.562,-35.853
42063.638,-36.0
42063.766,-35.987
42063.858,-36.02
42063.978,-35.993
42064.064,-35.867
42064.175,-35.947
42064.273,-35.84
42064.322,-35.907
42064.479,-35.9
42064.532,-35.827
42064.631,-35.967
42064.724,-35.973
42064.824,-35.987
42064.925,-36.027
42065.028,-35.98
42065.126,-35.94
42065.234,-35.94
42065.337,-35.947
42065.417,-35.887
42065.533,-35.907
42065.626,-35.927
42065.724,-35.993
42065.834,-35.887
42065.925,-36.0
42066.020,-35.993
42066.119,-35.84
42066.231,-35.847
42066.332,-35.94
42066.430,-35.933
42066.525,-36.0
42066.636,-35.933
42116.750,-35.94
42116.846,-35.993
42116.942,-35.953
42117.048,-36.047
42117.145,-35.887
42117.241,-36.04
42117.373,-35.947
42117.442,-35.913
42117.562,-35.867
42117.660,-35.967
42117.736,-35.947
42117.873,-36.033
42117.969,-35.953
42118.067,-35.873
42118.175,-36.02
42118.275,-35.8
42118.369,-35.907
42118.423,-35.953
42118.513,-35.967
42118.609,-36.027
42118.729,-36.04
42118.885,-35.987
42118.912,-35.967
42119.011,-35.913
42119.121,-35.853
42119.211,-35.967
42119.322,-36.007
42119.418,-35.98
42119.511,-35.92
42119.616,-35.933
42119.714,-35.947
42119.809,-35.92
42119.907,-36.013
42120.013,-35.96
42120.106,-36.007
42120.226,-35.98
42120.317,-35.913
42120.410,-35.987
42120.518,-35.98
42120.603,-35.96
42120.724,-36.013
42120.809,-35.907
42120.927,-35.953
42121.047,-36.047
42121.119,-35.947
42121.244,-35.9
42121.339,-35.8
42121.459,-35.887
42121.555,-36.04
42121.650,-35.94
42121.748,-35.933
42121.854,-35.853
42121.952,-35.88
42122.003,-35.98
42122.096,-36.013
42122.209,-35.973
42122.304,-36.0
42122.402,-35.913
42122.516,-35.92
42122.619,-35.96
42122.697,-36.0
42122.812,-35.927
42122.908,-35.933
42123.006,-36.04
42123.103,-36.06
42123.199,-36.013
42123.295,-35.927
42123.391,-35.88
42123.515,-36.06
42123.619,-36.047
42123.712,-35.96
42123.810,-35.873
42123.908,-35.767
42124.008,-35.86
42124.108,-35.88
42124.206,-35.947
42124.321,-36.02
42124.423,-36.053
42124.518,-35.933
42124.616,-35.933
42124.722,-35.933
42124.831,-36.053
42124.907,-36.0
42125.027,-35.84
42125.133,-36.02
42125.192,-35.907
42125.302,-35.88
42125.408,-35.947
42125.518,-35.893
42125.638,-35.9
42125.690,-35.993
42125.785,-35.953
42125.886,-35.913
42126.052,-35.927
42126.104,-35.907
42126.192,-35.92
42126.298,-36.013
42126.395,-35.953
42126.491,-35.953
42126.589,-35.887
42126.684,-35.947
42176.807,-35.967
42176.886,-36.007
42176.994,-35.987
42177.091,-35.907
42177.187,-35.887
42177.295,-35.86
42177.388,-35.893
42177.483,-35.847
42177.603,-35.9
42177.680,-35.94
42177.800,-35.973
42177.896,-35.967
42177.996,-35.987
42178.098,-36.027
42178.192,-35.94
42178.312,-35.947
42178.405,-35.987
42178.506,-35.893
42178.603,-35.887
42178.724,-35.847
42178.807,-35.96
42178.927,-35.947
42179.022,-35.96
42179.131,-35.96
42179.244,-35.807
42179.295,-35.88
42179.376,-35.813
42179.543,-35.927
42179.597,-35.947
42179.675,-35.98
42179.805,-35.907
42179.891,-35.88
42179.991,-36.0
42180.123,-35.84
42180.177,-35.933
42180.280,-35.927
42180.378,-35.94
42180.476,-35.933
42180.601,-36.093
42180.692,-36.0
42180.788,-35.96
42180.913,-35.92
42180.971,-35.933
42181.077,-35.933
42181.175,-36.0
42181.273,-35.947
42181.381,-35.887
42181.478,-35.98
42181.572,-35.98
42181.706,-35.793
42181.795,-35.88
42181.896,-35.867
42181.991,-35.973
42182.084,-35.96
42182.211,-35.867
42182.307,-35.947
42182.405,-35.927
42182.508,-35.94
42182.603,-35.893
42182.722,-35.907
42182.810,-35.88
42182.923,-35.987
42183.018,-35.947
42183.114,-35.927
42183.219,-35.893
42183.270,-35.853
42183.430,-35.907
42183.543,-35.84
42183.621,-35.833
42183.672,-35.887
42183.768,-35.993
42183.866,-35.9
42183.976,-35.98
42184.072,-35.993
42184.168,-35.973
42184.277,-35.887
42184.375,-35.92
42184.479,-35.82
42184.560,-35.833
42184.668,-35.947
42184.770,-35.953
42184.873,-35.953
42184.976,-35.9
42185.060,-35.973
42185.158,-35.96
42185.268,-35.987
42185.378,-36.013
42185.479,-35.933
42185.577,-35.953
42185.674,-35.733
42185.790,-35.927
42185.888,-35.933
42185.984,-35.907
42186.079,-35.833
42186.180,-35.94
42186.299,-36.1
42186.396,-35.987
42186.481,-35.833
42186.589,-35.967
42186.709,-35.907
42476.810,-35.987
42476.918,-35.993
42477.015,-35.88
42477.111,-35.933
42477.217,-35.853
42477.256,-35.907
42477.353,-35.993
42477.520,-35.867
42477.628,-35.84
42477.655,-35.9
42477.751,-35.94
42477.866,-35.893
42477.952,-36.007
42478.064,-35.913
42478.160,-35.96
42478.261,-35.893
42478.366,-35.973
42478.462,-36.087
42478.559,-35.947
42478.653,-35.92
42478.756,-36.033
42478.849,-35.92
42478.949,-35.967
42479.054,-35.9
42479.165,-35.92
42479.263,-35.9
42479.359,-35.967
42479.464,-36.007
42479.565,-35.92
42479.663,-35.927
42479.763,-35.993
42479.847,-36.007
42479.952,-36.0
42480.055,-35.867
42480.174,-36.013
42480.265,-35.887
42480.388,-35.96
42480.473,-35.9
42480.592,-35.947
42480.687,-35.913
42480.810,-35.98
42480.898,-35.9
42481.003,-35.9
42481.103,-36.067
42481.201,-35.92
42481.304,-35.973
42481.354,-36.013
42481.451,-35.993
42481.550,-35.92
42481.650,-35.96
42481.748,-35.993
42481.847,-35.927
42481.947,-35.913
42482.038,-35.893
42482.158,-35.92
42482.258,-35.987
42482.361,-36.02
42482.451,-35.893
42482.552,-35.94
42482.652,-35.847
42482.751,-35.987
42482.849,-35.953
42482.947,-35.9
42483.062,-35.98
42483.165,-35.967
42483.261,-35.927
42483.359,-35.967
42483.464,-35.96
42483.574,-35.967
42483.670,-35.88
42483.766,-35.86
42483.876,-35.88
42483.939,-36.02
42484.047,-35.807
42484.155,-35.96
42484.261,-35.86
42484.388,-35.973
42484.484,-35.94
42484.586,-35.98
42484.675,-35.953
42484.731,-35.993
42484.895,-35.987
42484.935,-35.94
42485.038,-35.92
42485.140,-35.873
42485.236,-35.907
42485.351,-35.907
42485.444,-35.913
42485.543,-35.9
42485.643,-35.893
42485.741,-35.893
42485.837,-35.987
42485.932,-35.873
42486.037,-35.967
42486.138,-35.94
42486.244,-35.987
42486.344,-35.887
42486.447,-35.98
42486.543,-35.947
42486.641,-35.953
42536.739,-35.953
42536.841,-35.933
42536.939,-35.893
42537.035,-35.987
42537.140,-35.92
42537.250,-35.973
42537.346,-35.92
42537.464,-35.727
42537.552,-35.947
42537.672,-36.0
42537.768,-35.9
42537.875,-35.913
42537.957,-35.873
42538.030,-35.933
42538.133,-35.927
42538.287,-35.867
42538.383,-35.82
42538.440,-35.833
42538.549,-35.96
42538.677,-36.0
42538.724,-35.98
42538.817,-35.933
42538.918,-35.807
42539.025,-35.907
42539.121,-35.833
42539.222,-36.02
42539.344,-35.98
42539.442,-36.04
42539.516,-35.967
42539.636,-35.98
42539.736,-36.02
42539.837,-35.953
42539.915,-35.993
42540.033,-35.787
42540.123,-36.027
42540.223,-35.98
42540.321,-35.913
42540.413,-35.927
42540.538,-35.833
42540.636,-35.92
42540.731,-35.993
42540.815,-35.927
42540.949,-36.04
42541.045,-35.78
42541.141,-35.88
42541.251,-35.86
42541.344,-35.933
42541.437,-35.94
42541.550,-35.847
42541.662,-35.953
42541.758,-36.007
42541.817,-36.033
42541.961,-35.933
42542.028,-35.8
42542.108,-36.007
42542.207,-35.987
42542.309,-36.027
42542.408,-35.947
42542.518,-35.967
42542.621,-35.893
42542.716,-35.933
42542.827,-35.907
42542.908,-35.847
42543.022,-35.9
42543.104,-35.8
42543.224,-35.933
42543.324,-35.913
42543.412,-36.0
42543.508,-35.913
42543.606,-35.893
42543.706,-35.96
42543.822,-36.02
42543.920,-36.027
42544.016,-35.953
42544.121,-35.82
42544.212,-35.82
42544.310,-35.82
42544.427,-35.92
42544.510,-36.093
42544.630,-35.94
42544.726,-35.853
42544.822,-35.927
42544.925,-35.927
42545.023,-35.907
42545.143,-35.813
42545.226,-35.833
42545.337,-35.987
42545.454,-35.967
42545.506,-35.927
42545.616,-35.927
42545.717,-35.927
42545.826,-35.873
42545.900,-35.867
42546.050,-35.887
42546.103,-35.813
42546.197,-35.92
42546.298,-35.947
42546.396,-35.947
42546.501,-35.98
42546.599,-35.947
42546.695,-35.96
42596.807,-35.887
42596.905,-35.92
42597.006,-35.973
42597.109,-36.093
42597.192,-35.833
42597.310,-36.053
42597.429,-35.907
42597.530,-35.96
42597.604,-36.02
42597.701,-35.847
42597.804,-35.973
42597.910,-35.913
42598.006,-36.007
42598.101,-35.907
42598.207,-35.92
42598.307,-35.82
42598.427,-35.933
42598.532,-35.987
42598.606,-35.867
42598.726,-35.967
42598.824,-35.953
42598.944,-35.88
42599.040,-35.887
42599.138,-35.92
42599.233,-35.913
42599.334,-35.973
42599.432,-35.9
42599.491,-35.927
42599.608,-35.907
42599.706,-36.0
42599.788,-36.033
42599.891,-36.027
42600.047,-35.987
42600.098,-36.04
42600.197,-36.0
42600.302,-35.8
42600.393,-35.86
42600.486,-35.867
42600.582,-35.993
42600.696,-35.913
42600.780,-35.947
42600.902,-35.967
42600.998,-35.933
42601.104,-35.96
42601.190,-35.947
42601.290,-35.82
42601.386,-35.907
42601.498,-35.853
42601.596,-35.973
42601.694,-35.927
42601.790,-35.907
42601.881,-35.94
42602.001,-35.833
42602.099,-35.94
42602.207,-35.933
42602.292,-35.92
42602.413,-36.073
42602.510,-35.793
42602.619,-35.92
42602.716,-35.933
42602.812,-35.9
42602.908,-36.013
42603.010,-35.847
42603.131,-35.927
42603.228,-36.04
42603.317,-35.807
42603.429,-36.013
42603.530,-35.873
42603.623,-35.887
42603.677,-35.807
42603.777,-35.867
42603.875,-35.913
42603.973,-35.973
42604.092,-35.853
42604.190,-35.867
42604.287,-35.92
42604.385,-35.947
42604.479,-35.913
42604.592,-35.94
42604.670,-35.9
42604.780,-35.947
42604.876,-35.92
42604.979,-35.913
42605.081,-35.9
42605.184,-35.987
42605.271,-35.98
42605.388,-36.027
42605.467,-35.84
42605.570,-35.86
42605.672,-35.867
42605.775,-35.88
42605.881,-35.907
42605.967,-35.86
42606.069,-35.867
42606.167,-35.92
42606.266,-35.913
42606.371,-35.953
42606.484,-35.893
42606.586,-35.82
42606.682,-35.973
42656.802,-36.02
42656.891,-35.847
42657.028,-36.007
42657.126,-35.94
42657.222,-35.887
42657.319,-35.833
42657.424,-35.967
42657.525,-35.913
42657.621,-35.813
42657.672,-35.867
42657.768,-35.847
42657.866,-35.86
42657.969,-35.913
42658.087,-36.053
42658.182,-35.82
42658.280,-35.933
42658.375,-35.88
42658.479,-36.053
42658.577,-36.02
42658.675,-35.86
42658.768,-35.873
42658.866,-35.953
42658.962,-35.9
42659.059,-35.913
42659.157,-35.813
42659.283,-35.967
42659.378,-35.96
42659.476,-35.86
42659.555,-35.9
42659.668,-35.907
42659.773,-35.973
42659.858,-36.087
42659.973,-35.927
42660.069,-35.933
42660.192,-35.767
42660.292,-35.82
42660.378,-35.887
42660.500,-35.887
42660.596,-36.047
42660.702,-35.867
42660.800,-35.86
42660.851,-36.053
42661.028,-35.913
42661.116,-35.913
42661.212,-35.94
42661.310,-35.987
42661.361,-35.827
42661.456,-35.907
42661.554,-35.887
42661.650,-35.88
42661.763,-35.947
42661.866,-35.993
42661.962,-35.933
42662.067,-36.02
42662.153,-36.0
42662.248,-35.92
42662.346,-35.987
42662.466,-35.987
42662.565,-36.013
42662.658,-35.933
42662.756,-35.86
42662.864,-36.033
42662.954,-36.027
42663.052,-35.84
42663.152,-35.993
42663.248,-36.027
42663.359,-35.853
42663.464,-35.94
42663.565,-35.973
42663.643,-35.92
42663.751,-35.86
42663.873,-36.013
42663.969,-35.833
42664.077,-35.873
42664.172,-35.993
42664.292,-35.86
42664.383,-35.98
42664.478,-35.94
42664.599,-36.0
42664.702,-35.947
42664.795,-35.913
42664.897,-35.953
42664.994,-35.893
42665.114,-36.067
42665.141,-36.02
42665.238,-35.82
42665.408,-35.92
42665.437,-35.847
42665.550,-35.98
42665.646,-35.98
42665.741,-35.973
42665.851,-35.893
42665.947,-35.96
42666.043,-35.92
42666.172,-35.953
42666.248,-35.927
42666.344,-35.907
42666.440,-35.86
42666.540,-36.033
42666.653,-35.98
42716.748,-35.993
42716.846,-35.82
42716.951,-36.02
42717.049,-36.007
42717.145,-35.887
42717.299,-35.94
42717.347,-35.86
42717.469,-35.913
42717.565,-36.02
42717.653,-35.887
42717.756,-36.02
42717.876,-35.847
42717.954,-35.947
42718.079,-35.84
42718.172,-35.933
42718.266,-36.02
42718.378,-35.78
42718.489,-35.947
42718.587,-35.907
42718.645,-35.927
42718.790,-36.04
42718.863,-35.967
42718.937,-35.947
42719.032,-35.807
42719.136,-35.92
42719.241,-35.947
42719.339,-36.08
42719.427,-35.833
42719.523,-35.9
42719.635,-35.94
42719.744,-35.873
42719.847,-35.9
42719.930,-35.947
42720.028,-35.927
42720.125,-35.847
42720.239,-35.933
42720.334,-35.847
42720.430,-35.793
42720.528,-35.847
42720.631,-36.02
42720.724,-35.953
42720.844,-35.92
42720.949,-35.78
42721.040,-35.9
42721.133,-35.867
42721.258,-35.933
42721.361,-35.887
42721.459,-35.9
42721.555,-36.04
42721.650,-36.033
42721.753,-36.0
42721.851,-36.02
42721.971,-35.8
42722.050,-35.86
42722.116,-35.853
42722.278,-35.893
42722.373,-35.973
42722.420,-35.987
42722.525,-36.0
42722.628,-36.1
42722.721,-36.073
42722.883,-36.053
42722.935,-35.82
42723.027,-35.913
42723.125,-35.953
42723.223,-35.927
42723.324,-35.947
42723.422,-36.02
42723.522,-35.873
42723.611,-35.987
42723.731,-35.973
42723.810,-36.0
42723.913,-35.987
42724.025,-35.953
42724.111,-36.047
42724.211,-35.933
42724.309,-35.933
42724.410,-35.987
42724.513,-35.88
42724.625,-35.9
42724.724,-35.933
42724.807,-35.953
42724.930,-36.027
42725.035,-35.893
42725.131,-35.973
42725.253,-36.033
42725.359,-36.0
42725.452,-35.987
42725.548,-35.9
42725.643,-35.913
42725.744,-35.907
42725.866,-35.973
42725.964,-35.987
42726.059,-35.86
42726.163,-35.853
42726.261,-35.94
42726.310,-35.967
42726.405,-35.96
42726.511,-35.84
42726.609,-35.913
42726.707,-35.92
42776.805,-35.947
42776.910,-35.953
42777.010,-35.92
42777.106,-36.0
42777.222,-35.953
42777.317,-35.94
42777.415,-35.88
42777.516,-35.9
42777.611,-35.913
42777.706,-35.94
42777.805,-35.913
42777.900,-35.967
42778.001,-35.913
42778.119,-35.973
42778.217,-35.813
42778.302,-35.947
42778.415,-36.013
42778.506,-35.927
42778.619,-35.9
42778.712,-35.793
42778.831,-35.907
42778.929,-35.927
42779.037,-35.973
42779.121,-35.927
42779.243,-35.8
42779.339,-35.927
42779.447,-36.04
42779.540,-36.013
42779.660,-36.033
42779.770,-35.78
42779.815,-35.993
42779.913,-35.907
42780.013,-35.9
42780.101,-35.933
42780.222,-35.927
42780.295,-35.907
42780.407,-35.94
42780.506,-35.993
42780.606,-35.933
42780.692,-35.947
42780.792,-35.88
42780.897,-35.947
42780.998,-35.933
42781.106,-35.94
42781.204,-35.92
42781.309,-35.84
42781.407,-35.94
42781.503,-35.9
42781.608,-35.907
42781.697,-35.867
42781.793,-35.78
42781.893,-35.747
42781.989,-35.847
42782.109,-35.78
42782.209,-35.913
42782.305,-35.853
42782.413,-35.98
42782.510,-35.773
42782.608,-35.913
42782.709,-35.94
42782.822,-35.947
42782.922,-35.973
42783.018,-35.96
42783.125,-36.0
42783.217,-35.893
42783.344,-35.847
42783.446,-36.033
42783.533,-36.047
42783.582,-35.867
42783.744,-35.907
42783.832,-35.8
42783.883,-35.893
42783.981,-35.833
42784.106,-35.92
42784.184,-35.913
42784.288,-35.867
42784.393,-35.82
42784.496,-35.993
42784.596,-36.067
42784.679,-35.913
42784.780,-35.94
42784.888,-35.947
42784.994,-35.933
42785.089,-35.98
42785.192,-35.827
42785.280,-35.987
42785.393,-35.9
42785.491,-35.993
42785.584,-35.913
42785.694,-35.927
42785.793,-35.94
42785.891,-35.913
42785.988,-36.007
42786.086,-35.94
42786.206,-35.94
42786.302,-35.92
42786.383,-35.84
42786.496,-35.953
42786.616,-35.993
42786.709,-35.947
43076.822,-35.98
43076.920,-35.8
43077.016,-35.847
43077.121,-35.847
43077.229,-35.833
43077.324,-35.94
43077.424,-35.88
43077.532,-35.933
43077.628,-35.94
43077.687,-35.873
43077.780,-35.933
43077.881,-35.96
43077.976,-35.9
43078.071,-35.88
43078.170,-35.887
43078.266,-35.853
43078.366,-35.88
43078.473,-35.9
43078.592,-35.947
43078.679,-35.94
43078.766,-36.0
43078.868,-35.873
43078.981,-35.873
43079.079,-35.9
43079.185,-35.913
43079.263,-35.887
43079.369,-35.813
43079.479,-35.973
43079.574,-35.98
43079.690,-35.993
43079.778,-36.007
43079.896,-35.993
43079.993,-35.873
43080.079,-35.813
43080.199,-35.933
43080.295,-36.013
43080.386,-35.973
43080.496,-35.84
43080.596,-35.807
43080.716,-35.847
43080.795,-35.727
43080.905,-35.94
43080.957,-35.973
43081.116,-35.9
43081.163,-35.813
43081.324,-35.913
43081.422,-35.953
43081.530,-35.873
43081.619,-35.94
43081.672,-35.88
43081.763,-35.867
43081.861,-35.947
43081.967,-35.887
43082.062,-35.953
43082.165,-35.973
43082.266,-35.927
43082.354,-35.927
43082.469,-35.92
43082.570,-36.02
43082.655,-35.893
43082.753,-35.9
43082.873,-35.847
43082.957,-35.927
43083.069,-35.793
43083.165,-35.867
43083.261,-35.887
43083.368,-35.94
43083.478,-35.98
43083.576,-36.013
43083.655,-35.8
43083.780,-35.8
43083.861,-35.907
43083.981,-35.84
43084.054,-35.913
43084.150,-35.873
43084.253,-35.787
43084.356,-35.853
43084.481,-35.973
43084.567,-35.907
43084.674,-35.787
43084.793,-35.913
43084.881,-35.887
43085.003,-36.027
43085.065,-35.907
43085.155,-35.893
43085.255,-35.88
43085.353,-36.0
43085.447,-35.88
43085.616,-35.96
43085.646,-35.98
43085.744,-35.76
43085.869,-35.873
43085.964,-35.827
43086.043,-35.98
43086.163,-35.973
43086.260,-36.007
43086.348,-35.893
43086.444,-35.9
43086.547,-35.92
43086.645,-35.993
43136.746,-35.973
43136.841,-35.953
43136.961,-35.927
43137.043,-35.893
43137.157,-35.913
43137.251,-35.807
43137.349,-35.94
43137.454,-35.947
43137.574,-35.893
43137.662,-36.02
43137.738,-35.887
43137.842,-35.96
43137.946,-35.947
43138.047,-36.013
43138.190,-35.92
43138.261,-35.847
43138.381,-35.873
43138.457,-35.927
43138.581,-35.813
43138.665,-35.833
43138.787,-35.807
43138.839,-35.873
43138.998,-35.927
43139.045,-36.02
43139.199,-35.92
43139.248,-35.947
43139.349,-35.92
43139.445,-36.06
43139.540,-35.873
43139.641,-35.827
43139.738,-35.88
43139.837,-35.787
43139.932,-35.947
43140.050,-35.953
43140.130,-35.9
43140.251,-35.927
43140.351,-35.947
43140.447,-35.853
43140.543,-35.787
43140.638,-35.893
43140.741,-35.913
43140.837,-35.96
43140.934,-35.92
43141.055,-35.913
43141.153,-35.907
43141.251,-35.887
43141.349,-35.953
43141.452,-35.92
43141.565,-35.973
43141.662,-35.953
43141.758,-36.0
43141.864,-35.913
43141.961,-35.82
43142.079,-35.9
43142.187,-35.94
43142.278,-36.06
43142.373,-35.987
43142.425,-35.967
43142.571,-36.053
43142.621,-35.953
43142.788,-35.94
43142.885,-35.927
43142.924,-35.9
43143.038,-35.967
43143.141,-35.953
43143.241,-35.947
43143.339,-36.06
43143.435,-35.847
43143.565,-35.847
43143.619,-36.047
43143.723,-36.02
43143.832,-35.96
43143.937,-35.86
43144.025,-35.96
43144.138,-35.94
43144.217,-35.9
43144.336,-35.933
43144.435,-35.847
43144.533,-35.88
43144.630,-35.927
43144.723,-35.873
43144.829,-35.847
43144.927,-35.9
43145.047,-35.86
43145.131,-35.853
43145.244,-36.0
43145.347,-35.907
43145.442,-35.907
43145.540,-35.967
43145.660,-35.92
43145.761,-35.82
43145.864,-35.933
43145.949,-35.947
43146.070,-35.833
43146.168,-35.907
43146.273,-35.867
43146.371,-35.913
43146.467,-35.927
43146.518,-35.967
43146.621,-35.98
43196.716,-35.94
43196.814,-35.993
43196.915,-35.84
43197.011,-35.967
43197.108,-35.9
43197.229,-35.9
43197.332,-35.947
43197.413,-35.86
43197.508,-35.913
43197.606,-35.94
43197.724,-36.067
43197.827,-35.88
43197.923,-35.88
43198.020,-36.007
43198.111,-35.92
43198.207,-35.86
43198.324,-35.9
43198.435,-35.953
43198.527,-35.827
43198.614,-35.933
43198.716,-35.947
43198.817,-35.807
43198.920,-35.987
43199.023,-35.853
43199.101,-35.9
43199.207,-35.973
43199.315,-35.947
43199.435,-35.967
43199.538,-35.807
43199.625,-35.873
43199.748,-35.933
43199.834,-35.913
43199.949,-36.073
43200.000,-35.78
43200.162,-35.947
43200.272,-35.853
43200.310,-36.02
43200.400,-35.913
43200.498,-35.92
43200.685,-35.9
43200.712,-35.92
43200.810,-35.94
43200.907,-35.893
43201.008,-35.987
43201.119,-35.893
43201.216,-35.98
43201.315,-35.8
43201.403,-35.933
43201.501,-35.893
43201.599,-35.847
43201.697,-35.913
43201.810,-35.927
43201.905,-35.973
43202.001,-35.933
43202.111,-35.887
43202.202,-35.88
43202.300,-36.047
43202.400,-35.927
43202.522,-35.867
43202.608,-35.847
43202.692,-35.947
43202.799,-36.007
43202.908,-36.013
43203.038,-35.96
43203.135,-35.853
43203.212,-35.893
43203.324,-35.9
43203.442,-36.067
43203.540,-35.86
43203.650,-35.847
43203.702,-35.92
43203.853,-35.98
43203.947,-35.873
43203.991,-35.88
43204.087,-35.96
43204.253,-36.0
43204.359,-35.907
43204.449,-35.98
43204.506,-36.047
43204.599,-35.86
43204.682,-35.873
43204.797,-35.887
43204.897,-35.947
43204.994,-35.9
43205.087,-35.92
43205.184,-35.987
43205.283,-35.927
43205.418,-35.927
43205.501,-35.953
43205.628,-35.893
43205.702,-35.953
43205.785,-35.953
43205.886,-35.893
43205.986,-36.04
43206.087,-35.94
43206.194,-35.947
43206.293,-35.893
43206.395,-35.873
43206.521,-35.973
43206.579,-36.007
43206.679,-35.987
43256.782,-35.887
43256.907,-35.893
43256.989,-35.98
43257.099,-35.987
43257.229,-36.047
43257.324,-35.867
43257.376,-35.9
43257.532,-35.953
43257.626,-35.88
43257.734,-35.847
43257.787,-35.847
43257.878,-35.787
43257.989,-35.913
43258.086,-35.887
43258.180,-35.913
43258.285,-35.913
43258.380,-35.96
43258.481,-35.887
43258.601,-35.973
43258.675,-35.987
43258.793,-35.86
43258.891,-35.987
43258.991,-35.92
43259.116,-35.827
43259.192,-35.907
43259.288,-36.007
43259.386,-36.0
43259.491,-35.913
43259.587,-35.887
43259.684,-35.94
43259.780,-35.973
43259.898,-36.0
43259.994,-35.847
43260.092,-35.807
43260.195,-35.993
43260.305,-35.893
43260.408,-35.967
43260.500,-35.847
43260.608,-35.94
43260.704,-35.907
43260.798,-35.893
43260.930,-36.0
43261.020,-35.867
43261.116,-35.907
43261.212,-35.947
43261.263,-35.947
43261.425,-35.9
43261.479,-35.893
43261.564,-36.0
43261.665,-35.873
43261.772,-35.8
43261.871,-35.78
43261.981,-35.9
43262.079,-35.967
43262.160,-36.0
43262.266,-35.947
43262.361,-35.96
43262.467,-35.887
43262.564,-35.94
43262.660,-35.993
43262.766,-35.947
43262.878,-35.813
43262.973,-35.913
43263.070,-35.873
43263.175,-35.833
43263.273,-35.913
43263.369,-35.887
43263.459,-35.94
43263.572,-35.967
43263.675,-35.913
43263.768,-35.987
43263.871,-35.907
43263.981,-35.92
43264.076,-36.047
43264.196,-35.9
43264.282,-35.953
43264.400,-35.96
43264.503,-35.827
43264.606,-35.98
43264.695,-35.887
43264.815,-35.94
43264.913,-35.907
43265.018,-35.88
43265.114,-35.893
43265.212,-35.827
43265.307,-35.847
43265.364,-35.96
43265.464,-35.86
43265.557,-35.973
43265.655,-35.84
43265.755,-35.88
43265.851,-35.947
43265.973,-35.96
43266.074,-35.813
43266.153,-35.98
43266.250,-35.753
43266.351,-35.893
43266.467,-35.907
43266.548,-36.033
43266.667,-35.96
43316.748,-35.927
43316.854,-35.873
43316.957,-35.913
43317.064,-35.953
43317.202,-36.08
43317.253,-35.92
43317.353,-35.907
43317.457,-35.9
43317.557,-35.973
43317.668,-35.98
43317.751,-35.867
43317.873,-35.86
43317.983,-36.007
43318.079,-35.913
43318.175,-35.96
43318.282,-35.76
43318.393,-35.9
43318.491,-35.927
43318.584,-35.973
43318.692,-35.973
43318.744,-35.867
43318.905,-35.9
43319.015,-35.947
43319.099,-36.047
43319.150,-36.007
43319.244,-36.047
43319.341,-35.92
43319.447,-35.84
43319.543,-35.953
43319.647,-36.0
43319.751,-35.973
43319.861,-35.953
43319.957,-35.847
43320.052,-35.847
43320.141,-35.94
43320.256,-35.94
43320.354,-35.92
43320.452,-35.88
43320.554,-36.0
43320.648,-35.927
43320.743,-35.98
43320.853,-35.873
43320.946,-35.913
43321.042,-35.987
43321.163,-36.013
43321.265,-35.98
43321.361,-35.887
43321.464,-35.833
43321.550,-35.913
43321.646,-35.9
43321.751,-35.907
43321.837,-36.033
43321.959,-35.907
43322.040,-35.913
43322.143,-35.947
43322.246,-35.96
43322.349,-35.987
43322.427,-35.86
43322.532,-35.887
43322.690,-35.92
43322.728,-35.98
43322.888,-35.947
43322.937,-36.0
43323.033,-35.927
43323.130,-36.033
43323.226,-36.02
43323.334,-36.007
43323.425,-35.933
43323.538,-35.92
43323.641,-35.973
43323.748,-35.987
43323.839,-35.88
43323.939,-35.98
43324.042,-35.953
43324.133,-36.06
43324.224,-36.067
43324.326,-35.92
43324.422,-35.953
43324.530,-35.84
43324.641,-35.94
43324.739,-35.94
43324.837,-35.947
43324.940,-35.953
43325.035,-35.973
43325.157,-36.013
43325.263,-35.833
43325.339,-35.88
43325.459,-35.8
43325.557,-35.873
43325.647,-35.893
43325.766,-35.967
43325.863,-35.94
43325.952,-35.96
43326.067,-36.047
43326.163,-35.92
43326.285,-35.92
43326.366,-35.973
43326.479,-35.98
43326.533,-35.907
43326.616,-36.007
43376.778,-35.947
43376.829,-36.053
43376.925,-35.987
43377.028,-36.0
43377.125,-35.847
43377.217,-35.86
43377.337,-35.807
43377.429,-35.927
43377.535,-35.993
43377.636,-35.913
43377.733,-35.92
43377.837,-35.92
43377.924,-35.927
43378.025,-35.853
43378.123,-35.967
43378.231,-35.813
43378.327,-35.913
43378.425,-35.88
43378.521,-35.9
43378.641,-35.987
43378.736,-35.733
43378.834,-35.92
43378.939,-35.987
43379.049,-35.973
43379.147,-35.86
43379.243,-35.78
43379.351,-35.84
43379.446,-35.907
43379.542,-36.013
43379.641,-35.967
43379.765,-35.893
43379.861,-36.007
43379.957,-35.92
43380.040,-36.013
43380.174,-35.96
43380.270,-35.913
43380.366,-35.993
43380.408,-36.04
43380.508,-35.98
43380.609,-35.98
43380.714,-35.853
43380.822,-35.987
43380.905,-35.967
43381.025,-35.98
43381.109,-35.973
43381.234,-35.92
43381.319,-35.967
43381.415,-35.953
43381.535,-36.027
43381.601,-35.967
43381.724,-35.9
43381.800,-35.82
43381.918,-35.947
43382.015,-35.92
43382.111,-35.947
43382.246,-36.007
43382.312,-35.953
43382.413,-35.84
43382.537,-35.913
43382.619,-35.973
43382.726,-35.88
43382.822,-35.933
43382.918,-35.793
43383.025,-35.893
43383.123,-36.04
43383.241,-35.987
43383.349,-35.82
43383.440,-35.853
43383.538,-35.933
43383.636,-35.993
43383.760,-36.047
43383.856,-36.027
43383.952,-35.853
43384.049,-36.0
43384.153,-35.867
43384.201,-35.927
43384.295,-35.92
43384.396,-35.847
43384.506,-36.0
43384.601,-35.92
43384.701,-35.987
43384.819,-35.94
43384.893,-35.98
43385.011,-35.913
43385.094,-35.98
43385.209,-35.86
43385.305,-35.893
43385.408,-35.993
43385.491,-35.88
43385.597,-35.993
43385.694,-35.947
43385.807,-35.993
43385.920,-35.873
43386.011,-35.873
43386.106,-35.853
43386.202,-36.033
43386.287,-35.967
43386.400,-35.96
43386.520,-35.727
43386.616,-35.913
43676.726,-36.053
43676.824,-36.06
43676.923,-36.053
43677.023,-35.86
43677.136,-36.02
43677.234,-36.0
43677.329,-35.907
43677.435,-35.8
43677.533,-35.753
43677.586,-35.893
43677.760,-35.947
43677.832,-36.06
43677.885,-35.973
43677.983,-36.02
43678.084,-35.927
43678.189,-35.98
43678.283,-35.927
43678.381,-35.927
43678.494,-35.927
43678.599,-35.973
43678.701,-35.893
43678.778,-35.933
43678.886,-35.953
43678.993,-35.867
43679.084,-35.96
43679.182,-35.887
43679.320,-36.02
43679.376,-35.98
43679.496,-35.993
43679.596,-35.927
43679.695,-35.887
43679.777,-35.813
43679.890,-35.913
43680.008,-35.933
43680.096,-35.9
43680.192,-35.92
43680.278,-35.853
43680.400,-35.887
43680.493,-35.933
43680.614,-35.887
43680.707,-35.813
43680.810,-35.953
43680.905,-35.873
43681.022,-35.873
43681.108,-35.973
43681.229,-35.953
43681.327,-35.9
43681.381,-35.893
43681.527,-35.92
43681.579,-35.94
43681.672,-35.953
43681.768,-35.953
43681.869,-36.027
43682.037,-35.953
43682.087,-35.967
43682.168,-36.02
43682.282,-36.04
43682.381,-35.953
43682.479,-35.847
43682.582,-35.993
43682.679,-35.9
43682.775,-35.847
43682.871,-35.96
43682.974,-35.92
43683.077,-35.907
43683.180,-35.88
43683.272,-35.973
43683.386,-35.987
43683.469,-35.927
43683.567,-36.0
43683.684,-35.913
43683.778,-35.867
43683.878,-36.0
43684.006,-35.993
43684.087,-35.84
43684.165,-35.827
43684.271,-35.893
43684.386,-35.967
43684.481,-36.027
43684.601,-35.94
43684.697,-35.933
43684.765,-35.847
43684.910,-35.9
43685.008,-35.893
43685.059,-35.86
43685.226,-35.813
43685.322,-35.887
43685.418,-35.973
43685.520,-35.987
43685.619,-35.933
43685.670,-35.9
43685.766,-35.9
43685.869,-35.933
43685.967,-35.887
43686.064,-35.947
43686.168,-35.887
43686.277,-35.9
43686.373,-35.953
43686.474,-35.927
43686.581,-35.84
43686.663,-35.92
43736.761,-35.9
43736.859,-35.893
43736.969,-35.96
43737.067,-35.933
43737.165,-36.007
43737.266,-35.86
43737.356,-35.947
43737.476,-35.947
43737.574,-36.0
43737.682,-35.987
43737.770,-35.92
43737.890,-35.88
43737.986,-35.947
43738.092,-35.993
43738.187,-35.873
43738.278,-35.94
43738.353,-35.787
43738.464,-35.807
43738.562,-35.947
43738.662,-35.973
43738.783,-35.98
43738.847,-35.913
43738.947,-36.013
43739.052,-35.973
43739.152,-35.933
43739.307,-36.0
43739.359,-35.84
43739.464,-35.853
43739.614,-35.747
43739.660,-35.927
43739.753,-35.92
43739.851,-35.947
43739.954,-35.847
43740.052,-35.887
43740.147,-35.893
43740.253,-35.867
43740.344,-36.08
43740.466,-35.933
43740.560,-35.867
43740.658,-35.913
43740.758,-36.033
43740.854,-36.053
43740.952,-35.833
43741.057,-35.833
43741.155,-36.033
43741.246,-35.94
43741.356,-35.953
43741.469,-35.833
43741.565,-35.833
43741.663,-35.98
43741.768,-35.887
43741.859,-35.92
43741.981,-35.813
43742.091,-35.96
43742.182,-35.94
43742.271,-35.933
43742.349,-35.933
43742.476,-35.867
43742.559,-35.96
43742.663,-35.967
43742.739,-35.873
43742.868,-35.973
43742.942,-35.9
43743.043,-36.06
43743.148,-35.913
43743.244,-35.993
43743.336,-35.913
43743.456,-35.92
43743.604,-35.867
43743.655,-35.94
43743.751,-35.9
43743.849,-35.827
43743.951,-35.887
43744.050,-35.84
43744.147,-35.907
43744.244,-35.94
43744.341,-36.02
43744.437,-35.94
43744.533,-35.867
43744.663,-35.927
43744.751,-36.04
43744.847,-35.913
43744.944,-35.913
43745.035,-35.807
43745.147,-35.913
43745.239,-35.973
43745.359,-35.88
43745.467,-35.993
43745.565,-35.853
43745.662,-35.96
43745.766,-35.9
43745.854,-35.907
43745.976,-36.1
43746.072,-35.887
43746.177,-35.933
43746.278,-35.913
43746.376,-35.9
43746.437,-36.0
43746.527,-35.853
43746.623,-35.827
43796.726,-35.873
43796.829,-36.007
43796.927,-35.993
43797.030,-35.9
43797.131,-35.867
43797.236,-35.947
43797.342,-35.947
43797.442,-35.967
43797.530,-35.987
43797.628,-35.953
43797.736,-35.953
43797.832,-35.967
43798.015,-35.98
43798.042,-35.927
43798.140,-35.96
43798.233,-36.007
43798.339,-35.993
43798.424,-35.953
43798.523,-35.913
43798.619,-35.813
43798.722,-35.907
43798.842,-35.913
43798.937,-35.88
43799.030,-36.007
43799.143,-35.88
43799.239,-35.86
43799.359,-36.053
43799.440,-35.98
43799.552,-35.927
43799.648,-35.873
43799.768,-35.747
43799.851,-35.94
43799.949,-35.953
43800.071,-36.033
43800.177,-35.96
43800.265,-35.78
43800.317,-35.827
43800.478,-35.88
43800.587,-35.987
43800.616,-35.933
43800.712,-35.907
43800.878,-35.913
43800.912,-35.833
43801.025,-36.013
43801.130,-35.893
43801.229,-35.967
43801.326,-35.867
43801.432,-35.987
43801.513,-35.933
43801.646,-35.907
43801.729,-36.06
43801.826,-35.867
43801.927,-36.027
43802.013,-36.013
43802.114,-35.907
43802.212,-35.94
43802.310,-35.973
43802.425,-35.967
43802.521,-35.927
43802.640,-35.973
43802.750,-35.887
43802.842,-35.907
43802.937,-35.967
43803.033,-35.927
43803.125,-35.933
43803.228,-36.047
43803.351,-35.947
43803.447,-35.973
43803.552,-35.933
43803.646,-35.947
43803.763,-35.927
43803.817,-35.887
43803.944,-35.96
43804.064,-35.86
43804.157,-35.873
43804.263,-35.933
43804.363,-35.907
43804.413,-36.0
43804.510,-35.953
43804.609,-35.967
43804.707,-36.0
43804.805,-35.927
43804.908,-35.947
43805.016,-36.033
43805.114,-35.96
43805.214,-35.96
43805.322,-36.033
43805.405,-35.927
43805.506,-35.887
43805.609,-35.94
43805.712,-35.947
43805.812,-36.007
43805.918,-35.82
43806.001,-35.967
43806.101,-35.893
43806.219,-35.847
43806.315,-35.953
43806.425,-35.793
43806.513,-35.887
43806.606,-35.913
43856.728,-35.94
43856.812,-36.04
43856.930,-35.887
43857.025,-35.947
43857.125,-35.967
43857.228,-36.0
43857.324,-35.887
43857.445,-35.78
43857.528,-35.947
43857.641,-35.947
43857.690,-35.987
43857.851,-35.893
43857.895,-35.8
43857.989,-35.933
43858.153,-35.993
43858.263,-35.967
43858.305,-35.92
43858.397,-35.887
43858.494,-35.98
43858.599,-35.9
43858.697,-35.96
43858.804,-36.02
43858.908,-35.96
43858.996,-35.993
43859.092,-35.88
43859.196,-36.0
43859.300,-36.08
43859.388,-35.927
43859.484,-35.913
43859.587,-35.927
43859.731,-35.94
43859.800,-35.827
43859.898,-35.94
43859.996,-35.893
43860.101,-35.9
43860.212,-35.867
43860.309,-36.013
43860.405,-36.04
43860.511,-35.953
43860.609,-35.913
43860.712,-35.987
43860.805,-35.933
43860.927,-35.96
43861.025,-35.96
43861.121,-35.8
43861.214,-35.947
43861.337,-35.907
43861.434,-35.88
43861.530,-35.873
43861.638,-35.893
43861.734,-35.933
43861.785,-36.02
43861.878,-36.013
43861.984,-36.067
43862.079,-35.893
43862.179,-35.853
43862.277,-35.94
43862.396,-35.907
43862.491,-35.887
43862.594,-35.927
43862.695,-35.933
43862.792,-35.98
43862.891,-35.893
43862.993,-35.96
43863.082,-35.96
43863.184,-35.827
43863.287,-35.92
43863.407,-35.893
43863.494,-35.96
43863.574,-35.873
43863.684,-35.84
43863.773,-35.873
43863.890,-35.8
43863.986,-35.907
43864.081,-35.94
43864.184,-35.94
43864.305,-35.94
43864.405,-35.993
43864.508,-35.92
43864.594,-36.047
43864.717,-35.747
43864.815,-35.927
43864.920,-35.973
43865.016,-35.933
43865.113,-35.913
43865.207,-35.927
43865.268,-35.953
43865.427,-35.96
43865.525,-35.9
43865.618,-36.047
43865.724,-35.893
43865.775,-35.947
43865.876,-35.98
43865.979,-35.96
43866.077,-36.007
43866.174,-35.973
43866.273,-35.84
43866.371,-35.88
43866.467,-35.987
43866.567,-35.9
43866.667,-35.953
43916.783,-35.973
43916.869,-35.927
43916.967,-35.973
43917.082,-35.987
43917.177,-35.853
43917.263,-35.76
43917.366,-35.867
43917.469,-35.807
43917.572,-35.96
43917.677,-36.06
43917.773,-35.82
43917.859,-35.987
43917.981,-35.98
43918.070,-35.96
43918.185,-35.987
43918.295,-35.96
43918.393,-35.987
43918.489,-35.96
43918.596,-35.92
43918.696,-35.913
43918.815,-35.827
43918.920,-35.933
43919.008,-35.933
43919.106,-35.833
43919.158,-35.86
43919.258,-35.96
43919.420,-35.973
43919.518,-35.933
43919.567,-35.98
43919.655,-35.913
43919.763,-35.887
43919.863,-35.847
43919.959,-35.947
43920.052,-35.933
43920.153,-35.893
43920.273,-35.907
43920.434,-35.96
43920.484,-36.007
43920.557,-35.953
43920.658,-35.847
43920.756,-35.88
43920.869,-35.893
43920.967,-35.947
43921.064,-35.947
43921.168,-35.96
43921.263,-36.02
43921.361,-36.007
43921.454,-35.927
43921.557,-35.96
43921.680,-35.94
43921.778,-35.993
43921.858,-35.873
43921.966,-35.92
43922.086,-36.007
43922.182,-35.967
43922.295,-35.98
43922.391,-35.787
43922.488,-35.96
43922.594,-35.953
43922.704,-35.947
43922.802,-35.947
43922.898,-35.913
43923.006,-35.913
43923.104,-35.947
43923.201,-35.967
43923.251,-35.953
43923.354,-35.9
43923.452,-35.92
43923.550,-35.993
43923.662,-36.007
43923.744,-35.947
43923.856,-35.893
43923.961,-35.88
43924.065,-35.887
43924.152,-35.98
43924.275,-35.967
43924.363,-35.973
43924.457,-35.78
43924.543,-35.9
43924.641,-35.94
43924.761,-35.967
43924.842,-35.993
43924.962,-35.86
43925.062,-35.867
43925.167,-35.967
43925.251,-35.933
43925.354,-35.933
43925.447,-35.8
43925.577,-35.913
43925.675,-35.947
43925.771,-35.86
43925.868,-36.02
43925.972,-35.887
43926.070,-35.767
43926.163,-35.847
43926.270,-35.84
43926.380,-35.82
43926.476,-35.867
43926.597,-35.853
43926.680,-35.867
43976.731,-35.9
43976.895,-35.887
43977.003,-35.933
43977.091,-35.88
43977.141,-35.92
43977.239,-36.013
43977.336,-35.9
43977.439,-35.967
43977.535,-35.933
43977.635,-35.947
43977.739,-35.933
43977.851,-36.013
43977.947,-36.027
43978.045,-35.88
43978.130,-35.853
43978.229,-35.967
43978.349,-35.893
43978.427,-35.84
43978.543,-35.947
43978.640,-35.9
43978.741,-36.027
43978.842,-35.9
43978.952,-36.02
43979.042,-36.007
43979.133,-35.873
43979.253,-35.993
43979.349,-35.92
43979.442,-35.873
43979.543,-35.96
43979.623,-35.773
43979.723,-35.933
43979.824,-36.007
43979.944,-35.96
43980.038,-35.947
43980.138,-35.787
43980.246,-35.94
43980.356,-35.967
43980.479,-36.0
43980.577,-35.973
43980.628,-35.9
43980.728,-35.967
43980.829,-35.973
43980.924,-35.887
43981.089,-35.92
43981.121,-35.94
43981.239,-35.933
43981.332,-36.027
43981.437,-35.967
43981.537,-35.913
43981.633,-35.947
43981.734,-35.86
43981.820,-35.967
43981.918,-35.94
43982.038,-35.953
43982.150,-36.08
43982.234,-35.893
43982.334,-35.98
43982.432,-36.0
43982.516,-35.96
43982.631,-35.967
43982.726,-35.827
43982.824,-35.9
43982.932,-35.887
43983.035,-35.973
43983.133,-36.0
43983.251,-35.9
43983.315,-35.92
43983.422,-35.987
43983.548,-35.9
43983.640,-35.9
43983.761,-35.873
43983.861,-35.873
43983.957,-35.98
43984.055,-36.033
43984.175,-35.967
43984.272,-35.867
43984.356,-35.953
43984.469,-35.927
43984.516,-36.013
43984.611,-36.073
43984.722,-35.893
43984.817,-35.933
43984.915,-35.92
43985.011,-35.96
43985.118,-35.933
43985.214,-35.96
43985.312,-35.827
43985.413,-35.907
43985.525,-35.82
43985.696,-35.967
43985.724,-35.847
43985.824,-35.913
43985.913,-35.96
43986.011,-35.98
43986.116,-36.033
43986.214,-36.007
43986.312,-35.827
43986.415,-35.913
43986.523,-35.993
43986.625,-35.947
44276.721,-35.86
44276.815,-35.787
44276.927,-35.913
44277.037,-35.98
44277.131,-35.867
44277.228,-35.853
44277.339,-35.867
44277.439,-35.867
44277.538,-35.873
44277.635,-36.033
44277.755,-35.947
44277.853,-35.8
44277.949,-35.9
44278.001,-35.893
44278.099,-35.927
44278.261,-35.913
44278.358,-35.853
44278.398,-35.953
44278.506,-36.0
44278.603,-36.0
44278.704,-35.967
44278.812,-35.993
44278.917,-35.893
44279.016,-35.88
44279.175,-36.02
44279.207,-35.993
44279.305,-35.947
44279.400,-35.833
44279.498,-36.013
44279.616,-35.987
44279.714,-36.053
44279.795,-35.98
44279.910,-36.013
44280.008,-35.967
44280.092,-35.96
44280.195,-35.933
44280.305,-36.013
44280.403,-36.007
44280.505,-35.807
44280.611,-35.893
44280.714,-36.0
44280.790,-35.88
44280.893,-35.9
44280.998,-35.88
44281.101,-35.92
44281.226,-35.853
44281.312,-35.867
44281.430,-35.947
44281.523,-35.787
44281.643,-35.96
44281.748,-35.913
44281.847,-35.86
44281.946,-35.927
44282.042,-35.947
44282.097,-35.913
44282.190,-35.787
44282.287,-35.993
44282.395,-35.993
44282.486,-35.993
44282.587,-35.933
44282.706,-35.94
44282.807,-35.94
44282.891,-35.933
44282.991,-36.007
44283.084,-35.96
44283.197,-35.933
44283.295,-35.82
44283.402,-35.94
44283.498,-35.933
44283.587,-35.94
44283.692,-35.873
44283.797,-36.087
44283.881,-35.98
44284.001,-35.867
44284.111,-35.86
44284.187,-35.947
44284.292,-35.973
44284.402,-35.933
44284.498,-35.96
44284.577,-35.907
44284.679,-35.98
44284.787,-35.967
44284.888,-35.927
44285.011,-36.0
44285.096,-35.94
44285.222,-35.887
44285.299,-35.913
44285.425,-35.873
44285.476,-35.867
44285.628,-35.913
44285.682,-35.927
44285.842,-35.92
44285.935,-35.98
44285.986,-35.873
44286.077,-35.947
44286.182,-35.82
44286.278,-35.907
44286.375,-36.02
44286.481,-35.933
44286.592,-36.0
44286.687,-35.913
44336.787,-35.92
44336.873,-35.953
44336.986,-35.96
44337.082,-35.96
44337.177,-35.967
44337.285,-35.987
44337.381,-36.013
44337.476,-35.853
44337.584,-36.007
44337.668,-35.82
44337.792,-35.86
44337.888,-35.953
44337.998,-35.933
44338.094,-35.867
44338.195,-35.86
44338.293,-35.94
44338.386,-35.9
44338.508,-35.933
44338.604,-35.893
44338.685,-35.9
44338.821,-36.02
44338.917,-35.933
44339.022,-35.927
44339.123,-35.94
44339.223,-35.733
44339.319,-35.92
44339.423,-35.88
44339.462,-35.993
44339.626,-35.98
44339.723,-35.96
44339.834,-36.02
44339.861,-36.013
44339.981,-36.007
44340.072,-35.96
44340.180,-35.887
44340.277,-35.82
44340.376,-35.82
44340.474,-35.933
44340.565,-35.987
44340.662,-35.913
44340.758,-35.98
44340.893,-36.013
44340.974,-35.973
44341.072,-35.86
44341.168,-36.0
44341.260,-35.867
44341.375,-35.933
44341.459,-35.973
44341.570,-36.007
44341.667,-35.92
44341.771,-35.9
44341.878,-35.993
44341.994,-36.093
44342.060,-35.967
44342.180,-35.967
44342.271,-35.827
44342.405,-35.933
44342.503,-35.88
44342.599,-35.887
44342.687,-35.9
44342.800,-35.94
44342.897,-35.813
44343.018,-35.853
44343.099,-35.88
44343.217,-35.927
44343.315,-35.873
44343.413,-35.933
44343.508,-36.007
44343.559,-35.967
44343.658,-35.953
44343.758,-35.973
44343.856,-35.88
44343.959,-35.887
44344.057,-35.927
44344.158,-35.993
44344.268,-35.9
44344.368,-35.973
44344.462,-35.847
44344.567,-35.96
44344.655,-36.073
44344.765,-36.04
44344.861,-35.913
44344.967,-35.827
44345.062,-35.88
44345.158,-35.913
44345.255,-36.007
44345.354,-36.02
44345.454,-35.993
44345.555,-36.0
44345.670,-35.94
44345.760,-35.887
44345.869,-35.84
44345.947,-35.713
44346.055,-35.913
44346.177,-35.967
44346.298,-35.96
44346.405,-35.867
44346.494,-35.933
44346.589,-35.94
44346.689,-35.933
44396.741,-35.973
44396.842,-35.873
44397.005,-35.853
44397.101,-35.907
44397.140,-35.947
44397.243,-35.947
44397.341,-35.9
44397.464,-35.827
44397.554,-35.893
44397.650,-35.913
44397.750,-35.947
44397.844,-35.993
44397.942,-35.967
44398.035,-35.973
44398.160,-36.033
44398.243,-36.0
44398.371,-35.993
44398.444,-35.967
44398.542,-35.907
44398.650,-35.867
44398.746,-35.927
44398.844,-36.033
44398.940,-36.033
44399.048,-35.84
44399.148,-35.867
44399.239,-36.007
44399.349,-35.96
44399.459,-35.933
44399.557,-35.973
44399.653,-35.867
44399.756,-35.88
44399.876,-35.827
44399.971,-35.9
44400.079,-35.947
44400.165,-35.833
44400.265,-35.927
44400.383,-35.9
44400.491,-35.927
44400.591,-35.9
44400.690,-35.84
44400.787,-35.9
44400.886,-35.887
44400.984,-35.967
44401.035,-35.933
44401.133,-35.773
44401.228,-35.88
44401.327,-35.88
44401.425,-35.96
44401.550,-35.893
44401.648,-35.98
44401.746,-35.907
44401.832,-35.98
44401.940,-36.007
44402.037,-35.94
44402.136,-35.94
44402.228,-35.907
44402.329,-35.893
44402.427,-35.933
44402.525,-35.953
44402.652,-36.033
44402.744,-35.907
44402.839,-35.913
44402.939,-35.993
44403.042,-35.993
44403.138,-35.927
44403.233,-35.933
44403.354,-35.92
44403.456,-35.807
44403.550,-35.947
44403.647,-35.927
44403.756,-35.873
44403.866,-35.987
44403.962,-35.907
44404.062,-35.927
44404.165,-36.0
44404.268,-35.82
44404.319,-35.867
44404.418,-35.947
44404.584,-35.953
44404.680,-35.94
44404.734,-35.9
44404.873,-35.92
44404.925,-35.887
44405.023,-35.973
44405.123,-35.933
44405.224,-35.887
44405.334,-35.847
44405.427,-35.993
44405.538,-35.94
44405.614,-35.98
44405.714,-36.013
44405.821,-35.973
44405.927,-35.913
44406.027,-35.927
44406.121,-36.02
44406.216,-36.007
44406.327,-35.94
44406.418,-36.013
44406.518,-35.947
44406.636,-35.967
44456.738,-35.907
44456.836,-35.887
44456.934,-35.88
44457.030,-35.88
44457.131,-35.887
44457.228,-35.887
44457.349,-35.807
44457.432,-35.84
44457.543,-35.84
44457.660,-35.987
44457.758,-35.873
44457.842,-35.933
44457.962,-35.893
44458.059,-35.933
44458.165,-36.0
44458.209,-35.96
44458.373,-35.873
44458.423,-35.927
44458.576,-35.927
44458.670,-35.813
44458.721,-35.873
44458.810,-35.947
44458.924,-35.787
44459.018,-35.92
44459.119,-36.02
44459.224,-35.907
44459.314,-35.973
44459.408,-35.98
44459.506,-35.967
44459.635,-35.953
44459.699,-35.927
44459.800,-36.013
44459.922,-35.873
44460.001,-35.913
44460.111,-35.96
44460.209,-35.987
44460.324,-35.967
44460.413,-35.907
44460.511,-35.873
44460.606,-36.033
44460.712,-35.967
44460.810,-35.913
44460.930,-36.067
44461.030,-35.86
44461.148,-35.927
44461.244,-35.94
44461.344,-35.96
44461.439,-35.933
44461.543,-35.987
44461.638,-35.847
44461.758,-35.987
44461.839,-35.927
44461.949,-35.933
44462.045,-35.973
44462.098,-35.887
44462.251,-35.94
44462.302,-35.967
44462.397,-36.027
44462.494,-35.98
44462.599,-36.0
44462.695,-35.987
44462.800,-35.947
44462.903,-35.893
44463.011,-35.953
44463.114,-35.967
44463.190,-35.88
44463.310,-35.967
44463.402,-35.947
44463.505,-35.933
44463.609,-35.947
44463.702,-35.873
44463.795,-35.993
44463.893,-35.953
44464.000,-36.047
44464.106,-35.893
44464.202,-35.833
44464.300,-35.827
44464.403,-35.913
44464.498,-35.887
44464.619,-35.96
44464.714,-35.88
44464.824,-35.913
44464.923,-35.833
44465.023,-35.947
44465.119,-35.853
44465.239,-35.74
44465.337,-35.9
44465.432,-35.987
44465.513,-35.887
44465.648,-36.033
44465.746,-35.873
44465.844,-35.933
44465.883,-36.007
44465.984,-35.967
44466.082,-35.92
44466.250,-35.927
44466.295,-35.96
44466.390,-35.973
44466.486,-35.907
44466.592,-36.04
44466.689,-35.987
44516.788,-35.947
44516.885,-35.907
44516.986,-35.92
44517.084,-35.92
44517.179,-36.027
44517.277,-35.84
44517.388,-35.92
44517.484,-35.927
44517.582,-35.96
44517.722,-35.947
44517.773,-35.847
44517.878,-35.953
44517.998,-36.007
44518.087,-35.927
44518.187,-35.927
44518.273,-35.873
44518.395,-35.907
44518.498,-35.98
44518.574,-35.94
44518.719,-35.893
44518.824,-35.887
44518.910,-35.967
44519.013,-35.927
44519.106,-36.087
44519.234,-36.0
44519.332,-35.933
44519.429,-35.933
44519.525,-35.96
44519.626,-36.007
44519.748,-35.9
44519.775,-35.84
44519.873,-35.927
44519.972,-35.953
44520.074,-35.927
44520.179,-36.127
44520.293,-35.953
44520.388,-35.893
44520.484,-35.947
44520.589,-35.847
44520.684,-35.833
44520.780,-35.867
44520.878,-35.867
44520.974,-35.973
44521.071,-35.947
44521.173,-35.947
44521.271,-36.04
44521.366,-35.987
44521.484,-36.027
44521.581,-36.02
44521.687,-36.107
44521.785,-35.94
44521.886,-35.873
44521.981,-35.847
44522.079,-35.82
44522.199,-35.967
44522.295,-35.893
44522.385,-35.847
44522.498,-35.913
44522.565,-35.9
44522.665,-35.92
44522.768,-35.827
44522.910,-35.867
44522.978,-35.947
44523.079,-35.96
44523.180,-35.953
44523.280,-36.013
44523.388,-35.893
44523.464,-36.027
44523.565,-35.907
44523.670,-36.053
44523.766,-35.973
44523.871,-35.88
44523.969,-35.947
44524.072,-35.947
44524.170,-35.993
44524.275,-35.787
44524.359,-35.9
44524.478,-35.933
44524.557,-35.933
44524.674,-35.98
44524.793,-35.92
44524.864,-35.927
44524.961,-35.947
44525.070,-35.96
44525.160,-35.98
44525.258,-35.92
44525.354,-35.907
44525.456,-35.973
44525.577,-36.053
44525.677,-35.98
44525.771,-35.967
44525.873,-35.94
44525.994,-35.82
44526.092,-35.82
44526.173,-35.973
44526.283,-35.94
44526.403,-35.853
44526.501,-35.8
44526.584,-35.88
44526.704,-35.873
44576.799,-35.873
44576.907,-35.953
44576.998,-35.853
44577.050,-35.973
44577.152,-35.933
44577.319,-35.973
44577.347,-35.88
44577.445,-35.973
44577.611,-35.953
44577.712,-36.053
44577.761,-35.953
44577.856,-35.807
44577.956,-35.767
44578.057,-35.86
44578.155,-36.0
44578.251,-35.933
44578.344,-35.953
44578.446,-35.927
44578.552,-35.94
44578.653,-35.953
44578.746,-36.067
44578.856,-35.973
44578.945,-36.0
44579.043,-35.827
44579.157,-35.967
44579.246,-35.953
44579.351,-35.887
44579.456,-35.94
44579.560,-35.847
44579.663,-36.04
44579.748,-35.953
44579.858,-36.04
44579.959,-36.053
44580.082,-35.933
44580.182,-35.827
44580.283,-35.913
44580.383,-35.92
44580.481,-35.867
44580.584,-35.9
44580.696,-36.0
44580.790,-35.913
44580.888,-35.92
44580.994,-35.933
44581.087,-36.02
44581.138,-35.94
44581.234,-35.92
44581.342,-35.987
44581.442,-35.9
44581.540,-35.967
44581.640,-35.84
44581.748,-35.953
44581.846,-35.873
44581.930,-35.853
44582.054,-35.887
44582.136,-35.867
44582.234,-35.96
44582.329,-35.88
44582.442,-35.967
44582.538,-35.887
44582.635,-35.88
44582.731,-35.933
44582.831,-35.973
44582.952,-35.927
44583.048,-35.94
44583.155,-35.94
44583.244,-36.027
44583.344,-36.033
44583.442,-35.873
44583.567,-35.96
44583.631,-35.953
44583.729,-36.06
44583.842,-35.907
44583.959,-35.92
44584.079,-35.92
44584.177,-35.9
44584.256,-35.913
44584.369,-35.953
44584.423,-35.913
44584.525,-35.82
44584.626,-35.82
44584.723,-35.853
44584.888,-35.867
44584.991,-36.0
44585.037,-35.953
44585.128,-35.827
44585.226,-36.027
44585.322,-35.907
44585.430,-35.867
44585.533,-35.893
44585.631,-35.973
44585.728,-35.933
44585.841,-35.833
44585.939,-35.913
44586.018,-35.887
44586.119,-35.913
44586.236,-35.987
44586.334,-35.913
44586.430,-35.973
44586.530,-35.94
44586.628,-35.947
44876.724,-35.887
44876.829,-35.92
44876.942,-35.987
44877.025,-36.04
44877.146,-36.007
44877.241,-35.893
44877.334,-36.007
44877.437,-35.86
44877.518,-35.86
44877.626,-35.98
44877.746,-35.873
44877.834,-35.927
44877.947,-36.02
44878.040,-35.967
44878.160,-35.947
44878.212,-35.793
44878.369,-35.907
44878.423,-35.96
44878.577,-35.913
44878.668,-35.847
44878.712,-35.813
44878.810,-35.927
44878.976,-35.84
44879.079,-35.853
44879.131,-36.007
44879.233,-35.94
44879.327,-35.9
44879.427,-35.907
44879.525,-35.96
44879.630,-35.927
44879.724,-35.927
44879.815,-35.94
44879.912,-36.027
44880.010,-35.987
44880.138,-36.053
44880.226,-35.833
44880.324,-35.793
44880.422,-35.853
44880.511,-35.84
44880.616,-35.927
44880.736,-35.893
44880.832,-35.853
44880.918,-35.813
44881.038,-35.913
44881.131,-35.967
44881.239,-35.96
44881.349,-35.94
44881.445,-35.9
44881.543,-36.0
44881.652,-35.967
44881.748,-35.88
44881.805,-35.8
44881.920,-35.867
44882.000,-35.98
44882.099,-35.827
44882.202,-35.947
44882.304,-35.8
44882.457,-35.867
44882.510,-35.993
44882.611,-35.953
44882.711,-35.88
44882.810,-35.933
44882.912,-35.933
44883.008,-35.94
44883.103,-35.98
44883.204,-35.907
44883.302,-35.873
44883.398,-35.96
44883.513,-35.907
44883.609,-35.953
44883.712,-35.867
44883.812,-35.9
44883.903,-35.873
44884.001,-36.02
44884.099,-35.873
44884.194,-35.953
44884.314,-35.967
44884.415,-35.933
44884.513,-35.98
44884.616,-35.893
44884.707,-35.933
44884.829,-35.927
44884.915,-35.953
44885.028,-35.867
44885.126,-35.92
44885.221,-35.973
44885.327,-36.053
44885.423,-35.84
44885.543,-35.913
44885.598,-35.907
44885.702,-35.913
44885.812,-35.973
44885.893,-35.94
44886.037,-35.867
44886.087,-35.853
44886.187,-35.88
44886.293,-35.947
44886.454,-35.833
44886.506,-35.86
44886.587,-35.933
44886.684,-35.893
44936.804,-36.007
44936.898,-36.007
44936.994,-35.747
44937.119,-35.82
44937.190,-35.8
44937.302,-35.92
44937.398,-36.027
44937.488,-35.987
44937.599,-35.913
44937.696,-35.953
44937.790,-35.887
44937.898,-35.993
44938.000,-35.98
44938.094,-36.013
44938.194,-35.893
44938.292,-35.847
44938.413,-35.933
44938.508,-35.893
44938.589,-35.9
44938.704,-35.907
44938.802,-35.84
44938.922,-35.84
44939.027,-35.833
44939.123,-35.92
44939.219,-35.967
44939.326,-35.88
44939.440,-35.993
44939.537,-35.847
44939.636,-35.807
44939.736,-36.0
44939.834,-35.973
44939.886,-35.873
44939.988,-35.833
44940.086,-35.9
44940.180,-35.847
44940.277,-35.9
44940.381,-35.967
44940.489,-35.947
44940.587,-35.767
44940.684,-35.913
44940.799,-35.873
44940.878,-35.88
44940.998,-35.933
44941.072,-35.94
44941.211,-35.913
44941.283,-35.887
44941.380,-35.867
44941.473,-35.92
44941.574,-35.867
44941.668,-35.84
44941.790,-35.86
44941.898,-35.933
44941.986,-36.02
44942.106,-35.94
44942.201,-35.86
44942.283,-35.9
44942.405,-35.927
44942.501,-35.913
44942.596,-35.94
44942.702,-35.947
44942.799,-35.72
44942.920,-35.913
44943.001,-35.893
44943.111,-36.027
44943.209,-35.847
44943.329,-35.747
44943.369,-35.907
44943.532,-35.887
44943.628,-36.0
44943.736,-35.96
44943.829,-35.893
44943.949,-35.907
44943.986,-35.927
44944.072,-35.86
44944.170,-35.94
44944.266,-35.88
44944.381,-35.907
44944.471,-35.913
44944.584,-35.86
44944.665,-35.873
44944.766,-35.893
44944.861,-35.807
44944.973,-35.867
44945.074,-35.853
44945.175,-35.92
44945.260,-35.873
44945.368,-35.773
44945.464,-35.953
44945.572,-36.033
44945.670,-35.92
44945.773,-35.86
44945.873,-35.68
44945.959,-35.867
44946.079,-35.9
44946.163,-35.96
44946.332,-35.98
44946.381,-35.827
44946.501,-35.833
44946.598,-36.02
44946.687,-35.933
44996.809,-35.96
44996.905,-35.82
44997.003,-35.893
44997.114,-35.927
44997.158,-35.887
44997.256,-35.893
44997.353,-35.84
44997.459,-35.967
44997.557,-35.933
44997.652,-35.893
44997.822,-35.873
44997.873,-35.94
44997.949,-36.0
44998.069,-35.88
44998.168,-35.933
44998.271,-35.967
44998.437,-35.867
44998.464,-35.927
44998.554,-36.02
44998.652,-35.98
44998.750,-36.013
44998.881,-35.94
44998.964,-35.88
44999.060,-35.927
44999.158,-35.967
44999.256,-35.88
44999.361,-36.013
44999.457,-35.847
44999.554,-35.84
44999.667,-35.84
44999.758,-35.9
44999.881,-35.94
44999.981,-35.867
45000.067,-35.9
45000.187,-35.947
45000.280,-35.853
45000.395,-35.847
45000.447,-35.773
45000.554,-35.887
45000.653,-35.907
45000.790,-35.847
45000.873,-35.9
45001.000,-35.86
45001.049,-35.953
45001.141,-35.893
45001.305,-35.887
45001.356,-35.867
45001.452,-35.96
45001.549,-36.0
45001.646,-35.88
45001.744,-35.947
45001.844,-35.987
45001.945,-35.973
45002.045,-35.887
45002.143,-35.827
45002.258,-35.907
45002.359,-35.92
45002.457,-35.92
45002.581,-35.927
45002.655,-35.827
45002.755,-35.9
45002.848,-36.013
45002.944,-35.973
45003.035,-35.873
45003.158,-36.007
45003.253,-35.927
45003.359,-35.92
45003.459,-35.94
45003.555,-35.913
45003.660,-36.033
45003.771,-35.933
45003.864,-35.88
45003.964,-36.053
45004.071,-35.84
45004.162,-35.913
45004.282,-35.987
45004.393,-35.907
45004.483,-35.907
45004.582,-35.847
45004.679,-35.887
45004.731,-35.987
45004.829,-35.82
45004.929,-35.86
45005.092,-36.0
45005.133,-35.867
45005.244,-35.94
45005.344,-35.907
45005.442,-35.893
45005.525,-35.88
45005.630,-35.933
45005.746,-36.0
45005.907,-35.94
45005.939,-35.92
45006.035,-35.967
45006.136,-35.987
45006.229,-35.9
45006.342,-35.88
45006.423,-35.88
45006.528,-35.913
45006.638,-35.86
45056.736,-35.967
45056.832,-35.913
45056.927,-35.967
45057.035,-35.873
45057.133,-35.933
45057.253,-36.027
45057.332,-35.92
45057.442,-35.813
45057.549,-35.9
45057.645,-35.967
45057.748,-35.847
45057.849,-36.013
45057.952,-35.907
45058.069,-35.967
45058.157,-35.953
45058.268,-35.953
45058.361,-36.013
45058.479,-35.913
45058.516,-35.933
45058.621,-35.853
45058.719,-35.9
45058.829,-35.92
45058.922,-35.94
45059.020,-35.92
45059.119,-35.967
45059.229,-35.9
45059.331,-35.913
45059.432,-35.94
45059.540,-35.927
45059.621,-36.08
45059.719,-36.1
45059.822,-35.88
45059.929,-35.987
45060.057,-35.847
45060.111,-35.887
45060.219,-35.887
45060.317,-35.947
45060.415,-36.02
45060.533,-36.047
45060.641,-35.927
45060.733,-35.887
45060.829,-35.927
45060.925,-35.873
45061.023,-35.967
45061.145,-35.913
45061.241,-35.893
45061.337,-35.893
45061.447,-35.907
45061.550,-35.927
45061.643,-36.067
45061.744,-35.953
45061.858,-35.82
45061.956,-35.887
45062.054,-36.027
45062.153,-35.927
45062.207,-35.893
45062.369,-35.847
45062.479,-35.98
45062.508,-36.027
45062.606,-35.94
45062.704,-36.0
45062.866,-35.787
45062.917,-35.827
45063.015,-35.92
45063.114,-36.013
45063.212,-35.867
45063.324,-35.907
45063.425,-35.867
45063.523,-35.96
45063.616,-35.973
45063.741,-35.927
45063.812,-36.007
45063.910,-35.94
45064.016,-35.88
45064.114,-35.9
45064.199,-36.053
45064.314,-35.92
45064.403,-35.767
45064.511,-35.933
45064.614,-35.913
45064.726,-35.987
45064.820,-35.987
45064.898,-35.967
45065.001,-35.96
45065.101,-35.84
45065.209,-35.92
45065.327,-35.933
45065.427,-35.927
45065.513,-35.96
45065.613,-35.853
45065.717,-35.873
45065.810,-35.88
45065.927,-35.787
45066.045,-35.94
45066.097,-35.94
45066.202,-35.973
45066.305,-35.993
45066.459,-35.833
45066.564,-36.033
45066.592,-35.8
45066.690,-35.867
45116.792,-36.02
45116.890,-35.9
45117.003,-35.833
45117.103,-35.927
45117.197,-35.94
45117.302,-35.84
45117.396,-35.947
45117.493,-35.88
45117.591,-35.933
45117.692,-35.907
45117.810,-35.927
45117.930,-35.887
45117.991,-35.853
45118.104,-36.02
45118.201,-35.84
45118.300,-35.887
45118.402,-35.867
45118.498,-35.833
45118.619,-35.98
45118.726,-35.98
45118.807,-35.973
45118.927,-35.92
45119.023,-35.8
45119.136,-36.02
45119.234,-35.933
45119.331,-35.82
45119.425,-35.947
45119.530,-35.933
45119.581,-35.813
45119.741,-35.913
45119.829,-35.947
45119.942,-35.96
45119.991,-35.867
45120.084,-35.867
45120.197,-35.92
45120.342,-36.027
45120.396,-35.893
45120.491,-35.9
45120.587,-35.747
45120.687,-35.893
45120.809,-35.927
45120.878,-35.993
45120.998,-35.933
45121.099,-36.013
45121.197,-35.86
45121.298,-35.887
45121.388,-36.04
45121.486,-35.907
45121.587,-35.973
45121.689,-35.807
45121.783,-35.88
45121.883,-35.9
45121.984,-35.94
45122.072,-35.96
45122.192,-35.767
45122.277,-35.753
45122.373,-36.04
45122.486,-35.853
45122.611,-35.873
45122.714,-35.82
45122.812,-35.907
45122.910,-35.913
45123.006,-35.973
45123.081,-36.013
45123.229,-35.893
45123.324,-35.88
45123.420,-35.867
45123.474,-35.94
45123.572,-35.953
45123.668,-35.92
45123.834,-35.88
45123.871,-35.927
45123.979,-35.907
45124.072,-35.893
45124.174,-35.813
45124.287,-35.88
45124.385,-35.913
45124.484,-35.973
45124.650,-35.92
45124.679,-35.907
45124.800,-35.773
45124.869,-35.847
45124.974,-35.927
45125.076,-35.993
45125.174,-35.94
45125.270,-35.867
45125.369,-35.873
45125.467,-35.9
45125.562,-36.027
45125.675,-35.913
45125.778,-35.887
45125.876,-35.887
45125.994,-35.86
45126.076,-35.9
45126.187,-35.947
45126.280,-35.827
45126.402,-35.793
45126.486,-35.847
45126.655,-35.967
45126.680,-35.88
45176.778,-35.867
45176.905,-35.94
45176.969,-35.927
45177.113,-35.773
45177.223,-35.813
45177.317,-35.827
45177.415,-35.833
45177.489,-35.807
45177.570,-35.9
45177.660,-35.953
45177.761,-35.807
45177.871,-35.933
45177.961,-35.933
45178.072,-35.873
45178.168,-35.867
45178.280,-35.953
45178.364,-35.927
45178.464,-35.833
45178.560,-35.98
45178.674,-35.94
45178.793,-36.007
45178.866,-35.947
45178.961,-35.813
45179.060,-36.013
45179.158,-35.967
45179.251,-35.987
45179.383,-35.927
45179.474,-35.887
45179.571,-35.887
45179.667,-35.907
45179.763,-35.98
45179.886,-35.947
45179.986,-35.827
45180.081,-35.907
45180.187,-35.947
45180.287,-35.933
45180.403,-35.86
45180.488,-35.967
45180.599,-35.78
45180.697,-35.887
45180.795,-35.953
45180.898,-35.947
45180.949,-35.9
45181.109,-35.853
45181.221,-35.907
45181.246,-35.92
45181.349,-35.873
45181.447,-35.873
45181.550,-35.893
45181.657,-35.993
45181.760,-35.813
45181.861,-35.92
45181.957,-35.96
45182.052,-36.067
45182.150,-35.907
45182.243,-35.94
45182.349,-35.92
45182.449,-35.967
45182.545,-35.787
45182.645,-35.813
45182.760,-36.0
45182.858,-35.827
45182.952,-35.887
45183.057,-35.867
45183.141,-35.887
45183.263,-35.873
45183.361,-35.893
45183.471,-35.86
45183.567,-35.893
45183.663,-35.767
45183.761,-35.987
45183.863,-35.84
45183.983,-35.88
45184.082,-35.847
45184.165,-35.767
45184.273,-35.94
45184.369,-35.953
45184.491,-35.84
45184.598,-35.847
45184.695,-35.827
45184.795,-35.967
45184.896,-35.907
45184.935,-35.927
45185.035,-35.807
45185.136,-35.953
45185.231,-35.867
45185.331,-35.973
45185.430,-35.88
45185.547,-35.953
45185.655,-35.953
45185.748,-35.86
45185.849,-35.867
45185.949,-35.947
45186.045,-35.96
45186.141,-35.9
45186.239,-35.86
45186.339,-35.887
45186.437,-35.933
45186.533,-36.027
45186.638,-36.007
45186.661,-35.933
45186.760,-35.84
45186.864,-35.873
45186.966,-35.88
45187.070,-36.0
45187.173,-35.833
45187.251,-35.94
45187.360,-35.927
45187.462,-35.96
45187.582,-35.88
45187.673,-35.787
45187.781,-35.88
45187.901,-35.973
45187.994,-35.82
45188.085,-36.027
45188.201,-35.753
45188.296,-35.98
45188.350,-36.0
45188.499,-35.933
45188.611,-35.893
45188.709,-35.76
45188.760,-35.92
45188.910,-35.907
45188.962,-35.98
45189.055,-35.953
45189.152,-35.833
45189.258,-36.04
45189.360,-35.98
45189.456,-36.06
45189.558,-35.893
45189.646,-35.88
45189.766,-35.793
45189.862,-35.92
45189.970,-35.967
45190.057,-35.933
45190.156,-35.973
45190.259,-35.907
45190.359,-36.0
45190.456,-35.907
45190.552,-35.88
45190.647,-35.907
45190.750,-35.853
45190.869,-35.94
45190.966,-35.947
45191.071,-35.893
45191.160,-35.833
45191.262,-35.787
45191.382,-35.887
45191.482,-35.933
45191.575,-35.94
45191.652,-35.993
45191.757,-35.767
45191.861,-35.893
45191.966,-35.787
45192.086,-35.86
45192.139,-35.873
45192.299,-35.773
45192.395,-35.94
45192.446,-35.953
45192.540,-35.96
45192.645,-35.9
45192.741,-35.88
45192.909,-35.84
45192.953,-35.967
45193.050,-36.02
45193.152,-35.953
45193.251,-35.833
45193.346,-35.82
45193.443,-35.98
45193.542,-35.913
45193.644,-35.887
45193.739,-35.94
45193.833,-35.867
45193.930,-35.893
45194.050,-35.827
45194.138,-35.907
45194.241,-35.907
45194.341,-35.9
45194.449,-35.933
45194.552,-35.887
45194.650,-35.993
45194.747,-35.953
45194.859,-35.82
45194.958,-35.887
45195.058,-35.987
45195.161,-36.013
45195.254,-35.96
45195.376,-35.9
45195.481,-35.8
45195.570,-35.913
45195.690,-35.933
45195.786,-35.933
45195.870,-35.747
45195.988,-35.9
45196.088,-35.82
45196.185,-35.827
45196.285,-35.933
45196.337,-35.993
45196.429,-35.847
45196.529,-35.887
45196.635,-35.873
45246.732,-35.907
45246.830,-35.907
45246.951,-35.907
45247.023,-35.893
45247.153,-35.867
45247.231,-35.94
45247.341,-35.953
45247.463,-35.853
45247.532,-35.913
45247.627,-35.84
45247.729,-35.907
45247.826,-35.94
45247.923,-35.8
45248.018,-36.0
45248.121,-35.933
45248.243,-35.887
45248.337,-35.947
45248.430,-35.933
45248.527,-35.867
45248.652,-36.027
45248.745,-35.9
45248.859,-35.9
45248.956,-35.96
45249.051,-35.82
45249.157,-35.833
45249.266,-35.88
45249.369,-35.9
45249.465,-35.933
45249.567,-35.953
45249.667,-35.987
45249.765,-35.893
45249.814,-35.867
45249.915,-35.88
45250.011,-35.947
45250.177,-35.893
45250.230,-36.02
45250.321,-35.92
45250.484,-35.967
45250.514,-36.02
45250.630,-35.887
45250.718,-35.987
45250.824,-35.867
45250.922,-36.013
45251.046,-35.88
45251.120,-35.967
45251.216,-35.953
45251.313,-36.0
45251.407,-35.933
45251.524,-35.873
45251.622,-36.047
45251.729,-35.973
45251.808,-36.0
45251.927,-35.973
45252.025,-35.827
45252.115,-35.987
45252.218,-35.933
45252.320,-35.927
45252.424,-35.993
45252.524,-35.813
45252.606,-36.027
45252.710,-35.92
45252.833,-35.887
45252.921,-35.987
45253.042,-35.867
45253.122,-35.847
45253.225,-35.967
45253.302,-35.987
45253.399,-35.94
45253.500,-35.853
45253.658,-35.967
45253.709,-35.867
45253.811,-35.933
45253.904,-35.947
45254.002,-35.887
45254.100,-35.86
45254.201,-35.873
45254.301,-35.953
45254.417,-35.933
45254.515,-35.913
45254.612,-35.793
45254.715,-35.98
45254.813,-35.967
45254.906,-35.967
45255.003,-35.933
45255.104,-35.953
45255.201,-35.9
45255.305,-35.9
45255.403,-35.887
45255.512,-35.86
45255.611,-35.96
45255.707,-35.96
45255.814,-35.92
45255.912,-35.913
45256.006,-35.847
45256.162,-35.86
45256.212,-35.913
45256.331,-35.907
45256.427,-35.827
45256.518,-36.0
45306.643,-35.847
45306.741,-35.933
45306.797,-35.847
45306.903,-35.92
45307.009,-35.84
45307.112,-35.84
45307.216,-35.853
45307.291,-35.927
45307.388,-35.873
45307.495,-35.953
45307.626,-36.0
45307.701,-35.98
45307.805,-35.967
45307.890,-35.9
45307.998,-35.913
45308.102,-35.967
45308.273,-35.947
45308.299,-35.88
45308.384,-36.0
45308.507,-36.047
45308.588,-35.96
45308.685,-35.873
45308.785,-35.933
45308.884,-35.947
45309.002,-35.873
45309.088,-35.98
45309.194,-35.893
45309.290,-35.88
45309.387,-36.007
45309.515,-35.867
45309.611,-35.94
45309.710,-35.827
45309.812,-35.947
45309.897,-35.933
45310.018,-36.0
45310.115,-35.96
45310.224,-35.88
45310.322,-35.9
45310.418,-35.947
45310.516,-36.027
45310.614,-36.007
45310.690,-35.88
45310.792,-35.853
45310.914,-35.833
45310.978,-35.84
45311.080,-35.913
45311.180,-35.773
45311.284,-35.8
45311.381,-35.893
45311.482,-35.927
45311.583,-36.013
45311.674,-35.847
45311.789,-36.027
45311.891,-36.1
45312.062,-35.913
45312.091,-35.92
45312.207,-35.813
45312.290,-35.873
45312.411,-36.02
45312.480,-35.913
45312.583,-35.973
45312.680,-35.987
45312.776,-35.913
45312.874,-35.92
45312.971,-35.86
45313.087,-35.9
45313.191,-35.907
45313.289,-35.927
45313.387,-35.893
45313.488,-35.94
45313.598,-35.927
45313.697,-35.847
45313.795,-35.88
45313.901,-35.953
45313.998,-35.96
45314.119,-35.86
45314.224,-35.907
45314.314,-35.847
45314.410,-35.86
45314.505,-35.873
45314.607,-35.967
45314.727,-35.96
45314.825,-35.733
45314.924,-35.873
45315.027,-36.027
45315.076,-35.993
45315.169,-35.887
45315.268,-35.833
45315.373,-35.98
45315.471,-35.907
45315.568,-35.873
45315.738,-35.827
45315.788,-35.88
45315.870,-35.92
45315.972,-35.92
45316.060,-35.967
45316.183,-35.953
45316.303,-35.913
45316.374,-35.933
45316.468,-35.907
45316.566,-35.86
45366.666,-35.953
45366.796,-35.933
45366.885,-35.887
45366.982,-35.793
45367.078,-35.827
45367.168,-35.86
45367.276,-35.913
45367.374,-35.867
45367.494,-35.9
45367.600,-35.92
45367.698,-35.9
45367.795,-35.92
45367.897,-35.7
45367.986,-35.947
45368.108,-35.94
45368.203,-35.907
45368.310,-35.873
45368.411,-35.927
45368.509,-35.893
45368.606,-35.86
45368.659,-35.893
45368.760,-35.88
45368.857,-35.913
45368.953,-35.88
45369.059,-35.833
45369.160,-35.987
45369.263,-36.007
45369.370,-35.88
45369.475,-35.927
45369.570,-35.947
45369.667,-35.92
45369.761,-35.947
45369.853,-35.96
45369.951,-35.9
45370.050,-35.873
45370.150,-35.9
45370.267,-35.933
45370.365,-35.907
45370.471,-35.887
45370.547,-35.967
45370.649,-35.907
45370.754,-35.787
45370.853,-35.973
45370.946,-35.96
45371.066,-35.8
45371.155,-35.96
45371.276,-36.033
45371.371,-35.86
45371.491,-35.847
45371.575,-35.82
45371.689,-35.9
45371.784,-35.893
45371.878,-35.947
45371.985,-35.927
45372.107,-35.947
45372.203,-35.907
45372.310,-35.96
45372.398,-35.967
45372.450,-35.86
45372.542,-35.967
45372.643,-36.06
45372.744,-35.98
45372.846,-35.953
45372.943,-35.92
45373.043,-35.96
45373.157,-35.94
45373.255,-35.9
45373.357,-35.973
45373.437,-35.92
45373.559,-35.94
45373.659,-35.9
45373.738,-35.933
45373.849,-35.88
45373.945,-35.927
45374.043,-35.827
45374.146,-35.993
45374.239,-35.913
45374.361,-35.853
45374.459,-36.04
45374.558,-35.867
45374.654,-35.88
45374.750,-35.947
45374.881,-35.813
45374.971,-35.973
45375.067,-35.8
45375.163,-36.047
45375.258,-35.973
45375.360,-35.933
45375.436,-36.007
45375.535,-35.867
45375.685,-35.953
45375.742,-35.98
45375.851,-35.94
45375.950,-35.947
45376.030,-35.867
45376.129,-35.88
45376.239,-35.873
45376.367,-35.987
45376.444,-35.94
45376.540,-35.82
45426.646,-35.953
45426.743,-35.913
45426.847,-35.84
45426.928,-36.027
45427.031,-35.913
45427.147,-35.933
45427.245,-35.867
45427.346,-35.973
45427.455,-35.947
45427.543,-35.92
45427.638,-35.807
45427.733,-35.947
45427.845,-35.913
45427.928,-35.993
45428.023,-35.947
45428.142,-35.807
45428.233,-35.96
45428.354,-35.913
45428.451,-35.913
45428.557,-36.013
45428.647,-35.873
45428.744,-35.907
45428.841,-35.893
45428.968,-35.927
45429.063,-35.913
45429.161,-35.793
45429.261,-35.887
45429.358,-35.92
45429.434,-35.893
45429.540,-35.98
45429.660,-35.867
45429.772,-35.927
45429.823,-35.913
45429.975,-36.033
45430.027,-35.86
45430.116,-35.887
45430.281,-35.873
45430.332,-35.873
45430.419,-36.02
45430.520,-35.847
45430.617,-35.987
45430.737,-35.847
45430.814,-35.927
45430.934,-35.953
45431.015,-35.98
45431.154,-35.887
45431.222,-35.887
45431.320,-35.84
45431.417,-35.86
45431.513,-35.967
45431.615,-35.913
45431.735,-35.847
45431.834,-35.907
45431.933,-35.813
45432.037,-35.86
45432.134,-35.967
45432.233,-35.84
45432.344,-35.933
45432.443,-35.927
45432.536,-35.913
45432.644,-35.987
45432.714,-35.72
45432.820,-35.907
45432.930,-35.927
45433.060,-35.873
45433.156,-35.947
45433.255,-35.887
45433.347,-35.907
45433.470,-35.927
45433.565,-35.853
45433.662,-36.067
45433.775,-35.947
45433.873,-35.967
45433.969,-35.94
45434.022,-35.82
45434.121,-35.953
45434.215,-35.82
45434.311,-35.873
45434.411,-35.793
45434.507,-35.873
45434.625,-35.96
45434.722,-35.993
45434.804,-35.967
45434.942,-35.887
45435.012,-35.873
45435.114,-35.907
45435.215,-35.907
45435.312,-35.967
45435.408,-35.967
45435.504,-35.987
45435.610,-35.96
45435.706,-35.96
45435.827,-35.933
45435.908,-35.98
45436.020,-35.973
45436.112,-35.96
45436.232,-35.933
45436.318,-35.927
45436.439,-36.04
45436.534,-35.993
45486.642,-35.94
45486.727,-35.867
45486.848,-35.833
45486.944,-35.933
45487.053,-35.98
45487.109,-36.027
45487.211,-35.967
45487.315,-35.893
45487.401,-35.967
45487.501,-35.947
45487.597,-35.853
45487.699,-35.94
45487.799,-35.833
45487.912,-35.987
45487.996,-35.98
45488.111,-36.027
45488.212,-35.9
45488.309,-35.967
45488.408,-35.98
45488.503,-36.007
45488.600,-35.967
45488.695,-35.973
45488.797,-35.867
45488.890,-35.953
45489.010,-35.92
45489.106,-35.96
45489.214,-35.913
45489.295,-35.88
45489.389,-35.9
45489.509,-35.933
45489.602,-35.927
45489.721,-36.02
45489.817,-35.92
45489.910,-35.847
45490.018,-35.82
45490.114,-35.847
45490.209,-35.88
45490.317,-35.86
45490.428,-36.027
45490.525,-36.013
45490.617,-35.973
45490.729,-36.027
45490.824,-35.98
45490.899,-35.847
45490.997,-35.953
45491.106,-35.913
45491.183,-35.96
45491.287,-35.927
45491.386,-35.9
45491.485,-36.02
45491.588,-35.967
45491.692,-35.987
45491.787,-35.967
45491.899,-35.907
45492.002,-35.927
45492.085,-35.92
45492.203,-35.92
45492.294,-35.88
45492.393,-35.967
45492.558,-35.867
45492.587,-35.967
45492.682,-35.973
45492.782,-36.073
45492.889,-36.053
45492.995,-35.953
45493.091,-35.907
45493.191,-35.98
45493.301,-36.053
45493.400,-35.987
45493.496,-35.96
45493.593,-35.913
45493.716,-35.853
45493.812,-35.86
45493.910,-35.92
45493.997,-35.907
45494.105,-35.867
45494.227,-35.873
45494.325,-35.953
45494.427,-35.993
45494.521,-35.953
45494.616,-35.88
45494.728,-35.753
45494.773,-35.853
45494.933,-35.933
45495.029,-35.873
45495.138,-35.94
45495.238,-35.893
45495.334,-35.847
45495.385,-35.9
45495.485,-35.953
45495.583,-35.8
45495.680,-35.893
45495.775,-35.873
45495.889,-35.96
45495.986,-35.967
45496.087,-35.807
45496.198,-36.013
45496.276,-35.913
45496.375,-35.867
45496.473,-35.893
45496.589,-35.913
45786.687,-35.893
45786.783,-35.887
45786.879,-35.92
45786.975,-35.893
45787.096,-35.82
45787.216,-35.893
45787.300,-35.867
45787.393,-35.927
45787.489,-35.9
45787.587,-35.853
45787.685,-35.947
45787.786,-35.953
45787.868,-35.973
45787.971,-35.88
45788.077,-35.9
45788.181,-35.833
45788.301,-35.88
45788.405,-35.86
45788.514,-35.9
45788.564,-35.867
45788.724,-35.893
45788.813,-35.787
45788.866,-35.8
45788.961,-35.88
45789.137,-35.927
45789.163,-35.993
45789.261,-35.96
45789.359,-35.82
45789.457,-35.9
45789.572,-35.907
45789.668,-35.94
45789.770,-35.947
45789.872,-35.913
45789.962,-35.947
45790.058,-35.853
45790.155,-35.853
45790.263,-35.96
45790.362,-35.82
45790.458,-35.847
45790.554,-35.86
45790.676,-35.947
45790.773,-35.993
45790.870,-35.853
45790.973,-35.82
45791.061,-35.987
45791.183,-35.94
45791.278,-35.867
45791.385,-35.88
45791.483,-35.76
45791.581,-35.88
45791.676,-35.873
45791.801,-35.933
45791.896,-35.987
45791.995,-35.82
45792.051,-35.96
45792.170,-35.967
45792.269,-35.86
45792.370,-35.84
45792.448,-35.8
45792.575,-35.913
45792.650,-35.867
45792.757,-36.0
45792.860,-36.053
45793.014,-35.927
45793.064,-35.947
45793.223,-35.947
45793.248,-35.9
45793.366,-35.947
45793.465,-35.92
45793.547,-35.853
45793.661,-35.9
45793.757,-35.807
45793.859,-35.9
45793.953,-35.927
45794.052,-35.993
45794.147,-35.94
45794.243,-35.913
45794.353,-35.94
45794.451,-35.867
45794.554,-35.867
45794.649,-35.84
45794.762,-36.02
45794.861,-36.033
45794.965,-35.94
45795.062,-35.867
45795.182,-35.92
45795.279,-36.053
45795.384,-35.853
45795.478,-35.9
45795.574,-35.92
45795.671,-35.967
45795.795,-35.933
45795.891,-35.867
45795.987,-36.027
45796.038,-35.927
45796.189,-35.873
45796.293,-35.92
45796.387,-35.967
45796.438,-36.02
45796.541,-36.06
45796.636,-35.867
45846.734,-35.967
45846.854,-35.853
45846.950,-35.907
45847.046,-35.88
45847.147,-35.82
45847.246,-35.893
45847.342,-35.873
45847.435,-36.013
45847.532,-35.893
45847.633,-35.9
45847.730,-35.913
45847.844,-35.987
45847.958,-35.96
45848.035,-35.94
45848.133,-35.98
45848.233,-35.693
45848.333,-35.867
45848.440,-35.893
45848.544,-35.953
45848.628,-35.947
45848.733,-35.88
45848.853,-35.94
45848.974,-35.98
45849.060,-35.947
45849.146,-35.933
45849.268,-35.88
45849.363,-35.867
45849.471,-35.98
45849.568,-35.92
45849.688,-35.88
45849.796,-35.787
45849.887,-35.933
45849.986,-35.893
45850.079,-35.907
45850.131,-35.8
45850.223,-35.867
45850.390,-35.953
45850.488,-35.88
45850.530,-35.987
45850.637,-36.027
45850.735,-35.933
45850.836,-36.007
45850.944,-35.947
45851.041,-35.94
45851.141,-35.8
45851.222,-35.92
45851.356,-35.94
45851.428,-35.887
45851.527,-35.96
45851.631,-35.913
45851.739,-36.007
45851.835,-35.947
45851.926,-35.86
45852.020,-35.953
45852.117,-35.96
45852.218,-35.993
45852.336,-35.967
45852.429,-35.8
45852.540,-35.887
45852.619,-35.947
45852.745,-36.0
45852.847,-35.92
45852.932,-35.793
45853.051,-35.873
45853.137,-35.867
45853.256,-35.947
45853.344,-35.873
45853.471,-35.927
45853.560,-35.84
45853.680,-35.847
45853.774,-35.953
45853.881,-35.953
45853.978,-35.833
45854.074,-35.98
45854.128,-35.987
45854.228,-36.047
45854.322,-35.96
45854.418,-35.953
45854.517,-35.84
45854.628,-35.893
45854.724,-35.933
45854.836,-35.887
45854.910,-35.893
45855.009,-35.9
45855.129,-35.907
45855.227,-35.887
45855.309,-35.867
45855.418,-35.953
45855.516,-35.84
45855.620,-35.907
45855.720,-35.92
45855.824,-35.973
45855.946,-35.953
45856.042,-35.847
45856.133,-35.953
45856.232,-35.893
45856.356,-35.973
45856.454,-35.96
45856.504,-35.847
45856.603,-35.873
45906.707,-35.867
45906.818,-35.973
45906.941,-35.96
45907.023,-35.787
45907.157,-35.9
45907.230,-35.827
45907.349,-35.833
45907.402,-35.9
45907.564,-35.907
45907.659,-35.94
45907.761,-35.913
45907.811,-35.913
45907.905,-35.973
45908.008,-35.92
45908.108,-35.94
45908.205,-35.847
45908.317,-35.96
45908.409,-35.953
45908.510,-35.88
45908.614,-35.84
45908.715,-35.94
45908.817,-35.98
45908.901,-35.88
45909.004,-35.96
45909.103,-35.927
45909.202,-35.953
45909.305,-35.927
45909.419,-35.9
45909.518,-35.98
45909.593,-35.873
45909.723,-36.007
45909.826,-35.913
45909.925,-35.833
45910.031,-35.913
45910.133,-35.82
45910.235,-35.94
45910.311,-35.887
45910.453,-35.98
45910.497,-35.993
45910.605,-35.893
45910.753,-36.06
45910.818,-35.96
45910.933,-35.92
45911.023,-35.833
45911.147,-35.787
45911.256,-35.853
45911.357,-35.92
45911.450,-35.927
45911.558,-35.847
45911.598,-35.853
45911.694,-35.92
45911.793,-35.933
45911.970,-35.973
45912.003,-36.06
45912.102,-35.98
45912.198,-35.907
45912.288,-35.847
45912.400,-35.847
45912.484,-35.927
45912.606,-36.0
45912.701,-35.967
45912.798,-35.887
45912.894,-35.94
45912.991,-35.853
45913.096,-35.987
45913.196,-35.987
45913.298,-35.933
45913.390,-35.867
45913.504,-35.927
45913.604,-35.88
45913.707,-35.84
45913.810,-35.947
45913.912,-35.847
45914.015,-35.94
45914.096,-35.92
45914.228,-35.92
45914.326,-35.76
45914.384,-35.88
45914.539,-35.807
45914.592,-35.947
45914.737,-35.927
45914.804,-35.853
45914.908,-35.947
45915.028,-35.98
45915.081,-35.933
45915.228,-36.0
45915.280,-35.773
45915.441,-35.707
45915.493,-35.867
45915.642,-35.913
45915.694,-35.893
45915.787,-35.987
45915.886,-35.927
45915.987,-35.9
45916.086,-35.933
45916.188,-35.947
45916.287,-35.947
45916.377,-35.827
45916.472,-36.0
45916.592,-35.947
45966.672,-36.0
45966.795,-35.973
45966.916,-35.947
45966.989,-35.967
45967.090,-35.98
45967.201,-36.08
45967.297,-35.907
45967.396,-35.907
45967.503,-35.947
45967.578,-35.913
45967.688,-35.907
45967.802,-35.94
45967.914,-35.9
45968.010,-35.82
45968.106,-35.88
45968.213,-35.973
45968.315,-35.933
45968.421,-35.773
45968.507,-35.907
45968.630,-35.967
45968.687,-35.827
45968.790,-35.8
45968.866,-35.853
45968.975,-35.887
45969.073,-35.993
45969.180,-35.907
45969.272,-35.893
45969.376,-35.927
45969.469,-35.793
45969.570,-35.853
45969.666,-35.993
45969.772,-35.933
45969.895,-35.92
45969.963,-35.853
45970.075,-35.933
45970.168,-35.94
45970.274,-35.953
45970.374,-36.02
45970.461,-35.893
45970.577,-35.88
45970.675,-35.927
45970.782,-35.813
45970.878,-35.9
45970.976,-35.98
45971.074,-35.96
45971.182,-35.9
45971.274,-35.933
45971.395,-35.9
45971.503,-35.84
45971.599,-35.907
45971.697,-35.913
45971.790,-35.927
45971.888,-35.807
45972.009,-35.86
45972.105,-36.02
45972.159,-36.013
45972.310,-35.973
45972.406,-35.92
45972.457,-35.747
45972.624,-35.9
45972.721,-35.887
45972.815,-35.873
45972.867,-35.913
45973.016,-36.007
45973.068,-35.893
45973.161,-35.92
45973.314,-35.887
45973.363,-35.993
45973.469,-35.94
45973.571,-35.8
45973.653,-35.973
45973.757,-35.96
45973.861,-35.96
45973.970,-35.88
45974.050,-35.927
45974.164,-35.907
45974.261,-35.853
45974.357,-35.973
45974.461,-35.98
45974.559,-35.887
45974.655,-35.893
45974.752,-35.893
45974.877,-35.893
45974.974,-35.96
45975.071,-35.953
45975.152,-35.827
45975.291,-35.96
45975.388,-35.953
45975.448,-35.927
45975.588,-36.08
45975.685,-35.893
45975.782,-35.887
45975.888,-35.9
45975.999,-35.947
45976.099,-35.98
45976.197,-35.813
45976.299,-35.933
45976.395,-35.913
45976.446,-35.88
45976.545,-35.993
46026.646,-35.84
46026.744,-35.827
46026.846,-35.78
46026.943,-35.907
46027.056,-36.047
46027.156,-35.973
46027.284,-35.947
46027.359,-35.94
46027.438,-35.98
46027.541,-35.967
46027.645,-35.973
46027.747,-35.947
46027.857,-35.88
46027.957,-35.967
46028.039,-35.927
46028.136,-35.86
46028.236,-35.887
46028.336,-36.0
46028.460,-35.96
46028.547,-35.96
46028.649,-36.047
46028.754,-35.82
46028.871,-35.927
46028.936,-35.947
46029.057,-35.973
46029.144,-35.94
46029.263,-35.867
46029.355,-35.927
46029.478,-35.98
46029.566,-35.88
46029.672,-36.033
46029.794,-35.973
46029.889,-35.74
46029.997,-35.827
46030.094,-35.867
46030.188,-36.04
46030.240,-35.893
46030.390,-35.86
46030.441,-35.973
46030.535,-35.96
46030.635,-35.987
46030.732,-35.94
46030.830,-35.853
46030.950,-35.867
46031.034,-35.913
46031.149,-35.953
46031.227,-35.953
46031.347,-35.947
46031.446,-35.867
46031.543,-35.92
46031.641,-35.9
46031.732,-35.9
46031.837,-35.873
46031.934,-35.933
46032.030,-35.827
46032.136,-35.787
46032.245,-35.853
46032.343,-35.967
46032.441,-35.88
46032.547,-35.927
46032.645,-35.88
46032.739,-36.02
46032.871,-36.0
46032.954,-35.86
46033.046,-35.913
46033.123,-35.88
46033.236,-35.873
46033.327,-35.907
46033.437,-35.787
46033.543,-35.92
46033.649,-36.007
46033.769,-35.827
46033.821,-35.88
46033.973,-35.767
46034.085,-36.027
46034.183,-35.92
46034.280,-35.94
46034.383,-36.033
46034.434,-35.847
46034.531,-35.88
46034.630,-35.847
46034.732,-35.873
46034.834,-35.92
46034.939,-35.973
46035.036,-35.813
46035.121,-35.987
46035.216,-35.927
46035.336,-35.867
46035.444,-35.84
46035.527,-35.993
46035.625,-35.987
46035.719,-35.927
46035.811,-35.993
46035.917,-35.927
46036.016,-35.92
46036.135,-35.927
46036.221,-35.967
46036.341,-35.967
46036.437,-35.94
46036.545,-35.853
46036.631,-35.893
46086.751,-35.913
46086.845,-35.833
46086.956,-35.913
46087.053,-35.893
46087.151,-36.013
46087.245,-35.953
46087.347,-35.86
46087.469,-35.933
46087.526,-35.84
46087.646,-35.887
46087.713,-35.893
46087.810,-35.893
46087.917,-36.007
46088.016,-35.86
46088.115,-35.82
46088.282,-36.0
46088.306,-35.907
46088.406,-35.98
46088.527,-35.9
46088.624,-35.833
46088.722,-35.907
46088.817,-36.0
46088.923,-35.973
46089.020,-35.98
46089.118,-35.867
46089.209,-35.907
46089.310,-35.947
46089.408,-35.88
46089.522,-35.847
46089.619,-36.0
46089.717,-35.953
46089.814,-35.887
46089.923,-35.86
46090.017,-35.847
46090.113,-35.7
46090.225,-35.82
46090.334,-35.813
46090.430,-35.967
46090.531,-35.92
46090.633,-35.8
46090.729,-35.94
46090.851,-35.94
46090.954,-35.9
46091.043,-35.993
46091.140,-35.8
46091.260,-35.94
46091.342,-36.007
46091.462,-35.88
46091.517,-35.967
46091.618,-35.8
46091.721,-35.907
46091.800,-36.033
46091.897,-35.853
46092.004,-36.04
46092.106,-35.833
46092.209,-35.82
46092.313,-35.907
46092.394,-35.98
46092.493,-35.907
46092.598,-36.06
46092.706,-35.94
46092.791,-35.907
46092.891,-35.953
46093.012,-35.893
46093.098,-35.987
46093.204,-35.853
46093.299,-35.847
46093.388,-35.96
46093.528,-36.04
46093.617,-35.92
46093.714,-35.8
46093.811,-35.927
46093.901,-35.973
46094.007,-35.893
46094.128,-35.913
46094.226,-35.94
46094.331,-35.767
46094.431,-36.02
46094.525,-35.88
46094.630,-35.833
46094.744,-35.827
46094.840,-35.94
46094.938,-35.973
46095.041,-35.933
46095.137,-35.933
46095.188,-35.84
46095.364,-35.873
46095.387,-36.007
46095.489,-35.933
46095.589,-35.873
46095.689,-35.9
46095.791,-35.9
46095.889,-36.053
46095.988,-35.94
46096.100,-35.947
46096.181,-35.987
46096.305,-35.887
46096.404,-35.98
46096.491,-35.993
46096.587,-35.94
46386.689,-35.907
46386.791,-35.86
46386.879,-35.86
46386.978,-35.967
46387.076,-35.893
46387.203,-35.813
46387.288,-35.82
46387.393,-35.887
46387.495,-35.947
46387.587,-35.907
46387.679,-35.873
46387.802,-36.0
46387.887,-35.873
46388.006,-35.947
46388.124,-35.973
46388.221,-35.98
46388.306,-35.84
46388.420,-35.98
46388.517,-36.02
46388.638,-35.88
46388.723,-35.9
46388.821,-35.8
46388.873,-35.833
46389.039,-35.9
46389.077,-35.88
46389.175,-35.927
46389.273,-35.987
46389.370,-35.887
46389.476,-35.947
46389.574,-35.94
46389.750,-35.907
46389.777,-35.92
46389.872,-35.887
46389.966,-35.953
46390.148,-35.947
46390.191,-35.927
46390.291,-35.96
46390.389,-36.04
46390.487,-35.887
46390.581,-35.867
46390.679,-35.893
46390.772,-35.9
46390.880,-35.953
46390.966,-35.913
46391.087,-36.087
46391.187,-35.933
46391.290,-36.0
46391.376,-35.873
46391.480,-35.76
46391.581,-35.893
46391.665,-35.913
46391.772,-35.953
46391.880,-35.9
46391.991,-35.853
46392.113,-35.947
46392.210,-35.887
46392.305,-35.887
46392.416,-35.933
46392.511,-35.7
46392.609,-35.867
46392.660,-36.0
46392.763,-35.86
46392.927,-35.98
46393.025,-35.733
46393.126,-35.98
46393.224,-36.027
46393.273,-35.893
46393.374,-35.92
46393.474,-35.973
46393.575,-35.967
46393.675,-35.907
46393.772,-35.873
46393.858,-35.953
46393.978,-35.94
46394.076,-35.92
46394.154,-35.96
46394.254,-35.9
46394.374,-35.86
46394.471,-35.893
46394.553,-35.793
46394.666,-35.913
46394.762,-35.987
46394.881,-35.987
46394.968,-35.907
46395.062,-35.88
46395.165,-35.973
46395.289,-35.94
46395.370,-35.907
46395.480,-35.993
46395.557,-35.84
46395.699,-35.873
46395.762,-35.9
46395.870,-36.0
46395.990,-36.007
46396.095,-35.96
46396.193,-35.86
46396.313,-35.887
46396.395,-35.813
46396.527,-35.92
46396.555,-35.9
46446.649,-35.933
46446.759,-35.967
46446.865,-35.96
46446.957,-35.953
46447.057,-35.847
46447.150,-35.86
46447.245,-35.813
46447.363,-35.973
46447.459,-35.993
46447.560,-35.973
46447.657,-35.907
46447.755,-35.827
46447.860,-35.853
46447.954,-36.04
46448.053,-35.82
46448.150,-35.873
46448.250,-35.787
46448.348,-35.907
46448.443,-35.92
46448.563,-35.953
46448.665,-35.84
46448.762,-35.94
46448.858,-35.947
46448.963,-35.847
46449.075,-35.967
46449.173,-35.84
46449.262,-35.927
46449.375,-35.88
46449.448,-35.967
46449.548,-35.98
46449.653,-35.88
46449.757,-35.847
46449.860,-35.96
46449.961,-35.933
46450.037,-35.893
46450.138,-35.78
46450.244,-35.947
46450.391,-35.973
46450.435,-35.853
46450.541,-36.0
46450.634,-35.807
46450.754,-35.827
46450.850,-35.92
46450.951,-35.953
46451.050,-36.013
46451.212,-35.947
46451.240,-35.873
46451.337,-35.947
46451.434,-35.913
46451.534,-35.94
46451.640,-35.987
46451.739,-35.953
46451.834,-35.88
46451.947,-35.933
46452.044,-35.887
46452.141,-35.913
46452.238,-35.933
46452.340,-35.86
46452.436,-35.973
46452.559,-35.94
46452.641,-35.893
46452.752,-35.967
46452.845,-35.873
46452.966,-35.86
46453.048,-35.92
46453.169,-35.973
46453.269,-35.873
46453.372,-35.813
46453.459,-35.913
46453.585,-35.833
46453.681,-35.927
46453.786,-35.787
46453.880,-35.86
46453.982,-35.84
46454.032,-35.88
46454.185,-35.913
46454.229,-35.973
46454.324,-35.913
46454.423,-35.927
46454.532,-35.86
46454.624,-36.0
46454.726,-35.98
46454.843,-35.907
46454.924,-35.953
46455.021,-35.853
46455.129,-35.933
46455.232,-35.9
46455.323,-35.927
46455.424,-35.867
46455.520,-35.947
46455.622,-36.027
46455.719,-35.967
46455.828,-35.953
46455.945,-36.027
46456.034,-35.933
46456.130,-35.987
46456.248,-36.007
46456.326,-35.94
46456.446,-35.8
46456.545,-35.867
46506.640,-35.913
46506.749,-35.947
46506.847,-35.953
46506.943,-35.96
46507.048,-35.947
46507.161,-36.053
46507.254,-35.907
46507.352,-35.873
46507.459,-35.913
46507.580,-35.96
46507.676,-35.94
46507.783,-35.947
46507.873,-35.793
46507.923,-35.853
46508.017,-35.887
46508.117,-35.873
46508.219,-35.907
46508.315,-35.993
46508.416,-35.907
46508.519,-35.953
46508.631,-35.847
46508.732,-35.933
46508.833,-35.807
46508.911,-35.933
46509.030,-35.86
46509.129,-35.867
46509.225,-35.867
46509.322,-35.907
46509.416,-35.92
46509.513,-35.84
46509.622,-35.927
46509.711,-35.92
46509.810,-35.9
46509.912,-35.94
46510.032,-35.94
46510.121,-35.873
46510.219,-35.96
46510.310,-35.887
46510.403,-35.86
46510.544,-35.833
46510.642,-35.82
46510.739,-35.96
46510.832,-35.887
46510.930,-35.98
46511.054,-35.827
46511.159,-35.96
46511.255,-35.973
46511.354,-35.827
46511.404,-35.967
46511.502,-35.9
46511.600,-35.947
46511.766,-35.873
46511.869,-35.973
46511.965,-36.0
46512.018,-35.867
46512.109,-35.887
46512.216,-35.927
46512.316,-35.953
46512.416,-35.893
46512.512,-35.933
46512.598,-35.873
46512.719,-35.987
46512.818,-35.88
46512.895,-35.933
46512.998,-35.927
46513.141,-35.78
46513.212,-35.92
46513.295,-35.9
46513.411,-35.84
46513.509,-35.933
46513.605,-35.88
46513.706,-35.913
46513.801,-35.92
46513.924,-36.0
46514.032,-35.987
46514.109,-35.753
46514.212,-35.833
46514.316,-35.96
46514.416,-35.84
46514.495,-35.953
46514.599,-35.9
46514.706,-35.913
46514.805,-35.847
46514.911,-35.833
46514.989,-35.893
46515.088,-35.847
46515.228,-35.94
46515.352,-35.86
46515.447,-35.913
46515.501,-35.84
46515.597,-35.867
46515.694,-35.94
46515.791,-35.967
46515.890,-35.98
46515.996,-35.967
46516.094,-35.953
46516.194,-35.84
46516.303,-35.887
46516.404,-35.927
46516.506,-35.873
46516.604,-35.927
46566.691,-35.993
46566.791,-35.867
46566.888,-35.92
46566.993,-35.94
46567.088,-35.827
46567.193,-35.733
46567.290,-35.9
46567.395,-35.933
46567.484,-35.907
46567.607,-35.913
46567.716,-35.867
46567.803,-35.88
46567.899,-35.967
46568.018,-35.9
46568.103,-35.84
46568.223,-35.933
46568.299,-35.933
46568.420,-35.947
46568.524,-35.867
46568.620,-35.9
46568.741,-35.7
46568.831,-35.7
46568.937,-35.8
46569.034,-35.92
46569.086,-35.993
46569.239,-35.913
46569.337,-35.867
46569.387,-35.927
46569.486,-35.88
46569.578,-35.86
46569.680,-35.86
46569.781,-35.873
46569.878,-35.947
46569.992,-35.913
46570.095,-35.86
46570.173,-35.913
46570.291,-35.913
46570.381,-35.933
46570.482,-35.9
46570.584,-35.94
46570.688,-35.853
46570.792,-35.847
46570.878,-35.84
46570.975,-35.973
46571.083,-35.98
46571.180,-35.98
46571.291,-35.96
46571.393,-36.0
46571.503,-35.88
46571.603,-35.967
46571.701,-35.867
46571.805,-35.82
46571.901,-35.907
46571.995,-35.92
46572.128,-35.947
46572.218,-35.853
46572.316,-35.833
46572.411,-35.867
46572.495,-35.933
46572.629,-35.947
46572.727,-35.827
46572.822,-35.847
46572.932,-35.907
46573.029,-35.92
46573.077,-35.873
46573.171,-35.953
46573.280,-35.8
46573.374,-35.927
46573.476,-35.913
46573.571,-35.953
46573.683,-35.86
46573.852,-35.973
46573.883,-35.84
46573.966,-35.887
46574.078,-35.967
46574.177,-35.96
46574.278,-35.873
46574.374,-35.907
46574.472,-35.92
46574.570,-35.847
46574.667,-35.96
46574.769,-35.973
46574.867,-35.867
46574.987,-35.9
46575.068,-35.973
46575.182,-36.0
46575.279,-35.94
46575.373,-35.813
46575.480,-35.833
46575.578,-35.893
46575.658,-35.847
46575.758,-35.86
46575.869,-35.953
46575.973,-35.853
46576.099,-35.967
46576.187,-35.947
46576.312,-35.893
46576.408,-35.873
46576.508,-35.807
46576.611,-35.72
46626.714,-35.947
46626.762,-35.88
46626.858,-35.907
46626.952,-35.887
46627.071,-35.987
46627.164,-35.873
46627.274,-35.96
46627.372,-36.0
46627.467,-35.927
46627.563,-35.84
46627.665,-35.88
46627.786,-35.873
46627.854,-35.927
46627.952,-35.987
46628.052,-35.993
46628.150,-35.88
46628.249,-35.827
46628.377,-35.987
46628.469,-35.927
46628.564,-35.913
46628.660,-35.853
46628.766,-35.853
46628.866,-35.96
46628.961,-35.967
46629.083,-36.02
46629.181,-35.947
46629.277,-35.96
46629.374,-35.893
46629.478,-35.853
46629.594,-36.0
46629.690,-35.953
46629.742,-35.82
46629.890,-35.873
46629.964,-35.96
46630.041,-35.867
46630.163,-35.873
46630.270,-35.92
46630.346,-35.873
46630.442,-35.933
46630.545,-35.94
46630.643,-35.813
46630.753,-35.88
46630.838,-35.973
46630.948,-35.947
46631.048,-35.973
46631.146,-35.78
46631.243,-35.887
46631.339,-35.88
46631.461,-35.933
46631.559,-35.993
46631.638,-35.893
46631.752,-35.927
46631.848,-35.853
46631.943,-35.887
46632.051,-35.853
46632.157,-35.933
46632.253,-35.953
46632.350,-35.82
46632.462,-35.947
46632.562,-36.06
46632.660,-35.9
46632.755,-35.933
46632.857,-35.853
46632.951,-35.907
46633.070,-35.94
46633.156,-35.92
46633.266,-35.867
46633.362,-35.8
46633.481,-35.893
46633.567,-35.94
46633.687,-35.907
46633.784,-35.907
46633.889,-35.78
46633.975,-35.987
46634.097,-35.847
46634.192,-36.027
46634.300,-35.953
46634.330,-35.933
46634.432,-35.88
46634.540,-35.8
46634.647,-35.987
46634.741,-35.873
46634.843,-35.88
46634.945,-35.96
46635.037,-36.0
46635.132,-35.847
46635.234,-35.907
46635.358,-35.84
46635.432,-35.887
46635.529,-35.88
46635.640,-35.9
46635.726,-36.007
46635.838,-35.913
46635.936,-35.9
46636.051,-35.927
46636.137,-35.847
46636.255,-35.927
46636.351,-36.007
46636.460,-35.853
46636.550,-35.86
46686.647,-36.0
46686.764,-35.893
46686.846,-35.887
46686.967,-35.84
46687.063,-35.92
46687.158,-35.913
46687.268,-36.02
46687.364,-35.947
46687.460,-35.853
46687.563,-35.907
46687.677,-35.927
46687.741,-35.927
46687.817,-36.033
46687.974,-35.873
46688.028,-35.9
46688.120,-35.887
46688.216,-35.78
46688.323,-35.833
46688.421,-35.873
46688.523,-35.887
46688.624,-35.907
46688.736,-35.867
46688.836,-35.993
46688.932,-35.913
46689.033,-36.033
46689.125,-35.873
46689.225,-35.967
46689.327,-35.873
46689.426,-35.927
46689.514,-35.92
46689.612,-35.88
46689.715,-35.833
46689.822,-35.92
46689.920,-35.953
46690.022,-35.98
46690.135,-35.9
46690.229,-35.92
46690.313,-36.053
46690.435,-35.967
46690.524,-35.92
46690.646,-35.873
46690.742,-35.86
46690.871,-35.88
46690.960,-36.033
46691.056,-35.953
46691.160,-35.92
46691.237,-35.927
46691.369,-35.96
46691.473,-35.927
46691.577,-35.847
46691.606,-35.9
46691.782,-35.88
46691.806,-35.927
46691.908,-35.913
46692.071,-35.893
46692.123,-35.873
46692.207,-35.947
46692.386,-35.98
46692.422,-35.953
46692.518,-35.973
46692.618,-36.007
46692.710,-36.02
46692.803,-35.933
46692.901,-35.873
46693.001,-35.953
46693.121,-36.007
46693.205,-35.913
46693.308,-35.86
46693.403,-35.987
46693.512,-35.847
46693.624,-35.947
46693.722,-35.887
46693.833,-35.96
46693.930,-35.913
46694.027,-35.933
46694.127,-35.873
46694.223,-35.807
46694.333,-35.933
46694.434,-35.913
46694.546,-35.933
46694.640,-35.847
46694.742,-35.787
46694.839,-35.967
46694.957,-35.873
46695.053,-35.9
46695.151,-35.96
46695.254,-35.86
46695.363,-35.827
46695.392,-35.873
46695.562,-35.9
46695.647,-35.96
46695.713,-36.053
46695.809,-35.873
46695.893,-35.893
46696.017,-35.94
46696.101,-35.887
46696.200,-35.987
46696.310,-35.967
46696.390,-35.847
46696.498,-36.007
46696.599,-35.953
46986.794,-35.933
46986.797,-35.953
46986.892,-35.907
46986.989,-35.987
46987.089,-35.927
46987.189,-35.92
46987.312,-35.893
46987.407,-35.9
46987.507,-35.953
46987.603,-35.94
46987.701,-35.953
46987.821,-36.027
46987.921,-35.793
46988.019,-35.867
46988.116,-35.873
46988.222,-35.847
46988.335,-35.933
46988.433,-35.787
46988.530,-35.813
46988.633,-35.973
46988.726,-36.007
46988.823,-35.853
46988.979,-35.78
46988.983,-35.893
46989.146,-35.987
46989.244,-36.04
46989.323,-35.98
46989.394,-35.9
46989.495,-35.94
46989.589,-35.96
46989.692,-35.913
46989.792,-35.933
46989.887,-35.953
46989.989,-35.907
46990.107,-35.887
46990.178,-35.987
46990.297,-35.94
46990.377,-35.88
46990.494,-35.927
46990.582,-35.773
46990.690,-36.033
46990.793,-36.0
46990.899,-35.853
46990.977,-35.973
46991.077,-35.947
46991.178,-35.947
46991.286,-35.847
46991.392,-35.893
46991.488,-35.96
46991.597,-36.0
46991.674,-35.973
46991.780,-35.953
46991.897,-35.947
46991.987,-35.86
46992.106,-35.913
46992.196,-35.913
46992.314,-35.907
46992.411,-35.993
46992.529,-35.947
46992.631,-35.913
46992.671,-35.893
46992.832,-35.907
46992.929,-35.987
46993.044,-35.873
46993.070,-35.867
46993.236,-35.84
46993.333,-36.007
46993.435,-35.933
46993.483,-35.867
46993.583,-35.933
46993.682,-35.893
46993.787,-35.74
46993.885,-35.9
46993.985,-35.92
46994.102,-35.793
46994.176,-35.907
46994.273,-35.84
46994.370,-35.96
46994.469,-35.88
46994.578,-35.92
46994.675,-35.94
46994.772,-35.8
46994.879,-35.847
46994.978,-35.86
46995.069,-35.98
46995.228,-35.907
46995.274,-35.8
46995.393,-35.84
46995.490,-35.94
46995.582,-36.02
46995.690,-35.92
46995.763,-35.793
46995.911,-35.78
46995.967,-35.947
46996.069,-35.873
46996.175,-35.987
46996.314,-35.82
46996.389,-35.94
46996.517,-35.96
46996.611,-35.847
47046.717,-35.987
47046.820,-35.9
47046.858,-35.913
47046.961,-35.913
47047.067,-35.84
47047.172,-35.913
47047.269,-35.967
47047.366,-35.947
47047.476,-35.94
47047.574,-36.013
47047.655,-35.96
47047.776,-35.86
47047.875,-35.833
47047.955,-35.867
47048.054,-35.873
47048.157,-35.853
47048.258,-36.0
47048.362,-35.833
47048.465,-36.013
47048.566,-36.0
47048.661,-35.913
47048.771,-35.86
47048.883,-35.847
47048.976,-35.933
47049.077,-35.973
47049.181,-35.9
47049.291,-35.927
47049.386,-35.733
47049.489,-35.953
47049.614,-35.953
47049.692,-35.92
47049.794,-35.927
47049.900,-35.987
47049.981,-35.847
47050.101,-35.973
47050.204,-35.853
47050.307,-35.927
47050.350,-35.933
47050.513,-35.813
47050.614,-35.86
47050.725,-35.887
47050.756,-35.853
47050.843,-35.933
47050.947,-35.98
47051.048,-35.84
47051.151,-35.94
47051.252,-35.947
47051.361,-35.953
47051.475,-36.107
47051.560,-35.907
47051.658,-35.927
47051.746,-35.96
47051.886,-35.94
47051.954,-35.893
47052.061,-35.893
47052.145,-35.92
47052.253,-35.96
47052.350,-35.96
47052.447,-35.967
47052.565,-35.887
47052.670,-35.973
47052.768,-35.86
47052.868,-36.007
47052.969,-35.967
47053.065,-35.847
47053.169,-35.96
47053.289,-35.92
47053.382,-35.927
47053.487,-35.893
47053.585,-35.913
47053.700,-35.873
47053.796,-35.887
47053.893,-35.98
47053.991,-35.953
47054.092,-35.893
47054.189,-35.86
47054.240,-35.86
47054.341,-35.94
47054.439,-35.927
47054.535,-35.9
47054.635,-35.94
47054.807,-35.947
47054.835,-35.987
47054.954,-35.913
47055.051,-35.86
47055.151,-35.933
47055.246,-35.873
47055.343,-35.98
47055.442,-35.847
47055.538,-35.933
47055.644,-35.9
47055.747,-35.84
47055.861,-35.9
47055.929,-35.94
47056.051,-35.993
47056.129,-35.98
47056.232,-35.893
47056.342,-35.86
47056.428,-35.94
47056.546,-36.1
47056.630,-35.92
47106.751,-35.927
47106.835,-36.013
47106.963,-35.913
47107.074,-35.887
47107.171,-35.933
47107.268,-35.773
47107.376,-35.913
47107.471,-35.853
47107.570,-35.893
47107.665,-35.96
47107.723,-35.847
47107.887,-36.0
47107.986,-35.953
47108.066,-35.88
47108.130,-35.913
47108.229,-35.88
47108.326,-36.013
47108.433,-35.933
47108.536,-35.833
47108.632,-35.887
47108.730,-35.867
47108.848,-35.927
47108.919,-35.987
47109.039,-35.94
47109.121,-35.987
47109.237,-35.913
47109.334,-35.9
47109.433,-35.887
47109.536,-35.84
47109.635,-35.933
47109.731,-35.967
47109.829,-35.827
47109.917,-35.787
47110.038,-35.933
47110.134,-35.92
47110.230,-35.933
47110.340,-35.827
47110.436,-35.9
47110.533,-35.913
47110.638,-36.027
47110.752,-35.98
47110.853,-35.807
47110.949,-35.947
47111.052,-35.893
47111.146,-35.867
47111.266,-35.86
47111.374,-35.853
47111.421,-35.92
47111.535,-35.987
47111.635,-35.867
47111.712,-35.973
47111.810,-35.873
47111.915,-35.913
47112.017,-35.887
47112.109,-35.813
47112.227,-35.933
47112.329,-35.827
47112.412,-35.887
47112.510,-35.907
47112.614,-35.88
47112.740,-35.9
47112.819,-35.84
47112.927,-35.913
47113.050,-36.013
47113.106,-36.0
47113.211,-35.88
47113.326,-35.92
47113.423,-35.867
47113.521,-36.027
47113.622,-35.94
47113.717,-35.913
47113.813,-35.92
47113.947,-35.867
47114.015,-35.887
47114.135,-35.96
47114.230,-35.953
47114.313,-35.88
47114.423,-35.82
47114.542,-35.953
47114.639,-35.873
47114.730,-35.947
47114.850,-35.987
47114.946,-35.873
47115.048,-35.873
47115.162,-36.007
47115.258,-35.88
47115.354,-35.847
47115.461,-35.96
47115.558,-35.933
47115.609,-35.947
47115.704,-36.013
47115.807,-35.94
47115.906,-35.887
47116.016,-35.8
47116.109,-35.907
47116.212,-35.88
47116.309,-35.993
47116.406,-35.973
47116.522,-35.88
47116.601,-35.947
47166.699,-36.0
47166.800,-35.893
47166.910,-35.847
47167.006,-35.86
47167.103,-35.947
47167.202,-35.953
47167.298,-35.907
47167.396,-35.94
47167.497,-35.867
47167.622,-35.86
47167.701,-35.927
47167.806,-35.887
47167.890,-35.753
47168.008,-35.827
47168.099,-35.8
47168.219,-35.853
47168.314,-35.953
47168.424,-35.92
47168.520,-35.88
47168.639,-35.927
47168.732,-35.953
47168.834,-35.927
47168.928,-36.06
47169.049,-35.827
47169.091,-35.92
47169.253,-35.967
47169.346,-35.967
47169.398,-35.987
47169.487,-35.933
47169.587,-35.927
47169.752,-35.933
47169.871,-35.887
47169.900,-35.987
47169.999,-35.993
47170.099,-35.973
47170.195,-35.88
47170.285,-35.853
47170.403,-35.907
47170.501,-35.893
47170.586,-35.953
47170.682,-35.94
47170.804,-35.92
47170.898,-36.007
47170.998,-35.953
47171.097,-35.807
47171.199,-36.02
47171.295,-35.907
47171.386,-35.927
47171.489,-35.913
47171.590,-35.82
47171.708,-35.933
47171.795,-35.927
47171.898,-35.967
47172.001,-35.867
47172.080,-35.833
47172.180,-35.913
47172.282,-35.88
47172.399,-35.873
47172.490,-35.893
47172.595,-35.94
47172.704,-35.927
47172.804,-35.907
47172.879,-35.927
47172.983,-35.92
47173.134,-35.753
47173.178,-35.847
47173.337,-35.92
47173.386,-36.02
47173.477,-35.873
47173.573,-35.813
47173.693,-35.887
47173.789,-35.953
47173.895,-35.86
47173.970,-35.873
47174.090,-35.8
47174.186,-35.973
47174.277,-35.927
47174.374,-36.0
47174.470,-35.96
47174.604,-35.927
47174.687,-35.833
47174.783,-35.88
47174.883,-35.86
47174.973,-35.993
47175.084,-35.873
47175.181,-35.947
47175.300,-35.887
47175.383,-35.94
47175.504,-35.927
47175.600,-35.993
47175.706,-35.92
47175.789,-35.847
47175.910,-35.973
47176.005,-35.907
47176.118,-35.973
47176.215,-35.873
47176.313,-35.853
47176.409,-35.907
47176.511,-35.827
47176.630,-35.987
47226.729,-35.9
47226.809,-35.96
47226.922,-36.02
47226.971,-36.02
47227.135,-35.94
47227.176,-35.8
47227.274,-35.893
47227.371,-35.973
47227.469,-35.913
47227.599,-35.853
47227.675,-35.987
47227.774,-35.953
47227.879,-35.933
47227.980,-35.887
47228.059,-36.02
47228.162,-35.9
47228.280,-35.913
47228.374,-35.907
47228.475,-35.953
47228.563,-35.947
47228.669,-35.907
47228.760,-35.827
47228.863,-35.913
47228.969,-35.927
47229.074,-36.007
47229.157,-35.98
47229.279,-35.88
47229.385,-35.833
47229.468,-35.993
47229.597,-35.873
47229.695,-35.913
47229.793,-35.867
47229.891,-35.94
47230.010,-35.96
47230.115,-35.96
47230.202,-35.927
47230.299,-35.88
47230.350,-35.987
47230.500,-35.947
47230.552,-35.88
47230.717,-35.98
47230.814,-35.84
47230.852,-35.84
47230.958,-35.92
47231.058,-35.92
47231.163,-35.887
47231.265,-35.953
47231.362,-35.96
47231.459,-35.94
47231.558,-35.9
47231.655,-35.987
47231.750,-35.96
47231.848,-35.88
47231.954,-36.0
47232.059,-36.033
47232.147,-36.107
47232.268,-35.967
47232.365,-35.887
47232.463,-35.953
47232.561,-35.887
47232.657,-36.033
47232.758,-35.987
47232.878,-35.907
47232.974,-35.887
47233.056,-35.867
47233.188,-35.813
47233.283,-35.893
47233.379,-35.833
47233.469,-35.84
47233.589,-35.953
47233.675,-35.953
47233.792,-35.98
47233.881,-35.947
47233.999,-35.987
47234.058,-35.927
47234.204,-36.033
47234.268,-35.92
47234.343,-35.88
47234.447,-35.853
47234.552,-35.893
47234.654,-36.007
47234.794,-35.907
47234.849,-35.88
47234.941,-35.82
47235.038,-35.913
47235.157,-36.087
47235.262,-35.973
47235.343,-35.807
47235.441,-35.92
47235.537,-35.987
47235.654,-35.953
47235.756,-35.82
47235.854,-35.893
47235.950,-35.82
47236.040,-35.92
47236.137,-35.793
47236.235,-35.96
47236.364,-35.96
47236.455,-35.913
47236.552,-35.9
47286.651,-35.927
47286.755,-35.933
47286.848,-35.927
47286.968,-35.84
47287.065,-35.953
47287.173,-35.953
47287.259,-35.833
47287.379,-36.013
47287.469,-35.667
47287.535,-35.9
47287.640,-35.947
47287.748,-36.013
47287.878,-35.88
47287.929,-35.727
47288.028,-35.993
47288.129,-36.067
47288.228,-35.98
47288.340,-35.967
47288.443,-36.013
47288.543,-35.88
47288.639,-36.007
47288.734,-35.987
47288.842,-35.8
47288.936,-35.887
47289.048,-35.953
47289.145,-35.993
47289.242,-35.987
47289.332,-35.94
47289.428,-35.953
47289.524,-35.833
47289.622,-35.94
47289.741,-35.847
47289.839,-35.813
47289.936,-35.807
47290.040,-35.813
47290.126,-35.8
47290.270,-35.88
47290.333,-35.76
47290.452,-35.887
47290.547,-35.853
47290.644,-35.88
47290.741,-35.787
47290.842,-35.9
47290.959,-35.773
47291.057,-35.853
47291.141,-35.853
47291.274,-36.067
47291.372,-36.0
47291.468,-35.96
47291.578,-35.907
47291.675,-35.853
47291.733,-35.9
47291.840,-35.94
47291.923,-35.9
47292.022,-35.873
47292.120,-35.873
47292.289,-35.813
47292.315,-35.873
47292.429,-35.953
47292.530,-35.92
47292.612,-35.873
47292.718,-35.927
47292.844,-35.88
47292.925,-35.887
47293.018,-35.867
47293.133,-35.893
47293.232,-35.953
47293.349,-35.9
47293.422,-35.867
47293.516,-35.913
47293.616,-35.913
47293.713,-35.82
47293.825,-35.807
47293.925,-35.94
47294.017,-35.84
47294.126,-35.973
47294.220,-35.887
47294.341,-35.98
47294.449,-35.847
47294.528,-35.993
47294.650,-35.853
47294.748,-35.847
47294.862,-35.887
47294.957,-35.94
47295.054,-35.873
47295.148,-35.993
47295.253,-35.913
47295.304,-35.873
47295.468,-35.833
47295.553,-35.84
47295.617,-35.847
47295.703,-36.0
47295.804,-35.86
47295.919,-35.86
47296.013,-35.88
47296.110,-35.907
47296.287,-35.84
47296.305,-36.007
47296.413,-35.867
47296.524,-35.893
47296.600,-35.873
47586.721,-35.967
47586.811,-35.72
47586.921,-35.833
47587.022,-35.94
47587.108,-35.94
47587.200,-35.9
47587.318,-35.927
47587.397,-35.887
47587.503,-35.887
47587.623,-35.893
47587.717,-35.907
47587.825,-36.0
47587.922,-35.96
47588.019,-35.92
47588.125,-35.827
47588.234,-35.873
47588.334,-36.027
47588.433,-35.767
47588.535,-35.793
47588.633,-35.933
47588.727,-35.94
47588.860,-35.967
47588.951,-35.853
47589.048,-35.8
47589.145,-35.96
47589.196,-36.0
47589.295,-35.9
47589.457,-35.833
47589.554,-35.98
47589.594,-35.773
47589.702,-35.887
47589.802,-35.993
47589.903,-35.847
47590.010,-35.94
47590.118,-35.92
47590.202,-35.873
47590.375,-35.853
47590.402,-35.94
47590.498,-35.867
47590.596,-36.007
47590.697,-35.92
47590.801,-35.947
47590.900,-36.047
47590.998,-35.827
47591.110,-35.887
47591.205,-35.947
47591.302,-35.96
47591.399,-35.893
47591.505,-36.007
47591.600,-35.953
47591.722,-35.953
47591.800,-35.927
47591.910,-36.04
47592.029,-36.113
47592.128,-35.853
47592.209,-35.953
47592.330,-35.947
47592.422,-35.893
47592.540,-35.96
47592.624,-35.76
47592.721,-35.94
47592.843,-35.9
47592.946,-35.933
47593.043,-35.84
47593.141,-35.84
47593.190,-35.86
47593.294,-35.92
47593.385,-35.993
47593.506,-35.953
47593.588,-35.86
47593.684,-35.86
47593.782,-35.88
47593.879,-35.913
47594.004,-35.96
47594.076,-35.853
47594.181,-35.847
47594.286,-35.947
47594.418,-35.933
47594.519,-35.92
47594.576,-35.88
47594.784,-35.847
47594.786,-35.853
47594.882,-35.813
47594.979,-35.82
47595.075,-36.04
47595.199,-35.867
47595.296,-35.933
47595.393,-35.967
47595.474,-35.92
47595.607,-35.933
47595.705,-35.773
47595.800,-35.887
47595.910,-35.927
47596.004,-35.86
47596.100,-35.773
47596.209,-35.813
47596.322,-35.92
47596.421,-35.873
47596.516,-35.887
47596.621,-35.94
47646.672,-35.907
47646.833,-35.853
47646.944,-35.9
47647.022,-35.947
47647.141,-36.053
47647.169,-35.953
47647.271,-35.827
47647.376,-35.893
47647.482,-35.94
47647.578,-36.04
47647.682,-35.807
47647.786,-35.913
47647.865,-35.873
47647.968,-35.827
47648.070,-35.94
47648.206,-35.86
47648.285,-35.86
47648.382,-35.84
47648.483,-35.98
47648.573,-35.94
47648.670,-35.813
47648.786,-35.853
47648.870,-35.887
47648.992,-35.96
47649.088,-35.967
47649.194,-35.92
47649.291,-35.953
47649.393,-35.773
47649.490,-35.913
47649.585,-35.867
47649.684,-35.94
47649.806,-35.927
47649.889,-35.793
47650.000,-35.907
47650.095,-35.86
47650.215,-35.9
47650.322,-35.947
47650.417,-35.787
47650.516,-35.82
47650.619,-36.04
47650.659,-36.0
47650.757,-36.033
47650.855,-35.86
47650.954,-35.833
47651.123,-35.893
47651.176,-35.833
47651.270,-35.847
47651.354,-35.94
47651.469,-35.86
47651.565,-35.9
47651.661,-35.947
47651.770,-35.887
47651.870,-35.927
47651.965,-35.867
47652.063,-35.893
47652.183,-35.913
47652.267,-35.893
47652.364,-35.913
47652.457,-35.787
47652.570,-35.873
47652.665,-35.893
47652.765,-35.86
47652.871,-36.033
47652.969,-35.94
47653.068,-35.893
47653.168,-35.92
47653.252,-35.94
47653.370,-35.927
47653.455,-35.933
47653.577,-35.867
47653.664,-35.88
47653.792,-35.947
47653.873,-35.92
47653.969,-35.88
47654.092,-35.847
47654.183,-35.94
47654.293,-35.907
47654.400,-35.973
47654.452,-35.887
47654.605,-35.873
47654.706,-35.887
47654.758,-35.947
47654.847,-36.013
47654.945,-35.887
47655.053,-35.893
47655.150,-35.953
47655.247,-35.9
47655.343,-35.96
47655.465,-35.92
47655.562,-35.913
47655.658,-35.84
47655.765,-35.833
47655.853,-35.84
47655.947,-35.827
47656.047,-35.927
47656.159,-35.907
47656.262,-35.887
47656.365,-35.853
47656.460,-35.927
47656.571,-35.953
47706.666,-35.867
47706.763,-35.847
47706.867,-35.933
47706.958,-35.9
47707.077,-35.9
47707.174,-35.86
47707.285,-36.007
47707.382,-35.94
47707.481,-36.06
47707.611,-35.913
47707.693,-35.98
47707.793,-35.947
47707.891,-35.82
47708.015,-35.933
47708.096,-35.893
47708.208,-35.94
47708.235,-35.807
47708.337,-35.907
47708.504,-35.94
47708.533,-35.96
47708.705,-35.807
47708.744,-35.96
47708.843,-35.88
47708.978,-35.827
47709.040,-36.007
47709.150,-35.9
47709.239,-35.92
47709.348,-35.927
47709.438,-35.927
47709.535,-35.94
47709.631,-36.027
47709.729,-35.893
47709.852,-35.893
47709.947,-35.953
47710.051,-35.873
47710.148,-36.013
47710.246,-35.92
47710.342,-35.8
47710.451,-35.927
47710.541,-35.933
47710.656,-35.84
47710.762,-35.84
47710.866,-35.793
47710.953,-35.873
47711.074,-35.867
47711.168,-35.833
47711.277,-35.947
47711.372,-35.873
47711.475,-35.933
47711.571,-35.873
47711.689,-36.047
47711.787,-35.82
47711.889,-35.9
47711.986,-35.953
47712.029,-35.9
47712.122,-35.933
47712.288,-35.993
47712.351,-35.887
47712.433,-35.7
47712.532,-35.867
47712.630,-35.933
47712.748,-36.027
47712.818,-35.98
47712.940,-35.947
47713.037,-35.973
47713.139,-36.02
47713.218,-35.973
47713.340,-35.92
47713.527,-35.833
47713.529,-35.947
47713.630,-35.947
47713.735,-35.993
47713.849,-35.927
47713.939,-35.88
47714.035,-35.967
47714.132,-35.94
47714.216,-35.9
47714.327,-35.913
47714.431,-35.7
47714.535,-35.893
47714.636,-35.98
47714.716,-35.94
47714.816,-35.86
47714.925,-35.84
47715.034,-35.953
47715.153,-35.913
47715.239,-35.907
47715.340,-35.987
47715.458,-35.873
47715.534,-35.967
47715.650,-35.867
47715.712,-35.84
47715.810,-36.0
47715.975,-35.753
47716.027,-35.84
47716.120,-35.86
47716.217,-35.96
47716.319,-35.967
47716.423,-35.913
47716.530,-35.807
47716.626,-35.913
47766.722,-36.0
47766.813,-35.967
47766.911,-35.947
47767.011,-35.86
47767.107,-35.98
47767.225,-35.873
47767.309,-35.933
47767.405,-35.967
47767.525,-35.88
47767.613,-35.953
47767.711,-35.987
47767.829,-35.927
47767.911,-35.913
47768.032,-35.793
47768.128,-35.947
47768.224,-35.887
47768.329,-35.947
47768.423,-35.94
47768.546,-35.9
47768.629,-35.947
47768.701,-35.88
47768.811,-35.973
47768.915,-35.953
47769.020,-35.88
47769.125,-35.967
47769.200,-35.967
47769.362,-35.94
47769.405,-35.913
47769.565,-35.78
47769.662,-35.94
47769.773,-35.873
47769.799,-35.86
47769.917,-35.973
47770.010,-36.0
47770.122,-35.947
47770.214,-35.953
47770.310,-35.94
47770.408,-36.013
47770.511,-35.953
47770.611,-35.867
47770.708,-35.913
47770.801,-35.987
47770.901,-35.907
47771.001,-35.913
47771.099,-35.867
47771.200,-35.913
47771.312,-35.913
47771.406,-36.033
47771.502,-35.893
47771.611,-35.86
47771.709,-35.96
47771.829,-35.913
47771.935,-35.92
47772.026,-35.867
47772.125,-35.853
47772.200,-35.947
47772.314,-35.953
47772.439,-36.02
47772.536,-35.907
47772.672,-35.793
47772.724,-35.94
47772.846,-35.92
47772.942,-35.9
47773.002,-35.967
47773.107,-35.92
47773.191,-35.92
47773.288,-35.973
47773.450,-35.833
47773.501,-35.873
47773.596,-35.893
47773.700,-35.96
47773.796,-35.953
47773.892,-35.927
47774.011,-36.033
47774.096,-35.86
47774.274,-35.84
47774.304,-35.947
47774.398,-35.947
47774.506,-35.907
47774.591,-35.953
47774.688,-35.867
47774.789,-35.94
47774.899,-35.96
47775.001,-35.84
47775.097,-35.9
47775.200,-35.833
47775.284,-36.053
47775.405,-35.88
47775.498,-35.9
47775.609,-35.94
47775.694,-35.82
47775.814,-35.933
47775.911,-35.913
47776.022,-35.873
47776.120,-35.993
47776.217,-35.933
47776.312,-36.08
47776.410,-35.787
47776.532,-35.9
47776.629,-35.98
47826.713,-35.933
47826.776,-35.933
47826.941,-35.993
47827.038,-35.907
47827.080,-35.893
47827.187,-35.753
47827.281,-35.807
47827.377,-35.813
47827.495,-35.847
47827.586,-35.973
47827.688,-35.807
47827.859,-35.88
47827.886,-35.88
47828.002,-35.907
47828.107,-35.907
47828.206,-35.933
47828.294,-35.96
47828.390,-35.967
47828.488,-36.027
47828.588,-35.9
47828.685,-36.04
47828.780,-35.907
47828.880,-35.867
47828.986,-35.927
47829.085,-35.94
47829.185,-35.967
47829.287,-35.893
47829.398,-35.927
47829.495,-35.94
47829.589,-35.86
47829.696,-35.933
47829.792,-35.807
47829.912,-35.953
47830.020,-35.927
47830.097,-35.987
47830.217,-36.027
47830.317,-35.933
47830.405,-35.933
47830.526,-35.84
47830.626,-35.92
47830.719,-35.86
47830.824,-35.933
47830.921,-35.86
47830.973,-35.907
47831.067,-36.027
47831.170,-35.78
47831.271,-35.84
47831.370,-35.827
47831.534,-35.967
47831.561,-35.907
47831.683,-35.82
47831.778,-35.88
47831.880,-35.953
47832.000,-35.92
47832.067,-36.02
47832.164,-35.92
47832.269,-35.853
47832.373,-35.907
47832.471,-35.94
47832.562,-36.1
47832.662,-36.007
47832.765,-35.96
47832.873,-35.987
47832.964,-35.913
47833.073,-35.793
47833.160,-35.807
47833.261,-35.92
47833.369,-35.96
47833.468,-35.827
47833.572,-35.86
47833.695,-35.86
47833.806,-35.867
47833.901,-35.867
47833.997,-35.907
47834.106,-35.82
47834.203,-35.913
47834.297,-35.82
47834.430,-35.86
47834.521,-35.867
47834.619,-35.84
47834.715,-35.9
47834.765,-35.96
47834.858,-36.0
47834.954,-35.94
47835.050,-35.92
47835.167,-35.993
47835.253,-35.92
47835.377,-35.96
47835.468,-35.94
47835.556,-35.927
47835.654,-35.913
47835.750,-35.947
47835.869,-35.88
47835.992,-35.887
47836.062,-35.887
47836.165,-35.82
47836.269,-35.867
47836.353,-35.88
47836.447,-35.76
47836.568,-35.9
47886.679,-35.867
47886.775,-35.84
47886.864,-35.913
47886.959,-35.947
47887.069,-35.807
47887.164,-35.84
47887.284,-35.893
47887.370,-35.96
47887.448,-35.873
47887.553,-35.84
47887.655,-35.88
47887.756,-35.96
47887.864,-35.967
47887.965,-35.953
47888.043,-35.853
47888.196,-35.8
47888.292,-35.967
47888.344,-35.9
47888.493,-36.007
47888.543,-35.94
47888.639,-35.913
47888.759,-35.94
47888.840,-35.94
47888.949,-35.873
47889.053,-35.9
47889.153,-35.993
47889.254,-35.887
47889.353,-35.907
47889.473,-35.88
47889.542,-35.927
47889.643,-35.907
47889.743,-35.787
47889.839,-35.887
47889.943,-36.013
47890.052,-35.933
47890.149,-35.807
47890.245,-35.76
47890.354,-35.893
47890.451,-35.887
47890.548,-35.927
47890.644,-35.92
47890.746,-35.847
47890.868,-35.793
47890.965,-35.88
47891.055,-35.867
47891.157,-35.807
47891.279,-35.833
47891.375,-35.967
47891.482,-35.94
47891.540,-35.82
47891.652,-35.893
47891.753,-35.7
47891.858,-35.967
47891.933,-35.94
47892.084,-35.96
47892.191,-35.967
47892.289,-35.84
47892.340,-35.76
47892.435,-35.953
47892.540,-35.953
47892.638,-35.92
47892.734,-35.853
47892.832,-35.913
47892.945,-35.947
47893.043,-35.96
47893.144,-35.98
47893.252,-35.86
47893.334,-35.867
47893.430,-35.9
47893.526,-35.927
47893.641,-35.873
47893.738,-36.007
47893.834,-35.92
47893.930,-35.9
47894.031,-35.927
47894.126,-35.927
47894.245,-35.913
47894.353,-35.987
47894.442,-35.893
47894.562,-35.787
47894.656,-35.98
47894.765,-35.887
47894.862,-35.893
47894.940,-35.9
47895.040,-35.933
47895.120,-35.92
47895.227,-35.9
47895.335,-35.88
47895.458,-35.907
47895.542,-35.92
47895.618,-35.887
47895.717,-35.913
47895.822,-35.82
47895.916,-35.847
47896.083,-35.927
47896.132,-35.867
47896.233,-35.907
47896.326,-35.893
47896.423,-35.853
47896.523,-35.973
47896.625,-35.867
48186.725,-35.833
48186.825,-35.913
48186.949,-35.753
48187.028,-35.827
48187.124,-35.82
48187.231,-35.847
48187.315,-35.907
48187.414,-35.893
48187.510,-35.947
48187.630,-35.953
48187.730,-35.953
48187.827,-35.867
48187.924,-35.767
48188.027,-36.033
48188.141,-35.927
48188.235,-35.847
48188.331,-35.967
48188.439,-35.893
48188.537,-35.84
48188.633,-35.847
48188.763,-35.96
48188.857,-35.967
48188.953,-35.833
48189.049,-35.9
48189.143,-35.887
48189.268,-35.927
48189.364,-36.0
48189.424,-35.86
48189.524,-35.92
48189.611,-35.947
48189.731,-35.96
48189.806,-35.987
48189.913,-35.813
48190.016,-35.88
48190.114,-35.9
48190.249,-36.013
48190.324,-35.893
48190.403,-35.94
48190.504,-35.94
48190.626,-35.853
48190.709,-35.98
48190.812,-35.967
48190.914,-35.933
48191.013,-35.827
48191.100,-36.04
48191.221,-35.967
48191.335,-35.92
48191.420,-35.9
48191.508,-35.833
48191.610,-35.987
48191.703,-36.047
48191.814,-35.893
48191.934,-35.973
48192.031,-35.853
48192.121,-35.987
48192.216,-35.9
48192.335,-35.947
48192.438,-35.933
48192.527,-35.953
48192.624,-35.9
48192.744,-35.953
48192.849,-35.927
48192.945,-35.773
48193.042,-35.88
48193.137,-35.933
48193.196,-35.84
48193.355,-35.947
48193.451,-35.92
48193.503,-35.907
48193.595,-35.873
48193.692,-35.893
48193.858,-35.92
48193.908,-35.927
48194.009,-35.927
48194.104,-35.9
48194.202,-35.867
48194.323,-35.953
48194.391,-35.88
48194.512,-36.007
48194.595,-35.873
48194.711,-35.907
48194.799,-36.007
48194.902,-35.933
48195.012,-35.92
48195.094,-35.88
48195.192,-36.007
48195.301,-35.94
48195.390,-35.92
48195.507,-35.933
48195.606,-35.8
48195.704,-35.92
48195.814,-35.953
48195.910,-35.92
48196.005,-35.847
48196.114,-35.773
48196.225,-35.913
48196.322,-35.98
48196.419,-35.9
48196.525,-35.9
48196.619,-35.82
48246.740,-35.913
48246.847,-35.953
48246.926,-35.92
48247.046,-35.88
48247.144,-35.993
48247.234,-36.007
48247.286,-35.82
48247.384,-35.887
48247.483,-35.887
48247.584,-35.8
48247.701,-35.813
48247.794,-35.893
48247.891,-35.807
48248.001,-35.913
48248.098,-36.027
48248.194,-35.873
48248.293,-35.84
48248.385,-35.873
48248.480,-35.833
48248.599,-35.92
48248.684,-35.94
48248.793,-35.92
48248.891,-35.987
48248.999,-35.88
48249.097,-35.927
48249.188,-35.88
48249.308,-35.807
48249.384,-35.867
48249.492,-35.94
48249.597,-35.893
48249.679,-35.933
48249.788,-35.78
48249.902,-35.947
48250.022,-35.78
48250.115,-35.82
48250.224,-35.867
48250.321,-35.907
48250.418,-35.947
48250.523,-35.973
48250.632,-35.987
48250.729,-35.94
48250.827,-35.867
48250.934,-36.0
48251.031,-36.047
48251.082,-35.973
48251.174,-35.993
48251.283,-35.893
48251.447,-35.92
48251.474,-36.0
48251.575,-35.953
48251.674,-35.953
48251.769,-35.967
48251.890,-35.927
48251.965,-35.947
48252.085,-35.933
48252.255,-35.933
48252.284,-36.0
48252.408,-35.913
48252.479,-35.753
48252.577,-35.907
48252.670,-35.92
48252.772,-35.867
48252.865,-35.86
48252.985,-35.953
48253.113,-36.013
48253.183,-35.9
48253.279,-36.02
48253.399,-35.813
48253.479,-35.92
48253.602,-35.847
48253.698,-35.907
48253.791,-35.94
48253.868,-35.853
48253.968,-35.74
48254.075,-35.947
48254.202,-35.987
48254.308,-35.907
48254.406,-35.927
48254.525,-35.827
48254.609,-35.767
48254.660,-35.833
48254.818,-35.993
48254.872,-35.973
48254.966,-35.887
48255.064,-35.88
48255.161,-35.96
48255.259,-36.027
48255.368,-35.94
48255.467,-36.04
48255.565,-35.94
48255.669,-35.94
48255.756,-35.893
48255.865,-35.88
48255.961,-35.88
48256.058,-35.947
48256.154,-35.98
48256.276,-35.94
48256.372,-35.973
48256.471,-35.88
48256.569,-35.727
48306.666,-35.86
48306.772,-35.94
48306.882,-35.933
48306.981,-35.767
48307.077,-35.74
48307.182,-35.933
48307.268,-35.92
48307.381,-35.887
48307.454,-35.933
48307.553,-35.813
48307.662,-35.853
48307.767,-35.987
48307.883,-35.967
48307.974,-35.96
48308.095,-35.887
48308.147,-35.773
48308.309,-35.853
48308.407,-35.967
48308.503,-35.88
48308.554,-35.78
48308.654,-35.773
48308.822,-35.853
48308.846,-35.98
48309.019,-35.907
48309.047,-35.947
48309.172,-35.96
48309.264,-35.867
48309.367,-35.96
48309.449,-35.993
48309.550,-35.98
48309.648,-35.853
48309.749,-35.88
48309.846,-35.993
48309.945,-35.953
48310.147,-35.927
48310.149,-35.92
48310.247,-35.913
48310.345,-35.947
48310.448,-35.967
48310.556,-36.013
48310.653,-35.987
48310.773,-35.787
48310.856,-35.907
48310.978,-35.993
48311.075,-35.953
48311.182,-35.92
48311.252,-35.8
48311.365,-35.98
48311.440,-35.967
48311.593,-35.927
48311.644,-35.853
48311.788,-35.813
48311.857,-35.887
48311.961,-35.893
48312.036,-35.913
48312.139,-35.8
48312.237,-35.867
48312.334,-35.887
48312.447,-35.88
48312.597,-35.873
48312.650,-35.94
48312.738,-35.88
48312.836,-35.907
48312.955,-35.927
48313.042,-35.907
48313.145,-35.86
48313.243,-35.867
48313.338,-35.873
48313.430,-35.86
48313.552,-35.96
48313.631,-35.893
48313.754,-35.827
48313.843,-35.84
48313.939,-35.887
48314.036,-35.953
48314.129,-35.833
48314.231,-35.893
48314.354,-35.847
48314.454,-35.907
48314.556,-35.967
48314.651,-35.86
48314.748,-35.9
48314.859,-35.833
48314.971,-35.913
48315.067,-35.913
48315.164,-35.893
48315.267,-36.0
48315.363,-35.793
48315.483,-35.913
48315.590,-35.867
48315.666,-35.92
48315.787,-35.92
48315.882,-35.913
48315.972,-35.893
48316.025,-35.967
48316.122,-35.96
48316.288,-35.973
48316.382,-36.0
48316.433,-35.933
48316.533,-35.853
48316.634,-35.893
48366.742,-35.92
48366.849,-36.02
48366.952,-35.9
48367.030,-35.827
48367.128,-35.893
48367.304,-35.88
48367.330,-35.9
48367.426,-35.913
48367.539,-35.847
48367.628,-35.873
48367.729,-35.933
48367.817,-35.88
48367.933,-35.887
48368.030,-35.953
48368.122,-35.887
48368.232,-35.913
48368.327,-35.913
48368.447,-36.013
48368.532,-35.887
48368.645,-36.027
48368.741,-35.92
48368.859,-35.94
48368.942,-35.913
48369.063,-35.913
48369.160,-35.907
48369.265,-35.98
48369.353,-35.953
48369.473,-35.9
48369.570,-35.94
48369.676,-35.847
48369.773,-35.847
48369.870,-35.94
48369.921,-35.82
48370.025,-35.873
48370.117,-35.86
48370.214,-35.94
48370.314,-35.987
48370.414,-35.9
48370.511,-35.927
48370.631,-35.833
48370.736,-35.92
48370.815,-35.833
48370.911,-35.9
48371.013,-35.94
48371.127,-35.847
48371.218,-36.02
48371.322,-35.973
48371.428,-35.927
48371.512,-36.013
48371.622,-36.0
48371.717,-35.947
48371.813,-35.847
48371.934,-35.933
48372.032,-35.98
48372.127,-35.707
48372.219,-35.927
48372.343,-35.893
48372.437,-35.893
48372.533,-35.94
48372.641,-35.807
48372.740,-35.787
48372.842,-35.873
48372.942,-35.933
48373.055,-35.853
48373.157,-35.76
48373.253,-35.84
48373.351,-35.947
48373.400,-35.807
48373.566,-35.893
48373.676,-35.813
48373.765,-35.88
48373.862,-35.907
48373.959,-35.927
48374.012,-35.947
48374.109,-35.867
48374.207,-35.9
48374.311,-35.88
48374.411,-35.887
48374.497,-36.047
48374.617,-35.98
48374.715,-35.893
48374.812,-35.893
48374.905,-36.007
48375.001,-36.013
48375.099,-36.02
48375.213,-35.94
48375.309,-35.987
48375.406,-35.927
48375.514,-36.06
48375.597,-36.013
48375.718,-35.967
48375.802,-35.987
48375.926,-35.92
48376.020,-36.087
48376.114,-35.933
48376.248,-35.88
48376.338,-35.94
48376.434,-35.927
48376.527,-35.92
48376.616,-35.933
48426.725,-35.8
48426.845,-35.973
48426.941,-35.913
48427.053,-35.9
48427.150,-35.873
48427.247,-35.913
48427.351,-35.907
48427.395,-35.813
48427.558,-35.94
48427.592,-36.013
48427.688,-35.84
48427.855,-35.833
48427.909,-35.86
48428.005,-35.907
48428.085,-35.9
48428.207,-35.827
48428.375,-35.973
48428.465,-35.947
48428.497,-35.873
48428.593,-35.96
48428.689,-35.973
48428.784,-35.94
48428.893,-35.927
48428.988,-35.933
48429.086,-35.873
48429.192,-35.807
48429.300,-35.807
48429.388,-35.98
48429.488,-35.873
48429.601,-35.887
48429.702,-35.86
48429.804,-35.847
48429.924,-35.927
48430.012,-35.753
48430.112,-35.98
48430.203,-35.98
48430.335,-35.953
48430.431,-35.96
48430.527,-35.787
48430.625,-35.953
48430.726,-35.967
48430.844,-35.927
48430.940,-35.94
48431.026,-35.773
48431.139,-35.887
48431.235,-35.907
48431.284,-35.8
48431.437,-35.92
48431.491,-35.773
48431.586,-35.833
48431.681,-35.853
48431.784,-35.96
48431.885,-35.86
48431.982,-35.853
48432.081,-35.887
48432.196,-35.88
48432.293,-35.893
48432.399,-36.013
48432.497,-35.987
48432.584,-35.847
48432.683,-35.833
48432.778,-35.853
48432.885,-35.86
48432.982,-35.853
48433.079,-35.76
48433.176,-35.967
48433.300,-35.853
48433.395,-35.84
48433.489,-35.847
48433.599,-35.82
48433.711,-35.907
48433.790,-35.933
48433.911,-35.807
48434.009,-35.873
48434.068,-35.76
48434.170,-35.973
48434.277,-35.913
48434.383,-35.927
48434.488,-35.92
48434.596,-35.907
48434.712,-35.933
48434.768,-36.013
48434.931,-35.993
48435.028,-35.927
48435.069,-35.78
48435.173,-35.84
48435.269,-35.933
48435.364,-36.02
48435.485,-35.913
48435.581,-35.98
48435.675,-35.947
48435.772,-35.853
48435.895,-35.96
48435.964,-35.967
48436.084,-36.007
48436.172,-35.84
48436.284,-35.967
48436.380,-35.96
48436.474,-35.947
48436.578,-35.847
48486.676,-35.873
48486.775,-35.933
48486.875,-35.967
48486.975,-35.967
48487.073,-36.007
48487.193,-35.947
48487.274,-36.013
48487.389,-35.98
48487.485,-35.833
48487.604,-35.86
48487.691,-35.86
48487.764,-35.947
48487.912,-35.987
48488.008,-35.993
48488.101,-35.933
48488.193,-35.76
48488.315,-35.847
48488.420,-35.88
48488.514,-35.913
48488.574,-35.873
48488.676,-35.82
48488.782,-35.967
48488.859,-35.88
48488.961,-35.907
48489.061,-35.973
48489.157,-35.873
48489.267,-35.807
48489.370,-35.947
48489.479,-36.0
48489.557,-35.887
48489.655,-35.907
48489.758,-35.893
48489.869,-35.88
48489.991,-35.793
48490.061,-35.967
48490.157,-35.873
48490.257,-35.947
48490.354,-35.927
48490.452,-36.007
48490.550,-35.953
48490.673,-35.967
48490.771,-35.92
48490.866,-35.853
48490.958,-35.907
48491.060,-35.867
48491.184,-35.913
48491.279,-35.84
48491.385,-35.807
48491.482,-35.84
48491.579,-35.92
48491.684,-35.92
48491.797,-35.833
48491.894,-36.027
48491.989,-35.927
48492.096,-35.873
48492.191,-35.94
48492.244,-35.787
48492.417,-35.94
48492.503,-35.907
48492.552,-35.98
48492.653,-35.953
48492.747,-35.847
48492.850,-35.94
48492.947,-35.973
48493.044,-35.927
48493.154,-35.907
48493.262,-35.927
48493.360,-35.853
48493.457,-35.893
48493.546,-35.853
48493.650,-35.88
48493.746,-35.967
48493.845,-35.927
48493.956,-35.96
48494.052,-35.867
48494.156,-35.96
48494.257,-36.007
48494.341,-35.827
48494.446,-35.96
48494.551,-35.88
48494.667,-35.98
48494.765,-35.807
48494.859,-35.887
48494.961,-36.047
48495.064,-35.94
48495.156,-35.96
48495.279,-35.927
48495.370,-35.847
48495.473,-35.907
48495.575,-35.867
48495.667,-35.927
48495.795,-35.973
48495.894,-35.767
48495.990,-35.847
48496.093,-35.953
48496.136,-35.86
48496.239,-35.82
48496.332,-35.887
48496.505,-35.913
48496.534,-35.9
48496.630,-35.92
48786.740,-36.0
48786.828,-35.947
48786.941,-35.893
48787.039,-35.893
48787.136,-35.867
48787.229,-35.84
48787.334,-35.96
48787.436,-36.013
48787.536,-35.787
48787.642,-35.833
48787.741,-35.993
48787.827,-35.893
48787.932,-35.887
48788.036,-35.973
48788.132,-35.907
48788.243,-35.96
48788.343,-36.013
48788.440,-35.867
48788.535,-35.873
48788.667,-36.0
48788.743,-35.9
48788.865,-35.967
48788.961,-35.807
48789.047,-35.907
48789.167,-35.907
48789.264,-35.953
48789.356,-35.907
48789.469,-35.96
48789.567,-35.727
48789.662,-35.827
48789.768,-35.947
48789.879,-35.96
48789.975,-35.993
48790.026,-36.06
48790.180,-35.973
48790.232,-35.927
48790.325,-35.893
48790.423,-35.893
48790.528,-35.9
48790.626,-35.967
48790.724,-35.973
48790.821,-35.987
48790.917,-35.947
48791.039,-35.94
48791.136,-35.847
48791.239,-35.847
48791.324,-35.92
48791.426,-35.887
48791.524,-35.8
48791.616,-35.853
48791.719,-36.047
48791.816,-35.987
48791.934,-35.953
48792.017,-35.873
48792.138,-35.847
48792.235,-35.893
48792.340,-35.96
48792.448,-35.947
48792.539,-35.913
48792.662,-35.847
48792.754,-35.947
48792.845,-35.973
48792.965,-35.987
48793.017,-35.913
48793.169,-35.8
48793.221,-35.907
48793.327,-35.92
48793.442,-36.013
48793.542,-35.953
48793.663,-35.9
48793.714,-35.993
48793.812,-35.947
48793.912,-36.007
48794.009,-35.9
48794.179,-35.847
48794.222,-36.007
48794.318,-35.987
48794.415,-35.86
48794.516,-35.9
48794.614,-35.967
48794.710,-35.893
48794.807,-35.873
48794.914,-35.98
48795.014,-35.933
48795.109,-36.013
48795.206,-35.827
48795.319,-35.947
48795.415,-36.02
48795.522,-35.947
48795.604,-35.933
48795.713,-35.96
48795.819,-36.033
48795.915,-35.933
48796.016,-35.8
48796.122,-35.867
48796.220,-35.867
48796.340,-35.973
48796.427,-35.98
48796.523,-35.947
48846.645,-35.833
48846.751,-35.933
48846.841,-35.933
48846.936,-35.94
48847.060,-35.907
48847.138,-35.833
48847.257,-35.907
48847.355,-35.853
48847.454,-35.84
48847.556,-36.0
48847.607,-35.947
48847.698,-35.927
48847.798,-35.96
48847.902,-35.98
48847.999,-35.967
48848.096,-36.027
48848.222,-36.033
48848.295,-35.893
48848.413,-35.86
48848.510,-35.88
48848.612,-35.933
48848.714,-35.947
48848.809,-36.0
48848.903,-35.96
48849.000,-35.907
48849.096,-35.973
48849.214,-35.967
48849.325,-35.973
48849.412,-35.927
48849.492,-36.0
48849.613,-35.973
48849.691,-35.92
48849.803,-35.82
48849.902,-35.807
48850.010,-35.873
48850.092,-35.927
48850.199,-36.033
48850.323,-35.96
48850.426,-35.887
48850.512,-35.92
48850.644,-35.94
48850.764,-35.927
48850.838,-35.98
48850.934,-35.813
48850.986,-35.847
48851.086,-35.947
48851.253,-35.94
48851.351,-35.913
48851.448,-35.867
48851.540,-35.96
48851.596,-35.787
48851.690,-35.867
48851.788,-36.007
48851.897,-35.873
48852.002,-36.0
48852.099,-35.88
48852.196,-35.933
48852.288,-35.893
48852.397,-35.9
48852.493,-35.827
48852.594,-35.84
48852.699,-35.86
48852.793,-35.873
48852.900,-35.933
48852.999,-35.913
48853.088,-35.92
48853.184,-35.953
48853.284,-35.927
48853.384,-35.94
48853.504,-35.947
48853.602,-35.807
48853.697,-35.94
48853.803,-35.987
48853.896,-35.993
48854.015,-35.867
48854.103,-35.98
48854.214,-35.827
48854.311,-35.833
48854.427,-35.94
48854.510,-35.913
48854.632,-35.76
48854.729,-36.047
48854.787,-35.887
48854.888,-35.767
48854.991,-35.947
48855.074,-35.82
48855.248,-35.947
48855.275,-35.807
48855.380,-35.867
48855.489,-35.847
48855.640,-35.947
48855.691,-35.94
48855.776,-35.8
48855.873,-35.887
48855.990,-35.967
48856.088,-36.02
48856.208,-36.007
48856.279,-35.893
48856.378,-35.92
48856.480,-35.88
48856.577,-35.907
48906.674,-35.953
48906.787,-35.96
48906.884,-35.927
48906.981,-35.827
48907.085,-35.927
48907.183,-35.82
48907.279,-35.96
48907.409,-35.92
48907.480,-35.84
48907.599,-35.88
48907.695,-35.78
48907.788,-35.933
48907.912,-35.98
48908.010,-35.967
48908.103,-35.927
48908.213,-35.973
48908.308,-35.867
48908.406,-35.847
48908.513,-35.813
48908.623,-35.907
48908.718,-35.873
48908.769,-35.873
48908.922,-35.92
48909.020,-35.773
48909.072,-35.793
48909.166,-35.947
48909.271,-35.887
48909.367,-35.98
48909.467,-35.953
48909.586,-35.98
48909.677,-36.0
48909.776,-35.933
48909.872,-35.927
48909.981,-35.893
48910.063,-35.853
48910.161,-35.953
48910.257,-35.873
48910.372,-35.827
48910.462,-35.847
48910.559,-35.893
48910.660,-35.927
48910.761,-35.88
48910.859,-35.927
48910.955,-35.793
48911.057,-35.82
48911.179,-35.96
48911.274,-35.927
48911.371,-35.967
48911.495,-36.073
48911.591,-35.933
48911.686,-35.907
48911.786,-35.973
48911.888,-35.793
48912.008,-35.987
48912.105,-36.04
48912.191,-35.887
48912.301,-35.78
48912.352,-35.793
48912.513,-35.773
48912.555,-35.88
48912.651,-36.0
48912.818,-35.907
48912.922,-35.927
48912.966,-36.013
48913.057,-35.96
48913.155,-35.873
48913.257,-35.913
48913.356,-35.873
48913.480,-35.9
48913.572,-35.867
48913.657,-35.933
48913.751,-35.987
48913.849,-35.947
48913.968,-35.847
48914.068,-35.9
48914.193,-36.053
48914.261,-35.893
48914.359,-35.98
48914.462,-35.847
48914.558,-35.907
48914.647,-35.78
48914.760,-36.027
48914.870,-36.033
48914.956,-35.947
48915.077,-35.873
48915.171,-35.953
48915.262,-35.973
48915.364,-35.907
48915.494,-35.893
48915.584,-35.827
48915.655,-35.933
48915.762,-35.947
48915.906,-36.033
48915.974,-35.9
48916.074,-35.813
48916.177,-35.887
48916.299,-35.933
48916.389,-36.0
48916.442,-35.873
48916.539,-35.853
48966.646,-35.94
48966.741,-35.927
48966.905,-35.973
48967.009,-35.973
48967.061,-35.907
48967.154,-35.92
48967.249,-35.867
48967.358,-35.98
48967.460,-35.967
48967.557,-35.92
48967.719,-35.827
48967.748,-35.907
48967.845,-35.98
48967.939,-35.907
48968.036,-35.853
48968.136,-35.907
48968.257,-36.0
48968.352,-35.86
48968.436,-35.98
48968.546,-35.94
48968.666,-35.88
48968.763,-35.847
48968.846,-35.953
48968.968,-35.92
48969.064,-35.867
48969.169,-35.813
48969.256,-35.96
48969.376,-35.947
48969.435,-35.98
48969.580,-35.92
48969.642,-35.833
48969.743,-35.867
48969.854,-35.933
48969.962,-35.947
48970.083,-35.9
48970.135,-35.8
48970.228,-35.933
48970.383,-35.887
48970.434,-35.953
48970.539,-35.86
48970.639,-35.9
48970.741,-35.827
48970.838,-35.987
48970.936,-35.82
48971.030,-35.833
48971.127,-35.913
48971.246,-35.893
48971.344,-36.0
48971.442,-35.907
48971.523,-35.92
48971.668,-36.027
48971.741,-35.893
48971.830,-35.907
48971.926,-36.033
48972.044,-35.96
48972.129,-35.88
48972.245,-35.82
48972.347,-35.92
48972.442,-35.953
48972.548,-35.973
48972.645,-35.907
48972.740,-35.8
48972.844,-35.967
48972.957,-35.887
48973.045,-35.82
48973.120,-35.867
48973.259,-35.76
48973.323,-35.933
48973.428,-35.913
48973.534,-35.86
48973.638,-36.02
48973.739,-35.76
48973.820,-35.873
48973.990,-35.907
48974.048,-35.833
48974.124,-35.967
48974.222,-36.033
48974.356,-35.947
48974.430,-35.82
48974.532,-35.933
48974.635,-35.993
48974.730,-35.94
48974.822,-35.933
48974.922,-35.933
48975.015,-35.973
48975.122,-36.007
48975.216,-35.927
48975.314,-35.953
48975.417,-36.04
48975.527,-35.86
48975.631,-35.867
48975.727,-35.84
48975.827,-35.813
48975.924,-35.867
48976.021,-35.9
48976.116,-36.033
48976.220,-35.947
48976.340,-35.88
48976.437,-35.88
48976.518,-35.98
49026.649,-35.893
49026.745,-35.913
49026.842,-35.9
49026.955,-35.92
49027.054,-35.927
49027.148,-35.973
49027.254,-35.98
49027.368,-35.8
49027.466,-35.833
49027.564,-35.913
49027.666,-35.92
49027.763,-36.04
49027.814,-35.873
49027.906,-35.887
49028.013,-35.813
49028.110,-36.013
49028.207,-35.947
49028.314,-35.793
49028.418,-35.88
49028.515,-35.967
49028.624,-35.893
49028.724,-35.953
49028.810,-35.893
49028.911,-35.947
49029.013,-35.947
49029.115,-35.947
49029.202,-35.893
49029.324,-35.88
49029.410,-35.827
49029.504,-35.913
49029.621,-35.967
49029.707,-35.873
49029.828,-35.787
49029.915,-35.893
49030.012,-35.967
49030.133,-35.973
49030.238,-35.927
49030.337,-35.773
49030.433,-35.787
49030.533,-35.907
49030.630,-35.94
49030.724,-35.953
49030.844,-35.973
49030.962,-35.8
49031.035,-35.987
49031.156,-35.9
49031.249,-35.953
49031.296,-35.9
49031.399,-35.867
49031.499,-35.84
49031.665,-35.92
49031.704,-35.967
49031.796,-35.907
49031.894,-35.92
49032.076,-35.867
49032.104,-35.88
49032.200,-35.847
49032.308,-35.84
49032.400,-35.92
49032.512,-35.933
49032.609,-35.947
49032.704,-36.013
49032.797,-35.993
49032.894,-35.92
49033.036,-35.853
49033.109,-36.047
49033.209,-35.927
49033.309,-35.967
49033.392,-35.953
49033.501,-35.907
49033.603,-35.973
49033.700,-35.993
49033.805,-36.04
49033.910,-35.94
49034.005,-35.893
49034.090,-35.987
49034.211,-36.027
49034.299,-35.947
49034.419,-35.92
49034.506,-35.8
49034.616,-35.893
49034.740,-36.007
49034.836,-36.013
49034.935,-35.893
49035.041,-35.847
49035.136,-35.82
49035.188,-35.92
49035.340,-35.927
49035.384,-36.013
49035.550,-35.873
49035.645,-35.887
49035.750,-35.86
49035.802,-35.913
49035.893,-36.007
49035.989,-35.853
49036.098,-35.82
49036.195,-35.9
49036.290,-35.94
49036.394,-35.88
49036.482,-35.92
49036.578,-35.9
49086.688,-35.92
49086.809,-35.96
49086.894,-35.9
49086.997,-36.02
49087.093,-35.873
49087.178,-35.947
49087.290,-35.947
49087.385,-35.927
49087.477,-35.853
49087.588,-35.827
49087.710,-36.007
49087.807,-36.1
49087.911,-36.02
49087.994,-35.94
49088.115,-35.98
49088.212,-35.88
49088.323,-35.933
49088.419,-35.867
49088.517,-35.853
49088.613,-35.947
49088.721,-35.833
49088.773,-35.88
49088.874,-35.96
49088.989,-35.927
49089.129,-36.02
49089.181,-35.907
49089.286,-35.86
49089.430,-35.827
49089.480,-35.907
49089.578,-35.973
49089.677,-36.08
49089.809,-35.987
49089.885,-35.913
49089.983,-36.047
49090.087,-35.96
49090.185,-35.947
49090.305,-35.98
49090.379,-35.92
49090.485,-35.9
49090.588,-35.947
49090.688,-35.973
49090.768,-35.907
49090.886,-35.913
49090.974,-35.84
49091.073,-35.96
49091.169,-35.853
49091.289,-35.96
49091.384,-35.947
49091.481,-35.987
49091.588,-35.933
49091.680,-35.933
49091.800,-36.007
49091.896,-35.947
49091.998,-35.993
49092.097,-36.027
49092.214,-36.053
49092.322,-35.993
49092.411,-35.873
49092.508,-35.867
49092.604,-35.867
49092.706,-35.947
49092.827,-35.973
49092.923,-35.873
49093.020,-36.0
49093.125,-35.967
49093.174,-35.927
49093.266,-35.893
49093.363,-35.853
49093.474,-35.767
49093.573,-35.793
49093.669,-35.907
49093.840,-35.8
49093.870,-35.88
49093.964,-35.813
49094.061,-35.933
49094.159,-35.993
49094.269,-35.92
49094.368,-35.927
49094.465,-35.82
49094.571,-35.827
49094.659,-35.993
49094.758,-36.053
49094.860,-35.9
49094.958,-35.873
49095.065,-35.987
49095.167,-35.953
49095.265,-35.953
49095.375,-35.993
49095.455,-35.887
49095.559,-35.92
49095.664,-35.793
49095.786,-35.893
49095.899,-35.9
49095.997,-35.833
49096.084,-35.947
49096.205,-35.807
49096.299,-35.92
49096.409,-35.953
49096.506,-35.833
49096.606,-35.927
49386.658,-36.013
49386.756,-35.953
49386.857,-36.0
49386.953,-35.88
49387.050,-35.94
49387.156,-36.0
49387.257,-36.027
49387.363,-35.953
49387.467,-35.953
49387.545,-35.973
49387.647,-36.02
49387.767,-35.993
49387.859,-35.893
49387.955,-35.867
49388.054,-35.94
49388.156,-35.86
49388.245,-35.893
49388.346,-35.913
49388.464,-35.913
49388.544,-35.82
49388.649,-35.853
49388.751,-35.953
49388.844,-35.84
49388.953,-35.767
49389.045,-35.793
49389.152,-35.913
49389.253,-35.9
49389.374,-35.973
49389.471,-35.987
49389.547,-35.893
49389.678,-35.813
49389.784,-35.88
49389.879,-35.913
49389.998,-35.88
49390.086,-35.727
49390.181,-35.793
49390.300,-35.947
49390.406,-35.96
49390.493,-35.98
49390.545,-35.86
49390.638,-35.86
49390.795,-35.92
49390.848,-36.033
49390.945,-35.88
49391.041,-35.987
49391.142,-35.933
49391.252,-35.847
49391.350,-35.953
49391.454,-35.9
49391.536,-35.893
49391.633,-35.96
49391.753,-35.987
49391.849,-35.993
49391.945,-35.967
49392.042,-35.913
49392.141,-35.92
49392.245,-36.0
49392.353,-35.947
49392.434,-35.933
49392.554,-36.0
49392.655,-35.9
49392.753,-35.9
49392.852,-35.867
49392.945,-35.907
49393.048,-35.893
49393.171,-35.847
49393.268,-35.833
49393.355,-35.927
49393.457,-35.88
49393.577,-35.973
49393.675,-35.813
49393.783,-35.953
49393.876,-35.873
49393.993,-35.907
49394.047,-35.947
49394.128,-35.707
49394.227,-35.82
49394.369,-35.927
49394.493,-35.973
49394.593,-35.92
49394.686,-35.86
49394.737,-35.86
49394.840,-35.833
49394.935,-35.9
49395.038,-35.967
49395.135,-35.92
49395.223,-35.9
49395.343,-35.947
49395.440,-35.993
49395.552,-35.867
49395.634,-35.913
49395.731,-35.887
49395.830,-35.827
49395.920,-35.9
49396.029,-35.907
49396.127,-35.873
49396.222,-35.833
49396.334,-35.913
49396.432,-35.987
49396.551,-35.98
49446.655,-35.927
49446.745,-35.82
49446.843,-35.913
49446.962,-35.933
49447.043,-35.86
49447.165,-35.967
49447.265,-35.88
49447.361,-35.893
49447.415,-35.893
49447.567,-35.96
49447.628,-35.927
49447.733,-35.88
49447.837,-35.853
49447.942,-35.847
49448.018,-35.94
49448.124,-35.96
49448.216,-35.907
49448.327,-35.9
49448.429,-35.827
49448.514,-35.887
49448.636,-35.96
49448.716,-35.907
49448.814,-35.72
49448.927,-35.947
49449.023,-36.007
49449.127,-35.907
49449.227,-35.96
49449.312,-35.84
49449.432,-35.96
49449.531,-35.887
49449.624,-35.953
49449.721,-35.9
49449.818,-35.893
49449.916,-35.98
49450.032,-35.94
49450.126,-35.92
49450.222,-35.8
49450.329,-35.753
49450.443,-35.92
49450.539,-35.933
49450.632,-35.84
49450.741,-35.967
49450.838,-35.86
49450.958,-35.927
49451.066,-35.96
49451.139,-35.947
49451.258,-35.88
49451.355,-35.96
49451.476,-35.793
49451.504,-35.74
49451.665,-35.86
49451.761,-35.92
49451.869,-35.893
49451.966,-35.893
49452.064,-35.867
49452.115,-35.973
49452.218,-35.753
49452.312,-35.873
49452.413,-35.88
49452.551,-35.907
49452.603,-35.907
49452.706,-35.907
49452.803,-35.82
49452.903,-36.007
49453.015,-35.927
49453.112,-36.013
49453.198,-36.02
49453.312,-35.953
49453.407,-35.933
49453.507,-35.847
49453.606,-35.9
49453.706,-35.947
49453.801,-35.9
49453.920,-35.867
49454.004,-35.927
49454.119,-35.973
49454.218,-35.993
49454.312,-35.953
49454.441,-36.02
49454.540,-35.933
49454.635,-35.98
49454.739,-35.893
49454.802,-35.973
49454.946,-35.853
49455.042,-35.933
49455.152,-35.92
49455.249,-35.993
49455.345,-35.973
49455.396,-35.953
49455.500,-35.88
49455.591,-35.987
49455.757,-35.94
49455.850,-35.98
49455.955,-35.92
49456.007,-35.867
49456.101,-35.753
49456.210,-35.853
49456.309,-35.94
49456.410,-35.92
49456.577,-35.927
49456.595,-35.987
49506.693,-36.0
49506.793,-36.0
49506.897,-35.993
49506.989,-35.893
49507.101,-35.9
49507.204,-35.927
49507.286,-35.94
49507.396,-35.8
49507.494,-35.807
49507.602,-35.807
49507.692,-35.773
49507.790,-35.873
49507.911,-35.94
49508.009,-35.853
49508.116,-35.913
49508.214,-35.827
49508.310,-35.86
49508.415,-35.853
49508.528,-35.873
49508.623,-35.807
49508.722,-35.86
49509.051,-35.86
49509.163,-35.793
49509.182,-35.967
49509.285,-35.993
49509.383,-35.893
49509.484,-35.953
49509.587,-35.847
49509.683,-35.887
49509.784,-35.907
49509.885,-35.873
49509.992,-35.873
49510.091,-35.953
49510.188,-35.967
49510.277,-35.9
49510.397,-36.127
49510.480,-35.927
49510.577,-35.84
49510.687,-35.853
49510.784,-35.993
49510.881,-35.987
49510.986,-35.893
49511.094,-35.86
49511.196,-35.8
49511.274,-35.893
49511.399,-35.993
49511.480,-35.98
49511.583,-35.927
49511.689,-35.86
49511.791,-35.927
49511.877,-35.887
49511.998,-35.987
49512.088,-35.82
49512.197,-35.833
49512.317,-35.967
49512.415,-36.053
49512.526,-35.947
49512.625,-35.893
49512.720,-35.8
49512.825,-35.9
49512.868,-35.987
49513.031,-35.98
49513.129,-35.827
49513.236,-35.853
49513.333,-35.847
49513.430,-35.867
49513.482,-35.913
49513.584,-35.913
49513.679,-35.867
49513.776,-35.867
49513.874,-35.86
49513.987,-35.933
49514.085,-35.947
49514.183,-35.98
49514.295,-35.88
49514.374,-35.973
49514.471,-35.993
49514.570,-35.933
49514.663,-35.953
49514.775,-35.927
49514.877,-35.993
49514.984,-35.973
49515.074,-35.92
49515.170,-35.913
49515.273,-35.787
49515.397,-35.967
49515.484,-35.947
49515.582,-36.0
49515.665,-35.94
49515.782,-35.893
49515.873,-35.993
49515.995,-35.873
49516.088,-35.927
49516.204,-35.92
49516.300,-36.08
49516.394,-35.86
49516.501,-35.953
49516.613,-35.933
49566.711,-35.913
49566.762,-35.847
49566.912,-35.867
49566.964,-35.847
49567.060,-35.993
49567.160,-35.86
49567.259,-35.973
49567.357,-35.94
49567.477,-35.92
49567.579,-36.0
49567.671,-35.873
49567.772,-35.88
49567.870,-35.98
49567.970,-35.867
49568.057,-35.927
49568.157,-35.987
49568.252,-35.92
49568.366,-35.94
49568.462,-35.92
49568.562,-35.993
49568.656,-35.94
49568.773,-35.913
49568.870,-36.027
49568.967,-35.82
49569.072,-35.973
49569.160,-35.867
49569.280,-35.947
49569.378,-35.933
49569.484,-35.767
49569.581,-35.907
49569.676,-35.907
49569.774,-35.913
49569.876,-35.953
49569.996,-35.633
49570.093,-35.887
49570.174,-35.86
49570.308,-35.993
49570.358,-35.913
49570.506,-35.867
49570.567,-35.873
49570.670,-35.987
49570.746,-35.967
49570.848,-35.96
49570.957,-35.913
49571.055,-35.82
49571.154,-35.84
49571.294,-35.94
49571.348,-35.947
49571.444,-35.76
49571.565,-35.827
49571.645,-35.907
49571.760,-35.84
49571.860,-35.993
49571.956,-35.933
49572.051,-35.947
49572.149,-35.873
49572.245,-35.86
49572.380,-35.92
49572.440,-35.94
49572.560,-35.78
49572.658,-35.873
49572.754,-35.947
49572.858,-36.0
49572.955,-35.86
49573.051,-35.64
49573.159,-35.807
49573.280,-35.88
49573.377,-35.94
49573.482,-35.873
49573.574,-35.853
49573.670,-35.867
49573.792,-35.9
49573.869,-35.953
49573.989,-35.993
49574.085,-35.793
49574.184,-35.993
49574.289,-35.887
49574.340,-36.02
49574.440,-35.88
49574.596,-35.873
49574.699,-35.78
49574.750,-35.953
49574.842,-35.907
49574.952,-35.947
49575.055,-35.833
49575.150,-35.893
49575.246,-35.9
49575.342,-35.847
49575.433,-36.0
49575.537,-35.873
49575.640,-35.893
49575.731,-35.92
49575.876,-35.913
49575.946,-35.953
49576.055,-35.847
49576.146,-35.88
49576.240,-35.933
49576.336,-35.953
49576.446,-35.9
49576.544,-35.9
49626.639,-35.94
49626.759,-35.833
49626.859,-35.867
49626.956,-35.92
49627.053,-35.98
49627.159,-35.9
49627.270,-35.827
49627.370,-35.913
49627.469,-35.96
49627.572,-35.907
49627.667,-35.907
49627.762,-35.887
49627.894,-35.887
49627.981,-35.853
49628.077,-35.927
49628.128,-35.96
49628.275,-35.793
49628.328,-35.853
49628.427,-35.987
49628.526,-35.807
49628.628,-35.867
49628.738,-35.993
49628.833,-35.867
49628.931,-35.933
49629.042,-35.967
49629.140,-35.92
49629.236,-35.907
49629.334,-35.813
49629.430,-36.053
49629.535,-35.933
49629.636,-35.86
49629.730,-35.987
49629.826,-35.78
49629.928,-35.807
49630.039,-35.947
49630.142,-35.833
49630.224,-35.867
49630.328,-35.82
49630.426,-35.873
49630.531,-35.993
49630.642,-35.927
49630.738,-35.993
49630.835,-35.913
49630.945,-35.9
49631.029,-35.98
49631.145,-35.967
49631.244,-36.007
49631.365,-35.913
49631.463,-35.927
49631.567,-35.967
49631.653,-35.893
49631.774,-35.88
49631.871,-35.893
49631.979,-35.987
49632.075,-35.887
49632.173,-36.02
49632.225,-36.1
49632.326,-35.86
49632.428,-35.927
49632.530,-35.96
49632.626,-35.913
49632.718,-35.833
49632.837,-35.893
49632.916,-35.827
49633.039,-35.88
49633.113,-35.893
49633.225,-35.847
49633.323,-35.947
49633.430,-35.727
49633.526,-35.88
49633.623,-35.953
49633.709,-36.0
49633.818,-35.913
49633.913,-35.947
49634.008,-35.927
49634.140,-35.92
49634.213,-36.06
49634.333,-36.02
49634.432,-35.813
49634.521,-36.0
49634.644,-35.98
49634.725,-35.973
49634.805,-35.987
49634.910,-36.027
49635.010,-35.96
49635.120,-35.92
49635.246,-35.913
49635.348,-35.96
49635.442,-35.913
49635.517,-35.773
49635.655,-35.893
49635.753,-35.96
49635.802,-35.92
49635.904,-35.88
49636.006,-35.807
49636.103,-35.96
49636.202,-35.94
49636.320,-35.907
49636.416,-35.893
49636.513,-35.907
49636.614,-35.92
49686.713,-35.98
49686.797,-35.947
49686.905,-35.893
49687.002,-35.953
49687.104,-36.007
49687.201,-35.86
49687.298,-35.953
49687.415,-35.853
49687.513,-35.9
49687.610,-35.873
49687.707,-36.013
49687.815,-35.947
49687.921,-35.947
49688.002,-35.793
49688.123,-35.86
49688.226,-35.953
49688.315,-35.967
49688.392,-35.993
49688.496,-35.933
49688.621,-35.827
49688.708,-35.88
49688.827,-35.847
49688.916,-35.92
49689.025,-35.847
49689.145,-35.813
49689.241,-35.96
49689.354,-36.007
49689.450,-35.967
49689.548,-35.9
49689.652,-35.887
49689.699,-35.907
49689.799,-35.847
49689.893,-35.867
49689.990,-35.827
49690.088,-35.887
49690.208,-35.967
49690.302,-35.867
49690.388,-35.88
49690.516,-35.86
49690.594,-35.947
49690.694,-35.893
49690.790,-35.953
49690.888,-36.007
49690.987,-35.867
49691.125,-35.947
49691.205,-35.893
49691.301,-35.78
49691.399,-35.96
49691.491,-35.96
49691.606,-35.833
49691.708,-35.907
49691.807,-35.913
49691.902,-35.827
49692.000,-35.807
49692.104,-35.967
49692.183,-35.82
49692.285,-35.713
49692.394,-35.993
49692.515,-36.007
49692.609,-35.9
49692.733,-36.047
49692.829,-35.867
49692.927,-35.927
49693.029,-35.973
49693.078,-35.84
49693.242,-35.893
49693.328,-35.827
49693.441,-35.893
49693.540,-35.887
49693.590,-35.933
49693.740,-35.887
49693.792,-35.847
49693.885,-35.813
49693.982,-35.893
49694.087,-36.0
49694.189,-35.88
49694.285,-35.853
49694.382,-35.94
49694.474,-35.9
49694.595,-35.933
49694.674,-35.893
49694.798,-35.973
49694.886,-35.8
49694.986,-35.847
49695.084,-35.86
49695.188,-35.953
49695.285,-35.813
49695.383,-35.887
49695.477,-35.847
49695.601,-36.007
49695.699,-36.013
49695.795,-35.867
49695.901,-35.807
49695.989,-35.867
49696.110,-35.893
49696.205,-35.86
49696.312,-35.88
49696.408,-35.82
49696.506,-36.0
49696.635,-35.86
49986.705,-35.907
49986.827,-35.873
49986.926,-35.953
49987.001,-35.853
49987.066,-36.053
49987.232,-35.827
49987.329,-35.98
49987.371,-35.873
49987.473,-35.933
49987.569,-35.9
49987.666,-35.84
49987.784,-35.94
49987.864,-35.9
49987.967,-35.96
49988.149,-35.88
49988.176,-35.947
49988.265,-35.9
49988.376,-35.887
49988.473,-36.0
49988.573,-35.96
49988.679,-35.933
49988.780,-35.84
49988.881,-35.88
49988.960,-35.907
49989.069,-35.887
49989.178,-35.84
49989.276,-35.987
49989.363,-35.927
49989.485,-35.927
49989.579,-35.78
49989.689,-35.9
49989.784,-35.96
49989.902,-35.96
49989.987,-35.847
49990.108,-35.787
49990.204,-35.84
49990.309,-35.933
49990.392,-35.927
49990.514,-35.913
49990.610,-36.033
49990.722,-35.88
49990.820,-36.02
49990.918,-35.9
49991.014,-35.867
49991.115,-35.9
49991.167,-35.9
49991.260,-35.907
49991.355,-35.887
49991.463,-36.007
49991.565,-35.94
49991.668,-35.92
49991.780,-35.953
49991.855,-35.947
49991.986,-35.847
49992.055,-35.9
49992.172,-35.927
49992.268,-36.033
49992.362,-35.873
49992.468,-35.88
49992.559,-35.873
49992.670,-35.82
49992.766,-35.86
49992.850,-35.92
49992.952,-35.913
49993.054,-35.94
49993.157,-35.967
49993.249,-35.807
49993.368,-35.887
49993.453,-35.98
49993.574,-35.933
49993.656,-35.947
49993.774,-35.933
49993.866,-35.887
49993.989,-35.873
49994.071,-35.913
49994.190,-35.893
49994.284,-35.947
49994.396,-35.94
49994.497,-35.867
49994.548,-35.953
49994.720,-35.867
49994.746,-35.913
49994.845,-36.027
49994.942,-35.9
49995.043,-35.867
49995.150,-35.92
49995.248,-35.833
49995.344,-35.947
49995.454,-35.92
49995.550,-36.053
49995.649,-35.907
49995.745,-35.973
49995.875,-35.92
49995.946,-35.88
49996.044,-35.773
49996.139,-35.86
49996.258,-35.913
49996.355,-35.887
49996.452,-35.913
49996.558,-36.02
50046.639,-35.82
50046.741,-35.907
50046.843,-35.9
50046.945,-35.92
50047.049,-35.973
50047.155,-35.953
50047.257,-35.873
50047.335,-35.947
50047.441,-35.933
50047.547,-36.04
50047.664,-35.913
50047.770,-35.96
50047.892,-35.88
50047.988,-35.7
50048.073,-35.893
50048.194,-36.013
50048.288,-36.06
50048.395,-35.953
50048.486,-35.813
50048.539,-35.833
50048.632,-35.947
50048.807,-35.86
50048.837,-35.947
50048.933,-35.953
50049.032,-35.867
50049.131,-35.96
50049.243,-35.973
50049.345,-36.053
50049.440,-35.96
50049.530,-35.847
50049.630,-35.973
50049.749,-35.893
50049.867,-35.893
50049.943,-35.993
50050.043,-35.907
50050.138,-35.973
50050.234,-35.907
50050.346,-35.9
50050.447,-35.86
50050.542,-35.713
50050.644,-35.907
50050.742,-35.867
50050.837,-35.973
50050.968,-35.967
50051.061,-35.82
50051.144,-35.827
50051.247,-35.953
50051.351,-35.847
50051.428,-35.967
50051.535,-35.873
50051.637,-35.847
50051.740,-35.927
50051.847,-35.947
50051.954,-35.933
50052.070,-35.927
50052.183,-35.973
50052.279,-35.96
50052.328,-35.947
50052.483,-35.853
50052.536,-35.907
50052.628,-35.893
50052.726,-35.813
50052.830,-35.947
50052.931,-36.007
50053.027,-35.953
50053.124,-35.94
50053.217,-35.913
50053.338,-35.947
50053.417,-35.947
50053.542,-35.84
50053.625,-35.887
50053.725,-35.94
50053.823,-35.887
50053.932,-35.9
50054.034,-35.987
50054.132,-35.82
50054.227,-35.913
50054.319,-35.94
50054.440,-35.947
50054.541,-35.92
50054.642,-35.827
50054.728,-35.933
50054.849,-35.967
50054.943,-36.033
50055.054,-35.913
50055.151,-35.82
50055.248,-35.96
50055.402,-35.92
50055.454,-35.973
50055.547,-36.073
50055.624,-35.96
50055.744,-35.74
50055.826,-35.947
50055.933,-35.98
50056.040,-35.933
50056.113,-35.947
50056.269,-35.88
50056.319,-35.82
50056.427,-36.027
50056.522,-35.967
50056.609,-35.9
50106.729,-35.913
50106.823,-35.86
50106.920,-35.933
50107.039,-35.92
50107.107,-35.867
50107.217,-35.973
50107.311,-35.847
50107.406,-35.847
50107.526,-35.967
50107.620,-35.913
50107.718,-35.96
50107.813,-35.913
50107.909,-35.86
50108.020,-35.773
50108.115,-35.847
50108.211,-35.853
50108.322,-35.86
50108.430,-35.907
50108.527,-35.913
50108.623,-35.893
50108.729,-35.933
50108.823,-35.78
50108.944,-35.92
50109.053,-36.033
50109.140,-35.967
50109.234,-35.913
50109.354,-35.993
50109.439,-35.953
50109.562,-35.933
50109.659,-36.06
50109.754,-35.96
50109.859,-35.88
50109.908,-35.813
50110.008,-35.827
50110.156,-35.92
50110.196,-35.993
50110.306,-35.873
50110.410,-35.847
50110.524,-35.94
50110.598,-35.9
50110.704,-35.887
50110.807,-35.973
50110.916,-35.913
50111.035,-35.887
50111.135,-35.96
50111.213,-35.953
50111.304,-36.053
50111.399,-35.86
50111.495,-35.9
50111.627,-35.847
50111.716,-35.913
50111.810,-35.907
50111.905,-35.893
50111.998,-35.693
50112.107,-35.94
50112.203,-35.887
50112.326,-35.9
50112.430,-35.98
50112.525,-35.84
50112.623,-35.92
50112.729,-35.88
50112.839,-35.98
50112.934,-35.9
50113.031,-35.84
50113.140,-35.96
50113.237,-35.853
50113.329,-35.92
50113.463,-35.893
50113.553,-35.94
50113.651,-35.853
50113.747,-35.873
50113.798,-35.98
50113.888,-35.933
50113.989,-35.953
50114.089,-35.887
50114.198,-35.927
50114.306,-35.867
50114.402,-36.013
50114.499,-35.74
50114.589,-35.893
50114.686,-36.007
50114.790,-35.987
50114.894,-35.887
50115.000,-35.933
50115.095,-35.953
50115.202,-35.967
50115.301,-35.927
50115.387,-35.92
50115.490,-35.993
50115.588,-35.927
50115.688,-35.973
50115.782,-35.96
50115.910,-35.927
50115.987,-35.907
50116.105,-35.787
50116.206,-35.853
50116.326,-35.867
50116.404,-35.887
50116.513,-35.873
50116.606,-35.933
50166.729,-35.693
50166.820,-35.973
50166.937,-35.96
50167.029,-35.86
50167.140,-35.913
50167.229,-35.813
50167.281,-35.88
50167.440,-35.893
50167.550,-35.88
50167.579,-35.873
50167.674,-35.8
50167.773,-35.88
50167.873,-35.96
50167.990,-35.96
50168.085,-35.94
50168.181,-35.927
50168.295,-35.873
50168.391,-35.98
50168.556,-36.0
50168.609,-35.967
50168.714,-35.947
50168.792,-35.793
50168.916,-35.867
50168.983,-35.92
50169.089,-35.907
50169.188,-35.96
50169.286,-35.967
50169.388,-35.873
50169.483,-35.913
50169.580,-35.933
50169.712,-35.813
50169.804,-35.92
50169.883,-35.68
50170.006,-35.88
50170.077,-35.867
50170.211,-35.973
50170.308,-35.947
50170.405,-35.78
50170.515,-35.92
50170.611,-36.033
50170.706,-35.92
50170.814,-35.893
50170.927,-35.833
50170.978,-35.867
50171.082,-36.0
50171.226,-35.893
50171.292,-35.84
50171.368,-35.76
50171.470,-35.807
50171.574,-35.86
50171.675,-35.82
50171.776,-35.867
50171.884,-35.767
50171.979,-35.927
50172.075,-35.953
50172.195,-35.96
50172.283,-35.92
50172.372,-35.94
50172.468,-35.867
50172.565,-35.873
50172.674,-35.96
50172.772,-36.02
50172.868,-35.967
50172.964,-35.733
50173.063,-35.907
50173.183,-35.9
50173.280,-35.953
50173.387,-36.087
50173.474,-35.82
50173.569,-35.953
50173.689,-35.993
50173.799,-36.013
50173.894,-36.007
50173.992,-35.853
50174.089,-35.893
50174.190,-35.793
50174.310,-35.833
50174.410,-35.993
50174.510,-35.833
50174.611,-35.847
50174.707,-35.933
50174.810,-35.873
50174.856,-35.947
50174.952,-35.813
50175.053,-35.953
50175.154,-35.88
50175.321,-35.887
50175.371,-35.98
50175.463,-36.02
50175.561,-35.96
50175.658,-35.907
50175.755,-35.893
50175.856,-35.973
50175.983,-35.913
50176.054,-35.86
50176.163,-35.893
50176.257,-35.913
50176.348,-35.907
50176.469,-35.873
50176.549,-36.013
50226.670,-35.873
50226.768,-35.86
50226.849,-35.82
50226.969,-35.847
50227.061,-35.88
50227.157,-35.947
50227.260,-35.927
50227.346,-35.847
50227.446,-35.907
50227.568,-35.96
50227.649,-35.88
50227.755,-35.947
50227.859,-35.987
50227.981,-35.92
50228.096,-35.773
50228.178,-35.86
50228.299,-35.913
50228.397,-35.9
50228.494,-35.9
50228.601,-35.873
50228.696,-35.947
50228.801,-36.047
50228.852,-35.893
50228.952,-35.933
50229.044,-35.913
50229.142,-35.833
50229.240,-35.927
50229.359,-35.84
50229.454,-35.86
50229.556,-35.92
50229.657,-35.847
50229.753,-35.907
50229.850,-35.94
50229.953,-35.953
50230.047,-36.0
50230.143,-35.913
50230.239,-35.84
50230.337,-35.86
50230.439,-35.913
50230.557,-35.86
50230.653,-35.893
50230.737,-35.94
50230.839,-36.007
50230.961,-35.9
50231.035,-35.993
50231.147,-35.927
50231.270,-35.907
50231.348,-35.887
50231.471,-35.853
50231.539,-35.94
50231.639,-35.887
50231.751,-35.9
50231.854,-36.02
50231.977,-35.9
50232.064,-35.873
50232.207,-35.847
50232.297,-35.9
50232.393,-35.953
50232.488,-35.873
50232.538,-35.933
50232.628,-35.853
50232.796,-35.867
50232.846,-35.887
50232.942,-35.947
50233.042,-35.953
50233.142,-35.96
50233.240,-35.88
50233.332,-35.92
50233.435,-35.867
50233.539,-35.913
50233.636,-35.953
50233.745,-35.92
50233.840,-35.833
50233.937,-35.9
50234.044,-35.813
50234.232,-35.8
50234.235,-35.947
50234.334,-35.84
50234.433,-35.867
50234.547,-35.907
50234.645,-35.887
50234.742,-35.873
50234.848,-35.953
50234.936,-35.987
50235.033,-35.947
50235.150,-35.887
50235.245,-35.74
50235.325,-35.867
50235.428,-35.833
50235.534,-35.88
50235.631,-35.953
50235.746,-35.88
50235.882,-35.933
50235.970,-36.1
50236.018,-35.867
50236.179,-35.933
50236.268,-35.847
50236.322,-35.887
50236.419,-36.007
50236.585,-35.933
50236.616,-35.92
50286.796,-35.913
50286.825,-36.0
50286.921,-35.947
50287.032,-35.973
50287.132,-35.887
50287.230,-35.92
50287.327,-35.833
50287.422,-35.9
50287.521,-35.907
50287.624,-35.78
50287.718,-35.94
50287.832,-35.86
50287.929,-36.007
50288.026,-35.927
50288.129,-35.947
50288.229,-35.96
50288.325,-35.953
50288.418,-35.92
50288.520,-35.9
50288.643,-35.907
50288.742,-36.033
50288.820,-35.82
50288.909,-35.907
50289.053,-35.927
50289.107,-35.9
50289.212,-35.927
50289.356,-35.773
50289.421,-35.927
50289.525,-36.0
50289.633,-35.833
50289.754,-35.867
50289.808,-35.773
50289.967,-35.847
50290.063,-35.94
50290.115,-35.893
50290.208,-35.967
50290.315,-35.86
50290.412,-35.953
50290.510,-35.873
50290.609,-35.9
50290.720,-35.9
50290.818,-35.933
50290.917,-35.94
50291.025,-35.94
50291.105,-35.94
50291.215,-36.0
50291.311,-35.96
50291.421,-35.913
50291.518,-36.027
50291.613,-35.88
50291.711,-35.96
50291.805,-35.86
50291.910,-35.927
50292.031,-35.92
50292.129,-35.933
50292.208,-35.953
50292.327,-36.013
50292.426,-35.793
50292.513,-35.873
50292.635,-35.927
50292.732,-35.913
50292.826,-35.84
50292.934,-35.96
50293.026,-35.74
50293.148,-35.9
50293.231,-35.913
50293.332,-35.913
50293.453,-35.987
50293.552,-35.727
50293.641,-35.86
50293.761,-35.907
50293.856,-35.987
50293.965,-36.08
50294.006,-35.867
50294.097,-35.987
50294.195,-35.967
50294.292,-35.953
50294.402,-35.907
50294.499,-35.867
50294.595,-35.893
50294.704,-35.927
50294.791,-35.9
50294.900,-35.92
50294.996,-35.98
50295.092,-35.853
50295.236,-35.953
50295.304,-35.82
50295.406,-35.8
50295.505,-35.847
50295.603,-35.907
50295.698,-35.927
50295.804,-35.933
50295.903,-35.96
50296.002,-35.947
50296.099,-35.92
50296.215,-35.893
50296.307,-35.973
50296.407,-35.98
50296.488,-35.967
50296.590,-35.84
50586.699,-35.9
50586.820,-35.84
50586.904,-35.98
50587.010,-35.893
50587.136,-35.867
50587.232,-35.88
50587.345,-35.88
50587.439,-35.96
50587.537,-35.96
50587.589,-36.073
50587.693,-35.867
50587.852,-35.887
50587.882,-35.827
50588.053,-36.053
50588.081,-36.013
50588.201,-35.907
50588.296,-35.893
50588.400,-36.007
50588.479,-35.76
50588.598,-35.947
50588.696,-35.927
50588.785,-35.967
50588.882,-35.887
50589.000,-35.913
50589.111,-35.947
50589.179,-35.847
50589.300,-35.893
50589.395,-35.947
50589.486,-35.96
50589.594,-35.947
50589.691,-35.847
50589.811,-35.873
50589.895,-35.86
50589.989,-35.893
50590.108,-35.96
50590.213,-35.893
50590.303,-35.94
50590.422,-36.013
50590.501,-35.893
50590.625,-35.953
50590.682,-35.9
50590.780,-35.933
50590.881,-35.913
50590.995,-35.96
50591.071,-35.947
50591.186,-35.953
50591.316,-35.873
50591.402,-35.8
50591.478,-35.813
50591.609,-35.98
50591.685,-36.013
50591.786,-35.907
50591.891,-35.947
50591.970,-35.927
50592.073,-35.867
50592.170,-35.873
50592.349,-35.88
50592.377,-35.953
50592.487,-36.093
50592.588,-35.933
50592.686,-35.913
50592.787,-36.0
50592.884,-35.933
50592.980,-35.88
50593.079,-35.94
50593.189,-35.793
50593.283,-35.833
50593.383,-35.947
50593.480,-35.913
50593.590,-35.893
50593.690,-35.947
50593.786,-35.827
50593.890,-35.787
50594.004,-35.913
50594.100,-35.927
50594.196,-35.887
50594.301,-35.84
50594.396,-35.967
50594.516,-36.0
50594.624,-35.913
50594.716,-35.94
50594.814,-35.78
50594.910,-35.853
50594.961,-35.913
50595.122,-35.9
50595.219,-35.893
50595.270,-35.94
50595.359,-35.913
50595.478,-35.9
50595.568,-35.913
50595.665,-35.98
50595.774,-35.913
50595.946,-35.98
50595.974,-35.967
50596.138,-35.88
50596.165,-35.88
50596.259,-35.987
50596.379,-35.967
50596.461,-35.993
50596.574,-35.927
50646.676,-35.767
50646.776,-35.967
50646.873,-35.86
50646.976,-35.947
50647.055,-35.927
50647.167,-35.927
50647.269,-35.82
50647.373,-35.82
50647.470,-35.847
50647.575,-35.947
50647.675,-35.853
50647.766,-35.873
50647.865,-35.78
50647.970,-35.907
50648.072,-35.86
50648.172,-35.94
50648.274,-35.96
50648.375,-35.893
50648.495,-35.92
50648.583,-35.807
50648.685,-35.92
50648.755,-35.86
50648.854,-35.82
50648.949,-35.887
50649.057,-35.907
50649.154,-35.927
50649.250,-35.953
50649.349,-35.833
50649.447,-36.007
50649.568,-35.92
50649.732,-35.907
50649.770,-35.86
50649.846,-35.94
50649.966,-35.94
50650.063,-35.94
50650.159,-35.873
50650.261,-35.867
50650.361,-35.987
50650.456,-35.94
50650.549,-35.987
50650.645,-36.013
50650.763,-35.94
50650.873,-35.853
50650.966,-35.847
50651.065,-35.873
50651.160,-35.927
50651.253,-35.993
50651.374,-35.927
50651.471,-35.82
50651.566,-35.847
50651.675,-36.007
50651.765,-35.887
50651.887,-35.913
50651.978,-35.727
50652.087,-35.853
50652.183,-35.947
50652.280,-35.88
50652.386,-35.84
50652.506,-35.767
50652.601,-35.873
50652.658,-35.887
50652.802,-35.907
50652.868,-35.82
50652.942,-35.887
50653.097,-35.84
50653.147,-35.847
50653.247,-36.027
50653.354,-35.927
50653.444,-35.973
50653.538,-35.867
50653.643,-36.027
50653.739,-35.893
50653.838,-35.88
50653.935,-36.0
50654.124,-35.827
50654.153,-35.9
50654.248,-35.913
50654.332,-35.987
50654.452,-35.887
50654.550,-35.84
50654.633,-35.873
50654.754,-35.987
50654.848,-35.94
50654.958,-35.853
50655.058,-35.84
50655.154,-35.86
50655.283,-35.98
50655.359,-35.847
50655.460,-35.847
50655.554,-35.873
50655.647,-35.9
50655.757,-36.053
50655.879,-35.927
50655.973,-35.92
50656.085,-35.887
50656.182,-35.793
50656.280,-36.007
50656.334,-35.94
50656.432,-35.94
50656.591,-35.967
50706.646,-35.913
50706.797,-35.84
50706.859,-35.887
50706.934,-35.953
50707.037,-36.04
50707.143,-35.887
50707.225,-35.853
50707.324,-35.98
50707.424,-35.86
50707.523,-35.967
50707.633,-35.867
50707.739,-35.913
50707.855,-35.927
50707.926,-35.84
50708.023,-35.873
50708.123,-35.947
50708.222,-35.907
50708.334,-35.933
50708.430,-35.96
50708.524,-35.913
50708.633,-35.86
50708.729,-35.767
50708.851,-35.907
50708.958,-35.86
50709.036,-35.94
50709.155,-35.913
50709.253,-35.787
50709.343,-35.96
50709.464,-35.887
50709.562,-35.92
50709.655,-35.947
50709.761,-36.04
50709.858,-35.853
50709.978,-35.873
50710.060,-35.92
50710.169,-35.88
50710.222,-35.853
50710.315,-35.78
50710.426,-35.887
50710.523,-35.933
50710.620,-35.993
50710.715,-36.0
50710.817,-35.767
50710.917,-35.873
50711.015,-35.9
50711.132,-36.013
50711.229,-35.967
50711.325,-35.887
50711.423,-35.86
50711.530,-35.927
50711.618,-35.92
50711.713,-36.027
50711.833,-35.973
50711.920,-35.873
50712.029,-35.967
50712.110,-35.933
50712.264,-35.913
50712.321,-35.92
50712.420,-35.827
50712.526,-35.867
50712.631,-35.94
50712.742,-35.907
50712.838,-35.833
50712.935,-35.787
50713.044,-35.793
50713.132,-35.98
50713.210,-35.98
50713.312,-35.9
50713.414,-35.887
50713.521,-35.807
50713.624,-35.933
50713.745,-36.0
50713.835,-35.9
50713.934,-35.76
50714.009,-35.833
50714.145,-35.927
50714.267,-35.913
50714.318,-35.92
50714.418,-35.873
50714.519,-35.927
50714.624,-35.893
50714.703,-35.747
50714.804,-35.813
50714.905,-35.893
50715.014,-35.933
50715.110,-35.92
50715.205,-35.94
50715.312,-35.873
50715.411,-35.853
50715.508,-35.767
50715.613,-35.907
50715.709,-35.867
50715.809,-35.887
50715.909,-35.887
50716.009,-35.867
50716.101,-35.96
50716.226,-35.98
50716.307,-35.96
50716.421,-35.987
50716.516,-35.82
50716.614,-35.833
50766.718,-35.86
50766.839,-35.84
50766.939,-35.973
50767.042,-35.78
50767.131,-35.813
50767.228,-35.88
50767.349,-35.88
50767.453,-35.933
50767.549,-35.84
50767.647,-35.867
50767.696,-35.953
50767.825,-35.927
50767.899,-35.827
50767.998,-35.867
50768.104,-35.947
50768.223,-35.927
50768.299,-35.94
50768.406,-35.82
50768.512,-35.813
50768.606,-35.813
50768.709,-35.867
50768.811,-35.867
50768.903,-35.933
50769.001,-35.893
50769.099,-35.927
50769.199,-35.947
50769.290,-35.913
50769.405,-35.82
50769.505,-35.92
50769.614,-35.9
50769.694,-35.98
50769.791,-35.96
50769.896,-36.053
50770.002,-35.82
50770.105,-35.8
50770.202,-35.887
50770.310,-35.853
50770.396,-35.92
50770.514,-35.993
50770.611,-35.833
50770.717,-35.887
50770.829,-35.927
50770.923,-35.92
50771.021,-35.887
50771.128,-35.873
50771.222,-35.887
50771.345,-35.993
50771.452,-35.96
50771.544,-35.873
50771.641,-35.773
50771.738,-35.987
50771.790,-35.993
50771.884,-35.833
50771.988,-36.013
50772.085,-35.927
50772.187,-35.893
50772.365,-35.927
50772.390,-35.86
50772.485,-35.867
50772.580,-35.893
50772.699,-35.78
50772.796,-35.933
50772.892,-35.967
50772.987,-35.96
50773.083,-35.953
50773.181,-35.887
50773.288,-36.04
50773.395,-35.873
50773.483,-35.773
50773.577,-35.887
50773.701,-35.86
50773.786,-35.953
50773.890,-35.853
50773.997,-35.947
50774.093,-35.9
50774.181,-35.8
50774.302,-35.893
50774.395,-35.947
50774.501,-35.947
50774.624,-36.02
50774.719,-35.927
50774.804,-36.0
50774.924,-35.967
50775.023,-36.007
50775.127,-35.9
50775.215,-35.787
50775.335,-35.827
50775.433,-35.86
50775.539,-35.813
50775.634,-35.92
50775.731,-35.847
50775.783,-35.853
50775.886,-35.927
50775.981,-35.8
50776.152,-35.973
50776.180,-36.0
50776.275,-35.953
50776.372,-35.893
50776.467,-35.833
50776.597,-35.827
50826.676,-35.86
50826.771,-35.887
50826.869,-35.88
50826.989,-36.08
50827.066,-35.953
50827.184,-35.96
50827.282,-35.78
50827.376,-35.92
50827.471,-35.967
50827.590,-35.913
50827.700,-35.867
50827.788,-35.793
50827.883,-35.88
50827.988,-35.94
50828.111,-35.82
50828.163,-35.833
50828.309,-35.86
50828.364,-35.893
50828.469,-35.853
50828.569,-35.96
50828.673,-35.88
50828.804,-35.84
50828.886,-35.867
50828.963,-35.913
50829.087,-35.927
50829.168,-35.82
50829.298,-35.953
50829.420,-35.967
50829.470,-35.82
50829.560,-35.953
50829.677,-35.973
50829.760,-35.8
50829.880,-35.913
50829.975,-35.933
50830.072,-35.887
50830.176,-35.887
50830.271,-35.987
50830.359,-35.84
50830.478,-35.92
50830.578,-35.833
50830.674,-35.9
50830.768,-36.053
50830.865,-35.88
50830.963,-35.8
50831.077,-35.88
50831.163,-35.873
50831.257,-35.913
50831.374,-35.88
50831.461,-35.907
50831.583,-35.867
50831.678,-35.94
50831.789,-35.907
50831.888,-35.8
50831.984,-35.867
50832.080,-35.887
50832.178,-35.973
50832.301,-35.927
50832.397,-35.88
50832.477,-35.86
50832.589,-35.847
50832.711,-35.847
50832.810,-35.853
50832.915,-35.86
50833.014,-35.84
50833.111,-35.96
50833.211,-35.88
50833.253,-35.853
50833.349,-35.913
50833.447,-35.953
50833.624,-35.873
50833.648,-35.827
50833.769,-35.867
50833.865,-35.867
50833.947,-35.9
50834.065,-35.88
50834.164,-35.94
50834.266,-35.873
50834.353,-36.027
50834.454,-35.813
50834.557,-35.9
50834.682,-35.933
50834.747,-35.96
50834.852,-35.953
50834.949,-35.847
50835.054,-35.847
50835.162,-36.007
50835.261,-35.827
50835.379,-35.887
50835.461,-35.907
50835.581,-35.807
50835.677,-35.86
50835.785,-35.833
50835.875,-35.947
50835.994,-35.953
50836.089,-35.813
50836.173,-35.88
50836.292,-35.92
50836.388,-35.987
50836.478,-35.98
50836.588,-35.9
50886.639,-35.773
50886.801,-35.907
50886.894,-36.073
50886.998,-35.947
50887.048,-35.813
50887.141,-35.92
50887.255,-35.853
50887.349,-35.953
50887.447,-36.02
50887.549,-35.92
50887.646,-35.893
50887.744,-36.04
50887.842,-35.98
50887.939,-35.927
50888.057,-35.907
50888.155,-35.96
50888.252,-35.86
50888.357,-35.927
50888.445,-35.933
50888.777,-35.833
50888.847,-35.88
50888.940,-35.987
50889.045,-35.973
50889.160,-35.953
50889.234,-35.76
50889.350,-35.82
50889.460,-35.94
50889.557,-35.913
50889.656,-35.74
50889.756,-35.653
50889.870,-35.833
50889.970,-35.9
50890.056,-35.933
50890.170,-35.787
50890.242,-35.88
50890.342,-35.873
50890.442,-35.96
50890.574,-35.96
50890.632,-35.86
50890.728,-35.847
50890.830,-35.907
50890.930,-36.013
50891.048,-35.993
50891.132,-35.96
50891.228,-35.94
50891.344,-35.86
50891.445,-35.96
50891.544,-35.927
50891.674,-35.927
50891.732,-35.893
50891.833,-35.9
50891.935,-35.947
50892.032,-35.867
50892.126,-35.867
50892.238,-35.933
50892.339,-35.907
50892.424,-35.98
50892.543,-35.9
50892.638,-35.847
50892.738,-35.767
50892.840,-35.78
50892.941,-35.833
50893.040,-35.807
50893.141,-35.787
50893.228,-35.873
50893.327,-35.74
50893.450,-35.933
50893.526,-35.953
50893.638,-35.947
50893.739,-35.913
50893.838,-35.767
50893.962,-35.947
50894.083,-35.913
50894.132,-35.907
50894.280,-36.013
50894.378,-35.98
50894.475,-35.853
50894.572,-35.933
50894.629,-35.907
50894.723,-35.913
50894.821,-35.893
50894.917,-35.873
50895.019,-35.9
50895.117,-35.813
50895.222,-35.933
50895.340,-35.927
50895.417,-35.86
50895.514,-35.82
50895.634,-36.013
50895.731,-35.987
50895.822,-35.933
50895.923,-35.933
50896.021,-35.847
50896.119,-35.94
50896.231,-36.013
50896.331,-36.06
50896.443,-35.933
50896.513,-35.893
50896.618,-35.947
48786.728,-35.853
48786.823,-35.967
48786.913,-35.96
48787.034,-35.927
48787.118,-35.853
48787.246,-35.827
48787.340,-35.907
48787.431,-35.887
48787.553,-35.827
48787.657,-35.96
48787.758,-35.92
48787.858,-35.887
48787.962,-35.847
48788.066,-35.867
48788.167,-35.927
48788.281,-35.933
48788.373,-35.867
48788.474,-35.92
48788.502,-35.853
48788.692,-35.9
48788.720,-35.873
48788.816,-35.887
48788.919,-35.96
48789.015,-35.973
48789.115,-35.973
48789.215,-35.973
48789.302,-35.833
48789.406,-35.853
48789.502,-35.82
48789.609,-35.847
48789.707,-35.747
48789.817,-35.927
48789.915,-36.033
48790.010,-35.96
48790.118,-36.06
48790.216,-35.82
48790.318,-35.953
48790.419,-35.94
48790.531,-35.96
48790.635,-35.96
48790.732,-35.873
48790.852,-35.98
48790.942,-35.94
48791.036,-35.9
48791.094,-35.913
48791.240,-35.733
48791.352,-35.84
48791.407,-35.907
48791.515,-35.867
48791.657,-36.0
48791.720,-35.753
48791.844,-35.82
48791.896,-35.993
48792.050,-35.84
48792.171,-35.94
48792.198,-35.88
48792.367,-35.807
48792.393,-35.873
48792.506,-35.987
48792.614,-35.933
48792.690,-35.92
48792.802,-35.873
48792.902,-35.933
48793.008,-35.893
48793.101,-35.867
48793.197,-36.007
48793.293,-35.8
48793.391,-35.94
48793.494,-35.9
48793.588,-35.887
48793.698,-35.947
48793.800,-35.827
48793.905,-35.967
48794.005,-35.96
48794.107,-35.953
48794.210,-35.947
48794.311,-35.887
48794.413,-35.9
48794.527,-35.92
48794.620,-35.973
48794.724,-35.92
48794.823,-35.847
48794.939,-35.893
48795.036,-35.947
48795.133,-35.913
48795.233,-35.913
48795.335,-35.953
48795.438,-35.967
48795.539,-35.84
48795.643,-35.86
48795.746,-35.873
48795.847,-35.82
48795.951,-35.787
48796.052,-35.847
48796.080,-35.94
48796.260,-35.827
48796.288,-35.993
48796.389,-35.92
48796.516,-35.813
48796.589,-35.9
48846.695,-35.913
48846.800,-35.867
48846.896,-35.833
48846.980,-35.867
48847.099,-35.947
48847.190,-35.94
48847.285,-35.96
48847.383,-35.827
48847.487,-35.84
48847.589,-35.813
48847.685,-35.86
48847.784,-35.907
48847.904,-35.933
48848.002,-35.807
48848.107,-35.807
48848.211,-35.913
48848.313,-36.0
48848.411,-35.96
48848.520,-35.84
48848.621,-35.933
48848.724,-36.047
48848.826,-35.987
48848.937,-35.92
48849.031,-35.84
48849.129,-35.9
48849.228,-35.907
48849.348,-35.913
48849.432,-35.98
48849.534,-35.867
48849.637,-35.967
48849.673,-35.92
48849.771,-35.827
48849.875,-35.873
48849.974,-35.833
48850.071,-35.913
48850.176,-35.84
48850.275,-35.847
48850.377,-35.94
48850.478,-35.993
48850.581,-35.98
48850.684,-35.933
48850.776,-36.067
48850.866,-35.9
48850.967,-36.007
48851.071,-35.867
48851.186,-35.947
48851.283,-36.0
48851.379,-35.893
48851.479,-35.953
48851.584,-35.9
48851.684,-35.907
48851.780,-35.867
48851.876,-35.987
48851.991,-35.807
48852.094,-35.82
48852.190,-35.987
48852.299,-35.813
48852.395,-35.933
48852.510,-35.893
48852.612,-35.82
48852.703,-35.82
48852.810,-35.873
48852.915,-35.833
48853.025,-35.933
48853.122,-35.893
48853.219,-36.02
48853.316,-35.867
48853.424,-35.927
48853.552,-36.007
48853.632,-35.853
48853.660,-35.92
48853.836,-35.987
48853.864,-35.92
48853.963,-35.92
48854.083,-35.867
48854.170,-35.833
48854.269,-35.86
48854.371,-35.893
48854.475,-35.867
48854.576,-35.94
48854.655,-35.887
48854.756,-35.967
48854.862,-35.84
48854.969,-35.86
48855.071,-35.853
48855.186,-35.893
48855.274,-35.92
48855.379,-35.907
48855.484,-35.88
48855.552,-35.953
48855.689,-35.92
48855.780,-35.893
48855.872,-36.02
48855.974,-35.9
48856.059,-35.88
48856.181,-35.887
48856.286,-35.98
48856.373,-35.853
48856.497,-35.827
48856.593,-35.94
48906.701,-35.913
48906.804,-35.827
48906.909,-35.94
48907.024,-35.887
48907.112,-35.9
48907.213,-35.92
48907.316,-35.833
48907.433,-35.967
48907.460,-35.907
48907.555,-36.033
48907.652,-35.9
48907.757,-35.84
48907.856,-35.873
48907.956,-35.913
48908.065,-35.873
48908.148,-35.92
48908.246,-35.873
48908.363,-36.04
48908.464,-35.967
48908.545,-35.967
