Time Lapsed,Magnetic field Y
0.000,12.827
0.003,12.807
0.005,12.767
0.006,12.7
0.006,12.707
0.008,12.813
0.008,12.727
0.010,12.74
0.092,12.847
0.179,12.727
0.278,12.767
0.378,12.667
0.486,12.8
0.584,12.747
0.689,12.78
0.788,12.907
0.898,12.807
0.996,12.76
1.096,12.693
1.199,12.773
1.271,12.807
1.391,12.7
1.474,12.833
1.574,12.773
1.648,12.74
1.810,12.807
1.932,12.807
1.959,12.72
2.109,12.747
2.219,12.767
2.253,12.8
2.356,12.713
2.452,12.733
2.552,12.787
2.660,12.7
2.758,12.727
2.859,12.753
2.962,12.693
3.065,12.76
3.143,12.753
3.244,12.747
3.359,12.747
3.451,12.793
3.552,12.78
3.655,12.633
3.770,12.713
3.864,12.833
3.961,12.827
4.059,12.813
4.167,12.827
4.271,12.813
4.371,12.78
4.459,12.807
4.577,12.853
4.680,12.853
4.780,12.747
4.891,12.747
4.988,12.673
5.087,12.78
5.195,12.84
5.293,12.84
5.395,12.833
5.493,12.76
5.606,12.6
5.702,12.687
5.805,12.747
5.930,12.733
5.947,12.827
6.043,12.86
6.143,12.733
6.243,12.673
6.341,12.753
6.442,12.893
6.545,12.78
6.636,12.753
56.734,12.66
56.861,12.847
56.947,12.78
57.057,12.753
57.153,12.72
57.238,12.847
57.336,12.78
57.449,12.767
57.545,12.6
57.643,12.753
57.741,12.673
57.861,12.68
57.957,12.773
58.057,12.693
58.180,12.76
58.273,12.773
58.396,12.733
58.471,12.853
58.570,12.847
58.673,12.793
58.768,12.8
58.869,12.827
59.008,12.8
59.082,12.76
59.185,12.72
59.287,12.753
59.393,12.74
59.494,12.747
59.606,12.707
59.699,12.76
59.728,12.707
59.900,12.813
59.929,12.793
60.040,12.767
60.141,12.787
60.238,12.827
60.339,12.767
60.447,12.8
60.547,12.753
60.623,12.687
60.729,12.727
60.837,12.627
60.925,12.753
61.027,12.647
61.131,12.76
61.233,12.72
61.327,12.78
61.442,12.787
61.552,12.76
61.648,12.807
61.744,12.773
61.854,12.773
61.951,12.833
62.052,12.867
62.177,12.84
62.270,12.66
62.364,12.727
62.461,12.773
62.589,12.78
62.667,12.693
62.771,12.733
62.912,12.72
62.984,12.633
63.079,12.72
63.187,12.653
63.290,12.753
63.320,12.667
63.415,12.793
63.594,12.753
63.623,12.673
63.724,12.7
63.824,12.76
63.925,12.873
64.015,12.8
64.128,12.807
64.226,12.673
64.327,12.78
64.425,12.833
64.533,12.8
64.633,12.827
64.751,12.78
64.831,12.693
64.935,12.74
65.055,12.8
65.130,12.733
65.231,12.793
65.332,12.72
65.432,12.667
65.530,12.773
65.635,12.767
65.739,12.767
65.854,12.753
65.942,12.687
66.043,12.593
66.146,12.813
66.263,12.72
66.364,12.813
66.459,12.753
66.557,12.747
66.658,12.747
116.761,12.687
116.864,12.793
116.966,12.753
117.070,12.7
117.192,12.793
117.229,12.807
117.376,12.76
117.407,12.847
117.505,12.72
117.619,12.813
117.712,12.673
117.810,12.713
117.912,12.747
118.008,12.727
118.125,12.64
118.219,12.66
118.322,12.7
118.427,12.72
118.506,12.693
118.609,12.62
118.707,12.613
118.815,12.713
118.913,12.787
119.015,12.693
119.109,12.72
119.229,12.72
119.326,12.707
119.423,12.7
119.528,12.68
119.636,12.68
119.739,12.66
119.842,12.78
119.939,12.74
120.045,12.673
120.150,12.68
120.263,12.753
120.353,12.78
120.457,12.827
120.559,12.767
120.675,12.713
120.756,12.687
120.856,12.76
120.962,12.707
120.998,12.7
121.165,12.827
121.195,12.733
121.295,12.753
121.398,12.787
121.496,12.713
121.599,12.76
121.699,12.68
121.804,12.773
121.905,12.72
122.008,12.72
122.101,12.713
122.212,12.627
122.293,12.667
122.396,12.72
122.511,12.653
122.597,12.833
122.721,12.713
122.834,12.727
122.908,12.74
123.011,12.733
123.111,12.713
123.212,12.687
123.315,12.727
123.420,12.687
123.521,12.767
123.614,12.733
123.726,12.72
123.827,12.873
123.939,12.827
124.032,12.687
124.136,12.887
124.238,12.827
124.349,12.667
124.445,12.713
124.543,12.867
124.648,12.633
124.746,12.807
124.851,12.747
124.883,12.76
125.038,12.873
125.160,12.733
125.187,12.653
125.285,12.673
125.408,12.7
125.494,12.847
125.591,12.727
125.689,12.76
125.798,12.727
125.881,12.68
125.984,12.747
126.109,12.82
126.187,12.74
126.298,12.727
126.402,12.747
126.510,12.78
126.601,12.793
126.702,12.847
176.800,12.607
176.908,12.787
177.011,12.8
177.109,12.8
177.214,12.787
177.317,12.787
177.420,12.673
177.521,12.807
177.621,12.8
177.726,12.767
177.824,12.8
177.930,12.753
178.027,12.8
178.128,12.773
178.229,12.727
178.346,12.707
178.435,12.72
178.538,12.633
178.641,12.707
178.758,12.773
178.788,12.787
178.875,12.767
179.084,12.727
179.160,12.72
179.187,12.82
179.285,12.713
179.381,12.767
179.472,12.767
179.592,12.773
179.690,12.66
179.790,12.773
179.891,12.8
179.972,12.76
180.077,12.773
180.185,12.853
180.278,12.627
180.385,12.8
180.511,12.727
180.597,12.78
180.687,12.813
180.792,12.773
180.891,12.813
180.996,12.707
181.121,12.8
181.201,12.82
181.302,12.78
181.398,12.7
181.508,12.633
181.611,12.813
181.724,12.747
181.798,12.76
181.918,12.827
182.025,12.74
182.123,12.793
182.244,12.747
182.315,12.847
182.434,12.747
182.462,12.853
182.635,12.787
182.662,12.667
182.782,12.707
182.866,12.76
182.964,12.693
183.062,12.68
183.158,12.707
183.261,12.82
183.373,12.873
183.464,12.733
183.562,12.867
183.660,12.753
183.768,12.687
183.861,12.84
183.994,12.62
184.076,12.7
184.179,12.82
184.280,12.767
184.403,12.72
184.484,12.653
184.597,12.68
184.685,12.893
184.788,12.64
184.888,12.673
185.006,12.7
185.099,12.753
185.199,12.74
185.258,12.72
185.402,12.687
185.464,12.8
185.564,12.74
185.668,12.627
185.809,12.807
185.915,12.607
185.952,12.74
186.116,12.68
186.153,12.68
186.253,12.727
186.351,12.707
186.459,12.807
186.555,12.787
186.655,12.8
476.755,12.66
476.869,12.6
476.966,12.72
477.062,12.787
477.168,12.747
477.248,12.693
477.371,12.733
477.447,12.82
477.552,12.713
477.653,12.82
477.756,12.673
477.856,12.767
477.967,12.687
478.060,12.793
478.182,12.693
478.271,12.8
478.385,12.673
478.469,12.86
478.572,12.767
478.680,12.707
478.802,12.733
478.878,12.673
479.006,12.853
479.094,12.773
479.190,12.693
479.250,12.853
479.393,12.793
479.496,12.853
479.559,12.807
479.668,12.66
479.775,12.667
479.842,12.82
479.942,12.887
480.043,12.8
480.211,12.747
480.320,12.68
480.347,12.793
480.445,12.7
480.548,12.847
480.653,12.74
480.750,12.613
480.842,12.62
480.961,12.753
481.037,12.793
481.143,12.68
481.253,12.687
481.344,12.727
481.445,12.693
481.543,12.733
481.646,12.807
481.748,12.847
481.851,12.687
481.944,12.773
482.055,12.647
482.158,12.833
482.258,12.847
482.361,12.733
482.464,12.813
482.572,12.76
482.680,12.62
482.773,12.793
482.873,12.6
482.976,12.767
483.092,12.767
483.187,12.747
483.287,12.787
483.388,12.68
483.493,12.713
483.542,12.747
483.714,12.707
483.798,12.787
483.854,12.773
483.961,12.727
484.038,12.727
484.204,12.807
484.233,12.74
484.339,12.707
484.434,12.753
484.542,12.807
484.643,12.66
484.744,12.727
484.844,12.84
484.929,12.753
485.028,12.653
485.125,12.747
485.253,12.68
485.332,12.76
485.432,12.713
485.537,12.62
485.638,12.653
485.743,12.853
485.842,12.767
485.945,12.687
486.055,12.74
486.153,12.747
486.256,12.887
486.354,12.767
486.466,12.747
486.565,12.8
486.663,12.847
536.766,12.74
536.866,12.753
536.969,12.76
537.094,12.72
537.180,12.78
537.283,12.793
537.388,12.74
537.501,12.867
537.584,12.747
537.719,12.62
537.722,12.74
537.824,12.7
537.918,12.8
538.018,12.707
538.128,12.74
538.229,12.693
538.336,12.773
538.432,12.673
538.611,12.753
538.638,12.68
538.736,12.707
538.815,12.827
538.927,12.747
539.018,12.687
539.121,12.653
539.222,12.74
539.339,12.78
539.435,12.793
539.533,12.807
539.633,12.813
539.736,12.707
539.822,12.767
539.939,12.693
540.030,12.747
540.114,12.813
540.238,12.8
540.327,12.853
540.449,12.793
540.555,12.887
540.658,12.893
540.768,12.72
540.864,12.827
540.964,12.647
541.096,12.787
541.177,12.767
541.209,12.7
541.307,12.76
541.474,12.847
541.577,12.747
541.709,12.807
541.712,12.753
541.809,12.613
541.910,12.7
542.015,12.753
542.118,12.733
542.236,12.667
542.326,12.753
542.405,12.673
542.525,12.893
542.625,12.733
542.728,12.74
542.805,12.84
542.908,12.66
543.016,12.753
543.116,12.787
543.219,12.773
543.337,12.767
543.425,12.713
543.525,12.593
543.625,12.653
543.750,12.76
543.817,12.687
543.900,12.673
544.003,12.753
544.109,12.627
544.212,12.66
544.347,12.673
544.454,12.62
544.579,12.693
544.653,12.767
544.761,12.827
544.863,12.673
544.967,12.787
545.062,12.76
545.175,12.78
545.268,12.787
545.297,12.72
545.396,12.727
545.498,12.7
545.609,12.633
545.707,12.573
545.802,12.74
545.910,12.713
546.011,12.76
546.106,12.747
546.212,12.727
546.310,12.7
546.415,12.747
546.523,12.753
546.594,12.613
596.717,12.787
596.812,12.86
596.908,12.727
597.013,12.76
597.106,12.747
597.209,12.76
597.315,12.78
597.425,12.787
597.523,12.707
597.621,12.693
597.748,12.733
597.827,12.733
597.932,12.74
598.054,12.78
598.130,12.72
598.233,12.86
598.337,12.72
598.440,12.793
598.506,12.807
598.643,12.78
598.753,12.78
598.853,12.733
598.949,12.66
599.084,12.78
599.087,12.72
599.263,12.727
599.292,12.767
599.388,12.82
599.484,12.693
599.584,12.807
599.690,12.693
599.795,12.627
599.891,12.653
600.000,12.647
600.099,12.7
600.195,12.687
600.320,12.707
600.391,12.74
600.489,12.74
600.592,12.667
600.721,12.773
600.793,12.753
600.898,12.793
601.003,12.673
601.103,12.833
601.211,12.78
601.315,12.813
601.423,12.707
601.513,12.807
601.646,12.767
601.726,12.733
601.834,12.653
601.929,12.607
602.033,12.58
602.128,12.74
602.231,12.667
602.334,12.78
602.435,12.76
602.533,12.813
602.636,12.847
602.741,12.893
602.842,12.7
602.945,12.72
603.047,12.72
603.076,12.7
603.260,12.66
603.278,12.713
603.378,12.693
603.479,12.693
603.582,12.807
603.695,12.62
603.793,12.62
603.895,12.66
603.996,12.733
604.077,12.74
604.173,12.847
604.277,12.8
604.380,12.787
604.472,12.827
604.574,12.94
604.675,12.82
604.775,12.667
604.893,12.68
604.991,12.667
605.099,12.687
605.199,12.767
605.305,12.673
605.408,12.673
605.510,12.813
605.609,12.727
605.709,12.78
605.832,12.827
605.925,12.813
606.021,12.68
606.119,12.647
606.219,12.78
606.331,12.8
606.432,12.813
606.533,12.84
606.569,12.753
656.734,12.687
656.766,12.613
656.945,12.707
656.976,12.847
657.064,12.767
657.170,12.767
657.271,12.787
657.371,12.76
657.472,12.8
657.577,12.727
657.670,12.813
657.780,12.793
657.863,12.713
657.991,12.74
658.084,12.78
658.175,12.727
658.273,12.733
658.381,12.74
658.481,12.753
658.579,12.713
658.680,12.827
658.812,12.78
658.893,12.693
658.989,12.673
659.089,12.787
659.192,12.733
659.293,12.767
659.396,12.76
659.532,12.613
659.606,12.64
659.702,12.673
659.804,12.74
659.918,12.813
660.016,12.833
660.118,12.793
660.214,12.753
660.317,12.74
660.420,12.827
660.521,12.8
660.609,12.767
660.653,12.767
660.832,12.673
660.861,12.84
661.035,12.787
661.062,12.74
661.162,12.727
661.266,12.733
661.373,12.78
661.472,12.78
661.574,12.693
661.648,12.793
661.780,12.633
661.854,12.8
661.957,12.647
662.081,12.833
662.172,12.68
662.268,12.74
662.373,12.76
662.493,12.72
662.574,12.84
662.670,12.82
662.775,12.767
662.883,12.68
662.979,12.847
663.082,12.86
663.185,12.7
663.293,12.733
663.356,12.867
663.459,12.767
663.567,12.687
663.695,12.72
663.800,12.76
663.918,12.693
664.006,12.8
664.109,12.687
664.212,12.747
664.329,12.733
664.418,12.893
664.445,12.8
664.543,12.673
664.653,12.747
664.753,12.793
664.854,12.853
664.957,12.667
665.059,12.787
665.157,12.707
665.265,12.833
665.344,12.693
665.442,12.68
665.548,12.68
665.646,12.613
665.755,12.713
665.849,12.707
665.952,12.747
666.055,12.733
666.168,12.833
666.287,12.787
666.361,12.827
666.462,12.673
666.570,12.747
666.665,12.84
716.768,12.707
716.856,12.693
716.976,12.733
717.077,12.7
717.180,12.793
717.282,12.693
717.385,12.693
717.503,12.78
717.592,12.84
717.653,12.847
717.760,12.813
717.886,12.713
718.005,12.653
718.033,12.827
718.204,12.833
718.231,12.82
718.410,12.647
718.439,12.727
718.540,12.747
718.636,12.713
718.744,12.78
718.844,12.7
718.944,12.66
719.033,12.853
719.131,12.673
719.233,12.667
719.331,12.68
719.437,12.527
719.565,12.687
719.638,12.687
719.744,12.8
719.842,12.727
719.949,12.807
720.047,12.66
720.165,12.753
720.253,12.793
720.353,12.74
720.454,12.687
720.577,12.713
720.665,12.78
720.763,12.76
720.866,12.787
720.972,12.807
721.072,12.68
721.172,12.7
721.278,12.8
721.381,12.7
721.481,12.813
721.586,12.727
721.689,12.747
721.795,12.773
721.822,12.66
721.922,12.7
722.028,12.627
722.128,12.693
722.226,12.72
722.327,12.707
722.437,12.773
722.530,12.72
722.638,12.653
722.739,12.607
722.839,12.613
722.937,12.78
723.020,12.767
723.123,12.567
723.224,12.667
723.324,12.687
723.423,12.84
723.516,12.747
723.636,12.78
723.736,12.607
723.841,12.693
723.937,12.7
724.045,12.6
724.143,12.547
724.251,12.62
724.351,12.76
724.454,12.887
724.574,12.7
724.653,12.667
724.785,12.74
724.858,12.727
724.942,12.673
725.062,12.767
725.165,12.753
725.268,12.587
725.312,12.813
725.474,12.753
725.577,12.673
725.680,12.62
725.717,12.753
725.815,12.747
725.913,12.767
726.010,12.807
726.114,12.673
726.212,12.607
726.320,12.68
726.413,12.833
726.523,12.773
726.628,12.733
776.726,12.773
776.824,12.807
776.935,12.713
777.008,12.787
777.114,12.707
777.228,12.633
777.315,12.753
777.418,12.733
777.523,12.667
777.628,12.673
777.731,12.76
777.834,12.76
777.932,12.8
778.030,12.807
778.136,12.713
778.251,12.747
778.344,12.713
778.445,12.747
778.552,12.647
778.662,12.82
778.761,12.86
778.859,12.78
778.986,12.727
779.060,12.793
779.165,12.8
779.270,12.687
779.371,12.767
779.479,12.78
779.510,12.773
779.606,12.787
779.775,12.673
779.805,12.707
779.902,12.647
780.003,12.727
780.113,12.673
780.214,12.673
780.312,12.827
780.413,12.747
780.525,12.64
780.599,12.7
780.697,12.773
780.798,12.793
780.915,12.76
781.013,12.747
781.111,12.667
781.214,12.707
781.310,12.687
781.413,12.653
781.515,12.807
781.626,12.727
781.746,12.727
781.804,12.773
781.932,12.713
782.015,12.68
782.099,12.7
782.221,12.647
782.337,12.66
782.410,12.793
782.530,12.673
782.660,12.807
782.729,12.653
782.849,12.727
782.947,12.673
783.072,12.66
783.153,12.74
783.255,12.753
783.358,12.773
783.396,12.733
783.491,12.747
783.591,12.74
783.687,12.667
783.793,12.653
783.898,12.713
783.994,12.687
784.099,12.66
784.202,12.613
784.302,12.727
784.385,12.793
784.498,12.733
784.591,12.687
784.690,12.693
784.793,12.76
784.910,12.773
785.006,12.853
785.104,12.68
785.204,12.713
785.288,12.693
785.408,12.673
785.506,12.767
785.601,12.86
785.685,12.873
785.815,12.687
785.912,12.727
786.028,12.633
786.128,12.647
786.233,12.673
786.337,12.707
786.415,12.653
786.540,12.747
786.636,12.653
1076.721,12.787
1076.841,12.787
1076.940,12.687
1077.035,12.647
1077.140,12.66
1077.246,12.613
1077.280,12.727
1077.378,12.673
1077.476,12.793
1077.579,12.78
1077.682,12.76
1077.863,12.673
1077.891,12.693
1077.989,12.727
1078.094,12.653
1078.177,12.727
1078.295,12.787
1078.376,12.733
1078.479,12.687
1078.584,12.747
1078.687,12.7
1078.783,12.627
1078.881,12.647
1078.998,12.767
1079.094,12.673
1079.194,12.7
1079.275,12.667
1079.400,12.593
1079.501,12.807
1079.643,12.707
1079.709,12.747
1079.807,12.82
1079.869,12.733
1079.978,12.653
1080.084,12.62
1080.195,12.767
1080.298,12.827
1080.423,12.727
1080.511,12.667
1080.621,12.727
1080.668,12.647
1080.770,12.767
1080.866,12.753
1081.035,12.787
1081.158,12.68
1081.253,12.753
1081.280,12.833
1081.378,12.667
1081.481,12.767
1081.582,12.693
1081.685,12.653
1081.782,12.807
1081.881,12.707
1081.981,12.72
1082.067,12.753
1082.260,12.847
1082.266,12.733
1082.369,12.8
1082.479,12.66
1082.608,12.747
1082.677,12.813
1082.804,12.687
1082.866,12.78
1082.994,12.667
1083.077,12.7
1083.190,12.773
1083.319,12.72
1083.369,12.66
1083.496,12.6
1083.596,12.68
1083.685,12.707
1083.795,12.88
1083.898,12.907
1084.006,12.767
1084.104,12.793
1084.204,12.747
1084.309,12.7
1084.447,12.767
1084.523,12.82
1084.619,12.62
1084.733,12.76
1084.760,12.707
1084.859,12.88
1084.957,12.767
1085.057,12.74
1085.155,12.567
1085.265,12.647
1085.364,12.673
1085.464,12.747
1085.567,12.747
1085.667,12.74
1085.771,12.727
1085.858,12.78
1085.962,12.813
1086.062,12.747
1086.160,12.693
1086.268,12.647
1086.368,12.693
1086.467,12.733
1086.570,12.807
1086.670,12.68
1136.771,12.72
1136.873,12.72
1136.993,12.593
1137.103,12.727
1137.180,12.627
1137.263,12.68
1137.405,12.56
1137.489,12.713
1137.550,12.82
1137.695,12.64
1137.798,12.76
1137.900,12.673
1137.967,12.693
1138.069,12.853
1138.212,12.7
1138.310,12.727
1138.378,12.78
1138.484,12.88
1138.543,12.853
1138.646,12.787
1138.744,12.76
1138.854,12.78
1138.940,12.807
1139.045,12.753
1139.143,12.773
1139.241,12.7
1139.349,12.633
1139.444,12.633
1139.567,12.693
1139.653,12.7
1139.750,12.753
1139.854,12.68
1139.979,12.707
1140.055,12.653
1140.184,12.647
1140.261,12.78
1140.344,12.62
1140.466,12.793
1140.569,12.713
1140.670,12.713
1140.766,12.673
1140.868,12.787
1140.969,12.773
1141.079,12.787
1141.179,12.773
1141.277,12.673
1141.378,12.693
1141.481,12.647
1141.547,12.647
1141.695,12.647
1141.792,12.76
1141.854,12.78
1141.957,12.653
1142.062,12.653
1142.138,12.947
1142.239,12.887
1142.341,12.68
1142.440,12.72
1142.530,12.753
1142.631,12.753
1142.751,12.7
1142.849,12.74
1142.945,12.653
1143.042,12.747
1143.143,12.78
1143.241,12.78
1143.334,12.68
1143.439,12.707
1143.532,12.68
1143.631,12.653
1143.736,12.587
1143.844,12.66
1143.942,12.713
1144.043,12.693
1144.148,12.707
1144.251,12.607
1144.351,12.64
1144.459,12.66
1144.555,12.573
1144.658,12.66
1144.760,12.68
1144.861,12.68
1144.972,12.813
1145.079,12.62
1145.168,12.733
1145.273,12.693
1145.381,12.76
1145.491,12.753
1145.587,12.647
1145.685,12.74
1145.783,12.74
1145.893,12.82
1145.922,12.707
1146.097,12.773
1146.126,12.633
1146.229,12.667
1146.329,12.66
1146.430,12.693
1146.609,12.68
1146.640,12.733
1196.738,12.827
1196.841,12.72
1196.940,12.673
1197.018,12.74
1197.123,12.693
1197.219,12.693
1197.329,12.753
1197.429,12.727
1197.530,12.773
1197.652,12.733
1197.741,12.613
1197.842,12.733
1197.940,12.673
1198.038,12.773
1198.141,12.713
1198.239,12.807
1198.342,12.567
1198.454,12.72
1198.550,12.753
1198.653,12.727
1198.758,12.64
1198.864,12.72
1198.959,12.68
1199.059,12.64
1199.165,12.693
1199.263,12.733
1199.366,12.673
1199.491,12.72
1199.577,12.667
1199.679,12.853
1199.805,12.747
1199.810,12.72
1199.923,12.82
1200.087,12.713
1200.116,12.767
1200.224,12.753
1200.324,12.753
1200.420,12.747
1200.525,12.8
1200.619,12.673
1200.722,12.7
1200.829,12.747
1200.927,12.72
1201.008,12.767
1201.108,12.707
1201.212,12.62
1201.326,12.693
1201.415,12.807
1201.516,12.693
1201.619,12.653
1201.739,12.767
1201.837,12.787
1201.932,12.72
1202.033,12.587
1202.136,12.74
1202.209,12.773
1202.337,12.787
1202.439,12.593
1202.548,12.693
1202.650,12.753
1202.753,12.733
1202.839,12.847
1202.964,12.727
1203.016,12.627
1203.165,12.693
1203.263,12.867
1203.368,12.753
1203.471,12.967
1203.572,12.773
1203.603,12.627
1203.702,12.82
1203.800,12.707
1203.900,12.867
1204.006,12.787
1204.111,12.74
1204.214,12.687
1204.312,12.76
1204.410,12.78
1204.510,12.687
1204.635,12.7
1204.697,12.753
1204.819,12.72
1204.896,12.7
1205.003,12.787
1205.101,12.587
1205.204,12.567
1205.310,12.8
1205.413,12.753
1205.510,12.667
1205.614,12.7
1205.736,12.753
1205.822,12.753
1205.923,12.84
1206.043,12.713
1206.148,12.8
1206.260,12.713
1206.337,12.767
1206.435,12.667
1206.501,12.633
1206.638,12.787
1256.739,12.707
1256.844,12.767
1256.949,12.66
1257.023,12.74
1257.150,12.68
1257.253,12.813
1257.354,12.747
1257.489,12.72
1257.491,12.633
1257.599,12.773
1257.695,12.767
1257.795,12.747
1257.891,12.707
1258.008,12.653
1258.104,12.573
1258.202,12.673
1258.310,12.793
1258.403,12.713
1258.498,12.787
1258.609,12.767
1258.687,12.76
1258.793,12.76
1258.891,12.707
1258.993,12.707
1259.097,12.673
1259.226,12.64
1259.300,12.693
1259.412,12.673
1259.508,12.76
1259.606,12.747
1259.717,12.8
1259.824,12.787
1259.945,12.793
1260.025,12.707
1260.119,12.767
1260.256,12.727
1260.332,12.76
1260.430,12.72
1260.559,12.693
1260.633,12.727
1260.701,12.773
1260.839,12.68
1260.940,12.767
1261.048,12.593
1261.148,12.7
1261.253,12.793
1261.337,12.813
1261.440,12.773
1261.491,12.647
1261.587,12.607
1261.685,12.653
1261.788,12.627
1261.886,12.66
1261.984,12.673
1262.097,12.613
1262.175,12.747
1262.293,12.733
1262.395,12.747
1262.472,12.76
1262.579,12.733
1262.679,12.713
1262.788,12.7
1262.893,12.807
1262.993,12.693
1263.087,12.707
1263.195,12.753
1263.295,12.7
1263.400,12.72
1263.498,12.76
1263.601,12.747
1263.702,12.667
1263.822,12.787
1263.912,12.82
1264.040,12.793
1264.118,12.713
1264.233,12.7
1264.327,12.747
1264.425,12.693
1264.527,12.813
1264.626,12.88
1264.729,12.74
1264.832,12.773
1264.888,12.593
1265.045,12.72
1265.072,12.82
1265.168,12.8
1265.341,12.847
1265.371,12.767
1265.474,12.713
1265.572,12.68
1265.682,12.78
1265.780,12.7
1265.883,12.767
1265.981,12.707
1266.070,12.64
1266.168,12.7
1266.265,12.773
1266.369,12.78
1266.467,12.733
1266.570,12.78
1266.673,12.74
1316.773,12.66
1316.878,12.653
1316.983,12.593
1317.091,12.733
1317.190,12.707
1317.288,12.74
1317.396,12.733
1317.523,12.727
1317.601,12.747
1317.697,12.653
1317.802,12.78
1317.908,12.833
1318.011,12.693
1318.108,12.627
1318.233,12.707
1318.320,12.653
1318.418,12.627
1318.515,12.707
1318.618,12.76
1318.719,12.773
1318.856,12.733
1318.858,12.78
1318.967,12.753
1319.059,12.673
1319.155,12.773
1319.256,12.747
1319.364,12.7
1319.467,12.707
1319.570,12.7
1319.653,12.72
1319.771,12.693
1319.871,12.653
1319.962,12.727
1320.067,12.8
1320.173,12.707
1320.256,12.753
1320.359,12.733
1320.481,12.74
1320.572,12.733
1320.670,12.707
1320.771,12.853
1320.876,12.667
1320.972,12.64
1321.079,12.687
1321.184,12.72
1321.285,12.7
1321.385,12.68
1321.486,12.767
1321.589,12.707
1321.694,12.647
1321.795,12.693
1321.930,12.827
1322.003,12.727
1322.101,12.64
1322.202,12.647
1322.317,12.633
1322.347,12.9
1322.515,12.733
1322.543,12.653
1322.714,12.72
1322.748,12.787
1322.846,12.68
1322.945,12.733
1323.045,12.827
1323.146,12.613
1323.244,12.753
1323.353,12.7
1323.442,12.76
1323.562,12.633
1323.658,12.693
1323.746,12.633
1323.854,12.813
1323.945,12.787
1324.050,12.673
1324.155,12.747
1324.253,12.693
1324.361,12.773
1324.479,12.753
1324.570,12.753
1324.641,12.713
1324.768,12.66
1324.846,12.713
1324.974,12.727
1325.074,12.753
1325.173,12.82
1325.285,12.76
1325.383,12.693
1325.486,12.787
1325.587,12.807
1325.695,12.773
1325.793,12.64
1325.888,12.713
1325.993,12.693
1326.092,12.793
1326.199,12.727
1326.317,12.767
1326.334,12.747
1326.503,12.687
1326.533,12.727
1326.635,12.687
1376.822,12.753
1376.849,12.753
1376.947,12.72
1377.052,12.693
1377.148,12.747
1377.250,12.74
1377.347,12.767
1377.447,12.693
1377.530,12.713
1377.653,12.773
1377.761,12.76
1377.839,12.653
1377.940,12.787
1378.059,12.713
1378.153,12.7
1378.251,12.733
1378.346,12.573
1378.435,12.753
1378.565,12.82
1378.655,12.693
1378.761,12.693
1378.863,12.687
1378.984,12.793
1379.062,12.773
1379.172,12.713
1379.256,12.807
1379.369,12.787
1379.472,12.733
1379.577,12.867
1379.677,12.747
1379.785,12.7
1379.888,12.713
1379.991,12.787
1380.086,12.673
1380.187,12.687
1380.290,12.733
1380.427,12.713
1380.430,12.713
1380.527,12.72
1380.631,12.773
1380.728,12.793
1380.837,12.713
1380.939,12.753
1381.035,12.78
1381.141,12.68
1381.246,12.727
1381.324,12.713
1381.427,12.68
1381.530,12.76
1381.630,12.873
1381.728,12.7
1381.829,12.707
1381.962,12.68
1382.065,12.74
1382.138,12.74
1382.243,12.72
1382.342,12.753
1382.447,12.713
1382.565,12.687
1382.653,12.66
1382.751,12.64
1382.851,12.68
1382.930,12.647
1383.067,12.72
1383.162,12.68
1383.261,12.66
1383.371,12.667
1383.467,12.707
1383.570,12.767
1383.633,12.667
1383.778,12.64
1383.878,12.707
1383.979,12.567
1384.111,12.693
1384.114,12.753
1384.212,12.813
1384.400,12.733
1384.417,12.727
1384.516,12.727
1384.616,12.747
1384.712,12.827
1384.812,12.64
1384.910,12.72
1385.030,12.687
1385.109,12.707
1385.211,12.653
1385.339,12.907
1385.415,12.727
1385.513,12.7
1385.616,12.62
1385.721,12.62
1385.822,12.753
1385.915,12.707
1386.030,12.713
1386.128,12.8
1386.239,12.827
1386.339,12.713
1386.437,12.8
1386.545,12.72
1386.652,12.753
1676.751,12.82
1676.847,12.787
1676.974,12.767
1677.050,12.647
1677.153,12.8
1677.255,12.773
1677.386,12.733
1677.491,12.853
1677.570,12.753
1677.711,12.667
1677.778,12.653
1677.805,12.687
1677.903,12.647
1678.003,12.82
1678.106,12.833
1678.207,12.833
1678.310,12.793
1678.410,12.74
1678.515,12.767
1678.611,12.587
1678.717,12.807
1678.812,12.7
1678.920,12.747
1678.996,12.64
1679.099,12.747
1679.224,12.733
1679.302,12.633
1679.398,12.68
1679.516,12.687
1679.616,12.733
1679.717,12.68
1679.815,12.673
1679.923,12.78
1680.030,12.727
1680.152,12.633
1680.224,12.6
1680.327,12.613
1680.430,12.68
1680.533,12.867
1680.650,12.713
1680.741,12.833
1680.847,12.707
1680.949,12.673
1681.016,12.827
1681.150,12.76
1681.255,12.613
1681.356,12.713
1681.459,12.78
1681.555,12.793
1681.658,12.74
1681.689,12.76
1681.805,12.72
1681.893,12.653
1681.994,12.76
1682.101,12.687
1682.189,12.8
1682.295,12.667
1682.403,12.647
1682.516,12.693
1682.589,12.627
1682.707,12.72
1682.793,12.627
1682.886,12.74
1682.996,12.733
1683.094,12.68
1683.224,12.647
1683.329,12.713
1683.400,12.753
1683.510,12.767
1683.621,12.687
1683.712,12.907
1683.812,12.773
1683.910,12.733
1684.030,12.66
1684.119,12.687
1684.219,12.7
1684.326,12.753
1684.427,12.727
1684.533,12.813
1684.631,12.86
1684.729,12.7
1684.841,12.613
1684.940,12.627
1685.047,12.7
1685.106,12.653
1685.212,12.713
1685.317,12.687
1685.417,12.76
1685.481,12.653
1685.684,12.68
1685.685,12.707
1685.785,12.753
1685.891,12.693
1685.989,12.627
1686.087,12.693
1686.192,12.693
1686.295,12.753
1686.393,12.687
1686.476,12.713
1686.579,12.813
1686.677,12.727
1736.780,12.693
1736.880,12.793
1736.983,12.66
1737.092,12.713
1737.189,12.68
1737.295,12.7
1737.393,12.8
1737.500,12.747
1737.601,12.82
1737.707,12.68
1737.810,12.667
1737.908,12.747
1738.030,12.773
1738.119,12.827
1738.214,12.713
1738.315,12.7
1738.415,12.707
1738.518,12.733
1738.623,12.833
1738.726,12.813
1738.856,12.673
1738.886,12.773
1739.038,12.827
1739.094,12.84
1739.195,12.747
1739.271,12.733
1739.366,12.753
1739.467,12.733
1739.565,12.693
1739.687,12.74
1739.773,12.667
1739.866,12.673
1739.976,12.727
1740.077,12.707
1740.175,12.72
1740.261,12.72
1740.366,12.66
1740.466,12.747
1740.567,12.733
1740.677,12.767
1740.778,12.733
1740.876,12.753
1740.984,12.82
1741.082,12.813
1741.182,12.627
1741.293,12.667
1741.418,12.74
1741.491,12.727
1741.599,12.727
1741.706,12.693
1741.827,12.833
1741.908,12.7
1742.032,12.773
1742.116,12.82
1742.212,12.653
1742.339,12.68
1742.412,12.707
1742.469,12.74
1742.614,12.807
1742.685,12.767
1742.826,12.767
1742.854,12.753
1742.961,12.813
1743.057,12.713
1743.229,12.653
1743.253,12.713
1743.356,12.76
1743.459,12.687
1743.565,12.84
1743.672,12.827
1743.770,12.7
1743.876,12.62
1743.954,12.667
1744.050,12.793
1744.173,12.76
1744.278,12.76
1744.364,12.787
1744.462,12.733
1744.560,12.8
1744.665,12.62
1744.770,12.687
1744.869,12.693
1744.976,12.767
1745.082,12.76
1745.179,12.747
1745.275,12.667
1745.378,12.713
1745.486,12.813
1745.591,12.7
1745.692,12.833
1745.795,12.813
1745.891,12.813
1745.994,12.8
1746.114,12.827
1746.231,12.913
1746.302,12.76
1746.413,12.707
1746.525,12.76
1746.609,12.66
1796.714,12.773
1796.744,12.913
1796.851,12.787
1796.947,12.7
1797.047,12.767
1797.153,12.66
1797.251,12.727
1797.351,12.647
1797.452,12.713
1797.555,12.74
1797.660,12.687
1797.741,12.74
1797.846,12.713
1797.956,12.807
1798.042,12.76
1798.175,12.76
1798.241,12.707
1798.349,12.693
1798.445,12.74
1798.562,12.773
1798.655,12.72
1798.768,12.733
1798.841,12.773
1798.972,12.607
1799.067,12.687
1799.168,12.687
1799.266,12.733
1799.378,12.86
1799.467,12.74
1799.582,12.68
1799.682,12.747
1799.793,12.8
1799.886,12.827
1799.988,12.76
1800.089,12.66
1800.204,12.687
1800.326,12.74
1800.398,12.84
1800.500,12.787
1800.601,12.847
1800.712,12.733
1800.741,12.76
1800.839,12.74
1800.942,12.873
1801.038,12.787
1801.146,12.673
1801.261,12.667
1801.349,12.7
1801.447,12.753
1801.550,12.82
1801.653,12.727
1801.751,12.72
1801.837,12.773
1801.937,12.773
1802.042,12.587
1802.146,12.707
1802.248,12.733
1802.361,12.713
1802.452,12.753
1802.550,12.833
1802.652,12.833
1802.746,12.667
1802.864,12.707
1802.961,12.713
1803.062,12.713
1803.168,12.74
1803.293,12.573
1803.366,12.64
1803.474,12.673
1803.603,12.713
1803.680,12.713
1803.778,12.767
1803.878,12.753
1803.981,12.66
1804.114,12.68
1804.199,12.86
1804.312,12.8
1804.390,12.7
1804.500,12.607
1804.525,12.747
1804.635,12.74
1804.733,12.727
1804.829,12.773
1804.935,12.693
1805.040,12.667
1805.141,12.68
1805.239,12.687
1805.339,12.58
1805.435,12.72
1805.527,12.7
1805.630,12.747
1805.722,12.707
1805.834,12.88
1805.930,12.727
1806.035,12.747
1806.125,12.74
1806.228,12.7
1806.332,12.773
1806.449,12.78
1806.545,12.72
1806.650,12.647
1856.773,12.847
1856.851,12.82
1856.949,12.76
1857.045,12.593
1857.155,12.693
1857.251,12.773
1857.354,12.907
1857.469,12.813
1857.577,12.647
1857.701,12.747
1857.777,12.767
1857.876,12.793
1857.967,12.807
1858.079,12.793
1858.179,12.84
1858.285,12.74
1858.314,12.753
1858.412,12.78
1858.510,12.713
1858.611,12.807
1858.722,12.667
1858.824,12.687
1858.922,12.653
1859.021,12.527
1859.126,12.707
1859.207,12.74
1859.310,12.773
1859.413,12.707
1859.516,12.76
1859.616,12.667
1859.714,12.733
1859.822,12.747
1859.920,12.773
1860.025,12.733
1860.126,12.7
1860.229,12.727
1860.331,12.56
1860.447,12.807
1860.537,12.733
1860.643,12.833
1860.739,12.687
1860.859,12.74
1860.954,12.747
1861.052,12.8
1861.108,12.707
1861.217,12.68
1861.319,12.76
1861.462,12.76
1861.560,12.847
1861.635,12.8
1861.795,12.807
1861.800,12.713
1861.976,12.667
1862.005,12.767
1862.101,12.853
1862.207,12.713
1862.309,12.753
1862.408,12.693
1862.513,12.767
1862.609,12.733
1862.695,12.68
1862.798,12.753
1862.915,12.693
1863.020,12.76
1863.106,12.787
1863.202,12.733
1863.300,12.733
1863.403,12.693
1863.505,12.707
1863.606,12.647
1863.714,12.693
1863.847,12.8
1863.920,12.8
1864.016,12.727
1864.123,12.66
1864.221,12.86
1864.332,12.713
1864.430,12.633
1864.535,12.607
1864.631,12.78
1864.733,12.72
1864.856,12.833
1864.942,12.753
1865.040,12.767
1865.146,12.773
1865.271,12.8
1865.297,12.78
1865.410,12.7
1865.516,12.64
1865.592,12.747
1865.719,12.753
1865.795,12.727
1865.898,12.747
1865.994,12.74
1866.097,12.767
1866.192,12.733
1866.298,12.713
1866.400,12.573
1866.503,12.66
1866.606,12.687
1866.694,12.673
1916.807,12.78
1916.886,12.733
1916.986,12.673
1917.106,12.66
1917.204,12.667
1917.300,12.813
1917.403,12.653
1917.496,12.707
1917.603,12.753
1917.702,12.627
1917.805,12.62
1917.913,12.713
1918.013,12.653
1918.121,12.7
1918.214,12.74
1918.317,12.733
1918.420,12.853
1918.555,12.707
1918.623,12.853
1918.719,12.713
1918.837,12.7
1918.944,12.853
1919.043,12.82
1919.146,12.773
1919.177,12.787
1919.349,12.727
1919.445,12.847
1919.555,12.7
1919.582,12.733
1919.677,12.753
1919.778,12.74
1919.876,12.807
1920.072,12.793
1920.099,12.74
1920.194,12.733
1920.295,12.673
1920.393,12.593
1920.491,12.713
1920.592,12.767
1920.673,12.713
1920.780,12.727
1920.886,12.74
1920.986,12.713
1921.106,12.68
1921.194,12.787
1921.320,12.7
1921.391,12.687
1921.491,12.853
1921.613,12.873
1921.685,12.727
1921.782,12.727
1921.908,12.733
1922.013,12.713
1922.109,12.82
1922.212,12.74
1922.320,12.667
1922.418,12.607
1922.521,12.747
1922.619,12.773
1922.746,12.633
1922.824,12.607
1922.942,12.753
1923.033,12.8
1923.130,12.753
1923.234,12.78
1923.359,12.66
1923.378,12.847
1923.538,12.613
1923.567,12.713
1923.677,12.64
1923.780,12.6
1923.878,12.827
1923.986,12.7
1924.076,12.787
1924.177,12.7
1924.280,12.587
1924.385,12.647
1924.469,12.773
1924.570,12.793
1924.668,12.74
1924.780,12.66
1924.873,12.74
1924.991,12.74
1925.089,12.747
1925.192,12.707
1925.288,12.747
1925.391,12.753
1925.516,12.753
1925.597,12.787
1925.690,12.827
1925.761,12.76
1925.903,12.747
1925.974,12.6
1926.074,12.753
1926.195,12.753
1926.336,12.773
1926.415,12.773
1926.483,12.667
1926.618,12.68
1976.717,12.753
1976.820,12.727
1976.922,12.62
1977.030,12.573
1977.057,12.74
1977.155,12.647
1977.322,12.74
1977.423,12.653
1977.472,12.747
1977.557,12.64
1977.660,12.747
1977.761,12.84
1977.866,12.753
1977.967,12.74
1978.087,12.78
1978.153,12.773
1978.255,12.747
1978.356,12.733
1978.456,12.74
1978.564,12.673
1978.660,12.687
1978.761,12.707
1978.868,12.82
1978.967,12.827
1979.072,12.7
1979.190,12.753
1979.278,12.787
1979.376,12.687
1979.479,12.807
1979.603,12.733
1979.692,12.78
1979.792,12.767
1979.888,12.74
1979.949,12.807
1980.048,12.8
1980.155,12.767
1980.292,12.74
1980.408,12.72
1980.467,12.72
1980.604,12.76
1980.677,12.82
1980.810,12.74
1980.915,12.733
1980.942,12.727
1981.052,12.753
1981.145,12.68
1981.244,12.687
1981.344,12.793
1981.462,12.733
1981.562,12.7
1981.662,12.76
1981.763,12.727
1981.841,12.893
1981.942,12.713
1982.043,12.673
1982.141,12.76
1982.251,12.707
1982.356,12.8
1982.459,12.74
1982.552,12.707
1982.662,12.68
1982.765,12.693
1982.866,12.733
1983.072,12.7
1983.074,12.687
1983.173,12.72
1983.278,12.76
1983.376,12.68
1983.474,12.693
1983.574,12.787
1983.677,12.713
1983.780,12.78
1983.883,12.893
1984.011,12.853
1984.087,12.84
1984.195,12.76
1984.334,12.727
1984.396,12.833
1984.451,12.667
1984.601,12.707
1984.665,12.727
1984.768,12.673
1984.836,12.693
1984.942,12.767
1985.038,12.72
1985.138,12.693
1985.236,12.833
1985.339,12.687
1985.437,12.74
1985.550,12.74
1985.646,12.847
1985.743,12.673
1985.849,12.767
1985.930,12.68
1986.033,12.693
1986.133,12.66
1986.241,12.72
1986.339,12.68
1986.442,12.76
1986.545,12.82
1986.653,12.713
2276.755,12.707
2276.859,12.753
2276.954,12.76
2277.057,12.787
2277.160,12.787
2277.275,12.78
2277.373,12.64
2277.471,12.873
2277.570,12.78
2277.687,12.76
2277.783,12.793
2277.880,12.833
2277.979,12.733
2278.081,12.773
2278.185,12.787
2278.293,12.76
2278.324,12.773
2278.423,12.693
2278.520,12.68
2278.623,12.793
2278.797,12.72
2278.824,12.593
2278.935,12.673
2279.033,12.76
2279.138,12.82
2279.233,12.74
2279.339,12.687
2279.444,12.673
2279.525,12.6
2279.619,12.767
2279.750,12.753
2279.847,12.787
2279.927,12.707
2280.057,12.707
2280.128,12.793
2280.258,12.567
2280.332,12.833
2280.439,12.767
2280.538,12.76
2280.652,12.7
2280.773,12.753
2280.851,12.667
2280.951,12.72
2281.050,12.66
2281.162,12.68
2281.256,12.68
2281.363,12.76
2281.461,12.753
2281.564,12.707
2281.685,12.667
2281.771,12.7
2281.876,12.787
2281.979,12.733
2282.097,12.72
2282.180,12.813
2282.282,12.773
2282.388,12.753
2282.420,12.673
2282.520,12.72
2282.616,12.66
2282.716,12.707
2282.815,12.72
2282.913,12.78
2283.006,12.813
2283.104,12.767
2283.209,12.76
2283.305,12.68
2283.430,12.773
2283.521,12.853
2283.616,12.793
2283.712,12.707
2283.815,12.867
2283.935,12.793
2284.030,12.7
2284.109,12.773
2284.207,12.86
2284.315,12.747
2284.437,12.7
2284.537,12.787
2284.643,12.707
2284.741,12.753
2284.814,12.713
2284.915,12.753
2285.048,12.8
2285.148,12.8
2285.243,12.76
2285.359,12.833
2285.452,12.773
2285.557,12.773
2285.662,12.713
2285.768,12.733
2285.864,12.687
2285.964,12.613
2286.070,12.633
2286.114,12.7
2286.202,12.78
2286.307,12.647
2286.405,12.74
2286.503,12.793
2286.613,12.76
2336.711,12.887
2336.888,12.713
2336.915,12.807
2336.998,12.56
2337.101,12.727
2337.199,12.767
2337.305,12.76
2337.403,12.807
2337.506,12.733
2337.609,12.66
2337.706,12.727
2337.809,12.727
2337.932,12.653
2338.018,12.8
2338.116,12.667
2338.221,12.713
2338.344,12.793
2338.423,12.727
2338.528,12.807
2338.626,12.8
2338.736,12.667
2338.832,12.673
2338.937,12.68
2338.996,12.773
2339.138,12.673
2339.207,12.673
2339.349,12.8
2339.452,12.727
2339.520,12.733
2339.653,12.767
2339.724,12.707
2339.788,12.753
2339.957,12.833
2339.986,12.813
2340.138,12.773
2340.199,12.793
2340.297,12.653
2340.396,12.707
2340.506,12.8
2340.606,12.72
2340.706,12.767
2340.783,12.753
2340.883,12.613
2340.988,12.893
2341.087,12.773
2341.187,12.647
2341.290,12.713
2341.393,12.86
2341.496,12.793
2341.611,12.713
2341.699,12.793
2341.802,12.687
2341.937,12.72
2342.020,12.693
2342.121,12.74
2342.217,12.847
2342.346,12.72
2342.418,12.627
2342.521,12.707
2342.630,12.713
2342.726,12.713
2342.827,12.847
2342.927,12.72
2343.038,12.667
2343.141,12.78
2343.236,12.84
2343.347,12.86
2343.449,12.76
2343.548,12.807
2343.577,12.8
2343.677,12.773
2343.780,12.72
2343.883,12.627
2343.984,12.747
2344.087,12.84
2344.180,12.72
2344.293,12.64
2344.391,12.613
2344.488,12.773
2344.589,12.833
2344.687,12.653
2344.783,12.727
2344.880,12.713
2344.989,12.873
2345.086,12.713
2345.182,12.733
2345.287,12.793
2345.393,12.653
2345.488,12.767
2345.596,12.773
2345.697,12.713
2345.798,12.64
2345.871,12.753
2345.991,12.76
2346.082,12.807
2346.204,12.693
2346.307,12.68
2346.430,12.68
2346.511,12.62
2346.621,12.713
2396.722,12.627
2396.824,12.653
2396.923,12.64
2397.028,12.64
2397.126,12.707
2397.165,12.66
2397.331,12.827
2397.432,12.773
2397.462,12.693
2397.565,12.713
2397.662,12.74
2397.768,12.707
2397.880,12.767
2397.981,12.72
2398.077,12.653
2398.180,12.787
2398.266,12.76
2398.364,12.787
2398.484,12.707
2398.562,12.66
2398.663,12.74
2398.766,12.673
2398.868,12.7
2398.971,12.673
2399.079,12.66
2399.180,12.747
2399.283,12.627
2399.386,12.753
2399.508,12.76
2399.584,12.74
2399.694,12.74
2399.790,12.7
2399.900,12.773
2400.001,12.713
2400.104,12.64
2400.167,12.787
2400.273,12.833
2400.429,12.647
2400.483,12.74
2400.616,12.627
2400.719,12.727
2400.815,12.66
2400.925,12.613
2400.954,12.713
2401.052,12.687
2401.163,12.747
2401.256,12.7
2401.351,12.633
2401.454,12.747
2401.560,12.773
2401.663,12.787
2401.761,12.833
2401.863,12.72
2401.966,12.673
2402.067,12.713
2402.150,12.793
2402.265,12.673
2402.353,12.8
2402.452,12.713
2402.555,12.713
2402.677,12.713
2402.783,12.687
2402.861,12.66
2402.957,12.647
2403.070,12.8
2403.168,12.707
2403.273,12.7
2403.378,12.72
2403.483,12.753
2403.586,12.753
2403.685,12.727
2403.782,12.687
2403.888,12.707
2403.994,12.687
2404.103,12.627
2404.192,12.76
2404.295,12.82
2404.398,12.767
2404.515,12.747
2404.542,12.687
2404.709,12.667
2404.839,12.7
2404.915,12.74
2404.942,12.773
2405.045,12.707
2405.141,12.753
2405.246,12.687
2405.344,12.733
2405.445,12.713
2405.540,12.72
2405.641,12.747
2405.761,12.713
2405.861,12.76
2405.940,12.793
2406.038,12.72
2406.148,12.733
2406.244,12.693
2406.376,12.733
2406.449,12.68
2406.548,12.76
2406.650,12.727
2456.744,12.673
2456.864,12.7
2456.961,12.693
2457.087,12.733
2457.168,12.66
2457.270,12.627
2457.376,12.86
2457.479,12.68
2457.582,12.8
2457.677,12.787
2457.785,12.66
2457.888,12.733
2457.988,12.733
2458.086,12.727
2458.190,12.793
2458.293,12.64
2458.393,12.673
2458.513,12.753
2458.599,12.72
2458.702,12.78
2458.729,12.753
2458.927,12.76
2458.930,12.707
2459.038,12.687
2459.136,12.727
2459.250,12.7
2459.342,12.633
2459.445,12.76
2459.542,12.747
2459.638,12.807
2459.746,12.82
2459.847,12.74
2459.949,12.813
2460.033,12.853
2460.138,12.767
2460.241,12.753
2460.351,12.833
2460.440,12.753
2460.540,12.773
2460.631,12.78
2460.763,12.74
2460.858,12.82
2460.956,12.78
2461.025,12.767
2461.125,12.727
2461.263,12.713
2461.364,12.627
2461.467,12.773
2461.570,12.66
2461.670,12.767
2461.773,12.693
2461.871,12.667
2461.969,12.713
2462.067,12.76
2462.190,12.787
2462.278,12.78
2462.383,12.78
2462.488,12.54
2462.601,12.587
2462.628,12.593
2462.724,12.78
2462.820,12.72
2462.925,12.787
2463.030,12.687
2463.131,12.753
2463.231,12.713
2463.334,12.707
2463.434,12.787
2463.538,12.767
2463.614,12.793
2463.728,12.68
2463.827,12.693
2463.925,12.787
2464.033,12.8
2464.136,12.753
2464.234,12.66
2464.332,12.853
2464.440,12.8
2464.543,12.693
2464.648,12.62
2464.761,12.64
2464.853,12.653
2464.952,12.56
2465.055,12.727
2465.173,12.727
2465.251,12.66
2465.359,12.733
2465.457,12.66
2465.523,12.76
2465.631,12.767
2465.768,12.773
2465.869,12.707
2465.976,12.74
2466.077,12.72
2466.177,12.673
2466.275,12.787
2466.371,12.753
2466.479,12.713
2466.511,12.76
2466.623,12.76
2466.709,12.74
2516.814,12.673
2516.913,12.833
2517.010,12.733
2517.123,12.64
2517.204,12.613
2517.334,12.733
2517.413,12.7
2517.511,12.72
2517.608,12.793
2517.724,12.68
2517.822,12.853
2517.917,12.747
2518.023,12.807
2518.119,12.593
2518.222,12.693
2518.326,12.687
2518.437,12.74
2518.532,12.767
2518.631,12.733
2518.701,12.807
2518.847,12.68
2518.944,12.707
2519.020,12.687
2519.141,12.78
2519.251,12.727
2519.351,12.76
2519.449,12.793
2519.552,12.747
2519.655,12.833
2519.751,12.767
2519.854,12.667
2519.952,12.84
2520.003,12.793
2520.099,12.66
2520.197,12.653
2520.298,12.66
2520.396,12.593
2520.500,12.78
2520.687,12.82
2520.712,12.56
2520.815,12.66
2520.893,12.66
2521.008,12.673
2521.097,12.667
2521.199,12.813
2521.327,12.687
2521.420,12.727
2521.498,12.687
2521.609,12.76
2521.706,12.753
2521.812,12.807
2521.915,12.773
2522.011,12.653
2522.111,12.567
2522.222,12.707
2522.317,12.587
2522.420,12.807
2522.527,12.787
2522.628,12.713
2522.728,12.727
2522.846,12.687
2522.935,12.753
2523.038,12.7
2523.096,12.713
2523.212,12.747
2523.305,12.707
2523.407,12.66
2523.545,12.667
2523.621,12.673
2523.751,12.707
2523.854,12.64
2523.956,12.68
2523.989,12.733
2524.084,12.78
2524.185,12.7
2524.285,12.673
2524.390,12.76
2524.491,12.727
2524.594,12.673
2524.685,12.733
2524.800,12.707
2524.903,12.7
2525.001,12.727
2525.094,12.68
2525.216,12.653
2525.290,12.713
2525.393,12.787
2525.496,12.793
2525.599,12.733
2525.697,12.74
2525.798,12.787
2525.900,12.787
2526.040,12.747
2526.113,12.66
2526.209,12.74
2526.310,12.713
2526.413,12.747
2526.521,12.767
2526.618,12.827
2576.724,12.773
2576.822,12.687
2576.934,12.82
2577.033,12.847
2577.092,12.7
2577.199,12.72
2577.334,12.687
2577.408,12.687
2577.542,12.627
2577.643,12.827
2577.753,12.78
2577.783,12.807
2577.878,12.713
2577.991,12.847
2578.096,12.76
2578.187,12.7
2578.288,12.733
2578.385,12.927
2578.494,12.873
2578.591,12.693
2578.694,12.693
2578.771,12.727
2578.873,12.72
2578.974,12.74
2579.092,12.693
2579.184,12.7
2579.280,12.687
2579.383,12.667
2579.484,12.74
2579.594,12.633
2579.694,12.873
2579.795,12.747
2579.896,12.773
2579.996,12.733
2580.099,12.78
2580.202,12.753
2580.312,12.753
2580.410,12.72
2580.511,12.793
2580.614,12.753
2580.714,12.787
2580.819,12.713
2580.930,12.773
2581.021,12.773
2581.155,12.66
2581.229,12.807
2581.344,12.793
2581.371,12.7
2581.535,12.713
2581.638,12.773
2581.665,12.733
2581.766,12.727
2581.863,12.64
2581.966,12.713
2582.069,12.78
2582.172,12.773
2582.273,12.827
2582.376,12.78
2582.464,12.693
2582.560,12.673
2582.660,12.76
2582.768,12.593
2582.866,12.707
2582.969,12.833
2583.077,12.707
2583.180,12.673
2583.275,12.747
2583.371,12.66
2583.471,12.727
2583.587,12.82
2583.717,12.773
2583.793,12.847
2583.915,12.78
2583.996,12.74
2584.097,12.74
2584.199,12.893
2584.307,12.713
2584.403,12.667
2584.511,12.707
2584.614,12.833
2584.743,12.78
2584.815,12.767
2584.920,12.88
2585.023,12.7
2585.052,12.633
2585.228,12.753
2585.255,12.68
2585.364,12.607
2585.451,12.713
2585.555,12.687
2585.660,12.713
2585.753,12.667
2585.856,12.68
2585.949,12.76
2586.077,12.773
2586.170,12.833
2586.277,12.8
2586.349,12.807
2586.449,12.827
2586.555,12.727
2586.653,12.707
2876.760,12.76
2876.864,12.84
2876.961,12.82
2877.084,12.68
2877.177,12.773
2877.288,12.807
2877.351,12.767
2877.452,12.78
2877.589,12.773
2877.667,12.76
2877.746,12.713
2877.883,12.68
2877.986,12.733
2878.087,12.793
2878.195,12.713
2878.297,12.753
2878.369,12.753
2878.506,12.8
2878.603,12.813
2878.692,12.753
2878.744,12.747
2878.905,12.733
2879.016,12.753
2879.111,12.74
2879.212,12.773
2879.241,12.74
2879.341,12.733
2879.451,12.753
2879.554,12.693
2879.650,12.687
2879.751,12.713
2879.839,12.693
2879.959,12.707
2880.057,12.787
2880.158,12.773
2880.238,12.68
2880.339,12.753
2880.445,12.647
2880.555,12.647
2880.648,12.747
2880.756,12.747
2880.858,12.793
2880.966,12.78
2881.062,12.733
2881.160,12.693
2881.265,12.713
2881.354,12.84
2881.437,12.667
2881.589,12.753
2881.655,12.753
2881.782,12.867
2881.878,12.813
2882.000,12.773
2882.087,12.753
2882.190,12.673
2882.287,12.693
2882.391,12.693
2882.494,12.907
2882.594,12.807
2882.697,12.733
2882.729,12.693
2882.900,12.707
2882.932,12.66
2883.028,12.64
2883.130,12.633
2883.231,12.787
2883.337,12.827
2883.427,12.693
2883.540,12.72
2883.643,12.727
2883.743,12.66
2883.837,12.693
2883.935,12.74
2884.030,12.78
2884.128,12.847
2884.231,12.7
2884.332,12.72
2884.430,12.693
2884.528,12.7
2884.663,12.847
2884.741,12.667
2884.844,12.64
2884.947,12.807
2885.052,12.8
2885.153,12.667
2885.263,12.693
2885.342,12.613
2885.466,12.68
2885.570,12.853
2885.675,12.84
2885.773,12.813
2885.871,12.747
2885.972,12.787
2886.074,12.72
2886.177,12.773
2886.283,12.667
2886.383,12.693
2886.491,12.687
2886.520,12.693
2886.616,12.853
2936.734,12.64
2936.822,12.787
2936.923,12.7
2937.016,12.68
2937.125,12.82
2937.226,12.82
2937.326,12.72
2937.429,12.793
2937.538,12.787
2937.616,12.667
2937.714,12.753
2937.834,12.727
2937.923,12.667
2938.020,12.687
2938.130,12.76
2938.248,12.813
2938.332,12.7
2938.437,12.7
2938.540,12.68
2938.641,12.68
2938.741,12.813
2938.844,12.827
2938.949,12.733
2939.052,12.727
2939.152,12.653
2939.248,12.747
2939.349,12.82
2939.415,12.84
2939.521,12.78
2939.630,12.707
2939.766,12.787
2939.866,12.713
2939.964,12.713
2940.086,12.833
2940.175,12.833
2940.278,12.74
2940.378,12.793
2940.408,12.7
2940.508,12.74
2940.606,12.74
2940.706,12.647
2940.807,12.72
2940.912,12.753
2941.018,12.733
2941.197,12.64
2941.224,12.64
2941.324,12.807
2941.425,12.833
2941.511,12.913
2941.611,12.753
2941.714,12.693
2941.810,12.88
2941.923,12.753
2942.018,12.86
2942.116,12.807
2942.219,12.787
2942.324,12.687
2942.423,12.733
2942.528,12.72
2942.628,12.727
2942.734,12.727
2942.832,12.773
2942.940,12.767
2943.043,12.693
2943.141,12.687
2943.243,12.753
2943.349,12.813
2943.447,12.78
2943.548,12.8
2943.655,12.72
2943.761,12.66
2943.859,12.747
2943.964,12.827
2944.084,12.8
2944.101,12.78
2944.197,12.78
2944.300,12.64
2944.396,12.7
2944.498,12.807
2944.613,12.773
2944.699,12.773
2944.819,12.707
2944.908,12.827
2945.016,12.787
2945.094,12.753
2945.214,12.753
2945.300,12.813
2945.402,12.7
2945.498,12.733
2945.603,12.807
2945.709,12.72
2945.810,12.687
2945.922,12.693
2946.010,12.753
2946.114,12.627
2946.214,12.753
2946.334,12.753
2946.417,12.827
2946.513,12.833
2946.621,12.807
2996.734,12.68
2996.827,12.66
2996.927,12.687
2997.030,12.687
2997.133,12.8
2997.234,12.753
2997.339,12.7
2997.440,12.86
2997.543,12.747
2997.646,12.693
2997.760,12.747
2997.851,12.747
2997.952,12.733
2998.055,12.76
2998.084,12.727
2998.194,12.727
2998.283,12.727
2998.391,12.667
2998.494,12.72
2998.597,12.733
2998.699,12.78
2998.800,12.713
2998.898,12.687
2999.003,12.7
2999.104,12.713
2999.199,12.813
2999.297,12.667
2999.391,12.653
2999.481,12.707
2999.597,12.62
2999.697,12.747
2999.795,12.707
2999.898,12.873
3000.008,12.84
3000.106,12.733
3000.206,12.733
3000.332,12.727
3000.420,12.767
3000.518,12.653
3000.614,12.693
3000.699,12.793
3000.820,12.84
3000.923,12.693
3001.025,12.707
3001.133,12.66
3001.236,12.727
3001.334,12.633
3001.440,12.74
3001.476,12.747
3001.640,12.713
3001.741,12.787
3001.851,12.747
3001.880,12.76
3001.979,12.72
3002.077,12.653
3002.194,12.687
3002.290,12.653
3002.386,12.647
3002.491,12.733
3002.582,12.707
3002.672,12.72
3002.773,12.74
3002.876,12.8
3002.976,12.72
3003.072,12.713
3003.195,12.707
3003.271,12.84
3003.381,12.7
3003.483,12.74
3003.587,12.733
3003.687,12.7
3003.768,12.753
3003.915,12.7
3004.006,12.807
3004.097,12.733
3004.199,12.647
3004.271,12.693
3004.418,12.66
3004.486,12.553
3004.608,12.7
3004.712,12.713
3004.812,12.853
3004.910,12.82
3005.018,12.8
3005.119,12.667
3005.222,12.733
3005.326,12.72
3005.432,12.847
3005.523,12.827
3005.635,12.78
3005.662,12.82
3005.844,12.733
3005.861,12.733
3005.967,12.66
3006.065,12.713
3006.168,12.707
3006.280,12.707
3006.376,12.713
3006.474,12.867
3006.579,12.787
3006.668,12.72
3056.761,12.74
3056.866,12.593
3056.964,12.76
3057.069,12.713
3057.177,12.773
3057.273,12.753
3057.383,12.72
3057.479,12.68
3057.579,12.633
3057.682,12.66
3057.792,12.707
3057.888,12.8
3057.991,12.807
3058.094,12.733
3058.192,12.667
3058.317,12.713
3058.415,12.74
3058.503,12.84
3058.601,12.82
3058.704,12.807
3058.760,12.727
3058.868,12.707
3058.967,12.913
3059.114,12.8
3059.153,12.627
3059.256,12.78
3059.425,12.767
3059.452,12.867
3059.565,12.82
3059.653,12.753
3059.761,12.72
3059.940,12.827
3059.969,12.707
3060.067,12.88
3060.163,12.727
3060.255,12.753
3060.349,12.707
3060.445,12.667
3060.548,12.767
3060.665,12.827
3060.761,12.74
3060.861,12.733
3060.961,12.74
3061.060,12.773
3061.162,12.813
3061.260,12.887
3061.366,12.74
3061.471,12.787
3061.574,12.773
3061.675,12.84
3061.778,12.853
3061.880,12.773
3061.983,12.74
3062.092,12.707
3062.185,12.807
3062.290,12.787
3062.391,12.713
3062.503,12.767
3062.599,12.653
3062.699,12.807
3062.800,12.88
3062.905,12.753
3063.005,12.673
3063.109,12.793
3063.141,12.873
3063.314,12.727
3063.341,12.707
3063.445,12.72
3063.564,12.753
3063.650,12.793
3063.750,12.673
3063.851,12.787
3063.954,12.767
3064.057,12.653
3064.157,12.72
3064.256,12.753
3064.342,12.753
3064.439,12.653
3064.547,12.753
3064.663,12.747
3064.748,12.867
3064.854,12.693
3064.954,12.767
3065.077,12.793
3065.160,12.807
3065.258,12.853
3065.400,12.607
3065.456,12.733
3065.574,12.813
3065.673,12.733
3065.778,12.747
3065.883,12.72
3065.979,12.713
3066.082,12.807
3066.189,12.713
3066.283,12.767
3066.393,12.713
3066.501,12.86
3066.599,12.7
3066.694,12.753
3116.802,12.773
3116.831,12.76
3116.937,12.793
3117.035,12.8
3117.135,12.787
3117.238,12.68
3117.334,12.847
3117.437,12.8
3117.535,12.72
3117.636,12.753
3117.739,12.753
3117.842,12.733
3117.923,12.787
3118.028,12.793
3118.126,12.847
3118.228,12.68
3118.339,12.68
3118.435,12.713
3118.535,12.78
3118.623,12.707
3118.751,12.747
3118.842,12.807
3118.945,12.687
3119.048,12.76
3119.152,12.72
3119.256,12.82
3119.361,12.733
3119.459,12.793
3119.565,12.767
3119.687,12.727
3119.756,12.78
3119.878,12.733
3119.974,12.7
3120.072,12.787
3120.182,12.807
3120.285,12.787
3120.380,12.733
3120.516,12.773
3120.591,12.807
3120.619,12.753
3120.724,12.727
3120.820,12.68
3120.934,12.78
3121.020,12.72
3121.121,12.733
3121.222,12.727
3121.327,12.78
3121.425,12.793
3121.535,12.827
3121.717,12.847
3121.719,12.653
3121.842,12.747
3121.915,12.58
3122.018,12.68
3122.125,12.64
3122.222,12.8
3122.347,12.747
3122.430,12.673
3122.533,12.747
3122.640,12.773
3122.748,12.773
3122.837,12.767
3122.947,12.887
3123.077,12.813
3123.160,12.8
3123.280,12.633
3123.354,12.727
3123.410,12.66
3123.559,12.673
3123.660,12.713
3123.763,12.8
3123.826,12.753
3123.957,12.673
3124.079,12.847
3124.106,12.787
3124.263,12.673
3124.307,12.727
3124.474,12.687
3124.506,12.813
3124.609,12.807
3124.706,12.787
3124.807,12.687
3124.917,12.787
3125.023,12.567
3125.123,12.753
3125.202,12.74
3125.322,12.773
3125.423,12.753
3125.525,12.74
3125.604,12.727
3125.712,12.727
3125.807,12.707
3125.907,12.713
3126.101,12.76
3126.108,12.807
3126.222,12.693
3126.320,12.76
3126.425,12.8
3126.523,12.673
3126.628,12.773
3176.729,12.74
3176.836,12.687
3176.935,12.853
3177.038,12.7
3177.160,12.773
3177.239,12.813
3177.342,12.687
3177.454,12.733
3177.527,12.713
3177.609,12.7
3177.709,12.747
3177.856,12.78
3177.927,12.64
3178.057,12.793
3178.131,12.707
3178.199,12.647
3178.369,12.633
3178.396,12.82
3178.494,12.673
3178.675,12.78
3178.701,12.847
3178.798,12.713
3178.900,12.693
3178.998,12.747
3179.111,12.767
3179.209,12.733
3179.310,12.62
3179.408,12.873
3179.501,12.793
3179.599,12.827
3179.702,12.773
3179.810,12.747
3179.905,12.867
3180.013,12.733
3180.099,12.74
3180.217,12.773
3180.320,12.787
3180.420,12.68
3180.518,12.733
3180.621,12.647
3180.721,12.787
3180.834,12.693
3180.929,12.713
3181.035,12.647
3181.138,12.84
3181.246,12.74
3181.342,12.733
3181.437,12.68
3181.538,12.727
3181.643,12.787
3181.744,12.833
3181.805,12.647
3181.910,12.78
3181.986,12.787
3182.087,12.647
3182.185,12.72
3182.363,12.707
3182.386,12.713
3182.486,12.673
3182.582,12.733
3182.684,12.84
3182.783,12.793
3182.883,12.813
3183.010,12.72
3183.082,12.667
3183.182,12.647
3183.280,12.76
3183.407,12.64
3183.486,12.76
3183.589,12.78
3183.690,12.693
3183.819,12.793
3183.902,12.773
3184.003,12.833
3184.099,12.74
3184.211,12.66
3184.310,12.813
3184.412,12.7
3184.510,12.893
3184.619,12.753
3184.717,12.8
3184.817,12.8
3184.922,12.72
3185.028,12.773
3185.126,12.667
3185.244,12.647
3185.334,12.773
3185.430,12.807
3185.535,12.753
3185.611,12.707
3185.675,12.707
3185.775,12.793
3185.944,12.747
3185.979,12.74
3186.074,12.6
3186.202,12.64
3186.283,12.653
3186.385,12.767
3186.488,12.813
3186.592,12.72
3476.763,12.693
3476.770,12.76
3476.873,12.787
3476.976,12.72
3477.082,12.84
3477.180,12.693
3477.285,12.66
3477.381,12.707
3477.494,12.827
3477.591,12.72
3477.689,12.667
3477.790,12.773
3477.895,12.86
3477.993,12.76
3478.094,12.653
3478.195,12.747
3478.298,12.887
3478.400,12.68
3478.506,12.787
3478.609,12.8
3478.714,12.693
3478.810,12.687
3478.920,12.747
3479.015,12.833
3479.116,12.607
3479.219,12.707
3479.332,12.673
3479.429,12.687
3479.528,12.727
3479.630,12.727
3479.734,12.733
3479.763,12.793
3479.861,12.76
3479.962,12.693
3480.065,12.807
3480.170,12.8
3480.268,12.713
3480.388,12.78
3480.479,12.747
3480.579,12.853
3480.677,12.867
3480.780,12.747
3480.869,12.727
3480.966,12.733
3481.065,12.793
3481.170,12.767
3481.270,12.873
3481.380,12.647
3481.491,12.78
3481.579,12.753
3481.685,12.793
3481.780,12.7
3481.903,12.68
3481.974,12.693
3482.092,12.773
3482.192,12.787
3482.297,12.707
3482.393,12.627
3482.513,12.753
3482.604,12.747
3482.707,12.78
3482.805,12.8
3482.905,12.813
3483.010,12.74
3483.111,12.747
3483.222,12.787
3483.251,12.687
3483.354,12.78
3483.452,12.833
3483.554,12.853
3483.650,12.753
3483.765,12.793
3483.861,12.78
3483.962,12.72
3484.065,12.707
3484.158,12.72
3484.261,12.687
3484.366,12.7
3484.454,12.853
3484.550,12.807
3484.646,12.753
3484.756,12.793
3484.854,12.82
3484.959,12.847
3485.055,12.68
3485.165,12.733
3485.277,12.72
3485.373,12.687
3485.469,12.767
3485.579,12.747
3485.675,12.733
3485.773,12.867
3485.878,12.72
3485.979,12.773
3486.084,12.733
3486.184,12.7
3486.268,12.76
3486.388,12.753
3486.491,12.733
3486.592,12.693
3486.704,12.687
3536.802,12.707
3536.900,12.76
3537.006,12.787
3537.043,12.84
3537.140,12.8
3537.317,12.82
3537.344,12.707
3537.440,12.667
3537.543,12.673
3537.648,12.727
3537.739,12.773
3537.853,12.78
3537.951,12.74
3538.050,12.873
3538.152,12.813
3538.255,12.74
3538.337,12.82
3538.439,12.713
3538.543,12.693
3538.643,12.573
3538.744,12.647
3538.847,12.813
3538.956,12.767
3539.052,12.707
3539.153,12.747
3539.255,12.747
3539.342,12.747
3539.449,12.667
3539.535,12.7
3539.636,12.753
3539.758,12.76
3539.844,12.8
3539.989,12.8
3540.042,12.86
3540.167,12.62
3540.258,12.76
3540.381,12.747
3540.478,12.607
3540.596,12.707
3540.690,12.713
3540.800,12.72
3540.896,12.753
3541.006,12.687
3541.097,12.707
3541.126,12.773
3541.305,12.793
3541.337,12.713
3541.437,12.72
3541.535,12.78
3541.633,12.8
3541.736,12.753
3541.827,12.693
3541.947,12.773
3542.043,12.74
3542.150,12.693
3542.226,12.68
3542.327,12.76
3542.429,12.753
3542.540,12.713
3542.636,12.787
3542.761,12.727
3542.839,12.733
3542.954,12.833
3543.050,12.667
3543.146,12.787
3543.251,12.787
3543.351,12.733
3543.454,12.893
3543.535,12.86
3543.663,12.807
3543.763,12.86
3543.824,12.813
3543.927,12.767
3544.079,12.873
3544.141,12.773
3544.263,12.813
3544.375,12.713
3544.469,12.86
3544.570,12.82
3544.623,12.833
3544.724,12.907
3544.817,12.907
3544.989,12.807
3545.018,12.76
3545.116,12.753
3545.217,12.707
3545.322,12.673
3545.423,12.787
3545.527,12.753
3545.630,12.733
3545.731,12.687
3545.826,12.7
3545.915,12.78
3546.015,12.74
3546.133,12.76
3546.219,12.687
3546.320,12.76
3546.423,12.807
3546.527,12.667
3546.630,12.767
3596.729,12.84
3596.827,12.66
3596.940,12.653
3597.048,12.693
3597.146,12.813
3597.246,12.673
3597.354,12.707
3597.449,12.86
3597.550,12.84
3597.663,12.767
3597.763,12.793
3597.824,12.787
3597.930,12.733
3598.097,12.7
3598.131,12.7
3598.207,12.807
3598.307,12.72
3598.442,12.813
3598.565,12.8
3598.616,12.7
3598.707,12.807
3598.873,12.76
3598.923,12.733
3599.018,12.693
3599.131,12.84
3599.216,12.727
3599.314,12.727
3599.417,12.72
3599.523,12.72
3599.601,12.733
3599.702,12.713
3599.802,12.727
3599.912,12.773
3600.008,12.68
3600.111,12.833
3600.236,12.753
3600.324,12.727
3600.423,12.68
3600.518,12.82
3600.601,12.673
3600.716,12.76
3600.836,12.82
3600.930,12.82
3601.040,12.753
3601.140,12.653
3601.236,12.753
3601.337,12.733
3601.452,12.72
3601.547,12.8
3601.645,12.493
3601.748,12.653
3601.851,12.747
3601.957,12.733
3602.070,12.773
3602.157,12.74
3602.260,12.647
3602.364,12.833
3602.395,12.847
3602.506,12.707
3602.601,12.807
3602.712,12.813
3602.807,12.707
3602.896,12.74
3602.994,12.66
3603.108,12.713
3603.204,12.76
3603.307,12.807
3603.405,12.78
3603.503,12.807
3603.611,12.773
3603.709,12.78
3603.812,12.733
3603.910,12.753
3604.003,12.68
3604.104,12.813
3604.216,12.713
3604.320,12.773
3604.422,12.76
3604.520,12.673
3604.650,12.693
3604.726,12.767
3604.824,12.68
3604.923,12.747
3605.011,12.807
3605.128,12.727
3605.229,12.687
3605.332,12.787
3605.434,12.747
3605.537,12.64
3605.638,12.66
3605.748,12.667
3605.844,12.687
3605.945,12.733
3606.048,12.827
3606.158,12.66
3606.187,12.7
3606.285,12.713
3606.483,12.66
3606.501,12.767
3606.597,12.687
3606.694,12.733
3656.792,12.687
3656.896,12.807
3656.994,12.74
3657.101,12.807
3657.219,12.72
3657.280,12.587
3657.391,12.78
3657.501,12.693
3657.584,12.727
3657.687,12.7
3657.793,12.74
3657.891,12.693
3657.996,12.733
3658.097,12.72
3658.192,12.693
3658.319,12.7
3658.405,12.86
3658.506,12.647
3658.609,12.773
3658.687,12.78
3658.820,12.8
3658.918,12.787
3659.021,12.633
3659.123,12.673
3659.222,12.893
3659.326,12.707
3659.427,12.773
3659.488,12.827
3659.633,12.747
3659.734,12.7
3659.839,12.62
3659.940,12.627
3660.043,12.773
3660.070,12.727
3660.182,12.773
3660.278,12.767
3660.375,12.707
3660.476,12.647
3660.569,12.74
3660.690,12.787
3660.788,12.727
3660.893,12.773
3660.974,12.707
3661.070,12.693
3661.168,12.733
3661.282,12.607
3661.381,12.72
3661.484,12.76
3661.579,12.667
3661.712,12.8
3661.785,12.687
3661.890,12.767
3661.994,12.62
3662.070,12.62
3662.194,12.853
3662.297,12.827
3662.430,12.767
3662.501,12.693
3662.564,12.767
3662.667,12.627
3662.768,12.7
3662.869,12.82
3662.979,12.7
3663.097,12.633
3663.195,12.693
3663.320,12.713
3663.417,12.747
3663.464,12.707
3663.562,12.713
3663.729,12.653
3663.832,12.787
3663.876,12.78
3664.037,12.733
3664.065,12.747
3664.163,12.713
3664.266,12.78
3664.369,12.727
3664.469,12.667
3664.569,12.68
3664.658,12.733
3664.777,12.753
3664.880,12.72
3664.959,12.747
3665.060,12.727
3665.163,12.767
3665.263,12.747
3665.373,12.76
3665.469,12.793
3665.565,12.673
3665.668,12.687
3665.775,12.673
3665.878,12.72
3665.981,12.747
3666.084,12.84
3666.180,12.807
3666.288,12.853
3666.405,12.727
3666.496,12.74
3666.597,12.593
3666.699,12.747
3716.815,12.753
3716.913,12.68
3716.971,12.68
3717.070,12.7
3717.177,12.693
3717.253,12.747
3717.407,12.7
3717.459,12.7
3717.554,12.753
3717.650,12.727
3717.756,12.653
3717.920,12.767
3717.971,12.793
3718.062,12.76
3718.165,12.807
3718.266,12.707
3718.344,12.66
3718.464,12.627
3718.550,12.713
3718.653,12.587
3718.751,12.76
3718.849,12.713
3718.947,12.713
3719.055,12.7
3719.155,12.667
3719.261,12.713
3719.344,12.607
3719.464,12.667
3719.560,12.833
3719.668,12.627
3719.780,12.84
3719.878,12.8
3719.976,12.74
3720.081,12.693
3720.180,12.7
3720.283,12.713
3720.386,12.68
3720.491,12.68
3720.589,12.847
3720.694,12.847
3720.815,12.807
3720.896,12.74
3721.000,12.707
3721.101,12.733
3721.182,12.727
3721.246,12.767
3721.410,12.773
3721.437,12.713
3721.550,12.767
3721.641,12.78
3721.753,12.813
3721.859,12.82
3721.945,12.74
3722.047,12.793
3722.143,12.733
3722.255,12.713
3722.354,12.753
3722.449,12.68
3722.554,12.72
3722.653,12.747
3722.741,12.94
3722.844,12.767
3722.945,12.687
3723.065,12.727
3723.160,12.78
3723.256,12.707
3723.356,12.74
3723.456,12.88
3723.559,12.9
3723.655,12.733
3723.755,12.813
3723.866,12.787
3723.969,12.727
3724.070,12.64
3724.173,12.7
3724.275,12.747
3724.378,12.687
3724.489,12.793
3724.538,12.713
3724.640,12.653
3724.788,12.72
3724.903,12.693
3724.930,12.66
3725.059,12.68
3725.163,12.713
3725.226,12.793
3725.342,12.88
3725.435,12.773
3725.547,12.747
3725.638,12.713
3725.733,12.773
3725.829,12.74
3725.961,12.62
3726.027,12.64
3726.146,12.68
3726.234,12.827
3726.327,12.733
3726.437,12.74
3726.533,12.82
3726.635,12.767
3776.739,12.673
3776.837,12.587
3776.932,12.753
3777.064,12.793
3777.153,12.847
3777.248,12.813
3777.347,12.707
3777.449,12.74
3777.554,12.673
3777.658,12.767
3777.758,12.687
3777.869,12.647
3777.964,12.74
3778.067,12.727
3778.168,12.7
3778.280,12.747
3778.371,12.733
3778.476,12.72
3778.601,12.793
3778.680,12.713
3778.782,12.653
3778.900,12.72
3778.918,12.753
3779.089,12.693
3779.116,12.767
3779.214,12.8
3779.336,12.76
3779.420,12.807
3779.523,12.773
3779.633,12.827
3779.719,12.693
3779.822,12.76
3779.927,12.68
3780.035,12.667
3780.131,12.707
3780.229,12.74
3780.324,12.787
3780.415,12.64
3780.523,12.673
3780.619,12.707
3780.738,12.753
3780.831,12.753
3780.932,12.707
3781.033,12.787
3781.150,12.707
3781.246,12.7
3781.342,12.68
3781.474,12.76
3781.555,12.787
3781.655,12.7
3781.758,12.84
3781.839,12.8
3781.957,12.667
3782.067,12.6
3782.160,12.7
3782.273,12.693
3782.369,12.713
3782.467,12.74
3782.576,12.847
3782.614,12.567
3782.775,12.787
3782.878,12.827
3782.905,12.84
3783.011,12.693
3783.106,12.753
3783.221,12.773
3783.310,12.54
3783.423,12.713
3783.518,12.693
3783.606,12.84
3783.699,12.833
3783.812,12.753
3783.917,12.707
3784.018,12.687
3784.103,12.78
3784.209,12.747
3784.302,12.693
3784.415,12.787
3784.503,12.847
3784.608,12.693
3784.719,12.84
3784.798,12.693
3784.932,12.767
3785.003,12.787
3785.148,12.607
3785.234,12.753
3785.337,12.733
3785.442,12.72
3785.559,12.7
3785.646,12.673
3785.704,12.8
3785.849,12.72
3785.952,12.7
3786.052,12.9
3786.153,12.727
3786.248,12.76
3786.359,12.6
3786.412,12.753
3786.511,12.893
3786.668,12.753
3786.694,12.72
4076.793,12.68
4076.903,12.807
4077.008,12.74
4077.099,12.747
4077.207,12.667
4077.290,12.76
4077.396,12.747
4077.500,12.693
4077.604,12.64
4077.690,12.813
4077.793,12.773
4077.910,12.767
4078.006,12.773
4078.111,12.86
4078.209,12.82
4078.315,12.773
4078.417,12.653
4078.500,12.767
4078.604,12.787
4078.722,12.787
4078.827,12.687
4078.912,12.667
4079.054,12.713
4079.133,12.847
4079.234,12.72
4079.334,12.7
4079.430,12.767
4079.533,12.767
4079.648,12.687
4079.744,12.667
4079.842,12.733
4079.944,12.78
4080.045,12.773
4080.148,12.847
4080.251,12.647
4080.293,12.693
4080.383,12.74
4080.489,12.78
4080.584,12.767
4080.684,12.727
4080.788,12.833
4080.890,12.733
4080.993,12.713
4081.097,12.72
4081.197,12.66
4081.298,12.793
4081.396,12.667
4081.479,12.767
4081.582,12.72
4081.690,12.74
4081.785,12.76
4081.893,12.753
4081.978,12.753
4082.082,12.873
4082.187,12.773
4082.293,12.747
4082.393,12.693
4082.496,12.767
4082.584,12.733
4082.702,12.76
4082.804,12.767
4082.913,12.733
4083.011,12.64
4083.111,12.753
4083.234,12.687
4083.322,12.8
4083.418,12.86
4083.527,12.8
4083.645,12.8
4083.672,12.84
4083.858,12.847
4083.939,12.807
4084.040,12.72
4084.140,12.8
4084.173,12.78
4084.344,12.727
4084.376,12.72
4084.472,12.713
4084.574,12.667
4084.677,12.773
4084.785,12.66
4084.883,12.733
4084.988,12.667
4085.072,12.687
4085.175,12.727
4085.270,12.787
4085.371,12.673
4085.483,12.687
4085.579,12.76
4085.682,12.627
4085.805,12.82
4085.891,12.773
4085.969,12.793
4086.074,12.733
4086.173,12.74
4086.285,12.747
4086.386,12.727
4086.472,12.753
4086.577,12.687
4086.697,12.787
4136.793,12.767
4136.910,12.787
4136.991,12.827
4137.111,12.64
4137.207,12.713
4137.320,12.693
4137.418,12.82
4137.513,12.773
4137.614,12.773
4137.667,12.72
4137.822,12.693
4137.923,12.793
4137.974,12.78
4138.057,12.853
4138.179,12.767
4138.270,12.66
4138.378,12.733
4138.469,12.827
4138.570,12.727
4138.670,12.653
4138.770,12.727
4138.876,12.72
4138.954,12.727
4139.057,12.66
4139.162,12.8
4139.261,12.807
4139.364,12.667
4139.479,12.76
4139.572,12.693
4139.670,12.687
4139.775,12.773
4139.893,12.713
4139.989,12.667
4140.087,12.753
4140.184,12.607
4140.287,12.713
4140.408,12.747
4140.491,12.64
4140.550,12.793
4140.695,12.707
4140.763,12.753
4140.869,12.793
4140.994,12.74
4141.094,12.84
4141.185,12.707
4141.317,12.693
4141.398,12.74
4141.447,12.74
4141.636,12.667
4141.729,12.713
4141.758,12.667
4141.854,12.74
4141.957,12.787
4142.052,12.733
4142.153,12.813
4142.261,12.753
4142.347,12.747
4142.467,12.693
4142.548,12.747
4142.643,12.653
4142.751,12.747
4142.858,12.707
4142.957,12.52
4143.050,12.787
4143.155,12.793
4143.266,12.767
4143.363,12.7
4143.459,12.76
4143.567,12.687
4143.665,12.7
4143.766,12.733
4143.866,12.813
4143.972,12.727
4144.097,12.787
4144.177,12.653
4144.258,12.733
4144.391,12.86
4144.444,12.813
4144.543,12.813
4144.648,12.74
4144.751,12.833
4144.859,12.74
4144.964,12.673
4145.043,12.78
4145.141,12.767
4145.241,12.753
4145.405,12.833
4145.437,12.68
4145.540,12.727
4145.635,12.66
4145.751,12.76
4145.839,12.793
4145.940,12.86
4146.037,12.773
4146.140,12.807
4146.236,12.887
4146.337,12.647
4146.437,12.78
4146.537,12.8
4146.653,12.74
4196.736,12.767
4196.853,12.78
4196.951,12.733
4197.047,12.733
4197.146,12.753
4197.243,12.72
4197.353,12.72
4197.454,12.833
4197.565,12.753
4197.658,12.707
4197.785,12.84
4197.864,12.807
4197.978,12.747
4198.076,12.753
4198.172,12.72
4198.271,12.82
4198.376,12.8
4198.478,12.807
4198.579,12.74
4198.682,12.687
4198.785,12.74
4198.896,12.733
4198.925,12.64
4199.092,12.76
4199.204,12.773
4199.229,12.653
4199.332,12.76
4199.427,12.767
4199.535,12.74
4199.631,12.74
4199.728,12.707
4199.839,12.673
4199.934,12.787
4200.033,12.727
4200.136,12.807
4200.222,12.88
4200.322,12.84
4200.435,12.86
4200.528,12.747
4200.621,12.593
4200.731,12.673
4200.827,12.747
4200.944,12.7
4201.042,12.7
4201.141,12.767
4201.241,12.78
4201.354,12.713
4201.447,12.76
4201.550,12.72
4201.652,12.853
4201.755,12.773
4201.858,12.853
4201.976,12.853
4202.065,12.78
4202.163,12.773
4202.271,12.74
4202.342,12.76
4202.476,12.68
4202.572,12.7
4202.675,12.887
4202.780,12.773
4202.881,12.7
4202.993,12.593
4203.021,12.673
4203.187,12.767
4203.216,12.787
4203.315,12.713
4203.415,12.727
4203.518,12.833
4203.621,12.78
4203.729,12.78
4203.812,12.773
4203.930,12.76
4204.030,12.913
4204.133,12.82
4204.226,12.767
4204.322,12.867
4204.425,12.8
4204.548,12.753
4204.623,12.7
4204.714,12.673
4204.842,12.72
4204.915,12.813
4205.023,12.8
4205.125,12.76
4205.221,12.84
4205.327,12.707
4205.447,12.587
4205.545,12.793
4205.653,12.78
4205.739,12.7
4205.837,12.713
4205.956,12.74
4206.065,12.767
4206.168,12.82
4206.263,12.84
4206.386,12.853
4206.403,12.753
4206.503,12.62
4206.670,12.667
4256.753,12.793
4256.875,12.733
4256.903,12.773
4257.001,12.76
4257.121,12.76
4257.211,12.76
4257.317,12.827
4257.413,12.733
4257.513,12.733
4257.619,12.76
4257.717,12.74
4257.822,12.62
4257.905,12.753
4258.003,12.72
4258.104,12.753
4258.224,12.793
4258.312,12.833
4258.413,12.707
4258.513,12.747
4258.635,12.787
4258.734,12.707
4258.831,12.733
4258.927,12.787
4259.028,12.74
4259.109,12.913
4259.216,12.78
4259.295,12.727
4259.442,12.727
4259.500,12.727
4259.606,12.793
4259.739,12.767
4259.839,12.847
4259.937,12.767
4260.082,12.607
4260.145,12.827
4260.253,12.767
4260.358,12.807
4260.472,12.787
4260.501,12.687
4260.601,12.673
4260.697,12.713
4260.797,12.673
4260.896,12.727
4260.994,12.713
4261.091,12.593
4261.211,12.74
4261.309,12.707
4261.405,12.727
4261.491,12.72
4261.608,12.807
4261.706,12.787
4261.790,12.813
4261.898,12.847
4262.018,12.793
4262.097,12.78
4262.204,12.753
4262.310,12.813
4262.407,12.7
4262.506,12.813
4262.608,12.773
4262.746,12.827
4262.814,12.72
4262.915,12.753
4263.001,12.733
4263.106,12.76
4263.184,12.727
4263.287,12.847
4263.393,12.8
4263.493,12.633
4263.599,12.627
4263.701,12.773
4263.837,12.72
4263.940,12.86
4264.043,12.767
4264.148,12.827
4264.248,12.813
4264.282,12.753
4264.447,12.6
4264.496,12.72
4264.579,12.64
4264.682,12.813
4264.783,12.727
4264.881,12.54
4264.988,12.773
4265.091,12.747
4265.206,12.713
4265.300,12.773
4265.398,12.74
4265.476,12.78
4265.596,12.773
4265.694,12.667
4265.790,12.8
4265.893,12.787
4265.994,12.74
4266.091,12.74
4266.195,12.8
4266.309,12.713
4266.396,12.747
4266.481,12.853
4266.584,12.807
4316.719,12.773
4316.775,12.893
4316.918,12.747
4316.981,12.707
4317.084,12.767
4317.207,12.58
4317.298,12.72
4317.423,12.687
4317.543,12.66
4317.611,12.793
4317.736,12.767
4317.822,12.767
4317.873,12.673
4317.969,12.8
4318.069,12.727
4318.170,12.773
4318.271,12.667
4318.366,12.72
4318.469,12.653
4318.582,12.713
4318.677,12.68
4318.778,12.607
4318.881,12.76
4318.967,12.687
4319.065,12.847
4319.187,12.787
4319.271,12.627
4319.366,12.853
4319.474,12.84
4319.581,12.727
4319.687,12.733
4319.780,12.747
4319.890,12.82
4319.984,12.8
4320.096,12.653
4320.195,12.713
4320.298,12.707
4320.396,12.68
4320.496,12.813
4320.597,12.713
4320.679,12.72
4320.802,12.713
4320.925,12.793
4320.959,12.847
4321.130,12.867
4321.173,12.887
4321.275,12.893
4321.375,12.847
4321.484,12.867
4321.560,12.82
4321.658,12.653
4321.827,12.62
4321.895,12.733
4321.994,12.773
4322.072,12.66
4322.236,12.753
4322.266,12.78
4322.369,12.68
4322.467,12.633
4322.557,12.587
4322.673,12.793
4322.771,12.727
4322.869,12.667
4322.969,12.653
4323.064,12.827
4323.160,12.627
4323.260,12.66
4323.361,12.76
4323.464,12.78
4323.565,12.733
4323.658,12.733
4323.771,12.727
4323.873,12.733
4323.976,12.707
4324.077,12.753
4324.180,12.713
4324.282,12.68
4324.393,12.727
4324.488,12.64
4324.589,12.7
4324.692,12.787
4324.805,12.687
4324.903,12.76
4325.000,12.713
4325.057,12.66
4325.204,12.72
4325.315,12.793
4325.376,12.847
4325.451,12.7
4325.584,12.687
4325.707,12.68
4325.758,12.733
4325.864,12.873
4325.949,12.82
4326.050,12.693
4326.158,12.667
4326.253,12.813
4326.354,12.853
4326.464,12.76
4326.560,12.667
4326.643,12.733
4376.748,12.847
4376.853,12.713
4376.966,12.747
4377.057,12.64
4377.160,12.767
4377.256,12.82
4377.378,12.827
4377.462,12.76
4377.560,12.733
4377.658,12.787
4377.770,12.733
4377.866,12.76
4377.969,12.753
4378.072,12.64
4378.180,12.727
4378.278,12.787
4378.378,12.72
4378.481,12.687
4378.584,12.68
4378.694,12.9
4378.804,12.853
4378.893,12.86
4378.993,12.627
4379.096,12.68
4379.217,12.707
4379.244,12.74
4379.403,12.893
4379.511,12.853
4379.538,12.747
4379.643,12.74
4379.748,12.82
4379.846,12.633
4379.986,12.74
4380.043,12.787
4380.138,12.787
4380.248,12.653
4380.332,12.667
4380.432,12.707
4380.554,12.813
4380.641,12.72
4380.734,12.74
4380.837,12.687
4380.945,12.827
4381.052,12.713
4381.150,12.667
4381.248,12.733
4381.347,12.713
4381.449,12.667
4381.552,12.76
4381.663,12.667
4381.788,12.733
4381.861,12.78
4381.964,12.727
4382.067,12.8
4382.168,12.713
4382.271,12.76
4382.366,12.787
4382.479,12.66
4382.601,12.713
4382.680,12.813
4382.783,12.827
4382.891,12.82
4382.996,12.72
4383.023,12.693
4383.121,12.787
4383.307,12.76
4383.334,12.793
4383.430,12.707
4383.535,12.72
4383.633,12.74
4383.736,12.707
4383.839,12.76
4383.949,12.713
4384.028,12.78
4384.126,12.78
4384.239,12.813
4384.342,12.78
4384.439,12.78
4384.533,12.693
4384.625,12.74
4384.728,12.773
4384.854,12.807
4384.927,12.647
4385.052,12.727
4385.143,12.74
4385.248,12.833
4385.347,12.707
4385.437,12.82
4385.545,12.713
4385.653,12.66
4385.751,12.727
4385.854,12.747
4385.964,12.707
4386.065,12.76
4386.185,12.76
4386.265,12.633
4386.359,12.833
4386.467,12.72
4386.570,12.813
4386.673,12.68
4676.783,12.773
4676.814,12.713
4676.913,12.807
4677.008,12.747
4677.185,12.7
4677.219,12.753
4677.324,12.853
4677.423,12.747
4677.518,12.68
4677.623,12.727
4677.724,12.68
4677.807,12.807
4677.925,12.713
4678.013,12.807
4678.126,12.753
4678.212,12.747
4678.312,12.653
4678.427,12.8
4678.523,12.733
4678.619,12.74
4678.728,12.727
4678.815,12.767
4678.915,12.8
4679.028,12.727
4679.141,12.673
4679.236,12.767
4679.336,12.833
4679.467,12.78
4679.552,12.827
4679.650,12.76
4679.744,12.72
4679.873,12.773
4679.951,12.733
4680.055,12.833
4680.163,12.693
4680.268,12.78
4680.364,12.773
4680.494,12.787
4680.597,12.727
4680.599,12.667
4680.704,12.793
4680.908,12.68
4680.979,12.66
4681.008,12.713
4681.104,12.727
4681.202,12.733
4681.298,12.647
4681.413,12.667
4681.510,12.827
4681.611,12.78
4681.712,12.74
4681.805,12.753
4681.900,12.653
4681.998,12.727
4682.101,12.693
4682.202,12.687
4682.305,12.693
4682.400,12.707
4682.511,12.7
4682.614,12.747
4682.714,12.76
4682.819,12.753
4682.920,12.773
4683.016,12.673
4683.136,12.753
4683.236,12.66
4683.329,12.74
4683.425,12.8
4683.548,12.8
4683.646,12.833
4683.744,12.807
4683.839,12.86
4683.952,12.687
4684.052,12.68
4684.148,12.773
4684.251,12.8
4684.356,12.807
4684.412,12.773
4684.559,12.813
4684.667,12.787
4684.692,12.787
4684.793,12.753
4684.896,12.673
4685.000,12.727
4685.094,12.68
4685.197,12.68
4685.300,12.713
4685.386,12.607
4685.506,12.667
4685.606,12.767
4685.685,12.76
4685.800,12.693
4685.888,12.693
4685.991,12.747
4686.119,12.633
4686.219,12.74
4686.298,12.78
4686.395,12.74
4686.513,12.747
4686.611,12.727
4736.717,12.847
4736.822,12.68
4736.900,12.767
4736.983,12.773
4737.091,12.733
4737.224,12.767
4737.332,12.693
4737.434,12.767
4737.545,12.747
4737.640,12.733
4737.736,12.827
4737.836,12.66
4737.959,12.733
4738.042,12.86
4738.143,12.753
4738.253,12.74
4738.282,12.707
4738.380,12.84
4738.484,12.707
4738.579,12.66
4738.695,12.82
4738.780,12.673
4738.881,12.7
4738.988,12.793
4739.097,12.793
4739.194,12.687
4739.295,12.753
4739.385,12.78
4739.474,12.74
4739.577,12.707
4739.677,12.82
4739.795,12.807
4739.893,12.8
4739.991,12.72
4740.087,12.7
4740.192,12.833
4740.295,12.853
4740.396,12.78
4740.486,12.747
4740.599,12.78
4740.702,12.687
4740.804,12.693
4740.908,12.727
4741.008,12.687
4741.103,12.627
4741.222,12.753
4741.268,12.8
4741.376,12.753
4741.486,12.633
4741.633,12.7
4741.702,12.72
4741.820,12.693
4741.873,12.667
4742.025,12.74
4742.074,12.847
4742.229,12.673
4742.280,12.787
4742.364,12.727
4742.484,12.853
4742.582,12.7
4742.692,12.627
4742.783,12.753
4742.876,12.653
4742.978,12.8
4743.084,12.68
4743.167,12.707
4743.263,12.747
4743.364,12.82
4743.471,12.74
4743.569,12.68
4743.680,12.787
4743.793,12.713
4743.886,12.76
4743.988,12.76
4744.086,12.82
4744.160,12.813
4744.293,12.8
4744.396,12.753
4744.494,12.733
4744.603,12.747
4744.699,12.76
4744.807,12.84
4744.900,12.753
4745.006,12.74
4745.104,12.647
4745.158,12.733
4745.309,12.813
4745.420,12.827
4745.516,12.773
4745.631,12.693
4745.719,12.747
4745.822,12.633
4745.893,12.753
4746.043,12.74
4746.072,12.68
4746.162,12.72
4746.258,12.7
4746.366,12.647
4746.454,12.7
4746.574,12.74
4746.672,12.713
4796.766,12.72
4796.851,12.767
4796.972,12.9
4797.050,12.807
4797.168,12.673
4797.265,12.607
4797.361,12.72
4797.469,12.707
4797.565,12.78
4797.665,12.8
4797.768,12.667
4797.881,12.693
4797.978,12.807
4798.077,12.78
4798.180,12.813
4798.288,12.753
4798.385,12.687
4798.484,12.673
4798.572,12.807
4798.690,12.653
4798.793,12.807
4798.893,12.78
4799.008,12.727
4799.104,12.687
4799.204,12.747
4799.307,12.74
4799.349,12.753
4799.508,12.713
4799.611,12.7
4799.717,12.78
4799.746,12.72
4799.849,12.64
4799.942,12.813
4800.042,12.713
4800.160,12.693
4800.241,12.74
4800.351,12.727
4800.462,12.82
4800.542,12.873
4800.662,12.78
4800.746,12.813
4800.847,12.787
4800.942,12.82
4801.054,12.72
4801.155,12.713
4801.258,12.88
4801.361,12.84
4801.461,12.76
4801.557,12.713
4801.660,12.753
4801.761,12.793
4801.880,12.727
4801.969,12.813
4802.067,12.673
4802.170,12.72
4802.290,12.753
4802.388,12.74
4802.484,12.687
4802.581,12.787
4802.687,12.707
4802.787,12.753
4802.888,12.78
4802.981,12.707
4803.094,12.787
4803.195,12.707
4803.298,12.827
4803.400,12.713
4803.503,12.813
4803.604,12.76
4803.635,12.68
4803.741,12.627
4803.837,12.793
4803.935,12.773
4804.043,12.753
4804.153,12.76
4804.231,12.827
4804.344,12.8
4804.451,12.727
4804.550,12.6
4804.628,12.747
4804.731,12.647
4804.864,12.56
4804.935,12.74
4805.032,12.767
4805.133,12.713
4805.231,12.76
4805.354,12.713
4805.449,12.827
4805.555,12.733
4805.645,12.733
4805.746,12.66
4805.851,12.727
4805.967,12.833
4806.062,12.84
4806.165,12.807
4806.288,12.693
4806.378,12.727
4806.474,12.793
4806.572,12.813
4806.658,12.68
4856.778,12.627
4856.822,12.787
4856.923,12.633
4857.025,12.733
4857.190,12.833
4857.300,12.78
4857.329,12.773
4857.425,12.673
4857.523,12.627
4857.631,12.727
4857.734,12.687
4857.827,12.74
4857.932,12.747
4858.040,12.827
4858.126,12.64
4858.222,12.673
4858.322,12.733
4858.418,12.793
4858.540,12.66
4858.633,12.727
4858.734,12.847
4858.836,12.747
4858.918,12.787
4859.037,12.813
4859.133,12.733
4859.236,12.707
4859.339,12.687
4859.432,12.767
4859.530,12.667
4859.641,12.8
4859.768,12.76
4859.844,12.647
4859.964,12.673
4860.057,12.78
4860.158,12.8
4860.261,12.747
4860.376,12.8
4860.472,12.7
4860.567,12.587
4860.701,12.633
4860.775,12.807
4860.873,12.72
4860.976,12.7
4861.067,12.667
4861.182,12.793
4861.211,12.767
4861.307,12.747
4861.489,12.647
4861.523,12.7
4861.619,12.733
4861.719,12.787
4861.827,12.707
4861.923,12.687
4862.025,12.713
4862.109,12.787
4862.214,12.727
4862.312,12.713
4862.410,12.793
4862.538,12.727
4862.616,12.733
4862.719,12.747
4862.820,12.76
4862.927,12.707
4863.027,12.7
4863.148,12.687
4863.204,12.607
4863.307,12.773
4863.427,12.773
4863.530,12.747
4863.645,12.787
4863.751,12.833
4863.853,12.727
4863.951,12.847
4864.050,12.693
4864.146,12.733
4864.263,12.773
4864.375,12.587
4864.469,12.84
4864.570,12.78
4864.597,12.747
4864.741,12.713
4864.805,12.793
4864.903,12.713
4865.003,12.74
4865.111,12.713
4865.204,12.787
4865.304,12.687
4865.405,12.747
4865.508,12.78
4865.609,12.66
4865.712,12.593
4865.815,12.76
4865.917,12.707
4865.994,12.82
4866.097,12.847
4866.212,12.767
4866.304,12.727
4866.403,12.74
4866.511,12.713
4866.623,12.773
4916.722,12.787
4916.819,12.707
4916.917,12.727
4917.003,12.8
4917.121,12.68
4917.212,12.887
4917.314,12.713
4917.400,12.753
4917.520,12.793
4917.609,12.827
4917.726,12.693
4917.802,12.747
4917.940,12.707
4918.054,12.8
4918.138,12.847
4918.241,12.713
4918.290,12.787
4918.435,12.68
4918.486,12.76
4918.658,12.827
4918.687,12.733
4918.861,12.693
4918.895,12.727
4918.991,12.687
4919.089,12.847
4919.192,12.747
4919.290,12.773
4919.386,12.767
4919.521,12.687
4919.604,12.767
4919.706,12.733
4919.800,12.673
4919.902,12.74
4919.994,12.687
4920.091,12.62
4920.195,12.767
4920.300,12.807
4920.398,12.8
4920.527,12.767
4920.621,12.78
4920.712,12.753
4920.810,12.827
4920.910,12.74
4921.033,12.773
4921.106,12.86
4921.219,12.753
4921.329,12.7
4921.430,12.7
4921.528,12.847
4921.636,12.733
4921.738,12.827
4921.842,12.76
4921.967,12.747
4922.038,12.767
4922.141,12.713
4922.241,12.753
4922.344,12.693
4922.459,12.747
4922.476,12.747
4922.650,12.653
4922.682,12.673
4922.778,12.753
4922.896,12.68
4922.994,12.813
4923.092,12.773
4923.195,12.66
4923.293,12.767
4923.391,12.793
4923.479,12.647
4923.584,12.74
4923.687,12.773
4923.777,12.733
4923.891,12.64
4923.972,12.64
4924.074,12.733
4924.182,12.693
4924.295,12.68
4924.386,12.68
4924.486,12.66
4924.589,12.653
4924.709,12.653
4924.775,12.673
4924.893,12.687
4924.978,12.727
4925.079,12.7
4925.202,12.8
4925.283,12.7
4925.415,12.7
4925.513,12.76
4925.621,12.733
4925.712,12.827
4925.768,12.72
4925.918,12.8
4925.969,12.807
4926.072,12.693
4926.202,12.707
4926.278,12.747
4926.378,12.8
4926.523,12.66
4926.572,12.727
4926.668,12.653
4976.765,12.813
4976.869,12.733
4976.984,12.747
4977.079,12.7
4977.177,12.593
4977.283,12.74
4977.366,12.733
4977.464,12.713
4977.567,12.727
4977.673,12.78
4977.771,12.773
4977.883,12.793
4977.986,12.773
4978.082,12.793
4978.190,12.66
4978.292,12.68
4978.386,12.66
4978.489,12.787
4978.592,12.68
4978.709,12.747
4978.805,12.767
4978.903,12.7
4979.001,12.893
4979.121,12.867
4979.239,12.767
4979.310,12.84
4979.410,12.693
4979.481,12.74
4979.555,12.82
4979.655,12.74
4979.760,12.747
4979.856,12.72
4980.038,12.687
4980.065,12.847
4980.229,12.873
4980.256,12.793
4980.356,12.727
4980.545,12.727
4980.562,12.727
4980.662,12.647
4980.765,12.667
4980.866,12.68
4980.957,12.673
4981.055,12.72
4981.150,12.7
4981.253,12.6
4981.356,12.7
4981.459,12.767
4981.560,12.78
4981.670,12.7
4981.768,12.707
4981.866,12.72
4981.969,12.8
4982.072,12.727
4982.175,12.86
4982.277,12.693
4982.383,12.653
4982.467,12.627
4982.589,12.687
4982.687,12.773
4982.795,12.72
4982.849,12.74
4982.949,12.667
4983.116,12.773
4983.163,12.807
4983.260,12.76
4983.366,12.753
4983.444,12.747
4983.574,12.787
4983.709,12.76
4983.780,12.733
4983.851,12.7
4983.957,12.793
4984.109,12.72
4984.162,12.647
4984.246,12.76
4984.349,12.72
4984.445,12.733
4984.552,12.8
4984.655,12.733
4984.741,12.68
4984.844,12.853
4984.954,12.653
4985.047,12.767
4985.153,12.7
4985.250,12.833
4985.366,12.773
4985.454,12.733
4985.587,12.8
4985.665,12.807
4985.768,12.667
4985.866,12.82
4985.964,12.747
4986.067,12.813
4986.170,12.807
4986.270,12.727
4986.354,12.807
4986.469,12.86
4986.545,12.787
4986.648,12.727
5276.751,12.833
5276.856,12.787
5276.981,12.72
5277.089,12.773
5277.204,12.707
5277.298,12.707
5277.396,12.747
5277.500,12.76
5277.606,12.7
5277.636,12.707
5277.731,12.613
5277.834,12.64
5277.940,12.727
5278.037,12.7
5278.136,12.8
5278.319,12.78
5278.329,12.707
5278.449,12.613
5278.547,12.813
5278.631,12.753
5278.728,12.753
5278.829,12.813
5278.932,12.767
5279.040,12.68
5279.136,12.773
5279.239,12.807
5279.364,12.813
5279.449,12.733
5279.548,12.72
5279.650,12.747
5279.753,12.86
5279.854,12.747
5279.957,12.707
5280.059,12.667
5280.168,12.727
5280.268,12.767
5280.366,12.753
5280.469,12.733
5280.579,12.813
5280.675,12.833
5280.731,12.78
5280.878,12.787
5280.940,12.747
5281.043,12.64
5281.152,12.667
5281.224,12.793
5281.329,12.74
5281.430,12.8
5281.614,12.627
5281.673,12.733
5281.731,12.72
5281.829,12.82
5281.937,12.673
5282.023,12.753
5282.121,12.62
5282.219,12.687
5282.341,12.687
5282.422,12.68
5282.525,12.747
5282.621,12.673
5282.721,12.74
5282.824,12.767
5282.927,12.607
5283.040,12.687
5283.131,12.713
5283.233,12.667
5283.336,12.807
5283.451,12.78
5283.548,12.66
5283.646,12.753
5283.748,12.753
5283.849,12.66
5283.949,12.9
5284.052,12.727
5284.141,12.753
5284.258,12.74
5284.359,12.847
5284.462,12.713
5284.565,12.713
5284.626,12.8
5284.736,12.713
5284.812,12.727
5284.969,12.753
5285.067,12.78
5285.118,12.713
5285.288,12.767
5285.317,12.9
5285.417,12.873
5285.513,12.76
5285.614,12.667
5285.728,12.753
5285.827,12.733
5285.923,12.74
5286.027,12.693
5286.126,12.707
5286.228,12.7
5286.307,12.893
5286.415,12.753
5286.515,12.7
5286.614,12.82
5336.714,12.893
5336.827,12.853
5336.923,12.707
5337.023,12.753
5337.126,12.8
5337.226,12.727
5337.329,12.693
5337.449,12.72
5337.542,12.693
5337.636,12.787
5337.739,12.753
5337.817,12.727
5337.944,12.727
5338.047,12.827
5338.109,12.707
5338.217,12.78
5338.317,12.727
5338.464,12.76
5338.569,12.893
5338.667,12.767
5338.771,12.807
5338.875,12.707
5338.989,12.707
5339.089,12.84
5339.180,12.867
5339.206,12.747
5339.312,12.72
5339.413,12.58
5339.508,12.787
5339.606,12.9
5339.699,12.76
5339.798,12.753
5339.915,12.767
5340.023,12.713
5340.099,12.76
5340.197,12.647
5340.300,12.74
5340.413,12.74
5340.511,12.753
5340.609,12.727
5340.709,12.68
5340.812,12.813
5340.915,12.813
5341.016,12.78
5341.126,12.84
5341.214,12.733
5341.322,12.74
5341.425,12.773
5341.537,12.84
5341.613,12.84
5341.692,12.76
5341.800,12.687
5341.939,12.7
5342.008,12.76
5342.109,12.833
5342.248,12.78
5342.312,12.78
5342.386,12.827
5342.510,12.84
5342.596,12.8
5342.748,12.58
5342.800,12.713
5342.885,12.82
5342.984,12.68
5343.089,12.78
5343.209,12.853
5343.300,12.753
5343.467,12.687
5343.498,12.86
5343.596,12.787
5343.697,12.7
5343.785,12.66
5343.883,12.693
5343.986,12.78
5344.087,12.787
5344.190,12.747
5344.293,12.727
5344.396,12.853
5344.501,12.827
5344.599,12.74
5344.704,12.767
5344.798,12.72
5344.908,12.747
5345.008,12.853
5345.111,12.7
5345.214,12.733
5345.317,12.767
5345.420,12.82
5345.545,12.647
5345.635,12.693
5345.733,12.68
5345.785,12.78
5345.903,12.94
5345.993,12.693
5346.101,12.72
5346.180,12.767
5346.312,12.787
5346.442,12.887
5346.540,12.787
5346.662,12.813
5346.685,12.747
5396.780,12.687
5396.876,12.7
5396.981,12.787
5397.089,12.867
5397.184,12.68
5397.292,12.853
5397.371,12.753
5397.491,12.807
5397.592,12.773
5397.672,12.84
5397.785,12.74
5397.880,12.8
5397.979,12.833
5398.082,12.78
5398.185,12.76
5398.288,12.727
5398.390,12.82
5398.474,12.82
5398.594,12.713
5398.719,12.8
5398.778,12.8
5398.891,12.787
5398.989,12.807
5399.087,12.773
5399.173,12.747
5399.302,12.893
5399.405,12.707
5399.508,12.807
5399.623,12.733
5399.692,12.687
5399.814,12.673
5399.896,12.82
5399.969,12.84
5400.146,12.8
5400.175,12.667
5400.310,12.807
5400.373,12.68
5400.469,12.773
5400.567,12.88
5400.680,12.84
5400.783,12.8
5400.878,12.787
5400.981,12.853
5401.074,12.727
5401.175,12.72
5401.282,12.773
5401.381,12.793
5401.484,12.84
5401.562,12.773
5401.660,12.733
5401.793,12.873
5401.873,12.787
5401.972,12.8
5402.077,12.76
5402.194,12.767
5402.290,12.72
5402.391,12.807
5402.597,12.713
5402.699,12.767
5402.795,12.767
5402.898,12.76
5403.001,12.787
5403.109,12.673
5403.209,12.707
5403.305,12.76
5403.405,12.693
5403.508,12.673
5403.621,12.66
5403.709,12.8
5403.815,12.74
5403.918,12.76
5404.030,12.7
5404.060,12.673
5404.157,12.76
5404.253,12.787
5404.354,12.74
5404.496,12.753
5404.557,12.68
5404.660,12.72
5404.770,12.653
5404.864,12.82
5404.967,12.727
5405.064,12.8
5405.158,12.787
5405.256,12.747
5405.354,12.733
5405.457,12.753
5405.570,12.727
5405.663,12.733
5405.761,12.713
5405.869,12.8
5405.967,12.68
5406.070,12.78
5406.195,12.767
5406.283,12.873
5406.381,12.76
5406.479,12.82
5406.559,12.713
5406.692,12.68
5456.792,12.687
5456.890,12.873
5457.000,12.833
5457.094,12.78
5457.195,12.747
5457.298,12.753
5457.408,12.84
5457.505,12.667
5457.611,12.68
5457.707,12.673
5457.810,12.767
5457.912,12.84
5458.030,12.727
5458.048,12.673
5458.145,12.627
5458.246,12.707
5458.347,12.793
5458.442,12.7
5458.550,12.68
5458.652,12.673
5458.765,12.693
5458.847,12.7
5458.942,12.913
5459.050,12.687
5459.146,12.827
5459.239,12.72
5459.346,12.853
5459.442,12.667
5459.559,12.787
5459.663,12.793
5459.763,12.74
5459.868,12.687
5459.964,12.827
5460.074,12.733
5460.168,12.713
5460.280,12.727
5460.376,12.687
5460.472,12.72
5460.574,12.833
5460.679,12.793
5460.780,12.847
5460.881,12.82
5460.969,12.833
5461.086,12.853
5461.189,12.813
5461.290,12.74
5461.336,12.673
5461.496,12.747
5461.599,12.68
5461.704,12.747
5461.744,12.707
5461.839,12.72
5461.937,12.84
5462.035,12.747
5462.141,12.74
5462.239,12.833
5462.349,12.893
5462.440,12.88
5462.528,12.72
5462.628,12.747
5462.729,12.713
5462.829,12.707
5462.935,12.64
5463.042,12.78
5463.143,12.893
5463.229,12.62
5463.331,12.667
5463.445,12.68
5463.543,12.74
5463.633,12.86
5463.726,12.673
5463.849,12.687
5463.954,12.787
5464.057,12.787
5464.158,12.747
5464.278,12.707
5464.351,12.7
5464.457,12.72
5464.567,12.813
5464.689,12.633
5464.773,12.713
5464.873,12.787
5464.978,12.787
5465.082,12.78
5465.180,12.74
5465.290,12.793
5465.386,12.7
5465.423,12.653
5465.518,12.653
5465.695,12.647
5465.792,12.66
5465.829,12.807
5465.925,12.633
5466.035,12.827
5466.140,12.807
5466.236,12.7
5466.332,12.807
5466.420,12.733
5466.527,12.673
5466.625,12.733
5516.726,12.827
5516.851,12.807
5516.932,12.793
5517.033,12.707
5517.136,12.78
5517.229,12.867
5517.332,12.787
5517.430,12.747
5517.530,12.867
5517.640,12.827
5517.739,12.727
5517.859,12.653
5517.952,12.82
5518.038,12.693
5518.163,12.66
5518.260,12.78
5518.364,12.767
5518.467,12.787
5518.572,12.707
5518.650,12.64
5518.761,12.74
5518.861,12.807
5518.972,12.673
5519.055,12.68
5519.179,12.713
5519.278,12.807
5519.312,12.76
5519.423,12.7
5519.518,12.713
5519.609,12.7
5519.712,12.673
5519.809,12.733
5519.910,12.687
5520.025,12.76
5520.116,12.733
5520.226,12.793
5520.326,12.653
5520.432,12.627
5520.525,12.713
5520.609,12.7
5520.712,12.787
5520.815,12.753
5520.937,12.753
5521.018,12.82
5521.116,12.827
5521.234,12.733
5521.332,12.727
5521.430,12.733
5521.533,12.713
5521.626,12.78
5521.736,12.853
5521.839,12.72
5521.940,12.78
5522.045,12.813
5522.146,12.747
5522.248,12.733
5522.363,12.78
5522.452,12.733
5522.554,12.767
5522.658,12.767
5522.775,12.8
5522.805,12.66
5522.969,12.707
5522.998,12.667
5523.097,12.673
5523.206,12.787
5523.304,12.72
5523.410,12.767
5523.511,12.767
5523.606,12.72
5523.699,12.633
5523.876,12.82
5523.903,12.62
5523.996,12.687
5524.119,12.633
5524.201,12.7
5524.298,12.833
5524.417,12.747
5524.494,12.667
5524.611,12.827
5524.707,12.82
5524.809,12.733
5524.910,12.673
5525.025,12.733
5525.123,12.627
5525.221,12.72
5525.320,12.753
5525.423,12.827
5525.528,12.767
5525.628,12.933
5525.739,12.727
5525.837,12.753
5525.935,12.727
5526.038,12.66
5526.148,12.913
5526.244,12.747
5526.342,12.793
5526.451,12.773
5526.548,12.8
5526.652,12.833
5576.773,12.773
5576.790,12.753
5576.957,12.767
5577.057,12.687
5577.138,12.7
5577.190,12.887
5577.290,12.807
5577.400,12.807
5577.508,12.7
5577.586,12.687
5577.687,12.707
5577.797,12.8
5577.898,12.693
5578.001,12.753
5578.089,12.787
5578.187,12.78
5578.290,12.733
5578.386,12.8
5578.500,12.82
5578.609,12.653
5578.699,12.88
5578.795,12.787
5578.918,12.76
5578.996,12.707
5579.109,12.7
5579.212,12.713
5579.314,12.767
5579.415,12.807
5579.518,12.773
5579.621,12.853
5579.724,12.82
5579.829,12.833
5579.937,12.84
5580.040,12.76
5580.131,12.747
5580.243,12.907
5580.346,12.74
5580.449,12.647
5580.550,12.787
5580.579,12.7
5580.677,12.68
5580.780,12.84
5580.883,12.8
5580.981,12.667
5581.079,12.673
5581.184,12.693
5581.275,12.813
5581.381,12.807
5581.476,12.793
5581.574,12.707
5581.695,12.727
5581.795,12.74
5581.891,12.693
5581.986,12.72
5582.086,12.887
5582.180,12.727
5582.287,12.713
5582.386,12.82
5582.489,12.76
5582.591,12.82
5582.697,12.667
5582.797,12.673
5582.896,12.807
5583.018,12.8
5583.106,12.887
5583.229,12.687
5583.307,12.613
5583.386,12.813
5583.523,12.687
5583.619,12.727
5583.717,12.747
5583.824,12.773
5583.923,12.747
5584.025,12.707
5584.126,12.873
5584.234,12.74
5584.268,12.76
5584.366,12.727
5584.537,12.68
5584.638,12.753
5584.667,12.667
5584.766,12.773
5584.869,12.74
5584.976,12.827
5585.082,12.773
5585.182,12.753
5585.270,12.767
5585.369,12.733
5585.466,12.773
5585.596,12.853
5585.662,12.753
5585.783,12.687
5585.869,12.68
5585.983,12.76
5586.082,12.72
5586.180,12.68
5586.277,12.78
5586.371,12.767
5586.481,12.813
5586.584,12.72
5586.697,12.727
3476.797,12.773
3476.898,12.713
3476.996,12.747
3477.131,12.793
3477.207,12.713
3477.304,12.787
3477.432,12.673
3477.506,12.753
3477.619,12.913
3477.716,12.78
3477.797,12.753
3477.915,12.747
3478.018,12.84
3478.119,12.76
3478.167,12.827
3478.315,12.82
3478.366,12.7
3478.464,12.747
3478.560,12.807
3478.655,12.72
3478.758,12.787
3478.859,12.767
3478.969,12.82
3479.065,12.713
3479.168,12.72
3479.268,12.76
3479.356,12.773
3479.457,12.747
3479.562,12.68
3479.655,12.827
3479.758,12.84
3479.866,12.707
3479.951,12.687
3480.055,12.787
3480.207,12.813
3480.266,12.707
3480.373,12.833
3480.452,12.74
3480.577,12.853
3480.673,12.913
3480.782,12.787
3480.881,12.713
3480.983,12.787
3481.121,12.573
3481.192,12.76
3481.295,12.7
3481.398,12.773
3481.518,12.9
3481.545,12.707
3481.704,12.727
3481.807,12.68
3481.910,12.66
3482.011,12.653
3482.113,12.673
3482.216,12.8
3482.253,12.773
3482.349,12.68
3482.447,12.76
3482.550,12.8
3482.653,12.833
3482.755,12.8
3482.854,12.78
3482.944,12.667
3483.060,12.8
3483.160,12.767
3483.263,12.787
3483.378,12.927
3483.452,12.787
3483.555,12.74
3483.677,12.66
3483.751,12.727
3483.863,12.827
3483.967,12.66
3484.060,12.827
3484.138,12.747
3484.266,12.833
3484.390,12.733
3484.481,12.727
3484.577,12.793
3484.655,12.807
3484.739,12.807
3484.847,12.8
3484.981,12.887
3485.084,12.727
3485.192,12.687
3485.263,12.893
3485.390,12.733
3485.486,12.813
3485.538,12.753
3485.638,12.687
3485.733,12.713
3485.903,12.787
3486.008,12.78
3486.038,12.78
3486.136,12.7
3486.251,12.867
3486.339,12.68
3486.439,12.733
3486.543,12.747
3486.643,12.76
3536.746,12.707
3536.849,12.7
3536.949,12.853
3537.028,12.707
3537.131,12.8
3537.233,12.807
3537.354,12.733
3537.442,12.78
3537.540,12.787
3537.641,12.787
3537.763,12.773
3537.839,12.713
3537.959,12.78
3538.057,12.813
3538.157,12.68
3538.258,12.747
3538.361,12.727
3538.454,12.827
3538.567,12.74
3538.668,12.727
3538.788,12.693
3538.871,12.727
3538.974,12.8
3539.077,12.72
3539.190,12.8
3539.233,12.733
3539.383,12.72
3539.488,12.72
3539.601,12.74
3539.631,12.767
3539.729,12.767
3539.837,12.767
3539.925,12.667
3540.025,12.827
3540.123,12.6
3540.226,12.753
3540.329,12.76
3540.440,12.76
3540.520,12.693
3540.619,12.747
3540.726,12.72
3540.827,12.733
3540.920,12.827
3541.030,12.653
3541.116,12.733
3541.238,12.74
3541.341,12.78
3541.442,12.727
3541.540,12.68
3541.636,12.807
3541.739,12.713
3541.851,12.693
3541.947,12.647
3542.045,12.707
3542.148,12.793
3542.251,12.773
3542.354,12.78
3542.457,12.8
3542.523,12.733
3542.667,12.787
3542.763,12.713
3542.866,12.653
3542.978,12.78
3543.072,12.707
3543.175,12.733
3543.278,12.733
3543.376,12.733
3543.481,12.733
3543.603,12.747
3543.618,12.767
3543.716,12.847
3543.815,12.78
3543.922,12.78
3544.013,12.68
3544.130,12.82
3544.231,12.72
3544.337,12.72
3544.422,12.707
3544.520,12.753
3544.626,12.833
3544.728,12.773
3544.827,12.613
3544.929,12.713
3545.018,12.64
3545.114,12.76
3545.207,12.847
3545.317,12.76
3545.437,12.647
3545.508,12.76
3545.652,12.753
3545.722,12.933
3545.849,12.773
3545.922,12.767
3546.043,12.58
3546.143,12.607
3546.248,12.74
3546.347,12.793
3546.449,12.733
3546.540,12.753
3546.655,12.813
3596.758,12.693
3596.859,12.767
3596.961,12.753
3597.065,12.727
3597.158,12.713
3597.209,12.813
3597.305,12.727
3597.400,12.74
3597.587,12.807
3597.611,12.653
3597.712,12.773
3597.807,12.68
3597.920,12.76
3598.011,12.767
3598.097,12.707
3598.216,12.72
3598.302,12.76
3598.402,12.7
3598.503,12.72
3598.603,12.74
3598.707,12.72
3598.815,12.793
3598.908,12.807
3599.011,12.767
3599.114,12.793
3599.202,12.713
3599.322,12.88
3599.432,12.9
3599.525,12.7
3599.596,12.713
3599.717,12.7
3599.800,12.72
3599.902,12.813
3600.023,12.653
3600.146,12.72
3600.260,12.72
3600.332,12.82
3600.423,12.78
3600.545,12.713
3600.653,12.64
3600.746,12.7
3600.854,12.793
3600.952,12.753
3600.993,12.793
3601.092,12.847
3601.190,12.76
3601.290,12.867
3601.391,12.68
3601.491,12.707
3601.594,12.747
3601.711,12.887
3601.798,12.893
3601.900,12.76
3602.003,12.813
3602.097,12.86
3602.194,12.687
3602.292,12.693
3602.391,12.813
3602.491,12.833
3602.594,12.7
3602.697,12.693
3602.812,12.7
3602.885,12.84
3602.991,12.68
3603.099,12.74
3603.199,12.647
3603.320,12.693
3603.412,12.7
3603.521,12.74
3603.609,12.827
3603.697,12.833
3603.815,12.76
3603.935,12.813
3604.006,12.787
3604.128,12.833
3604.231,12.713
3604.324,12.647
3604.471,12.713
3604.543,12.827
3604.643,12.873
3604.739,12.827
3604.780,12.687
3604.878,12.78
3604.994,12.76
3605.077,12.72
3605.190,12.853
3605.288,12.827
3605.386,12.827
3605.491,12.787
3605.587,12.793
3605.687,12.68
3605.797,12.807
3605.878,12.72
3605.976,12.727
3606.097,12.7
3606.185,12.807
3606.283,12.8
3606.383,12.853
3606.506,12.667
3606.587,12.787
3606.690,12.707
3656.792,12.747
3656.900,12.713
3657.006,12.787
3657.101,12.747
3657.202,12.76
3657.312,12.733
3657.408,12.82
3657.516,12.693
3657.611,12.773
3657.712,12.76
3657.817,12.74
3657.934,12.667
3658.028,12.653
3658.126,12.74
3658.185,12.667
3658.344,12.74
3658.373,12.787
3658.471,12.84
3658.574,12.673
3658.668,12.82
3658.771,12.78
3658.935,12.587
3658.986,12.82
3659.072,12.727
3659.175,12.667
3659.273,12.76
3659.376,12.787
3659.479,12.687
3659.582,12.733
3659.682,12.693
3659.771,12.8
3659.871,12.687
3659.969,12.727
3660.070,12.68
3660.182,12.753
3660.278,12.74
3660.376,12.847
3660.472,12.807
3660.616,12.7
3660.692,12.673
3660.790,12.76
3660.873,12.82
3661.000,12.793
3661.101,12.727
3661.180,12.72
3661.265,12.68
3661.364,12.747
3661.510,12.847
3661.574,12.72
3661.716,12.747
3661.844,12.753
3661.888,12.807
3662.021,12.753
3662.116,12.647
3662.212,12.747
3662.263,12.647
3662.368,12.827
3662.459,12.76
3662.555,12.76
3662.709,12.673
3662.778,12.847
3662.859,12.793
3662.956,12.74
3663.079,12.713
3663.170,12.613
3663.266,12.767
3663.371,12.767
3663.472,12.747
3663.554,12.807
3663.653,12.773
3663.755,12.753
3663.856,12.72
3663.959,12.733
3664.062,12.807
3664.182,12.78
3664.273,12.787
3664.371,12.753
3664.474,12.773
3664.592,12.747
3664.677,12.78
3664.778,12.687
3664.891,12.8
3664.986,12.847
3665.087,12.84
3665.185,12.74
3665.283,12.84
3665.393,12.667
3665.496,12.74
3665.599,12.733
3665.702,12.7
3665.798,12.767
3665.907,12.627
3666.018,12.667
3666.111,12.773
3666.212,12.767
3666.315,12.787
3666.454,12.673
3666.457,12.693
3666.552,12.72
3666.658,12.793
3716.753,12.78
3716.847,12.627
3716.949,12.713
3717.045,12.593
3717.143,12.673
3717.263,12.74
3717.359,12.78
3717.461,12.82
3717.557,12.753
3717.652,12.773
3717.748,12.82
3717.859,12.8
3717.962,12.68
3718.059,12.72
3718.168,12.767
3718.270,12.78
3718.366,12.74
3718.472,12.747
3718.592,12.72
3718.680,12.793
3718.780,12.653
3718.878,12.847
3718.976,12.773
3719.077,12.76
3719.184,12.773
3719.295,12.713
3719.396,12.707
3719.491,12.667
3719.592,12.733
3719.695,12.773
3719.739,12.76
3719.898,12.733
3719.945,12.82
3720.033,12.793
3720.206,12.713
3720.234,12.7
3720.332,12.767
3720.452,12.847
3720.537,12.653
3720.638,12.74
3720.741,12.687
3720.841,12.807
3720.947,12.747
3721.060,12.793
3721.133,12.687
3721.231,12.747
3721.334,12.7
3721.437,12.647
3721.530,12.7
3721.646,12.687
3721.741,12.68
3721.847,12.747
3721.942,12.713
3722.062,12.713
3722.160,12.707
3722.266,12.7
3722.358,12.78
3722.459,12.787
3722.552,12.8
3722.702,12.747
3722.775,12.833
3722.878,12.74
3723.001,12.727
3723.076,12.827
3723.177,12.687
3723.278,12.707
3723.381,12.813
3723.484,12.713
3723.586,12.68
3723.790,12.773
3723.793,12.767
3723.844,12.767
3723.934,12.78
3724.033,12.733
3724.126,12.767
3724.239,12.7
3724.326,12.74
3724.437,12.7
3724.542,12.687
3724.636,12.68
3724.721,12.687
3724.839,12.713
3724.935,12.807
3725.037,12.72
3725.130,12.84
3725.229,12.8
3725.327,12.767
3725.435,12.893
3725.540,12.847
3725.643,12.747
3725.739,12.787
3725.834,12.807
3725.945,12.7
3726.050,12.767
3726.146,12.78
3726.251,12.687
3726.353,12.76
3726.452,12.853
3726.560,12.82
3726.677,12.82
3776.760,12.753
3776.863,12.7
3776.967,12.753
3777.087,12.787
3777.163,12.813
3777.273,12.833
3777.373,12.64
3777.412,12.68
3777.581,12.82
3777.684,12.8
3777.711,12.827
3777.824,12.773
3777.920,12.673
3778.015,12.813
3778.114,12.767
3778.216,12.72
3778.320,12.78
3778.422,12.667
3778.515,12.647
3778.611,12.76
3778.744,12.907
3778.824,12.753
3778.925,12.74
3779.008,12.813
3779.106,12.84
3779.251,12.66
3779.324,12.767
3779.417,12.753
3779.516,12.773
3779.614,12.78
3779.731,12.707
3779.829,12.82
3779.951,12.68
3780.037,12.747
3780.146,12.767
3780.244,12.76
3780.351,12.667
3780.447,12.707
3780.545,12.62
3780.650,12.76
3780.763,12.8
3780.891,12.68
3780.964,12.66
3781.062,12.713
3781.165,12.833
3781.266,12.753
3781.369,12.693
3781.452,12.747
3781.508,12.693
3781.609,12.787
3781.709,12.76
3781.822,12.747
3781.907,12.813
3782.016,12.7
3782.119,12.767
3782.212,12.8
3782.298,12.693
3782.398,12.693
3782.520,12.707
3782.601,12.807
3782.707,12.747
3782.810,12.78
3782.923,12.827
3783.016,12.767
3783.109,12.773
3783.204,12.86
3783.337,12.853
3783.408,12.787
3783.520,12.807
3783.616,12.78
3783.707,12.72
3783.826,12.647
3783.923,12.713
3784.025,12.787
3784.138,12.727
3784.238,12.733
3784.334,12.713
3784.440,12.807
3784.538,12.647
3784.638,12.667
3784.761,12.647
3784.792,12.673
3784.893,12.8
3784.996,12.827
3785.092,12.76
3785.197,12.707
3785.300,12.68
3785.396,12.76
3785.496,12.827
3785.594,12.707
3785.692,12.793
3785.805,12.767
3785.898,12.713
3785.994,12.687
3786.089,12.767
3786.189,12.687
3786.307,12.707
3786.385,12.827
3786.496,12.713
3786.599,12.807
3786.692,12.707
4076.795,12.793
4076.898,12.753
4077.010,12.733
4077.108,12.813
4077.209,12.733
4077.334,12.847
4077.410,12.747
4077.513,12.727
4077.619,12.76
4077.702,12.773
4077.820,12.687
4077.923,12.827
4078.027,12.753
4078.138,12.727
4078.192,12.8
4078.292,12.64
4078.393,12.733
4078.503,12.747
4078.609,12.74
4078.714,12.687
4078.824,12.74
4078.957,12.787
4078.981,12.613
4079.146,12.807
4079.195,12.787
4079.295,12.747
4079.391,12.693
4079.489,12.66
4079.589,12.66
4079.687,12.733
4079.785,12.867
4079.905,12.727
4079.978,12.66
4080.074,12.64
4080.177,12.78
4080.287,12.78
4080.390,12.787
4080.486,12.733
4080.584,12.713
4080.687,12.733
4080.783,12.8
4080.900,12.62
4081.010,12.593
4081.096,12.687
4081.201,12.747
4081.307,12.847
4081.420,12.767
4081.518,12.687
4081.614,12.827
4081.709,12.793
4081.814,12.713
4081.915,12.727
4082.037,12.687
4082.111,12.74
4082.246,12.767
4082.334,12.82
4082.496,12.787
4082.498,12.76
4082.572,12.66
4082.728,12.767
4082.780,12.727
4082.869,12.8
4082.984,12.727
4083.067,12.78
4083.187,12.727
4083.283,12.72
4083.378,12.747
4083.476,12.713
4083.582,12.687
4083.668,12.66
4083.785,12.8
4083.886,12.773
4083.972,12.793
4084.069,12.747
4084.168,12.8
4084.271,12.793
4084.386,12.653
4084.488,12.733
4084.582,12.767
4084.707,12.673
4084.783,12.627
4084.888,12.553
4084.986,12.827
4085.099,12.893
4085.195,12.807
4085.295,12.82
4085.420,12.727
4085.464,12.8
4085.606,12.773
4085.709,12.767
4085.785,12.76
4085.920,12.753
4086.021,12.767
4086.116,12.893
4086.226,12.833
4086.324,12.82
4086.422,12.753
4086.521,12.74
4086.562,12.767
4086.660,12.84
4136.758,12.807
4136.935,12.733
4136.967,12.693
4137.094,12.64
4137.163,12.68
4137.258,12.74
4137.371,12.727
4137.476,12.753
4137.565,12.667
4137.668,12.753
4137.768,12.687
4137.876,12.787
4137.957,12.813
4138.060,12.74
4138.158,12.687
4138.258,12.587
4138.358,12.793
4138.472,12.653
4138.567,12.793
4138.673,12.733
4138.771,12.78
4138.881,12.753
4138.989,12.793
4139.118,12.74
4139.195,12.813
4139.295,12.833
4139.393,12.727
4139.506,12.66
4139.603,12.853
4139.701,12.813
4139.802,12.84
4139.902,12.773
4140.008,12.687
4140.103,12.7
4140.216,12.78
4140.314,12.787
4140.417,12.74
4140.444,12.62
4140.619,12.767
4140.655,12.707
4140.751,12.647
4140.849,12.8
4140.956,12.627
4141.052,12.707
4141.148,12.753
4141.270,12.793
4141.342,12.807
4141.442,12.82
4141.540,12.693
4141.665,12.667
4141.753,12.627
4141.849,12.747
4141.949,12.847
4142.057,12.687
4142.160,12.713
4142.268,12.64
4142.351,12.673
4142.462,12.853
4142.577,12.707
4142.660,12.767
4142.770,12.753
4142.856,12.78
4142.978,12.78
4143.086,12.787
4143.185,12.767
4143.282,12.793
4143.383,12.82
4143.505,12.84
4143.597,12.727
4143.699,12.72
4143.797,12.74
4143.915,12.74
4143.998,12.847
4144.099,12.6
4144.204,12.793
4144.239,12.787
4144.334,12.713
4144.435,12.62
4144.535,12.767
4144.641,12.747
4144.739,12.793
4144.842,12.727
4144.945,12.773
4145.048,12.813
4145.152,12.727
4145.234,12.707
4145.342,12.76
4145.435,12.72
4145.535,12.78
4145.638,12.807
4145.753,12.747
4145.853,12.793
4145.954,12.727
4146.077,12.7
4146.153,12.713
4146.256,12.68
4146.354,12.687
4146.454,12.727
4146.579,12.747
4146.670,12.653
4196.771,12.793
4196.829,12.767
4196.937,12.78
4197.040,12.727
4197.141,12.647
4197.275,12.82
4197.347,12.853
4197.451,12.753
4197.589,12.7
4197.660,12.58
4197.790,12.673
4197.915,12.78
4197.932,12.633
4198.021,12.747
4198.128,12.767
4198.226,12.753
4198.331,12.793
4198.427,12.62
4198.530,12.793
4198.648,12.76
4198.739,12.827
4198.839,12.753
4198.937,12.727
4199.025,12.787
4199.128,12.633
4199.226,12.733
4199.326,12.733
4199.435,12.587
4199.537,12.647
4199.633,12.693
4199.753,12.68
4199.844,12.76
4199.947,12.807
4200.043,12.84
4200.163,12.673
4200.246,12.613
4200.356,12.78
4200.452,12.74
4200.557,12.693
4200.655,12.727
4200.756,12.78
4200.861,12.8
4200.967,12.753
4201.072,12.72
4201.170,12.66
4201.273,12.773
4201.371,12.68
4201.472,12.793
4201.591,12.773
4201.680,12.773
4201.782,12.773
4201.812,12.787
4201.912,12.673
4202.025,12.667
4202.123,12.693
4202.224,12.787
4202.324,12.66
4202.430,12.813
4202.506,12.773
4202.616,12.72
4202.714,12.78
4202.820,12.827
4202.917,12.84
4203.013,12.747
4203.113,12.753
4203.209,12.647
4203.339,12.707
4203.427,12.753
4203.525,12.847
4203.628,12.72
4203.728,12.827
4203.839,12.84
4203.934,12.673
4204.038,12.76
4204.136,12.713
4204.239,12.867
4204.342,12.753
4204.445,12.74
4204.548,12.873
4204.652,12.76
4204.751,12.727
4204.854,12.673
4204.967,12.593
4205.065,12.8
4205.162,12.72
4205.265,12.7
4205.302,12.713
4205.472,12.8
4205.570,12.813
4205.679,12.853
4205.704,12.86
4205.807,12.833
4205.912,12.8
4206.000,12.773
4206.114,12.833
4206.219,12.693
4206.320,12.707
4206.410,12.733
4206.523,12.753
4206.609,12.92
4206.707,12.873
4256.807,12.76
4256.895,12.72
4257.021,12.667
4257.106,12.707
4257.209,12.76
4257.312,12.713
4257.413,12.68
4257.516,12.64
4257.621,12.7
4257.724,12.647
4257.861,12.653
4257.934,12.72
4258.028,12.733
4258.126,12.667
4258.248,12.8
4258.344,12.793
4258.442,12.807
4258.543,12.873
4258.646,12.733
4258.750,12.687
4258.847,12.62
4258.951,12.793
4259.052,12.787
4259.155,12.833
4259.258,12.8
4259.361,12.787
4259.391,12.707
4259.489,12.78
4259.589,12.667
4259.699,12.767
4259.795,12.78
4259.895,12.66
4259.996,12.687
4260.087,12.687
4260.209,12.76
4260.307,12.833
4260.410,12.76
4260.491,12.86
4260.589,12.74
4260.689,12.813
4260.792,12.813
4260.896,12.793
4261.000,12.807
4261.109,12.687
4261.214,12.653
4261.310,12.787
4261.393,12.8
4261.511,12.6
4261.601,12.627
4261.685,12.753
4261.809,12.713
4261.925,12.767
4262.021,12.627
4262.119,12.667
4262.217,12.72
4262.304,12.84
4262.423,12.733
4262.510,12.753
4262.613,12.753
4262.677,12.727
4262.842,12.94
4262.937,12.847
4262.983,12.813
4263.079,12.693
4263.244,12.707
4263.295,12.72
4263.388,12.64
4263.484,12.733
4263.589,12.673
4263.690,12.793
4263.795,12.793
4263.891,12.7
4263.988,12.7
4264.084,12.76
4264.180,12.767
4264.277,12.713
4264.376,12.78
4264.496,12.747
4264.616,12.773
4264.690,12.827
4264.820,12.787
4264.891,12.787
4264.993,12.753
4265.094,12.633
4265.195,12.667
4265.300,12.787
4265.410,12.74
4265.506,12.78
4265.599,12.72
4265.719,12.773
4265.820,12.693
4265.922,12.673
4266.013,12.793
4266.116,12.667
4266.250,12.687
4266.334,12.813
4266.430,12.72
4266.530,12.793
4266.628,12.827
4316.731,12.82
4316.839,12.713
4316.866,12.74
4316.996,12.7
4317.072,12.733
4317.175,12.787
4317.283,12.84
4317.427,12.753
4317.476,12.74
4317.574,12.787
4317.677,12.773
4317.783,12.867
4317.878,12.72
4317.974,12.707
4318.074,12.733
4318.172,12.66
4318.271,12.84
4318.375,12.733
4318.496,12.68
4318.579,12.78
4318.680,12.767
4318.788,12.853
4318.861,12.86
4318.988,12.693
4319.089,12.693
4319.190,12.747
4319.300,12.813
4319.398,12.867
4319.503,12.68
4319.599,12.647
4319.702,12.673
4319.812,12.707
4319.915,12.767
4320.011,12.74
4320.119,12.753
4320.222,12.827
4320.332,12.807
4320.427,12.707
4320.523,12.82
4320.633,12.707
4320.658,12.753
4320.766,12.753
4320.864,12.693
4320.962,12.713
4321.067,12.827
4321.172,12.713
4321.271,12.827
4321.373,12.773
4321.457,12.693
4321.579,12.74
4321.673,12.707
4321.755,12.747
4321.858,12.693
4321.959,12.667
4322.059,12.727
4322.168,12.7
4322.261,12.767
4322.368,12.753
4322.469,12.713
4322.581,12.707
4322.677,12.74
4322.773,12.693
4322.868,12.773
4322.961,12.893
4323.067,12.793
4323.150,12.8
4323.288,12.727
4323.391,12.74
4323.486,12.793
4323.589,12.88
4323.684,12.933
4323.773,12.833
4323.903,12.873
4324.010,12.733
4324.047,12.753
4324.211,12.8
4324.310,12.727
4324.444,12.74
4324.609,12.713
4324.660,12.76
4324.760,12.653
4324.856,12.707
4324.957,12.673
4325.057,12.593
4325.153,12.687
4325.255,12.787
4325.358,12.84
4325.439,12.793
4325.548,12.773
4325.645,12.767
4325.746,12.72
4325.871,12.78
4325.947,12.767
4326.050,12.74
4326.155,12.807
4326.261,12.727
4326.361,12.74
4326.464,12.773
4326.581,12.753
4326.673,12.733
4376.780,12.847
4376.876,12.8
4376.947,12.853
4377.035,12.587
4377.136,12.76
4377.315,12.68
4377.342,12.76
4377.445,12.633
4377.548,12.707
4377.650,12.707
4377.760,12.713
4377.910,12.847
4377.937,12.827
4378.094,12.74
4378.195,12.707
4378.295,12.693
4378.347,12.733
4378.440,12.713
4378.538,12.653
4378.638,12.787
4378.734,12.82
4378.829,12.867
4378.949,12.827
4379.047,12.813
4379.153,12.807
4379.228,12.667
4379.327,12.72
4379.434,12.74
4379.533,12.76
4379.636,12.787
4379.741,12.76
4379.849,12.747
4379.951,12.7
4380.050,12.767
4380.148,12.74
4380.256,12.647
4380.354,12.687
4380.457,12.74
4380.557,12.82
4380.665,12.813
4380.766,12.747
4380.864,12.7
4380.989,12.673
4381.079,12.773
4381.173,12.767
4381.275,12.747
4381.378,12.78
4381.472,12.74
4381.579,12.747
4381.682,12.78
4381.724,12.767
4381.822,12.733
4381.994,12.767
4382.030,12.693
4382.119,12.693
4382.221,12.813
4382.324,12.647
4382.422,12.693
4382.528,12.827
4382.631,12.68
4382.719,12.747
4382.826,12.84
4382.929,12.733
4383.030,12.693
4383.116,12.653
4383.219,12.78
4383.315,12.74
4383.425,12.667
4383.521,12.787
4383.660,12.713
4383.719,12.713
4383.841,12.687
4383.944,12.74
4384.040,12.833
4384.148,12.733
4384.244,12.62
4384.354,12.687
4384.452,12.733
4384.555,12.72
4384.665,12.713
4384.758,12.76
4384.863,12.86
4384.969,12.813
4385.077,12.827
4385.175,12.76
4385.270,12.747
4385.371,12.74
4385.472,12.773
4385.577,12.687
4385.679,12.667
4385.709,12.78
4385.815,12.72
4385.910,12.753
4386.010,12.667
4386.190,12.687
4386.219,12.74
4386.319,12.72
4386.420,12.807
4386.527,12.807
4386.626,12.76
4676.724,12.767
4676.822,12.753
4676.908,12.687
4677.010,12.687
4677.114,12.667
4677.236,12.767
4677.324,12.753
4677.420,12.76
4677.523,12.733
4677.604,12.733
4677.716,12.72
4677.829,12.727
4677.915,12.827
4678.021,12.707
4678.123,12.8
4678.224,12.767
4678.304,12.693
4678.403,12.76
4678.548,12.8
4678.618,12.767
4678.751,12.76
4678.824,12.707
4678.947,12.873
4679.028,12.887
4679.099,12.827
4679.263,12.847
4679.364,12.66
4679.459,12.687
4679.508,12.593
4679.677,12.787
4679.707,12.727
4679.810,12.74
4679.913,12.673
4680.010,12.633
4680.111,12.633
4680.214,12.773
4680.310,12.787
4680.413,12.707
4680.498,12.793
4680.594,12.713
4680.694,12.78
4680.805,12.76
4680.913,12.833
4681.008,12.733
4681.106,12.653
4681.214,12.787
4681.324,12.76
4681.420,12.633
4681.521,12.74
4681.616,12.773
4681.722,12.647
4681.824,12.653
4681.949,12.8
4682.013,12.787
4682.133,12.68
4682.233,12.7
4682.331,12.833
4682.400,12.927
4682.508,12.713
4682.641,12.753
4682.711,12.727
4682.854,12.713
4682.927,12.927
4683.070,12.727
4683.189,12.68
4683.190,12.8
4683.373,12.693
4683.402,12.653
4683.486,12.733
4683.601,12.78
4683.697,12.787
4683.793,12.74
4683.896,12.58
4683.991,12.773
4684.089,12.793
4684.185,12.72
4684.290,12.773
4684.385,12.88
4684.493,12.82
4684.589,12.86
4684.699,12.747
4684.797,12.747
4684.902,12.713
4684.998,12.74
4685.099,12.827
4685.202,12.82
4685.320,12.787
4685.407,12.82
4685.510,12.74
4685.618,12.807
4685.734,12.707
4685.815,12.72
4685.918,12.833
4686.021,12.753
4686.126,12.66
4686.226,12.827
4686.332,12.867
4686.423,12.827
4686.535,12.793
4686.635,12.72
4736.738,12.667
4736.839,12.9
4736.945,12.753
4737.054,12.8
4737.082,12.68
4737.185,12.747
4737.282,12.66
4737.383,12.753
4737.484,12.793
4737.574,12.693
4737.690,12.707
4737.792,12.76
4737.896,12.827
4737.994,12.753
4738.074,12.647
4738.189,12.72
4738.275,12.793
4738.376,12.913
4738.479,12.687
4738.574,12.733
4738.687,12.78
4738.788,12.78
4738.896,12.773
4738.996,12.767
4739.074,12.78
4739.197,12.78
4739.304,12.867
4739.432,12.68
4739.506,12.787
4739.609,12.7
4739.707,12.507
4739.802,12.613
4739.910,12.76
4740.015,12.713
4740.099,12.74
4740.222,12.693
4740.320,12.827
4740.422,12.813
4740.525,12.713
4740.630,12.747
4740.726,12.813
4740.766,12.747
4740.937,12.78
4740.964,12.74
4741.064,12.76
4741.167,12.707
4741.271,12.7
4741.369,12.8
4741.479,12.767
4741.569,12.753
4741.680,12.793
4741.782,12.733
4741.883,12.767
4741.962,12.753
4742.062,12.727
4742.170,12.727
4742.273,12.747
4742.375,12.733
4742.474,12.74
4742.576,12.74
4742.670,12.8
4742.778,12.713
4742.864,12.707
4742.984,12.76
4743.087,12.773
4743.175,12.76
4743.278,12.7
4743.364,12.827
4743.466,12.913
4743.570,12.807
4743.673,12.74
4743.819,12.687
4743.885,12.727
4744.010,12.74
4744.111,12.78
4744.219,12.8
4744.322,12.813
4744.418,12.753
4744.510,12.827
4744.554,12.76
4744.650,12.8
4744.755,12.72
4744.935,12.68
4744.962,12.74
4745.060,12.74
4745.158,12.673
4745.268,12.733
4745.371,12.8
4745.469,12.673
4745.567,12.733
4745.657,12.767
4745.753,12.707
4745.856,12.727
4745.954,12.84
4746.059,12.847
4746.160,12.78
4746.258,12.76
4746.347,12.6
4746.466,12.693
4746.567,12.807
4746.670,12.74
4796.760,12.627
4796.881,12.673
4796.979,12.78
4797.084,12.767
4797.182,12.687
4797.292,12.747
4797.388,12.707
4797.494,12.82
4797.594,12.8
4797.697,12.753
4797.817,12.833
4797.898,12.767
4798.005,12.853
4798.106,12.747
4798.231,12.733
4798.312,12.78
4798.373,12.74
4798.449,12.733
4798.552,12.747
4798.646,12.887
4798.756,12.767
4798.858,12.62
4798.949,12.7
4799.050,12.8
4799.150,12.76
4799.250,12.767
4799.361,12.86
4799.442,12.633
4799.538,12.673
4799.653,12.787
4799.743,12.7
4799.839,12.753
4799.942,12.807
4800.067,12.707
4800.160,12.7
4800.256,12.88
4800.356,12.793
4800.461,12.827
4800.562,12.72
4800.663,12.753
4800.773,12.833
4800.876,12.767
4800.972,12.76
4801.081,12.747
4801.182,12.813
4801.280,12.74
4801.332,12.727
4801.493,12.7
4801.592,12.68
4801.694,12.767
4801.790,12.72
4801.903,12.747
4801.934,12.8
4802.037,12.747
4802.228,12.787
4802.305,12.727
4802.334,12.827
4802.434,12.8
4802.533,12.733
4802.633,12.9
4802.738,12.753
4802.837,12.667
4803.021,12.72
4803.048,12.72
4803.146,12.787
4803.248,12.747
4803.331,12.727
4803.442,12.693
4803.540,12.693
4803.640,12.613
4803.743,12.773
4803.839,12.707
4803.935,12.76
4804.064,12.613
4804.153,12.733
4804.251,12.753
4804.353,12.793
4804.476,12.747
4804.557,12.773
4804.658,12.753
4804.761,12.633
4804.871,12.813
4804.967,12.88
4805.074,12.8
4805.175,12.86
4805.278,12.793
4805.398,12.653
4805.476,12.647
4805.579,12.7
4805.684,12.74
4805.792,12.833
4805.822,12.733
4805.927,12.687
4806.092,12.827
4806.121,12.673
4806.217,12.707
4806.337,12.64
4806.425,12.707
4806.521,12.793
4806.638,12.727
4856.734,12.7
4856.837,12.813
4856.935,12.74
4857.028,12.827
4857.131,12.873
4857.228,12.76
4857.320,12.827
4857.417,12.707
4857.525,12.773
4857.633,12.76
4857.739,12.787
4857.832,12.693
4857.940,12.8
4858.043,12.753
4858.152,12.7
4858.251,12.747
4858.351,12.653
4858.451,12.82
4858.560,12.853
4858.658,12.8
4858.758,12.813
4858.842,12.867
4858.961,12.773
4859.060,12.853
4859.163,12.933
4859.261,12.853
4859.368,12.793
4859.462,12.827
4859.579,12.827
4859.680,12.733
4859.778,12.727
4859.807,12.767
4859.989,12.773
4860.018,12.873
4860.114,12.653
4860.217,12.813
4860.312,12.72
4860.427,12.74
4860.518,12.733
4860.619,12.74
4860.722,12.747
4860.810,12.773
4860.910,12.813
4861.010,12.8
4861.125,12.78
4861.248,12.747
4861.315,12.793
4861.417,12.74
4861.518,12.74
4861.626,12.74
4861.724,12.84
4861.826,12.76
4861.923,12.733
4862.023,12.687
4862.150,12.72
4862.236,12.933
4862.334,12.873
4862.442,12.693
4862.562,12.747
4862.635,12.76
4862.756,12.787
4862.854,12.767
4862.954,12.78
4863.048,12.813
4863.158,12.747
4863.260,12.74
4863.298,12.76
4863.464,12.807
4863.557,12.793
4863.670,12.66
4863.697,12.753
4863.804,12.793
4863.900,12.713
4864.011,12.773
4864.103,12.787
4864.199,12.707
4864.305,12.807
4864.400,12.633
4864.496,12.727
4864.597,12.753
4864.724,12.673
4864.800,12.793
4864.905,12.733
4865.010,12.82
4865.099,12.733
4865.234,12.733
4865.307,12.727
4865.415,12.673
4865.503,12.787
4865.614,12.793
4865.717,12.693
4865.824,12.787
4865.927,12.793
4866.030,12.673
4866.104,12.727
4866.236,12.693
4866.295,12.813
4866.403,12.707
4866.503,12.687
4866.606,12.673
4916.741,12.853
4916.812,12.84
4916.945,12.68
4917.048,12.78
4917.145,12.727
4917.241,12.733
4917.295,12.787
4917.388,12.887
4917.484,12.793
4917.587,12.68
4917.687,12.84
4917.788,12.713
4917.886,12.68
4917.991,12.58
4918.103,12.607
4918.204,12.667
4918.283,12.72
4918.398,12.733
4918.486,12.793
4918.584,12.827
4918.687,12.673
4918.810,12.693
4918.893,12.793
4918.994,12.76
4919.097,12.713
4919.202,12.833
4919.302,12.787
4919.403,12.627
4919.506,12.787
4919.614,12.753
4919.712,12.7
4919.812,12.74
4919.918,12.793
4920.015,12.76
4920.136,12.82
4920.236,12.787
4920.283,12.707
4920.391,12.687
4920.498,12.707
4920.646,12.833
4920.702,12.787
4920.829,12.7
4920.944,12.813
4921.043,12.787
4921.146,12.767
4921.173,12.847
4921.349,12.753
4921.378,12.72
4921.481,12.72
4921.584,12.707
4921.680,12.733
4921.777,12.647
4921.873,12.687
4921.996,12.76
4922.074,12.667
4922.185,12.793
4922.283,12.7
4922.380,12.773
4922.484,12.713
4922.581,12.727
4922.682,12.68
4922.807,12.707
4922.878,12.673
4922.981,12.747
4923.084,12.76
4923.173,12.893
4923.297,12.78
4923.398,12.813
4923.494,12.64
4923.603,12.72
4923.706,12.72
4923.807,12.713
4923.910,12.767
4924.023,12.773
4924.119,12.74
4924.221,12.833
4924.322,12.88
4924.420,12.82
4924.525,12.713
4924.648,12.707
4924.663,12.813
4924.831,12.867
4924.930,12.767
4925.011,12.687
4925.065,12.787
4925.168,12.727
4925.265,12.693
4925.381,12.593
4925.474,12.72
4925.577,12.827
4925.673,12.713
4925.773,12.767
4925.878,12.753
4925.981,12.687
4926.082,12.773
4926.162,12.853
4926.266,12.733
4926.373,12.72
4926.481,12.78
4926.559,12.673
4926.660,12.687
4976.782,12.74
4976.895,12.78
4976.967,12.687
4977.059,12.867
4977.185,12.953
4977.290,12.793
4977.396,12.793
4977.498,12.847
4977.584,12.68
4977.701,12.847
4977.802,12.833
4977.923,12.9
4978.008,12.74
4978.106,12.72
4978.216,12.773
4978.322,12.867
4978.415,12.713
4978.511,12.787
4978.626,12.8
4978.655,12.713
4978.756,12.76
4978.932,12.733
4978.962,12.853
4979.055,12.753
4979.163,12.733
4979.260,12.827
4979.361,12.913
4979.464,12.813
4979.565,12.753
4979.665,12.727
4979.766,12.673
4979.849,12.713
4979.954,12.813
4980.055,12.82
4980.158,12.72
4980.261,12.76
4980.361,12.707
4980.462,12.827
4980.570,12.72
4980.667,12.633
4980.771,12.653
4980.895,12.7
4980.983,12.8
4981.081,12.893
4981.180,12.76
4981.258,12.74
4981.361,12.793
4981.447,12.8
4981.548,12.7
4981.652,12.687
4981.751,12.687
4981.896,12.687
4981.964,12.8
4982.089,12.7
4982.173,12.727
4982.295,12.787
4982.380,12.747
4982.483,12.793
4982.542,12.74
4982.655,12.713
4982.753,12.793
4982.907,12.713
4982.959,12.84
4983.050,12.747
4983.150,12.747
4983.244,12.653
4983.347,12.653
4983.466,12.72
4983.540,12.767
4983.636,12.667
4983.760,12.653
4983.846,12.8
4983.954,12.68
4984.050,12.787
4984.152,12.827
4984.253,12.727
4984.356,12.76
4984.454,12.833
4984.569,12.707
4984.668,12.707
4984.768,12.833
4984.866,12.707
4984.981,12.7
4985.079,12.687
4985.180,12.72
4985.305,12.807
4985.376,12.74
4985.483,12.78
4985.587,12.753
4985.668,12.833
4985.795,12.853
4985.891,12.793
4986.003,12.727
4986.094,12.78
4986.192,12.733
4986.295,12.687
4986.408,12.733
4986.503,12.627
4986.532,12.793
4986.633,12.773
5276.734,12.74
5276.842,12.693
5276.940,12.693
5277.050,12.727
5277.140,12.687
5277.233,12.713
5277.334,12.753
5277.434,12.787
5277.552,12.733
5277.657,12.713
5277.734,12.813
5277.832,12.833
5277.935,12.76
5278.037,12.813
5278.133,12.893
5278.248,12.733
5278.332,12.813
5278.452,12.82
5278.552,12.613
5278.657,12.653
5278.753,12.747
5278.856,12.72
5278.979,12.753
5279.067,12.78
5279.170,12.827
5279.270,12.787
5279.344,12.713
5279.481,12.76
5279.579,12.787
5279.685,12.833
5279.782,12.807
5279.883,12.7
5279.986,12.693
5280.079,12.8
5280.130,12.78
5280.226,12.64
5280.393,12.787
5280.423,12.727
5280.518,12.773
5280.623,12.76
5280.726,12.74
5280.817,12.66
5280.932,12.68
5281.035,12.767
5281.118,12.807
5281.228,12.827
5281.322,12.68
5281.423,12.647
5281.565,12.74
5281.614,12.713
5281.714,12.753
5281.837,12.78
5281.934,12.867
5282.016,12.813
5282.114,12.667
5282.212,12.86
5282.344,12.84
5282.430,12.74
5282.540,12.747
5282.643,12.6
5282.761,12.753
5282.858,12.687
5282.954,12.753
5283.081,12.807
5283.158,12.713
5283.263,12.767
5283.376,12.633
5283.427,12.793
5283.572,12.813
5283.670,12.74
5283.771,12.793
5283.812,12.787
5283.910,12.813
5284.006,12.887
5284.111,12.793
5284.209,12.68
5284.312,12.693
5284.422,12.807
5284.505,12.787
5284.616,12.813
5284.719,12.72
5284.805,12.767
5284.915,12.813
5285.037,12.793
5285.111,12.787
5285.239,12.68
5285.309,12.8
5285.408,12.76
5285.521,12.813
5285.630,12.84
5285.726,12.693
5285.824,12.807
5285.925,12.673
5286.032,12.66
5286.131,12.793
5286.229,12.74
5286.342,12.653
5286.423,12.673
5286.501,12.753
5286.606,12.773
5336.753,12.72
5336.812,12.613
5336.910,12.747
5337.076,12.74
5337.128,12.8
5337.253,12.767
5337.349,12.727
5337.402,12.66
5337.579,12.733
5337.653,12.853
5337.704,12.767
5337.859,12.8
5337.988,12.8
5338.013,12.76
5338.109,12.793
5338.204,12.76
5338.307,12.833
5338.412,12.707
5338.510,12.767
5338.594,12.853
5338.697,12.72
5338.793,12.753
5338.915,12.84
5339.005,12.727
5339.106,12.707
5339.229,12.827
5339.327,12.847
5339.398,12.727
5339.516,12.627
5339.609,12.72
5339.719,12.713
5339.826,12.753
5339.923,12.82
5340.016,12.813
5340.123,12.873
5340.244,12.72
5340.351,12.827
5340.430,12.593
5340.489,12.867
5340.592,12.693
5340.751,12.627
5340.800,12.88
5340.910,12.76
5341.042,12.78
5341.163,12.72
5341.246,12.78
5341.344,12.753
5341.447,12.807
5341.488,12.74
5341.652,12.727
5341.753,12.653
5341.805,12.673
5341.891,12.767
5341.994,12.68
5342.089,12.66
5342.192,12.7
5342.290,12.613
5342.395,12.727
5342.501,12.693
5342.591,12.807
5342.685,12.8
5342.785,12.78
5342.888,12.813
5343.001,12.7
5343.101,12.727
5343.197,12.793
5343.324,12.767
5343.405,12.693
5343.505,12.7
5343.609,12.787
5343.704,12.84
5343.810,12.84
5343.913,12.793
5344.015,12.74
5344.104,12.6
5344.224,12.833
5344.324,12.733
5344.427,12.64
5344.523,12.82
5344.630,12.78
5344.731,12.727
5344.841,12.727
5344.942,12.727
5345.037,12.893
5345.136,12.627
5345.239,12.88
5345.347,12.767
5345.373,12.713
5345.472,12.773
5345.574,12.78
5345.684,12.733
5345.785,12.707
5345.896,12.673
5345.976,12.793
5346.074,12.733
5346.175,12.653
5346.271,12.733
5346.376,12.707
5346.479,12.8
5346.582,12.727
5346.675,12.773
5396.783,12.68
5396.868,12.787
5396.998,12.74
5397.087,12.633
5397.209,12.787
5397.282,12.733
5397.391,12.667
5397.494,12.833
5397.597,12.733
5397.697,12.707
5397.807,12.7
5397.907,12.64
5398.016,12.7
5398.109,12.827
5398.216,12.827
5398.315,12.64
5398.415,12.673
5398.520,12.747
5398.621,12.74
5398.726,12.647
5398.837,12.747
5398.927,12.687
5399.028,12.6
5399.136,12.873
5399.165,12.793
5399.273,12.727
5399.369,12.733
5399.467,12.76
5399.572,12.74
5399.670,12.793
5399.770,12.793
5399.881,12.713
5399.976,12.833
5400.079,12.693
5400.165,12.707
5400.273,12.847
5400.375,12.733
5400.462,12.693
5400.579,12.773
5400.675,12.78
5400.763,12.773
5400.886,12.787
5400.979,12.86
5401.087,12.767
5401.180,12.587
5401.288,12.767
5401.385,12.627
5401.481,12.66
5401.581,12.793
5401.675,12.807
5401.798,12.833
5401.896,12.753
5401.994,12.72
5402.101,12.713
5402.214,12.74
5402.314,12.727
5402.420,12.667
5402.520,12.827
5402.552,12.773
5402.719,12.713
5402.751,12.773
5402.851,12.7
5403.028,12.72
5403.060,12.693
5403.160,12.833
5403.271,12.88
5403.363,12.673
5403.464,12.833
5403.564,12.693
5403.662,12.74
5403.763,12.673
5403.866,12.68
5403.983,12.873
5404.048,12.673
5404.155,12.8
5404.256,12.867
5404.349,12.787
5404.461,12.713
5404.560,12.8
5404.663,12.867
5404.763,12.693
5404.869,12.9
5404.969,12.587
5405.084,12.733
5405.177,12.78
5405.280,12.733
5405.378,12.767
5405.496,12.587
5405.592,12.76
5405.648,12.693
5405.753,12.72
5405.859,12.787
5405.959,12.8
5406.067,12.753
5406.197,12.76
5406.300,12.793
5406.413,12.74
5406.440,12.78
5406.599,12.713
5406.650,12.8
5456.815,12.727
5456.844,12.653
5456.947,12.687
5457.045,12.787
5457.153,12.753
5457.248,12.767
5457.359,12.693
5457.457,12.847
5457.557,12.733
5457.657,12.693
5457.744,12.753
5457.839,12.673
5457.939,12.767
5458.042,12.747
5458.143,12.847
5458.248,12.78
5458.354,12.747
5458.461,12.68
5458.560,12.693
5458.660,12.713
5458.760,12.74
5458.871,12.747
5458.967,12.673
5459.072,12.747
5459.170,12.753
5459.271,12.7
5459.381,12.727
5459.434,12.72
5459.589,12.753
5459.643,12.773
5459.790,12.667
5459.907,12.793
5460.003,12.82
5460.030,12.7
5460.131,12.787
5460.229,12.68
5460.386,12.733
5460.437,12.693
5460.535,12.7
5460.630,12.693
5460.734,12.753
5460.834,12.747
5460.940,12.713
5461.035,12.727
5461.136,12.74
5461.239,12.78
5461.332,12.673
5461.442,12.687
5461.525,12.747
5461.631,12.767
5461.744,12.707
5461.829,12.733
5461.930,12.807
5462.038,12.713
5462.136,12.787
5462.241,12.76
5462.369,12.653
5462.444,12.733
5462.548,12.787
5462.648,12.687
5462.751,12.913
5462.847,12.813
5462.956,12.713
5463.067,12.693
5463.195,12.793
5463.271,12.833
5463.376,12.747
5463.479,12.787
5463.584,12.733
5463.682,12.853
5463.778,12.787
5463.905,12.927
5463.984,12.833
5464.081,12.747
5464.138,12.813
5464.226,12.86
5464.388,12.767
5464.418,12.687
5464.523,12.847
5464.640,12.7
5464.717,12.713
5464.820,12.807
5464.918,12.76
5465.042,12.753
5465.114,12.773
5465.214,12.613
5465.312,12.853
5465.413,12.8
5465.513,12.66
5465.616,12.82
5465.741,12.767
5465.824,12.74
5465.937,12.667
5466.052,12.727
5466.153,12.747
5466.233,12.687
5466.344,12.74
5466.447,12.693
5466.547,12.76
5466.673,12.713
5516.753,12.82
5516.856,12.76
5516.961,12.76
5517.059,12.76
5517.165,12.753
5517.265,12.693
5517.388,12.667
5517.461,12.727
5517.579,12.873
5517.667,12.807
5517.768,12.687
5517.885,12.707
5517.913,12.76
5518.015,12.687
5518.114,12.807
5518.214,12.787
5518.315,12.733
5518.410,12.78
5518.511,12.833
5518.613,12.64
5518.707,12.767
5518.861,12.8
5518.910,12.827
5519.099,12.76
5519.101,12.653
5519.217,12.76
5519.312,12.753
5519.418,12.767
5519.503,12.84
5519.603,12.72
5519.717,12.787
5519.829,12.693
5519.925,12.713
5520.023,12.8
5520.123,12.673
5520.250,12.713
5520.347,12.74
5520.442,12.74
5520.535,12.753
5520.636,12.807
5520.743,12.853
5520.841,12.753
5520.947,12.72
5521.050,12.753
5521.150,12.74
5521.258,12.867
5521.353,12.707
5521.457,12.727
5521.576,12.713
5521.667,12.827
5521.694,12.813
5521.868,12.827
5521.896,12.82
5522.013,12.727
5522.094,12.767
5522.204,12.787
5522.300,12.773
5522.400,12.733
5522.503,12.74
5522.604,12.727
5522.726,12.773
5522.792,12.827
5522.898,12.68
5523.021,12.767
5523.092,12.787
5523.201,12.733
5523.307,12.773
5523.405,12.74
5523.506,12.78
5523.614,12.847
5523.717,12.827
5523.829,12.807
5523.895,12.827
5524.016,12.767
5524.118,12.807
5524.194,12.807
5524.329,12.78
5524.388,12.853
5524.494,12.753
5524.606,12.7
5524.724,12.787
5524.834,12.8
5524.937,12.767
5525.043,12.64
5525.140,12.813
5525.244,12.793
5525.366,12.84
5525.449,12.687
5525.570,12.827
5525.665,12.853
5525.682,12.747
5525.788,12.693
5525.885,12.833
5525.988,12.68
5526.101,12.753
5526.197,12.767
5526.293,12.787
5526.400,12.767
5526.479,12.727
5526.601,12.773
5526.682,12.827
5576.790,12.787
5576.881,12.84
5576.984,12.693
5577.087,12.713
5577.199,12.713
5577.298,12.66
5577.393,12.813
5577.501,12.753
5577.614,12.827
5577.714,12.78
5577.810,12.76
5577.915,12.833
5578.013,12.793
5578.111,12.74
5578.238,12.84
5578.329,12.787
5578.423,12.62
5578.521,12.767
5578.623,12.733
5578.728,12.813
5578.827,12.727
5578.930,12.833
5578.974,12.847
5579.141,12.873
5579.236,12.807
5579.339,12.74
5579.381,12.687
5579.476,12.76
5579.574,12.667
5579.672,12.773
5579.777,12.867
5579.890,12.793
5579.974,12.607
5580.074,12.767
5580.192,12.927
5580.298,12.793
5580.388,12.747
5580.474,12.74
5580.569,12.76
5580.689,12.8
5580.778,12.687
5580.880,12.687
5580.978,12.76
5581.074,12.687
5581.175,12.767
5581.293,12.687
5581.413,12.76
5581.489,12.713
5581.592,12.807
5581.695,12.96
5581.798,12.76
5581.913,12.733
5582.003,12.693
5582.104,12.693
5582.226,12.773
5582.324,12.727
5582.420,12.74
5582.516,12.807
5582.616,12.827
5582.719,12.813
5582.822,12.893
5582.923,12.807
5583.015,12.693
5583.060,12.8
5583.231,12.733
5583.332,12.793
5583.435,12.747
5583.464,12.767
5583.562,12.887
5583.663,12.693
5583.775,12.747
5583.876,12.727
5583.972,12.76
5584.074,12.713
5584.160,12.66
5584.258,12.767
5584.359,12.66
5584.461,12.733
5584.560,12.733
5584.672,12.747
5584.802,12.727
5584.875,12.76
5584.964,12.78
5585.074,12.693
5585.175,12.827
5585.278,12.76
5585.400,12.747
5585.474,12.78
5585.587,12.707
5585.694,12.793
5585.793,12.833
5585.895,12.8
5586.000,12.76
5586.099,12.747
5586.201,12.8
5586.322,12.607
5586.418,12.767
5586.516,12.76
5586.621,12.673
5876.734,12.707
5876.807,12.767
5876.952,12.747
5876.954,12.84
5877.059,12.813
5877.150,12.793
5877.253,12.747
5877.359,12.667
5877.464,12.82
5877.565,12.827
5877.663,12.9
5877.768,12.78
5877.864,12.84
5877.966,12.74
5878.067,12.793
5878.185,12.713
5878.248,12.707
5878.371,12.813
5878.452,12.893
5878.572,12.84
5878.668,12.773
5878.765,12.753
5878.863,12.753
5878.949,12.7
5879.052,12.847
5879.153,12.687
5879.263,12.853
5879.347,12.78
5879.467,12.793
5879.552,12.82
5879.675,12.847
5879.777,12.793
5879.871,12.72
5879.998,12.727
5880.082,12.793
5880.185,12.653
5880.305,12.713
5880.410,12.727
5880.437,12.833
5880.604,12.753
5880.706,12.7
5880.802,12.767
5880.910,12.76
5880.940,12.773
5881.037,12.8
5881.138,12.8
5881.243,12.767
5881.344,12.82
5881.467,12.76
5881.557,12.707
5881.655,12.747
5881.753,12.64
5881.837,12.727
5881.972,12.773
5882.045,12.733
5882.141,12.88
5882.251,12.793
5882.346,12.793
5882.447,12.76
5882.570,12.673
5882.660,12.873
5882.756,12.687
5882.856,12.667
5882.937,12.707
5883.032,12.807
5883.133,12.76
5883.233,12.747
5883.332,12.76
5883.440,12.853
5883.572,12.787
5883.645,12.873
5883.748,12.827
5883.849,12.767
5883.974,12.693
5884.057,12.847
5884.197,12.793
5884.270,12.853
5884.407,12.813
5884.486,12.8
5884.528,12.853
5884.699,12.74
5884.728,12.773
5884.844,12.707
5884.940,12.793
5885.047,12.807
5885.143,12.78
5885.241,12.787
5885.337,12.787
5885.435,12.787
5885.533,12.827
5885.628,12.807
5885.726,12.68
5885.827,12.66
5885.929,12.793
5886.030,12.667
5886.133,12.713
5886.246,12.773
5886.337,12.84
5886.442,12.787
5886.543,12.713
5886.657,12.813
5936.755,12.767
5936.853,12.747
5936.952,12.74
5937.072,12.713
5937.168,12.693
5937.263,12.72
5937.322,12.753
5937.467,12.767
5937.525,12.753
5937.668,12.807
5937.743,12.72
5937.875,12.773
5937.978,12.807
5938.028,12.807
5938.177,12.727
5938.275,12.633
5938.327,12.547
5938.415,12.733
5938.516,12.847
5938.618,12.84
5938.721,12.74
5938.819,12.86
5938.930,12.973
5939.028,12.853
5939.126,12.78
5939.231,12.773
5939.331,12.733
5939.427,12.84
5939.523,12.753
5939.623,12.873
5939.719,12.713
5939.820,12.72
5939.923,12.813
5940.033,12.747
5940.133,12.713
5940.229,12.7
5940.332,12.713
5940.434,12.8
5940.545,12.793
5940.655,12.7
5940.741,12.68
5940.847,12.713
5940.957,12.793
5941.067,12.74
5941.187,12.76
5941.261,12.693
5941.366,12.8
5941.459,12.727
5941.560,12.747
5941.663,12.827
5941.758,12.793
5941.868,12.807
5941.971,12.827
5942.081,12.713
5942.170,12.76
5942.278,12.687
5942.302,12.693
5942.405,12.693
5942.516,12.813
5942.616,12.773
5942.721,12.787
5942.817,12.84
5942.903,12.707
5943.018,12.773
5943.121,12.733
5943.228,12.747
5943.312,12.773
5943.413,12.733
5943.500,12.647
5943.608,12.693
5943.704,12.753
5943.804,12.78
5943.923,12.72
5944.008,12.707
5944.130,12.873
5944.226,12.713
5944.331,12.767
5944.437,12.787
5944.535,12.76
5944.633,12.773
5944.744,12.813
5944.842,12.76
5944.940,12.7
5945.065,12.68
5945.155,12.913
5945.253,12.833
5945.354,12.78
5945.452,12.687
5945.554,12.84
5945.655,12.753
5945.758,12.78
5945.800,12.76
5945.964,12.673
5945.998,12.747
5946.096,12.673
5946.194,12.807
5946.295,12.78
5946.398,12.727
5946.501,12.753
5946.603,12.827
5946.706,12.767
5996.807,12.733
5996.903,12.673
5997.013,12.787
5997.091,12.753
5997.192,12.753
5997.315,12.78
5997.410,12.807
5997.508,12.787
5997.603,12.8
5997.714,12.887
5997.815,12.753
5997.908,12.64
5998.005,12.76
5998.116,12.72
5998.194,12.727
5998.342,12.787
5998.422,12.773
5998.505,12.753
5998.626,12.807
5998.690,12.78
5998.798,12.7
5998.925,12.68
5999.011,12.747
5999.152,12.773
5999.214,12.687
5999.336,12.847
5999.435,12.747
5999.548,12.813
5999.643,12.72
5999.744,12.74
5999.793,12.76
5999.890,12.74
5999.981,12.753
6000.103,12.667
6000.255,12.807
6000.283,12.647
6000.402,12.747
6000.500,12.687
6000.601,12.833
6000.702,12.773
6000.800,12.693
6000.880,12.787
6000.989,12.853
6001.086,12.767
6001.187,12.74
6001.314,12.753
6001.402,12.773
6001.498,12.673
6001.597,12.673
6001.680,12.78
6001.800,12.707
6001.905,12.787
6002.018,12.847
6002.119,12.833
6002.216,12.82
6002.312,12.78
6002.417,12.827
6002.528,12.633
6002.626,12.627
6002.724,12.74
6002.827,12.8
6002.927,12.793
6003.030,12.727
6003.148,12.733
6003.234,12.713
6003.337,12.693
6003.440,12.713
6003.562,12.707
6003.643,12.653
6003.675,12.66
6003.771,12.72
6003.886,12.68
6003.979,12.687
6004.079,12.867
6004.170,12.767
6004.293,12.74
6004.371,12.673
6004.491,12.827
6004.574,12.787
6004.670,12.74
6004.778,12.78
6004.885,12.76
6004.989,12.713
6005.069,12.847
6005.180,12.78
6005.273,12.747
6005.402,12.647
6005.489,12.76
6005.584,12.787
6005.684,12.773
6005.795,12.72
6005.888,12.713
6005.972,12.767
6006.089,12.7
6006.204,12.78
6006.300,12.627
6006.386,12.747
6006.501,12.713
6006.597,12.853
6056.717,12.787
6056.827,12.8
6056.905,12.687
6057.023,12.78
6057.119,12.813
6057.239,12.68
6057.268,12.64
6057.364,12.827
6057.461,12.807
6057.562,12.687
6057.673,12.747
6057.771,12.78
6057.866,12.713
6057.967,12.7
6058.070,12.713
6058.175,12.773
6058.297,12.8
6058.361,12.8
6058.459,12.693
6058.560,12.773
6058.663,12.76
6058.788,12.753
6058.869,12.733
6058.972,12.82
6059.074,12.693
6059.177,12.787
6059.277,12.727
6059.396,12.68
6059.484,12.707
6059.587,12.753
6059.692,12.853
6059.765,12.76
6059.898,12.733
6059.996,12.793
6060.096,12.707
6060.202,12.627
6060.300,12.693
6060.359,12.753
6060.500,12.747
6060.570,12.733
6060.714,12.72
6060.773,12.767
6060.915,12.773
6060.986,12.767
6061.050,12.74
6061.153,12.827
6061.258,12.747
6061.356,12.653
6061.459,12.707
6061.552,12.593
6061.670,12.633
6061.763,12.653
6061.869,12.84
6061.971,12.807
6062.060,12.76
6062.160,12.647
6062.280,12.713
6062.349,12.767
6062.452,12.7
6062.552,12.773
6062.658,12.84
6062.760,12.78
6062.861,12.733
6062.964,12.82
6063.074,12.713
6063.168,12.847
6063.271,12.807
6063.373,12.84
6063.486,12.673
6063.584,12.727
6063.707,12.74
6063.782,12.68
6063.876,12.813
6063.986,12.733
6064.089,12.687
6064.175,12.707
6064.253,12.84
6064.356,12.74
6064.464,12.787
6064.543,12.8
6064.641,12.787
6064.743,12.807
6064.844,12.76
6065.003,12.82
6065.054,12.753
6065.138,12.8
6065.238,12.713
6065.347,12.687
6065.447,12.74
6065.545,12.753
6065.646,12.773
6065.736,12.727
6065.856,12.693
6065.957,12.7
6066.035,12.78
6066.138,12.767
6066.239,12.753
6066.341,12.767
6066.452,12.753
6066.548,12.607
6066.648,12.807
6116.751,12.74
6116.861,12.793
6116.956,12.847
6117.060,12.727
6117.160,12.74
6117.263,12.68
6117.373,12.747
6117.484,12.753
6117.572,12.753
6117.673,12.787
6117.775,12.82
6117.895,12.727
6117.989,12.62
6118.043,12.72
6118.141,12.647
6118.244,12.767
6118.347,12.713
6118.449,12.8
6118.530,12.633
6118.633,12.78
6118.731,12.733
6118.913,12.733
6118.969,12.82
6119.028,12.82
6119.136,12.807
6119.234,12.733
6119.344,12.74
6119.437,12.753
6119.540,12.847
6119.643,12.853
6119.733,12.74
6119.831,12.753
6119.934,12.753
6120.057,12.727
6120.123,12.693
6120.226,12.713
6120.334,12.813
6120.422,12.78
6120.540,12.807
6120.641,12.72
6120.744,12.82
6120.861,12.76
6120.979,12.887
6121.052,12.693
6121.160,12.78
6121.293,12.773
6121.364,12.713
6121.464,12.693
6121.572,12.867
6121.670,12.84
6121.770,12.847
6121.893,12.747
6121.981,12.78
6122.081,12.74
6122.180,12.747
6122.260,12.76
6122.385,12.673
6122.491,12.86
6122.520,12.74
6122.630,12.687
6122.719,12.813
6122.826,12.813
6122.927,12.7
6123.021,12.68
6123.133,12.733
6123.234,12.867
6123.408,12.827
6123.437,12.74
6123.528,12.72
6123.626,12.753
6123.729,12.72
6123.817,12.793
6123.913,12.787
6124.016,12.9
6124.143,12.747
6124.229,12.767
6124.329,12.727
6124.432,12.72
6124.533,12.74
6124.631,12.76
6124.731,12.693
6124.841,12.66
6124.923,12.733
6125.023,12.827
6125.146,12.72
6125.246,12.767
6125.388,12.76
6125.437,12.853
6125.569,12.767
6125.660,12.713
6125.795,12.727
6125.866,12.867
6125.981,12.8
6126.008,12.68
6126.175,12.713
6126.273,12.693
6126.378,12.687
6126.405,12.727
6126.582,12.773
6126.609,12.773
6126.707,12.847
6176.810,12.873
6176.913,12.7
6177.094,12.633
6177.123,12.78
6177.222,12.78
6177.322,12.7
6177.405,12.787
6177.503,12.713
6177.613,12.833
6177.712,12.687
6177.820,12.673
6177.915,12.72
6178.016,12.833
6178.141,12.733
6178.231,12.747
6178.327,12.773
6178.425,12.7
6178.508,12.707
6178.646,12.807
6178.741,12.813
6178.841,12.76
6178.945,12.767
6179.042,12.813
6179.143,12.827
6179.202,12.713
6179.310,12.753
6179.442,12.747
6179.516,12.713
6179.628,12.78
6179.750,12.833
6179.849,12.84
6179.902,12.713
6180.001,12.813
6180.157,12.933
6180.207,12.807
6180.390,12.68
6180.395,12.76
6180.513,12.767
6180.599,12.773
6180.714,12.767
6180.876,12.713
6180.907,12.733
6181.003,12.847
6181.104,12.8
6181.226,12.787
6181.297,12.813
6181.398,12.867
6181.518,12.8
6181.592,12.7
6181.712,12.747
6181.817,12.787
6181.905,12.7
6182.021,12.76
6182.143,12.8
6182.206,12.707
6182.319,12.68
6182.425,12.633
6182.552,12.733
6182.611,12.707
6182.733,12.68
6182.829,12.687
6182.930,12.767
6183.035,12.733
6183.136,12.807
6183.238,12.76
6183.329,12.767
6183.451,12.753
6183.547,12.813
6183.657,12.867
6183.751,12.713
6183.853,12.64
6183.949,12.773
6184.067,12.833
6184.094,12.673
6184.190,12.7
6184.290,12.753
6184.390,12.733
6184.503,12.76
6184.599,12.74
6184.697,12.767
6184.802,12.707
6184.900,12.753
6185.003,12.753
6185.099,12.827
6185.195,12.793
6185.295,12.82
6185.393,12.727
6185.491,12.72
6185.582,12.84
6185.695,12.753
6185.790,12.713
6185.903,12.66
6186.003,12.653
6186.099,12.733
6186.199,12.8
6186.319,12.68
6186.418,12.847
6186.513,12.667
6186.638,12.813
6186.709,12.76
6476.831,12.827
6476.927,12.847
6477.028,12.733
6477.130,12.753
6477.231,12.667
6477.329,12.76
6477.435,12.78
6477.540,12.887
6477.641,12.633
6477.744,12.773
6477.775,12.787
6477.875,12.8
6477.978,12.733
6478.087,12.72
6478.184,12.713
6478.278,12.633
6478.381,12.727
6478.500,12.793
6478.574,12.72
6478.675,12.793
6478.798,12.807
6478.885,12.86
6478.989,12.767
6479.109,12.707
6479.187,12.787
6479.271,12.747
6479.391,12.76
6479.481,12.86
6479.592,12.773
6479.689,12.727
6479.790,12.74
6479.902,12.727
6479.979,12.767
6480.101,12.913
6480.199,12.913
6480.314,12.76
6480.413,12.74
6480.510,12.78
6480.604,12.72
6480.706,12.747
6480.815,12.733
6480.918,12.673
6481.020,12.733
6481.123,12.76
6481.226,12.78
6481.331,12.787
6481.371,12.813
6481.464,12.733
6481.562,12.74
6481.665,12.893
6481.761,12.887
6481.863,12.72
6481.966,12.773
6482.072,12.64
6482.175,12.733
6482.273,12.78
6482.376,12.86
6482.472,12.727
6482.560,12.787
6482.658,12.713
6482.763,12.767
6482.864,12.76
6482.967,12.613
6483.067,12.793
6483.170,12.76
6483.278,12.74
6483.376,12.667
6483.472,12.78
6483.574,12.76
6483.684,12.78
6483.785,12.727
6483.886,12.733
6483.989,12.713
6484.060,12.787
6484.160,12.687
6484.310,12.74
6484.366,12.767
6484.466,12.74
6484.572,12.767
6484.724,12.753
6484.770,12.64
6484.854,12.667
6484.952,12.753
6485.116,12.793
6485.214,12.7
6485.312,12.693
6485.412,12.7
6485.454,12.773
6485.557,12.853
6485.658,12.727
6485.832,12.713
6485.861,12.707
6485.966,12.727
6486.047,12.733
6486.173,12.813
6486.256,12.813
6486.353,12.773
6486.457,12.807
6486.587,12.793
6486.660,12.773
6536.783,12.753
6536.858,12.713
6536.959,12.687
6537.062,12.693
6537.163,12.773
6537.251,12.713
6537.369,12.72
6537.462,12.86
6537.574,12.847
6537.687,12.773
6537.785,12.78
6537.883,12.78
6538.011,12.753
6538.092,12.807
6538.145,12.827
6538.290,12.76
6538.400,12.767
6538.456,12.76
6538.559,12.693
6538.660,12.733
6538.744,12.807
6538.839,12.733
6538.942,12.707
6539.045,12.733
6539.202,12.78
6539.255,12.74
6539.337,12.813
6539.457,12.753
6539.554,12.753
6539.650,12.76
6539.748,12.693
6539.849,12.74
6539.949,12.72
6540.043,12.867
6540.153,12.727
6540.236,12.92
6540.337,12.733
6540.442,12.733
6540.582,12.78
6540.653,12.733
6540.750,12.8
6540.854,12.807
6540.971,12.827
6541.067,12.78
6541.167,12.753
6541.261,12.78
6541.364,12.78
6541.466,12.78
6541.567,12.833
6541.660,12.693
6541.773,12.693
6541.873,12.747
6541.976,12.773
6542.072,12.727
6542.182,12.7
6542.285,12.733
6542.396,12.693
6542.500,12.707
6542.599,12.66
6542.628,12.733
6542.807,12.7
6542.837,12.707
6542.932,12.773
6543.028,12.687
6543.131,12.687
6543.238,12.84
6543.344,12.8
6543.445,12.873
6543.545,12.673
6543.648,12.767
6543.746,12.74
6543.923,12.647
6543.927,12.7
6544.027,12.747
6544.131,12.713
6544.234,12.793
6544.344,12.76
6544.442,12.68
6544.540,12.807
6544.646,12.653
6544.729,12.68
6544.832,12.787
6544.940,12.893
6545.038,12.827
6545.143,12.78
6545.246,12.733
6545.334,12.727
6545.449,12.733
6545.548,12.873
6545.706,12.7
6545.755,12.767
6545.876,12.773
6545.972,12.833
6546.072,12.747
6546.185,12.78
6546.280,12.747
6546.380,12.78
6546.484,12.8
6546.586,12.767
6546.706,12.76
6596.807,12.707
6596.824,12.753
6596.918,12.76
6597.018,12.6
6597.119,12.7
6597.217,12.633
6597.326,12.733
6597.427,12.807
6597.543,12.767
6597.614,12.707
6597.736,12.62
6597.812,12.687
6597.932,12.68
6598.033,12.753
6598.131,12.627
6598.228,12.72
6598.334,12.82
6598.459,12.767
6598.532,12.747
6598.643,12.753
6598.717,12.787
6598.837,12.767
6598.940,12.727
6599.057,12.78
6599.133,12.793
6599.277,12.713
6599.380,12.767
6599.423,12.653
6599.543,12.687
6599.631,12.72
6599.790,12.867
6599.834,12.807
6599.954,12.733
6600.006,12.827
6600.141,12.847
6600.271,12.733
6600.380,12.707
6600.407,12.713
6600.508,12.727
6600.672,12.82
6600.724,12.767
6600.820,12.747
6600.917,12.747
6601.013,12.84
6601.114,12.68
6601.216,12.76
6601.320,12.68
6601.423,12.68
6601.535,12.767
6601.608,12.793
6601.707,12.707
6601.809,12.773
6601.912,12.84
6602.020,12.847
6602.123,12.807
6602.226,12.787
6602.320,12.573
6602.432,12.64
6602.533,12.707
6602.628,12.76
6602.731,12.773
6602.832,12.667
6602.934,12.82
6603.055,12.86
6603.148,12.74
6603.268,12.753
6603.344,12.82
6603.420,12.693
6603.557,12.827
6603.653,12.86
6603.753,12.853
6603.856,12.793
6603.959,12.887
6604.018,12.667
6604.096,12.767
6604.202,12.767
6604.302,12.747
6604.407,12.747
6604.493,12.773
6604.594,12.72
6604.699,12.673
6604.795,12.747
6604.915,12.793
6605.013,12.7
6605.109,12.727
6605.211,12.773
6605.302,12.767
6605.396,12.673
6605.494,12.68
6605.597,12.687
6605.699,12.773
6605.802,12.68
6605.903,12.667
6606.013,12.733
6606.119,12.713
6606.219,12.707
6606.317,12.707
6606.427,12.727
6606.528,12.667
6606.626,12.633
6656.734,12.813
6656.834,12.807
6656.937,12.607
6657.042,12.8
6657.141,12.62
6657.241,12.813
6657.342,12.853
6657.440,12.747
6657.543,12.74
6657.646,12.633
6657.746,12.787
6657.849,12.807
6657.952,12.72
6658.006,12.727
6658.157,12.72
6658.199,12.753
6658.287,12.773
6658.383,12.867
6658.488,12.86
6658.599,12.72
6658.702,12.713
6658.802,12.773
6658.898,12.78
6659.001,12.687
6659.103,12.747
6659.180,12.793
6659.300,12.793
6659.396,12.773
6659.488,12.607
6659.584,12.707
6659.712,12.773
6659.787,12.807
6659.888,12.793
6659.979,12.74
6660.079,12.72
6660.199,12.727
6660.300,12.68
6660.403,12.66
6660.515,12.76
6660.614,12.813
6660.719,12.867
6660.817,12.74
6660.920,12.793
6661.023,12.747
6661.138,12.733
6661.228,12.713
6661.332,12.813
6661.427,12.74
6661.550,12.88
6661.577,12.747
6661.741,12.82
6661.844,12.7
6661.875,12.72
6661.972,12.78
6662.072,12.733
6662.192,12.8
6662.288,12.753
6662.385,12.727
6662.481,12.82
6662.581,12.713
6662.685,12.84
6662.788,12.787
6662.890,12.707
6662.976,12.833
6663.074,12.773
6663.182,12.76
6663.288,12.8
6663.388,12.753
6663.494,12.847
6663.594,12.707
6663.712,12.773
6663.775,12.76
6663.896,12.82
6664.003,12.887
6664.123,12.753
6664.199,12.847
6664.300,12.767
6664.403,12.727
6664.516,12.813
6664.613,12.753
6664.719,12.807
6664.839,12.687
6664.915,12.713
6665.016,12.767
6665.119,12.727
6665.226,12.767
6665.324,12.747
6665.420,12.753
6665.548,12.727
6665.565,12.72
6665.660,12.793
6665.837,12.74
6665.871,12.707
6665.961,12.78
6666.065,12.693
6666.167,12.82
6666.285,12.76
6666.376,12.793
6666.474,12.727
6666.577,12.633
6666.680,12.76
6716.758,12.76
6716.859,12.76
6716.962,12.793
6717.065,12.86
6717.167,12.707
6717.268,12.74
6717.388,12.8
6717.476,12.913
6717.581,12.86
6717.697,12.733
6717.822,12.707
6717.896,12.727
6717.972,12.807
6718.089,12.667
6718.163,12.733
6718.295,12.747
6718.366,12.82
6718.489,12.887
6718.574,12.78
6718.695,12.713
6718.795,12.707
6718.900,12.82
6719.001,12.753
6719.054,12.747
6719.226,12.68
6719.312,12.753
6719.440,12.747
6719.513,12.873
6719.565,12.747
6719.660,12.733
6719.761,12.847
6719.863,12.8
6719.959,12.84
6720.070,12.793
6720.170,12.76
6720.275,12.753
6720.371,12.68
6720.469,12.847
6720.548,12.8
6720.652,12.76
6720.763,12.753
6720.861,12.807
6720.962,12.687
6721.086,12.747
6721.163,12.7
6721.263,12.827
6721.373,12.747
6721.498,12.8
6721.570,12.793
6721.673,12.787
6721.797,12.7
6721.891,12.773
6721.986,12.727
6722.084,12.82
6722.207,12.827
6722.288,12.767
6722.390,12.693
6722.491,12.773
6722.601,12.84
6722.701,12.747
6722.763,12.767
6722.866,12.727
6722.969,12.84
6723.047,12.693
6723.146,12.727
6723.315,12.78
6723.339,12.627
6723.437,12.733
6723.559,12.78
6723.658,12.853
6723.755,12.72
6723.854,12.807
6723.957,12.667
6724.042,12.68
6724.138,12.72
6724.236,12.727
6724.336,12.773
6724.437,12.847
6724.540,12.68
6724.641,12.8
6724.736,12.793
6724.875,12.74
6724.949,12.713
6725.052,12.687
6725.155,12.82
6725.256,12.793
6725.359,12.7
6725.471,12.84
6725.565,12.84
6725.667,12.747
6725.768,12.82
6725.883,12.813
6725.979,12.733
6726.104,12.773
6726.177,12.727
6726.280,12.68
6726.383,12.753
6726.496,12.773
6726.574,12.82
6726.643,12.847
6776.820,12.793
6776.851,12.8
6776.959,12.927
6777.035,12.84
6777.133,12.813
6777.239,12.813
6777.332,12.727
6777.439,12.873
6777.528,12.727
6777.724,12.787
6777.728,12.647
6777.846,12.753
6777.944,12.7
6778.045,12.76
6778.126,12.68
6778.226,12.667
6778.369,12.747
6778.435,12.673
6778.533,12.66
6778.657,12.7
6778.728,12.733
6778.847,12.827
6778.947,12.72
6779.055,12.727
6779.148,12.773
6779.261,12.787
6779.359,12.747
6779.457,12.613
6779.557,12.727
6779.660,12.647
6779.761,12.667
6779.881,12.82
6779.994,12.847
6780.069,12.827
6780.172,12.847
6780.275,12.767
6780.376,12.787
6780.479,12.72
6780.582,12.687
6780.616,12.793
6780.719,12.807
6780.890,12.807
6780.917,12.68
6781.030,12.833
6781.128,12.853
6781.229,12.793
6781.324,12.787
6781.425,12.773
6781.527,12.74
6781.641,12.727
6781.721,12.793
6781.820,12.8
6781.918,12.747
6782.028,12.633
6782.155,12.773
6782.221,12.747
6782.322,12.753
6782.415,12.767
6782.547,12.753
6782.621,12.713
6782.741,12.647
6782.834,12.673
6782.937,12.76
6783.043,12.687
6783.143,12.873
6783.244,12.727
6783.349,12.633
6783.449,12.787
6783.559,12.687
6783.662,12.713
6783.766,12.74
6783.864,12.773
6783.972,12.667
6784.076,12.773
6784.177,12.753
6784.293,12.807
6784.310,12.72
6784.483,12.847
6784.516,12.747
6784.613,12.727
6784.707,12.807
6784.837,12.827
6784.915,12.727
6785.027,12.733
6785.116,12.54
6785.212,12.72
6785.315,12.747
6785.418,12.887
6785.521,12.713
6785.604,12.713
6785.712,12.84
6785.805,12.7
6785.922,12.76
6786.047,12.747
6786.153,12.767
6786.207,12.707
6786.307,12.807
6786.418,12.773
6786.542,12.713
6786.606,12.68
7076.726,12.693
7076.822,12.84
7076.934,12.74
7077.033,12.8
7077.131,12.753
7077.231,12.767
7077.344,12.853
7077.442,12.827
7077.540,12.76
7077.648,12.707
7077.744,12.78
7077.847,12.727
7077.967,12.873
7078.057,12.887
7078.163,12.8
7078.266,12.827
7078.298,12.787
7078.403,12.787
7078.501,12.86
7078.599,12.7
7078.701,12.74
7078.798,12.773
7078.900,12.747
7079.001,12.693
7079.106,12.693
7079.207,12.767
7079.295,12.807
7079.395,12.86
7079.505,12.78
7079.601,12.707
7079.697,12.8
7079.900,12.747
7079.903,12.76
7080.006,12.76
7080.109,12.76
7080.217,12.687
7080.312,12.747
7080.413,12.733
7080.515,12.64
7080.638,12.727
7080.699,12.82
7080.856,12.813
7080.923,12.793
7081.055,12.76
7081.141,12.64
7081.234,12.66
7081.344,12.753
7081.405,12.793
7081.530,12.793
7081.641,12.807
7081.724,12.68
7081.854,12.873
7081.951,12.84
7082.054,12.853
7082.153,12.887
7082.185,12.82
7082.292,12.667
7082.400,12.793
7082.484,12.827
7082.586,12.813
7082.689,12.74
7082.788,12.793
7082.893,12.76
7082.996,12.807
7083.111,12.707
7083.185,12.8
7083.283,12.82
7083.381,12.827
7083.503,12.767
7083.623,12.667
7083.695,12.66
7083.793,12.68
7083.893,12.787
7083.996,12.887
7084.092,12.727
7084.216,12.86
7084.304,12.78
7084.412,12.693
7084.511,12.72
7084.626,12.84
7084.722,12.86
7084.844,12.813
7084.918,12.807
7085.021,12.787
7085.123,12.853
7085.228,12.753
7085.283,12.733
7085.388,12.74
7085.489,12.713
7085.597,12.773
7085.738,12.893
7085.817,12.853
7085.940,12.807
7086.054,12.667
7086.072,12.707
7086.239,12.727
7086.275,12.747
7086.396,12.727
7086.488,12.673
7086.584,12.74
7086.682,12.7
7136.785,12.673
7136.873,12.593
7136.998,12.673
7137.092,12.673
7137.172,12.7
7137.273,12.727
7137.375,12.813
7137.478,12.713
7137.592,12.773
7137.716,12.76
7137.790,12.887
7137.898,12.787
7138.003,12.573
7138.099,12.68
7138.202,12.573
7138.300,12.84
7138.408,12.78
7138.483,12.68
7138.584,12.787
7138.672,12.693
7138.809,12.787
7138.912,12.773
7138.991,12.733
7139.079,12.807
7139.180,12.953
7139.283,12.747
7139.388,12.78
7139.464,12.767
7139.569,12.767
7139.670,12.68
7139.822,12.7
7139.875,12.713
7140.028,12.667
7140.114,12.733
7140.168,12.74
7140.266,12.767
7140.363,12.78
7140.486,12.807
7140.560,12.72
7140.680,12.793
7140.783,12.733
7140.873,12.787
7140.971,12.873
7141.067,12.767
7141.165,12.613
7141.268,12.72
7141.371,12.707
7141.472,12.747
7141.574,12.76
7141.682,12.747
7141.782,12.78
7141.881,12.787
7141.984,12.853
7142.092,12.833
7142.190,12.86
7142.302,12.66
7142.393,12.687
7142.501,12.773
7142.599,12.74
7142.712,12.747
7142.807,12.653
7142.864,12.8
7142.972,12.707
7143.072,12.753
7143.172,12.767
7143.271,12.74
7143.376,12.767
7143.476,12.733
7143.552,12.753
7143.655,12.62
7143.770,12.767
7143.854,12.747
7143.969,12.747
7144.072,12.66
7144.162,12.753
7144.256,12.78
7144.364,12.84
7144.464,12.713
7144.555,12.813
7144.655,12.827
7144.751,12.813
7144.873,12.807
7145.089,12.667
7145.091,12.733
7145.163,12.613
7145.271,12.7
7145.376,12.707
7145.472,12.713
7145.569,12.787
7145.679,12.813
7145.778,12.84
7145.875,12.787
7145.976,12.773
7146.087,12.88
7146.187,12.813
7146.285,12.8
7146.386,12.733
7146.489,12.673
7146.592,12.727
7146.709,12.747
7196.798,12.827
7196.898,12.867
7197.001,12.753
7197.121,12.787
7197.148,12.667
7197.309,12.773
7197.412,12.693
7197.445,12.66
7197.614,12.747
7197.643,12.713
7197.741,12.68
7197.844,12.8
7197.945,12.84
7198.048,12.747
7198.152,12.8
7198.253,12.78
7198.342,12.827
7198.444,12.74
7198.548,12.673
7198.652,12.64
7198.755,12.673
7198.839,12.76
7198.959,12.653
7199.055,12.713
7199.153,12.687
7199.248,12.693
7199.351,12.74
7199.494,12.767
7199.592,12.733
7199.648,12.793
7199.775,12.773
7199.871,12.773
7199.991,12.747
7200.074,12.793
7200.175,12.807
7200.278,12.78
7200.386,12.8
7200.484,12.82
7200.584,12.707
7200.689,12.747
7200.795,12.8
7200.902,12.807
7200.996,12.867
7201.121,12.74
7201.138,12.827
7201.234,12.833
7201.334,12.713
7201.439,12.813
7201.540,12.673
7201.633,12.8
7201.744,12.747
7201.854,12.64
7201.930,12.747
7202.037,12.767
7202.131,12.713
7202.248,12.68
7202.344,12.72
7202.442,12.72
7202.540,12.673
7202.633,12.74
7202.756,12.76
7202.829,12.793
7202.959,12.753
7203.043,12.707
7203.146,12.713
7203.248,12.787
7203.324,12.733
7203.461,12.72
7203.562,12.76
7203.658,12.76
7203.763,12.773
7203.861,12.813
7203.957,12.807
7204.059,12.82
7204.170,12.76
7204.271,12.713
7204.373,12.767
7204.476,12.76
7204.579,12.693
7204.673,12.613
7204.724,12.767
7204.820,12.847
7204.952,12.793
7205.028,12.74
7205.131,12.793
7205.229,12.847
7205.319,12.913
7205.439,12.733
7205.528,12.6
7205.636,12.7
7205.736,12.673
7205.832,12.773
7205.935,12.807
7206.021,12.773
7206.119,12.813
7206.226,12.667
7206.320,12.747
7206.422,12.773
7206.525,12.753
7206.633,12.78
7256.729,12.773
7256.832,12.693
7256.935,12.8
7257.048,12.76
7257.148,12.707
7257.246,12.72
7257.342,12.68
7257.456,12.733
7257.552,12.767
7257.653,12.727
7257.753,12.833
7257.856,12.753
7257.959,12.833
7258.060,12.74
7258.172,12.807
7258.273,12.827
7258.369,12.76
7258.425,12.753
7258.530,12.733
7258.675,12.747
7258.739,12.753
7258.881,12.807
7258.912,12.7
7259.015,12.66
7259.108,12.747
7259.229,12.727
7259.320,12.78
7259.425,12.813
7259.520,12.807
7259.619,12.86
7259.722,12.707
7259.814,12.68
7259.910,12.747
7260.016,12.827
7260.114,12.76
7260.214,12.767
7260.314,12.787
7260.422,12.76
7260.525,12.773
7260.619,12.72
7260.722,12.753
7260.827,12.793
7260.927,12.807
7261.043,12.767
7261.133,12.8
7261.236,12.72
7261.332,12.753
7261.457,12.74
7261.554,12.78
7261.655,12.847
7261.778,12.78
7261.849,12.647
7261.952,12.827
7262.072,12.787
7262.157,12.84
7262.261,12.747
7262.361,12.787
7262.420,12.8
7262.530,12.753
7262.604,12.76
7262.761,12.747
7262.812,12.787
7262.905,12.727
7263.001,12.813
7263.101,12.653
7263.204,12.58
7263.312,12.68
7263.408,12.793
7263.513,12.76
7263.614,12.893
7263.704,12.64
7263.800,12.593
7263.905,12.74
7264.000,12.827
7264.106,12.68
7264.206,12.727
7264.310,12.66
7264.422,12.653
7264.521,12.76
7264.619,12.727
7264.717,12.693
7264.832,12.767
7264.930,12.7
7265.032,12.753
7265.133,12.693
7265.229,12.82
7265.341,12.7
7265.452,12.72
7265.537,12.733
7265.648,12.76
7265.746,12.8
7265.864,12.747
7265.945,12.787
7266.048,12.84
7266.152,12.733
7266.187,12.813
7266.356,12.827
7266.457,12.793
7266.554,12.68
7266.592,12.7
7266.694,12.773
7316.788,12.84
7316.891,12.72
7316.993,12.847
7317.099,12.733
7317.202,12.68
7317.314,12.747
7317.385,12.733
7317.506,12.733
7317.586,12.707
7317.702,12.74
7317.800,12.667
7317.900,12.647
7317.988,12.76
7318.089,12.76
7318.199,12.727
7318.295,12.693
7318.395,12.7
7318.496,12.647
7318.614,12.687
7318.711,12.813
7318.804,12.807
7318.915,12.76
7319.018,12.753
7319.131,12.707
7319.222,12.6
7319.336,12.773
7319.432,12.78
7319.538,12.74
7319.638,12.68
7319.736,12.727
7319.837,12.747
7319.939,12.72
7320.042,12.78
7320.145,12.793
7320.275,12.813
7320.278,12.8
7320.383,12.793
7320.481,12.827
7320.597,12.74
7320.682,12.773
7320.782,12.827
7320.883,12.747
7320.989,12.733
7321.089,12.62
7321.192,12.753
7321.293,12.793
7321.376,12.747
7321.484,12.747
7321.577,12.807
7321.702,12.833
7321.782,12.727
7321.918,12.587
7322.021,12.807
7322.089,12.653
7322.187,12.773
7322.304,12.867
7322.398,12.787
7322.510,12.733
7322.601,12.793
7322.714,12.827
7322.815,12.78
7322.915,12.793
7323.011,12.787
7323.113,12.767
7323.216,12.84
7323.327,12.82
7323.423,12.76
7323.538,12.673
7323.626,12.793
7323.728,12.82
7323.831,12.873
7323.949,12.847
7323.976,12.78
7324.067,12.707
7324.241,12.807
7324.273,12.753
7324.369,12.653
7324.472,12.68
7324.579,12.793
7324.673,12.8
7324.785,12.807
7324.866,12.74
7324.971,12.787
7325.076,12.733
7325.163,12.747
7325.263,12.693
7325.376,12.74
7325.489,12.733
7325.560,12.673
7325.682,12.66
7325.787,12.72
7325.883,12.88
7325.981,12.78
7326.077,12.82
7326.195,12.82
7326.288,12.687
7326.388,12.647
7326.494,12.76
7326.594,12.8
7326.690,12.787
7376.798,12.787
7376.915,12.78
7377.011,12.767
7377.108,12.673
7377.214,12.813
7377.322,12.813
7377.423,12.873
7377.518,12.693
7377.626,12.673
7377.657,12.733
7377.753,12.733
7377.858,12.767
7377.972,12.733
7378.055,12.787
7378.155,12.753
7378.256,12.773
7378.361,12.74
7378.464,12.66
7378.564,12.64
7378.655,12.8
7378.756,12.713
7378.856,12.753
7378.952,12.693
7379.062,12.833
7379.167,12.727
7379.263,12.86
7379.368,12.713
7379.462,12.753
7379.574,12.753
7379.648,12.693
7379.787,12.7
7379.875,12.787
7379.974,12.68
7380.097,12.793
7380.197,12.693
7380.250,12.78
7380.347,12.76
7380.451,12.82
7380.557,12.773
7380.660,12.84
7380.766,12.787
7380.888,12.74
7380.967,12.66
7381.089,12.707
7381.182,12.813
7381.300,12.78
7381.400,12.813
7381.451,12.787
7381.545,12.787
7381.646,12.787
7381.743,12.807
7381.849,12.753
7381.947,12.853
7382.060,12.807
7382.162,12.76
7382.256,12.8
7382.359,12.673
7382.440,12.78
7382.560,12.653
7382.665,12.82
7382.748,12.7
7382.846,12.833
7382.944,12.773
7383.054,12.747
7383.148,12.827
7383.263,12.693
7383.356,12.86
7383.462,12.6
7383.557,12.653
7383.662,12.72
7383.763,12.667
7383.873,12.72
7383.969,12.8
7384.045,12.767
7384.197,12.84
7384.287,12.72
7384.383,12.873
7384.479,12.82
7384.608,12.787
7384.685,12.727
7385.488,12.773
7385.489,12.727
7385.489,12.753
7385.572,12.887
7385.717,12.767
7385.741,12.787
7385.836,12.74
7385.942,12.693
7386.033,12.747
7386.145,12.633
7386.241,12.727
7386.347,12.733
7386.444,12.72
7386.535,12.733
7386.631,12.647
7676.741,12.747
7676.842,12.687
7676.942,12.7
7677.040,12.8
7677.133,12.767
7677.246,12.667
7677.347,12.727
7677.442,12.733
7677.552,12.76
7677.655,12.76
7677.756,12.747
7677.871,12.673
7677.962,12.713
7678.065,12.767
7678.160,12.767
7678.282,12.84
7678.376,12.72
7678.474,12.667
7678.574,12.853
7678.679,12.76
7678.775,12.72
7678.885,12.653
7678.986,12.62
7679.087,12.813
7679.192,12.74
7679.293,12.68
7679.396,12.78
7679.427,12.793
7679.527,12.813
7679.633,12.633
7679.734,12.667
7679.842,12.773
7679.923,12.727
7680.033,12.707
7680.119,12.793
7680.241,12.667
7680.351,12.687
7680.442,12.747
7680.537,12.753
7680.635,12.7
7680.756,12.707
7680.831,12.747
7680.930,12.647
7681.040,12.76
7681.136,12.74
7681.248,12.827
7681.344,12.9
7681.444,12.787
7681.545,12.773
7681.655,12.853
7681.751,12.773
7681.854,12.76
7681.957,12.693
7682.059,12.647
7682.162,12.667
7682.283,12.767
7682.369,12.713
7682.469,12.707
7682.577,12.687
7682.692,12.74
7682.777,12.8
7682.886,12.813
7682.915,12.793
7683.089,12.8
7683.116,12.767
7683.212,12.787
7683.319,12.74
7683.413,12.873
7683.515,12.78
7683.616,12.793
7683.719,12.72
7683.817,12.767
7683.913,12.647
7684.011,12.733
7684.119,12.687
7684.209,12.693
7684.329,12.88
7684.427,12.787
7684.528,12.807
7684.618,12.773
7684.716,12.827
7684.822,12.78
7684.925,12.767
7685.021,12.773
7685.121,12.733
7685.231,12.813
7685.334,12.72
7685.430,12.753
7685.532,12.86
7685.631,12.827
7685.751,12.747
7685.853,12.873
7685.957,12.747
7686.045,12.793
7686.146,12.747
7686.256,12.807
7686.368,12.787
7686.466,12.653
7686.562,12.833
7686.665,12.693
7736.760,12.92
7736.804,12.733
7736.903,12.88
7737.001,12.82
7737.106,12.827
7737.202,12.84
7737.302,12.82
7737.425,12.753
7737.511,12.7
7737.611,12.767
7737.712,12.793
7737.817,12.827
7737.920,12.773
7738.020,12.74
7738.116,12.847
7738.204,12.827
7738.305,12.733
7738.413,12.7
7738.528,12.74
7738.623,12.827
7738.719,12.767
7738.820,12.853
7738.895,12.7
7739.030,12.793
7739.126,12.687
7739.234,12.733
7739.327,12.86
7739.403,12.767
7739.511,12.713
7739.592,12.7
7739.697,12.7
7739.849,12.74
7739.903,12.7
7740.079,12.82
7740.113,12.867
7740.217,12.847
7740.290,12.82
7740.427,12.727
7740.559,12.613
7740.660,12.7
7740.778,12.66
7740.805,12.707
7740.896,12.687
7740.996,12.727
7741.099,12.807
7741.206,12.833
7741.304,12.72
7741.398,12.687
7741.491,12.74
7741.613,12.72
7741.709,12.66
7741.809,12.76
7741.888,12.733
7741.986,12.84
7742.094,12.82
7742.204,12.847
7742.298,12.687
7742.400,12.733
7742.503,12.82
7742.616,12.66
7742.712,12.62
7742.810,12.747
7742.913,12.84
7743.015,12.873
7743.116,12.82
7743.221,12.893
7743.322,12.8
7743.425,12.88
7743.538,12.853
7743.635,12.753
7743.741,12.773
7743.841,12.733
7743.937,12.6
7744.042,12.773
7744.081,12.833
7744.243,12.707
7744.344,12.7
7744.452,12.707
7744.479,12.733
7744.581,12.667
7744.687,12.74
7744.798,12.813
7744.881,12.733
7744.983,12.76
7745.092,12.787
7745.190,12.7
7745.280,12.66
7745.383,12.673
7745.511,12.733
7745.574,12.793
7745.692,12.673
7745.780,12.747
7745.881,12.727
7745.994,12.713
7746.119,12.74
7746.190,12.727
7746.300,12.647
7746.398,12.9
7746.496,12.833
7746.613,12.847
7796.714,12.767
7796.837,12.74
7796.910,12.693
7796.979,12.847
7797.113,12.733
7797.212,12.68
7797.315,12.84
7797.418,12.707
7797.520,12.8
7797.621,12.773
7797.714,12.647
7797.827,12.727
7797.947,12.68
7798.032,12.767
7798.136,12.72
7798.238,12.747
7798.339,12.793
7798.369,12.833
7798.474,12.713
7798.570,12.753
7798.682,12.667
7798.780,12.667
7798.886,12.8
7798.984,12.867
7799.081,12.64
7799.185,12.673
7799.285,12.807
7799.386,12.887
7799.466,12.807
7799.576,12.727
7799.672,12.7
7799.771,12.847
7799.875,12.8
7799.991,12.767
7800.079,12.8
7800.167,12.76
7800.288,12.68
7800.386,12.687
7800.476,12.793
7800.584,12.827
7800.699,12.627
7800.766,12.653
7800.888,12.673
7800.976,12.62
7801.077,12.78
7801.197,12.7
7801.310,12.76
7801.390,12.793
7801.505,12.893
7801.599,12.793
7801.721,12.807
7801.758,12.793
7801.859,12.807
7801.957,12.6
7802.126,12.68
7802.168,12.807
7802.265,12.88
7802.363,12.82
7802.462,12.747
7802.562,12.767
7802.665,12.78
7802.766,12.693
7802.861,12.7
7802.972,12.687
7803.060,12.72
7803.160,12.76
7803.271,12.767
7803.369,12.773
7803.467,12.807
7803.570,12.813
7803.677,12.82
7803.775,12.827
7803.878,12.753
7803.971,12.747
7804.092,12.807
7804.177,12.753
7804.278,12.727
7804.381,12.827
7804.484,12.66
7804.586,12.8
7804.699,12.687
7804.790,12.727
7804.854,12.773
7804.959,12.747
7805.109,12.82
7805.163,12.7
7805.263,12.8
7805.369,12.793
7805.478,12.907
7805.599,12.847
7805.653,12.707
7805.800,12.727
7805.910,12.727
7806.011,12.72
7806.060,12.72
7806.217,12.727
7806.248,12.833
7806.359,12.787
7806.454,12.787
7806.562,12.84
7806.665,12.793
7856.763,12.707
7856.861,12.753
7856.947,12.753
7857.045,12.767
7857.145,12.827
7857.241,12.753
7857.351,12.807
7857.454,12.713
7857.557,12.707
7857.657,12.88
7857.760,12.727
7857.863,12.767
7857.966,12.827
7858.074,12.8
7858.170,12.78
7858.271,12.687
7858.373,12.78
7858.510,12.8
7858.586,12.733
7858.680,12.847
7858.785,12.793
7858.893,12.793
7858.989,12.713
7859.109,12.62
7859.194,12.68
7859.290,12.767
7859.356,12.793
7859.521,12.807
7859.604,12.887
7859.668,12.68
7859.744,12.76
7859.844,12.7
7859.942,12.74
7860.055,12.74
7860.150,12.653
7860.241,12.767
7860.354,12.74
7860.437,12.86
7860.646,12.72
7860.648,12.72
7860.746,12.747
7860.847,12.78
7860.945,12.8
7861.030,12.767
7861.146,12.78
7861.243,12.673
7861.356,12.8
7861.456,12.713
7861.552,12.833
7861.653,12.8
7861.755,12.733
7861.856,12.68
7861.957,12.747
7862.048,12.813
7862.163,12.7
7862.266,12.707
7862.369,12.707
7862.471,12.733
7862.572,12.82
7862.692,12.78
7862.783,12.807
7862.880,12.853
7862.983,12.787
7863.084,12.76
7863.195,12.833
7863.226,12.787
7863.324,12.813
7863.425,12.68
7863.597,12.78
7863.626,12.72
7863.724,12.713
7863.826,12.74
7863.927,12.84
7864.038,12.78
7864.135,12.733
7864.256,12.647
7864.341,12.76
7864.442,12.813
7864.543,12.753
7864.643,12.78
7864.722,12.76
7864.824,12.753
7864.927,12.84
7865.032,12.76
7865.133,12.733
7865.234,12.713
7865.332,12.707
7865.447,12.747
7865.545,12.693
7865.665,12.887
7865.722,12.9
7865.836,12.707
7865.937,12.767
7866.016,12.767
7866.125,12.8
7866.234,12.7
7866.356,12.82
7866.464,12.667
7866.550,12.687
7866.670,12.907
7916.780,12.76
7916.907,12.733
7916.966,12.693
7917.016,12.66
7917.114,12.807
7917.217,12.733
7917.315,12.7
7917.418,12.713
7917.516,12.767
7917.631,12.887
7917.726,12.767
7917.827,12.72
7917.929,12.7
7918.028,12.6
7918.128,12.713
7918.231,12.74
7918.331,12.747
7918.432,12.833
7918.511,12.84
7918.616,12.78
7918.716,12.693
7918.820,12.833
7918.923,12.74
7919.033,12.727
7919.131,12.74
7919.229,12.727
7919.331,12.747
7919.442,12.72
7919.540,12.787
7919.640,12.707
7919.741,12.68
7919.854,12.793
7919.954,12.767
7920.050,12.807
7920.150,12.747
7920.253,12.74
7920.354,12.827
7920.457,12.807
7920.525,12.833
7920.668,12.74
7920.726,12.667
7920.824,12.773
7920.969,12.68
7921.040,12.787
7921.175,12.793
7921.280,12.727
7921.309,12.773
7921.403,12.76
7921.523,12.84
7921.604,12.7
7921.716,12.653
7921.815,12.653
7921.915,12.8
7922.015,12.693
7922.121,12.62
7922.199,12.62
7922.302,12.68
7922.408,12.687
7922.506,12.76
7922.608,12.673
7922.704,12.813
7922.812,12.727
7922.915,12.847
7923.018,12.827
7923.119,12.787
7923.224,12.78
7923.326,12.68
7923.464,12.753
7923.537,12.913
7923.643,12.8
7923.744,12.66
7923.853,12.667
7923.952,12.68
7924.052,12.807
7924.148,12.693
7924.255,12.7
7924.353,12.78
7924.459,12.72
7924.542,12.827
7924.657,12.78
7924.758,12.813
7924.859,12.807
7924.962,12.88
7925.067,12.747
7925.096,12.813
7925.192,12.793
7925.302,12.813
7925.402,12.707
7925.500,12.733
7925.601,12.793
7925.692,12.76
7925.790,12.827
7925.898,12.787
7926.013,12.713
7926.101,12.74
7926.190,12.76
7926.288,12.807
7926.405,12.813
7926.500,12.88
7926.619,12.693
7926.695,12.753
7976.817,12.707
7976.912,12.76
7977.013,12.687
7977.116,12.8
7977.217,12.753
7977.319,12.733
7977.423,12.753
7977.555,12.64
7977.626,12.727
7977.728,12.827
7977.851,12.767
7977.932,12.693
7978.035,12.787
7978.138,12.713
7978.263,12.887
7978.342,12.693
7978.445,12.727
7978.547,12.747
7978.586,12.84
7978.753,12.847
7978.780,12.807
7978.976,12.693
7978.979,12.66
7979.087,12.713
7979.185,12.74
7979.288,12.787
7979.398,12.873
7979.496,12.78
7979.596,12.713
7979.689,12.687
7979.777,12.813
7979.878,12.813
7979.981,12.773
7980.101,12.867
7980.185,12.86
7980.288,12.647
7980.391,12.7
7980.498,12.653
7980.594,12.727
7980.699,12.74
7980.809,12.727
7980.880,12.887
7981.011,12.813
7981.082,12.66
7981.202,12.787
7981.344,12.74
7981.417,12.713
7981.528,12.667
7981.619,12.653
7981.716,12.76
7981.834,12.787
7981.937,12.793
7982.033,12.813
7982.133,12.727
7982.234,12.767
7982.337,12.62
7982.440,12.7
7982.540,12.86
7982.628,12.833
7982.675,12.773
7982.771,12.8
7982.871,12.693
7982.996,12.84
7983.079,12.767
7983.180,12.793
7983.282,12.78
7983.386,12.767
7983.484,12.747
7983.587,12.807
7983.667,12.773
7983.775,12.7
7983.873,12.713
7983.974,12.68
7984.097,12.86
7984.189,12.853
7984.287,12.84
7984.385,12.727
7984.464,12.753
7984.567,12.713
7984.677,12.753
7984.780,12.753
7984.864,12.76
7984.964,12.72
7985.089,12.84
7985.202,12.64
7985.305,12.86
7985.408,12.72
7985.505,12.76
7985.586,12.753
7985.707,12.793
7985.802,12.78
7985.935,12.647
7986.023,12.68
7986.125,12.673
7986.229,12.7
7986.322,12.767
7986.369,12.76
7986.467,12.62
7986.564,12.88
7986.670,12.84
8276.766,12.72
8276.866,12.747
8276.967,12.713
8277.087,12.773
8277.158,12.813
8277.260,12.787
8277.356,12.74
8277.456,12.78
8277.596,12.72
8277.670,12.747
8277.775,12.847
8277.875,12.78
8278.000,12.753
8278.082,12.753
8278.187,12.827
8278.287,12.713
8278.381,12.72
8278.481,12.793
8278.582,12.72
8278.684,12.767
8278.785,12.727
8278.888,12.753
8278.991,12.76
8279.094,12.8
8279.195,12.813
8279.312,12.76
8279.408,12.9
8279.464,12.76
8279.616,12.653
8279.652,12.7
8279.748,12.72
8279.851,12.713
8279.952,12.88
8280.052,12.893
8280.160,12.78
8280.347,12.727
8280.364,12.76
8280.449,12.773
8280.569,12.687
8280.655,12.62
8280.760,12.673
8280.859,12.767
8280.979,12.78
8281.081,12.667
8281.173,12.707
8281.251,12.787
8281.347,12.713
8281.451,12.74
8281.557,12.727
8281.655,12.693
8281.756,12.687
8281.863,12.733
8281.961,12.667
8282.064,12.713
8282.209,12.713
8282.268,12.747
8282.371,12.787
8282.472,12.653
8282.594,12.727
8282.677,12.753
8282.775,12.833
8282.920,12.693
8282.988,12.633
8283.087,12.74
8283.190,12.667
8283.285,12.793
8283.396,12.753
8283.498,12.82
8283.601,12.667
8283.704,12.753
8283.805,12.82
8283.908,12.747
8284.021,12.6
8284.040,12.687
8284.214,12.68
8284.243,12.733
8284.351,12.74
8284.457,12.8
8284.557,12.747
8284.655,12.707
8284.756,12.64
8284.856,12.747
8284.942,12.74
8285.038,12.9
8285.168,12.86
8285.241,12.727
8285.342,12.813
8285.445,12.82
8285.535,12.793
8285.655,12.86
8285.761,12.74
8285.859,12.733
8285.974,12.74
8286.057,12.773
8286.160,12.787
8286.270,12.867
8286.332,12.813
8286.457,12.727
8286.543,12.733
8286.660,12.787
8336.782,12.72
8336.910,12.747
8336.979,12.84
8337.082,12.727
8337.177,12.727
8337.304,12.827
8337.383,12.82
8337.508,12.733
8337.533,12.7
8337.628,12.693
8337.795,12.707
8337.824,12.773
8338.003,12.787
8338.030,12.84
8338.131,12.773
8338.231,12.813
8338.334,12.687
8338.430,12.753
8338.543,12.653
8338.631,12.773
8338.724,12.773
8338.842,12.74
8338.925,12.707
8339.032,12.72
8339.131,12.653
8339.236,12.767
8339.334,12.807
8339.437,12.78
8339.533,12.747
8339.643,12.8
8339.744,12.747
8339.949,12.833
8339.952,12.74
8340.050,12.787
8340.146,12.84
8340.268,12.813
8340.358,12.893
8340.459,12.787
8340.582,12.78
8340.667,12.593
8340.768,12.553
8340.871,12.773
8340.922,12.793
8341.076,12.747
8341.185,12.74
8341.280,12.78
8341.344,12.86
8341.418,12.773
8341.523,12.773
8341.623,12.7
8341.783,12.78
8341.822,12.74
8341.925,12.8
8342.028,12.807
8342.131,12.707
8342.233,12.727
8342.329,12.667
8342.415,12.76
8342.521,12.793
8342.619,12.72
8342.716,12.713
8342.842,12.747
8342.956,12.727
8343.028,12.793
8343.128,12.74
8343.233,12.847
8343.332,12.82
8343.435,12.807
8343.533,12.807
8343.646,12.807
8343.739,12.707
8343.842,12.607
8343.945,12.813
8344.057,12.753
8344.153,12.853
8344.251,12.827
8344.356,12.787
8344.454,12.82
8344.557,12.787
8344.677,12.773
8344.761,12.713
8344.864,12.827
8344.929,12.64
8345.091,12.807
8345.135,12.773
8345.211,12.867
8345.312,12.653
8345.413,12.707
8345.572,12.76
8345.626,12.853
8345.707,12.707
8345.805,12.66
8345.905,12.613
8346.016,12.547
8346.111,12.713
8346.219,12.807
8346.315,12.753
8346.420,12.673
8346.518,12.6
8346.604,12.653
8346.707,12.68
8396.810,12.733
8396.952,12.72
8397.025,12.66
8397.126,12.827
8397.253,12.747
8397.324,12.787
8397.425,12.7
8397.545,12.633
8397.618,12.673
8397.731,12.74
8397.834,12.667
8397.935,12.68
8398.047,12.713
8398.148,12.74
8398.256,12.78
8398.378,12.673
8398.449,12.727
8398.560,12.713
8398.662,12.74
8398.765,12.847
8398.866,12.733
8398.895,12.66
8399.062,12.733
8399.165,12.713
8399.192,12.853
8399.320,12.84
8399.396,12.787
8399.503,12.673
8399.601,12.72
8399.707,12.84
8399.824,12.773
8399.893,12.693
8399.989,12.767
8400.118,12.74
8400.190,12.733
8400.305,12.74
8400.395,12.847
8400.513,12.753
8400.599,12.7
8400.721,12.767
8400.810,12.767
8400.927,12.747
8401.010,12.827
8401.131,12.84
8401.202,12.873
8401.337,12.76
8401.410,12.753
8401.511,12.76
8401.635,12.747
8401.731,12.673
8401.827,12.667
8401.930,12.74
8402.032,12.727
8402.146,12.693
8402.244,12.76
8402.339,12.82
8402.442,12.793
8402.543,12.713
8402.658,12.713
8402.684,12.753
8402.788,12.8
8402.952,12.78
8403.057,12.74
8403.084,12.68
8403.199,12.747
8403.295,12.793
8403.398,12.76
8403.500,12.8
8403.596,12.747
8403.695,12.827
8403.800,12.78
8403.888,12.72
8403.986,12.793
8404.082,12.767
8404.182,12.707
8404.278,12.673
8404.402,12.72
8404.500,12.707
8404.601,12.713
8404.680,12.687
8404.785,12.787
8404.930,12.747
8405.013,12.76
8405.114,12.82
8405.195,12.847
8405.309,12.82
8405.445,12.7
8405.533,12.693
8405.606,12.753
8405.704,12.813
8405.800,12.82
8405.924,12.687
8406.025,12.787
8406.108,12.807
8406.222,12.847
8406.322,12.673
8406.373,12.813
8406.530,12.767
8406.680,12.84
8406.684,12.747
8456.851,12.773
8456.876,12.82
8456.972,12.78
8457.074,12.72
8457.174,12.833
8457.288,12.667
8457.385,12.7
8457.486,12.7
8457.587,12.693
8457.687,12.733
8457.775,12.693
8457.875,12.727
8457.978,12.853
8458.074,12.733
8458.175,12.627
8458.278,12.587
8458.393,12.687
8458.486,12.72
8458.586,12.8
8458.689,12.847
8458.790,12.78
8458.891,12.707
8459.013,12.833
8459.097,12.673
8459.201,12.867
8459.304,12.747
8459.424,12.9
8459.516,12.807
8459.614,12.747
8459.714,12.753
8459.819,12.673
8459.917,12.787
8459.969,12.72
8460.114,12.78
8460.224,12.787
8460.337,12.807
8460.368,12.707
8460.530,12.673
8460.597,12.847
8460.673,12.687
8460.773,12.64
8460.876,12.753
8460.978,12.767
8461.067,12.747
8461.163,12.8
8461.261,12.747
8461.378,12.72
8461.476,12.78
8461.586,12.667
8461.670,12.787
8461.768,12.753
8461.871,12.767
8461.976,12.673
8462.069,12.807
8462.172,12.74
8462.376,12.773
8462.380,12.573
8462.489,12.72
8462.586,12.727
8462.690,12.72
8462.783,12.76
8462.878,12.74
8462.994,12.767
8463.099,12.707
8463.197,12.747
8463.297,12.713
8463.422,12.727
8463.511,12.74
8463.604,12.74
8463.707,12.793
8463.788,12.76
8463.910,12.847
8464.013,12.827
8464.116,12.713
8464.157,12.747
8464.320,12.873
8464.423,12.653
8464.449,12.767
8464.549,12.647
8464.650,12.607
8464.753,12.78
8464.856,12.66
8464.959,12.787
8465.060,12.74
8465.163,12.767
8465.258,12.767
8465.354,12.847
8465.459,12.853
8465.557,12.68
8465.670,12.787
8465.765,12.747
8465.869,12.767
8465.969,12.813
8466.062,12.733
8466.153,12.713
8466.266,12.653
8466.361,12.8
8466.451,12.827
8466.572,12.747
8466.668,12.713
8516.798,12.767
8516.900,12.773
8517.003,12.72
8517.097,12.713
8517.189,12.8
8517.290,12.793
8517.400,12.773
8517.533,12.74
8517.606,12.72
8517.704,12.773
8517.802,12.793
8517.905,12.673
8518.006,12.7
8518.108,12.767
8518.211,12.74
8518.241,12.787
8518.415,12.807
8518.444,12.847
8518.542,12.667
8518.648,12.82
8518.756,12.733
8518.837,12.74
8518.962,12.707
8519.040,12.747
8519.145,12.72
8519.241,12.733
8519.347,12.84
8519.442,12.853
8519.552,12.793
8519.670,12.793
8519.748,12.813
8519.849,12.813
8519.952,12.78
8520.037,12.82
8520.157,12.807
8520.260,12.853
8520.361,12.66
8520.435,12.707
8520.577,12.84
8520.636,12.627
8520.771,12.56
8520.849,12.72
8520.969,12.74
8521.070,12.713
8521.158,12.753
8521.283,12.7
8521.386,12.727
8521.481,12.687
8521.596,12.827
8521.694,12.833
8521.799,12.727
8521.918,12.72
8522.000,12.687
8522.027,12.807
8522.204,12.647
8522.241,12.8
8522.334,12.78
8522.437,12.753
8522.535,12.747
8522.631,12.707
8522.729,12.807
8522.829,12.773
8522.930,12.8
8523.023,12.747
8523.136,12.793
8523.231,12.713
8523.346,12.853
8523.434,12.8
8523.537,12.76
8523.640,12.9
8523.756,12.773
8523.851,12.68
8523.949,12.713
8524.049,12.72
8524.152,12.713
8524.251,12.76
8524.342,12.84
8524.457,12.833
8524.525,12.733
8524.628,12.74
8524.771,12.787
8524.841,12.713
8524.969,12.66
8525.072,12.72
8525.182,12.78
8525.277,12.88
8525.380,12.76
8525.476,12.86
8525.569,12.753
8525.619,12.707
8525.798,12.8
8525.827,12.767
8525.918,12.733
8526.023,12.753
8526.126,12.807
8526.229,12.78
8526.329,12.673
8526.435,12.713
8526.533,12.82
8526.652,12.773
8576.714,12.813
8576.812,12.813
8576.915,12.827
8577.018,12.727
8577.126,12.86
8577.229,12.727
8577.334,12.687
8577.437,12.713
8577.533,12.7
8577.631,12.793
8577.729,12.7
8577.847,12.853
8577.942,12.687
8578.045,12.6
8578.123,12.773
8578.255,12.727
8578.356,12.827
8578.452,12.753
8578.559,12.787
8578.611,12.84
8578.717,12.7
8578.827,12.787
8578.929,12.7
8579.030,12.82
8579.131,12.78
8579.271,12.807
8579.344,12.82
8579.466,12.727
8579.518,12.787
8579.616,12.773
8579.722,12.64
8579.807,12.787
8579.925,12.86
8580.003,12.82
8580.114,12.82
8580.216,12.78
8580.327,12.767
8580.410,12.753
8580.508,12.747
8580.614,12.887
8580.717,12.74
8580.815,12.747
8580.920,12.733
8581.021,12.74
8581.106,12.927
8581.226,12.747
8581.326,12.7
8581.429,12.68
8581.525,12.633
8581.626,12.793
8581.724,12.833
8581.841,12.713
8581.937,12.86
8582.037,12.76
8582.138,12.613
8582.241,12.767
8582.342,12.753
8582.445,12.84
8582.547,12.713
8582.657,12.827
8582.761,12.74
8582.859,12.66
8582.900,12.76
8582.994,12.627
8583.094,12.673
8583.199,12.787
8583.300,12.787
8583.395,12.82
8583.530,12.82
8583.594,12.773
8583.704,12.733
8583.807,12.827
8583.908,12.827
8584.003,12.773
8584.101,12.82
8584.199,12.76
8584.314,12.78
8584.391,12.72
8584.494,12.753
8584.614,12.673
8584.709,12.693
8584.805,12.74
8584.903,12.847
8585.000,12.767
8585.108,12.793
8585.221,12.647
8585.322,12.8
8585.420,12.767
8585.516,12.833
8585.614,12.84
8585.722,12.667
8585.839,12.713
8585.935,12.793
8586.033,12.82
8586.131,12.807
8586.251,12.827
8586.346,12.747
8586.442,12.667
8586.545,12.627
8586.646,12.613
8876.746,12.68
8876.805,12.72
8876.886,12.7
8876.988,12.633
8877.087,12.873
8877.184,12.833
8877.282,12.693
8877.385,12.727
8877.486,12.607
8877.582,12.727
8877.699,12.833
8877.793,12.82
8877.896,12.693
8877.998,12.667
8878.089,12.76
8878.202,12.793
8878.280,12.787
8878.412,12.76
8878.498,12.647
8878.594,12.773
8878.690,12.8
8878.780,12.753
8878.896,12.78
8878.993,12.727
8879.099,12.867
8879.238,12.733
8879.310,12.793
8879.415,12.687
8879.520,12.607
8879.611,12.773
8879.716,12.76
8879.827,12.767
8879.929,12.713
8880.030,12.667
8880.128,12.82
8880.250,12.853
8880.339,12.753
8880.432,12.72
8880.535,12.813
8880.636,12.773
8880.741,12.827
8880.842,12.773
8880.871,12.747
8880.986,12.667
8881.089,12.847
8881.185,12.827
8881.285,12.787
8881.378,12.56
8881.488,12.687
8881.589,12.787
8881.668,12.867
8881.788,12.787
8881.876,12.813
8881.991,12.74
8882.086,12.767
8882.206,12.833
8882.312,12.733
8882.386,12.747
8882.498,12.88
8882.574,12.74
8882.675,12.793
8882.775,12.82
8882.907,12.66
8882.981,12.707
8883.065,12.793
8883.189,12.78
8883.271,12.733
8883.391,12.773
8883.479,12.753
8883.601,12.74
8883.709,12.8
8883.805,12.773
8883.925,12.827
8884.005,12.747
8884.128,12.833
8884.226,12.78
8884.342,12.833
8884.366,12.747
8884.528,12.62
8884.631,12.673
8884.734,12.713
8884.763,12.74
8884.861,12.76
8884.961,12.747
8885.074,12.72
8885.170,12.687
8885.270,12.767
8885.449,12.753
8885.478,12.727
8885.577,12.653
8885.679,12.74
8885.763,12.767
8885.875,12.813
8885.972,12.707
8886.069,12.773
8886.175,12.76
8886.273,12.747
8886.378,12.9
8886.498,12.707
8886.587,12.767
8886.680,12.833
8936.790,12.92
8936.864,12.767
8936.994,12.873
8937.091,12.793
8937.233,12.82
8937.293,12.827
8937.415,12.72
8937.518,12.82
8937.601,12.72
8937.665,12.667
8937.809,12.733
8937.908,12.78
8938.011,12.813
8938.074,12.787
8938.152,12.72
8938.253,12.773
8938.361,12.74
8938.515,12.76
8938.614,12.72
8938.667,12.74
8938.809,12.7
8938.863,12.767
8938.959,12.7
8939.070,12.773
8939.150,12.773
8939.270,12.72
8939.366,12.68
8939.462,12.713
8939.559,12.7
8939.657,12.713
8939.751,12.693
8939.871,12.747
8939.957,12.727
8940.069,12.74
8940.172,12.807
8940.261,12.78
8940.364,12.773
8940.467,12.853
8940.584,12.86
8940.680,12.8
8940.785,12.9
8940.908,12.78
8940.979,12.807
8941.089,12.68
8941.189,12.753
8941.297,12.773
8941.391,12.693
8941.491,12.68
8941.594,12.68
8941.695,12.807
8941.817,12.72
8941.841,12.713
8941.957,12.633
8942.045,12.673
8942.143,12.793
8942.266,12.74
8942.425,12.693
8942.457,12.793
8942.538,12.84
8942.641,12.867
8942.746,12.747
8942.837,12.767
8942.959,12.893
8943.040,12.833
8943.136,12.787
8943.238,12.767
8943.344,12.78
8943.481,12.813
8943.543,12.747
8943.643,12.84
8943.739,12.78
8943.856,12.66
8943.959,12.667
8944.055,12.673
8944.153,12.807
8944.234,12.733
8944.359,12.773
8944.462,12.787
8944.557,12.8
8944.670,12.847
8944.766,12.693
8944.866,12.74
8944.949,12.687
8945.084,12.753
8945.180,12.887
8945.280,12.773
8945.386,12.787
8945.484,12.727
8945.587,12.74
8945.690,12.747
8945.736,12.767
8945.895,12.787
8945.998,12.813
8946.027,12.707
8946.128,12.727
8946.304,12.627
8946.332,12.793
8946.445,12.687
8946.533,12.813
8946.635,12.747
8996.739,12.78
8996.832,12.787
8996.929,12.7
8997.045,12.72
8997.153,12.747
8997.226,12.78
8997.329,12.733
8997.430,12.84
8997.521,12.753
8997.646,12.713
8997.741,12.773
8997.839,12.76
8997.934,12.773
8998.055,12.66
8998.150,12.767
8998.258,12.74
8998.361,12.733
8998.424,12.853
8998.548,12.82
8998.668,12.727
8998.736,12.74
8998.856,12.727
8998.956,12.66
8999.072,12.833
8999.170,12.693
8999.273,12.74
8999.359,12.707
8999.472,12.76
8999.523,12.72
8999.625,12.687
8999.728,12.773
8999.883,12.873
8999.998,12.74
9000.025,12.773
9000.126,12.727
9000.222,12.787
9000.329,12.827
9000.432,12.74
9000.532,12.74
9000.614,12.747
9000.717,12.74
9000.829,12.833
9000.918,12.787
9001.016,12.833
9001.118,12.787
9001.243,12.847
9001.322,12.773
9001.425,12.74
9001.565,12.84
9001.630,12.773
9001.731,12.68
9001.842,12.653
9001.937,12.82
9002.028,12.787
9002.111,12.707
9002.244,12.733
9002.346,12.847
9002.418,12.813
9002.542,12.793
9002.668,12.693
9002.741,12.807
9002.886,12.887
9002.959,12.787
9003.055,12.787
9003.106,12.773
9003.302,12.733
9003.361,12.727
9003.472,12.747
9003.592,12.833
9003.670,12.82
9003.768,12.747
9003.810,12.813
9003.908,12.7
9004.016,12.787
9004.190,12.753
9004.217,12.707
9004.315,12.753
9004.418,12.793
9004.503,12.807
9004.614,12.787
9004.711,12.647
9004.812,12.607
9004.915,12.693
9005.013,12.813
9005.111,12.76
9005.214,12.86
9005.315,12.64
9005.418,12.693
9005.528,12.74
9005.623,12.767
9005.726,12.84
9005.827,12.727
9005.930,12.76
9006.032,12.867
9006.133,12.687
9006.236,12.747
9006.344,12.747
9006.442,12.733
9006.562,12.8
9006.658,12.773
9056.778,12.727
9056.859,12.813
9056.962,12.707
9057.077,12.64
9057.096,12.76
9057.270,12.7
9057.300,12.833
9057.396,12.747
9057.569,12.867
9057.606,12.8
9057.702,12.793
9057.812,12.86
9057.903,12.733
9058.001,12.853
9058.099,12.733
9058.207,12.853
9058.309,12.733
9058.398,12.68
9058.508,12.773
9058.594,12.653
9058.689,12.633
9058.817,12.76
9058.888,12.833
9059.003,12.867
9059.116,12.773
9059.217,12.853
9059.327,12.727
9059.400,12.833
9059.523,12.68
9059.625,12.8
9059.707,12.847
9059.829,12.74
9059.924,12.767
9060.033,12.82
9060.131,12.787
9060.229,12.72
9060.324,12.72
9060.430,12.82
9060.538,12.78
9060.648,12.807
9060.753,12.72
9060.844,12.693
9060.949,12.84
9061.050,12.767
9061.165,12.807
9061.194,12.667
9061.290,12.72
9061.386,12.66
9061.489,12.853
9061.587,12.82
9061.690,12.707
9061.790,12.733
9061.902,12.847
9062.001,12.773
9062.097,12.74
9062.280,12.773
9062.282,12.767
9062.381,12.767
9062.484,12.713
9062.589,12.847
9062.679,12.753
9062.780,12.72
9062.913,12.793
9063.001,12.773
9063.099,12.673
9063.195,12.847
9063.297,12.727
9063.396,12.82
9063.518,12.787
9063.619,12.74
9063.714,12.827
9063.824,12.8
9063.925,12.74
9064.023,12.693
9064.130,12.753
9064.234,12.733
9064.334,12.713
9064.437,12.693
9064.474,12.78
9064.635,12.833
9064.736,12.74
9064.839,12.713
9064.942,12.787
9065.043,12.753
9065.072,12.753
9065.187,12.693
9065.283,12.833
9065.380,12.773
9065.479,12.773
9065.574,12.7
9065.692,12.853
9065.773,12.72
9065.898,12.64
9065.991,12.78
9066.086,12.733
9066.180,12.753
9066.271,12.82
9066.373,12.74
9066.471,12.88
9066.570,12.707
9066.677,12.713
9116.783,12.853
9116.896,12.787
9117.005,12.7
9117.091,12.713
9117.194,12.687
9117.265,12.68
9117.413,12.72
9117.501,12.807
9117.613,12.76
9117.707,12.727
9117.809,12.827
9117.912,12.773
9118.013,12.707
9118.101,12.707
9118.217,12.667
9118.320,12.747
9118.525,12.82
9118.528,12.68
9118.626,12.727
9118.753,12.72
9118.837,12.727
9118.878,12.713
9118.959,12.793
9119.072,12.773
9119.172,12.72
9119.275,12.753
9119.371,12.64
9119.479,12.82
9119.618,12.84
9119.675,12.733
9119.768,12.82
9119.869,12.747
9119.959,12.793
9120.077,12.767
9120.172,12.753
9120.266,12.707
9120.380,12.693
9120.479,12.853
9120.577,12.687
9120.682,12.693
9120.761,12.8
9120.885,12.72
9120.983,12.86
9121.087,12.793
9121.197,12.767
9121.300,12.687
9121.412,12.74
9121.498,12.787
9121.597,12.82
9121.707,12.827
9121.822,12.987
9121.905,12.793
9122.016,12.813
9122.113,12.767
9122.214,12.74
9122.315,12.833
9122.418,12.76
9122.518,12.767
9122.555,12.713
9122.655,12.813
9122.751,12.78
9122.856,12.733
9122.957,12.74
9123.055,12.7
9123.163,12.76
9123.271,12.793
9123.361,12.887
9123.452,12.867
9123.567,12.827
9123.660,12.82
9123.751,12.813
9123.849,12.773
9123.981,12.82
9124.064,12.727
9124.163,12.753
9124.268,12.827
9124.351,12.793
9124.466,12.84
9124.577,12.84
9124.682,12.833
9124.763,12.727
9124.873,12.753
9124.976,12.76
9125.087,12.787
9125.182,12.787
9125.283,12.68
9125.386,12.84
9125.496,12.713
9125.597,12.827
9125.695,12.8
9125.795,12.66
9125.898,12.753
9126.001,12.68
9126.126,12.713
9126.204,12.847
9126.315,12.753
9126.344,12.753
9126.442,12.753
9126.555,12.773
9126.646,12.733
9176.820,12.653
9176.847,12.707
9176.947,12.72
9177.050,12.833
9177.158,12.813
9177.239,12.887
9177.342,12.76
9177.449,12.813
9177.538,12.747
9177.658,12.8
9177.756,12.833
9177.853,12.827
9177.956,12.853
9178.049,12.78
9178.160,12.807
9178.258,12.86
9178.356,12.767
9178.462,12.867
9178.570,12.813
9178.668,12.753
9178.766,12.747
9178.856,12.62
9178.978,12.667
9179.074,12.747
9179.175,12.807
9179.278,12.833
9179.385,12.693
9179.523,12.78
9179.584,12.813
9179.697,12.753
9179.795,12.727
9179.908,12.747
9179.935,12.727
9180.030,12.68
9180.197,12.813
9180.229,12.827
9180.403,12.767
9180.430,12.86
9180.528,12.633
9180.633,12.8
9180.744,12.787
9180.841,12.7
9181.018,12.813
9181.048,12.753
9181.138,12.807
9181.241,12.807
9181.334,12.64
9181.467,12.633
9181.538,12.7
9181.636,12.74
9181.741,12.793
9181.839,12.74
9181.940,12.747
9182.035,12.66
9182.136,12.727
9182.256,12.7
9182.353,12.78
9182.452,12.693
9182.554,12.873
9182.657,12.88
9182.758,12.8
9182.873,12.653
9182.972,12.8
9183.070,12.78
9183.173,12.66
9183.278,12.713
9183.376,12.8
9183.486,12.833
9183.582,12.787
9183.680,12.74
9183.783,12.713
9183.905,12.733
9183.924,12.767
9184.020,12.707
9184.202,12.72
9184.226,12.727
9184.327,12.813
9184.420,12.92
9184.516,12.767
9184.641,12.787
9184.739,12.733
9184.815,12.773
9184.917,12.847
9185.021,12.853
9185.121,12.813
9185.219,12.793
9185.320,12.693
9185.420,12.627
9185.523,12.687
9185.626,12.687
9185.743,12.793
9185.832,12.713
9185.934,12.733
9186.035,12.787
9186.177,12.793
9186.251,12.687
9186.354,12.767
9186.447,12.887
9186.550,12.84
9186.650,12.92
21476.771,12.773
21476.844,12.807
21476.959,12.767
21477.060,12.827
21477.162,12.793
21477.263,12.827
21477.386,12.713
21477.410,12.693
21477.581,12.8
21477.673,12.753
21477.785,12.76
21477.812,12.68
21477.913,12.733
21478.016,12.78
21478.111,12.66
21478.209,12.793
21478.317,12.713
21478.415,12.733
21478.596,12.673
21478.623,12.693
21478.722,12.753
21478.824,12.74
21478.903,12.747
21479.006,12.72
21479.121,12.753
21479.217,12.833
21479.315,12.807
21479.418,12.567
21479.528,12.7
21479.625,12.8
21479.722,12.747
21479.829,12.767
21479.935,12.787
21480.062,12.813
21480.103,12.78
21480.211,12.767
21480.337,12.693
21480.434,12.72
21480.565,12.78
21480.638,12.7
21480.746,12.9
21480.842,12.727
21480.959,12.727
21481.052,12.793
21481.165,12.833
21481.268,12.867
21481.304,12.767
21481.474,12.74
21481.501,12.74
21481.598,12.727
21481.707,12.667
21481.809,12.7
21481.907,12.773
21482.016,12.88
21482.101,12.667
21482.204,12.847
21482.402,12.733
21482.405,12.74
21482.498,12.707
21482.616,12.813
21482.692,12.8
21482.795,12.787
21482.905,12.793
21483.000,12.7
21483.092,12.693
21483.204,12.76
21483.295,12.78
21483.396,12.707
21483.511,12.72
21483.601,12.7
21483.723,12.78
21483.790,12.78
21483.922,12.7
21484.018,12.76
21484.119,12.673
21484.214,12.74
21484.320,12.7
21484.420,12.733
21484.562,12.767
21484.626,12.707
21484.741,12.733
21484.844,12.84
21484.945,12.827
21485.050,12.747
21485.158,12.74
21485.251,12.807
21485.353,12.84
21485.456,12.693
21485.484,12.747
21485.667,12.807
21485.685,12.793
21485.793,12.707
21485.891,12.76
21485.994,12.753
21486.082,12.68
21486.185,12.767
21486.283,12.827
21486.400,12.853
21486.493,12.7
21486.589,12.833
21486.694,12.867
21536.788,12.773
21536.890,12.72
21536.993,12.707
21537.094,12.807
21537.207,12.727
21537.299,12.773
21537.388,12.827
21537.505,12.727
21537.579,12.82
21537.680,12.707
21537.812,12.68
21537.920,12.707
21538.027,12.693
21538.128,12.807
21538.236,12.747
21538.332,12.793
21538.435,12.747
21538.540,12.767
21538.648,12.853
21538.724,12.82
21538.777,12.8
21538.940,12.68
21539.042,12.62
21539.143,12.687
21539.246,12.76
21539.275,12.693
21539.381,12.6
21539.483,12.707
21539.655,12.76
21539.682,12.733
21539.785,12.753
21539.885,12.807
21539.986,12.8
21540.076,12.813
21540.175,12.72
21540.275,12.74
21540.371,12.713
21540.489,12.753
21540.589,12.793
21540.685,12.68
21540.783,12.813
21540.883,12.767
21540.986,12.633
21541.089,12.74
21541.190,12.853
21541.277,12.827
21541.396,12.767
21541.501,12.68
21541.591,12.8
21541.677,12.92
21541.797,12.767
21541.913,12.793
21541.988,12.713
21542.119,12.78
21542.192,12.78
21542.300,12.747
21542.424,12.76
21542.523,12.893
21542.648,12.847
21542.665,12.833
21542.831,12.773
21542.932,12.74
21543.015,12.607
21543.062,12.793
21543.239,12.78
21543.266,12.707
21543.385,12.76
21543.472,12.753
21543.570,12.647
21543.674,12.68
21543.761,12.787
21543.866,12.733
21543.964,12.707
21544.082,12.787
21544.163,12.893
21544.268,12.793
21544.391,12.727
21544.486,12.847
21544.570,12.653
21544.673,12.773
21544.783,12.807
21544.898,12.68
21544.979,12.747
21545.082,12.773
21545.222,12.787
21545.298,12.687
21545.420,12.66
21545.494,12.64
21545.589,12.773
21545.679,12.673
21545.763,12.733
21545.866,12.767
21545.976,12.747
21546.106,12.68
21546.207,12.7
21546.322,12.7
21546.408,12.647
21546.533,12.773
21546.562,12.747
21546.660,12.82
21596.758,12.76
21596.854,12.727
21597.020,12.727
21597.057,12.72
21597.172,12.713
21597.268,12.647
21597.364,12.733
21597.462,12.807
21597.565,12.753
21597.667,12.713
21597.768,12.807
21597.864,12.72
21597.959,12.753
21598.062,12.647
21598.160,12.713
21598.258,12.687
21598.359,12.687
21598.462,12.827
21598.572,12.78
21598.675,12.753
21598.778,12.747
21598.896,12.78
21598.974,12.86
21599.077,12.8
21599.179,12.733
21599.261,12.773
21599.386,12.827
21599.491,12.76
21599.587,12.833
21599.701,12.887
21599.793,12.867
21599.895,12.86
21599.998,12.847
21600.113,12.773
21600.143,12.8
21600.305,12.82
21600.418,12.753
21600.445,12.78
21600.543,12.76
21600.646,12.627
21600.756,12.773
21600.854,12.793
21600.949,12.767
21601.040,12.733
21601.145,12.707
21601.250,12.9
21601.353,12.827
21601.538,12.713
21601.543,12.713
21601.655,12.753
21601.748,12.72
21601.859,12.72
21601.974,12.747
21602.055,12.693
21602.180,12.693
21602.239,12.8
21602.361,12.693
21602.462,12.773
21602.572,12.9
21602.660,12.713
21602.763,12.667
21602.864,12.827
21602.983,12.747
21603.077,12.88
21603.175,12.707
21603.273,12.66
21603.376,12.673
21603.473,12.8
21603.581,12.653
21603.672,12.793
21603.785,12.68
21603.890,12.773
21603.991,12.713
21604.094,12.773
21604.197,12.787
21604.299,12.8
21604.415,12.633
21604.503,12.627
21604.530,12.647
21604.707,12.733
21604.734,12.673
21604.844,12.76
21604.944,12.647
21605.043,12.747
21605.143,12.833
21605.246,12.787
21605.342,12.767
21605.451,12.66
21605.533,12.74
21605.638,12.78
21605.734,12.66
21605.834,12.713
21605.947,12.787
21606.050,12.707
21606.128,12.873
21606.244,12.76
21606.341,12.747
21606.440,12.753
21606.542,12.58
21606.630,12.753
21656.750,12.867
21656.859,12.827
21656.954,12.693
21657.052,12.827
21657.175,12.72
21657.273,12.853
21657.393,12.813
21657.474,12.8
21657.570,12.66
21657.668,12.74
21657.785,12.833
21657.883,12.827
21657.979,12.74
21658.108,12.733
21658.190,12.647
21658.219,12.807
21658.396,12.707
21658.422,12.713
21658.530,12.753
21658.636,12.807
21658.731,12.78
21658.817,12.72
21658.920,12.86
21659.018,12.867
21659.146,12.647
21659.231,12.713
21659.327,12.793
21659.427,12.807
21659.523,12.68
21659.623,12.827
21659.724,12.82
21659.827,12.827
21659.920,12.753
21660.038,12.773
21660.135,12.627
21660.246,12.84
21660.339,12.82
21660.442,12.967
21660.545,12.833
21660.657,12.74
21660.741,12.727
21660.864,12.68
21660.972,12.8
21661.067,12.633
21661.163,12.76
21661.261,12.727
21661.327,12.887
21661.434,12.833
21661.535,12.727
21661.609,12.873
21661.773,12.76
21661.875,12.68
21661.972,12.713
21662.070,12.7
21662.128,12.847
21662.209,12.793
21662.312,12.78
21662.423,12.613
21662.518,12.82
21662.616,12.807
21662.716,12.807
21662.817,12.7
21662.929,12.86
21663.028,12.747
21663.123,12.7
21663.228,12.793
21663.317,12.793
21663.418,12.853
21663.518,12.76
21663.640,12.867
21663.719,12.753
21663.822,12.713
21663.930,12.913
21664.033,12.787
21664.128,12.773
21664.231,12.753
21664.334,12.7
21664.447,12.733
21664.543,12.833
21664.650,12.747
21664.744,12.84
21664.844,12.713
21664.947,12.66
21665.067,12.807
21665.157,12.8
21665.256,12.873
21665.366,12.747
21665.432,12.733
21665.498,12.767
21665.673,12.813
21665.699,12.7
21665.800,12.767
21665.898,12.707
21666.006,12.607
21666.103,12.74
21666.209,12.693
21666.305,12.707
21666.405,12.687
21666.508,12.827
21666.599,12.847
21666.702,12.767
21716.829,12.753
21716.903,12.713
21716.996,12.767
21717.116,12.787
21717.204,12.827
21717.315,12.853
21717.415,12.76
21717.518,12.747
21717.613,12.807
21717.712,12.82
21717.815,12.813
21717.910,12.813
21718.018,12.813
21718.116,12.813
21718.244,12.773
21718.320,12.82
21718.449,12.767
21718.543,12.727
21718.641,12.847
21718.741,12.82
21718.829,12.793
21718.951,12.713
21719.043,12.647
21719.153,12.827
21719.190,12.747
21719.290,12.78
21719.388,12.733
21719.493,12.76
21719.587,12.707
21719.690,12.793
21719.788,12.787
21719.891,12.767
21719.989,12.753
21720.091,12.773
21720.212,12.673
21720.283,12.807
21720.383,12.8
21720.503,12.68
21720.606,12.693
21720.684,12.733
21720.785,12.753
21720.898,12.793
21720.989,12.833
21721.101,12.807
21721.201,12.767
21721.314,12.807
21721.403,12.74
21721.501,12.66
21721.592,12.687
21721.726,12.707
21721.810,12.8
21721.910,12.68
21722.008,12.74
21722.118,12.753
21722.229,12.793
21722.334,12.82
21722.424,12.813
21722.537,12.713
21722.636,12.88
21722.739,12.873
21722.859,12.827
21722.937,12.84
21723.047,12.9
21723.153,12.82
21723.243,12.84
21723.344,12.86
21723.457,12.807
21723.488,12.653
21723.586,12.667
21723.758,12.833
21723.790,12.693
21723.886,12.707
21723.986,12.693
21724.084,12.693
21724.192,12.687
21724.278,12.713
21724.375,12.733
21724.473,12.74
21724.582,12.773
21724.675,12.827
21724.799,12.713
21724.880,12.74
21724.989,12.787
21725.074,12.7
21725.179,12.727
21725.290,12.8
21725.400,12.74
21725.474,12.747
21725.598,12.727
21725.724,12.68
21725.790,12.773
21725.910,12.687
21726.016,12.767
21726.136,12.793
21726.212,12.787
21726.315,12.767
21726.417,12.793
21726.528,12.78
21726.633,12.773
21776.736,12.807
21776.827,12.78
21776.869,12.78
21777.030,12.78
21777.133,12.76
21777.238,12.747
21777.268,12.773
21777.364,12.687
21777.467,12.753
21777.584,12.753
21777.680,12.767
21777.778,12.793
21777.873,12.727
21777.984,12.707
21778.079,12.7
21778.182,12.713
21778.283,12.773
21778.361,12.8
21778.464,12.74
21778.574,12.8
21778.679,12.82
21778.782,12.76
21778.880,12.753
21778.986,12.7
21779.089,12.68
21779.185,12.727
21779.288,12.733
21779.396,12.687
21779.491,12.753
21779.594,12.807
21779.695,12.853
21779.805,12.8
21779.907,12.753
21780.001,12.727
21780.101,12.693
21780.170,12.847
21780.280,12.827
21780.400,12.687
21780.513,12.807
21780.614,12.78
21780.717,12.66
21780.837,12.74
21780.864,12.727
21780.959,12.64
21781.057,12.74
21781.160,12.793
21781.261,12.747
21781.359,12.707
21781.457,12.733
21781.560,12.827
21781.655,12.807
21781.753,12.787
21781.853,12.847
21781.973,12.787
21782.074,12.687
21782.150,12.647
21782.270,12.807
21782.366,12.707
21782.467,12.787
21782.564,12.787
21782.663,12.727
21782.765,12.867
21782.869,12.82
21782.971,12.693
21783.072,12.72
21783.175,12.753
21783.285,12.7
21783.408,12.8
21783.483,12.66
21783.577,12.707
21783.697,12.753
21783.795,12.86
21783.891,12.707
21784.030,12.807
21784.097,12.707
21784.194,12.72
21784.302,12.707
21784.361,12.86
21784.469,12.767
21784.547,12.74
21784.646,12.727
21784.744,12.72
21784.908,12.747
21785.011,12.733
21785.062,12.607
21785.160,12.753
21785.255,12.74
21785.353,12.82
21785.462,12.82
21785.559,12.727
21785.655,12.653
21785.758,12.753
21785.851,12.7
21785.949,12.8
21786.047,12.793
21786.155,12.72
21786.256,12.7
21786.354,12.773
21786.456,12.78
21786.557,12.687
21786.665,12.76
22076.768,12.847
22076.864,12.827
22076.973,12.867
22077.097,12.8
22077.168,12.727
22077.271,12.747
22077.373,12.78
22077.469,12.787
22077.587,12.673
22077.690,12.653
22077.785,12.707
22077.891,12.84
22077.993,12.8
22078.092,12.74
22078.214,12.667
22078.295,12.767
22078.354,12.847
22078.501,12.72
22078.626,12.78
22078.674,12.753
22078.775,12.72
22078.900,12.7
22078.949,12.72
22079.038,12.727
22079.133,12.74
22079.243,12.773
22079.339,12.747
22079.435,12.773
22079.535,12.693
22079.636,12.813
22079.753,12.813
22079.849,12.813
22079.934,12.7
22080.052,12.76
22080.141,12.7
22080.239,12.747
22080.342,12.767
22080.488,12.827
22080.562,12.78
22080.657,12.78
22080.756,12.853
22080.856,12.853
22080.959,12.74
22081.060,12.687
22081.160,12.707
22081.273,12.793
22081.376,12.8
22081.471,12.82
22081.572,12.813
22081.675,12.793
22081.773,12.753
22081.891,12.753
22081.993,12.873
22082.092,12.74
22082.190,12.847
22082.300,12.813
22082.398,12.687
22082.430,12.693
22082.530,12.747
22082.626,12.693
22082.726,12.64
22082.832,12.64
22082.939,12.693
22083.038,12.887
22083.140,12.84
22083.222,12.72
22083.425,12.787
22083.427,12.867
22083.527,12.787
22083.631,12.793
22083.726,12.72
22083.837,12.72
22083.937,12.8
22084.033,12.713
22084.138,12.68
22084.234,12.693
22084.329,12.8
22084.432,12.68
22084.532,12.713
22084.636,12.76
22084.756,12.82
22084.873,12.747
22084.951,12.693
22085.045,12.7
22085.163,12.7
22085.266,12.747
22085.366,12.82
22085.467,12.7
22085.567,12.807
22085.670,12.733
22085.770,12.84
22085.881,12.68
22085.976,12.747
22086.077,12.733
22086.114,12.767
22086.214,12.687
22086.322,12.853
22086.420,12.773
22086.521,12.72
22086.619,12.767
22136.714,12.727
22136.817,12.673
22136.925,12.747
22137.035,12.627
22137.130,12.687
22137.231,12.82
22137.329,12.76
22137.424,12.8
22137.525,12.74
22137.628,12.74
22137.724,12.733
22137.837,12.633
22137.934,12.727
22138.013,12.853
22138.135,12.68
22138.253,12.733
22138.326,12.7
22138.442,12.693
22138.548,12.707
22138.645,12.633
22138.744,12.787
22138.871,12.64
22138.944,12.813
22139.055,12.84
22139.160,12.72
22139.251,12.773
22139.354,12.693
22139.457,12.8
22139.567,12.787
22139.670,12.667
22139.793,12.72
22139.868,12.727
22139.979,12.807
22140.081,12.793
22140.109,12.767
22140.204,12.733
22140.307,12.767
22140.408,12.747
22140.513,12.653
22140.611,12.733
22140.707,12.687
22140.820,12.667
22140.920,12.727
22141.023,12.747
22141.118,12.727
22141.222,12.733
22141.300,12.7
22141.403,12.8
22141.516,12.82
22141.618,12.707
22141.717,12.88
22141.812,12.74
22141.927,12.753
22142.021,12.707
22142.141,12.7
22142.223,12.78
22142.305,12.727
22142.413,12.647
22142.498,12.673
22142.640,12.653
22142.709,12.9
22142.812,12.9
22142.957,12.76
22143.018,12.7
22143.136,12.747
22143.236,12.82
22143.351,12.713
22143.459,12.72
22143.555,12.767
22143.655,12.72
22143.695,12.887
22143.795,12.787
22143.893,12.773
22144.065,12.713
22144.098,12.6
22144.201,12.813
22144.298,12.793
22144.410,12.693
22144.506,12.713
22144.603,12.727
22144.704,12.807
22144.795,12.867
22144.898,12.807
22144.993,12.773
22145.094,12.747
22145.192,12.68
22145.317,12.747
22145.395,12.74
22145.498,12.853
22145.609,12.727
22145.707,12.753
22145.829,12.707
22145.910,12.787
22145.989,12.8
22146.096,12.76
22146.244,12.727
22146.329,12.727
22146.390,12.753
22146.516,12.76
22146.604,12.773
22196.741,12.607
22196.900,12.747
22196.957,12.74
22197.021,12.753
22197.148,12.827
22197.244,12.727
22197.369,12.72
22197.444,12.74
22197.547,12.72
22197.648,12.667
22197.692,12.647
22197.853,12.76
22197.881,12.733
22197.979,12.793
22198.082,12.793
22198.184,12.7
22198.288,12.773
22198.391,12.78
22198.496,12.773
22198.598,12.773
22198.699,12.687
22198.793,12.72
22198.881,12.78
22198.981,12.773
22199.082,12.727
22199.207,12.84
22199.288,12.72
22199.388,12.767
22199.528,12.707
22199.596,12.753
22199.719,12.747
22199.790,12.713
22199.902,12.793
22200.008,12.793
22200.096,12.82
22200.182,12.72
22200.312,12.787
22200.408,12.9
22200.510,12.78
22200.631,12.753
22200.714,12.8
22200.834,12.78
22200.939,12.847
22201.045,12.76
22201.077,12.753
22201.258,12.74
22201.354,12.753
22201.516,12.793
22201.562,12.767
22201.609,12.693
22201.741,12.8
22201.942,12.64
22202.052,12.647
22202.082,12.653
22202.123,12.647
22202.239,12.78
22202.337,12.793
22202.476,12.847
22202.506,12.747
22202.606,12.733
22202.684,12.76
22202.788,12.727
22202.896,12.693
22202.996,12.787
22203.113,12.84
22203.192,12.8
22203.288,12.713
22203.396,12.773
22203.508,12.767
22203.597,12.767
22203.675,12.7
22203.819,12.78
22203.912,12.727
22204.351,12.773
22204.413,12.793
22204.670,12.74
22204.859,12.787
22204.915,12.747
22204.947,12.86
22205.040,12.86
22205.125,12.793
22205.260,12.747
22205.366,12.82
22205.472,12.787
22205.538,12.727
22205.626,12.74
22205.667,12.793
22205.793,12.747
22205.886,12.84
22205.966,12.813
22206.092,12.833
22206.170,12.86
22206.278,12.773
22206.356,12.793
22206.467,12.693
22206.564,12.713
22206.672,12.787
22256.800,12.607
22256.888,12.713
22256.983,12.833
22257.092,12.66
22257.187,12.787
22257.295,12.773
22257.391,12.747
22257.501,12.787
22257.596,12.767
22257.690,12.853
22257.812,12.84
22257.907,12.727
22257.988,12.793
22258.099,12.907
22258.160,12.813
22258.271,12.78
22258.408,12.74
22258.471,12.787
22258.614,12.8
22258.677,12.82
22258.820,12.793
22258.893,12.8
22259.020,12.767
22259.131,12.667
22259.163,12.7
22259.322,12.78
22259.369,12.807
22259.457,12.727
22259.569,12.753
22259.665,12.807
22259.760,12.8
22259.871,12.653
22259.962,12.613
22260.057,12.74
22260.150,12.787
22260.261,12.82
22260.356,12.74
22260.454,12.68
22260.570,12.713
22260.679,12.82
22260.775,12.74
22260.869,12.813
22260.994,12.74
22261.089,12.78
22261.180,12.72
22261.398,12.727
22261.462,12.753
22261.521,12.727
22261.631,12.82
22261.722,12.693
22261.846,12.72
22261.910,12.833
22262.033,12.713
22262.111,12.727
22262.168,12.76
22262.310,12.653
22262.405,12.793
22262.437,12.787
22262.606,12.78
22262.653,12.633
22262.810,12.74
22262.922,12.793
22263.018,12.82
22263.049,12.727
22263.155,12.747
22263.251,12.793
22263.346,12.813
22263.457,12.833
22263.552,12.76
22263.643,12.76
22263.751,12.787
22263.863,12.747
22263.944,12.793
22264.035,12.787
22264.146,12.687
22264.253,12.733
22264.347,12.88
22264.457,12.787
22264.552,12.847
22264.646,12.793
22264.768,12.747
22264.863,12.747
22264.974,12.733
22265.084,12.86
22265.182,12.653
22265.246,12.72
22265.381,12.793
22265.445,12.887
22265.554,12.94
22265.663,12.76
22265.770,12.753
22265.881,12.86
22265.974,12.807
22266.070,12.693
22266.199,12.82
22266.315,12.72
22266.415,12.64
22266.494,12.873
22266.606,12.813
22266.699,12.633
22316.746,12.8
22316.836,12.827
22316.930,12.753
22317.040,12.9
22317.152,12.807
22317.246,12.627
22317.337,12.773
22317.447,12.653
22317.543,12.833
22317.638,12.78
22317.731,12.727
22317.834,12.687
22317.967,12.713
22318.028,12.787
22318.138,12.727
22318.239,12.7
22318.366,12.767
22318.454,12.86
22318.545,12.753
22318.658,12.7
22318.750,12.8
22318.861,12.813
22318.949,12.773
22319.062,12.833
22319.170,12.78
22319.248,12.833
22319.375,12.813
22319.469,12.747
22319.560,12.88
22319.640,12.66
22319.913,12.78
22319.929,12.74
22319.974,12.753
22320.016,12.767
22320.190,12.833
22320.300,12.733
22320.380,12.707
22320.427,12.633
22320.533,12.727
22320.643,12.873
22320.738,12.727
22320.981,12.813
22321.023,12.9
22321.163,12.833
22321.503,12.807
22321.655,12.76
22321.670,12.86
22321.756,12.853
22321.839,12.74
22321.967,12.72
22322.028,12.7
22322.130,12.753
22322.226,12.753
22322.320,12.773
22322.432,12.66
22322.542,12.72
22322.636,12.713
22322.729,12.74
22322.854,12.767
22322.979,12.693
22323.091,12.727
22323.153,12.7
22323.258,12.787
22323.353,12.807
22323.464,12.587
22323.560,12.727
22323.623,12.753
22323.793,12.753
22323.809,12.893
22323.935,12.887
22324.077,12.693
22324.204,12.733
22324.246,12.72
22324.326,12.673
22324.422,12.733
22324.533,12.673
22324.611,12.727
22324.723,12.773
22324.826,12.787
22324.920,12.78
22325.016,12.733
22325.126,12.733
22325.207,12.76
22325.327,12.793
22325.423,12.787
22325.516,12.8
22325.628,12.787
22325.707,12.9
22325.829,12.66
22325.924,12.767
22326.035,12.733
22326.131,12.72
22326.226,12.787
22326.336,12.793
22326.440,12.713
22326.535,12.813
22326.631,12.687
22376.726,12.633
22376.837,12.753
22376.940,12.813
22377.052,12.78
22377.148,12.727
22377.243,12.767
22377.339,12.893
22377.476,12.853
22377.552,12.927
22377.663,12.813
22377.761,12.787
22377.886,12.82
22377.900,12.7
22378.006,12.74
22378.101,12.787
22378.197,12.747
22378.307,12.787
22378.402,12.787
22378.543,12.833
22378.621,12.78
22378.714,12.74
22378.810,12.787
22378.903,12.72
22378.998,12.727
22379.101,12.807
22379.195,12.7
22379.322,12.813
22379.418,12.693
22379.511,12.8
22379.619,12.767
22379.714,12.787
22379.807,12.787
22379.918,12.7
22380.045,12.773
22380.109,12.813
22380.233,12.827
22380.329,12.72
22380.408,12.82
22380.537,12.693
22380.625,12.767
22380.748,12.82
22380.842,12.687
22380.937,12.76
22381.050,12.847
22381.153,12.813
22381.248,12.78
22381.342,12.833
22381.454,12.84
22381.564,12.787
22381.597,12.673
22381.766,12.767
22381.876,12.8
22381.891,12.753
22381.986,12.82
22382.097,12.693
22382.190,12.907
22382.283,12.793
22382.395,12.753
22382.505,12.7
22382.582,12.853
22382.711,12.807
22382.815,12.787
22382.895,12.76
22382.989,12.793
22383.084,12.827
22383.209,12.913
22383.285,12.787
22383.395,12.787
22383.489,12.82
22383.584,12.813
22383.711,12.793
22383.802,12.893
22383.898,12.827
22384.008,12.773
22384.101,12.747
22384.229,12.813
22384.319,12.82
22384.413,12.72
22384.523,12.707
22384.619,12.84
22384.729,12.727
22384.864,12.72
22384.945,12.733
22385.040,12.813
22385.135,12.753
22385.244,12.767
22385.339,12.807
22385.447,12.827
22385.559,12.72
22385.653,12.733
22385.748,12.807
22385.844,12.773
22385.876,12.787
22385.996,12.793
22386.091,12.793
22386.187,12.727
22386.280,12.74
22386.390,12.773
22386.496,12.787
22386.592,12.74
22386.687,12.813
22676.815,12.667
22676.878,12.72
22677.000,12.74
22677.079,12.8
22677.187,12.767
22677.282,12.72
22677.393,12.733
22677.488,12.76
22677.628,12.8
22677.707,12.813
22677.770,12.82
22677.896,12.707
22677.976,12.913
22678.126,12.753
22678.190,12.713
22678.302,12.82
22678.427,12.8
22678.493,12.76
22678.628,12.833
22678.724,12.727
22678.834,12.82
22678.929,12.647
22679.025,12.787
22679.128,12.833
22679.224,12.753
22679.334,12.753
22679.430,12.793
22679.540,12.8
22679.679,12.733
22679.773,12.76
22679.868,12.867
22679.994,12.847
22680.091,12.84
22680.180,12.787
22680.290,12.713
22680.369,12.713
22680.466,12.593
22680.574,12.847
22680.665,12.807
22680.773,12.733
22680.869,12.713
22680.979,12.7
22681.059,12.62
22681.170,12.8
22681.275,12.773
22681.369,12.747
22681.481,12.74
22681.591,12.78
22681.687,12.727
22681.793,12.713
22681.888,12.807
22681.984,12.86
22682.094,12.753
22682.204,12.853
22682.310,12.733
22682.405,12.873
22682.533,12.8
22682.611,12.8
22682.707,12.873
22682.810,12.793
22682.922,12.76
22683.016,12.807
22683.128,12.727
22683.224,12.687
22683.271,12.84
22683.452,12.847
22683.469,12.76
22683.564,12.72
22683.658,12.82
22683.753,12.753
22683.876,12.82
22683.971,12.72
22684.067,12.813
22684.177,12.94
22684.271,12.82
22684.376,12.773
22684.456,12.773
22684.567,12.86
22684.662,12.82
22684.773,12.76
22684.866,12.787
22684.973,12.82
22685.082,12.833
22685.179,12.847
22685.305,12.847
22685.386,12.847
22685.506,12.767
22685.584,12.74
22685.680,12.827
22685.790,12.773
22685.886,12.84
22685.949,12.827
22686.101,12.8
22686.165,12.807
22686.277,12.767
22686.420,12.9
22686.491,12.753
22686.586,12.667
22736.712,12.593
22736.809,12.72
22736.920,12.693
22737.025,12.673
22737.119,12.687
22737.214,12.707
22737.246,12.807
22737.341,12.673
22737.467,12.753
22737.557,12.84
22737.652,12.647
22737.748,12.82
22737.859,12.847
22737.954,12.693
22738.049,12.7
22738.170,12.713
22738.248,12.68
22738.359,12.74
22738.454,12.74
22738.549,12.7
22738.653,12.707
22738.748,12.76
22738.859,12.747
22738.939,12.713
22739.050,12.693
22739.155,12.827
22739.266,12.807
22739.361,12.84
22739.457,12.807
22739.552,12.813
22739.672,12.853
22739.750,12.813
22739.846,12.88
22740.025,12.86
22740.081,12.793
22740.192,12.733
22740.300,12.767
22740.364,12.727
22740.459,12.793
22740.616,12.833
22740.633,12.787
22740.768,12.807
22740.910,12.773
22741.006,12.867
22741.038,12.78
22741.228,12.7
22741.263,12.807
22741.349,12.8
22741.444,12.753
22741.554,12.607
22741.650,12.76
22741.744,12.68
22741.849,12.667
22741.945,12.693
22742.060,12.893
22742.150,12.807
22742.261,12.873
22742.351,12.76
22742.478,12.693
22742.540,12.76
22742.652,12.68
22742.748,12.773
22742.866,12.773
22742.947,12.767
22743.057,12.733
22743.152,12.693
22743.263,12.793
22743.356,12.853
22743.479,12.833
22743.574,12.807
22743.685,12.873
22743.780,12.693
22743.876,12.827
22743.981,12.787
22744.077,12.72
22744.187,12.693
22744.299,12.693
22744.346,12.833
22744.483,12.827
22744.594,12.68
22744.704,12.787
22744.736,12.74
22744.895,12.853
22744.927,12.72
22745.030,12.7
22745.126,12.727
22745.234,12.773
22745.347,12.687
22745.442,12.713
22745.533,12.847
22745.628,12.76
22745.723,12.853
22745.834,12.733
22745.930,12.78
22746.033,12.733
22746.126,12.767
22746.238,12.68
22746.332,12.653
22746.445,12.8
22746.538,12.727
22746.643,12.793
22796.739,12.747
22796.866,12.693
22796.961,12.793
22797.055,12.733
22797.155,12.827
22797.226,12.78
22797.349,12.747
22797.451,12.733
22797.552,12.84
22797.663,12.687
22797.763,12.687
22797.864,12.687
22797.962,12.78
22798.008,12.84
22798.158,12.833
22798.212,12.76
22798.381,12.733
22798.410,12.8
22798.510,12.733
22798.723,12.84
22798.726,12.7
22798.820,12.72
22798.908,12.7
22799.018,12.687
22799.114,12.66
22799.224,12.767
22799.320,12.747
22799.403,12.833
22799.501,12.733
22799.611,12.72
22799.719,12.733
22799.822,12.653
22799.924,12.68
22800.010,12.807
22800.114,12.813
22800.214,12.767
22800.312,12.74
22800.413,12.813
22800.537,12.68
22800.621,12.833
22800.723,12.753
22800.820,12.767
22800.945,12.7
22801.042,12.773
22801.140,12.807
22801.239,12.913
22801.344,12.88
22801.445,12.74
22801.549,12.767
22801.636,12.74
22801.756,12.72
22801.795,12.753
22801.898,12.747
22802.069,12.693
22802.097,12.733
22802.195,12.82
22802.295,12.707
22802.396,12.76
22802.570,12.72
22802.596,12.72
22802.697,12.707
22802.810,12.753
22802.905,12.713
22803.005,12.833
22803.108,12.773
22803.209,12.707
22803.310,12.68
22803.413,12.767
22803.498,12.813
22803.599,12.78
22803.701,12.653
22803.805,12.793
22803.913,12.833
22804.013,12.82
22804.091,12.727
22804.209,12.62
22804.320,12.727
22804.418,12.733
22804.501,12.767
22804.621,12.72
22804.689,12.727
22804.814,12.747
22804.900,12.747
22805.001,12.82
22805.106,12.853
22805.226,12.747
22805.312,12.867
22805.447,12.86
22805.550,12.873
22805.653,12.76
22805.750,12.747
22805.856,12.72
22805.885,12.733
22806.062,12.74
22806.089,12.753
22806.187,12.787
22806.292,12.793
22806.388,12.84
22806.484,12.793
22806.589,12.807
22806.690,12.82
22856.783,12.8
22856.895,12.693
22857.000,12.787
22857.104,12.8
22857.217,12.793
22857.280,12.773
22857.391,12.713
22857.491,12.827
22857.591,12.833
22857.690,12.867
22857.793,12.727
22857.883,12.607
22857.998,12.793
22858.109,12.807
22858.209,12.773
22858.305,12.813
22858.391,12.673
22858.493,12.827
22858.577,12.94
22858.680,12.753
22858.788,12.76
22858.920,12.78
22859.032,12.807
22859.099,12.747
22859.221,12.7
22859.320,12.847
22859.427,12.653
22859.543,12.787
22859.641,12.807
22859.738,12.733
22859.834,12.8
22859.885,12.773
22859.983,12.713
22860.092,12.787
22860.175,12.907
22860.278,12.853
22860.381,12.727
22860.481,12.747
22860.586,12.787
22860.684,12.793
22860.787,12.9
22860.871,12.807
22860.993,12.82
22861.070,12.893
22861.192,12.853
22861.278,12.773
22861.378,12.78
22861.479,12.887
22861.604,12.727
22861.684,12.827
22861.788,12.82
22861.888,12.673
22862.003,12.727
22862.104,12.753
22862.207,12.82
22862.299,12.767
22862.410,12.713
22862.511,12.767
22862.611,12.76
22862.744,12.82
22862.819,12.727
22862.895,12.793
22863.030,12.787
22863.086,12.747
22863.162,12.793
22863.263,12.767
22863.366,12.86
22863.521,12.833
22863.631,12.767
22863.734,12.84
22863.766,12.72
22863.871,12.733
22863.967,12.82
22864.070,12.707
22864.167,12.713
22864.268,12.813
22864.366,12.813
22864.469,12.76
22864.569,12.827
22864.695,12.767
22864.768,12.827
22864.869,12.72
22864.962,12.827
22865.062,12.807
22865.165,12.74
22865.280,12.807
22865.376,12.753
22865.478,12.68
22865.576,12.727
22865.677,12.727
22865.780,12.753
22865.883,12.66
22865.986,12.78
22866.087,12.807
22866.190,12.74
22866.293,12.813
22866.407,12.76
22866.506,12.847
22866.601,12.667
22866.706,12.813
22916.804,12.827
22916.873,12.767
22916.979,12.66
22917.118,12.76
22917.185,12.773
22917.305,12.733
22917.358,12.767
22917.464,12.747
22917.614,12.793
22917.667,12.733
22917.751,12.753
22917.854,12.747
22917.954,12.767
22918.077,12.753
22918.175,12.713
22918.251,12.767
22918.351,12.72
22918.478,12.74
22918.570,12.807
22918.652,12.713
22918.748,12.707
22918.875,12.74
22918.967,12.7
22919.089,12.707
22919.190,12.88
22919.278,12.787
22919.375,12.733
22919.479,12.753
22919.582,12.793
22919.646,12.667
22919.805,12.827
22919.876,12.893
22919.979,12.84
22920.106,12.713
22920.185,12.787
22920.310,12.687
22920.380,12.873
22920.491,12.753
22920.594,12.7
22920.695,12.853
22920.822,12.833
22920.902,12.713
22920.959,12.72
22921.116,12.727
22921.209,12.693
22921.310,12.807
22921.341,12.713
22921.440,12.813
22921.554,12.773
22921.687,12.793
22921.741,12.78
22921.849,12.693
22921.945,12.827
22922.040,12.653
22922.136,12.76
22922.236,12.72
22922.339,12.78
22922.447,12.707
22922.540,12.727
22922.641,12.733
22922.758,12.64
22922.847,12.793
22922.961,12.813
22923.052,12.68
22923.153,12.76
22923.255,12.88
22923.364,12.807
22923.462,12.793
22923.569,12.767
22923.687,12.88
22923.741,12.907
22923.878,12.813
22923.973,12.807
22924.074,12.747
22924.177,12.707
22924.278,12.787
22924.381,12.827
22924.491,12.907
22924.597,12.72
22924.694,12.693
22924.793,12.793
22924.834,12.693
22924.996,12.9
22925.101,12.753
22925.126,12.72
22925.315,12.827
22925.344,12.773
22925.442,12.713
22925.549,12.76
22925.638,12.8
22925.739,12.707
22925.848,12.72
22925.927,12.767
22926.023,12.76
22926.133,12.707
22926.233,12.867
22926.332,12.793
22926.440,12.807
22926.540,12.76
22926.626,12.693
22976.748,12.653
22976.841,12.693
22976.942,12.673
22977.045,12.753
22977.141,12.84
22977.224,12.753
22977.364,12.76
22977.429,12.86
22977.530,12.793
22977.650,12.807
22977.751,12.86
22977.847,12.847
22977.969,12.72
22978.098,12.787
22978.160,12.76
22978.270,12.68
22978.319,12.7
22978.418,12.76
22978.586,12.713
22978.685,12.767
22978.778,12.78
22978.876,12.773
22978.927,12.76
22979.025,12.82
22979.121,12.847
22979.224,12.793
22979.327,12.78
22979.425,12.7
22979.613,12.68
22979.616,12.693
22979.739,12.72
22979.815,12.733
22979.935,12.68
22980.021,12.767
22980.121,12.713
22980.219,12.68
22980.320,12.773
22980.427,12.727
22980.527,12.6
22980.628,12.733
22980.739,12.773
22980.837,12.647
22980.935,12.747
22981.038,12.74
22981.148,12.96
22981.246,12.82
22981.329,12.773
22981.449,12.733
22981.516,12.707
22981.618,12.707
22981.722,12.807
22981.827,12.693
22981.929,12.633
22982.052,12.733
22982.185,12.827
22982.258,12.887
22982.361,12.813
22982.412,12.787
22982.511,12.847
22982.611,12.953
22982.707,12.8
22982.805,12.733
22982.922,12.807
22983.020,12.8
22983.116,12.733
22983.214,12.8
22983.315,12.76
22983.425,12.907
22983.505,12.827
22983.611,12.727
22983.724,12.707
22983.802,12.713
22983.905,12.82
22984.021,12.8
22984.116,12.78
22984.212,12.7
22984.315,12.78
22984.417,12.807
22984.520,12.647
22984.625,12.66
22984.724,12.68
22984.827,12.76
22984.930,12.807
22985.030,12.767
22985.135,12.76
22985.236,12.827
22985.347,12.793
22985.449,12.66
22985.543,12.827
22985.646,12.687
22985.750,12.707
22985.861,12.847
22985.959,12.733
22986.064,12.847
22986.094,12.8
22986.224,12.787
22986.302,12.76
22986.456,12.707
22986.508,12.807
22986.597,12.68
22986.692,12.747
23276.812,12.767
23276.918,12.747
23277.011,12.773
23277.108,12.68
23277.206,12.773
23277.309,12.733
23277.412,12.727
23277.498,12.72
23277.596,12.753
23277.697,12.78
23277.795,12.867
23277.888,12.76
23278.045,12.693
23278.104,12.713
23278.207,12.64
23278.309,12.833
23278.432,12.773
23278.513,12.873
23278.616,12.8
23278.717,12.78
23278.822,12.733
23278.927,12.78
23279.025,12.787
23279.121,12.733
23279.231,12.807
23279.332,12.72
23279.435,12.633
23279.545,12.88
23279.641,12.887
23279.753,12.807
23279.859,12.867
23279.898,12.72
23280.059,12.713
23280.086,12.793
23280.185,12.873
23280.297,12.767
23280.395,12.76
23280.484,12.72
23280.592,12.773
23280.692,12.733
23280.800,12.747
23280.891,12.8
23280.996,12.787
23281.094,12.733
23281.199,12.767
23281.302,12.873
23281.381,12.853
23281.484,12.78
23281.626,12.687
23281.711,12.78
23281.800,12.9
23281.896,12.853
23281.994,12.727
23282.097,12.747
23282.199,12.727
23282.302,12.813
23282.391,12.927
23282.476,12.807
23282.576,12.7
23282.702,12.853
23282.814,12.733
23282.898,12.72
23283.020,12.633
23283.113,12.787
23283.226,12.713
23283.322,12.78
23283.424,12.72
23283.523,12.767
23283.626,12.747
23283.731,12.733
23283.832,12.847
23283.932,12.747
23284.045,12.8
23284.074,12.72
23284.172,12.687
23284.283,12.733
23284.376,12.693
23284.476,12.733
23284.572,12.8
23284.697,12.84
23284.770,12.733
23284.888,12.893
23284.988,12.8
23285.091,12.82
23285.170,12.807
23285.273,12.727
23285.386,12.747
23285.476,12.753
23285.579,12.753
23285.680,12.687
23285.797,12.68
23285.893,12.76
23285.989,12.9
23286.091,12.833
23286.199,12.693
23286.295,12.78
23286.398,12.747
23286.486,12.767
23286.611,12.74
23336.711,12.74
23336.817,12.673
23336.945,12.673
23336.973,12.86
23337.070,12.813
23337.174,12.8
23337.280,12.767
23337.386,12.8
23337.462,12.74
23337.562,12.707
23337.731,12.673
23337.761,12.767
23337.925,12.833
23338.028,12.747
23338.077,12.747
23338.170,12.76
23338.271,12.78
23338.366,12.767
23338.462,12.753
23338.560,12.867
23338.692,12.687
23338.771,12.747
23338.880,12.767
23338.959,12.707
23339.060,12.727
23339.179,12.767
23339.273,12.82
23339.371,12.68
23339.473,12.727
23339.572,12.76
23339.675,12.687
23339.795,12.7
23339.890,12.747
23339.986,12.687
23340.086,12.72
23340.207,12.68
23340.288,12.8
23340.391,12.853
23340.501,12.74
23340.601,12.76
23340.699,12.847
23340.800,12.76
23340.896,12.793
23341.008,12.767
23341.109,12.793
23341.204,12.733
23341.317,12.753
23341.415,12.74
23341.518,12.82
23341.582,12.813
23341.658,12.747
23341.760,12.853
23341.856,12.86
23341.951,12.68
23342.067,12.713
23342.165,12.7
23342.251,12.693
23342.368,12.767
23342.469,12.76
23342.567,12.773
23342.663,12.78
23342.761,12.767
23342.853,12.84
23342.951,12.58
23343.045,12.6
23343.146,12.813
23343.268,12.72
23343.373,12.8
23343.472,12.64
23343.570,12.68
23343.677,12.827
23343.775,12.893
23343.883,12.74
23343.979,12.7
23344.089,12.72
23344.207,12.64
23344.295,12.76
23344.391,12.873
23344.486,12.58
23344.589,12.773
23344.692,12.827
23344.795,12.907
23344.896,12.887
23344.940,12.807
23345.101,12.707
23345.195,12.727
23345.310,12.693
23345.410,12.753
23345.516,12.807
23345.547,12.827
23345.646,12.787
23345.744,12.7
23345.844,12.74
23345.945,12.64
23346.043,12.573
23346.150,12.653
23346.256,12.787
23346.344,12.773
23346.457,12.827
23346.549,12.813
23346.652,12.733
23396.739,12.78
23396.837,12.767
23396.937,12.733
23397.037,12.793
23397.145,12.813
23397.255,12.807
23397.354,12.813
23397.451,12.907
23397.560,12.707
23397.658,12.747
23397.760,12.793
23397.849,12.847
23397.974,12.86
23398.072,12.707
23398.173,12.813
23398.293,12.773
23398.390,12.647
23398.488,12.827
23398.584,12.713
23398.685,12.72
23398.788,12.673
23398.896,12.733
23398.983,12.793
23399.096,12.72
23399.190,12.653
23399.241,12.793
23399.415,12.733
23399.442,12.833
23399.538,12.907
23399.638,12.807
23399.741,12.727
23399.842,12.8
23399.939,12.793
23400.043,12.78
23400.131,12.833
23400.231,12.707
23400.324,12.78
23400.454,12.673
23400.537,12.72
23400.631,12.727
23400.743,12.767
23400.846,12.867
23400.932,12.68
23401.050,12.747
23401.143,12.853
23401.224,12.713
23401.349,12.72
23401.452,12.793
23401.557,12.773
23401.645,12.82
23401.741,12.78
23401.864,12.647
23401.967,12.647
23402.065,12.827
23402.163,12.693
23402.293,12.773
23402.373,12.773
23402.469,12.747
23402.577,12.74
23402.679,12.86
23402.783,12.687
23402.908,12.727
23402.988,12.713
23403.027,12.827
23403.116,12.727
23403.217,12.753
23403.317,12.687
23403.420,12.693
23403.521,12.727
23403.625,12.647
23403.728,12.827
23403.829,12.713
23403.932,12.7
23404.035,12.68
23404.128,12.787
23404.217,12.68
23404.317,12.767
23404.420,12.833
23404.543,12.667
23404.636,12.76
23404.712,12.773
23404.837,12.753
23404.935,12.753
23405.020,12.753
23405.123,12.587
23405.229,12.853
23405.342,12.86
23405.454,12.647
23405.513,12.793
23405.616,12.7
23405.721,12.787
23405.842,12.847
23405.930,12.78
23406.065,12.74
23406.170,12.7
23406.266,12.72
23406.351,12.707
23406.472,12.7
23406.572,12.82
23406.665,12.793
23456.770,12.78
23456.810,12.9
23456.910,12.847
23457.011,12.747
23457.113,12.707
23457.209,12.627
23457.320,12.58
23457.506,12.707
23457.510,12.713
23457.608,12.713
23457.706,12.727
23457.810,12.787
23457.913,12.787
23458.015,12.853
23458.111,12.78
23458.217,12.673
23458.312,12.767
23458.408,12.84
23458.540,12.747
23458.623,12.747
23458.721,12.633
23458.824,12.78
23458.925,12.68
23459.021,12.833
23459.131,12.82
23459.273,12.687
23459.337,12.687
23459.439,12.707
23459.501,12.793
23459.643,12.76
23459.758,12.733
23459.854,12.78
23459.915,12.733
23460.052,12.773
23460.123,12.88
23460.246,12.733
23460.300,12.607
23460.398,12.707
23460.555,12.68
23460.606,12.727
23460.788,12.74
23460.814,12.787
23460.903,12.82
23461.001,12.773
23461.111,12.78
23461.209,12.76
23461.307,12.733
23461.408,12.74
23461.510,12.72
23461.606,12.687
23461.704,12.693
23461.800,12.68
23461.896,12.78
23461.998,12.74
23462.101,12.913
23462.214,12.833
23462.305,12.82
23462.408,12.727
23462.513,12.767
23462.626,12.727
23462.726,12.673
23462.817,12.793
23462.920,12.733
23463.021,12.787
23463.125,12.753
23463.228,12.9
23463.329,12.727
23463.430,12.727
23463.533,12.747
23463.636,12.713
23463.739,12.78
23463.792,12.733
23463.952,12.707
23464.050,12.68
23464.113,12.76
23464.187,12.86
23464.288,12.853
23464.383,12.74
23464.489,12.78
23464.592,12.76
23464.697,12.727
23464.856,12.807
23464.885,12.7
23464.983,12.633
23465.101,12.673
23465.197,12.687
23465.298,12.767
23465.396,12.787
23465.481,12.7
23465.591,12.733
23465.690,12.8
23465.788,12.847
23465.888,12.753
23465.998,12.753
23466.099,12.747
23466.197,12.907
23466.302,12.773
23466.402,12.72
23466.505,12.693
23466.625,12.8
23516.712,12.627
23516.812,12.707
23516.924,12.673
23517.037,12.707
23517.130,12.733
23517.233,12.74
23517.363,12.78
23517.427,12.86
23517.528,12.633
23517.633,12.773
23517.724,12.773
23517.773,12.733
23517.939,12.68
23518.040,12.707
23518.143,12.86
23518.207,12.693
23518.283,12.767
23518.378,12.827
23518.486,12.76
23518.577,12.72
23518.677,12.72
23518.775,12.72
23518.873,12.687
23518.971,12.673
23519.070,12.733
23519.197,12.767
23519.268,12.767
23519.371,12.74
23519.474,12.747
23519.577,12.713
23519.679,12.62
23519.783,12.653
23519.986,12.733
23519.988,12.707
23520.089,12.78
23520.190,12.787
23520.299,12.827
23520.388,12.793
23520.500,12.767
23520.601,12.807
23520.711,12.713
23520.836,12.753
23520.912,12.827
23521.035,12.773
23521.121,12.633
23521.216,12.74
23521.327,12.707
23521.445,12.753
23521.532,12.707
23521.633,12.76
23521.662,12.773
23521.768,12.66
23521.935,12.74
23521.962,12.753
23522.060,12.76
23522.160,12.64
23522.261,12.753
23522.364,12.747
23522.466,12.847
23522.648,12.753
23522.673,12.793
23522.773,12.747
23522.871,12.787
23522.973,12.787
23523.057,12.787
23523.177,12.753
23523.283,12.68
23523.366,12.747
23523.462,12.753
23523.574,12.713
23523.672,12.787
23523.766,12.787
23523.876,12.753
23523.974,12.76
23524.092,12.847
23524.160,12.86
23524.278,12.66
23524.388,12.687
23524.489,12.693
23524.587,12.787
23524.709,12.667
23524.787,12.8
23524.908,12.627
23525.003,12.833
23525.121,12.773
23525.222,12.86
23525.322,12.9
23525.417,12.587
23525.516,12.78
23525.621,12.84
23525.652,12.827
23525.810,12.7
23525.849,12.747
23526.025,12.88
23526.055,12.793
23526.153,12.693
23526.255,12.74
23526.358,12.813
23526.459,12.62
23526.547,12.687
23526.665,12.787
23576.768,12.8
23576.847,12.847
23576.957,12.667
23577.054,12.887
23577.160,12.72
23577.282,12.773
23577.371,12.807
23577.466,12.613
23577.570,12.727
23577.665,12.827
23577.777,12.753
23577.878,12.78
23577.981,12.787
23578.074,12.7
23578.199,12.827
23578.305,12.827
23578.398,12.753
23578.498,12.793
23578.552,12.74
23578.690,12.693
23578.795,12.88
23578.861,12.84
23578.996,12.72
23579.038,12.753
23579.143,12.833
23579.238,12.827
23579.396,12.853
23579.447,12.68
23579.611,12.673
23579.714,12.807
23579.743,12.767
23579.854,12.88
23579.957,12.767
23580.052,12.78
23580.148,12.753
23580.248,12.78
23580.346,12.74
23580.442,12.833
23580.537,12.753
23580.658,12.727
23580.736,12.86
23580.839,12.753
23580.957,12.787
23581.045,12.8
23581.148,12.687
23581.251,12.713
23581.369,12.7
23581.464,12.687
23581.567,12.807
23581.660,12.78
23581.761,12.7
23581.868,12.74
23581.966,12.887
23582.057,12.773
23582.170,12.68
23582.273,12.813
23582.376,12.8
23582.478,12.76
23582.574,12.787
23582.697,12.773
23582.795,12.66
23582.890,12.753
23582.989,12.887
23583.092,12.773
23583.206,12.82
23583.234,12.813
23583.331,12.807
23583.427,12.753
23583.528,12.713
23583.633,12.707
23583.733,12.72
23583.844,12.76
23583.935,12.733
23584.028,12.713
23584.133,12.747
23584.263,12.767
23584.326,12.78
23584.434,12.94
23584.535,12.78
23584.631,12.727
23584.736,12.72
23584.844,12.74
23584.949,12.86
23585.043,12.7
23585.152,12.827
23585.250,12.793
23585.366,12.813
23585.456,12.727
23585.560,12.74
23585.660,12.693
23585.734,12.733
23585.858,12.76
23585.969,12.813
23586.067,12.673
23586.174,12.767
23586.270,12.807
23586.371,12.8
23586.473,12.74
23586.516,12.76
23586.677,12.74
23876.731,12.827
23876.881,12.78
23876.945,12.647
23877.021,12.7
23877.116,12.773
23877.228,12.807
23877.314,12.72
23877.418,12.713
23877.516,12.813
23877.619,12.7
23877.724,12.767
23877.814,12.76
23877.940,12.76
23878.033,12.76
23878.133,12.86
23878.229,12.7
23878.331,12.867
23878.432,12.8
23878.520,12.827
23878.616,12.813
23878.717,12.787
23878.810,12.8
23878.934,12.74
23879.042,12.76
23879.135,12.707
23879.236,12.76
23879.358,12.84
23879.457,12.653
23879.567,12.9
23879.645,12.813
23879.748,12.813
23879.851,12.793
23879.959,12.727
23880.059,12.727
23880.143,12.8
23880.261,12.773
23880.366,12.827
23880.467,12.78
23880.579,12.84
23880.608,12.813
23880.773,12.793
23880.880,12.747
23880.920,12.747
23881.032,12.74
23881.184,12.76
23881.214,12.693
23881.314,12.813
23881.415,12.78
23881.518,12.793
23881.614,12.927
23881.717,12.84
23881.805,12.827
23881.932,12.793
23882.003,12.647
23882.138,12.707
23882.212,12.807
23882.320,12.647
23882.415,12.713
23882.515,12.747
23882.608,12.813
23882.719,12.773
23882.807,12.827
23882.927,12.767
23883.025,12.807
23883.128,12.74
23883.241,12.827
23883.337,12.813
23883.452,12.773
23883.542,12.867
23883.641,12.893
23883.744,12.82
23883.864,12.707
23883.957,12.707
23884.055,12.747
23884.152,12.633
23884.256,12.727
23884.356,12.733
23884.459,12.827
23884.562,12.82
23884.597,12.707
23884.699,12.813
23884.799,12.86
23884.896,12.767
23884.994,12.693
23885.097,12.653
23885.204,12.78
23885.290,12.713
23885.403,12.8
23885.508,12.807
23885.609,12.667
23885.702,12.68
23885.800,12.633
23885.898,12.793
23885.998,12.753
23886.098,12.76
23886.209,12.7
23886.288,12.827
23886.391,12.787
23886.491,12.807
23886.599,12.847
23886.697,12.76
23936.814,12.687
23936.910,12.807
23937.013,12.74
23937.126,12.82
23937.202,12.813
23937.320,12.707
23937.420,12.867
23937.538,12.753
23937.636,12.68
23937.736,12.8
23937.832,12.813
23937.940,12.747
23938.043,12.827
23938.146,12.873
23938.273,12.827
23938.359,12.847
23938.388,12.887
23938.484,12.827
23938.597,12.787
23938.697,12.727
23938.785,12.747
23938.893,12.76
23938.998,12.76
23939.101,12.833
23939.202,12.787
23939.295,12.747
23939.400,12.773
23939.500,12.82
23939.579,12.707
23939.699,12.667
23939.793,12.813
23939.890,12.693
23939.989,12.773
23940.091,12.713
23940.192,12.733
23940.295,12.76
23940.398,12.74
23940.501,12.74
23940.604,12.733
23940.706,12.767
23940.800,12.813
23940.875,12.76
23940.976,12.653
23941.082,12.767
23941.229,12.68
23941.288,12.753
23941.412,12.687
23941.494,12.86
23941.601,12.74
23941.729,12.867
23941.826,12.693
23941.876,12.767
23942.038,12.753
23942.158,12.84
23942.229,12.753
23942.271,12.767
23942.383,12.76
23942.479,12.793
23942.576,12.713
23942.684,12.733
23942.780,12.633
23942.880,12.653
23942.981,12.84
23943.087,12.767
23943.187,12.76
23943.270,12.68
23943.375,12.773
23943.471,12.773
23943.572,12.733
23943.675,12.7
23943.785,12.82
23943.886,12.727
23943.986,12.867
23944.086,12.833
23944.177,12.833
23944.300,12.853
23944.400,12.793
23944.494,12.753
23944.597,12.753
23944.702,12.847
23944.810,12.573
23944.913,12.66
23945.008,12.773
23945.146,12.733
23945.219,12.773
23945.327,12.847
23945.425,12.813
23945.527,12.733
23945.623,12.747
23945.733,12.78
23945.761,12.707
23945.858,12.773
23945.964,12.767
23946.070,12.74
23946.168,12.793
23946.266,12.687
23946.383,12.7
23946.467,12.68
23946.567,12.8
23946.682,12.76
23996.775,12.753
23996.861,12.78
23996.959,12.66
23997.072,12.687
23997.155,12.673
23997.260,12.76
23997.361,12.82
23997.464,12.827
23997.586,12.727
23997.682,12.827
23997.756,12.753
23997.858,12.747
23997.961,12.807
23998.067,12.747
23998.197,12.72
23998.261,12.667
23998.386,12.787
23998.483,12.833
23998.589,12.793
23998.685,12.813
23998.785,12.86
23998.886,12.813
23999.032,12.74
23999.104,12.727
23999.204,12.78
23999.307,12.733
23999.410,12.773
23999.506,12.9
23999.621,12.813
23999.719,12.733
23999.751,12.88
23999.856,12.7
23999.957,12.687
24000.060,12.66
24000.158,12.773
24000.253,12.747
24000.356,12.793
24000.445,12.827
24000.565,12.82
24000.662,12.747
24000.746,12.747
24000.866,12.753
24000.945,12.72
24001.048,12.767
24001.162,12.8
24001.258,12.78
24001.356,12.733
24001.459,12.767
24001.574,12.753
24001.674,12.84
24001.770,12.727
24001.871,12.753
24001.954,12.773
24002.079,12.807
24002.158,12.86
24002.244,12.733
24002.349,12.84
24002.452,12.76
24002.560,12.76
24002.658,12.747
24002.798,12.767
24002.900,12.753
24002.974,12.713
24003.096,12.687
24003.192,12.733
24003.295,12.66
24003.403,12.76
24003.500,12.78
24003.606,12.793
24003.636,12.733
24003.812,12.7
24003.837,12.66
24003.940,12.7
24004.055,12.747
24004.157,12.727
24004.236,12.793
24004.356,12.88
24004.442,12.76
24004.554,12.807
24004.655,12.88
24004.734,12.747
24004.846,12.773
24004.942,12.8
24005.042,12.76
24005.143,12.673
24005.251,12.713
24005.351,12.673
24005.452,12.7
24005.545,12.76
24005.655,12.793
24005.758,12.787
24005.873,12.74
24005.962,12.76
24006.065,12.713
24006.162,12.66
24006.280,12.787
24006.378,12.793
24006.476,12.613
24006.577,12.593
24006.680,12.787
24056.782,12.853
24056.878,12.8
24057.016,12.713
24057.089,12.707
24057.152,12.893
24057.226,12.727
24057.339,12.7
24057.489,12.653
24057.540,12.72
24057.645,12.807
24057.741,12.733
24057.831,12.787
24057.929,12.727
24058.030,12.773
24058.141,12.587
24058.246,12.653
24058.344,12.693
24058.466,12.78
24058.523,12.773
24058.628,12.773
24058.729,12.68
24058.854,12.653
24058.934,12.74
24059.035,12.72
24059.146,12.78
24059.250,12.673
24059.347,12.72
24059.452,12.793
24059.560,12.76
24059.685,12.687
24059.753,12.833
24059.864,12.793
24059.957,12.8
24060.060,12.887
24060.163,12.867
24060.280,12.82
24060.366,12.733
24060.469,12.727
24060.570,12.713
24060.690,12.753
24060.744,12.793
24060.817,12.727
24060.915,12.66
24061.015,12.653
24061.185,12.747
24061.214,12.707
24061.381,12.727
24061.422,12.733
24061.525,12.767
24061.621,12.72
24061.721,12.713
24061.824,12.72
24061.915,12.767
24062.030,12.72
24062.118,12.793
24062.234,12.827
24062.322,12.8
24062.427,12.68
24062.530,12.7
24062.619,12.847
24062.722,12.78
24062.853,12.78
24062.910,12.8
24063.016,12.82
24063.126,12.72
24063.234,12.827
24063.329,12.76
24063.439,12.76
24063.560,12.76
24063.631,12.64
24063.717,12.773
24063.839,12.793
24063.923,12.807
24064.048,12.68
24064.148,12.733
24064.266,12.907
24064.366,12.8
24064.494,12.78
24064.559,12.713
24064.690,12.733
24064.707,12.653
24064.807,12.767
24064.903,12.76
24065.055,12.78
24065.119,12.773
24065.222,12.72
24065.317,12.78
24065.423,12.727
24065.516,12.827
24065.616,12.613
24065.702,12.707
24065.817,12.733
24065.905,12.847
24066.006,12.687
24066.106,12.673
24066.206,12.747
24066.315,12.693
24066.418,12.727
24066.528,12.733
24066.641,12.693
24116.726,12.753
24116.822,12.807
24116.920,12.76
24117.023,12.713
24117.125,12.833
24117.228,12.673
24117.332,12.66
24117.432,12.773
24117.557,12.847
24117.628,12.647
24117.748,12.673
24117.799,12.66
24117.949,12.74
24118.040,12.707
24118.114,12.693
24118.222,12.68
24118.364,12.84
24118.449,12.773
24118.494,12.853
24118.653,12.747
24118.748,12.707
24118.800,12.813
24118.896,12.693
24118.993,12.787
24119.099,12.78
24119.209,12.82
24119.307,12.793
24119.408,12.773
24119.489,12.727
24119.611,12.82
24119.709,12.853
24119.895,12.847
24119.898,12.88
24120.005,12.76
24120.104,12.82
24120.202,12.847
24120.300,12.8
24120.402,12.747
24120.503,12.733
24120.619,12.627
24120.719,12.807
24120.815,12.847
24120.937,12.773
24121.016,12.633
24121.119,12.72
24121.221,12.753
24121.349,12.747
24121.425,12.8
24121.528,12.673
24121.631,12.773
24121.741,12.66
24121.841,12.813
24121.944,12.713
24122.049,12.773
24122.086,12.74
24122.244,12.84
24122.348,12.747
24122.452,12.793
24122.552,12.72
24122.581,12.76
24122.685,12.727
24122.799,12.687
24122.898,12.767
24122.986,12.707
24123.099,12.733
24123.212,12.693
24123.337,12.867
24123.388,12.86
24123.510,12.767
24123.584,12.74
24123.679,12.76
24123.782,12.7
24123.883,12.707
24123.994,12.633
24124.094,12.713
24124.190,12.68
24124.293,12.66
24124.395,12.773
24124.498,12.747
24124.616,12.74
24124.702,12.8
24124.805,12.78
24124.907,12.76
24125.023,12.72
24125.113,12.7
24125.216,12.707
24125.310,12.767
24125.418,12.74
24125.521,12.727
24125.623,12.733
24125.712,12.767
24125.829,12.773
24125.930,12.7
24126.033,12.767
24126.136,12.807
24126.239,12.787
24126.341,12.687
24126.369,12.787
24126.476,12.727
24126.572,12.807
24126.673,12.787
24176.775,12.7
24176.886,12.787
24176.981,12.793
24177.082,12.753
24177.185,12.727
24177.273,12.84
24177.369,12.773
24177.476,12.773
24177.570,12.687
24177.685,12.7
24177.787,12.747
24177.869,12.76
24178.003,12.78
24178.069,12.807
24178.165,12.7
24178.288,12.84
24178.366,12.707
24178.467,12.867
24178.569,12.893
24178.673,12.787
24178.777,12.787
24178.881,12.753
24178.983,12.833
24179.087,12.893
24179.209,12.793
24179.305,12.72
24179.405,12.727
24179.508,12.74
24179.650,12.807
24179.729,12.787
24179.827,12.753
24179.935,12.733
24179.964,12.633
24180.060,12.673
24180.244,12.833
24180.273,12.753
24180.373,12.747
24180.540,12.773
24180.567,12.767
24180.665,12.693
24180.768,12.713
24180.859,12.693
24180.974,12.813
24181.074,12.607
24181.177,12.68
24181.271,12.667
24181.366,12.64
24181.472,12.753
24181.565,12.747
24181.665,12.76
24181.768,12.713
24181.871,12.753
24181.962,12.813
24182.082,12.813
24182.187,12.767
24182.287,12.733
24182.381,12.727
24182.484,12.673
24182.579,12.747
24182.719,12.68
24182.753,12.727
24182.898,12.667
24182.962,12.647
24183.109,12.807
24183.175,12.72
24183.295,12.607
24183.398,12.787
24183.501,12.7
24183.550,12.767
24183.648,12.853
24183.817,12.787
24183.913,12.673
24184.013,12.74
24184.064,12.767
24184.168,12.727
24184.253,12.78
24184.354,12.72
24184.454,12.793
24184.560,12.82
24184.663,12.793
24184.761,12.853
24184.864,12.747
24184.947,12.807
24185.050,12.713
24185.157,12.82
24185.268,12.713
24185.356,12.86
24185.454,12.773
24185.560,12.8
24185.682,12.64
24185.763,12.68
24185.871,12.787
24185.969,12.74
24186.074,12.827
24186.172,12.733
24186.273,12.82
24186.395,12.8
24186.488,12.633
24186.587,12.64
24186.692,12.807
24476.800,12.773
24476.900,12.807
24476.998,12.74
24477.106,12.807
24477.155,12.74
24477.258,12.76
24477.361,12.713
24477.518,12.8
24477.594,12.667
24477.645,12.733
24477.750,12.813
24477.844,12.873
24477.937,12.787
24478.038,12.827
24478.136,12.68
24478.243,12.707
24478.364,12.807
24478.435,12.8
24478.621,12.927
24478.655,12.78
24478.734,12.8
24478.832,12.727
24478.945,12.747
24479.038,12.627
24479.141,12.8
24479.244,12.66
24479.358,12.74
24479.449,12.76
24479.550,12.813
24479.653,12.787
24479.756,12.787
24479.858,12.753
24479.961,12.773
24480.045,12.8
24480.165,12.767
24480.268,12.84
24480.371,12.773
24480.484,12.673
24480.579,12.74
24480.638,12.68
24480.783,12.74
24480.846,12.72
24480.949,12.767
24481.027,12.907
24481.194,12.793
24481.292,12.807
24481.388,12.747
24481.489,12.82
24481.542,12.773
24481.690,12.753
24481.743,12.793
24481.839,12.68
24481.932,12.733
24482.030,12.7
24482.138,12.7
24482.253,12.64
24482.322,12.76
24482.423,12.78
24482.523,12.753
24482.623,12.72
24482.739,12.82
24482.836,12.74
24482.932,12.7
24483.033,12.78
24483.136,12.78
24483.246,12.68
24483.356,12.827
24483.442,12.76
24483.550,12.74
24483.655,12.96
24483.766,12.767
24483.866,12.773
24483.964,12.667
24484.065,12.753
24484.168,12.633
24484.271,12.86
24484.373,12.727
24484.425,12.787
24484.567,12.76
24484.665,12.7
24484.765,12.813
24484.871,12.693
24484.969,12.727
24485.021,12.747
24485.192,12.767
24485.278,12.84
24485.388,12.747
24485.415,12.76
24485.513,12.82
24485.628,12.78
24485.724,12.78
24485.827,12.733
24485.927,12.753
24486.013,12.873
24486.114,12.733
24486.214,12.82
24486.332,12.807
24486.430,12.827
24486.525,12.68
24486.623,12.707
24536.729,12.693
24536.829,12.833
24536.927,12.607
24537.030,12.787
24537.141,12.66
24537.236,12.66
24537.332,12.793
24537.442,12.753
24537.540,12.793
24537.641,12.753
24537.766,12.707
24537.859,12.707
24537.957,12.847
24538.055,12.78
24538.153,12.78
24538.255,12.76
24538.359,12.893
24538.459,12.78
24538.570,12.8
24538.621,12.807
24538.773,12.82
24538.805,12.807
24538.972,12.8
24539.074,12.687
24539.177,12.72
24539.209,12.747
24539.302,12.82
24539.405,12.853
24539.520,12.787
24539.604,12.693
24539.704,12.707
24539.805,12.787
24539.910,12.707
24540.020,12.607
24540.103,12.707
24540.214,12.713
24540.337,12.813
24540.410,12.793
24540.545,12.673
24540.621,12.72
24540.714,12.667
24540.827,12.693
24540.927,12.807
24541.030,12.84
24541.116,12.767
24541.214,12.82
24541.336,12.853
24541.442,12.727
24541.530,12.933
24541.635,12.827
24541.736,12.833
24541.876,12.753
24541.949,12.68
24542.049,12.813
24542.148,12.72
24542.250,12.74
24542.354,12.713
24542.454,12.78
24542.542,12.78
24542.658,12.753
24542.761,12.733
24542.864,12.727
24542.967,12.727
24542.998,12.593
24543.101,12.747
24543.195,12.647
24543.302,12.76
24543.405,12.653
24543.528,12.707
24543.604,12.827
24543.717,12.893
24543.792,12.813
24543.912,12.847
24544.011,12.713
24544.098,12.727
24544.197,12.74
24544.298,12.633
24544.403,12.667
24544.513,12.847
24544.603,12.767
24544.697,12.793
24544.795,12.727
24544.898,12.613
24545.013,12.673
24545.114,12.753
24545.229,12.813
24545.295,12.673
24545.423,12.7
24545.501,12.84
24545.623,12.827
24545.722,12.713
24545.824,12.727
24545.917,12.793
24546.038,12.687
24546.135,12.773
24546.285,12.767
24546.334,12.707
24546.386,12.733
24546.552,12.753
24546.586,12.653
24596.758,12.793
24596.787,12.827
24596.883,12.787
24596.991,12.667
24597.089,12.647
24597.187,12.727
24597.381,12.753
24597.383,12.707
24597.479,12.667
24597.579,12.813
24597.689,12.713
24597.788,12.753
24597.888,12.733
24597.984,12.773
24598.099,12.74
24598.197,12.813
24598.322,12.813
24598.393,12.793
24598.494,12.813
24598.598,12.7
24598.699,12.707
24598.802,12.773
24598.891,12.82
24598.994,12.807
24599.081,12.807
24599.202,12.8
24599.288,12.787
24599.410,12.827
24599.525,12.747
24599.614,12.827
24599.723,12.86
24599.822,12.767
24599.944,12.787
24600.037,12.773
24600.070,12.753
24600.261,12.787
24600.278,12.613
24600.373,12.78
24600.469,12.807
24600.574,12.7
24600.672,12.72
24600.771,12.747
24600.875,12.72
24600.996,12.787
24601.070,12.687
24601.174,12.753
24601.364,12.707
24601.378,12.68
24601.474,12.74
24601.581,12.68
24601.675,12.847
24601.782,12.787
24601.873,12.7
24601.974,12.733
24602.099,12.873
24602.180,12.82
24602.283,12.667
24602.391,12.767
24602.510,12.8
24602.591,12.687
24602.692,12.78
24602.797,12.873
24602.903,12.787
24603.000,12.78
24603.133,12.82
24603.206,12.693
24603.315,12.753
24603.413,12.7
24603.513,12.84
24603.614,12.7
24603.717,12.82
24603.856,12.72
24603.859,12.74
24603.962,12.673
24604.062,12.78
24604.163,12.793
24604.266,12.86
24604.371,12.78
24604.478,12.787
24604.574,12.713
24604.672,12.747
24604.778,12.713
24604.878,12.733
24604.978,12.7
24605.072,12.7
24605.168,12.693
24605.278,12.58
24605.356,12.727
24605.459,12.753
24605.560,12.84
24605.663,12.667
24605.773,12.78
24605.863,12.753
24606.006,12.76
24606.081,12.807
24606.199,12.653
24606.280,12.747
24606.378,12.667
24606.452,12.813
24606.584,12.713
24606.697,12.773
24656.797,12.793
24656.875,12.793
24656.994,12.753
24657.098,12.807
24657.199,12.773
24657.315,12.68
24657.413,12.72
24657.508,12.707
24657.611,12.753
24657.709,12.767
24657.807,12.727
24657.915,12.813
24658.021,12.733
24658.050,12.813
24658.223,12.72
24658.251,12.6
24658.347,12.72
24658.456,12.713
24658.560,12.667
24658.658,12.727
24658.760,12.66
24658.844,12.673
24658.967,12.747
24659.047,12.787
24659.145,12.8
24659.266,12.653
24659.366,12.693
24659.476,12.78
24659.560,12.773
24659.667,12.813
24659.765,12.787
24659.861,12.813
24659.983,12.78
24660.059,12.74
24660.185,12.693
24660.273,12.693
24660.373,12.847
24660.469,12.74
24660.596,12.72
24660.690,12.7
24660.785,12.707
24660.888,12.94
24660.998,12.793
24661.094,12.86
24661.192,12.693
24661.285,12.553
24661.407,12.733
24661.510,12.787
24661.540,12.813
24661.741,12.687
24661.746,12.713
24661.839,12.727
24661.937,12.827
24662.045,12.78
24662.143,12.767
24662.239,12.76
24662.353,12.747
24662.457,12.78
24662.535,12.673
24662.731,12.773
24662.773,12.733
24662.832,12.753
24662.934,12.827
24663.037,12.78
24663.146,12.68
24663.243,12.7
24663.344,12.66
24663.491,12.74
24663.550,12.733
24663.652,12.687
24663.758,12.673
24663.856,12.727
24663.971,12.747
24664.065,12.74
24664.146,12.787
24664.270,12.633
24664.336,12.693
24664.442,12.807
24664.562,12.707
24664.657,12.787
24664.787,12.74
24664.883,12.68
24664.959,12.68
24665.070,12.76
24665.190,12.767
24665.293,12.893
24665.329,12.867
24665.494,12.767
24665.596,12.787
24665.699,12.62
24665.741,12.813
24665.824,12.76
24665.927,12.693
24666.030,12.673
24666.140,12.767
24666.238,12.787
24666.430,12.7
24666.449,12.733
24666.542,12.72
24666.643,12.82
24716.722,12.807
24716.844,12.733
24716.927,12.72
24717.028,12.747
24717.131,12.787
24717.246,12.687
24717.324,12.807
24717.427,12.753
24717.533,12.78
24717.653,12.767
24717.751,12.72
24717.944,12.78
24717.951,12.78
24718.052,12.747
24718.165,12.68
24718.268,12.6
24718.373,12.76
24718.472,12.667
24718.574,12.813
24718.680,12.9
24718.778,12.713
24718.878,12.76
24719.003,12.813
24719.021,12.773
24719.114,12.72
24719.283,12.773
24719.385,12.833
24719.488,12.853
24719.516,12.8
24719.613,12.773
24719.782,12.82
24719.812,12.727
24719.920,12.8
24720.023,12.787
24720.130,12.753
24720.212,12.727
24720.317,12.713
24720.435,12.827
24720.518,12.827
24720.618,12.753
24720.719,12.673
24720.841,12.74
24720.920,12.787
24721.013,12.713
24721.126,12.793
24721.236,12.833
24721.331,12.727
24721.452,12.84
24721.525,12.8
24721.646,12.72
24721.744,12.773
24721.854,12.767
24721.954,12.88
24722.055,12.813
24722.155,12.687
24722.253,12.76
24722.354,12.827
24722.457,12.807
24722.559,12.66
24722.704,12.82
24722.706,12.68
24722.866,12.807
24722.969,12.747
24723.045,12.787
24723.111,12.653
24723.209,12.753
24723.307,12.827
24723.413,12.78
24723.508,12.76
24723.609,12.74
24723.709,12.74
24723.815,12.86
24723.920,12.767
24724.021,12.673
24724.119,12.76
24724.324,12.68
24724.327,12.7
24724.402,12.68
24724.518,12.6
24724.618,12.787
24724.719,12.64
24724.817,12.68
24724.927,12.72
24725.030,12.793
24725.150,12.847
24725.251,12.86
24725.324,12.913
24725.434,12.747
24725.513,12.8
24725.631,12.76
24725.734,12.807
24725.815,12.707
24725.898,12.747
24726.003,12.747
24726.106,12.8
24726.209,12.9
24726.310,12.787
24726.413,12.753
24726.552,12.74
24726.594,12.647
24776.766,12.707
24776.795,12.747
24776.952,12.713
24777.057,12.753
24777.158,12.86
24777.258,12.813
24777.312,12.727
24777.408,12.707
24777.503,12.767
24777.604,12.74
24777.707,12.793
24777.824,12.793
24777.913,12.607
24778.010,12.653
24778.089,12.713
24778.192,12.793
24778.305,12.733
24778.398,12.74
24778.500,12.707
24778.603,12.707
24778.695,12.7
24778.829,12.687
24778.927,12.78
24779.020,12.86
24779.121,12.747
24779.216,12.733
24779.337,12.733
24779.420,12.673
24779.521,12.78
24779.625,12.727
24779.739,12.9
24779.834,12.747
24779.932,12.82
24779.998,12.767
24780.104,12.747
24780.207,12.62
24780.331,12.747
24780.452,12.827
24780.483,12.653
24780.648,12.68
24780.765,12.827
24780.849,12.733
24780.881,12.7
24780.979,12.687
24781.101,12.78
24781.266,12.667
24781.305,12.72
24781.400,12.833
24781.498,12.787
24781.695,12.72
24781.697,12.547
24781.792,12.733
24781.886,12.773
24781.981,12.74
24782.092,12.76
24782.187,12.827
24782.299,12.773
24782.393,12.687
24782.494,12.673
24782.601,12.76
24782.692,12.813
24782.799,12.687
24782.902,12.733
24783.011,12.86
24783.108,12.84
24783.207,12.667
24783.310,12.82
24783.415,12.833
24783.516,12.713
24783.618,12.713
24783.702,12.78
24783.822,12.767
24783.925,12.767
24784.028,12.667
24784.141,12.8
24784.173,12.707
24784.339,12.98
24784.391,12.7
24784.540,12.68
24784.597,12.793
24784.672,12.807
24784.775,12.733
24784.878,12.827
24784.976,12.833
24785.084,12.887
24785.173,12.74
24785.293,12.673
24785.373,12.747
24785.479,12.707
24785.587,12.713
24785.685,12.747
24785.809,12.753
24785.873,12.72
24785.978,12.72
24786.076,12.767
24786.173,12.74
24786.275,12.727
24786.388,12.693
24786.486,12.833
24786.587,12.813
24786.689,12.773
25076.787,12.84
25076.896,12.787
25077.011,12.72
25077.101,12.687
25077.204,12.667
25077.304,12.673
25077.423,12.707
25077.521,12.727
25077.616,12.78
25077.714,12.647
25077.817,12.753
25077.920,12.76
25078.023,12.8
25078.114,12.827
25078.226,12.66
25078.337,12.76
25078.366,12.72
25078.535,12.687
25078.562,12.787
25078.670,12.84
25078.773,12.767
25078.875,12.727
25078.976,12.807
25079.072,12.707
25079.158,12.747
25079.258,12.747
25079.364,12.753
25079.466,12.827
25079.584,12.647
25079.662,12.673
25079.756,12.68
25079.854,12.793
25079.974,12.727
25080.069,12.773
25080.165,12.793
25080.266,12.713
25080.359,12.7
25080.481,12.86
25080.591,12.833
25080.690,12.813
25080.798,12.76
25080.893,12.78
25080.991,12.687
25081.098,12.813
25081.197,12.713
25081.297,12.747
25081.420,12.747
25081.506,12.84
25081.604,12.74
25081.707,12.653
25081.788,12.78
25081.853,12.687
25081.949,12.847
25082.116,12.667
25082.157,12.807
25082.246,12.707
25082.348,12.833
25082.451,12.887
25082.570,12.907
25082.653,12.687
25082.756,12.693
25082.866,12.72
25082.964,12.727
25083.064,12.807
25083.165,12.793
25083.258,12.713
25083.348,12.74
25083.449,12.78
25083.554,12.713
25083.670,12.813
25083.756,12.753
25083.859,12.58
25083.961,12.633
25084.062,12.72
25084.165,12.827
25084.268,12.74
25084.369,12.887
25084.457,12.687
25084.542,12.68
25084.643,12.88
25084.746,12.767
25084.883,12.747
25084.949,12.8
25085.050,12.733
25085.157,12.853
25085.261,12.82
25085.366,12.773
25085.506,12.793
25085.609,12.767
25085.706,12.813
25085.832,12.8
25085.849,12.713
25085.945,12.793
25086.043,12.76
25086.138,12.713
25086.236,12.7
25086.339,12.653
25086.445,12.76
25086.565,12.613
25086.650,12.733
25136.827,12.773
25136.856,12.74
25136.932,12.727
25137.042,12.753
25137.141,12.653
25137.239,12.787
25137.346,12.787
25137.442,12.847
25137.545,12.78
25137.670,12.733
25137.760,12.767
25137.859,12.673
25137.964,12.7
25138.035,12.747
25138.170,12.813
25138.266,12.733
25138.363,12.82
25138.473,12.76
25138.569,12.667
25138.672,12.747
25138.731,12.82
25138.876,12.687
25138.979,12.74
25139.042,12.573
25139.190,12.68
25139.290,12.747
25139.388,12.653
25139.508,12.727
25139.576,12.853
25139.695,12.787
25139.790,12.847
25139.918,12.753
25139.945,12.787
25140.038,12.693
25140.133,12.693
25140.241,12.733
25140.353,12.767
25140.435,12.867
25140.540,12.8
25140.626,12.64
25140.744,12.713
25140.824,12.68
25140.925,12.767
25141.043,12.767
25141.140,12.68
25141.239,12.653
25141.344,12.7
25141.435,12.933
25141.538,12.84
25141.641,12.693
25141.756,12.76
25141.851,12.713
25141.956,12.84
25142.079,12.693
25142.153,12.807
25142.265,12.773
25142.320,12.7
25142.445,12.733
25142.528,12.587
25142.628,12.667
25142.753,12.687
25142.834,12.753
25142.962,12.727
25143.042,12.687
25143.116,12.747
25143.248,12.66
25143.381,12.68
25143.478,12.727
25143.516,12.74
25143.616,12.727
25143.783,12.76
25143.836,12.733
25143.915,12.673
25144.030,12.64
25144.131,12.667
25144.234,12.793
25144.329,12.84
25144.429,12.76
25144.530,12.827
25144.650,12.7
25144.714,12.687
25144.815,12.787
25144.918,12.767
25145.028,12.78
25145.136,12.713
25145.234,12.733
25145.327,12.767
25145.430,12.813
25145.532,12.74
25145.633,12.767
25145.753,12.813
25145.839,12.593
25145.940,12.787
25146.043,12.84
25146.165,12.827
25146.248,12.76
25146.312,12.76
25146.418,12.72
25146.557,12.767
25146.677,12.873
25196.751,12.72
25196.864,12.787
25196.967,12.713
25197.067,12.72
25197.163,12.753
25197.266,12.68
25197.366,12.74
25197.417,12.64
25197.518,12.813
25197.616,12.767
25197.712,12.727
25197.807,12.773
25197.910,12.647
25198.003,12.707
25198.123,12.673
25198.222,12.733
25198.326,12.693
25198.417,12.747
25198.513,12.76
25198.611,12.767
25198.706,12.733
25198.817,12.687
25198.920,12.733
25199.013,12.72
25199.125,12.727
25199.226,12.86
25199.324,12.747
25199.432,12.787
25199.533,12.693
25199.636,12.687
25199.739,12.727
25199.839,12.813
25199.937,12.787
25200.040,12.733
25200.165,12.807
25200.253,12.9
25200.349,12.787
25200.447,12.82
25200.549,12.693
25200.601,12.74
25200.753,12.8
25200.814,12.82
25200.898,12.833
25201.023,12.793
25201.099,12.72
25201.199,12.833
25201.334,12.78
25201.408,12.78
25201.494,12.773
25201.606,12.66
25201.699,12.667
25201.797,12.767
25201.907,12.84
25202.001,12.613
25202.098,12.727
25202.192,12.7
25202.290,12.773
25202.393,12.793
25202.494,12.773
25202.598,12.647
25202.695,12.713
25202.805,12.727
25202.905,12.787
25203.008,12.807
25203.103,12.593
25203.214,12.727
25203.314,12.747
25203.418,12.807
25203.543,12.78
25203.616,12.8
25203.728,12.813
25203.839,12.66
25203.929,12.773
25204.030,12.727
25204.133,12.707
25204.273,12.693
25204.349,12.78
25204.449,12.8
25204.547,12.707
25204.645,12.747
25204.771,12.673
25204.851,12.707
25204.940,12.853
25204.981,12.813
25205.163,12.687
25205.192,12.667
25205.363,12.68
25205.390,12.72
25205.488,12.787
25205.584,12.793
25205.702,12.733
25205.782,12.793
25205.878,12.707
25205.984,12.813
25206.089,12.833
25206.182,12.88
25206.293,12.873
25206.410,12.733
25206.498,12.807
25206.599,12.8
25206.695,12.76
25256.777,12.787
25256.893,12.727
25257.021,12.713
25257.104,12.7
25257.216,12.793
25257.310,12.653
25257.412,12.673
25257.513,12.747
25257.626,12.7
25257.724,12.68
25257.820,12.707
25257.925,12.853
25258.025,12.76
25258.126,12.647
25258.223,12.74
25258.273,12.84
25258.442,12.787
25258.538,12.68
25258.662,12.86
25258.741,12.74
25258.868,12.787
25258.869,12.847
25258.984,12.713
25259.077,12.74
25259.175,12.773
25259.278,12.787
25259.380,12.847
25259.491,12.807
25259.589,12.76
25259.685,12.793
25259.788,12.707
25259.880,12.707
25259.986,12.793
25260.087,12.72
25260.184,12.867
25260.280,12.78
25260.380,12.727
25260.498,12.747
25260.567,12.773
25260.687,12.7
25260.793,12.847
25260.900,12.78
25260.994,12.76
25261.091,12.72
25261.199,12.8
25261.302,12.813
25261.398,12.687
25261.508,12.793
25261.599,12.747
25261.719,12.767
25261.817,12.84
25261.924,12.673
25262.018,12.8
25262.119,12.673
25262.217,12.747
25262.334,12.807
25262.364,12.82
25262.462,12.833
25262.562,12.72
25262.734,12.813
25262.765,12.773
25262.869,12.847
25262.972,12.787
25263.072,12.833
25263.175,12.867
25263.275,12.747
25263.358,12.78
25263.462,12.8
25263.565,12.727
25263.665,12.793
25263.761,12.72
25263.863,12.9
25263.964,12.653
25264.091,12.787
25264.173,12.787
25264.271,12.753
25264.383,12.667
25264.496,12.693
25264.567,12.773
25264.672,12.8
25264.773,12.86
25264.864,12.7
25264.957,12.86
25265.081,12.76
25265.170,12.74
25265.300,12.767
25265.396,12.653
25265.493,12.74
25265.621,12.847
25265.697,12.72
25265.814,12.72
25265.910,12.767
25266.011,12.793
25266.109,12.847
25266.217,12.807
25266.334,12.867
25266.351,12.7
25266.449,12.753
25266.548,12.7
25266.650,12.793
25316.768,12.727
25316.854,12.787
25316.957,12.813
25317.069,12.827
25317.165,12.8
25317.268,12.787
25317.349,12.74
25317.445,12.8
25317.549,12.793
25317.650,12.8
25317.753,12.78
25317.854,12.813
25317.959,12.72
25318.060,12.707
25318.170,12.8
25318.263,12.713
25318.366,12.74
25318.469,12.653
25318.584,12.7
25318.658,12.74
25318.763,12.84
25318.842,12.687
25318.944,12.72
25319.054,12.773
25319.177,12.773
25319.273,12.7
25319.400,12.72
25319.472,12.78
25319.596,12.847
25319.643,12.673
25319.810,12.76
25319.927,12.86
25320.011,12.78
25320.109,12.76
25320.138,12.58
25320.243,12.807
25320.344,12.733
25320.447,12.807
25320.543,12.82
25320.643,12.88
25320.744,12.847
25320.856,12.68
25320.935,12.747
25321.055,12.8
25321.158,12.767
25321.243,12.78
25321.339,12.813
25321.440,12.74
25321.550,12.68
25321.648,12.767
25321.746,12.667
25321.849,12.74
25321.957,12.76
25322.054,12.66
25322.150,12.687
25322.258,12.84
25322.363,12.793
25322.464,12.787
25322.533,12.7
25322.635,12.793
25322.739,12.667
25322.863,12.787
25322.994,12.68
25323.050,12.833
25323.155,12.867
25323.275,12.78
25323.385,12.833
25323.479,12.733
25323.579,12.687
25323.631,12.853
25323.788,12.807
25323.896,12.78
25324.023,12.86
25324.027,12.833
25324.143,12.82
25324.239,12.833
25324.336,12.733
25324.442,12.7
25324.538,12.787
25324.640,12.767
25324.739,12.747
25324.831,12.767
25324.927,12.88
25325.023,12.76
25325.155,12.84
25325.229,12.727
25325.331,12.793
25325.427,12.867
25325.545,12.633
25325.638,12.793
25325.739,12.747
25325.842,12.887
25325.952,12.793
25326.049,12.833
25326.143,12.733
25326.256,12.687
25326.375,12.727
25326.459,12.747
25326.567,12.7
25326.668,12.727
25376.726,12.747
25376.831,12.627
25376.932,12.647
25377.037,12.733
25377.140,12.773
25377.283,12.66
25377.378,12.76
25377.481,12.7
25377.577,12.72
25377.726,12.7
25377.788,12.7
25377.817,12.793
25377.915,12.76
25378.035,12.713
25378.118,12.747
25378.221,12.76
25378.319,12.693
25378.425,12.673
25378.530,12.813
25378.625,12.72
25378.734,12.86
25378.829,12.693
25378.922,12.733
25379.020,12.793
25379.143,12.773
25379.241,12.62
25379.324,12.747
25379.427,12.813
25379.528,12.687
25379.638,12.773
25379.736,12.8
25379.836,12.733
25379.930,12.64
25380.040,12.72
25380.165,12.68
25380.246,12.747
25380.358,12.747
25380.452,12.733
25380.554,12.82
25380.665,12.727
25380.707,12.673
25380.815,12.74
25380.925,12.8
25381.077,12.807
25381.108,12.78
25381.206,12.793
25381.305,12.753
25381.447,12.747
25381.569,12.753
25381.619,12.707
25381.768,12.747
25381.815,12.727
25381.907,12.667
25382.005,12.747
25382.180,12.753
25382.211,12.767
25382.304,12.767
25382.422,12.88
25382.506,12.74
25382.616,12.733
25382.714,12.807
25382.810,12.813
25382.915,12.58
25383.013,12.747
25383.114,12.773
25383.216,12.773
25383.327,12.813
25383.429,12.827
25383.530,12.753
25383.648,12.733
25383.736,12.813
25383.839,12.64
25383.940,12.74
25384.043,12.833
25384.146,12.78
25384.241,12.733
25384.342,12.8
25384.452,12.747
25384.552,12.72
25384.650,12.747
25384.753,12.707
25384.805,12.66
25384.956,12.667
25385.013,12.747
25385.101,12.773
25385.195,12.7
25385.295,12.747
25385.467,12.76
25385.498,12.8
25385.594,12.78
25385.712,12.72
25385.812,12.72
25385.915,12.74
25386.010,12.687
25386.111,12.727
25386.202,12.687
25386.300,12.773
25386.395,12.753
25386.494,12.68
25386.594,12.727
25386.702,12.72
25676.800,12.793
25676.913,12.72
25677.005,12.7
25677.106,12.747
25677.209,12.633
25677.326,12.793
25677.422,12.627
25677.518,12.733
25677.618,12.813
25677.721,12.74
25677.822,12.7
25677.949,12.733
25678.038,12.787
25678.140,12.673
25678.236,12.653
25678.336,12.773
25678.439,12.7
25678.540,12.827
25678.643,12.827
25678.751,12.727
25678.842,12.753
25678.949,12.727
25679.052,12.693
25679.163,12.74
25679.190,12.74
25679.287,12.713
25679.383,12.76
25679.486,12.753
25679.598,12.647
25679.697,12.733
25679.795,12.82
25679.900,12.78
25679.996,12.72
25680.094,12.76
25680.190,12.76
25680.293,12.673
25680.391,12.747
25680.489,12.667
25680.597,12.62
25680.699,12.667
25680.802,12.773
25680.898,12.793
25681.006,12.8
25681.104,12.813
25681.204,12.72
25681.324,12.88
25681.408,12.773
25681.513,12.727
25681.611,12.767
25681.690,12.76
25681.824,12.82
25681.923,12.773
25682.057,12.753
25682.126,12.667
25682.244,12.747
25682.329,12.747
25682.425,12.867
25682.538,12.793
25682.636,12.747
25682.738,12.76
25682.842,12.78
25682.942,12.82
25682.969,12.747
25683.070,12.673
25683.185,12.787
25683.277,12.733
25683.376,12.667
25683.479,12.68
25683.574,12.787
25683.668,12.793
25683.788,12.76
25683.898,12.687
25683.976,12.787
25684.072,12.76
25684.172,12.84
25684.287,12.807
25684.368,12.82
25684.467,12.747
25684.587,12.7
25684.674,12.78
25684.795,12.693
25684.885,12.793
25685.000,12.693
25685.084,12.727
25685.185,12.8
25685.280,12.833
25685.385,12.72
25685.506,12.827
25685.601,12.64
25685.699,12.727
25685.804,12.84
25685.912,12.74
25686.015,12.753
25686.101,12.707
25686.239,12.767
25686.266,12.767
25686.420,12.707
25686.469,12.727
25686.630,12.78
25736.733,12.827
25736.758,12.827
25736.861,12.74
25736.969,12.74
25737.072,12.72
25737.168,12.633
25737.275,12.513
25737.378,12.607
25737.481,12.767
25737.572,12.787
25737.660,12.76
25737.765,12.72
25737.868,12.793
25737.962,12.793
25738.062,12.753
25738.160,12.753
25738.277,12.747
25738.376,12.82
25738.474,12.933
25738.576,12.78
25738.697,12.807
25738.780,12.713
25738.876,12.827
25738.996,12.713
25739.087,12.7
25739.153,12.667
25739.255,12.807
25739.359,12.753
25739.464,12.827
25739.565,12.78
25739.711,12.773
25739.820,12.793
25739.891,12.693
25740.011,12.733
25740.111,12.653
25740.212,12.807
25740.310,12.76
25740.418,12.76
25740.511,12.767
25740.560,12.787
25740.658,12.773
25740.755,12.78
25740.853,12.72
25740.954,12.793
25741.057,12.647
25741.160,12.727
25741.248,12.787
25741.363,12.727
25741.464,12.747
25741.570,12.687
25741.660,12.587
25741.756,12.76
25741.854,12.727
25741.954,12.807
25742.055,12.693
25742.153,12.667
25742.261,12.787
25742.349,12.72
25742.467,12.733
25742.570,12.713
25742.677,12.733
25742.787,12.74
25742.863,12.787
25742.961,12.76
25743.084,12.76
25743.163,12.713
25743.244,12.813
25743.354,12.773
25743.496,12.633
25743.565,12.68
25743.685,12.713
25743.768,12.78
25743.844,12.687
25744.003,12.793
25744.097,12.64
25744.231,12.747
25744.310,12.773
25744.337,12.66
25744.445,12.707
25744.554,12.687
25744.658,12.647
25744.753,12.747
25744.854,12.78
25744.949,12.84
25745.050,12.773
25745.152,12.74
25745.255,12.733
25745.356,12.707
25745.439,12.773
25745.548,12.813
25745.658,12.553
25745.744,12.733
25745.846,12.767
25745.947,12.88
25746.049,12.773
25746.146,12.733
25746.261,12.793
25746.356,12.767
25746.461,12.727
25746.562,12.767
25746.665,12.707
25796.758,12.813
25796.873,12.687
25796.976,12.78
25797.076,12.787
25797.177,12.74
25797.278,12.753
25797.383,12.713
25797.494,12.747
25797.589,12.74
25797.690,12.713
25797.790,12.68
25797.905,12.72
25797.934,12.767
25798.030,12.753
25798.126,12.713
25798.229,12.747
25798.339,12.707
25798.440,12.733
25798.535,12.68
25798.643,12.867
25798.743,12.7
25798.826,12.767
25798.984,12.74
25799.037,12.767
25799.133,12.887
25799.224,12.747
25799.332,12.64
25799.430,12.773
25799.535,12.8
25799.635,12.88
25799.744,12.733
25799.841,12.647
25799.940,12.787
25800.065,12.78
25800.153,12.887
25800.250,12.773
25800.354,12.653
25800.434,12.76
25800.555,12.787
25800.658,12.767
25800.761,12.673
25800.873,12.813
25800.976,12.613
25801.076,12.707
25801.180,12.853
25801.283,12.673
25801.378,12.72
25801.486,12.713
25801.581,12.72
25801.690,12.733
25801.719,12.787
25801.815,12.82
25801.929,12.653
25802.092,12.72
25802.189,12.74
25802.231,12.86
25802.315,12.787
25802.418,12.773
25802.535,12.813
25802.614,12.813
25802.731,12.727
25802.829,12.727
25802.925,12.72
25803.030,12.667
25803.130,12.7
25803.229,12.727
25803.332,12.893
25803.447,12.82
25803.525,12.64
25803.619,12.727
25803.741,12.82
25803.832,12.773
25803.927,12.76
25804.028,12.807
25804.128,12.813
25804.250,12.753
25804.368,12.933
25804.440,12.84
25804.550,12.713
25804.648,12.713
25804.756,12.707
25804.844,12.807
25804.959,12.76
25805.062,12.76
25805.163,12.727
25805.266,12.733
25805.368,12.853
25805.471,12.693
25805.579,12.72
25805.618,12.807
25805.712,12.693
25805.810,12.84
25805.905,12.867
25806.015,12.753
25806.113,12.78
25806.216,12.62
25806.314,12.807
25806.424,12.88
25806.520,12.853
25806.621,12.753
25856.724,12.8
25856.802,12.78
25856.907,12.827
25857.015,12.927
25857.119,12.693
25857.199,12.787
25857.305,12.773
25857.415,12.793
25857.513,12.74
25857.613,12.76
25857.734,12.773
25857.800,12.72
25857.930,12.82
25858.025,12.693
25858.153,12.867
25858.221,12.9
25858.348,12.753
25858.445,12.82
25858.537,12.727
25858.646,12.727
25858.743,12.813
25858.861,12.733
25858.959,12.8
25859.057,12.847
25859.158,12.76
25859.260,12.627
25859.361,12.72
25859.395,12.76
25859.567,12.813
25859.668,12.76
25859.695,12.813
25859.797,12.807
25859.898,12.713
25860.013,12.68
25860.109,12.833
25860.207,12.833
25860.310,12.773
25860.424,12.833
25860.513,12.733
25860.592,12.793
25860.694,12.76
25860.820,12.733
25860.898,12.673
25861.001,12.587
25861.091,12.753
25861.204,12.72
25861.317,12.84
25861.415,12.72
25861.535,12.707
25861.616,12.74
25861.717,12.72
25861.827,12.78
25861.922,12.767
25862.033,12.687
25862.091,12.74
25862.238,12.733
25862.300,12.753
25862.400,12.787
25862.500,12.74
25862.603,12.727
25862.706,12.7
25862.810,12.74
25862.886,12.793
25863.040,12.713
25863.089,12.693
25863.243,12.693
25863.297,12.76
25863.385,12.853
25863.481,12.68
25863.601,12.753
25863.690,12.773
25863.790,12.8
25863.886,12.82
25864.001,12.72
25864.099,12.74
25864.199,12.74
25864.280,12.793
25864.398,12.713
25864.491,12.76
25864.594,12.667
25864.690,12.8
25864.798,12.693
25864.900,12.733
25865.005,12.753
25865.101,12.813
25865.206,12.767
25865.312,12.827
25865.413,12.767
25865.508,12.76
25865.609,12.707
25865.711,12.76
25865.814,12.84
25865.915,12.673
25866.018,12.813
25866.121,12.8
25866.236,12.66
25866.327,12.693
25866.427,12.707
25866.530,12.753
25866.648,12.8
25866.677,12.82
25916.837,12.827
25916.940,12.727
25916.973,12.753
25917.079,12.707
25917.177,12.74
25917.273,12.76
25917.386,12.787
25917.486,12.72
25917.582,12.78
25917.680,12.787
25917.770,12.733
25917.871,12.7
25917.989,12.76
25918.076,12.8
25918.168,12.713
25918.288,12.833
25918.381,12.767
25918.486,12.753
25918.584,12.8
25918.680,12.693
25918.777,12.767
25918.883,12.687
25919.011,12.713
25919.091,12.84
25919.175,12.86
25919.295,12.813
25919.396,12.68
25919.501,12.753
25919.614,12.833
25919.709,12.713
25919.807,12.74
25919.913,12.727
25920.023,12.693
25920.119,12.653
25920.217,12.627
25920.324,12.687
25920.422,12.72
25920.523,12.733
25920.648,12.753
25920.665,12.773
25920.761,12.813
25920.934,12.7
25920.959,12.693
25921.060,12.74
25921.163,12.74
25921.263,12.793
25921.383,12.74
25921.473,12.767
25921.574,12.78
25921.660,12.767
25921.773,12.753
25921.856,12.907
25921.966,12.667
25922.069,12.807
25922.170,12.733
25922.268,12.7
25922.376,12.787
25922.484,12.793
25922.572,12.673
25922.675,12.72
25922.778,12.82
25922.896,12.807
25922.994,12.68
25923.084,12.827
25923.187,12.747
25923.275,12.9
25923.359,12.773
25923.464,12.687
25923.586,12.76
25923.697,12.753
25923.802,12.873
25923.898,12.787
25924.000,12.767
25924.128,12.82
25924.211,12.793
25924.322,12.86
25924.415,12.707
25924.518,12.647
25924.619,12.8
25924.734,12.6
25924.761,12.693
25924.858,12.707
25924.957,12.74
25925.057,12.773
25925.155,12.8
25925.261,12.673
25925.359,12.913
25925.447,12.76
25925.569,12.673
25925.657,12.707
25925.753,12.727
25925.861,12.873
25925.957,12.727
25926.054,12.667
25926.160,12.727
25926.283,12.693
25926.361,12.82
25926.464,12.793
25926.572,12.813
25926.668,12.687
25976.770,12.68
25976.895,12.807
25976.984,12.793
25977.082,12.713
25977.189,12.907
25977.283,12.867
25977.385,12.953
25977.508,12.753
25977.545,12.727
25977.697,12.753
25977.795,12.8
25977.898,12.767
25977.956,12.82
25978.059,12.887
25978.160,12.84
25978.266,12.773
25978.408,12.72
25978.481,12.773
25978.543,12.693
25978.646,12.753
25978.756,12.68
25978.851,12.68
25978.954,12.793
25979.055,12.62
25979.165,12.693
25979.241,12.773
25979.339,12.76
25979.435,12.78
25979.538,12.7
25979.638,12.78
25979.741,12.793
25979.834,12.78
25979.945,12.893
25980.049,12.733
25980.150,12.847
25980.251,12.673
25980.354,12.8
25980.449,12.933
25980.570,12.747
25980.662,12.727
25980.768,12.773
25980.866,12.813
25980.981,12.787
25981.079,12.82
25981.175,12.713
25981.277,12.7
25981.378,12.753
25981.489,12.813
25981.586,12.713
25981.673,12.82
25981.783,12.727
25981.890,12.82
25981.993,12.867
25982.057,12.793
25982.133,12.713
25982.229,12.74
25982.331,12.833
25982.430,12.813
25982.543,12.74
25982.631,12.86
25982.748,12.8
25982.844,12.713
25982.930,12.733
25983.027,12.753
25983.143,12.74
25983.226,12.813
25983.324,12.827
25983.445,12.647
25983.532,12.8
25983.640,12.753
25983.738,12.753
25983.836,12.84
25983.945,12.747
25984.040,12.727
25984.143,12.693
25984.246,12.727
25984.358,12.74
25984.454,12.733
25984.554,12.82
25984.657,12.787
25984.758,12.773
25984.861,12.653
25984.981,12.787
25985.074,12.7
25985.175,12.74
25985.273,12.84
25985.347,12.72
25985.506,12.753
25985.579,12.847
25985.689,12.727
25985.719,12.78
25985.817,12.687
25985.917,12.787
25986.020,12.827
25986.128,12.8
25986.228,12.647
25986.319,12.727
25986.498,12.787
25986.528,12.747
25986.626,12.8
26276.729,12.78
26276.817,12.793
26276.935,12.787
26277.035,12.78
26277.130,12.86
26277.224,12.84
26277.324,12.78
26277.420,12.767
26277.513,12.68
26277.625,12.74
26277.721,12.813
26277.829,12.847
26277.930,12.753
26278.038,12.68
26278.138,12.587
26278.234,12.88
26278.334,12.727
26278.444,12.687
26278.545,12.787
26278.655,12.76
26278.761,12.687
26278.856,12.673
26278.957,12.827
26279.067,12.753
26279.165,12.707
26279.263,12.727
26279.366,12.8
26279.408,12.807
26279.572,12.76
26279.606,12.773
26279.756,12.767
26279.804,12.773
26279.981,12.707
26280.082,12.767
26280.125,12.687
26280.219,12.78
26280.317,12.72
26280.415,12.787
26280.516,12.747
26280.618,12.627
26280.707,12.787
26280.804,12.873
26280.912,12.76
26281.008,12.74
26281.106,12.707
26281.228,12.827
26281.317,12.787
26281.413,12.853
26281.538,12.813
26281.638,12.72
26281.712,12.667
26281.815,12.74
26281.898,12.747
26282.032,12.693
26282.104,12.713
26282.204,12.833
26282.329,12.833
26282.471,12.793
26282.549,12.74
26282.645,12.72
26282.753,12.74
26282.849,12.72
26282.981,12.847
26283.065,12.74
26283.155,12.72
26283.256,12.707
26283.361,12.827
26283.478,12.807
26283.505,12.7
26283.601,12.76
26283.697,12.767
26283.800,12.733
26283.898,12.84
26283.998,12.74
26284.101,12.713
26284.202,12.84
26284.305,12.767
26284.408,12.753
26284.508,12.847
26284.589,12.773
26284.690,12.887
26284.793,12.78
26284.903,12.76
26285.003,12.827
26285.104,12.753
26285.204,12.793
26285.315,12.76
26285.398,12.767
26285.498,12.68
26285.606,12.693
26285.704,12.74
26285.788,12.793
26285.920,12.787
26286.003,12.66
26286.116,12.787
26286.217,12.8
26286.307,12.727
26286.413,12.76
26286.543,12.673
26286.638,12.687
26336.741,12.88
26336.849,12.773
26336.947,12.773
26337.045,12.767
26337.152,12.787
26337.260,12.72
26337.288,12.693
26337.383,12.687
26337.498,12.787
26337.594,12.74
26337.695,12.78
26337.792,12.813
26337.888,12.647
26338.001,12.76
26338.098,12.88
26338.211,12.807
26338.300,12.727
26338.378,12.713
26338.479,12.787
26338.601,12.76
26338.697,12.807
26338.793,12.773
26338.890,12.587
26338.991,12.74
26339.079,12.727
26339.180,12.76
26339.312,12.913
26339.391,12.713
26339.498,12.747
26339.582,12.66
26339.724,12.627
26339.793,12.68
26339.913,12.82
26340.018,12.767
26340.118,12.72
26340.214,12.893
26340.322,12.773
26340.425,12.74
26340.528,12.727
26340.623,12.653
26340.724,12.853
26340.827,12.793
26340.929,12.76
26341.040,12.68
26341.150,12.747
26341.246,12.713
26341.273,12.76
26341.369,12.673
26341.473,12.673
26341.587,12.687
26341.685,12.807
26341.780,12.753
26341.885,12.687
26341.986,12.773
26342.089,12.76
26342.189,12.827
26342.277,12.92
26342.371,12.753
26342.473,12.72
26342.576,12.72
26342.690,12.727
26342.785,12.867
26342.883,12.753
26342.986,12.833
26343.094,12.82
26343.214,12.687
26343.293,12.76
26343.400,12.913
26343.498,12.853
26343.599,12.74
26343.675,12.787
26343.815,12.813
26343.910,12.693
26344.008,12.773
26344.133,12.727
26344.175,12.787
26344.283,12.753
26344.385,12.68
26344.527,12.74
26344.623,12.733
26344.751,12.847
26344.829,12.847
26344.869,12.773
26344.966,12.747
26345.062,12.76
26345.165,12.753
26345.261,12.753
26345.364,12.72
26345.467,12.72
26345.560,12.72
26345.657,12.627
26345.761,12.76
26345.858,12.84
26345.986,12.72
26346.067,12.74
26346.163,12.8
26346.295,12.773
26346.376,12.707
26346.476,12.773
26346.577,12.84
26346.662,12.873
26396.798,12.827
26396.876,12.82
26397.001,12.8
26397.074,12.753
26397.182,12.807
26397.285,12.84
26397.398,12.827
26397.494,12.767
26397.653,12.64
26397.655,12.887
26397.810,12.78
26397.863,12.74
26397.967,12.853
26398.094,12.753
26398.202,12.8
26398.253,12.673
26398.437,12.713
26398.500,12.84
26398.609,12.853
26398.711,12.753
26398.760,12.767
26398.937,12.793
26398.964,12.76
26399.060,12.727
26399.157,12.693
26399.263,12.747
26399.366,12.76
26399.462,12.813
26399.564,12.74
26399.646,12.773
26399.748,12.767
26399.846,12.747
26399.971,12.833
26400.060,12.74
26400.162,12.74
26400.258,12.793
26400.359,12.767
26400.461,12.88
26400.562,12.82
26400.665,12.78
26400.775,12.767
26400.871,12.74
26400.973,12.807
26401.074,12.84
26401.182,12.727
26401.278,12.787
26401.383,12.867
26401.484,12.593
26401.587,12.84
26401.690,12.76
26401.809,12.747
26401.895,12.76
26401.996,12.72
26402.101,12.747
26402.219,12.727
26402.246,12.653
26402.396,12.68
26402.447,12.74
26402.543,12.7
26402.638,12.833
26402.748,12.78
26402.849,12.727
26402.935,12.7
26403.049,12.813
26403.157,12.84
26403.253,12.767
26403.337,12.84
26403.432,12.767
26403.542,12.693
26403.645,12.7
26403.755,12.833
26403.851,12.78
26403.947,12.593
26404.057,12.627
26404.153,12.707
26404.251,12.747
26404.349,12.747
26404.454,12.68
26404.557,12.76
26404.660,12.853
26404.761,12.76
26404.864,12.747
26404.973,12.78
26405.067,12.68
26405.182,12.707
26405.280,12.833
26405.376,12.747
26405.484,12.787
26405.582,12.733
26405.707,12.633
26405.780,12.74
26405.896,12.7
26405.991,12.787
26406.092,12.74
26406.217,12.673
26406.236,12.68
26406.349,12.78
26406.427,12.727
26406.535,12.853
26406.633,12.673
26456.812,12.78
26456.839,12.667
26456.952,12.8
26457.043,12.893
26457.128,12.78
26457.228,12.727
26457.346,12.76
26457.440,12.713
26457.527,12.82
26457.628,12.72
26457.731,12.72
26457.853,12.82
26457.925,12.72
26458.055,12.813
26458.128,12.707
26458.246,12.76
26458.346,12.72
26458.467,12.807
26458.582,12.833
26458.685,12.747
26458.763,12.74
26458.861,12.78
26458.959,12.727
26459.055,12.827
26459.157,12.74
26459.275,12.713
26459.369,12.8
26459.469,12.733
26459.584,12.78
26459.685,12.787
26459.783,12.693
26459.893,12.693
26460.016,12.613
26460.018,12.773
26460.121,12.8
26460.222,12.753
26460.329,12.7
26460.427,12.787
26460.523,12.753
26460.630,12.78
26460.712,12.733
26460.836,12.733
26460.929,12.833
26461.020,12.76
26461.114,12.833
26461.212,12.747
26461.315,12.713
26461.427,12.74
26461.521,12.747
26461.623,12.787
26461.729,12.827
26461.819,12.76
26461.940,12.733
26462.035,12.787
26462.141,12.753
26462.239,12.787
26462.339,12.76
26462.435,12.787
26462.543,12.72
26462.670,12.727
26462.771,12.82
26462.878,12.787
26462.952,12.773
26463.048,12.68
26463.167,12.753
26463.268,12.82
26463.364,12.66
26463.466,12.8
26463.577,12.66
26463.611,12.687
26463.766,12.687
26463.815,12.74
26463.981,12.833
26464.006,12.82
26464.104,12.76
26464.302,12.767
26464.320,12.747
26464.415,12.787
26464.515,12.76
26464.618,12.807
26464.716,12.813
26464.819,12.72
26464.923,12.733
26465.001,12.733
26465.108,12.833
26465.231,12.907
26465.307,12.84
26465.405,12.693
26465.516,12.733
26465.604,12.767
26465.699,12.64
26465.829,12.707
26465.924,12.727
26465.996,12.793
26466.104,12.747
26466.207,12.78
26466.332,12.767
26466.440,12.827
26466.552,12.733
26466.646,12.707
26516.751,12.727
26516.876,12.787
26516.947,12.753
26517.070,12.793
26517.092,12.76
26517.263,12.733
26517.359,12.7
26517.459,12.773
26517.560,12.767
26517.667,12.853
26517.778,12.747
26517.807,12.773
26517.902,12.733
26518.005,12.76
26518.101,12.707
26518.199,12.72
26518.304,12.673
26518.388,12.76
26518.511,12.787
26518.609,12.76
26518.714,12.773
26518.792,12.7
26518.898,12.78
26518.994,12.793
26519.121,12.847
26519.192,12.767
26519.292,12.773
26519.407,12.907
26519.516,12.867
26519.589,12.807
26519.711,12.8
26519.815,12.653
26519.923,12.887
26520.021,12.86
26520.116,12.88
26520.228,12.707
26520.349,12.753
26520.420,12.773
26520.515,12.76
26520.616,12.853
26520.736,12.76
26520.847,12.68
26520.962,12.707
26521.042,12.693
26521.148,12.753
26521.246,12.753
26521.287,12.793
26521.381,12.78
26521.555,12.76
26521.581,12.747
26521.699,12.847
26521.783,12.68
26521.886,12.753
26521.989,12.687
26522.092,12.8
26522.194,12.66
26522.282,12.72
26522.388,12.58
26522.478,12.773
26522.579,12.76
26522.680,12.813
26522.800,12.72
26522.896,12.82
26522.998,12.76
26523.094,12.747
26523.194,12.68
26523.307,12.733
26523.407,12.76
26523.501,12.753
26523.582,12.76
26523.731,12.747
26523.787,12.767
26523.942,12.8
26524.016,12.753
26524.077,12.82
26524.177,12.713
26524.280,12.74
26524.383,12.773
26524.489,12.767
26524.636,12.693
26524.699,12.733
26524.832,12.793
26524.935,12.793
26525.028,12.78
26525.079,12.667
26525.234,12.787
26525.285,12.833
26525.375,12.867
26525.471,12.767
26525.572,12.553
26525.668,12.653
26525.766,12.747
26525.886,12.693
26525.966,12.787
26526.087,12.707
26526.185,12.773
26526.266,12.76
26526.366,12.807
26526.476,12.733
26526.574,12.767
26526.707,12.82
26576.798,12.733
26576.880,12.78
26577.006,12.7
26577.084,12.707
26577.165,12.72
26577.299,12.7
26577.398,12.853
26577.494,12.74
26577.601,12.733
26577.699,12.647
26577.795,12.72
26577.903,12.613
26578.013,12.7
26578.118,12.78
26578.214,12.793
26578.314,12.7
26578.376,12.813
26578.481,12.753
26578.636,12.78
26578.689,12.747
26578.765,12.84
26578.861,12.773
26579.048,12.68
26579.076,12.713
26579.157,12.78
26579.329,12.853
26579.371,12.8
26579.473,12.78
26579.572,12.653
26579.738,12.793
26579.753,12.707
26579.873,12.887
26579.961,12.647
26580.064,12.7
26580.155,12.693
26580.268,12.66
26580.395,12.673
26580.498,12.787
26580.576,12.707
26580.675,12.773
26580.783,12.813
26580.885,12.707
26580.981,12.787
26581.081,12.827
26581.180,12.647
26581.282,12.707
26581.385,12.753
26581.488,12.667
26581.619,12.66
26581.697,12.687
26581.817,12.72
26581.898,12.68
26582.000,12.693
26582.103,12.74
26582.206,12.72
26582.310,12.753
26582.400,12.793
26582.451,12.827
26582.547,12.72
26582.724,12.713
26582.751,12.707
26582.846,12.713
26582.945,12.793
26583.045,12.847
26583.160,12.687
26583.256,12.74
26583.359,12.7
26583.459,12.68
26583.560,12.847
26583.648,12.693
26583.780,12.773
26583.842,12.68
26583.945,12.853
26584.043,12.84
26584.150,12.833
26584.260,12.767
26584.356,12.753
26584.451,12.547
26584.560,12.687
26584.662,12.827
26584.783,12.84
26584.883,12.647
26584.969,12.8
26585.096,12.727
26585.168,12.767
26585.295,12.653
26585.391,12.667
26585.488,12.74
26585.584,12.7
26585.687,12.727
26585.812,12.727
26585.896,12.667
26585.993,12.707
26586.096,12.72
26586.197,12.733
26586.300,12.74
26586.403,12.8
26586.506,12.713
26586.611,12.813
26586.638,12.833
26876.746,12.807
26876.846,12.76
26876.947,12.72
26877.045,12.773
26877.133,12.767
26877.231,12.893
26877.353,12.827
26877.456,12.687
26877.538,12.833
26877.640,12.873
26877.743,12.727
26877.836,12.787
26877.939,12.707
26878.040,12.753
26878.143,12.733
26878.246,12.753
26878.349,12.807
26878.452,12.753
26878.557,12.653
26878.650,12.673
26878.750,12.7
26878.871,12.753
26878.969,12.68
26879.038,12.727
26879.158,12.78
26879.246,12.693
26879.373,12.68
26879.469,12.793
26879.582,12.773
26879.704,12.727
26879.783,12.787
26879.886,12.853
26880.028,12.88
26880.094,12.72
26880.192,12.713
26880.300,12.8
26880.329,12.68
26880.423,12.807
26880.523,12.727
26880.626,12.793
26880.726,12.7
26880.832,12.76
26880.934,12.76
26881.043,12.727
26881.133,12.62
26881.317,12.733
26881.320,12.8
26881.420,12.747
26881.543,12.78
26881.628,12.767
26881.723,12.8
26881.831,12.787
26881.935,12.613
26882.035,12.9
26882.138,12.747
26882.233,12.7
26882.342,12.673
26882.452,12.693
26882.550,12.82
26882.648,12.773
26882.736,12.813
26882.815,12.793
26882.923,12.78
26883.028,12.72
26883.152,12.773
26883.271,12.753
26883.380,12.787
26883.476,12.833
26883.574,12.833
26883.704,12.74
26883.768,12.74
26883.819,12.613
26883.920,12.693
26884.016,12.727
26884.118,12.687
26884.214,12.807
26884.320,12.793
26884.525,12.733
26884.527,12.76
26884.626,12.78
26884.728,12.767
26884.831,12.787
26884.930,12.813
26885.028,12.74
26885.126,12.747
26885.217,12.78
26885.317,12.7
26885.415,12.74
26885.518,12.8
26885.653,12.773
26885.726,12.707
26885.824,12.873
26885.907,12.953
26886.038,12.733
26886.136,12.78
26886.233,12.68
26886.344,12.753
26886.440,12.74
26886.516,12.74
26886.643,12.773
26936.756,12.62
26936.807,12.733
26936.952,12.76
26937.055,12.733
26937.121,12.873
26937.226,12.8
26937.349,12.793
26937.402,12.86
26937.555,12.76
26937.606,12.793
26937.790,12.78
26937.863,12.8
26937.913,12.673
26938.008,12.887
26938.113,12.88
26938.219,12.867
26938.317,12.74
26938.413,12.673
26938.503,12.767
26938.601,12.687
26938.699,12.767
26938.820,12.6
26938.896,12.653
26939.005,12.74
26939.101,12.833
26939.217,12.94
26939.305,12.787
26939.407,12.78
26939.511,12.82
26939.650,12.807
26939.724,12.807
26939.820,12.72
26939.920,12.667
26940.023,12.733
26940.146,12.693
26940.228,12.72
26940.329,12.68
26940.430,12.693
26940.525,12.713
26940.646,12.8
26940.729,12.687
26940.812,12.667
26940.945,12.687
26941.052,12.72
26941.141,12.693
26941.250,12.753
26941.347,12.8
26941.464,12.687
26941.491,12.86
26941.589,12.687
26941.755,12.767
26941.790,12.793
26941.900,12.847
26941.996,12.667
26942.098,12.733
26942.195,12.807
26942.300,12.7
26942.396,12.773
26942.523,12.72
26942.587,12.667
26942.707,12.653
26942.787,12.7
26942.891,12.687
26943.006,12.753
26943.101,12.64
26943.197,12.867
26943.302,12.673
26943.402,12.713
26943.503,12.767
26943.626,12.807
26943.709,12.92
26943.836,12.767
26943.918,12.687
26944.037,12.787
26944.118,12.68
26944.219,12.72
26944.361,12.747
26944.425,12.753
26944.528,12.767
26944.653,12.787
26944.690,12.873
26944.793,12.793
26944.900,12.767
26945.001,12.84
26945.143,12.807
26945.239,12.727
26945.339,12.693
26945.391,12.807
26945.489,12.74
26945.645,12.7
26945.695,12.847
26945.782,12.94
26945.898,12.847
26945.991,12.76
26946.094,12.713
26946.199,12.813
26946.282,12.793
26946.381,12.827
26946.489,12.76
26946.574,12.84
26946.677,12.82
26996.790,12.767
26996.885,12.7
26996.986,12.78
26997.082,12.78
26997.190,12.733
26997.302,12.793
26997.398,12.847
26997.498,12.853
26997.609,12.84
26997.712,12.8
26997.814,12.753
26997.913,12.733
26998.035,12.787
26998.111,12.727
26998.222,12.733
26998.327,12.747
26998.378,12.673
26998.521,12.633
26998.623,12.6
26998.726,12.68
26998.771,12.753
26998.942,12.733
26998.969,12.72
26999.140,12.693
26999.239,12.64
26999.339,12.74
26999.368,12.8
26999.466,12.707
26999.574,12.713
26999.680,12.767
26999.777,12.7
26999.875,12.68
26999.964,12.787
27000.084,12.793
27000.182,12.647
27000.265,12.72
27000.383,12.687
27000.572,12.653
27000.574,12.653
27000.679,12.813
27000.775,12.813
27000.876,12.893
27000.979,12.78
27001.089,12.767
27001.184,12.893
27001.285,12.853
27001.386,12.8
27001.491,12.833
27001.592,12.807
27001.687,12.773
27001.805,12.653
27001.910,12.833
27002.008,12.747
27002.123,12.773
27002.173,12.74
27002.273,12.82
27002.378,12.787
27002.483,12.76
27002.589,12.793
27002.712,12.747
27002.812,12.693
27002.925,12.667
27003.025,12.813
27003.055,12.827
27003.226,12.733
27003.256,12.747
27003.376,12.633
27003.471,12.74
27003.572,12.787
27003.670,12.653
27003.770,12.833
27003.871,12.747
27003.962,12.813
27004.065,12.867
27004.160,12.753
27004.256,12.76
27004.351,12.76
27004.469,12.753
27004.572,12.72
27004.665,12.66
27004.777,12.907
27004.903,12.84
27004.976,12.747
27005.109,12.667
27005.182,12.747
27005.290,12.76
27005.386,12.827
27005.496,12.76
27005.592,12.78
27005.670,12.76
27005.798,12.753
27005.881,12.753
27006.001,12.78
27006.072,12.753
27006.234,12.793
27006.305,12.68
27006.405,12.633
27006.508,12.787
27006.606,12.84
27006.704,12.747
27056.755,12.747
27056.856,12.773
27056.945,12.667
27057.049,12.873
27057.146,12.713
27057.250,12.773
27057.351,12.787
27057.456,12.753
27057.557,12.727
27057.660,12.753
27057.765,12.893
27057.861,12.947
27057.959,12.673
27058.043,12.753
27058.148,12.66
27058.273,12.793
27058.371,12.693
27058.467,12.82
27058.564,12.807
27058.662,12.807
27058.763,12.653
27058.864,12.8
27058.966,12.727
27059.074,12.813
27059.172,12.713
27059.273,12.82
27059.376,12.68
27059.478,12.813
27059.606,12.82
27059.704,12.707
27059.798,12.747
27059.888,12.787
27059.991,12.707
27060.054,12.72
27060.207,12.707
27060.238,12.767
27060.366,12.853
27060.442,12.78
27060.574,12.773
27060.633,12.927
27060.775,12.733
27060.834,12.747
27060.935,12.853
27061.038,12.68
27061.140,12.787
27061.354,12.787
27061.356,12.753
27061.432,12.807
27061.552,12.66
27061.636,12.673
27061.746,12.827
27061.844,12.78
27061.969,12.853
27062.047,12.747
27062.148,12.867
27062.246,12.84
27062.344,12.8
27062.449,12.68
27062.550,12.747
27062.677,12.773
27062.780,12.793
27062.858,12.767
27062.959,12.773
27063.064,12.84
27063.173,12.967
27063.270,12.707
27063.369,12.753
27063.479,12.647
27063.582,12.773
27063.680,12.773
27063.780,12.84
27063.883,12.727
27063.984,12.733
27064.086,12.687
27064.207,12.847
27064.226,12.707
27064.344,12.753
27064.496,12.68
27064.523,12.733
27064.641,12.78
27064.724,12.793
27064.827,12.733
27064.940,12.62
27065.035,12.733
27065.136,12.767
27065.236,12.733
27065.342,12.74
27065.418,12.76
27065.520,12.853
27065.625,12.807
27065.724,12.867
27065.827,12.707
27065.930,12.72
27066.045,12.727
27066.123,12.687
27066.236,12.667
27066.339,12.78
27066.457,12.673
27066.552,12.627
27066.648,12.7
27116.750,12.927
27116.851,12.873
27116.956,12.847
27117.064,12.787
27117.158,12.753
27117.260,12.793
27117.366,12.76
27117.466,12.78
27117.589,12.733
27117.677,12.813
27117.775,12.893
27117.881,12.76
27117.978,12.827
27118.087,12.793
27118.118,12.72
27118.216,12.8
27118.319,12.833
27118.423,12.78
27118.521,12.793
27118.616,12.693
27118.726,12.693
27118.827,12.873
27118.908,12.8
27119.037,12.86
27119.138,12.707
27119.209,12.773
27119.310,12.747
27119.423,12.747
27119.520,12.673
27119.640,12.693
27119.719,12.813
27119.829,12.8
27119.925,12.673
27120.025,12.78
27120.126,12.833
27120.229,12.707
27120.332,12.773
27120.452,12.813
27120.545,12.727
27120.645,12.84
27120.741,12.74
27120.864,12.773
27120.949,12.787
27121.050,12.753
27121.152,12.76
27121.261,12.827
27121.356,12.8
27121.459,12.787
27121.562,12.813
27121.665,12.727
27121.766,12.747
27121.868,12.7
27121.983,12.813
27122.011,12.847
27122.106,12.827
27122.204,12.68
27122.317,12.753
27122.417,12.833
27122.515,12.853
27122.611,12.86
27122.702,12.813
27122.802,12.633
27122.920,12.727
27123.027,12.693
27123.098,12.753
27123.202,12.78
27123.304,12.733
27123.405,12.68
27123.506,12.673
27123.611,12.74
27123.712,12.693
27123.814,12.607
27123.917,12.66
27124.021,12.673
27124.128,12.753
27124.223,12.913
27124.327,12.807
27124.429,12.673
27124.540,12.8
27124.640,12.66
27124.736,12.753
27124.839,12.787
27124.949,12.733
27125.008,12.693
27125.146,12.727
27125.275,12.693
27125.353,12.707
27125.452,12.713
27125.599,12.707
27125.670,12.653
27125.699,12.667
27125.793,12.647
27125.891,12.747
27125.996,12.733
27126.098,12.753
27126.195,12.713
27126.298,12.787
27126.403,12.667
27126.501,12.68
27126.606,12.747
27126.702,12.713
27176.788,12.74
27176.886,12.68
27176.989,12.673
27177.114,12.913
27177.195,12.873
27177.319,12.753
27177.398,12.653
27177.506,12.707
27177.604,12.773
27177.707,12.673
27177.815,12.833
27177.917,12.693
27178.013,12.72
27178.114,12.82
27178.217,12.667
27178.320,12.78
27178.423,12.767
27178.540,12.733
27178.628,12.72
27178.753,12.733
27178.832,12.747
27178.952,12.833
27178.979,12.753
27179.141,12.72
27179.275,12.747
27179.346,12.72
27179.415,12.82
27179.549,12.733
27179.577,12.8
27179.755,12.687
27179.783,12.72
27179.881,12.7
27179.984,12.753
27180.094,12.693
27180.192,12.613
27180.293,12.727
27180.376,12.747
27180.494,12.74
27180.596,12.553
27180.697,12.727
27180.790,12.76
27180.890,12.727
27180.984,12.693
27181.084,12.747
27181.187,12.787
27181.290,12.727
27181.425,12.793
27181.494,12.7
27181.597,12.82
27181.699,12.653
27181.802,12.687
27181.915,12.687
27182.013,12.64
27182.118,12.753
27182.221,12.727
27182.319,12.847
27182.425,12.747
27182.521,12.647
27182.655,12.873
27182.726,12.74
27182.834,12.78
27182.949,12.82
27182.967,12.8
27183.135,12.72
27183.261,12.847
27183.361,12.76
27183.398,12.6
27183.473,12.687
27183.567,12.653
27183.684,12.88
27183.775,12.733
27183.873,12.693
27183.976,12.747
27184.077,12.74
27184.180,12.72
27184.285,12.72
27184.366,12.667
27184.464,12.687
27184.567,12.667
27184.668,12.58
27184.788,12.627
27184.873,12.827
27185.001,12.72
27185.082,12.793
27185.172,12.713
27185.278,12.607
27185.378,12.78
27185.488,12.767
27185.591,12.68
27185.685,12.767
27185.795,12.76
27185.920,12.773
27186.001,12.653
27186.101,12.813
27186.206,12.7
27186.307,12.793
27186.410,12.72
27186.520,12.707
27186.626,12.66
25076.716,12.7
25076.820,12.793
25076.922,12.667
25077.037,12.733
25077.064,12.713
25077.158,12.727
25077.263,12.66
25077.359,12.68
25077.469,12.673
25077.564,12.733
25077.662,12.833
25077.765,12.733
25077.871,12.653
25077.954,12.7
25078.094,12.753
25078.152,12.667
25078.253,12.693
25078.356,12.713
25078.462,12.673
25078.572,12.753
25078.670,12.753
25078.768,12.807
25078.876,12.747
25078.974,12.66
25079.074,12.833
25079.197,12.713
25079.285,12.687
25079.383,12.647
25079.503,12.707
25079.609,12.787
25079.646,12.727
25079.746,12.787
25079.849,12.7
25080.001,12.713
25080.103,12.827
25080.160,12.733
25080.263,12.773
25080.369,12.66
25080.445,12.713
25080.547,12.747
25080.719,12.733
25080.746,12.74
25080.844,12.727
25081.035,12.68
25081.052,12.667
25081.148,12.687
25081.246,12.767
25081.349,12.707
25081.447,12.82
25081.557,12.62
25081.655,12.66
25081.771,12.673
25081.841,12.787
25081.940,12.7
25082.043,12.72
25082.177,12.7
25082.251,12.76
25082.349,12.74
25082.451,12.76
25082.552,12.727
25082.657,12.773
25082.758,12.833
25082.871,12.78
25082.964,12.713
25083.067,12.793
25083.167,12.773
25083.283,12.76
25083.381,12.753
25083.484,12.7
25083.581,12.86
25083.680,12.753
25083.782,12.787
25083.885,12.76
25084.011,12.673
25084.089,12.747
25084.194,12.813
25084.304,12.78
25084.396,12.82
25084.501,12.8
25084.603,12.727
25084.709,12.78
25084.750,12.707
25084.832,12.64
25084.932,12.707
25085.035,12.687
25085.143,12.84
25085.246,12.787
25085.344,12.78
25085.445,12.913
25085.535,12.727
25085.633,12.807
25085.738,12.713
25085.829,12.7
25085.935,12.753
25086.067,12.733
25086.143,12.793
25086.250,12.773
25086.344,12.7
25086.454,12.693
25086.555,12.7
25086.648,12.72
25136.753,12.78
25136.856,12.673
25136.959,12.687
25137.059,12.64
25137.160,12.68
25137.280,12.72
25137.371,12.74
25137.467,12.833
25137.572,12.773
25137.694,12.773
25137.777,12.78
25137.878,12.727
25137.984,12.807
25138.087,12.78
25138.184,12.66
25138.288,12.707
25138.391,12.78
25138.425,12.567
25138.521,12.787
25138.619,12.927
25138.726,12.74
25138.824,12.793
25138.927,12.727
25139.028,12.673
25139.121,12.6
25139.234,12.74
25139.336,12.793
25139.424,12.78
25139.528,12.733
25139.623,12.667
25139.721,12.72
25139.854,12.8
25139.929,12.793
25140.028,12.793
25140.138,12.78
25140.234,12.78
25140.336,12.76
25140.439,12.673
25140.540,12.747
25140.645,12.787
25140.746,12.693
25140.839,12.793
25140.957,12.627
25141.054,12.753
25141.157,12.767
25141.256,12.673
25141.369,12.733
25141.464,12.72
25141.574,12.78
25141.692,12.793
25141.712,12.713
25141.873,12.713
25141.976,12.773
25142.060,12.853
25142.180,12.647
25142.280,12.753
25142.383,12.74
25142.427,12.707
25142.525,12.727
25142.623,12.82
25142.719,12.847
25142.822,12.813
25143.000,12.853
25143.027,12.693
25143.111,12.76
25143.209,12.773
25143.315,12.707
25143.432,12.76
25143.530,12.773
25143.619,12.773
25143.716,12.7
25143.827,12.82
25143.920,12.807
25144.013,12.72
25144.114,12.733
25144.217,12.707
25144.326,12.74
25144.442,12.74
25144.508,12.727
25144.631,12.773
25144.741,12.747
25144.844,12.633
25144.942,12.833
25145.047,12.9
25145.158,12.82
25145.278,12.867
25145.368,12.773
25145.456,12.9
25145.554,12.753
25145.660,12.7
25145.778,12.767
25145.807,12.747
25145.969,12.78
25146.072,12.833
25146.101,12.72
25146.202,12.74
25146.300,12.74
25146.400,12.647
25146.503,12.753
25146.606,12.773
25146.709,12.793
25196.810,12.833
25196.917,12.753
25197.015,12.687
25197.118,12.747
25197.206,12.767
25197.322,12.747
25197.405,12.613
25197.503,12.627
25197.616,12.733
25197.714,12.74
25197.812,12.733
25197.913,12.733
25198.030,12.687
25198.126,12.733
25198.224,12.707
25198.322,12.793
25198.410,12.66
25198.491,12.807
25198.592,12.793
25198.744,12.833
25198.802,12.887
25198.939,12.76
25199.042,12.767
25199.118,12.787
25199.238,12.747
25199.358,12.72
25199.459,12.707
25199.528,12.64
25199.660,12.873
25199.689,12.807
25199.802,12.847
25199.890,12.833
25199.986,12.8
25200.087,12.753
25200.199,12.887
25200.300,12.76
25200.396,12.713
25200.511,12.633
25200.603,12.793
25200.704,12.633
25200.805,12.753
25200.883,12.733
25200.994,12.773
25201.089,12.86
25201.190,12.673
25201.293,12.727
25201.395,12.693
25201.498,12.72
25201.614,12.593
25201.709,12.76
25201.805,12.8
25201.907,12.893
25202.027,12.68
25202.125,12.64
25202.223,12.78
25202.320,12.747
25202.425,12.813
25202.523,12.8
25202.643,12.807
25202.726,12.847
25202.788,12.833
25202.893,12.72
25203.040,12.733
25203.145,12.74
25203.214,12.667
25203.342,12.673
25203.452,12.833
25203.545,12.727
25203.648,12.7
25203.677,12.713
25203.782,12.62
25203.890,12.68
25203.986,12.727
25204.084,12.747
25204.187,12.873
25204.287,12.693
25204.390,12.727
25204.478,12.773
25204.592,12.727
25204.673,12.747
25204.775,12.713
25204.878,12.733
25204.991,12.78
25205.087,12.767
25205.184,12.787
25205.290,12.753
25205.396,12.733
25205.493,12.76
25205.594,12.907
25205.702,12.747
25205.820,12.6
25205.903,12.653
25206.025,12.807
25206.116,12.793
25206.217,12.727
25206.344,12.693
25206.437,12.653
25206.467,12.78
25206.626,12.78
25256.723,12.82
25256.782,12.807
25256.890,12.667
25256.994,12.7
25257.094,12.587
25257.234,12.8
25257.305,12.74
25257.366,12.68
25257.538,12.76
25257.565,12.753
25257.665,12.733
25257.785,12.807
25257.863,12.767
25257.972,12.58
25258.070,12.693
25258.177,12.753
25258.273,12.667
25258.366,12.72
25258.467,12.787
25258.565,12.753
25258.668,12.727
25258.771,12.693
25258.871,12.773
25258.964,12.693
25259.074,12.673
25259.179,12.787
25259.280,12.753
25259.381,12.747
25259.484,12.767
25259.613,12.72
25259.699,12.84
25259.793,12.613
25259.893,12.773
25259.998,12.7
25260.111,12.72
25260.207,12.847
25260.305,12.72
25260.407,12.633
25260.508,12.813
25260.611,12.613
25260.714,12.68
25260.802,12.82
25260.918,12.773
25261.021,12.833
25261.123,12.807
25261.226,12.753
25261.251,12.68
25261.351,12.727
25261.461,12.773
25261.560,12.747
25261.652,12.673
25261.756,12.707
25261.859,12.72
25261.949,12.733
25262.067,12.86
25262.170,12.793
25262.273,12.653
25262.361,12.827
25262.457,12.76
25262.559,12.913
25262.660,12.74
25262.761,12.767
25262.864,12.8
25262.967,12.767
25263.076,12.687
25263.180,12.86
25263.278,12.8
25263.408,12.7
25263.488,12.707
25263.582,12.72
25263.692,12.72
25263.793,12.667
25263.896,12.66
25264.000,12.767
25264.109,12.78
25264.199,12.747
25264.297,12.813
25264.349,12.793
25264.476,12.773
25264.614,12.727
25264.643,12.7
25264.844,12.78
25264.913,12.633
25264.940,12.727
25265.118,12.707
25265.146,12.713
25265.244,12.713
25265.347,12.653
25265.447,12.64
25265.550,12.673
25265.655,12.693
25265.756,12.747
25265.844,12.887
25265.949,12.787
25266.047,12.827
25266.146,12.713
25266.244,12.74
25266.359,12.88
25266.447,12.847
25266.550,12.793
25266.645,12.753
25316.780,12.727
25316.853,12.74
25316.961,12.753
25317.062,12.713
25317.167,12.84
25317.268,12.773
25317.371,12.867
25317.476,12.847
25317.579,12.787
25317.677,12.92
25317.785,12.833
25317.883,12.873
25318.008,12.887
25318.086,12.913
25318.222,12.807
25318.293,12.787
25318.395,12.907
25318.494,12.747
25318.623,12.867
25318.701,12.747
25318.804,12.733
25318.832,12.793
25318.930,12.793
25319.052,12.773
25319.146,12.78
25319.255,12.893
25319.342,12.86
25319.442,12.827
25319.543,12.747
25319.648,12.807
25319.750,12.76
25319.827,12.673
25319.932,12.753
25320.035,12.813
25320.135,12.893
25320.246,12.793
25320.329,12.9
25320.435,12.893
25320.535,12.88
25320.625,12.927
25320.770,12.813
25320.844,12.787
25320.944,12.693
25321.057,12.767
25321.165,12.847
25321.263,12.727
25321.364,12.86
25321.466,12.707
25321.594,12.767
25321.672,12.88
25321.795,12.827
25321.876,12.753
25322.001,12.727
25322.076,12.847
25322.195,12.72
25322.285,12.847
25322.388,12.807
25322.513,12.687
25322.518,12.773
25322.630,12.767
25322.728,12.767
25322.824,12.78
25322.929,12.827
25323.025,12.82
25323.128,12.84
25323.231,12.747
25323.317,12.7
25323.437,12.727
25323.538,12.753
25323.641,12.827
25323.736,12.747
25323.822,12.66
25323.924,12.707
25324.033,12.733
25324.128,12.787
25324.231,12.853
25324.332,12.78
25324.444,12.8
25324.540,12.807
25324.643,12.78
25324.766,12.66
25324.856,12.807
25324.930,12.853
25325.055,12.8
25325.133,12.807
25325.278,12.807
25325.317,12.833
25325.418,12.853
25325.527,12.78
25325.628,12.7
25325.733,12.86
25325.832,12.8
25325.937,12.687
25326.013,12.84
25326.114,12.84
25326.256,12.747
25326.309,12.747
25326.405,12.827
25326.527,12.827
25326.628,12.767
25376.724,12.78
25376.827,12.78
25376.924,12.813
25377.021,12.727
25377.106,12.787
25377.204,12.74
25377.341,12.667
25377.413,12.707
25377.516,12.807
25377.619,12.713
25377.707,12.673
25377.822,12.78
25377.920,12.86
25378.043,12.807
25378.121,12.813
25378.229,12.78
25378.327,12.76
25378.467,12.767
25378.540,12.807
25378.638,12.793
25378.761,12.867
25378.842,12.807
25378.945,12.753
25379.045,12.833
25379.179,12.933
25379.250,12.8
25379.351,12.707
25379.410,12.747
25379.516,12.713
25379.616,12.82
25379.760,12.767
25379.822,12.807
25379.966,12.847
25380.025,12.873
25380.128,12.787
25380.238,12.667
25380.304,12.753
25380.407,12.6
25380.501,12.753
25380.603,12.833
25380.717,12.82
25380.814,12.86
25380.989,12.887
25381.013,12.853
25381.104,12.967
25381.202,12.867
25381.299,12.807
25381.398,12.9
25381.501,12.8
25381.628,12.793
25381.706,12.82
25381.820,12.813
25381.918,12.867
25382.015,12.76
25382.119,12.84
25382.228,12.713
25382.324,12.947
25382.447,12.787
25382.530,12.867
25382.626,12.767
25382.753,12.86
25382.853,12.727
25382.939,12.807
25383.035,12.74
25383.140,12.78
25383.263,12.9
25383.346,12.867
25383.471,12.74
25383.549,12.653
25383.587,12.76
25383.755,12.667
25383.822,12.853
25383.888,12.787
25383.991,12.747
25384.089,12.733
25384.207,12.76
25384.298,12.767
25384.402,12.807
25384.503,12.813
25384.690,12.833
25384.709,12.693
25384.785,12.847
25384.883,12.72
25384.984,12.84
25385.103,12.82
25385.201,12.84
25385.293,12.753
25385.391,12.767
25385.503,12.833
25385.603,12.82
25385.699,12.827
25385.804,12.793
25385.908,12.72
25386.006,12.847
25386.109,12.827
25386.212,12.82
25386.315,12.733
25386.442,12.74
25386.528,12.787
25386.621,12.747
25676.746,12.773
25676.824,12.793
25676.940,12.84
25677.035,12.76
25677.133,12.74
25677.234,12.84
25677.337,12.773
25677.440,12.78
25677.540,12.707
25677.645,12.747
25677.709,12.833
25677.773,12.747
25677.873,12.853
25677.998,12.74
25678.079,12.713
25678.182,12.787
25678.283,12.807
25678.371,12.793
25678.476,12.827
25678.572,12.713
25678.694,12.787
25678.773,12.9
25678.876,12.813
25679.101,12.86
25679.119,12.753
25679.192,12.847
25679.290,12.773
25679.386,12.647
25679.488,12.847
25679.592,12.793
25679.694,12.727
25679.795,12.747
25679.908,12.8
25680.003,12.787
25680.103,12.747
25680.204,12.893
25680.319,12.847
25680.417,12.807
25680.521,12.707
25680.616,12.84
25680.726,12.793
25680.827,12.727
25680.939,12.773
25681.033,12.853
25681.136,12.773
25681.165,12.7
25681.263,12.78
25681.373,12.773
25681.469,12.793
25681.638,12.78
25681.673,12.86
25681.768,12.747
25681.868,12.76
25681.969,12.78
25682.072,12.733
25682.175,12.7
25682.277,12.727
25682.380,12.72
25682.459,12.68
25682.559,12.76
25682.663,12.84
25682.800,12.827
25682.871,12.76
25682.969,12.673
25683.072,12.767
25683.187,12.727
25683.280,12.827
25683.378,12.753
25683.484,12.76
25683.586,12.813
25683.709,12.827
25683.773,12.707
25683.893,12.84
25683.994,12.807
25684.092,12.687
25684.201,12.807
25684.302,12.847
25684.403,12.847
25684.508,12.833
25684.614,12.787
25684.655,12.727
25684.812,12.84
25684.917,12.767
25685.025,12.8
25685.055,12.807
25685.153,12.76
25685.346,12.707
25685.364,12.773
25685.454,12.727
25685.555,12.807
25685.667,12.88
25685.761,12.8
25685.861,12.64
25685.964,12.727
25686.082,12.853
25686.148,12.747
25686.248,12.693
25686.356,12.82
25686.452,12.773
25686.560,12.9
25686.657,12.727
25736.758,12.733
25736.863,12.747
25736.964,12.807
25737.065,12.767
25737.185,12.74
25737.271,12.8
25737.396,12.747
25737.474,12.833
25737.597,12.74
25737.684,12.787
25737.793,12.847
25737.854,12.84
25737.989,12.76
25738.052,12.8
25738.158,12.733
25738.297,12.833
25738.366,12.767
25738.440,12.8
25738.542,12.76
25738.672,12.753
25738.741,12.74
25738.839,12.773
25738.945,12.793
25739.047,12.76
25739.146,12.82
25739.248,12.713
25739.435,12.82
25739.440,12.687
25739.559,12.86
25739.653,12.893
25739.758,12.787
25739.841,12.887
25739.937,12.827
25740.057,12.747
25740.138,12.84
25740.236,12.793
25740.344,12.853
25740.447,12.853
25740.582,12.727
25740.652,12.74
25740.756,12.833
25740.861,12.907
25740.971,12.787
25741.067,12.8
25741.165,12.9
25741.271,12.72
25741.378,12.793
25741.474,12.94
25741.594,12.693
25741.680,12.767
25741.777,12.833
25741.878,12.88
25741.983,12.887
25742.082,12.747
25742.211,12.713
25742.288,12.807
25742.329,12.807
25742.516,12.707
25742.597,12.86
25742.704,12.72
25742.739,12.693
25742.836,12.74
25742.937,12.8
25743.035,12.82
25743.135,12.747
25743.234,12.68
25743.337,12.86
25743.435,12.74
25743.543,12.76
25743.643,12.887
25743.746,12.747
25743.844,12.66
25743.927,12.773
25744.030,12.733
25744.131,12.753
25744.236,12.773
25744.339,12.72
25744.439,12.667
25744.564,12.793
25744.643,12.873
25744.746,12.847
25744.858,12.74
25744.951,12.887
25745.055,12.72
25745.150,12.747
25745.273,12.78
25745.361,12.86
25745.464,12.807
25745.577,12.9
25745.682,12.847
25745.778,12.933
25745.908,12.72
25746.003,12.813
25746.079,12.833
25746.182,12.747
25746.282,12.64
25746.386,12.793
25746.417,12.733
25746.589,12.733
25746.690,12.76
25796.793,12.833
25796.820,12.807
25796.918,12.82
25797.023,12.773
25797.133,12.807
25797.236,12.807
25797.329,12.92
25797.432,12.82
25797.520,12.747
25797.619,12.733
25797.716,12.793
25797.844,12.82
25797.932,12.713
25798.023,12.733
25798.126,12.707
25798.229,12.707
25798.329,12.893
25798.432,12.833
25798.543,12.793
25798.645,12.813
25798.743,12.7
25798.842,12.747
25798.969,12.82
25799.048,12.693
25799.172,12.747
25799.260,12.753
25799.356,12.86
25799.456,12.78
25799.559,12.727
25799.682,12.887
25799.768,12.887
25799.868,12.9
25799.976,12.807
25800.006,12.853
25800.114,12.7
25800.299,12.653
25800.378,12.733
25800.415,12.74
25800.511,12.807
25800.606,12.793
25800.719,12.8
25800.814,12.767
25800.915,12.733
25801.018,12.8
25801.119,12.78
25801.300,12.76
25801.304,12.793
25801.410,12.733
25801.518,12.787
25801.631,12.747
25801.712,12.733
25801.812,12.807
25801.930,12.8
25802.023,12.727
25802.128,12.733
25802.228,12.887
25802.347,12.673
25802.425,12.713
25802.528,12.733
25802.733,12.873
25802.736,12.88
25802.802,12.84
25802.937,12.827
25803.040,12.78
25803.143,12.78
25803.356,12.847
25803.371,12.84
25803.451,12.747
25803.548,12.7
25803.655,12.707
25803.768,12.793
25803.795,12.947
25803.986,12.847
25804.067,12.86
25804.170,12.813
25804.207,12.76
25804.304,12.86
25804.400,12.847
25804.500,12.733
25804.601,12.68
25804.702,12.653
25804.826,12.74
25804.912,12.773
25805.013,12.807
25805.092,12.773
25805.195,12.887
25805.300,12.847
25805.396,12.773
25805.498,12.853
25805.604,12.787
25805.702,12.833
25805.805,12.733
25805.927,12.847
25806.013,12.713
25806.136,12.84
25806.217,12.773
25806.342,12.807
25806.420,12.74
25806.491,12.88
25806.592,12.873
25856.731,12.8
25856.829,12.753
25856.930,12.747
25857.037,12.967
25857.145,12.653
25857.244,12.76
25857.341,12.74
25857.445,12.773
25857.650,12.76
25857.652,12.9
25857.766,12.747
25857.853,12.76
25857.956,12.693
25857.984,12.753
25858.084,12.76
25858.201,12.887
25858.305,12.807
25858.403,12.847
25858.501,12.833
25858.594,12.873
25858.702,12.88
25858.802,12.76
25858.900,12.773
25858.986,12.78
25859.084,12.793
25859.187,12.74
25859.287,12.787
25859.398,12.82
25859.498,12.767
25859.604,12.733
25859.699,12.813
25859.799,12.793
25859.903,12.787
25860.021,12.807
25860.116,12.847
25860.222,12.893
25860.339,12.733
25860.413,12.82
25860.516,12.687
25860.621,12.773
25860.724,12.86
25860.851,12.86
25860.925,12.84
25860.984,12.687
25861.143,12.733
25861.195,12.78
25861.339,12.813
25861.440,12.82
25861.479,12.62
25861.577,12.793
25861.766,12.713
25861.771,12.673
25861.876,12.733
25862.052,12.833
25862.074,12.727
25862.177,12.773
25862.288,12.82
25862.388,12.747
25862.484,12.76
25862.589,12.667
25862.670,12.76
25862.768,12.673
25862.873,12.833
25862.979,12.84
25863.077,12.88
25863.180,12.813
25863.282,12.853
25863.391,12.76
25863.494,12.813
25863.589,12.82
25863.689,12.787
25863.792,12.747
25863.896,12.873
25864.013,12.753
25864.103,12.713
25864.202,12.747
25864.307,12.793
25864.425,12.793
25864.523,12.787
25864.621,12.753
25864.717,12.813
25864.822,12.807
25864.918,12.92
25865.023,12.727
25865.123,12.84
25865.194,12.753
25865.351,12.747
25865.430,12.833
25865.533,12.813
25865.635,12.78
25865.663,12.727
25865.763,12.84
25865.875,12.78
25865.971,12.953
25866.072,12.887
25866.172,12.753
25866.263,12.653
25866.361,12.827
25866.464,12.873
25866.584,12.847
25866.660,12.833
25916.761,12.767
25916.866,12.893
25916.967,12.82
25917.094,12.707
25917.173,12.667
25917.275,12.76
25917.376,12.887
25917.478,12.9
25917.584,12.8
25917.690,12.847
25917.797,12.74
25917.896,12.727
25917.996,12.807
25918.099,12.773
25918.197,12.8
25918.299,12.713
25918.423,12.76
25918.501,12.953
25918.606,12.887
25918.707,12.72
25918.810,12.74
25918.912,12.72
25919.021,12.787
25919.055,12.72
25919.160,12.747
25919.273,12.733
25919.427,12.8
25919.457,12.707
25919.550,12.8
25919.648,12.793
25919.755,12.733
25919.861,12.76
25919.962,12.827
25920.150,12.86
25920.153,12.787
25920.261,12.9
25920.346,12.713
25920.449,12.807
25920.550,12.867
25920.673,12.8
25920.756,12.813
25920.853,12.68
25920.961,12.713
25921.065,12.813
25921.165,12.813
25921.268,12.72
25921.369,12.853
25921.476,12.82
25921.582,12.88
25921.680,12.86
25921.780,12.827
25921.881,12.86
25921.984,12.893
25922.104,12.733
25922.511,12.78
25922.601,12.9
25922.643,12.96
25922.743,12.933
25922.907,12.907
25923.011,12.767
25923.038,12.753
25923.214,12.713
25923.246,12.867
25923.342,12.847
25923.440,12.7
25923.623,12.753
25923.650,12.693
25923.756,12.707
25923.854,12.68
25923.937,12.653
25924.057,12.667
25924.136,12.8
25924.238,12.907
25924.348,12.733
25924.447,12.74
25924.547,12.807
25924.673,12.707
25924.741,12.74
25924.853,12.673
25924.940,12.793
25925.084,12.807
25925.143,12.827
25925.263,12.893
25925.364,12.813
25925.454,12.74
25925.533,12.82
25925.633,12.82
25925.736,12.907
25925.878,12.88
25925.986,12.78
25926.043,12.88
25926.185,12.787
25926.285,12.813
25926.388,12.88
25926.508,12.827
25926.594,12.767
25926.697,12.707
25976.798,12.713
25976.920,12.853
25977.001,12.76
25977.030,12.78
25977.126,12.833
25977.243,12.713
25977.334,12.76
25977.437,12.76
25977.616,12.867
25977.635,12.813
25977.733,12.72
25977.832,12.827
25977.932,12.76
25978.030,12.76
25978.140,12.827
25978.234,12.753
25978.347,12.84
25978.447,12.893
25978.552,12.773
25978.652,12.773
25978.760,12.7
25978.856,12.84
25978.952,12.847
25979.050,12.733
25979.153,12.713
25979.255,12.7
25979.358,12.8
25979.459,12.84
25979.570,12.787
25979.667,12.687
25979.766,12.713
25979.869,12.713
25979.935,12.847
25980.074,12.827
25980.146,12.62
25980.288,12.647
25980.356,12.647
25980.486,12.827
25980.594,12.827
25980.626,12.793
25980.728,12.753
25980.815,12.84
25980.917,12.767
25981.028,12.82
25981.125,12.793
25981.226,12.907
25981.327,12.853
25981.508,12.76
25981.535,12.747
25981.655,12.7
25981.714,12.713
25981.815,12.8
25981.918,12.813
25982.021,12.76
25982.123,12.94
25982.226,12.787
25982.327,12.713
25982.435,12.827
25982.545,12.8
25982.643,12.66
25982.756,12.827
25982.841,12.72
25982.942,12.687
25983.045,12.8
25983.168,12.793
25983.250,12.847
25983.349,12.78
25983.452,12.647
25983.560,12.753
25983.658,12.927
25983.766,12.727
25983.886,12.813
25983.964,12.74
25984.069,12.7
25984.170,12.66
25984.271,12.613
25984.373,12.78
25984.486,12.867
25984.513,12.687
25984.619,12.847
25984.714,12.807
25984.812,12.8
25984.910,12.773
25985.006,12.76
25985.197,12.76
25985.202,12.74
25985.302,12.827
25985.400,12.76
25985.501,12.8
25985.604,12.76
25985.721,12.733
25985.817,12.833
25985.918,12.853
25986.016,12.74
25986.116,12.873
25986.221,12.807
25986.320,12.953
25986.432,12.94
25986.523,12.733
25986.630,12.813
26276.731,12.82
26276.844,12.7
26276.945,12.74
26277.043,12.693
26277.140,12.76
26277.266,12.693
26277.344,12.713
26277.447,12.873
26277.548,12.853
26277.652,12.867
26277.753,12.807
26277.858,12.8
26277.900,12.767
26278.065,12.793
26278.094,12.747
26278.268,12.74
26278.310,12.713
26278.469,12.84
26278.500,12.78
26278.598,12.847
26278.704,12.893
26278.800,12.767
26278.905,12.833
26279.005,12.687
26279.109,12.847
26279.211,12.76
26279.290,12.88
26279.393,12.907
26279.500,12.733
26279.598,12.827
26279.699,12.793
26279.807,12.82
26279.905,12.82
26280.033,12.74
26280.109,12.753
26280.212,12.787
26280.314,12.813
26280.418,12.753
26280.518,12.833
26280.621,12.92
26280.724,12.76
26280.842,12.833
26280.940,12.887
26281.038,12.813
26281.133,12.807
26281.253,12.813
26281.337,12.753
26281.440,12.793
26281.543,12.86
26281.646,12.833
26281.751,12.773
26281.849,12.747
26281.954,12.713
26281.986,12.747
26282.084,12.74
26282.180,12.7
26282.283,12.82
26282.386,12.853
26282.493,12.867
26282.591,12.793
26282.679,12.787
26282.795,12.74
26282.898,12.833
26283.000,12.747
26283.092,12.76
26283.189,12.773
26283.293,12.793
26283.413,12.727
26283.501,12.813
26283.599,12.747
26283.702,12.687
26283.798,12.68
26283.907,12.72
26284.005,12.82
26284.103,12.773
26284.224,12.733
26284.310,12.88
26284.413,12.793
26284.479,12.733
26284.586,12.847
26284.690,12.927
26284.810,12.813
26284.929,12.833
26285.048,12.82
26285.114,12.773
26285.224,12.773
26285.336,12.887
26285.434,12.8
26285.535,12.853
26285.638,12.807
26285.741,12.88
26285.844,12.713
26285.873,12.787
26285.988,12.907
26286.077,12.787
26286.175,12.793
26286.278,12.86
26286.381,12.747
26286.560,12.847
26286.587,12.853
26336.773,12.8
26336.775,12.793
26336.876,12.813
26336.974,12.793
26337.089,12.793
26337.177,12.72
26337.277,12.833
26337.381,12.66
26337.501,12.7
26337.597,12.767
26337.694,12.747
26337.793,12.88
26337.893,12.78
26337.994,12.727
26338.097,12.807
26338.209,12.833
26338.309,12.773
26338.361,12.74
26338.506,12.82
26338.608,12.853
26338.672,12.767
26338.812,12.773
26338.932,12.953
26338.984,12.813
26339.086,12.833
26339.224,12.847
26339.339,12.82
26339.366,12.753
26339.462,12.707
26339.663,12.753
26339.736,12.74
26339.763,12.633
26339.940,12.74
26339.979,12.733
26340.067,12.767
26340.246,12.767
26340.273,12.707
26340.452,12.807
26340.478,12.8
26340.577,12.853
26340.657,12.767
26340.765,12.733
26340.863,12.7
26340.964,12.68
26341.065,12.747
26341.175,12.767
26341.277,12.853
26341.371,12.847
26341.500,12.807
26341.577,12.773
26341.682,12.647
26341.783,12.833
26341.913,12.873
26341.989,12.86
26342.092,12.833
26342.194,12.693
26342.304,12.827
26342.400,12.867
26342.501,12.853
26342.604,12.753
26342.712,12.847
26342.809,12.747
26342.910,12.88
26343.013,12.8
26343.136,12.88
26343.217,12.76
26343.275,12.72
26343.361,12.813
26343.457,12.913
26343.548,12.753
26343.668,12.76
26343.748,12.747
26343.932,12.787
26343.961,12.793
26344.070,12.847
26344.170,12.82
26344.359,12.833
26344.361,12.847
26344.445,12.773
26344.552,12.78
26344.652,12.667
26344.753,12.753
26344.854,12.713
26344.959,12.693
26345.059,12.7
26345.179,12.813
26345.265,12.807
26345.366,12.78
26345.472,12.813
26345.589,12.767
26345.690,12.927
26345.788,12.787
26345.883,12.827
26345.981,12.767
26346.084,12.68
26346.195,12.7
26346.288,12.847
26346.393,12.813
26346.494,12.887
26346.596,12.833
26346.697,12.847
26396.804,12.78
26396.903,12.813
26397.011,12.807
26397.049,12.887
26397.211,12.82
26397.243,12.613
26397.337,12.807
26397.445,12.773
26397.548,12.74
26397.655,12.833
26397.746,12.78
26397.927,12.84
26397.954,12.82
26398.052,12.933
26398.155,12.8
26398.244,12.787
26398.346,12.76
26398.444,12.72
26398.549,12.807
26398.643,12.753
26398.746,12.8
26398.848,12.773
26398.959,12.753
26399.057,12.713
26399.157,12.793
26399.260,12.787
26399.332,12.827
26399.454,12.773
26399.582,12.76
26399.670,12.773
26399.771,12.693
26399.873,12.72
26399.996,12.72
26400.077,12.82
26400.182,12.733
26400.283,12.813
26400.418,12.733
26400.493,12.84
26400.591,12.74
26400.692,12.68
26400.728,12.747
26400.898,12.713
26401.000,12.807
26401.028,12.813
26401.206,12.793
26401.234,12.807
26401.334,12.707
26401.445,12.78
26401.543,12.667
26401.641,12.807
26401.739,12.82
26401.834,12.82
26401.932,12.7
26402.030,12.693
26402.128,12.813
26402.228,12.82
26402.329,12.88
26402.434,12.827
26402.543,12.873
26402.638,12.807
26402.758,12.753
26402.842,12.62
26402.945,12.733
26403.045,12.773
26403.148,12.753
26403.261,12.807
26403.354,12.827
26403.424,12.807
26403.548,12.993
26403.672,12.733
26403.766,12.84
26403.866,12.813
26403.994,12.693
26404.084,12.72
26404.182,12.813
26404.278,12.787
26404.378,12.713
26404.481,12.9
26404.584,12.793
26404.685,12.793
26404.729,12.9
26404.817,12.807
26404.991,12.753
26405.025,12.72
26405.121,12.713
26405.222,12.767
26405.402,12.78
26405.430,12.727
26405.532,12.58
26405.635,12.793
26405.733,12.733
26405.829,12.833
26405.918,12.733
26406.018,12.707
26406.119,12.807
26406.266,12.787
26406.324,12.747
26406.425,12.827
26406.530,12.713
26406.631,12.747
26456.734,12.66
26456.837,12.767
26456.937,12.667
26457.045,12.833
26457.143,12.78
26457.246,12.767
26457.349,12.847
26457.449,12.833
26457.550,12.707
26457.668,12.833
26457.758,12.713
26457.859,12.747
26457.961,12.807
26458.081,12.72
26458.109,12.74
26458.270,12.813
26458.326,12.833
26458.474,12.707
26458.537,12.753
26458.643,12.8
26458.704,12.66
26458.883,12.753
26458.915,12.713
26459.098,12.727
26459.101,12.767
26459.295,12.84
26459.322,12.88
26459.420,12.773
26459.506,12.733
26459.695,12.773
26459.702,12.84
26459.807,12.76
26459.920,12.727
26460.013,12.787
26460.114,12.84
26460.241,12.86
26460.327,12.76
26460.425,12.8
26460.530,12.8
26460.623,12.753
26460.728,12.847
26460.829,12.7
26460.932,12.933
26461.035,12.793
26461.136,12.707
26461.239,12.867
26461.351,12.8
26461.444,12.86
26461.545,12.8
26461.648,12.68
26461.756,12.76
26461.853,12.787
26461.954,12.873
26462.081,12.813
26462.097,12.747
26462.214,12.633
26462.366,12.747
26462.393,12.793
26462.537,12.68
26462.594,12.773
26462.704,12.82
26462.812,12.773
26462.981,12.6
26463.008,12.793
26463.108,12.74
26463.209,12.74
26463.398,12.853
26463.400,12.807
26463.500,12.787
26463.594,12.747
26463.697,12.713
26463.800,12.747
26463.920,12.92
26464.008,12.847
26464.108,12.733
26464.207,12.82
26464.329,12.82
26464.427,12.787
26464.525,12.847
26464.625,12.76
26464.721,12.727
26464.824,12.74
26464.927,12.74
26465.028,12.84
26465.133,12.773
26465.233,12.807
26465.334,12.82
26465.437,12.84
26465.543,12.787
26465.652,12.933
26465.780,12.807
26465.785,12.76
26465.949,12.853
26466.013,12.8
26466.165,12.813
26466.194,12.667
26466.288,12.693
26466.386,12.827
26466.489,12.813
26466.582,12.84
26466.699,12.827
26516.798,12.847
26516.896,12.833
26516.998,12.687
26517.094,12.767
26517.179,12.887
26517.295,12.773
26517.390,12.733
26517.486,12.727
26517.592,12.747
26517.706,12.84
26517.800,12.8
26517.898,12.767
26518.003,12.72
26518.101,12.8
26518.202,12.84
26518.327,12.847
26518.415,12.8
26518.513,12.827
26518.613,12.947
26518.716,12.827
26518.819,12.787
26518.918,12.707
26519.021,12.713
26519.131,12.753
26519.226,12.78
26519.329,12.74
26519.432,12.7
26519.542,12.773
26519.570,12.793
26519.738,12.807
26519.839,12.813
26519.942,12.78
26519.971,12.833
26520.072,12.893
26520.189,12.827
26520.278,12.9
26520.385,12.967
26520.481,12.82
26520.576,12.7
26520.675,12.72
26520.771,12.893
26520.869,12.767
26520.967,12.807
26521.074,12.773
26521.172,12.867
26521.273,12.8
26521.381,12.733
26521.479,12.693
26521.582,12.813
26521.685,12.753
26521.787,12.78
26521.888,12.68
26522.005,12.813
26522.094,12.767
26522.197,12.8
26522.299,12.82
26522.388,12.92
26522.510,12.853
26522.609,12.967
26522.709,12.747
26522.810,12.693
26522.913,12.86
26523.018,12.853
26523.118,12.793
26523.224,12.573
26523.322,12.62
26523.425,12.793
26523.528,12.82
26523.630,12.893
26523.733,12.82
26523.760,12.72
26523.864,12.76
26523.961,12.687
26524.141,12.767
26524.167,12.74
26524.273,12.773
26524.449,12.807
26524.476,12.807
26524.662,12.8
26524.665,12.793
26524.761,12.873
26524.861,12.793
26524.962,12.767
26525.062,12.773
26525.165,12.72
26525.266,12.78
26525.376,12.827
26525.473,12.693
26525.574,12.66
26525.677,12.867
26525.785,12.873
26525.883,12.827
26525.986,12.867
26526.089,12.787
26526.190,12.747
26526.292,12.76
26526.415,12.793
26526.501,12.833
26526.599,12.733
26526.702,12.807
26576.822,12.867
26576.908,12.78
26576.976,12.907
26577.113,12.767
26577.184,12.773
26577.315,12.8
26577.420,12.94
26577.521,12.76
26577.564,12.607
26577.648,12.713
26577.748,12.88
26577.853,12.813
26577.954,12.753
26578.055,12.74
26578.153,12.68
26578.253,12.833
26578.366,12.773
26578.464,12.767
26578.545,12.78
26578.663,12.773
26578.763,12.693
26578.859,12.787
26578.954,12.793
26579.055,12.8
26579.160,12.92
26579.261,12.873
26579.364,12.667
26579.467,12.847
26579.569,12.767
26579.670,12.793
26579.773,12.853
26579.876,12.793
26579.978,12.753
26580.087,12.827
26580.184,12.853
26580.285,12.8
26580.388,12.727
26580.500,12.82
26580.594,12.853
26580.695,12.807
26580.798,12.793
26580.839,12.767
26581.005,12.693
26581.040,12.66
26581.138,12.68
26581.310,12.74
26581.337,12.78
26581.515,12.867
26581.555,12.833
26581.641,12.767
26581.743,12.753
26581.854,12.807
26581.949,12.793
26582.049,12.767
26582.152,12.727
26582.336,12.78
26582.339,12.86
26582.435,12.807
26582.538,12.753
26582.658,12.76
26582.746,12.753
26582.844,12.827
26582.947,12.807
26583.070,12.8
26583.146,12.887
26583.263,12.76
26583.361,12.727
26583.462,12.9
26583.562,12.813
26583.665,12.74
26583.768,12.693
26583.875,12.827
26583.974,12.853
26584.076,12.727
26584.177,12.787
26584.280,12.687
26584.383,12.873
26584.496,12.88
26584.597,12.833
26584.692,12.767
26584.790,12.713
26584.908,12.767
26584.937,12.767
26585.099,12.74
26585.133,12.74
26585.231,12.667
26585.329,12.853
26585.425,12.8
26585.532,12.78
26585.714,12.893
26585.726,12.96
26585.844,12.78
26585.942,12.78
26586.021,12.747
26586.123,12.807
26586.224,12.82
26586.334,12.753
26586.430,12.767
26586.532,12.767
26586.636,12.627
26876.746,12.927
26876.844,12.78
26876.942,12.74
26877.038,12.78
26877.160,12.727
26877.256,12.82
26877.351,12.76
26877.454,12.807
26877.562,12.893
26877.660,12.673
26877.758,12.74
26877.873,12.747
26877.972,12.84
26878.067,12.787
26878.174,12.747
26878.285,12.74
26878.383,12.847
26878.479,12.853
26878.584,12.68
26878.682,12.767
26878.785,12.74
26878.907,12.793
26878.923,12.8
26879.018,12.76
26879.195,12.8
26879.222,12.773
26879.342,12.74
26879.425,12.713
26879.528,12.807
26879.614,12.813
26879.734,12.747
26879.832,12.78
26879.912,12.767
26880.015,12.82
26880.125,12.753
26880.222,12.86
26880.322,12.78
26880.424,12.82
26880.543,12.76
26880.665,12.807
26880.771,12.887
26880.844,12.82
26880.942,12.767
26881.037,12.613
26881.155,12.753
26881.278,12.72
26881.351,12.813
26881.454,12.827
26881.549,12.747
26881.653,12.827
26881.763,12.8
26881.864,12.773
26881.957,12.753
26882.062,12.8
26882.163,12.78
26882.273,12.733
26882.371,12.853
26882.471,12.82
26882.598,12.793
26882.614,12.807
26882.702,12.78
26882.802,12.767
26882.925,12.787
26883.010,12.78
26883.190,12.7
26883.216,12.78
26883.329,12.867
26883.420,12.767
26883.523,12.807
26883.621,12.787
26883.724,12.747
26883.802,12.847
26883.905,12.76
26884.016,12.673
26884.109,12.773
26884.212,12.793
26884.315,12.767
26884.435,12.827
26884.521,12.707
26884.621,12.82
26884.724,12.787
26884.846,12.76
26884.940,12.76
26885.038,12.787
26885.138,12.84
26885.238,12.767
26885.341,12.873
26885.447,12.727
26885.543,12.82
26885.653,12.84
26885.756,12.807
26885.851,12.687
26885.956,12.72
26886.079,12.833
26886.160,12.833
26886.273,12.68
26886.363,12.707
26886.466,12.633
26886.494,12.647
26886.591,12.673
26886.706,12.753
26936.804,12.727
26936.903,12.72
26937.006,12.72
26937.106,12.82
26937.206,12.813
26937.310,12.753
26937.410,12.787
26937.515,12.853
26937.591,12.82
26937.694,12.873
26937.798,12.8
26937.898,12.813
26938.001,12.713
26938.109,12.847
26938.207,12.74
26938.310,12.76
26938.435,12.767
26938.521,12.8
26938.616,12.833
26938.719,12.8
26938.842,12.747
26938.893,12.733
26939.016,12.687
26939.104,12.853
26939.231,12.773
26939.332,12.8
26939.435,12.753
26939.535,12.667
26939.648,12.76
26939.751,12.807
26939.849,12.867
26939.947,12.813
26939.991,12.867
26940.153,12.74
26940.253,12.74
26940.283,12.713
26940.381,12.74
26940.489,12.7
26940.587,12.707
26940.682,12.747
26940.866,12.66
26940.895,12.667
26940.994,12.773
26941.092,12.813
26941.185,12.84
26941.290,12.787
26941.390,12.807
26941.484,12.707
26941.584,12.62
26941.689,12.833
26941.790,12.793
26941.896,12.8
26942.005,12.693
26942.101,12.773
26942.199,12.813
26942.322,12.82
26942.405,12.82
26942.525,12.88
26942.608,12.847
26942.712,12.773
26942.814,12.713
26942.930,12.76
26942.986,12.787
26943.121,12.767
26943.190,12.833
26943.298,12.833
26943.427,12.767
26943.530,12.8
26943.633,12.693
26943.734,12.767
26943.837,12.727
26943.940,12.84
26944.052,12.827
26944.084,12.707
26944.177,12.8
26944.280,12.84
26944.381,12.687
26944.476,12.933
26944.577,12.867
26944.680,12.687
26944.771,12.793
26944.869,12.76
26944.969,12.813
26945.168,12.853
26945.170,12.767
26945.271,12.78
26945.373,12.713
26945.476,12.807
26945.577,12.753
26945.682,12.707
26945.785,12.913
26945.895,12.907
26945.994,12.84
26946.091,12.76
26946.195,12.813
26946.304,12.747
26946.403,12.707
26946.501,12.8
26946.604,12.853
26946.706,12.78
26996.807,12.72
26996.929,12.66
26997.015,12.693
26997.114,12.767
26997.180,12.667
26997.341,12.773
26997.422,12.733
26997.523,12.793
26997.626,12.78
26997.665,12.887
26997.763,12.72
26997.934,12.767
26997.961,12.9
26998.079,12.84
26998.165,12.82
26998.263,12.867
26998.371,12.7
26998.474,12.827
26998.570,12.72
26998.674,12.74
26998.768,12.76
26998.856,12.627
26998.957,12.64
26999.065,12.74
26999.182,12.747
26999.265,12.707
26999.369,12.813
26999.471,12.813
26999.572,12.733
26999.675,12.793
26999.783,12.773
26999.888,12.733
26999.986,12.82
27000.084,12.78
27000.185,12.82
27000.288,12.727
27000.391,12.767
27000.494,12.887
27000.604,12.693
27000.699,12.793
27000.804,12.687
27000.903,12.733
27001.016,12.827
27001.113,12.827
27001.211,12.873
27001.312,12.767
27001.356,12.807
27001.518,12.793
27001.626,12.793
27001.655,12.68
27001.824,12.72
27001.853,12.893
27001.951,12.773
27002.074,12.887
27002.158,12.833
27002.256,12.767
27002.364,12.86
27002.464,12.78
27002.550,12.627
27002.650,12.86
27002.746,12.653
27002.851,12.74
27002.951,12.72
27003.052,12.76
27003.175,12.773
27003.261,12.733
27003.369,12.8
27003.466,12.7
27003.560,12.853
27003.668,12.793
27003.771,12.907
27003.873,12.793
27003.979,12.68
27004.079,12.793
27004.180,12.753
27004.292,12.867
27004.388,12.827
27004.488,12.813
27004.589,12.827
27004.694,12.867
27004.795,12.72
27004.896,12.7
27005.015,12.76
27005.101,12.787
27005.209,12.8
27005.238,12.76
27005.427,12.76
27005.511,12.727
27005.538,12.827
27005.638,12.753
27005.748,12.733
27005.848,12.847
27005.945,12.72
27006.126,12.747
27006.155,12.793
27006.253,12.667
27006.432,12.733
27006.435,12.747
27006.535,12.787
27006.638,12.807
27056.741,12.727
27056.851,12.673
27056.945,12.713
27057.047,12.853
27057.148,12.753
27057.263,12.7
27057.354,12.733
27057.457,12.873
27057.559,12.793
27057.631,12.727
27057.765,12.7
27057.866,12.773
27057.969,12.747
27058.072,12.773
27058.174,12.607
27058.295,12.773
27058.378,12.76
27058.483,12.827
27058.584,12.747
27058.690,12.76
27058.795,12.64
27058.891,12.793
27058.993,12.7
27059.101,12.787
27059.197,12.78
27059.302,12.78
27059.327,12.68
27059.447,12.8
27059.530,12.827
27059.633,12.753
27059.741,12.78
27059.913,12.833
27059.942,12.787
27060.042,12.78
27060.158,12.653
27060.224,12.827
27060.326,12.687
27060.427,12.86
27060.528,12.84
27060.648,12.787
27060.744,12.9
27060.839,12.773
27060.940,12.84
27061.040,12.813
27061.143,12.74
27061.265,12.753
27061.349,12.727
27061.451,12.767
27061.579,12.92
27061.675,12.787
27061.758,12.7
27061.900,12.727
27061.962,12.647
27062.065,12.833
27062.168,12.82
27062.273,12.747
27062.361,12.747
27062.476,12.767
27062.577,12.84
27062.680,12.78
27062.780,12.793
27062.878,12.773
27062.986,12.853
27063.018,12.747
27063.126,12.88
27063.216,12.767
27063.317,12.713
27063.415,12.907
27063.533,12.727
27063.630,12.74
27063.728,12.76
27063.834,12.82
27063.915,12.947
27064.025,12.827
27064.123,12.853
27064.216,12.953
27064.319,12.8
27064.418,12.867
27064.523,12.82
27064.640,12.84
27064.738,12.74
27064.834,12.807
27064.937,12.82
27065.045,12.747
27065.143,12.807
27065.241,12.893
27065.348,12.94
27065.449,12.78
27065.547,12.747
27065.673,12.753
27065.761,12.8
27065.861,12.867
27065.957,12.873
27066.082,12.86
27066.160,12.84
27066.263,12.913
27066.366,12.853
27066.408,13.02
27066.570,12.96
27066.673,12.887
27116.777,12.92
27116.820,12.887
27116.989,12.787
27117.016,12.693
27117.109,12.72
27117.209,12.813
27117.310,12.833
27117.413,12.833
27117.508,12.753
27117.619,12.847
27117.800,12.727
27117.802,12.7
27117.922,12.88
27118.016,12.82
27118.113,12.873
27118.211,12.82
27118.312,12.8
27118.413,12.907
27118.501,12.887
27118.611,12.88
27118.712,12.9
27118.834,13.013
27118.902,12.98
27119.023,12.853
27119.121,12.727
27119.241,12.813
27119.347,12.9
27119.432,12.907
27119.540,12.853
27119.638,12.873
27119.758,12.827
27119.856,12.84
27119.952,12.9
27120.052,12.873
27120.153,12.78
27120.251,12.813
27120.359,12.787
27120.462,12.947
27120.494,12.773
27120.594,12.807
27120.770,12.853
27120.871,12.867
27120.900,12.853
27120.998,12.813
27121.099,12.727
27121.207,12.8
27121.310,12.807
27121.393,12.893
27121.494,12.793
27121.594,12.92
27121.692,12.947
27121.792,12.847
27121.918,12.98
27122.008,12.9
27122.106,12.853
27122.202,12.887
27122.331,12.887
27122.415,13.0
27122.516,12.807
27122.618,12.873
27122.724,12.92
27122.817,12.813
27122.920,12.847
27123.021,12.907
27123.091,12.907
27123.234,12.967
27123.329,12.933
27123.432,12.867
27123.494,12.927
27123.592,12.927
27123.697,12.713
27123.804,12.747
27123.903,12.76
27124.003,12.767
27124.168,12.767
27124.212,12.933
27124.288,12.827
27124.395,12.82
27124.491,12.847
27124.584,12.927
27124.685,12.893
27124.783,12.84
27124.888,12.787
27124.998,12.913
27125.097,12.953
27125.273,13.02
27125.300,12.92
27125.395,12.847
27125.494,12.827
27125.594,12.933
27125.680,12.9
27125.788,12.867
27125.898,12.867
27126.005,12.88
27126.104,13.013
27126.204,12.913
27126.302,12.78
27126.402,12.88
27126.503,12.833
27126.608,12.927
27126.707,12.86
27176.815,12.827
27176.923,12.887
27177.021,12.933
27177.118,13.007
27177.219,12.78
27177.324,12.793
27177.430,12.9
27177.527,12.76
27177.630,12.947
27177.731,12.907
27177.842,12.913
27177.937,12.853
27178.038,12.867
27178.143,12.793
27178.244,12.987
27178.271,12.827
27178.447,12.787
27178.476,12.833
27178.653,12.793
27178.756,12.847
27178.783,12.893
27178.900,12.907
27178.988,12.84
27179.087,12.94
27179.190,12.827
27179.270,12.887
27179.381,12.9
27179.483,12.893
27179.606,12.893
27179.680,12.913
27179.780,12.827
27179.883,12.887
27180.003,12.88
27180.089,12.827
27180.189,12.893
27180.293,12.96
27180.415,12.887
27180.503,12.973
27180.577,12.987
27180.702,12.927
27180.805,12.9
27180.908,12.86
27181.008,12.84
27181.111,12.793
27181.214,12.853
27181.322,12.807
27181.422,12.92
27181.520,12.94
27181.623,12.927
27181.726,12.913
27181.842,12.947
27181.861,12.933
27182.033,12.8
27182.060,12.92
27182.255,13.007
27182.265,13.0
27182.364,12.927
27182.467,12.98
27182.577,12.933
27182.675,12.867
27182.775,12.88
27182.942,12.873
27182.961,12.953
27183.081,12.947
27183.160,12.867
27183.261,12.92
27183.366,12.847
27183.484,12.84
27183.569,13.027
27183.680,12.953
27183.775,13.02
27183.878,12.893
27183.988,12.833
27184.092,13.013
27184.155,13.0
27184.285,12.973
27184.388,12.933
27184.491,12.993
27184.594,12.853
27184.695,13.027
27184.797,12.973
27184.900,12.953
27185.010,12.86
27185.106,12.893
27185.243,12.907
27185.314,12.933
27185.412,12.913
27185.518,12.873
27185.555,12.927
27185.719,12.86
27185.827,12.92
27185.854,12.887
27185.952,12.88
27186.050,12.92
27186.155,12.92
27186.253,12.953
27186.364,12.893
27186.462,12.913
27186.564,12.96
27186.663,12.96
27476.770,12.94
27476.844,12.933
27476.949,12.967
27477.057,12.947
27477.153,12.84
27477.256,12.973
27477.359,13.047
27477.474,12.953
27477.572,13.06
27477.668,12.9
27477.768,13.013
27477.869,13.04
27477.973,12.96
27478.091,13.047
27478.177,12.987
27478.278,12.887
27478.375,13.0
27478.501,12.907
27478.587,12.993
27478.687,12.973
27478.746,13.087
27478.854,13.02
27478.962,12.94
27479.099,13.007
27479.201,12.94
27479.302,12.953
27479.413,12.92
27479.444,12.86
27479.604,12.893
27479.707,12.96
27479.758,12.827
27479.839,12.993
27479.954,12.967
27480.050,12.987
27480.148,13.007
27480.248,12.833
27480.342,12.82
27480.439,12.92
27480.540,12.813
27480.663,12.907
27480.736,12.947
27480.841,12.98
27480.942,12.987
27481.043,12.993
27481.146,12.96
27481.258,12.96
27481.354,12.913
27481.467,12.913
27481.565,12.927
27481.665,13.007
27481.763,12.98
27481.871,13.007
27481.969,12.98
27482.077,13.08
27482.177,12.993
27482.233,12.913
27482.337,12.887
27482.447,12.92
27482.550,12.927
27482.682,12.947
27482.756,13.047
27482.888,13.027
27482.989,13.027
27483.101,13.047
27483.130,13.053
27483.236,13.033
27483.329,12.94
27483.521,12.933
27483.604,13.087
27483.626,12.947
27483.810,12.993
27483.834,13.027
27483.942,13.033
27484.038,12.907
27484.217,12.907
27484.246,13.127
27484.337,13.0
27484.423,12.84
27484.525,12.82
27484.628,12.913
27484.750,12.8
27484.842,12.967
27484.942,12.913
27485.038,12.913
27485.141,12.953
27485.244,13.033
27485.346,12.893
27485.447,12.98
27485.549,12.953
27485.653,12.913
27485.755,13.0
27485.856,12.933
27485.959,12.993
27486.062,13.06
27486.175,12.98
27486.268,13.033
27486.329,12.913
27486.472,12.953
27486.587,12.96
27486.618,12.913
27536.778,13.067
27536.881,13.02
27536.984,12.94
27537.086,12.887
27537.187,12.907
27537.216,12.993
27537.315,12.927
27537.417,12.94
27537.518,12.953
27537.701,12.92
27537.731,12.893
27537.905,12.98
27537.934,13.047
27538.037,13.113
27538.212,13.04
27538.214,13.013
27538.314,13.087
27538.424,13.033
27538.521,13.013
27538.623,13.087
27538.746,12.947
27538.827,13.013
27538.927,12.98
27539.032,12.9
27539.133,12.96
27539.236,12.873
27539.347,12.953
27539.442,13.013
27539.552,12.947
27539.648,13.027
27539.748,12.887
27539.851,12.807
27539.957,12.967
27540.055,12.953
27540.167,12.993
27540.261,13.0
27540.363,12.967
27540.466,12.96
27540.586,12.92
27540.606,12.88
27540.771,12.9
27540.839,12.867
27540.996,13.0
27541.045,13.013
27541.113,12.993
27541.283,12.947
27541.317,12.947
27541.456,12.993
27541.594,12.987
27541.618,12.893
27541.717,12.933
27541.900,12.9
27541.903,12.94
27542.003,12.893
27542.113,12.84
27542.209,12.973
27542.309,12.92
27542.423,12.907
27542.513,12.973
27542.614,12.973
27542.712,12.913
27542.836,12.9
27542.934,12.867
27543.030,12.933
27543.128,12.953
27543.231,12.913
27543.332,12.96
27543.435,12.887
27543.537,12.96
27543.641,12.907
27543.743,13.033
27543.854,12.953
27543.947,12.92
27544.050,12.847
27544.153,12.86
27544.258,12.947
27544.356,12.973
27544.459,12.987
27544.560,12.993
27544.672,12.973
27544.702,13.013
27544.800,13.027
27544.896,12.967
27544.994,12.94
27545.111,12.92
27545.199,12.987
27545.378,13.08
27545.407,13.073
27545.506,13.047
27545.611,12.967
27545.690,12.993
27545.798,12.953
27545.898,12.94
27545.996,13.04
27546.097,13.013
27546.209,12.993
27546.309,12.907
27546.403,13.1
27546.508,12.953
27546.611,12.947
27596.712,12.953
27596.832,12.92
27596.920,12.86
27597.018,12.987
27597.121,12.927
27597.246,12.947
27597.326,12.893
27597.435,13.167
27597.533,13.113
27597.636,13.02
27597.739,13.007
27597.792,13.02
27597.942,13.02
27597.983,13.0
27598.146,12.847
27598.248,12.98
27598.349,13.067
27598.405,12.833
27598.555,12.9
27598.582,13.093
27598.697,13.027
27598.783,12.98
27598.964,13.087
27598.993,13.02
27599.081,12.993
27599.201,12.96
27599.280,12.847
27599.403,12.987
27599.491,12.913
27599.587,13.04
27599.687,13.04
27599.785,12.933
27599.890,12.907
27599.989,12.973
27600.096,12.913
27600.197,12.933
27600.295,12.967
27600.396,12.94
27600.508,12.9
27600.603,12.933
27600.704,12.873
27600.807,12.947
27600.920,12.967
27601.021,13.127
27601.119,12.927
27601.217,12.847
27601.320,12.953
27601.423,12.967
27601.523,12.927
27601.628,13.007
27601.731,12.967
27601.831,12.84
27601.932,13.053
27601.976,12.987
27602.138,13.013
27602.192,12.973
27602.445,12.9
27602.449,12.84
27602.474,12.987
27602.572,12.913
27602.675,12.893
27602.778,12.913
27602.878,12.973
27602.983,13.047
27603.079,12.993
27603.190,13.0
27603.290,12.9
27603.391,12.947
27603.493,12.88
27603.587,13.013
27603.684,12.94
27603.785,13.08
27603.885,13.033
27603.981,13.0
27604.086,12.96
27604.187,13.0
27604.293,13.02
27604.391,13.047
27604.491,12.96
27604.599,13.06
27604.701,13.0
27604.800,13.107
27604.918,13.013
27605.006,13.0
27605.109,13.007
27605.212,12.98
27605.332,12.953
27605.415,13.0
27605.527,12.907
27605.619,12.947
27605.722,12.98
27605.824,12.94
27605.927,12.887
27606.030,12.813
27606.060,12.807
27606.165,12.78
27606.261,12.887
27606.361,12.86
27606.467,12.907
27606.565,13.047
27606.695,12.933
27656.778,12.987
27656.907,12.987
27656.979,12.86
27657.077,12.873
27657.165,12.967
27657.263,12.893
27657.361,13.013
27657.464,13.02
27657.565,13.06
27657.668,12.94
27657.771,13.0
27657.873,13.04
27657.976,12.973
27658.079,12.993
27658.187,13.013
27658.293,12.993
27658.388,12.96
27658.489,12.953
27658.594,12.927
27658.702,12.967
27658.829,13.067
27658.903,13.02
27659.003,13.047
27659.109,13.027
27659.212,13.087
27659.327,13.027
27659.417,12.947
27659.515,13.02
27659.614,12.96
27659.738,12.94
27659.817,12.907
27659.923,13.047
27659.949,13.013
27660.062,12.98
27660.157,12.987
27660.258,13.0
27660.434,12.913
27660.449,13.04
27660.570,13.047
27660.665,12.973
27660.768,12.9
27660.866,12.947
27660.964,12.94
27661.049,13.007
27661.165,12.973
27661.253,12.84
27661.354,12.973
27661.457,12.933
27661.577,12.98
27661.675,12.947
27661.771,12.953
27661.868,12.947
27661.969,13.08
27662.067,12.973
27662.165,12.96
27662.278,12.92
27662.378,12.887
27662.481,13.067
27662.584,12.967
27662.689,12.967
27662.788,12.947
27662.891,12.927
27663.003,12.967
27663.094,12.927
27663.197,12.947
27663.300,12.987
27663.413,12.893
27663.445,13.007
27663.616,13.007
27663.650,12.94
27663.736,13.02
27663.837,12.96
27663.939,12.893
27664.042,13.033
27664.143,13.007
27664.246,13.02
27664.427,12.927
27664.435,12.913
27664.542,12.893
27664.638,12.907
27664.758,12.893
27664.841,13.027
27664.949,12.92
27665.043,12.987
27665.143,12.94
27665.251,12.94
27665.348,13.027
27665.452,12.953
27665.576,12.92
27665.665,12.74
27665.761,12.947
27665.859,12.947
27665.962,12.933
27666.089,12.92
27666.168,12.96
27666.270,13.06
27666.381,13.013
27666.481,12.947
27666.577,12.973
27666.679,12.947
27716.755,13.167
27716.908,13.027
27716.986,13.053
27717.089,13.013
27717.195,12.993
27717.298,12.993
27717.415,12.913
27717.427,12.873
27717.603,12.96
27717.630,12.907
27717.728,12.947
27717.847,12.893
27717.942,12.96
27718.043,12.907
27718.148,12.893
27718.226,13.0
27718.344,13.08
27718.445,12.94
27718.547,12.96
27718.625,13.013
27718.729,12.907
27718.831,12.92
27718.932,12.92
27719.038,12.927
27719.138,12.987
27719.253,13.06
27719.342,13.007
27719.445,12.987
27719.545,13.133
27719.663,13.067
27719.760,12.887
27719.859,12.92
27719.956,13.007
27720.082,12.887
27720.163,12.98
27720.263,12.967
27720.366,13.007
27720.467,12.953
27720.570,12.973
27720.778,12.92
27720.782,12.9
27720.888,13.04
27720.981,12.967
27721.052,12.893
27721.128,12.927
27721.288,13.0
27721.388,13.007
27721.417,12.96
27721.523,13.073
27721.623,12.92
27721.729,12.973
27721.822,12.973
27722.003,13.007
27722.033,12.98
27722.131,13.053
27722.233,13.06
27722.336,13.013
27722.415,12.973
27722.518,12.9
27722.628,12.96
27722.746,12.96
27722.822,12.953
27722.927,13.027
27723.033,13.113
27723.131,12.987
27723.256,13.06
27723.337,12.993
27723.437,13.033
27723.550,13.0
27723.660,12.973
27723.744,12.933
27723.849,13.007
27723.951,12.967
27724.097,13.033
27724.155,12.9
27724.256,12.993
27724.369,13.04
27724.471,12.9
27724.565,12.973
27724.665,12.88
27724.768,12.993
27724.873,12.993
27724.974,13.047
27725.082,12.907
27725.180,13.087
27725.207,12.88
27725.305,12.9
27725.435,12.947
27725.521,12.967
27725.619,12.987
27725.717,13.02
27725.908,12.9
27725.913,12.967
27726.101,12.96
27726.103,12.947
27726.204,12.913
27726.329,13.02
27726.402,13.087
27726.511,12.92
27726.613,12.933
27776.714,13.02
27776.815,12.993
27776.920,12.907
27777.023,12.98
27777.133,13.007
27777.233,12.947
27777.337,12.933
27777.432,12.967
27777.533,13.08
27777.638,12.987
27777.746,13.08
27777.842,13.0
27777.942,13.053
27778.074,12.98
27778.150,12.907
27778.251,12.993
27778.354,12.953
27778.457,12.98
27778.559,13.02
27778.663,12.953
27778.763,13.053
27778.805,12.927
27778.893,12.947
27778.993,12.96
27779.094,12.9
27779.197,12.873
27779.300,12.987
27779.503,12.993
27779.508,12.88
27779.608,12.907
27779.709,12.887
27779.829,12.927
27779.908,12.907
27779.994,12.867
27780.094,12.813
27780.199,13.0
27780.320,12.813
27780.402,12.96
27780.505,13.053
27780.606,12.913
27780.712,12.913
27780.810,13.007
27780.913,12.94
27781.008,12.953
27781.123,12.92
27781.219,12.973
27781.322,12.92
27781.425,13.02
27781.521,12.953
27781.625,12.887
27781.744,12.967
27781.834,13.053
27781.935,12.987
27782.040,12.847
27782.158,12.86
27782.185,12.9
27782.347,13.053
27782.449,12.96
27782.559,12.933
27782.589,13.1
27782.684,13.027
27782.782,12.947
27782.893,12.96
27782.991,12.773
27783.165,12.933
27783.260,12.94
27783.288,12.913
27783.383,12.98
27783.503,12.92
27783.582,12.96
27783.702,13.04
27783.780,12.96
27783.888,12.98
27783.994,12.893
27784.087,12.967
27784.190,12.947
27784.293,13.007
27784.386,12.9
27784.506,13.0
27784.606,12.86
27784.702,12.927
27784.804,12.96
27784.878,12.973
27785.008,12.993
27785.123,12.833
27785.175,12.867
27785.317,13.053
27785.420,13.073
27785.530,12.933
27785.604,12.887
27785.724,13.02
27785.831,12.933
27785.932,13.033
27786.035,13.053
27786.155,12.887
27786.174,12.887
27786.342,12.94
27786.442,12.967
27786.567,12.973
27786.648,12.893
27786.675,12.947
28076.775,12.98
28076.890,12.907
28076.972,12.913
28077.089,12.913
28077.187,12.933
28077.364,13.027
28077.369,12.94
28077.491,13.027
28077.574,12.907
28077.672,12.893
28077.773,12.967
28077.878,13.053
28077.993,13.0
28078.082,12.88
28078.184,12.987
28078.287,12.88
28078.405,13.02
28078.500,13.033
28078.597,12.933
28078.728,12.993
28078.802,13.013
28078.902,13.087
28078.964,13.013
28079.064,12.98
28079.207,12.953
28079.310,12.913
28079.376,12.913
28079.486,12.973
28079.584,12.94
28079.719,12.913
28079.831,12.907
28079.924,13.093
28079.996,12.993
28080.130,12.953
28080.241,12.973
28080.271,12.96
28080.403,12.907
28080.464,12.907
28080.567,12.973
28080.674,12.987
28080.775,12.887
28080.869,12.9
28080.973,12.9
28081.076,13.04
28081.175,12.98
28081.300,12.86
28081.358,12.88
28081.461,12.987
28081.569,12.993
28081.668,12.873
28081.773,12.913
28081.871,12.953
28081.973,12.887
28082.079,12.913
28082.175,12.953
28082.280,12.873
28082.402,12.98
28082.494,12.96
28082.591,12.98
28082.689,12.987
28082.815,12.92
28082.895,12.913
28082.996,13.04
28083.098,13.02
28083.207,12.933
28083.305,12.973
28083.400,12.92
28083.508,12.967
28083.619,12.973
28083.716,12.887
28083.815,12.9
28083.918,12.893
28084.016,12.92
28084.123,12.953
28084.185,12.88
28084.263,13.027
28084.366,12.92
28084.469,12.953
28084.572,13.007
28084.655,12.867
28084.753,12.867
28084.864,12.913
28084.974,12.92
28085.052,13.127
28085.150,13.013
28085.248,12.973
28085.353,12.827
28085.459,12.907
28085.557,13.027
28085.660,13.013
28085.763,12.92
28085.866,12.893
28085.981,12.953
28086.079,12.94
28086.170,12.98
28086.273,12.987
28086.375,12.973
28086.493,12.86
28086.589,13.06
28086.684,12.807
28136.785,12.967
28136.888,12.893
28137.000,12.833
28137.099,13.013
28137.197,13.0
28137.297,12.86
28137.400,12.9
28137.503,13.02
28137.548,13.033
28137.707,13.013
28137.809,12.873
28137.873,12.993
28137.939,13.013
28138.038,12.933
28138.140,12.913
28138.244,12.967
28138.349,12.967
28138.452,12.753
28138.650,12.847
28138.668,12.987
28138.756,13.013
28138.858,12.973
28138.935,12.987
28139.038,12.88
28139.141,12.96
28139.243,12.867
28139.344,13.02
28139.447,12.913
28139.550,12.86
28139.650,12.987
28139.755,12.98
28139.864,12.887
28139.962,12.933
28140.062,12.96
28140.163,13.027
28140.266,12.98
28140.371,13.007
28140.488,12.987
28140.577,13.0
28140.704,12.96
28140.778,12.973
28140.900,12.96
28140.984,12.807
28141.087,12.887
28141.190,12.98
28141.292,12.947
28141.400,12.933
28141.599,12.927
28141.609,12.94
28141.736,12.953
28141.739,13.113
28141.837,12.967
28142.008,12.893
28142.035,12.907
28142.135,13.02
28142.236,12.967
28142.324,13.1
28142.440,12.92
28142.543,12.84
28142.646,12.933
28142.736,12.92
28142.827,12.913
28142.930,12.98
28143.033,12.973
28143.135,12.987
28143.236,12.92
28143.339,13.067
28143.440,12.987
28143.543,12.9
28143.646,12.98
28143.748,13.007
28143.851,13.0
28143.952,13.0
28144.057,12.98
28144.128,13.02
28144.260,12.973
28144.388,12.993
28144.466,13.0
28144.574,12.887
28144.670,12.96
28144.773,13.02
28144.896,13.1
28144.986,13.0
28145.087,13.02
28145.119,12.9
28145.285,12.913
28145.381,12.94
28145.481,12.993
28145.633,12.967
28145.689,12.893
28145.719,12.953
28145.822,12.92
28145.923,12.96
28146.028,12.9
28146.128,12.88
28146.310,13.0
28146.317,12.953
28146.435,12.993
28146.513,12.88
28146.618,13.1
28196.736,13.0
28196.820,12.96
28196.923,12.907
28197.027,12.9
28197.148,12.907
28197.239,12.887
28197.342,13.04
28197.471,13.053
28197.540,13.08
28197.648,12.94
28197.744,12.86
28197.846,13.073
28197.949,12.96
28198.057,12.9
28198.162,13.04
28198.256,13.007
28198.364,13.013
28198.459,12.907
28198.574,12.84
28198.663,12.993
28198.788,12.947
28198.827,12.92
28198.986,13.033
28199.016,13.007
28199.135,12.96
28199.244,12.813
28199.307,12.913
28199.405,12.887
28199.508,12.92
28199.609,12.94
28199.711,12.993
28199.814,12.94
28199.922,12.9
28200.098,12.98
28200.126,13.007
28200.223,12.98
28200.320,12.84
28200.410,13.0
28200.516,12.913
28200.614,12.92
28200.712,12.907
28200.822,12.793
28200.918,13.0
28201.021,13.007
28201.226,13.073
28201.229,13.007
28201.326,13.027
28201.430,12.933
28201.532,12.853
28201.633,12.953
28201.736,13.047
28201.841,13.08
28201.949,12.953
28202.043,13.02
28202.146,12.933
28202.248,12.927
28202.351,12.953
28202.478,13.0
28202.555,12.907
28202.658,12.86
28202.758,12.933
28202.863,12.907
28202.984,12.893
28202.998,12.867
28203.096,12.92
28203.197,12.873
28203.295,12.907
28203.393,12.92
28203.500,12.933
28203.603,12.92
28203.719,12.953
28203.807,12.913
28203.910,12.933
28204.013,13.04
28204.092,12.993
28204.195,13.007
28204.297,13.053
28204.391,12.973
28204.501,12.94
28204.604,12.92
28204.704,12.84
28204.837,12.88
28204.910,12.98
28205.013,13.033
28205.119,12.98
28205.234,13.053
28205.331,12.933
28205.430,12.973
28205.525,12.867
28205.628,12.913
28205.729,12.813
28205.831,12.913
28205.932,12.927
28206.040,13.0
28206.138,13.1
28206.250,12.96
28206.336,12.907
28206.440,12.973
28206.548,12.913
28206.658,12.887
28256.753,12.953
28256.856,13.027
28256.883,12.98
28257.070,13.053
28257.104,12.98
28257.194,12.973
28257.292,12.92
28257.393,12.973
28257.503,12.933
28257.674,13.033
28257.702,12.993
28257.880,13.08
28257.881,12.947
28257.991,12.933
28258.091,12.98
28258.197,13.013
28258.295,12.953
28258.393,12.92
28258.520,12.933
28258.599,12.987
28258.699,12.907
28258.802,12.98
28258.908,12.887
28259.010,12.707
28259.109,12.933
28259.231,13.0
28259.315,12.933
28259.417,12.92
28259.518,12.993
28259.643,13.007
28259.724,13.0
28259.783,13.0
28259.937,12.933
28260.033,12.88
28260.092,12.927
28260.202,13.02
28260.337,12.933
28260.378,12.967
28260.474,12.947
28260.576,13.027
28260.674,13.08
28260.849,12.987
28260.876,12.96
28260.976,12.927
28261.092,12.987
28261.187,12.94
28261.283,12.9
28261.386,12.913
28261.479,13.053
28261.574,12.94
28261.673,13.107
28261.771,12.92
28261.875,12.94
28261.976,12.88
28262.077,12.993
28262.182,12.94
28262.283,12.947
28262.385,12.953
28262.496,12.907
28262.599,12.787
28262.699,12.867
28262.799,12.94
28262.907,12.827
28263.023,12.907
28263.101,12.92
28263.204,12.92
28263.317,12.987
28263.413,13.047
28263.479,12.973
28263.582,13.027
28263.721,12.96
28263.817,12.987
28263.922,13.04
28264.023,12.993
28264.119,13.08
28264.170,12.993
28264.337,12.953
28264.375,13.093
28264.467,13.013
28264.562,13.06
28264.663,13.0
28264.766,12.88
28264.866,12.98
28264.969,12.887
28265.072,12.873
28265.180,12.92
28265.278,12.9
28265.378,13.12
28265.479,12.987
28265.565,12.893
28265.662,12.987
28265.763,12.893
28265.890,12.88
28265.969,13.013
28266.081,12.947
28266.177,12.993
28266.285,12.927
28266.381,12.953
28266.483,13.053
28266.584,12.947
28266.690,12.96
28316.788,13.047
28316.891,12.973
28317.001,12.987
28317.106,13.027
28317.160,12.98
28317.266,12.9
28317.375,12.967
28317.506,12.967
28317.608,12.933
28317.728,12.933
28317.753,12.993
28317.913,13.06
28318.011,12.987
28318.052,12.993
28318.216,12.867
28318.324,12.92
28318.427,12.987
28318.462,12.973
28318.559,13.0
28318.658,12.913
28318.758,12.92
28318.854,12.987
28318.974,12.88
28319.047,12.973
28319.153,12.973
28319.251,13.06
28319.349,12.967
28319.451,12.96
28319.565,13.007
28319.663,12.867
28319.768,12.933
28319.890,12.94
28319.962,13.007
28320.065,13.02
28320.168,13.007
28320.270,12.987
28320.371,13.033
28320.476,12.993
28320.717,13.013
28320.719,12.927
28320.790,12.96
28320.908,12.913
28320.991,13.007
28321.101,13.12
28321.199,13.04
28321.295,13.06
28321.403,12.967
28321.501,13.02
28321.611,13.02
28321.663,12.933
28321.748,12.853
28321.873,12.887
28322.011,12.927
28322.114,12.96
28322.145,12.987
28322.239,13.12
28322.342,12.94
28322.459,12.913
28322.549,12.987
28322.726,12.893
28322.755,12.927
28322.854,12.947
28322.956,12.96
28323.128,13.013
28323.138,13.067
28323.239,12.88
28323.351,12.933
28323.449,12.987
28323.565,12.96
28323.751,12.987
28323.756,12.893
28323.854,13.027
28323.974,12.907
28324.074,12.973
28324.170,13.027
28324.268,12.967
28324.366,12.887
28324.469,12.947
28324.570,12.92
28324.675,13.047
28324.780,12.967
28324.878,12.887
28324.981,12.913
28325.082,12.96
28325.187,13.013
28325.288,12.973
28325.400,12.967
28325.491,12.867
28325.618,12.973
28325.697,12.867
28325.812,13.02
28325.844,12.98
28326.011,12.92
28326.037,13.0
28326.135,12.88
28326.234,12.933
28326.336,12.993
28326.437,12.893
28326.543,12.933
28376.722,13.027
28376.748,12.973
28376.935,12.973
28376.940,12.98
28377.037,13.06
28377.133,12.867
28377.239,13.007
28377.336,12.847
28377.437,12.847
28377.540,12.907
28377.650,12.88
28377.746,12.78
28377.853,12.92
28377.973,12.9
28378.030,12.887
28378.153,12.893
28378.258,12.853
28378.359,13.02
28378.484,12.98
28378.562,12.913
28378.673,12.927
28378.777,12.927
28378.871,13.087
28378.974,12.98
28379.079,12.92
28379.182,12.933
28379.280,13.013
28379.385,12.96
28379.489,13.04
28379.598,12.94
28379.621,13.007
28379.719,12.933
28379.836,12.813
28379.930,12.993
28380.028,12.96
28380.125,13.047
28380.223,13.007
28380.329,12.9
28380.432,12.98
28380.545,12.96
28380.623,12.913
28380.719,13.0
28380.817,12.893
28380.920,12.98
28381.030,12.933
28381.128,13.007
28381.228,13.027
28381.329,12.98
28381.432,13.04
28381.535,12.967
28381.650,12.98
28381.761,12.92
28381.842,12.96
28381.944,13.04
28382.062,13.027
28382.160,13.007
28382.261,12.967
28382.383,12.947
28382.437,13.02
28382.559,13.007
28382.660,12.927
28382.763,12.94
28382.864,12.893
28382.969,12.94
28383.070,13.0
28383.172,12.98
28383.283,13.047
28383.317,12.987
28383.415,12.92
28383.511,12.947
28383.606,12.927
28383.709,12.953
28383.898,12.927
28383.927,12.94
28384.023,12.967
28384.119,12.987
28384.221,12.947
28384.322,13.047
28384.503,13.0
28384.506,12.96
28384.606,12.927
28384.707,12.933
28384.810,12.913
28384.915,12.98
28385.025,12.927
28385.121,12.92
28385.219,12.947
28385.324,12.94
28385.432,13.027
28385.532,12.993
28385.630,12.987
28385.736,12.96
28385.799,12.933
28385.907,13.033
28386.008,12.953
28386.153,13.053
28386.212,13.04
28386.315,12.927
28386.469,12.893
28386.550,12.907
28386.653,12.927
28676.761,12.987
28676.863,13.027
28676.956,13.0
28677.064,12.98
28677.167,12.94
28677.207,12.927
28677.305,12.96
28677.403,12.94
28677.687,12.993
28677.690,12.927
28677.694,12.987
28677.814,12.987
28677.900,12.887
28678.011,13.007
28678.113,12.927
28678.190,12.993
28678.310,12.873
28678.407,12.92
28678.503,13.013
28678.603,12.987
28678.702,13.047
28678.804,12.907
28678.908,13.007
28679.010,12.88
28679.114,12.96
28679.214,12.967
28679.320,12.847
28679.420,12.887
28679.521,12.96
28679.623,13.053
28679.734,12.987
28679.891,12.993
28679.895,12.96
28680.033,12.953
28680.146,13.02
28680.244,12.94
28680.341,13.02
28680.442,12.913
28680.545,12.967
28680.648,12.927
28680.751,13.093
28680.853,13.013
28680.920,12.96
28681.049,12.94
28681.099,12.94
28681.204,12.9
28681.290,12.953
28681.388,13.033
28681.491,12.993
28681.594,12.913
28681.695,12.947
28681.799,12.893
28681.903,12.947
28681.984,12.86
28682.082,12.967
28682.192,12.9
28682.305,12.893
28682.391,12.96
28682.493,13.04
28682.592,13.027
28682.717,13.013
28682.799,12.98
28682.900,13.04
28683.001,12.927
28683.111,12.973
28683.207,12.867
28683.312,12.98
28683.413,12.84
28683.525,12.953
28683.625,13.04
28683.717,13.0
28683.826,12.927
28683.925,12.947
28684.027,12.96
28684.143,12.993
28684.231,13.033
28684.334,12.927
28684.440,13.0
28684.555,12.967
28684.584,12.893
28684.744,12.927
28684.847,13.02
28684.959,12.907
28684.989,12.913
28685.084,12.827
28685.177,12.9
28685.280,12.807
28685.383,12.96
28685.479,12.953
28685.657,13.0
28685.690,12.92
28685.771,12.9
28685.875,12.92
28685.981,12.873
28686.099,12.96
28686.175,13.027
28686.280,13.027
28686.393,12.9
28686.493,12.887
28686.591,12.94
28686.692,12.973
28736.792,12.967
28736.896,12.94
28737.000,12.92
28737.099,13.033
28737.201,12.92
28737.305,13.06
28737.407,12.993
28737.543,12.907
28737.618,13.047
28737.717,13.067
28737.819,12.993
28737.929,12.967
28738.025,12.947
28738.123,12.953
28738.231,12.947
28738.327,12.92
28738.430,12.753
28738.554,12.887
28738.567,13.033
28738.665,13.0
28738.761,12.98
28738.920,12.953
28738.971,12.94
28739.067,13.007
28739.170,13.02
28739.288,13.0
28739.386,12.9
28739.459,12.98
28739.560,12.853
28739.660,12.92
28739.761,12.967
28739.864,13.0
28739.979,12.92
28740.067,12.92
28740.163,12.893
28740.263,13.067
28740.393,13.027
28740.501,13.027
28740.579,13.04
28740.805,12.92
28740.807,12.973
28740.886,12.86
28740.991,12.893
28741.092,13.1
28741.195,12.893
28741.292,12.967
28741.400,12.96
28741.503,12.94
28741.606,12.86
28741.709,12.853
28741.810,12.92
28741.912,12.907
28742.016,12.867
28742.119,12.913
28742.229,12.953
28742.320,12.947
28742.425,12.927
28742.451,12.873
28742.550,12.96
28742.663,12.9
28742.761,12.973
28742.864,13.007
28742.964,13.013
28743.049,13.007
28743.148,12.807
28743.268,12.933
28743.349,12.893
28743.447,12.96
28743.554,12.893
28743.653,12.953
28743.768,12.873
28743.861,13.027
28743.986,13.0
28744.067,12.953
28744.165,13.033
28744.266,13.007
28744.369,12.947
28744.479,12.987
28744.574,13.04
28744.679,12.92
28744.802,12.92
28744.869,12.913
28744.988,12.96
28745.086,13.08
28745.190,12.967
28745.287,13.067
28745.395,12.947
28745.496,12.887
28745.604,12.987
28745.704,12.94
28745.805,12.933
28745.905,12.9
28745.944,13.007
28746.040,13.093
28746.136,12.967
28746.239,13.027
28746.339,12.88
28746.442,12.987
28746.550,12.907
28746.640,13.087
28796.748,12.933
28796.849,12.967
28796.954,13.0
28797.050,12.953
28797.157,12.96
28797.241,12.893
28797.339,12.967
28797.543,12.953
28797.545,12.98
28797.646,13.007
28797.750,13.033
28797.858,13.053
28797.952,12.933
28798.055,13.0
28798.158,12.933
28798.261,12.947
28798.381,13.047
28798.476,12.92
28798.569,12.953
28798.673,13.053
28798.795,12.94
28798.886,13.027
28798.986,13.007
28799.084,12.9
28799.182,12.927
28799.251,12.913
28799.351,13.033
28799.427,12.967
28799.592,13.027
28799.694,12.94
28799.797,12.927
28799.898,13.073
28800.015,12.9
28800.043,12.9
28800.141,13.013
28800.236,12.947
28800.342,12.953
28800.437,13.047
28800.618,12.907
28800.643,12.913
28800.726,12.887
28800.846,12.94
28800.923,12.927
28801.049,12.987
28801.135,12.947
28801.234,13.013
28801.332,12.78
28801.435,12.907
28801.538,12.947
28801.641,13.033
28801.741,13.02
28801.854,12.967
28801.949,13.04
28802.054,12.94
28802.152,12.98
28802.258,12.98
28802.359,12.927
28802.420,12.933
28802.564,13.007
28802.663,12.947
28802.766,12.993
28802.888,13.04
28802.974,12.94
28803.074,12.98
28803.170,12.947
28803.221,12.893
28803.380,12.887
28803.484,13.0
28803.584,12.947
28803.621,12.9
28803.716,12.92
28803.820,12.967
28803.927,12.907
28804.020,12.98
28804.121,12.947
28804.224,13.027
28804.327,12.96
28804.429,13.007
28804.530,13.013
28804.633,12.96
28804.724,12.987
28804.820,13.033
28804.922,12.853
28805.018,13.08
28805.136,12.993
28805.236,13.04
28805.334,12.907
28805.427,13.013
28805.530,12.853
28805.636,13.027
28805.734,12.84
28805.837,13.067
28805.912,12.88
28806.043,12.84
28806.145,13.007
28806.246,12.94
28806.349,13.06
28806.452,12.993
28806.564,12.96
28806.658,12.993
28856.760,12.833
28856.863,12.94
28856.973,12.92
28857.070,12.953
28857.168,12.993
28857.273,12.98
28857.385,13.08
28857.410,12.987
28857.506,13.067
28857.604,12.993
28857.785,12.84
28857.812,13.013
28857.910,12.96
28858.030,12.927
28858.121,12.887
28858.219,12.947
28858.300,12.873
28858.408,12.867
28858.513,12.907
28858.609,12.927
28858.704,12.967
28858.810,12.92
28858.910,12.907
28859.013,12.927
28859.133,12.973
28859.219,13.0
28859.322,12.947
28859.424,13.007
28859.545,12.96
28859.628,13.0
28859.729,12.92
28859.832,12.853
28859.937,12.96
28860.040,13.007
28860.148,12.953
28860.243,13.007
28860.354,13.02
28860.449,12.993
28860.549,12.933
28860.655,13.06
28860.753,13.04
28860.856,13.067
28860.978,12.967
28861.060,12.947
28861.094,12.927
28861.266,12.947
28861.293,13.013
28861.410,12.96
28861.508,12.9
28861.604,12.887
28861.707,12.967
28861.805,12.927
28861.903,12.933
28861.991,12.92
28862.187,12.94
28862.199,12.813
28862.298,12.9
28862.393,12.96
28862.494,12.84
28862.606,12.967
28862.702,12.88
28862.809,13.04
28862.903,13.007
28863.006,12.947
28863.109,12.947
28863.222,12.853
28863.319,13.147
28863.440,12.94
28863.543,13.007
28863.628,12.9
28863.731,12.94
28863.824,12.96
28863.929,12.92
28864.030,12.98
28864.133,12.907
28864.236,13.013
28864.347,12.9
28864.442,12.927
28864.543,12.84
28864.614,12.98
28864.748,12.953
28864.849,12.927
28864.920,12.893
28865.059,12.873
28865.084,12.933
28865.184,12.927
28865.283,12.933
28865.381,12.933
28865.489,13.007
28865.670,12.94
28865.697,12.933
28865.793,12.847
28865.898,12.88
28866.001,12.853
28866.077,12.867
28866.184,12.993
28866.283,12.98
28866.385,13.073
28866.486,13.0
28866.599,13.033
28866.697,12.92
28916.898,12.88
28916.900,12.913
28917.001,12.953
28917.103,12.86
28917.219,13.08
28917.310,12.847
28917.415,12.98
28917.511,12.953
28917.631,12.887
28917.731,13.033
28917.827,12.993
28917.927,12.947
28918.025,12.967
28918.126,13.027
28918.229,12.933
28918.331,12.9
28918.435,12.913
28918.501,12.913
28918.638,13.027
28918.741,12.967
28918.844,13.067
28918.873,13.0
28918.969,12.92
28919.081,12.86
28919.177,12.947
28919.277,12.907
28919.378,13.0
28919.469,12.847
28919.660,12.853
28919.690,12.96
28919.792,13.067
28919.976,12.933
28919.978,12.807
28920.074,12.933
28920.197,12.92
28920.282,13.027
28920.378,12.973
28920.481,12.893
28920.597,12.973
28920.692,12.927
28920.788,12.947
28920.898,12.9
28921.003,12.92
28921.101,12.927
28921.197,12.867
28921.307,13.02
28921.405,12.913
28921.506,12.953
28921.628,12.873
28921.717,12.967
28921.814,12.9
28921.915,12.96
28922.040,12.953
28922.072,12.993
28922.223,12.947
28922.283,12.933
28922.364,13.007
28922.496,13.013
28922.633,12.973
28922.667,13.06
28922.765,12.913
28922.864,13.013
28923.043,13.02
28923.069,12.993
28923.248,13.007
28923.275,12.907
28923.373,12.947
28923.467,12.953
28923.555,13.1
28923.663,13.127
28923.758,12.94
28923.878,12.947
28923.978,12.893
28924.074,12.88
28924.174,12.913
28924.271,12.92
28924.396,12.993
28924.478,12.98
28924.577,13.047
28924.687,12.933
28924.783,13.007
28924.885,12.98
28924.986,12.873
28925.089,12.92
28925.219,12.873
28925.305,12.987
28925.402,12.987
28925.506,12.88
28925.601,12.953
28925.716,13.02
28925.812,12.947
28925.908,12.807
28926.011,12.827
28926.113,12.913
28926.239,12.913
28926.317,12.927
28926.422,12.993
28926.523,12.987
28926.552,12.933
28926.648,13.04
28976.773,13.007
28976.853,12.827
28976.957,12.893
28977.059,12.907
28977.167,12.967
28977.346,12.98
28977.349,12.967
28977.444,13.027
28977.555,12.967
28977.652,13.0
28977.751,12.987
28977.875,13.013
28977.961,12.807
28978.062,12.907
28978.163,12.993
28978.265,12.953
28978.368,13.027
28978.469,12.933
28978.570,13.0
28978.682,12.973
28978.783,13.0
28978.885,12.96
28978.983,13.033
28979.086,12.86
28979.187,12.86
28979.290,12.873
28979.391,12.907
28979.494,12.967
28979.597,13.027
28979.714,12.887
28979.800,13.06
28979.903,12.887
28980.013,12.86
28980.040,12.947
28980.148,12.967
28980.246,13.087
28980.342,12.987
28980.449,12.887
28980.547,12.973
28980.650,13.02
28980.748,12.833
28980.848,12.927
28980.949,12.92
28981.052,12.953
28981.155,12.92
28981.258,12.833
28981.337,12.887
28981.440,13.0
28981.574,13.093
28981.643,12.913
28981.849,12.953
28981.851,13.053
28981.964,12.947
28982.062,13.067
28982.155,12.96
28982.258,13.067
28982.359,13.087
28982.462,12.953
28982.565,12.94
28982.697,12.973
28982.746,12.96
28982.873,13.06
28982.974,13.06
28983.079,13.113
28983.177,12.94
28983.283,12.92
28983.390,13.007
28983.484,13.013
28983.596,13.04
28983.694,12.913
28983.800,12.92
28983.829,12.987
28983.998,13.02
28984.125,12.953
28984.141,13.027
28984.239,12.987
28984.329,12.967
28984.432,13.027
28984.535,12.933
28984.717,12.92
28984.820,12.913
28984.831,12.92
28984.927,13.093
28985.023,12.92
28985.126,12.973
28985.226,12.913
28985.337,12.987
28985.432,13.02
28985.535,13.013
28985.638,12.993
28985.741,12.96
28985.842,12.953
28985.962,12.987
28986.049,13.007
28986.150,12.913
28986.258,12.94
28986.373,12.9
28986.429,12.907
28986.557,12.98
28986.662,12.933
29276.766,12.867
29276.866,13.067
29276.969,12.913
29277.079,12.933
29277.182,12.92
29277.283,12.987
29277.381,12.92
29277.479,12.907
29277.582,12.993
29277.685,12.927
29277.805,13.073
29277.815,12.96
29278.000,12.967
29278.028,12.947
29278.128,12.893
29278.234,12.88
29278.331,12.933
29278.427,12.987
29278.533,12.92
29278.628,12.987
29278.731,13.007
29278.810,13.06
29278.913,12.98
29279.016,13.04
29279.119,12.92
29279.244,12.987
29279.327,13.02
29279.425,12.967
29279.528,12.927
29279.640,13.02
29279.743,12.807
29279.844,13.007
29279.940,13.013
29280.049,12.973
29280.111,12.96
29280.244,12.967
29280.315,13.007
29280.415,13.073
29280.554,13.08
29280.653,13.027
29280.761,12.853
29280.859,12.733
29280.962,12.947
29281.065,12.973
29281.104,12.827
29281.268,12.893
29281.369,12.88
29281.478,12.907
29281.518,12.92
29281.680,12.927
29281.702,12.827
29281.804,12.98
29281.986,12.907
29282.013,12.94
29282.111,12.813
29282.209,13.087
29282.317,12.973
29282.418,12.88
29282.621,12.98
29282.626,12.92
29282.704,12.94
29282.805,12.84
29282.907,12.94
29283.013,13.053
29283.111,12.947
29283.216,12.96
29283.320,12.967
29283.425,13.02
29283.527,12.927
29283.626,13.0
29283.726,12.94
29283.829,12.94
29283.951,12.833
29284.074,12.907
29284.146,12.98
29284.202,13.073
29284.342,13.067
29284.461,13.047
29284.513,12.9
29284.650,13.007
29284.750,12.907
29284.822,13.013
29284.954,12.867
29285.057,12.86
29285.148,12.98
29285.271,12.827
29285.300,12.947
29285.396,13.08
29285.570,12.92
29285.672,12.84
29285.699,12.96
29285.804,12.9
29285.910,12.973
29286.013,12.92
29286.092,12.96
29286.212,13.04
29286.297,12.98
29286.395,13.033
29286.493,12.933
29286.594,13.02
29286.695,13.04
29336.799,13.013
29336.902,12.887
29337.010,12.907
29337.106,13.02
29337.209,12.92
29337.310,12.913
29337.425,12.813
29337.518,12.893
29337.619,12.94
29337.722,12.967
29337.822,13.0
29337.925,12.873
29338.027,12.907
29338.135,12.853
29338.231,12.987
29338.334,13.027
29338.457,12.9
29338.501,12.947
29338.641,12.947
29338.707,12.94
29338.868,12.933
29338.915,12.993
29339.050,12.967
29339.092,12.98
29339.192,13.013
29339.349,13.013
29339.402,12.94
29339.486,12.833
29339.589,13.053
29339.692,13.0
29339.869,12.867
29339.898,13.007
29339.996,12.927
29340.092,12.96
29340.177,12.88
29340.295,12.973
29340.383,12.987
29340.486,13.02
29340.591,12.92
29340.707,12.887
29340.805,12.973
29340.903,13.013
29341.001,12.967
29341.099,13.013
29341.202,13.0
29341.302,13.033
29341.407,12.96
29341.515,12.833
29341.611,12.887
29341.714,12.947
29341.815,12.933
29341.918,13.02
29342.021,13.0
29342.133,12.953
29342.228,12.967
29342.327,12.98
29342.440,13.0
29342.532,13.113
29342.636,13.007
29342.739,12.94
29342.839,13.053
29342.942,12.973
29342.969,12.967
29343.148,12.947
29343.175,12.953
29343.273,12.98
29343.376,13.047
29343.479,12.993
29343.604,12.973
29343.689,12.907
29343.787,12.913
29343.890,13.06
29343.967,12.96
29344.069,12.987
29344.194,12.98
29344.282,12.967
29344.381,12.98
29344.479,12.913
29344.574,12.86
29344.677,12.82
29344.785,12.84
29344.888,12.953
29344.984,12.907
29345.116,12.993
29345.195,12.96
29345.297,13.007
29345.400,12.94
29345.508,12.947
29345.606,13.033
29345.709,12.86
29345.810,12.927
29345.918,12.947
29346.018,12.96
29346.121,13.033
29346.219,13.02
29346.320,12.867
29346.424,12.967
29346.543,13.007
29346.560,12.98
29396.731,13.013
29396.761,12.92
29396.954,13.087
29396.961,12.98
29397.062,12.953
29397.163,12.993
29397.278,13.073
29397.373,12.953
29397.471,12.993
29397.576,12.967
29397.675,12.813
29397.778,12.987
29397.861,12.927
29397.961,12.907
29398.055,12.913
29398.163,12.987
29398.268,13.02
29398.380,13.087
29398.474,13.02
29398.574,12.907
29398.680,12.907
29398.792,13.027
29398.893,12.86
29398.989,13.007
29399.086,13.1
29399.189,13.007
29399.290,13.12
29399.395,12.92
29399.496,12.947
29399.598,12.913
29399.709,12.9
29399.905,13.033
29399.910,12.953
29400.010,12.947
29400.135,13.02
29400.217,13.0
29400.256,13.067
29400.631,13.007
29400.635,13.0
29400.636,13.0
29400.660,13.007
29400.758,13.02
29400.952,12.9
29400.967,13.053
29401.065,12.993
29401.158,12.88
29401.265,12.94
29401.364,12.88
29401.447,12.927
29401.545,13.02
29401.648,12.94
29401.755,13.0
29401.851,13.013
29401.954,13.0
29402.055,12.92
29402.168,12.88
29402.263,12.92
29402.364,12.953
29402.467,12.967
29402.570,12.907
29402.670,12.927
29402.790,12.807
29402.876,12.947
29402.978,13.027
29403.079,13.0
29403.201,13.047
29403.285,13.013
29403.353,13.007
29403.489,12.947
29403.594,12.973
29403.694,12.98
29403.800,12.933
29403.900,12.86
29403.940,12.847
29404.104,12.94
29404.216,12.933
29404.310,12.967
29404.339,12.98
29404.515,12.993
29404.540,13.013
29404.650,13.0
29404.748,12.96
29404.846,12.88
29404.945,12.86
29405.038,13.02
29405.138,13.033
29405.241,13.033
29405.363,13.013
29405.435,12.967
29405.538,13.013
29405.640,12.867
29405.743,13.033
29405.846,12.973
29405.956,13.007
29406.050,12.98
29406.153,12.98
29406.255,13.053
29406.366,12.907
29406.466,12.86
29406.572,12.907
29406.674,12.913
29456.771,12.993
29456.876,12.993
29456.973,12.953
29457.074,12.92
29457.199,12.9
29457.285,13.027
29457.383,12.94
29457.483,12.953
29457.587,12.847
29457.690,12.873
29457.797,12.847
29457.893,12.893
29457.935,12.973
29458.091,12.873
29458.199,12.893
29458.228,12.953
29458.329,12.887
29458.430,13.067
29458.532,12.947
29458.633,12.893
29458.744,13.107
29458.839,13.027
29458.942,12.873
29459.037,12.887
29459.123,12.96
29459.224,13.0
29459.326,13.153
29459.449,13.067
29459.540,12.96
29459.643,12.967
29459.736,12.967
29459.841,12.887
29459.940,12.947
29460.043,12.947
29460.146,12.92
29460.251,12.94
29460.349,12.947
29460.461,13.033
29460.559,13.013
29460.658,12.973
29460.761,12.873
29460.876,12.907
29460.966,12.867
29461.065,12.893
29461.170,13.027
29461.290,12.94
29461.315,12.967
29461.479,12.913
29461.579,13.04
29461.702,12.98
29461.729,12.953
29461.888,12.833
29461.917,12.9
29462.045,12.873
29462.116,12.987
29462.228,12.92
29462.361,13.02
29462.423,12.993
29462.525,13.073
29462.628,12.947
29462.712,13.033
29462.832,12.98
29462.912,12.993
29463.013,13.08
29463.123,12.907
29463.226,12.987
29463.324,12.973
29463.423,12.827
29463.525,12.967
29463.628,12.847
29463.724,13.013
29463.832,12.927
29463.935,12.953
29464.030,13.073
29464.135,12.9
29464.251,12.913
29464.346,12.967
29464.447,12.96
29464.550,13.033
29464.668,13.013
29464.768,13.053
29464.863,13.013
29464.962,13.02
29465.062,13.007
29465.163,12.98
29465.285,12.913
29465.366,12.987
29465.471,12.927
29465.572,12.947
29465.695,13.047
29465.778,13.0
29465.805,12.907
29465.988,12.96
29466.020,12.967
29466.111,12.94
29466.290,13.027
29466.320,13.007
29466.415,12.913
29466.516,12.92
29466.601,12.907
29516.731,12.9
29516.812,12.933
29516.903,13.06
29517.006,12.967
29517.125,12.873
29517.212,12.947
29517.314,12.96
29517.418,12.927
29517.535,12.893
29517.628,12.96
29517.724,13.04
29517.859,12.987
29517.922,12.853
29518.032,12.9
29518.133,12.887
29518.236,13.053
29518.337,12.96
29518.440,12.913
29518.550,12.967
29518.646,12.98
29518.748,12.907
29518.851,13.033
29518.959,12.907
29519.055,13.167
29519.158,12.86
29519.258,12.993
29519.371,12.947
29519.402,13.093
29519.500,13.053
29519.599,12.973
29519.695,12.947
29519.795,12.893
29519.898,13.0
29520.001,13.067
29520.101,12.98
29520.204,12.86
29520.307,12.9
29520.429,12.9
29520.489,13.033
29520.589,13.0
29520.694,12.98
29520.798,12.98
29520.905,12.993
29521.000,12.853
29521.104,13.033
29521.209,12.933
29521.307,12.98
29521.408,12.98
29521.533,13.0
29521.623,12.86
29521.719,13.12
29521.820,12.92
29521.944,12.993
29522.025,12.913
29522.126,13.027
29522.226,12.953
29522.337,12.873
29522.434,12.96
29522.537,12.927
29522.638,12.927
29522.685,12.94
29522.844,12.973
29522.947,13.033
29523.049,12.933
29523.153,12.913
29523.253,12.9
29523.371,12.867
29523.386,13.007
29523.484,12.853
29523.584,12.933
29523.687,13.0
29523.782,13.007
29523.880,13.02
29524.000,12.973
29524.106,13.08
29524.179,12.927
29524.280,12.967
29524.381,12.887
29524.481,12.92
29524.586,12.873
29524.687,12.953
29524.891,12.853
29524.893,12.893
29524.994,13.0
29525.097,12.967
29525.209,12.947
29525.302,12.967
29525.403,12.867
29525.478,12.92
29525.619,12.913
29525.721,12.9
29525.783,13.067
29525.915,12.933
29526.018,12.953
29526.121,12.92
29526.223,12.913
29526.324,13.047
29526.429,13.007
29526.530,13.027
29526.633,12.967
29526.679,13.0
29576.839,13.04
29576.940,12.92
29577.045,12.9
29577.084,13.013
29577.180,12.96
29577.275,13.007
29577.373,12.893
29577.481,12.893
29577.579,12.867
29577.690,12.993
29577.780,12.927
29577.893,12.92
29577.988,12.933
29578.089,12.907
29578.168,12.933
29578.270,13.007
29578.373,12.933
29578.474,12.987
29578.584,12.88
29578.682,12.947
29578.783,12.873
29578.885,12.873
29578.988,12.94
29579.089,12.867
29579.190,12.88
29579.302,12.967
29579.400,12.92
29579.500,12.873
29579.618,12.927
29579.704,12.98
29579.800,12.947
29579.910,12.96
29580.003,12.88
29580.114,13.007
29580.222,12.98
29580.319,12.96
29580.420,12.913
29580.527,12.907
29580.628,13.033
29580.728,12.96
29580.829,12.907
29580.861,13.033
29581.035,13.0
29581.064,12.993
29581.165,12.933
29581.344,12.827
29581.369,12.88
29581.479,13.093
29581.574,12.833
29581.679,13.007
29581.775,12.847
29581.866,12.967
29581.959,12.893
29582.065,12.993
29582.160,13.013
29582.265,13.073
29582.366,12.893
29582.473,12.953
29582.572,12.793
29582.674,12.947
29582.778,12.927
29582.886,12.92
29582.981,12.96
29583.084,12.793
29583.187,12.813
29583.292,12.887
29583.390,12.927
29583.494,12.88
29583.596,13.087
29583.704,12.94
29583.804,12.993
29583.903,12.98
29584.027,12.933
29584.116,12.967
29584.214,13.053
29584.312,12.96
29584.413,13.02
29584.520,12.953
29584.548,13.007
29584.680,13.007
29584.761,12.907
29584.848,13.02
29585.030,13.08
29585.064,13.067
29585.155,12.953
29585.258,13.033
29585.359,12.94
29585.462,12.947
29585.565,12.867
29585.652,12.807
29585.748,13.02
29585.866,13.0
29585.954,12.94
29586.052,12.887
29586.148,12.927
29586.278,12.913
29586.359,12.913
29586.464,13.087
29586.567,12.967
29586.670,12.9
29876.768,12.94
29876.871,12.96
29876.974,12.92
29877.081,12.907
29877.180,12.967
29877.282,12.94
29877.390,12.967
29877.489,12.98
29877.589,12.86
29877.726,12.993
29877.799,13.047
29877.896,13.113
29878.000,12.98
29878.114,12.947
29878.140,13.007
29878.310,13.087
29878.339,12.933
29878.439,12.92
29878.538,12.953
29878.638,12.993
29878.746,13.033
29878.842,13.04
29878.945,12.987
29879.126,12.933
29879.228,13.013
29879.236,12.9
29879.356,12.96
29879.454,12.947
29879.540,12.887
29879.638,12.973
29879.741,12.92
29879.842,12.993
29879.952,12.987
29880.048,13.013
29880.152,13.02
29880.378,13.027
29880.381,13.0
29880.457,12.98
29880.557,12.933
29880.660,13.04
29880.763,13.0
29880.866,12.893
29880.967,12.9
29881.079,12.907
29881.152,13.08
29881.275,12.913
29881.378,12.92
29881.462,12.833
29881.584,12.96
29881.684,12.973
29881.790,13.0
29881.896,13.04
29882.001,13.02
29882.025,12.947
29882.136,12.953
29882.224,13.007
29882.403,13.007
29882.430,12.947
29882.523,12.947
29882.633,12.893
29882.736,12.913
29882.847,12.867
29882.942,12.913
29883.043,12.84
29883.131,12.973
29883.222,12.947
29883.334,13.0
29883.432,12.987
29883.528,12.993
29883.630,13.047
29883.736,12.913
29883.836,12.853
29883.952,12.867
29884.040,12.933
29884.143,13.06
29884.246,12.967
29884.361,12.96
29884.427,12.933
29884.552,12.927
29884.685,12.92
29884.761,12.987
29884.859,12.967
29884.962,12.947
29885.065,12.867
29885.167,12.893
29885.268,12.92
29885.366,12.98
29885.472,12.98
29885.579,12.96
29885.677,13.0
29885.788,12.96
29885.883,12.94
29885.986,13.0
29886.013,12.94
29886.199,12.993
29886.231,13.013
29886.327,13.047
29886.424,13.1
29886.523,12.913
29886.613,12.893
29936.805,12.787
29936.834,12.947
29936.932,13.007
29937.011,13.0
29937.113,12.92
29937.217,12.933
29937.326,12.88
29937.425,12.9
29937.523,12.913
29937.625,12.987
29937.731,12.92
29937.829,12.92
29937.932,12.9
29938.038,12.88
29938.136,12.913
29938.258,12.913
29938.359,12.9
29938.444,12.973
29938.545,13.02
29938.648,12.987
29938.773,12.993
29938.853,13.007
29938.957,12.973
29939.057,12.947
29939.165,12.88
29939.263,12.973
29939.364,12.893
29939.467,12.967
29939.508,12.827
29939.604,12.86
29939.775,12.993
29939.802,12.94
29939.905,12.907
29940.011,12.96
29940.116,12.98
29940.223,12.98
29940.322,12.967
29940.423,12.98
29940.518,12.887
29940.611,12.88
29940.707,12.96
29940.807,13.0
29940.932,13.02
29941.013,12.873
29941.111,13.047
29941.233,13.02
29941.310,12.887
29941.418,12.947
29941.516,12.993
29941.618,13.04
29941.721,12.973
29941.822,12.88
29941.927,13.007
29942.035,12.953
29942.131,12.96
29942.233,13.007
29942.359,12.9
29942.445,12.913
29942.548,12.947
29942.646,13.02
29942.770,13.013
29942.856,12.987
29942.954,12.867
29943.052,12.953
29943.155,12.92
29943.258,13.033
29943.358,12.92
29943.427,12.893
29943.506,13.007
29943.665,13.0
29943.694,12.88
29943.792,12.887
29943.973,12.927
29944.001,12.833
29944.099,12.933
29944.202,12.967
29944.307,13.013
29944.405,12.853
29944.488,12.993
29944.606,12.927
29944.689,12.967
29944.793,12.96
29944.893,12.967
29945.018,13.02
29945.099,12.98
29945.202,12.9
29945.305,12.967
29945.410,12.893
29945.520,12.9
29945.618,12.967
29945.714,12.86
29945.822,12.973
29945.920,12.847
29946.021,12.967
29946.123,12.967
29946.226,12.993
29946.327,12.853
29946.447,12.913
29946.533,13.0
29946.636,13.047
29996.739,13.027
29996.859,12.893
29996.942,12.953
29997.045,12.98
29997.148,12.96
29997.260,12.953
29997.285,12.967
29997.381,12.873
29997.560,12.927
29997.592,12.907
29997.761,12.96
29997.790,12.88
29997.967,12.94
29997.994,12.987
29998.094,12.96
29998.197,12.887
29998.283,12.967
29998.376,12.98
29998.479,12.88
29998.581,12.92
29998.690,13.12
29998.787,12.793
29998.888,12.867
29999.018,12.913
29999.092,12.933
29999.197,13.02
29999.299,13.04
29999.400,12.953
29999.505,13.073
29999.604,12.86
29999.707,12.9
29999.820,12.927
29999.920,12.967
30000.021,13.013
30000.126,12.88
30000.221,12.933
30000.324,12.927
30000.424,12.96
30000.532,13.027
30000.628,12.973
30000.731,12.86
30000.856,12.887
30000.871,12.82
30001.038,12.88
30001.070,12.94
30001.243,12.887
30001.268,12.94
30001.369,13.02
30001.472,13.007
30001.589,13.073
30001.680,13.027
30001.780,12.987
30001.880,12.92
30001.984,12.987
30002.087,12.967
30002.187,12.953
30002.266,13.027
30002.371,12.947
30002.473,12.993
30002.574,13.04
30002.695,13.06
30002.778,12.92
30002.905,13.08
30002.984,13.087
30003.104,12.96
30003.201,12.927
30003.278,12.907
30003.393,12.987
30003.496,12.86
30003.603,12.92
30003.699,12.927
30003.805,12.927
30003.905,12.947
30004.010,12.98
30004.113,13.153
30004.239,12.907
30004.317,13.027
30004.420,12.933
30004.530,12.88
30004.623,13.107
30004.726,13.02
30004.827,13.073
30004.945,12.973
30004.974,12.893
30005.059,12.913
30005.158,12.94
30005.265,13.093
30005.376,13.02
30005.479,12.853
30005.574,12.947
30005.670,13.047
30005.773,13.013
30005.876,12.933
30005.957,12.933
30006.057,12.953
30006.158,12.967
30006.261,13.013
30006.369,12.887
30006.503,12.947
30006.576,12.907
30006.673,13.013
30056.780,13.02
30056.878,12.993
30056.978,12.953
30057.103,12.967
30057.184,13.013
30057.251,12.967
30057.388,13.02
30057.489,13.02
30057.616,13.073
30057.695,13.107
30057.802,12.98
30057.876,12.953
30058.003,12.973
30058.114,12.86
30058.177,12.907
30058.310,13.02
30058.413,13.047
30058.521,12.973
30058.548,12.96
30058.719,13.0
30058.820,13.0
30058.849,12.913
30058.962,13.007
30059.050,13.06
30059.146,12.927
30059.266,13.047
30059.353,13.033
30059.461,12.953
30059.547,12.88
30059.675,12.987
30059.744,12.933
30059.853,12.933
30059.951,12.98
30060.074,12.853
30060.153,12.953
30060.255,12.88
30060.361,12.993
30060.461,12.993
30060.562,13.087
30060.665,12.96
30060.778,12.887
30060.869,13.06
30060.972,13.007
30061.074,12.867
30061.190,12.893
30061.287,12.94
30061.386,13.0
30061.484,12.893
30061.592,12.92
30061.687,12.973
30061.792,12.987
30061.893,12.953
30061.996,13.1
30062.098,13.073
30062.201,13.02
30062.302,12.913
30062.405,12.92
30062.508,12.92
30062.616,12.933
30062.636,12.893
30062.736,12.98
30062.839,12.987
30062.945,13.0
30063.052,12.833
30063.146,12.933
30063.277,13.06
30063.332,13.127
30063.454,13.04
30063.554,13.013
30063.633,13.067
30063.736,12.947
30063.839,12.933
30063.940,12.933
30064.045,12.88
30064.153,12.98
30064.248,12.927
30064.351,12.92
30064.452,12.933
30064.565,12.907
30064.665,12.973
30064.761,12.987
30064.866,13.073
30064.964,13.16
30065.067,12.973
30065.190,13.08
30065.273,12.867
30065.373,12.92
30065.481,12.913
30065.599,13.0
30065.682,12.947
30065.788,12.987
30065.886,12.947
30065.993,12.973
30066.099,12.94
30066.130,13.02
30066.226,13.013
30066.423,12.92
30066.425,12.973
30066.525,13.013
30066.626,12.907
30116.731,12.907
30116.834,12.987
30116.935,12.967
30117.027,12.913
30117.141,12.94
30117.241,13.053
30117.439,13.013
30117.440,12.947
30117.537,12.96
30117.635,12.94
30117.731,12.98
30117.832,12.92
30117.934,12.927
30118.040,12.967
30118.141,12.973
30118.243,13.113
30118.344,12.96
30118.449,12.987
30118.552,12.88
30118.619,12.853
30118.723,12.973
30118.864,13.04
30118.925,12.947
30119.067,12.907
30119.138,12.84
30119.275,12.967
30119.369,13.02
30119.472,12.94
30119.599,12.947
30119.675,12.92
30119.719,12.92
30119.814,13.067
30119.917,12.953
30120.086,12.913
30120.116,12.96
30120.212,13.053
30120.332,13.0
30120.420,13.047
30120.520,12.98
30120.709,12.92
30120.717,12.853
30120.812,13.02
30120.940,12.88
30121.011,12.967
30121.138,12.967
30121.212,12.893
30121.314,12.913
30121.435,12.96
30121.521,12.973
30121.621,12.867
30121.724,12.913
30121.847,12.96
30121.930,13.073
30122.030,12.887
30122.133,12.787
30122.241,12.8
30122.339,12.933
30122.449,12.993
30122.542,13.013
30122.655,13.0
30122.758,12.953
30122.853,12.953
30122.952,12.98
30123.055,13.067
30123.160,12.973
30123.275,12.92
30123.364,12.873
30123.464,13.04
30123.567,12.933
30123.687,12.98
30123.716,12.873
30123.896,12.973
30123.952,12.827
30124.008,12.947
30124.103,12.927
30124.204,12.9
30124.307,12.92
30124.410,13.0
30124.513,12.973
30124.616,12.92
30124.716,12.98
30124.819,12.927
30124.898,13.007
30124.998,13.027
30125.111,12.94
30125.204,12.9
30125.307,13.02
30125.408,13.0
30125.521,12.993
30125.616,12.873
30125.723,12.973
30125.819,13.047
30125.922,13.027
30126.033,12.933
30126.131,12.953
30126.229,12.94
30126.331,13.027
30126.434,13.027
30126.537,12.947
30126.648,12.933
30176.746,12.987
30176.844,12.973
30176.949,13.027
30177.059,13.007
30177.175,12.98
30177.253,12.98
30177.359,13.173
30177.457,12.933
30177.560,13.047
30177.682,12.993
30177.697,13.047
30177.793,12.987
30177.900,12.933
30177.996,12.893
30178.094,12.9
30178.199,12.847
30178.381,12.9
30178.420,12.973
30178.508,12.827
30178.687,12.96
30178.690,12.913
30178.790,13.153
30178.902,13.04
30178.998,12.96
30179.121,12.96
30179.199,12.867
30179.300,12.947
30179.403,12.92
30179.521,13.02
30179.613,12.993
30179.719,12.94
30179.814,12.98
30179.929,13.007
30180.025,13.053
30180.125,13.033
30180.222,12.933
30180.324,13.013
30180.427,12.927
30180.530,12.973
30180.633,12.947
30180.736,12.94
30180.832,12.94
30180.940,12.9
30181.040,12.873
30181.143,12.893
30181.241,12.953
30181.359,12.96
30181.442,12.96
30181.554,13.013
30181.658,12.873
30181.685,13.027
30181.793,12.907
30181.900,12.96
30181.996,12.86
30182.092,12.953
30182.177,12.873
30182.278,12.967
30182.376,13.0
30182.474,13.007
30182.579,12.953
30182.680,12.953
30182.783,12.96
30182.898,12.953
30182.994,13.0
30183.089,13.013
30183.197,13.06
30183.295,12.967
30183.400,13.053
30183.501,12.993
30183.608,13.14
30183.706,12.987
30183.807,12.94
30183.871,12.907
30183.979,12.973
30184.116,13.027
30184.179,13.0
30184.319,12.993
30184.388,12.9
30184.523,12.973
30184.626,12.907
30184.736,12.88
30184.831,12.953
30184.934,12.873
30185.045,13.047
30185.074,12.973
30185.170,12.96
30185.348,13.007
30185.371,12.973
30185.469,12.88
30185.570,13.02
30185.675,13.0
30185.768,12.947
30185.962,12.94
30185.966,12.993
30186.065,12.96
30186.180,12.947
30186.277,13.007
30186.375,12.987
30186.472,12.953
30186.572,12.94
30186.673,13.027
30476.783,13.113
30476.888,12.993
30476.986,13.0
30477.087,12.88
30477.187,12.953
30477.288,13.027
30477.391,12.907
30477.494,13.0
30477.606,12.973
30477.697,13.107
30477.809,13.087
30477.905,12.98
30478.020,12.94
30478.082,12.987
30478.211,12.94
30478.312,13.027
30478.415,13.093
30478.513,12.987
30478.621,12.993
30478.726,13.027
30478.824,12.893
30478.925,12.94
30479.028,12.973
30479.131,12.96
30479.162,12.94
30479.261,13.1
30479.359,12.993
30479.467,12.953
30479.572,12.933
30479.670,12.98
30479.773,12.94
30479.854,12.84
30479.976,12.9
30480.052,12.98
30480.179,12.893
30480.258,12.94
30480.359,12.967
30480.471,13.073
30480.565,13.04
30480.668,12.887
30480.770,12.893
30480.873,13.013
30480.981,13.033
30481.077,12.987
30481.180,13.047
30481.290,13.013
30481.386,12.993
30481.488,12.967
30481.608,12.96
30481.716,13.0
30481.795,12.993
30481.896,12.953
30481.959,12.853
30482.067,12.9
30482.204,12.953
30482.270,12.987
30482.430,12.887
30482.511,12.927
30482.614,12.893
30482.684,12.98
30482.751,12.94
30482.844,12.98
30482.945,12.88
30483.045,12.887
30483.148,12.907
30483.251,12.96
30483.349,12.92
30483.456,13.027
30483.557,12.98
30483.643,12.967
30483.741,12.94
30483.854,12.973
30483.945,12.973
30484.049,13.013
30484.148,12.993
30484.265,12.953
30484.361,12.98
30484.459,13.047
30484.559,12.96
30484.662,12.893
30484.765,12.987
30484.866,12.887
30484.954,12.753
30485.072,12.887
30485.174,13.007
30485.275,13.127
30485.378,12.973
30485.479,12.933
30485.584,12.927
30485.652,12.927
30485.788,13.04
30485.890,13.04
30485.994,13.08
30486.077,12.953
30486.199,12.833
30486.299,13.027
30486.402,12.96
30486.503,12.9
30486.608,12.98
30486.633,12.86
30536.733,12.913
30536.834,12.933
30536.937,13.0
30537.040,12.887
30537.162,12.933
30537.251,12.987
30537.349,12.867
30537.449,12.973
30537.530,13.04
30537.638,12.9
30537.736,12.9
30537.836,12.94
30537.940,12.953
30538.040,13.053
30538.143,12.947
30538.265,12.96
30538.349,13.073
30538.449,12.867
30538.552,12.927
30538.675,12.927
30538.760,12.98
30538.861,13.0
30538.962,12.907
30539.065,12.933
30539.168,12.96
30539.270,12.967
30539.373,12.913
30539.481,12.867
30539.577,12.993
30539.680,12.967
30539.780,12.94
30539.883,13.02
30539.949,13.033
30540.101,13.0
30540.192,13.02
30540.293,13.0
30540.322,12.993
30540.422,12.927
30540.533,12.947
30540.628,12.8
30540.726,13.02
30540.834,13.04
30540.935,12.98
30541.035,13.007
30541.138,13.04
30541.239,13.133
30541.320,12.947
30541.418,12.967
30541.523,12.92
30541.623,12.893
30541.728,12.933
30541.829,13.007
30541.939,12.987
30542.035,13.02
30542.136,13.067
30542.239,12.94
30542.349,12.913
30542.447,12.927
30542.545,13.073
30542.648,12.9
30542.751,13.087
30542.854,12.953
30542.959,12.94
30543.059,13.06
30543.160,12.953
30543.263,12.947
30543.366,12.933
30543.478,12.88
30543.576,12.933
30543.673,12.873
30543.777,13.027
30543.815,13.073
30543.910,13.02
30544.082,13.067
30544.111,12.88
30544.212,12.973
30544.310,12.953
30544.510,12.933
30544.528,13.02
30544.623,12.98
30544.721,12.867
30544.824,12.907
30544.923,12.947
30545.028,12.88
30545.106,13.027
30545.246,13.0
30545.312,13.033
30545.413,12.893
30545.516,12.92
30545.618,13.06
30545.728,12.973
30545.822,12.993
30545.929,12.98
30546.027,13.047
30546.131,13.02
30546.233,12.953
30546.351,12.967
30546.440,12.94
30546.540,12.947
30546.643,12.933
30596.761,12.887
30596.861,12.873
30596.957,12.873
30597.052,12.94
30597.153,12.833
30597.258,12.913
30597.359,12.913
30597.462,13.06
30597.564,12.987
30597.668,13.013
30597.777,12.953
30597.871,12.92
30597.896,13.02
30597.996,13.107
30598.099,12.947
30598.209,12.9
30598.307,12.94
30598.407,12.98
30598.511,12.88
30598.598,12.967
30598.695,13.007
30598.815,12.993
30598.893,12.947
30599.003,12.987
30599.099,13.02
30599.202,12.96
30599.305,12.947
30599.408,12.953
30599.511,13.04
30599.611,13.06
30599.724,13.0
30599.820,12.953
30599.918,13.013
30600.025,12.953
30600.131,13.013
30600.229,12.933
30600.329,12.933
30600.435,12.933
30600.533,12.92
30600.636,12.893
30600.758,12.913
30600.844,13.033
30600.942,12.913
30601.064,12.86
30601.089,12.893
30601.250,12.893
30601.353,12.96
30601.456,12.96
30601.494,13.0
30601.589,13.02
30601.684,12.84
30601.787,12.94
30601.966,12.927
30601.996,13.027
30602.092,12.973
30602.204,12.967
30602.298,12.94
30602.400,13.007
30602.503,12.967
30602.598,13.007
30602.685,12.98
30602.787,12.967
30602.898,12.933
30603.008,12.953
30603.104,13.013
30603.204,12.98
30603.298,12.98
30603.400,13.06
30603.503,13.027
30603.606,13.027
30603.707,12.92
30603.778,12.967
30603.913,12.94
30604.025,13.04
30604.126,12.907
30604.221,12.933
30604.322,13.04
30604.434,12.933
30604.528,12.947
30604.628,13.027
30604.739,12.92
30604.848,12.973
30604.942,12.867
30605.038,12.887
30605.140,12.973
30605.243,12.987
30605.347,13.0
30605.375,12.987
30605.550,12.893
30605.579,12.953
30605.677,12.907
30605.780,12.98
30605.973,12.913
30605.976,12.98
30606.077,13.04
30606.175,13.027
30606.271,12.92
30606.381,13.02
30606.476,12.98
30606.577,12.967
30606.684,12.973
30656.805,13.02
30656.883,13.06
30657.006,13.02
30657.092,12.993
30657.189,13.027
30657.290,12.873
30657.395,12.98
30657.521,12.873
30657.623,12.913
30657.706,13.047
30657.810,12.953
30657.907,12.933
30658.013,13.027
30658.113,12.94
30658.216,12.92
30658.315,12.813
30658.413,12.827
30658.521,12.927
30658.623,12.933
30658.726,12.887
30658.844,12.913
30658.956,12.98
30659.033,12.96
30659.064,12.867
30659.168,12.887
30659.278,12.927
30659.376,12.92
30659.473,12.967
30659.577,13.0
30659.675,12.92
30659.773,12.96
30659.861,13.007
30659.978,13.013
30660.082,12.967
30660.158,12.993
30660.261,12.953
30660.388,12.98
30660.467,12.92
30660.569,12.92
30660.707,13.1
30660.777,12.953
30660.875,12.907
30660.979,13.053
30661.097,12.86
30661.194,12.953
30661.293,12.96
30661.388,12.94
30661.491,12.953
30661.594,13.027
30661.695,13.027
30661.805,12.967
30661.873,12.9
30662.011,12.973
30662.207,13.087
30662.211,13.047
30662.310,12.98
30662.353,12.893
30662.454,13.06
30662.618,12.933
30662.719,13.04
30662.822,12.967
30662.932,12.927
30662.959,12.96
30663.128,13.0
30663.160,13.027
30663.253,13.0
30663.366,12.993
30663.469,12.893
30663.641,12.867
30663.670,13.0
30663.768,12.927
30663.869,12.987
30663.951,12.947
30664.059,13.0
30664.162,12.953
30664.256,12.9
30664.364,12.847
30664.462,12.94
30664.562,12.873
30664.687,13.0
30664.768,12.927
30664.898,12.927
30664.972,12.92
30665.092,12.967
30665.202,13.007
30665.278,12.867
30665.347,12.98
30665.503,13.073
30665.549,12.933
30665.657,12.9
30665.790,12.88
30665.866,12.893
30665.996,12.907
30666.121,12.947
30666.201,12.973
30666.305,13.007
30666.415,12.96
30666.442,13.147
30666.611,12.92
30716.719,12.98
30716.750,12.973
30716.847,12.973
30716.952,12.927
30717.052,12.953
30717.314,12.88
30717.315,12.96
30717.429,12.927
30717.457,12.853
30717.555,12.953
30717.738,12.927
30717.739,12.893
30717.848,13.073
30717.945,12.96
30718.043,13.007
30718.146,12.933
30718.248,12.933
30718.351,12.993
30718.454,12.9
30718.565,12.953
30718.663,12.96
30718.768,13.013
30718.864,12.94
30718.964,12.88
30719.067,12.88
30719.177,12.98
30719.280,12.973
30719.380,12.967
30719.501,12.953
30719.579,12.907
30719.706,12.9
30719.787,12.833
30719.886,13.007
30719.991,13.0
30720.049,12.907
30720.194,12.94
30720.236,12.907
30720.359,12.9
30720.501,12.887
30720.530,12.893
30720.707,12.947
30720.741,12.987
30720.832,12.98
30720.935,12.967
30721.040,12.9
30721.140,12.887
30721.236,12.993
30721.339,12.94
30721.424,12.88
30721.527,12.947
30721.628,12.993
30721.751,13.0
30721.844,12.92
30721.945,12.94
30722.040,13.013
30722.143,12.88
30722.241,12.907
30722.344,12.927
30722.447,12.94
30722.557,13.073
30722.662,12.913
30722.761,12.967
30722.858,13.06
30722.959,12.933
30723.062,12.98
30723.179,12.913
30723.275,12.867
30723.393,13.06
30723.471,13.033
30723.616,13.0
30723.618,13.02
30723.802,12.913
30723.912,12.98
30723.988,13.0
30724.094,12.907
30724.123,12.813
30724.219,12.967
30724.393,13.047
30724.423,12.953
30724.518,13.007
30724.709,12.933
30724.736,12.993
30724.834,12.913
30724.932,12.913
30725.016,12.893
30725.135,12.893
30725.236,12.907
30725.341,12.953
30725.425,12.887
30725.525,12.973
30725.621,13.047
30725.723,12.953
30725.826,12.9
30725.952,12.947
30726.030,12.96
30726.157,12.947
30726.224,12.94
30726.342,12.873
30726.440,12.953
30726.552,12.92
30726.648,12.933
30776.748,13.113
30776.851,12.827
30776.962,12.94
30777.059,13.127
30777.163,13.02
30777.263,12.893
30777.363,12.947
30777.464,13.053
30777.609,12.96
30777.611,12.987
30777.771,13.013
30777.875,12.853
30777.905,12.987
30778.023,12.967
30778.106,12.947
30778.207,12.953
30778.322,12.953
30778.413,12.947
30778.521,12.953
30778.619,12.96
30778.717,13.113
30778.820,12.973
30778.923,12.973
30779.003,12.947
30779.128,12.987
30779.216,12.9
30779.336,12.993
30779.424,12.967
30779.513,12.967
30779.640,12.907
30779.724,12.907
30779.837,12.993
30779.932,12.84
30780.032,12.987
30780.128,12.933
30780.231,13.04
30780.332,13.1
30780.435,13.0
30780.537,12.88
30780.665,12.867
30780.702,12.96
30780.807,13.073
30780.915,12.92
30781.072,12.98
30781.152,12.967
30781.263,13.033
30781.358,12.96
30781.459,13.08
30781.562,12.933
30781.697,12.867
30781.699,12.907
30781.792,12.893
30781.996,13.027
30782.011,12.927
30782.114,12.96
30782.207,12.987
30782.307,12.873
30782.403,12.927
30782.506,13.007
30782.609,12.907
30782.733,12.853
30782.800,13.0
30782.896,12.887
30782.994,12.967
30783.099,12.953
30783.209,12.927
30783.307,12.88
30783.403,12.953
30783.535,12.973
30783.608,12.993
30783.711,12.927
30783.856,12.98
30783.915,12.927
30784.018,12.86
30784.123,12.84
30784.246,12.873
30784.326,12.907
30784.452,12.893
30784.530,13.02
30784.636,12.993
30784.736,13.04
30784.837,13.0
30784.940,12.947
30785.045,12.88
30785.168,12.953
30785.271,12.94
30785.349,12.94
30785.445,12.993
30785.549,12.907
30785.672,12.98
30785.689,13.067
30785.788,12.953
30785.886,12.92
30785.989,12.953
30786.082,13.02
30786.202,12.947
30786.278,12.867
30786.407,12.987
30786.479,12.893
30786.601,12.953
30786.682,12.967
28676.785,12.807
28676.886,12.993
28676.991,13.02
28677.091,12.907
28677.192,12.947
28677.295,12.973
28677.403,12.913
28677.511,12.987
28677.603,12.953
28677.712,12.96
28677.832,12.927
28677.920,13.007
28677.976,13.013
28678.079,12.913
28678.216,13.007
28678.290,12.887
28678.422,12.98
28678.523,13.0
28678.650,12.853
28678.729,12.833
28678.829,12.927
28678.979,12.887
28679.016,13.007
28679.138,12.98
28679.241,12.98
28679.347,12.827
28679.437,12.96
28679.469,13.027
28679.572,12.96
28679.674,13.047
28679.783,12.933
28679.883,12.973
28679.986,12.92
28680.082,13.053
28680.172,13.0
28680.268,12.9
28680.366,12.947
28680.471,12.833
28680.572,13.033
28680.685,12.967
28680.817,12.98
28680.881,12.94
28680.981,12.973
28681.084,12.88
28681.187,13.093
28681.293,12.913
28681.400,12.947
28681.498,12.973
28681.596,12.947
28681.722,12.967
28681.800,12.927
28681.920,12.9
28682.008,12.8
28682.108,12.953
28682.168,12.94
28682.332,13.0
28682.415,12.927
28682.478,12.9
28682.582,12.947
28682.685,12.933
28682.832,12.973
28682.861,12.807
28682.991,12.987
28683.101,12.953
28683.201,13.0
28683.258,12.927
28683.361,13.08
28683.469,13.047
28683.567,13.013
28683.668,13.027
28683.758,12.98
28683.871,13.033
28683.976,12.813
28684.077,12.9
28684.170,13.013
28684.266,12.967
28684.361,13.04
28684.464,12.82
28684.565,12.867
28684.694,12.88
28684.793,12.953
28684.873,12.947
28684.981,12.973
28685.086,12.96
28685.180,12.92
28685.283,12.96
28685.385,12.92
28685.486,12.827
28685.594,12.907
28685.695,12.907
28685.795,12.96
28685.922,13.04
28686.006,13.027
28686.103,12.993
28686.229,13.0
28686.331,12.947
28686.349,13.007
28686.540,12.907
28686.614,12.913
28736.739,12.953
28736.842,12.847
28736.922,13.027
28736.949,12.92
28737.064,12.873
28737.153,13.0
28737.253,13.047
28737.354,12.92
28737.457,12.933
28737.557,12.94
28737.646,12.847
28737.746,13.033
28737.866,12.967
28737.945,12.933
28738.048,12.973
28738.168,12.94
28738.244,12.927
28738.353,13.013
28738.484,12.94
28738.581,13.033
28738.662,12.987
28738.763,12.927
28738.866,12.933
28738.972,12.92
28739.070,12.98
28739.175,13.027
28739.268,12.973
28739.380,12.967
28739.481,12.987
28739.584,13.06
28739.685,12.953
28739.788,12.867
28739.891,12.933
28740.003,12.907
28740.052,12.987
28740.202,12.927
28740.300,12.933
28740.417,12.967
28740.445,12.867
28740.562,13.007
28740.702,12.96
28740.739,12.867
28740.839,12.993
28740.976,12.947
28741.045,12.833
28741.153,12.987
28741.236,13.027
28741.356,12.94
28741.445,13.0
28741.554,12.953
28741.648,12.96
28741.734,12.98
28741.842,12.967
28741.930,12.893
28742.042,12.967
28742.146,12.913
28742.253,12.933
28742.349,12.96
28742.451,12.813
28742.552,12.92
28742.655,13.02
28742.751,12.993
28742.869,12.973
28742.964,13.06
28743.065,13.0
28743.187,13.0
28743.261,13.093
28743.381,12.927
28743.479,12.993
28743.577,12.893
28743.682,12.907
28743.793,13.087
28743.891,12.94
28743.986,12.833
28744.092,12.967
28744.192,12.92
28744.293,13.12
28744.415,12.987
28744.432,12.94
28744.528,12.953
28744.630,13.047
28744.728,13.0
28744.826,12.987
28744.934,13.013
28745.035,12.967
28745.150,13.02
28745.241,13.067
28745.324,12.88
28745.420,12.927
28745.540,12.893
28745.633,12.94
28745.734,12.933
28745.834,12.993
28745.932,13.033
28746.023,13.02
28746.131,12.913
28746.251,12.967
28746.341,12.953
28746.452,13.013
28746.548,12.913
28746.665,13.033
28796.739,12.993
28796.854,12.96
28796.956,13.033
28797.084,12.96
28797.163,12.86
28797.263,13.04
28797.366,12.867
28797.469,13.027
28797.572,13.073
28797.674,12.987
28797.775,12.973
28797.883,13.067
28798.003,13.04
28798.089,12.927
28798.209,12.9
28798.212,12.973
28798.314,12.833
28798.413,12.893
28798.525,12.92
28798.623,12.887
28798.722,12.887
28798.824,12.927
28798.925,13.073
28799.030,12.967
28799.130,12.913
28799.231,12.807
28799.320,12.813
28799.442,12.827
28799.516,12.853
28799.628,12.987
28799.748,12.867
28799.846,12.953
28799.930,12.973
28800.028,12.973
28800.153,13.047
28800.233,13.013
28800.341,12.887
28800.445,13.027
28800.545,12.993
28800.662,13.0
28800.775,12.807
28800.814,12.953
28800.949,13.0
28801.074,13.053
28801.155,12.947
28801.256,13.02
28801.351,12.913
28801.467,12.96
28801.565,12.953
28801.667,12.893
28801.768,13.007
28801.807,12.96
28801.905,13.033
28802.001,12.92
28802.101,12.92
28802.201,12.86
28802.304,13.027
28802.405,13.053
28802.500,12.953
28802.613,12.96
28802.711,12.927
28802.810,12.88
28802.912,12.987
28803.010,13.013
28803.106,12.927
28803.202,13.087
28803.305,12.94
28803.407,12.927
28803.511,13.027
28803.613,12.927
28803.726,12.887
28803.824,12.933
28803.922,12.853
28804.021,12.96
28804.125,12.847
28804.226,12.92
28804.337,13.0
28804.437,12.987
28804.559,12.987
28804.636,12.92
28804.748,13.0
28804.846,12.88
28804.942,12.967
28805.072,13.033
28805.158,13.007
28805.253,12.967
28805.376,12.833
28805.456,12.96
28805.564,13.047
28805.592,12.927
28805.771,12.913
28805.807,12.913
28805.891,12.993
28805.989,13.053
28806.109,13.007
28806.199,12.86
28806.300,12.867
28806.400,13.033
28806.505,12.973
28806.613,13.02
28806.707,12.9
28856.810,12.913
28856.910,12.947
28856.998,13.1
28857.119,12.953
28857.221,13.073
28857.322,12.94
28857.403,12.973
28857.530,12.94
28857.606,12.953
28857.714,13.0
28857.810,13.053
28857.937,12.953
28858.025,13.007
28858.126,12.933
28858.231,12.92
28858.327,12.953
28858.425,12.987
28858.528,12.833
28858.631,12.953
28858.748,13.007
28858.834,12.933
28858.935,13.0
28859.038,12.927
28859.160,12.94
28859.185,12.98
28859.298,13.053
28859.403,12.867
28859.484,13.013
28859.680,13.0
28859.682,13.06
28859.780,12.88
28859.883,12.947
28859.984,13.007
28860.087,13.107
28860.268,12.947
28860.295,12.953
28860.393,12.967
28860.498,12.913
28860.584,12.96
28860.684,12.947
28860.788,12.927
28860.890,12.893
28860.996,13.013
28861.092,12.853
28861.189,12.96
28861.292,12.98
28861.418,12.827
28861.496,12.96
28861.599,13.027
28861.702,13.047
28861.805,12.947
28861.907,12.9
28862.010,12.887
28862.123,12.993
28862.221,12.96
28862.341,13.0
28862.424,12.947
28862.521,12.893
28862.623,12.973
28862.751,12.96
28862.834,13.027
28862.932,12.92
28862.989,12.967
28863.158,12.96
28863.175,12.96
28863.307,12.993
28863.445,12.967
28863.473,12.98
28863.570,12.993
28863.680,12.953
28863.778,12.82
28863.893,13.02
28863.976,13.033
28864.074,12.967
28864.184,12.947
28864.285,13.053
28864.373,13.047
28864.494,13.04
28864.572,13.06
28864.674,13.007
28864.775,12.92
28864.900,13.013
28864.996,13.027
28865.084,12.98
28865.192,12.953
28865.314,12.98
28865.408,13.007
28865.501,13.007
28865.599,12.847
28865.695,13.013
28865.804,12.96
28865.903,13.02
28866.030,13.013
28866.104,12.9
28866.209,12.947
28866.309,12.933
28866.410,12.987
28866.538,13.073
28866.643,12.993
28916.719,12.933
28916.834,13.007
28916.947,13.073
28917.050,12.987
28917.126,12.893
28917.244,12.953
28917.268,12.927
28917.364,12.927
28917.461,12.993
28917.567,12.947
28917.675,12.94
28917.773,12.94
28917.876,13.027
28917.972,13.04
28918.057,12.9
28918.177,12.953
28918.256,12.833
28918.363,12.973
28918.459,13.007
28918.562,12.98
28918.670,12.98
28918.780,12.913
28918.871,12.82
28918.973,12.86
28919.082,13.027
28919.177,12.96
28919.280,12.967
28919.405,12.947
28919.494,12.927
28919.592,13.02
28919.690,12.933
28919.792,12.953
28919.900,13.0
28919.998,13.027
28920.094,13.02
28920.209,12.953
28920.310,12.92
28920.430,12.96
28920.508,12.947
28920.550,12.94
28920.646,13.06
28920.815,12.907
28920.927,13.08
28920.956,13.007
28921.055,12.98
28921.243,12.953
28921.261,12.953
28921.359,12.927
28921.462,12.96
28921.557,12.933
28921.655,12.88
28921.761,13.073
28921.861,12.947
28921.978,12.96
28922.043,12.873
28922.148,13.127
28922.246,12.993
28922.351,12.927
28922.479,12.907
28922.555,12.947
28922.658,13.047
28922.760,12.96
28922.858,12.913
28922.966,12.92
28923.081,12.973
28923.179,13.067
28923.299,12.947
28923.398,12.833
28923.491,12.887
28923.592,12.987
28923.690,13.12
28923.815,13.0
28923.900,13.013
28923.996,12.967
28924.094,13.02
28924.195,12.993
28924.299,13.0
28924.400,12.973
28924.501,13.053
28924.604,12.953
28924.729,12.92
28924.832,12.993
28924.834,12.993
28924.942,12.987
28925.038,12.967
28925.141,12.913
28925.243,13.0
28925.361,12.98
28925.449,13.16
28925.549,12.973
28925.653,12.953
28925.731,12.94
28925.832,12.987
28925.935,13.013
28926.065,12.933
28926.140,13.04
28926.244,12.967
28926.349,12.94
28926.456,12.94
28926.555,13.0
28926.675,12.947
28976.761,13.02
28976.834,12.88
28976.983,12.98
28977.062,13.033
28977.167,13.0
28977.266,12.94
28977.369,13.013
28977.464,12.913
28977.579,12.96
28977.675,12.927
28977.778,12.88
28977.902,12.913
28977.984,13.007
28978.114,12.933
28978.189,12.98
28978.224,12.86
28978.393,12.947
28978.496,12.993
28978.525,12.867
28978.699,12.913
28978.728,13.027
28978.834,13.047
28979.006,12.993
28979.035,13.007
28979.133,13.027
28979.234,12.96
28979.329,13.0
28979.442,12.953
28979.528,12.967
28979.631,12.96
28979.739,12.973
28979.834,13.047
28979.932,12.967
28980.033,12.98
28980.133,13.007
28980.260,12.887
28980.342,12.86
28980.464,13.007
28980.535,12.927
28980.655,12.873
28980.751,12.9
28980.851,12.933
28980.952,13.027
28981.057,12.993
28981.167,12.913
28981.283,12.94
28981.388,12.953
28981.466,12.98
28981.577,13.027
28981.680,12.92
28981.777,12.94
28981.875,12.953
28981.976,13.047
28982.081,12.993
28982.182,12.867
28982.283,12.92
28982.314,12.92
28982.413,12.88
28982.513,13.027
28982.635,12.973
28982.719,12.967
28982.822,13.013
28982.923,12.867
28983.025,12.907
28983.128,12.967
28983.214,12.92
28983.312,12.893
28983.413,12.907
28983.516,12.867
28983.614,12.887
28983.739,12.933
28983.829,13.007
28983.925,12.96
28984.023,13.107
28984.148,12.913
28984.253,12.88
28984.327,12.947
28984.474,12.9
28984.513,13.0
28984.641,12.933
28984.741,12.967
28984.844,12.947
28984.952,13.027
28985.048,12.953
28985.146,12.927
28985.256,12.907
28985.356,12.84
28985.461,12.947
28985.577,12.947
28985.687,13.027
28985.766,12.913
28985.891,12.987
28985.986,12.907
28986.097,12.927
28986.101,12.913
28986.283,12.947
28986.310,12.867
28986.408,12.94
28986.505,12.933
28986.609,12.973
29276.711,12.907
29276.814,13.027
29276.915,12.827
29277.018,12.993
29277.121,12.947
29277.202,12.973
29277.304,12.967
29277.415,12.993
29277.508,12.993
29277.609,13.0
29277.712,12.993
29277.824,12.92
29277.920,12.94
29278.043,13.027
29278.121,13.0
29278.231,12.86
29278.327,12.86
29278.427,12.847
29278.555,12.953
29278.633,13.0
29278.739,12.973
29278.842,12.907
29278.949,12.927
29279.048,12.913
29279.145,12.987
29279.251,12.947
29279.349,12.867
29279.452,12.973
29279.555,12.92
29279.662,12.92
29279.689,12.987
29279.863,12.933
29279.888,12.947
29280.008,13.04
29280.109,12.933
29280.197,12.86
29280.398,12.927
29280.400,12.993
29280.500,12.967
29280.601,13.02
29280.722,13.0
29280.787,13.027
29280.908,13.0
29280.989,13.067
29281.091,13.027
29281.202,12.947
29281.300,12.973
29281.398,12.96
29281.501,12.86
29281.601,12.967
29281.707,12.987
29281.824,12.9
29281.910,12.987
29282.013,12.96
29282.116,12.98
29282.234,12.973
29282.331,13.013
29282.427,12.98
29282.533,12.947
29282.652,13.06
29282.729,13.16
29282.832,13.06
29282.934,13.02
29283.003,12.867
29283.138,12.9
29283.241,12.987
29283.353,12.933
29283.381,13.02
29283.549,13.013
29283.660,13.02
29283.677,13.007
29283.880,12.933
29283.881,12.993
29283.986,12.993
29284.092,12.907
29284.187,12.907
29284.293,12.96
29284.396,12.913
29284.488,12.94
29284.596,13.02
29284.699,13.06
29284.807,12.907
29284.881,12.82
29285.006,12.94
29285.084,12.953
29285.199,13.0
29285.295,13.047
29285.393,12.913
29285.503,12.893
29285.596,12.933
29285.697,13.007
29285.824,12.933
29285.910,12.973
29286.006,12.953
29286.108,12.927
29286.234,12.907
29286.324,12.893
29286.420,13.053
29286.523,13.007
29286.621,13.027
29336.722,12.98
29336.824,12.927
29336.927,13.067
29337.035,12.987
29337.155,12.913
29337.192,12.92
29337.300,12.867
29337.400,13.0
29337.506,12.96
29337.570,13.067
29337.668,13.06
29337.771,12.96
29337.871,12.88
29337.974,12.933
29338.072,13.007
29338.185,12.973
29338.287,13.047
29338.364,12.973
29338.479,12.913
29338.574,12.947
29338.694,12.9
29338.771,13.013
29338.875,13.013
29338.972,12.933
29339.084,12.927
29339.180,12.86
29339.285,12.933
29339.386,12.867
29339.488,13.0
29339.592,13.007
29339.717,13.033
29339.798,13.073
29339.908,12.98
29340.023,12.967
29340.126,13.04
29340.206,13.007
29340.319,12.98
29340.415,12.947
29340.515,12.9
29340.614,13.02
29340.716,12.993
29340.817,12.88
29340.922,12.933
29341.023,12.967
29341.057,12.847
29341.158,13.013
29341.266,12.887
29341.457,12.88
29341.462,12.953
29341.564,12.907
29341.668,12.953
29341.768,13.04
29341.866,12.873
29341.952,12.88
29342.074,12.86
29342.158,12.933
29342.278,13.047
29342.380,12.947
29342.481,13.033
29342.559,12.92
29342.662,12.907
29342.763,12.86
29342.864,12.933
29342.969,13.04
29343.070,12.84
29343.175,12.953
29343.282,12.927
29343.378,13.013
29343.449,12.927
29343.586,12.907
29343.658,12.893
29343.788,13.033
29343.891,12.993
29344.020,13.053
29344.094,12.92
29344.192,12.927
29344.319,12.887
29344.405,13.013
29344.503,12.94
29344.608,12.887
29344.731,12.867
29344.812,12.913
29344.913,12.84
29345.018,12.94
29345.052,12.953
29345.150,12.847
29345.251,12.967
29345.349,12.88
29345.461,12.92
29345.557,12.933
29345.736,12.953
29345.746,12.92
29345.861,12.953
29345.962,13.04
29346.065,12.8
29346.155,12.913
29346.246,13.053
29346.351,12.887
29346.476,12.92
29346.567,12.933
29346.679,12.873
29396.763,13.007
29396.891,12.947
29396.962,13.013
29397.064,13.113
29397.192,12.973
29397.270,12.853
29397.396,12.9
29397.476,12.94
29397.587,13.027
29397.680,13.053
29397.775,12.927
29397.886,12.94
29397.994,12.88
29398.087,13.067
29398.192,12.92
29398.304,12.967
29398.405,12.873
29398.527,12.993
29398.625,12.96
29398.729,12.913
29398.746,13.013
29398.908,12.86
29398.937,12.873
29399.043,12.92
29399.138,12.907
29399.239,12.973
29399.348,12.887
29399.464,12.873
29399.550,13.027
29399.648,13.007
29399.736,13.0
29399.854,12.96
29399.932,12.933
29400.057,12.96
29400.136,12.94
29400.243,12.967
29400.342,12.947
29400.449,12.92
29400.565,12.88
29400.650,12.947
29400.771,12.98
29400.854,12.933
29400.976,13.093
29401.072,12.987
29401.162,12.913
29401.268,12.94
29401.369,12.927
29401.429,12.94
29401.535,12.953
29401.641,13.04
29401.775,13.033
29401.885,12.953
29401.983,12.853
29402.082,12.933
29402.125,12.973
29402.290,13.053
29402.324,12.94
29402.425,12.947
29402.521,12.973
29402.625,12.853
29402.731,12.927
29402.839,13.0
29402.935,12.88
29403.032,12.927
29403.140,12.973
29403.236,12.84
29403.336,13.047
29403.422,12.927
29403.540,12.96
29403.641,12.967
29403.722,13.013
29403.824,12.967
29403.927,13.0
29404.027,12.98
29404.138,13.0
29404.241,13.053
29404.334,13.02
29404.444,12.92
29404.540,12.86
29404.653,13.007
29404.748,12.92
29404.871,13.08
29404.976,12.927
29405.052,12.9
29405.179,12.953
29405.280,12.973
29405.361,13.02
29405.462,12.973
29405.574,13.0
29405.677,13.033
29405.780,12.907
29405.834,13.093
29405.937,12.94
29406.016,12.92
29406.141,13.0
29406.290,12.893
29406.317,12.92
29406.415,12.967
29406.513,13.007
29406.613,12.913
29456.717,12.973
29456.812,12.96
29456.922,12.953
29457.028,12.947
29457.126,12.953
29457.222,12.987
29457.317,12.927
29457.415,12.9
29457.549,12.953
29457.619,12.927
29457.714,12.86
29457.820,12.887
29457.920,13.0
29458.028,12.98
29458.128,12.867
29458.226,12.893
29458.329,12.98
29458.430,12.967
29458.543,12.947
29458.653,12.98
29458.739,12.933
29458.842,12.973
29458.944,12.92
29459.062,12.973
29459.158,13.04
29459.256,12.94
29459.354,12.92
29459.456,12.96
29459.562,12.907
29459.660,12.967
29459.712,12.887
29459.815,12.94
29459.967,12.953
29460.070,12.947
29460.175,12.96
29460.201,12.867
29460.336,12.933
29460.403,13.04
29460.513,12.953
29460.611,12.907
29460.707,12.9
29460.812,12.893
29460.900,12.967
29461.015,12.98
29461.111,13.187
29461.224,13.06
29461.309,12.94
29461.410,12.847
29461.506,12.993
29461.606,12.98
29461.704,13.0
29461.802,12.927
29461.908,12.847
29462.028,12.887
29462.123,13.013
29462.221,13.047
29462.327,13.06
29462.435,12.96
29462.533,12.973
29462.630,12.847
29462.739,12.987
29462.837,12.927
29462.939,12.847
29463.060,12.973
29463.146,12.953
29463.244,12.927
29463.347,12.993
29463.449,12.98
29463.552,12.987
29463.653,12.96
29463.756,13.02
29463.795,12.973
29463.961,12.9
29463.991,12.867
29464.175,12.947
29464.207,12.96
29464.305,12.913
29464.402,13.0
29464.500,12.913
29464.599,12.867
29464.707,12.88
29464.807,12.98
29464.898,13.1
29464.986,13.027
29465.089,12.987
29465.190,12.94
29465.312,12.887
29465.396,12.973
29465.521,13.027
29465.609,13.0
29465.702,12.833
29465.829,13.02
29465.930,12.98
29466.011,12.927
29466.138,13.047
29466.214,12.973
29466.339,12.86
29466.442,12.993
29466.521,12.9
29466.623,12.88
29516.736,12.953
29516.829,12.86
29516.932,12.867
29517.030,12.927
29517.148,13.053
29517.246,13.033
29517.300,12.987
29517.407,13.027
29517.513,13.0
29517.648,12.893
29517.719,12.833
29517.853,12.947
29517.880,12.967
29517.979,12.94
29518.082,12.833
29518.204,12.867
29518.280,12.993
29518.393,12.96
29518.500,12.953
29518.577,12.953
29518.690,13.02
29518.788,13.08
29518.900,12.96
29518.984,12.967
29519.081,12.98
29519.185,12.94
29519.310,12.94
29519.388,12.927
29519.489,12.887
29519.592,12.973
29519.675,13.013
29519.802,12.967
29519.907,13.0
29520.006,12.947
29520.111,12.92
29520.209,12.973
29520.334,12.947
29520.413,12.867
29520.518,12.867
29520.619,12.973
29520.724,12.973
29520.822,12.94
29520.925,13.013
29521.028,13.013
29521.148,12.953
29521.233,13.053
29521.342,13.0
29521.369,12.933
29521.557,12.86
29521.569,12.933
29521.667,12.973
29521.768,12.907
29521.883,12.887
29521.976,12.98
29522.082,13.013
29522.177,13.027
29522.280,12.887
29522.383,12.92
29522.474,12.847
29522.579,12.933
29522.668,12.907
29522.783,12.907
29522.869,13.0
29522.984,12.973
29523.070,12.887
29523.170,12.927
29523.280,12.98
29523.395,12.913
29523.462,12.913
29523.586,12.987
29523.690,12.993
29523.792,12.967
29523.888,12.833
29523.989,12.96
29524.084,12.947
29524.202,12.913
29524.305,12.9
29524.400,12.933
29524.508,13.06
29524.609,13.073
29524.712,12.92
29524.822,12.933
29524.927,12.88
29525.023,12.88
29525.121,13.033
29525.234,12.867
29525.258,12.813
29525.430,12.92
29525.457,12.92
29525.560,12.947
29525.665,12.98
29525.766,12.927
29525.869,12.993
29525.971,12.927
29526.069,12.967
29526.248,13.04
29526.290,12.987
29526.354,13.02
29526.456,12.967
29526.555,12.907
29526.684,12.967
29576.785,12.947
29576.863,12.947
29576.967,12.993
29577.070,13.027
29577.195,12.993
29577.278,12.873
29577.393,12.887
29577.484,12.893
29577.606,12.873
29577.682,12.88
29577.805,12.993
29577.893,12.973
29577.998,13.04
29578.128,13.047
29578.155,12.993
29578.256,13.013
29578.358,12.967
29578.464,12.973
29578.570,12.92
29578.707,12.993
29578.809,12.967
29578.885,12.893
29579.015,12.947
29579.116,12.933
29579.146,12.94
29579.253,12.953
29579.349,12.933
29579.452,12.98
29579.550,12.913
29579.643,12.933
29579.763,12.927
29579.859,12.96
29579.967,12.94
29580.049,12.987
29580.143,12.913
29580.266,12.88
29580.344,12.993
29580.449,12.933
29580.550,12.98
29580.652,13.127
29580.756,12.927
29580.863,12.94
29580.959,13.02
29581.070,12.94
29581.163,12.913
29581.268,12.993
29581.369,12.947
29581.479,12.88
29581.584,12.88
29581.704,12.927
29581.780,12.933
29581.881,12.973
29582.008,13.007
29582.087,12.873
29582.187,12.96
29582.299,13.08
29582.396,12.987
29582.498,12.92
29582.540,13.073
29582.699,13.0
29582.738,13.027
29582.905,12.953
29583.010,12.833
29583.038,12.867
29583.136,13.0
29583.241,12.94
29583.341,12.973
29583.440,13.033
29583.554,13.013
29583.641,12.94
29583.746,13.007
29583.851,12.867
29583.949,12.933
29584.055,12.88
29584.155,12.853
29584.256,13.08
29584.376,13.007
29584.445,12.847
29584.543,12.933
29584.665,12.927
29584.743,12.927
29584.851,12.893
29584.954,12.94
29585.048,12.873
29585.157,12.927
29585.255,13.04
29585.388,12.967
29585.479,12.947
29585.569,13.013
29585.670,12.933
29585.771,12.9
29585.891,12.847
29585.989,12.953
29586.084,13.033
29586.182,12.86
29586.309,12.913
29586.388,13.007
29586.489,12.927
29586.591,13.0
29586.695,12.987
29876.724,12.993
29876.924,13.033
29877.001,13.007
29877.030,13.007
29877.126,13.073
29877.239,12.98
29877.339,13.027
29877.435,13.06
29877.538,12.947
29877.638,12.947
29877.729,12.94
29877.829,12.88
29877.930,13.007
29878.052,12.927
29878.128,12.98
29878.229,12.867
29878.332,12.887
29878.459,12.933
29878.538,12.92
29878.640,13.0
29878.741,12.92
29878.856,12.993
29878.954,13.013
29879.049,12.853
29879.153,12.8
29879.266,13.02
29879.317,13.013
29879.462,12.973
29879.567,12.98
29879.663,12.9
29879.765,12.86
29879.890,12.98
29879.978,12.993
29880.074,12.907
29880.130,12.92
29880.255,12.967
29880.380,13.007
29880.484,12.98
29880.542,12.947
29880.625,12.96
29880.721,13.013
29880.827,13.027
29880.935,12.967
29881.016,12.973
29881.114,13.1
29881.216,12.98
29881.319,13.0
29881.430,12.973
29881.535,12.953
29881.609,12.967
29881.726,12.973
29881.815,13.007
29881.917,12.987
29882.023,13.167
29882.140,13.147
29882.226,12.933
29882.336,12.947
29882.430,12.893
29882.530,12.98
29882.626,12.92
29882.734,12.973
29882.829,13.02
29882.949,12.953
29883.168,13.04
29883.173,13.013
29883.248,12.973
29883.373,12.9
29883.454,12.993
29883.564,12.987
29883.665,13.06
29883.785,12.847
29883.863,12.96
29883.976,12.967
29884.070,13.013
29884.168,12.92
29884.273,13.013
29884.307,12.927
29884.408,12.947
29884.508,12.913
29884.604,12.88
29884.712,12.953
29884.805,12.96
29884.920,12.933
29885.033,12.88
29885.109,12.827
29885.217,12.767
29885.314,12.98
29885.403,12.953
29885.516,12.947
29885.604,12.947
29885.704,12.927
29885.815,12.92
29885.913,12.953
29886.013,12.92
29886.136,12.9
29886.219,13.02
29886.320,12.94
29886.422,12.913
29886.549,12.94
29886.626,12.907
29936.729,12.947
29936.832,12.9
29936.942,13.02
29937.037,12.953
29937.138,13.013
29937.243,12.94
29937.351,12.987
29937.474,12.96
29937.577,13.013
29937.679,12.96
29937.751,12.9
29937.854,12.98
29937.973,12.96
29937.993,12.793
29938.163,13.007
29938.192,13.073
29938.388,13.053
29938.391,12.96
29938.494,13.0
29938.597,12.873
29938.709,12.88
29938.880,12.893
29938.903,12.92
29939.076,12.92
29939.092,12.92
29939.187,12.987
29939.288,12.993
29939.393,12.9
29939.505,12.847
29939.601,12.933
29939.699,12.867
29939.812,13.013
29939.903,12.96
29939.996,12.98
29940.119,12.9
29940.223,12.833
29940.320,13.013
29940.415,12.893
29940.545,12.9
29940.621,12.96
29940.723,13.027
29940.785,12.847
29940.888,12.927
29941.021,13.073
29941.155,12.913
29941.234,12.947
29941.326,12.84
29941.447,12.94
29941.545,13.053
29941.648,12.913
29941.756,13.007
29941.783,12.993
29941.881,12.873
29942.060,12.82
29942.089,12.993
29942.260,12.927
29942.290,12.867
29942.386,13.007
29942.500,12.987
29942.579,12.887
29942.680,12.893
29942.798,12.98
29942.898,12.947
29942.998,13.02
29943.084,12.973
29943.187,12.947
29943.307,13.067
29943.410,12.873
29943.488,13.053
29943.592,13.053
29943.692,13.0
29943.797,13.073
29943.907,13.04
29944.003,12.953
29944.101,12.907
29944.223,13.007
29944.332,13.08
29944.410,12.967
29944.535,13.1
29944.633,12.947
29944.741,12.9
29944.819,12.947
29944.923,13.04
29944.981,12.96
29945.084,12.92
29945.229,12.893
29945.334,13.027
29945.403,13.047
29945.527,12.853
29945.630,12.893
29945.736,12.847
29945.834,12.88
29945.935,12.98
29945.986,12.993
29946.082,12.96
29946.179,12.973
29946.277,12.98
29946.378,12.947
29946.472,12.973
29946.572,13.04
29946.677,12.933
29996.795,12.973
29996.866,12.887
29996.989,12.927
29997.072,12.98
29997.184,12.9
29997.288,12.96
29997.386,12.9
29997.489,13.013
29997.582,12.98
29997.687,13.093
29997.788,12.96
29997.896,12.953
29997.986,13.007
29998.096,12.84
29998.202,12.833
29998.309,12.98
29998.405,13.013
29998.530,13.007
29998.631,13.0
29998.719,12.967
29998.837,12.98
29998.917,12.967
29999.042,13.04
29999.119,13.0
29999.222,12.94
29999.317,12.92
29999.366,12.887
29999.528,12.94
29999.633,13.047
29999.660,13.047
29999.760,13.027
29999.861,12.953
29999.976,13.033
30000.060,12.913
30000.168,13.013
30000.273,13.067
30000.375,12.98
30000.478,12.96
30000.577,12.96
30000.655,12.993
30000.778,12.86
30000.881,12.967
30000.976,12.893
30001.074,13.04
30001.204,12.86
30001.263,12.913
30001.361,12.86
30001.484,12.92
30001.570,12.887
30001.680,12.947
30001.793,12.973
30001.913,12.9
30001.988,12.98
30002.089,13.04
30002.190,12.94
30002.305,12.86
30002.396,12.967
30002.503,13.007
30002.604,12.927
30002.719,12.92
30002.748,12.92
30002.908,12.873
30003.011,12.96
30003.119,13.053
30003.217,12.887
30003.324,12.98
30003.351,12.887
30003.523,13.047
30003.626,13.007
30003.751,13.027
30003.927,12.96
30003.942,12.953
30003.966,12.913
30004.064,12.987
30004.239,12.967
30004.342,12.973
30004.347,12.92
30004.445,13.013
30004.555,12.967
30004.650,12.98
30004.773,12.887
30004.856,12.933
30004.947,12.9
30005.059,12.947
30005.160,13.0
30005.366,12.993
30005.368,12.967
30005.467,12.867
30005.572,12.88
30005.673,12.98
30005.741,13.013
30005.885,13.02
30005.991,12.92
30006.089,12.94
30006.185,12.947
30006.288,12.96
30006.393,13.013
30006.494,12.907
30006.594,12.947
30056.717,12.98
30056.800,13.02
30056.903,12.933
30057.005,12.98
30057.037,12.987
30057.152,13.04
30057.312,12.927
30057.339,12.867
30057.452,12.88
30057.554,12.96
30057.641,12.947
30057.746,13.0
30057.848,12.92
30057.951,12.993
30058.052,12.967
30058.136,12.933
30058.243,12.933
30058.339,12.973
30058.469,13.087
30058.562,12.987
30058.643,13.02
30058.744,12.98
30058.849,12.887
30058.967,13.02
30059.054,13.007
30059.155,12.973
30059.258,12.98
30059.359,12.713
30059.451,12.927
30059.530,12.927
30059.701,12.92
30059.743,12.867
30059.871,12.88
30059.967,12.947
30060.067,13.027
30060.150,13.033
30060.280,12.933
30060.393,12.94
30060.481,12.867
30060.579,12.987
30060.692,12.947
30060.804,12.967
30060.829,12.88
30061.005,12.947
30061.033,12.873
30061.126,13.007
30061.229,12.9
30061.327,13.027
30061.434,12.993
30061.543,12.773
30061.645,12.94
30061.741,12.953
30061.863,13.053
30061.925,12.927
30062.045,12.953
30062.126,12.893
30062.229,13.033
30062.327,12.94
30062.430,12.96
30062.533,12.98
30062.641,12.887
30062.739,12.973
30062.839,13.04
30062.966,12.92
30063.048,12.993
30063.148,12.973
30063.251,12.9
30063.376,12.847
30063.425,12.913
30063.548,12.873
30063.662,12.96
30063.746,12.947
30063.866,12.987
30063.969,12.947
30064.070,12.88
30064.157,12.92
30064.273,12.967
30064.378,13.06
30064.479,13.027
30064.582,12.94
30064.616,12.907
30064.717,12.9
30064.891,13.06
30064.917,12.98
30065.013,12.953
30065.119,12.913
30065.216,13.007
30065.322,12.947
30065.435,12.867
30065.537,12.98
30065.636,12.953
30065.736,13.033
30065.834,12.933
30065.913,13.047
30066.016,12.9
30066.123,12.933
30066.219,12.927
30066.322,13.087
30066.425,12.9
30066.527,12.933
30066.638,12.953
30116.714,12.92
30116.817,12.867
30116.937,13.06
30117.052,13.013
30117.143,12.98
30117.212,12.987
30117.337,12.833
30117.418,12.94
30117.543,12.813
30117.628,12.967
30117.760,13.0
30117.859,12.927
30117.956,12.98
30118.055,12.853
30118.109,12.94
30118.261,12.9
30118.310,12.913
30118.408,12.907
30118.577,13.053
30118.606,13.053
30118.709,13.053
30118.804,12.987
30118.912,12.933
30119.016,12.913
30119.114,12.933
30119.212,12.967
30119.326,12.927
30119.425,12.847
30119.523,12.96
30119.604,12.873
30119.702,12.893
30119.805,12.86
30119.900,12.927
30120.016,13.0
30120.114,13.06
30120.214,12.987
30120.315,12.973
30120.427,12.927
30120.523,12.96
30120.626,12.94
30120.726,12.947
30120.827,12.9
30120.932,12.987
30121.050,13.033
30121.138,12.873
30121.244,13.053
30121.342,13.04
30121.462,12.887
30121.557,12.893
30121.655,12.873
30121.751,12.98
30121.854,12.973
30121.966,12.96
30122.062,12.947
30122.158,13.02
30122.195,13.04
30122.293,12.96
30122.467,13.007
30122.494,12.967
30122.628,12.9
30122.695,12.94
30122.800,12.94
30122.910,12.9
30123.003,12.907
30123.106,12.9
30123.207,12.92
30123.299,12.787
30123.396,12.907
30123.491,12.98
30123.623,12.84
30123.690,12.867
30123.792,12.967
30123.900,12.853
30124.027,12.833
30124.109,12.92
30124.209,12.953
30124.297,12.987
30124.403,12.933
30124.523,12.84
30124.621,12.833
30124.822,12.76
30124.824,12.827
30124.927,12.893
30125.027,12.847
30125.136,12.867
30125.231,12.88
30125.332,12.827
30125.461,12.873
30125.548,12.94
30125.648,12.94
30125.744,12.9
30125.847,12.907
30125.947,12.973
30126.052,12.96
30126.162,12.907
30126.195,12.887
30126.288,12.907
30126.386,12.84
30126.565,12.833
30126.581,12.847
30126.689,12.9
30176.793,12.793
30176.881,12.913
30176.998,12.933
30177.099,12.94
30177.202,12.9
30177.300,12.913
30177.393,12.76
30177.484,12.887
30177.581,12.973
30177.712,12.96
30177.792,12.96
30177.895,13.027
30177.998,12.793
30178.101,12.92
30178.201,12.92
30178.297,12.967
30178.412,12.993
30178.513,12.833
30178.611,12.847
30178.712,12.833
30178.817,12.913
30178.918,12.9
30179.021,12.833
30179.136,12.933
30179.226,12.92
30179.327,12.98
30179.432,12.953
30179.552,12.88
30179.579,12.967
30179.738,12.92
30179.871,12.993
30179.944,12.913
30179.974,12.907
30180.146,12.907
30180.175,12.887
30180.285,12.853
30180.383,12.933
30180.478,12.92
30180.660,12.827
30180.684,12.833
30180.785,12.833
30180.886,12.82
30180.973,12.96
30181.081,12.8
30181.172,12.9
30181.273,12.887
30181.383,12.773
30181.486,12.873
30181.581,12.967
30181.682,12.813
30181.785,12.927
30181.891,12.9
30181.989,12.907
30182.092,12.853
30182.195,12.8
30182.298,12.8
30182.400,12.933
30182.511,12.9
30182.614,12.873
30182.685,12.867
30182.809,12.933
30182.913,13.013
30183.027,12.927
30183.125,12.92
30183.244,12.88
30183.320,12.98
30183.424,12.953
30183.545,12.88
30183.562,12.88
30183.731,12.907
30183.763,12.8
30183.957,12.873
30183.959,13.027
30184.070,12.893
30184.174,12.887
30184.280,12.94
30184.373,12.92
30184.474,12.893
30184.574,12.913
30184.677,12.96
30184.780,12.94
30184.866,12.927
30184.972,12.94
30185.062,12.913
30185.165,12.927
30185.266,12.847
30185.383,12.94
30185.473,12.913
30185.574,12.947
30185.682,12.913
30185.793,12.967
30185.881,13.1
30185.984,12.987
30186.087,12.987
30186.170,12.913
30186.292,12.987
30186.403,12.913
30186.496,12.927
30186.560,12.887
30186.668,12.82
30476.827,12.793
30476.900,13.007
30477.008,12.967
30477.119,12.813
30477.189,12.893
30477.315,12.907
30477.413,12.973
30477.511,13.0
30477.562,12.88
30477.657,12.867
30477.758,12.9
30477.954,12.86
30477.969,12.833
30478.067,12.907
30478.238,12.967
30478.339,12.98
30478.373,12.927
30478.469,12.927
30478.569,12.94
30478.646,12.873
30478.758,12.953
30478.853,12.967
30478.954,12.84
30479.057,12.987
30479.165,12.947
30479.268,12.873
30479.366,12.94
30479.467,12.953
30479.567,12.96
30479.690,12.84
30479.793,12.953
30479.883,12.98
30480.003,12.913
30480.079,12.873
30480.202,12.893
30480.246,12.807
30480.354,12.913
30480.479,12.973
30480.565,12.793
30480.685,12.907
30480.790,12.913
30480.893,13.02
30480.971,12.973
30481.094,12.893
30481.145,12.887
30481.320,13.127
30481.342,12.893
30481.444,12.913
30481.543,12.973
30481.641,12.847
30481.746,12.933
30481.844,12.907
30481.949,12.933
30482.062,12.833
30482.162,12.827
30482.327,12.907
30482.356,12.947
30482.451,12.927
30482.547,12.92
30482.643,12.92
30482.775,12.933
30482.847,12.847
30482.947,12.893
30483.062,12.813
30483.141,12.96
30483.255,12.88
30483.356,12.88
30483.469,12.953
30483.560,12.853
30483.665,12.827
30483.766,12.933
30483.878,12.973
30483.972,12.907
30484.074,12.9
30484.185,12.953
30484.288,13.0
30484.395,12.987
30484.483,12.907
30484.584,12.907
30484.687,13.073
30484.790,12.887
30484.886,12.92
30484.979,12.927
30485.097,12.92
30485.201,12.84
30485.229,12.827
30485.348,12.847
30485.506,12.96
30485.538,12.947
30485.641,12.933
30485.741,12.873
30485.839,12.82
30485.940,12.98
30486.043,12.92
30486.126,12.86
30486.224,12.913
30486.327,12.9
30486.452,12.84
30486.532,12.993
30486.635,12.98
30536.760,12.907
30536.863,12.88
30536.940,12.84
30537.045,12.947
30537.155,12.96
30537.253,12.86
30537.351,12.967
30537.452,13.073
30537.555,13.013
30537.648,12.96
30537.783,12.967
30537.871,12.967
30537.964,12.833
30538.070,12.94
30538.172,12.893
30538.290,12.853
30538.375,12.833
30538.476,12.967
30538.579,12.953
30538.699,12.98
30538.726,12.887
30538.886,12.887
30538.918,12.98
30539.021,12.847
30539.123,12.873
30539.217,13.027
30539.390,12.873
30539.432,12.847
30539.535,12.907
30539.636,12.907
30539.712,12.913
30539.832,13.02
30539.935,12.96
30540.015,12.867
30540.125,12.953
30540.217,12.993
30540.320,12.907
30540.425,12.84
30540.538,12.86
30540.636,12.987
30540.714,12.947
30540.824,12.927
30540.935,12.907
30541.035,12.853
30541.140,12.893
30541.226,12.96
30541.342,12.96
30541.437,12.893
30541.559,12.967
30541.663,12.847
30541.763,12.913
30541.863,12.893
30541.964,12.96
30542.086,13.04
30542.163,13.087
30542.266,13.007
30542.376,12.88
30542.471,12.847
30542.572,12.84
30542.702,12.813
30542.716,12.987
30542.812,12.92
30542.908,12.9
30543.015,12.8
30543.114,12.947
30543.212,12.927
30543.312,12.847
30543.432,12.873
30543.525,12.887
30543.623,12.867
30543.702,13.007
30543.802,12.927
30543.903,12.947
30544.006,12.873
30544.109,12.9
30544.211,12.847
30544.312,12.88
30544.415,12.84
30544.550,13.0
30544.619,12.887
30544.699,12.98
30544.834,13.027
30544.961,12.913
30545.005,12.9
30545.114,12.893
30545.217,12.947
30545.339,12.92
30545.440,12.9
30545.537,12.933
30545.668,12.9
30545.741,12.873
30545.842,12.86
30545.945,12.833
30546.050,12.933
30546.158,12.86
30546.263,12.8
30546.373,12.82
30546.395,12.887
30546.494,12.98
30546.668,12.967
30546.707,12.9
30596.795,12.907
30596.893,12.947
30597.008,12.973
30597.114,12.8
30597.209,12.967
30597.312,12.787
30597.410,12.887
30597.496,12.873
30597.619,12.813
30597.695,13.013
30597.804,12.88
30597.898,12.84
30598.000,12.833
30598.103,12.847
30598.209,13.0
30598.305,12.94
30598.410,12.807
30598.538,12.807
30598.621,12.907
30598.717,12.9
30598.814,12.88
30598.945,12.933
30599.025,12.98
30599.135,12.92
30599.236,12.833
30599.310,12.887
30599.395,12.82
30599.500,12.967
30599.604,12.88
30599.707,12.867
30599.810,12.887
30599.937,12.98
30600.048,12.96
30600.087,12.987
30600.185,12.907
30600.348,12.927
30600.461,12.833
30600.491,12.78
30600.587,12.847
30600.697,12.92
30600.790,12.92
30600.893,12.847
30600.994,13.007
30601.096,12.827
30601.195,12.827
30601.278,12.833
30601.378,13.04
30601.481,12.913
30601.586,12.833
30601.685,12.82
30601.788,12.807
30601.885,12.953
30602.094,12.893
30602.099,12.88
30602.204,12.807
30602.300,12.94
30602.403,12.82
30602.506,12.907
30602.621,12.813
30602.719,12.947
30602.822,12.947
30602.917,13.013
30603.035,12.9
30603.123,12.867
30603.224,12.927
30603.329,12.913
30603.429,12.887
30603.528,12.907
30603.633,12.92
30603.723,12.86
30603.836,12.82
30603.940,12.653
30604.042,12.893
30604.135,12.933
30604.187,12.887
30604.273,12.953
30604.383,12.927
30604.484,13.02
30604.572,12.833
30604.670,12.86
30604.778,12.8
30604.871,12.927
30604.986,13.02
30605.084,12.973
30605.192,12.96
30605.282,12.967
30605.373,12.88
30605.476,12.8
30605.587,12.913
30605.709,12.873
30605.807,12.88
30605.871,12.847
30605.994,12.867
30606.187,12.953
30606.192,12.853
30606.297,12.887
30606.386,12.793
30606.510,12.947
30606.608,12.967
30606.707,12.94
30656.807,12.887
30656.908,12.873
30657.033,12.933
30657.121,12.867
30657.217,12.927
30657.324,12.973
30657.398,12.947
30657.464,12.88
30657.628,12.947
30657.738,12.86
30657.763,12.833
30657.863,12.94
30657.959,12.833
30658.062,12.947
30658.179,12.947
30658.275,12.94
30658.454,12.893
30658.549,12.787
30658.574,12.84
30658.674,12.92
30658.792,12.98
30658.868,12.893
30658.989,12.86
30659.060,12.92
30659.170,12.9
30659.280,12.9
30659.356,12.96
30659.459,12.913
30659.572,12.953
30659.674,12.847
30659.771,12.847
30659.871,12.86
30659.969,12.873
30660.086,12.907
30660.187,12.907
30660.290,12.847
30660.391,12.947
30660.493,12.913
30660.606,12.953
30660.704,12.94
30660.800,12.967
30660.902,13.047
30661.003,12.933
30661.118,12.887
30661.211,13.047
30661.310,12.987
30661.415,13.027
30661.516,12.947
30661.619,12.787
30661.650,12.927
30661.824,12.847
30661.883,12.833
30661.951,12.887
30662.054,12.953
30662.175,12.867
30662.258,12.833
30662.361,12.813
30662.508,12.907
30662.567,12.967
30662.663,12.887
30662.746,12.873
30662.849,12.887
30662.979,12.993
30663.052,12.853
30663.150,12.82
30663.251,12.887
30663.351,12.953
30663.461,12.913
30663.569,13.053
30663.690,12.933
30663.770,12.8
30663.871,12.887
30663.974,12.84
30664.082,12.987
30664.180,12.913
30664.290,12.967
30664.383,12.887
30664.493,12.733
30664.589,12.807
30664.690,13.033
30664.795,12.88
30664.922,12.973
30665.005,12.96
30665.143,12.927
30665.145,12.96
30665.307,12.92
30665.408,12.887
30665.440,12.853
30665.552,12.987
30665.638,12.867
30665.746,12.833
30665.851,13.02
30665.952,12.86
30666.055,12.927
30666.158,12.92
30666.241,12.953
30666.354,12.847
30666.435,12.867
30666.538,12.88
30666.636,12.86
30716.739,12.927
30716.842,13.007
30716.954,12.807
30717.045,12.86
30717.152,12.873
30717.258,12.913
30717.337,12.933
30717.457,12.92
30717.565,12.967
30717.662,12.947
30717.756,12.907
30717.866,13.033
30717.967,12.887
30718.070,12.887
30718.173,12.867
30718.277,12.867
30718.378,12.98
30718.494,12.9
30718.594,12.927
30718.689,12.887
30718.788,12.887
30718.832,12.887
30718.993,12.893
30719.094,12.853
30719.202,12.807
30719.234,12.987
30719.329,12.993
30719.429,12.973
30719.548,12.967
30719.633,13.013
30719.734,12.9
30719.834,12.8
30719.937,12.8
30720.040,12.867
30720.123,13.053
30720.258,12.933
30720.324,12.88
30720.425,12.873
30720.528,12.847
30720.628,12.887
30720.734,12.967
30720.869,12.893
30720.940,13.027
30721.040,12.967
30721.141,12.873
30721.246,12.973
30721.364,12.893
30721.454,12.853
30721.564,12.76
30721.619,12.887
30721.775,12.933
30721.859,12.907
30721.932,12.84
30722.065,12.927
30722.165,12.873
30722.270,12.847
30722.371,12.873
30722.473,13.02
30722.577,12.927
30722.677,12.88
30722.771,12.927
30722.886,12.827
30722.991,12.913
30723.018,12.893
30723.201,12.893
30723.217,12.907
30723.329,13.02
30723.427,12.833
30723.523,13.027
30723.636,12.873
30723.734,12.927
30723.907,12.733
30723.937,12.78
30724.021,12.8
30724.123,12.947
30724.223,12.967
30724.317,12.973
30724.418,12.947
30724.521,12.887
30724.623,13.0
30724.739,13.027
30724.839,12.987
30724.935,12.987
30725.136,12.907
30725.138,12.827
30725.244,12.96
30725.341,12.98
30725.451,12.907
30725.545,12.82
30725.648,12.773
30725.771,12.94
30725.858,12.933
30725.954,12.907
30726.057,12.813
30726.140,12.887
30726.261,13.04
30726.364,12.927
30726.476,12.9
30726.508,12.927
30726.672,12.84
30776.773,12.94
30776.804,12.933
30776.979,12.8
30777.082,12.787
30777.106,12.947
30777.207,12.907
30777.310,12.887
30777.420,12.987
30777.503,12.953
30777.626,12.86
30777.704,12.913
30777.809,12.94
30777.905,12.973
30778.023,12.947
30778.106,12.94
30778.207,12.953
30778.314,12.92
30778.415,12.933
30778.515,12.813
30778.619,12.807
30778.723,12.893
30778.827,12.887
30778.949,12.947
30779.028,13.02
30779.130,12.973
30779.231,12.92
30779.341,12.827
30779.449,12.847
30779.540,12.92
30779.643,12.913
30779.744,12.933
30779.859,12.88
30779.959,12.947
30779.996,12.927
30780.153,12.76
30780.256,12.86
30780.364,12.88
30780.462,12.913
30780.550,12.88
30780.665,12.887
30780.768,12.847
30780.800,12.84
30780.972,13.027
30781.000,12.953
30781.099,12.933
30781.201,12.92
30781.309,12.873
30781.415,12.8
30781.498,12.96
30781.599,12.92
30781.697,12.927
30781.792,12.88
30781.888,12.787
30781.989,12.893
30782.089,12.86
30782.189,12.84
30782.310,12.867
30782.408,12.953
30782.508,12.9
30782.611,12.893
30782.714,12.987
30782.805,12.913
30782.927,12.86
30783.023,12.893
30783.123,12.86
30783.226,12.867
30783.329,12.84
30783.430,12.92
30783.535,12.9
30783.635,12.907
30783.741,12.813
30783.783,12.92
30783.952,12.94
30784.048,12.907
30784.148,12.853
30784.271,12.86
30784.351,12.993
30784.457,12.973
30784.488,12.873
30784.592,12.94
30784.692,12.847
30784.790,12.88
30784.888,12.927
30784.991,12.893
30785.091,12.9
30785.180,13.02
30785.298,12.94
30785.400,12.933
30785.486,12.893
30785.582,12.927
30785.695,12.98
30785.787,12.947
30785.896,12.86
30785.976,12.907
30786.079,12.967
30786.194,12.973
30786.297,12.907
30786.400,12.96
30786.501,12.86
30786.606,12.82
30786.702,12.927
31076.810,12.893
31076.912,12.887
31077.013,12.94
31077.114,12.927
31077.219,12.993
31077.332,12.907
31077.435,12.907
31077.532,12.893
31077.628,12.887
31077.731,12.893
31077.834,12.84
31077.945,12.88
31077.971,12.82
31078.141,12.947
31078.244,12.993
31078.285,12.987
31078.369,12.987
31078.472,12.913
31078.577,12.933
31078.682,12.827
31078.788,12.833
31078.885,12.833
31079.003,12.867
31079.074,12.987
31079.177,12.873
31079.275,12.98
31079.371,12.9
31079.473,12.913
31079.577,12.847
31079.677,12.98
31079.782,12.833
31079.881,12.88
31079.984,12.867
31080.104,12.887
31080.189,12.893
31080.299,12.867
31080.398,12.907
31080.518,13.0
31080.604,12.927
31080.702,12.967
31080.802,12.853
31080.908,12.967
31081.006,13.02
31081.111,12.92
31081.207,12.787
31081.315,12.833
31081.418,12.953
31081.521,13.013
31081.628,12.9
31081.724,12.86
31081.827,12.84
31081.944,12.86
31082.033,12.987
31082.059,12.907
31082.199,12.887
31082.263,12.933
31082.380,12.993
31082.467,12.873
31082.567,12.893
31082.723,12.807
31082.775,12.967
31082.875,12.927
31082.978,12.86
31083.065,12.947
31083.165,12.9
31083.261,12.96
31083.364,12.96
31083.467,13.0
31083.567,12.907
31083.670,12.94
31083.782,12.933
31083.881,12.873
31084.003,12.98
31084.074,13.02
31084.192,12.94
31084.288,12.92
31084.388,13.027
31084.516,13.073
31084.599,12.967
31084.697,13.073
31084.798,12.88
31084.900,12.907
31085.005,12.933
31085.104,12.913
31085.251,12.933
31085.310,12.92
31085.435,12.8
31085.513,12.853
31085.619,12.92
31085.723,12.887
31085.753,12.913
31085.924,12.88
31085.952,12.913
31086.055,12.873
31086.160,12.9
31086.256,12.767
31086.354,12.94
31086.462,13.013
31086.562,12.927
31086.665,12.893
31136.766,12.773
31136.869,12.893
31136.947,12.94
31137.050,12.873
31137.158,12.907
31137.253,12.827
31137.364,12.94
31137.459,12.913
31137.572,12.887
31137.646,12.893
31137.766,12.933
31137.869,12.953
31137.959,12.987
31138.064,12.927
31138.146,12.947
31138.248,12.813
31138.381,12.98
31138.501,12.953
31138.609,12.9
31138.665,12.84
31138.790,12.887
31138.869,12.953
31138.996,12.987
31139.121,12.887
31139.199,12.767
31139.302,12.787
31139.405,12.78
31139.506,12.933
31139.604,12.847
31139.707,12.853
31139.815,12.933
31139.842,13.047
31139.942,12.86
31140.052,12.953
31140.150,12.927
31140.256,12.867
31140.337,12.853
31140.440,12.873
31140.545,12.84
31140.641,12.947
31140.761,12.887
31140.846,12.88
31140.944,12.847
31141.050,12.833
31141.153,12.873
31141.250,12.813
31141.349,12.813
31141.452,12.86
31141.565,12.92
31141.668,12.8
31141.768,12.973
31141.866,12.92
31141.932,13.013
31142.069,12.893
31142.163,12.94
31142.250,12.913
31142.383,12.907
31142.457,12.92
31142.601,12.82
31142.667,12.907
31142.788,12.967
31142.886,12.967
31142.988,12.913
31143.084,12.947
31143.194,12.953
31143.298,12.847
31143.336,12.84
31143.432,12.913
31143.535,12.867
31143.635,12.907
31143.729,12.907
31143.842,12.833
31143.940,12.867
31144.043,12.86
31144.138,12.973
31144.244,13.027
31144.342,12.913
31144.462,12.927
31144.535,12.947
31144.628,12.893
31144.729,12.867
31144.856,12.947
31144.935,12.947
31145.038,12.8
31145.138,12.933
31145.243,12.833
31145.366,12.913
31145.472,12.787
31145.548,12.84
31145.652,12.847
31145.753,12.833
31145.856,12.887
31145.925,12.893
31146.030,12.933
31146.165,12.907
31146.273,12.807
31146.361,12.993
31146.469,12.92
31146.572,12.88
31146.687,13.0
31196.785,12.853
31196.881,12.94
31196.984,12.993
31197.084,12.92
31197.114,12.86
31197.293,12.853
31197.320,12.827
31197.415,12.847
31197.528,12.86
31197.628,12.927
31197.802,12.94
31197.827,12.82
31197.927,12.847
31198.030,12.88
31198.114,12.833
31198.219,12.88
31198.317,12.893
31198.415,12.94
31198.525,12.953
31198.621,12.853
31198.724,12.8
31198.849,12.907
31198.937,12.92
31199.035,12.967
31199.135,12.907
31199.236,12.96
31199.337,12.86
31199.440,12.833
31199.543,12.913
31199.653,12.84
31199.756,12.86
31199.851,12.88
31199.952,12.88
31200.064,12.953
31200.119,12.86
31200.226,12.987
31200.371,12.96
31200.489,12.96
31200.565,13.073
31200.687,12.953
31200.704,12.913
31200.875,12.947
31200.976,12.78
31201.005,12.847
31201.192,12.847
31201.219,12.92
31201.315,12.873
31201.422,12.913
31201.525,12.88
31201.623,12.927
31201.719,12.973
31201.804,12.98
31201.902,12.893
31202.021,12.9
31202.104,12.827
31202.206,12.847
31202.307,12.967
31202.410,13.047
31202.523,12.933
31202.616,13.047
31202.717,12.933
31202.820,12.973
31202.934,12.907
31203.032,12.867
31203.130,12.82
31203.229,12.887
31203.331,12.907
31203.432,12.927
31203.535,12.873
31203.626,12.887
31203.741,12.82
31203.844,12.833
31203.908,12.9
31204.038,12.82
31204.121,12.82
31204.241,12.873
31204.295,13.033
31204.452,12.873
31204.552,12.907
31204.604,12.887
31204.695,12.967
31204.797,12.893
31204.893,12.967
31204.996,12.927
31205.096,12.9
31205.204,12.92
31205.300,12.853
31205.403,12.987
31205.508,12.953
31205.608,13.007
31205.709,12.86
31205.832,12.84
31205.893,12.8
31205.993,12.82
31206.097,12.853
31206.204,12.94
31206.302,12.913
31206.412,12.913
31206.506,12.92
31206.611,12.98
31256.712,12.927
31256.814,12.96
31256.934,12.873
31257.018,12.867
31257.121,12.86
31257.243,12.92
31257.300,12.9
31257.386,12.9
31257.496,12.973
31257.601,12.82
31257.704,12.8
31257.837,12.86
31257.939,12.953
31258.040,12.94
31258.146,12.773
31258.248,12.853
31258.349,12.933
31258.452,12.867
31258.547,12.933
31258.646,12.96
31258.771,12.933
31258.790,13.033
31258.885,12.907
31258.998,12.96
31259.185,12.94
31259.192,13.04
31259.297,12.94
31259.396,13.007
31259.505,12.84
31259.603,12.88
31259.680,12.82
31259.782,12.873
31259.896,12.693
31259.988,12.813
31260.089,12.873
31260.192,12.78
31260.295,12.853
31260.398,12.84
31260.508,12.9
31260.609,12.98
31260.704,12.9
31260.824,12.993
31260.918,12.833
31261.021,12.887
31261.119,13.013
31261.226,12.92
31261.344,12.827
31261.422,12.88
31261.523,12.953
31261.587,12.88
31261.709,12.96
31261.800,12.86
31261.923,12.887
31261.971,12.893
31262.079,12.873
31262.241,12.98
31262.337,13.013
31262.445,12.96
31262.486,12.82
31262.582,12.813
31262.677,12.813
31262.778,12.88
31262.881,12.873
31262.984,12.807
31263.082,12.807
31263.207,12.88
31263.275,12.853
31263.371,12.827
31263.467,12.773
31263.592,12.96
31263.674,12.987
31263.777,12.9
31263.885,12.833
31263.986,13.06
31264.084,12.94
31264.182,12.947
31264.288,12.947
31264.400,13.007
31264.496,12.893
31264.594,12.84
31264.697,12.893
31264.807,13.007
31264.902,12.92
31265.043,12.927
31265.108,12.88
31265.209,12.933
31265.310,12.847
31265.430,12.92
31265.508,12.867
31265.628,12.933
31265.722,13.027
31265.824,12.993
31265.927,12.933
31266.030,12.927
31266.119,12.973
31266.163,12.92
31266.261,12.94
31266.359,12.833
31266.532,12.88
31266.564,12.933
31266.660,12.92
31316.771,12.933
31316.952,12.867
31317.054,12.987
31317.057,12.853
31317.177,12.86
31317.268,12.88
31317.364,12.907
31317.464,12.82
31317.591,12.847
31317.660,12.813
31317.763,12.853
31317.873,12.927
31317.976,12.947
31318.076,12.867
31318.175,12.913
31318.290,12.873
31318.396,12.933
31318.494,12.927
31318.589,12.78
31318.692,12.933
31318.795,12.907
31318.895,12.887
31319.006,12.973
31319.106,12.967
31319.229,13.047
31319.305,12.867
31319.429,12.887
31319.515,12.967
31319.613,13.04
31319.714,12.827
31319.839,12.813
31319.920,12.867
31320.023,12.78
31320.126,12.82
31320.163,12.913
31320.256,12.887
31320.356,12.947
31320.459,12.933
31320.557,12.893
31320.660,12.88
31320.763,12.927
31320.864,13.04
31320.967,12.907
31321.045,12.993
31321.150,12.947
31321.271,12.927
31321.356,12.853
31321.454,12.813
31321.567,12.9
31321.684,12.893
31321.761,12.913
31321.866,12.927
31321.967,12.84
31322.072,12.987
31322.172,12.933
31322.275,12.9
31322.380,12.98
31322.481,12.933
31322.584,12.993
31322.685,12.927
31322.788,12.873
31322.851,12.993
31322.954,12.973
31323.059,12.913
31323.168,12.833
31323.299,13.02
31323.432,12.973
31323.516,13.04
31323.542,13.0
31323.640,12.82
31323.744,12.913
31323.839,12.953
31323.951,12.927
31324.050,12.873
31324.253,12.913
31324.256,12.907
31324.336,12.947
31324.437,12.853
31324.540,12.867
31324.643,12.88
31324.744,12.913
31324.861,12.833
31324.945,12.833
31325.040,12.887
31325.143,12.853
31325.244,12.82
31325.354,12.88
31325.474,12.86
31325.552,12.907
31325.675,12.847
31325.763,12.867
31325.859,12.907
31325.962,12.907
31326.064,12.96
31326.167,12.927
31326.277,12.893
31326.373,12.853
31326.479,12.933
31326.576,12.967
31326.685,12.92
31376.780,12.98
31376.893,12.873
31376.994,12.913
31377.025,12.96
31377.190,12.9
31377.293,12.84
31377.395,12.813
31377.425,12.873
31377.538,13.007
31377.636,12.907
31377.804,12.947
31377.834,12.953
31377.930,12.853
31378.033,12.98
31378.135,12.98
31378.250,12.973
31378.348,12.913
31378.427,12.993
31378.528,12.98
31378.638,12.967
31378.744,12.9
31378.829,12.893
31378.932,13.013
31379.025,12.827
31379.146,12.913
31379.248,12.953
31379.376,12.953
31379.424,12.98
31379.545,12.953
31379.641,13.073
31379.734,13.033
31379.856,12.793
31379.964,12.88
31380.057,12.893
31380.155,12.967
31380.258,12.94
31380.364,12.913
31380.467,12.88
31380.577,12.907
31380.677,12.813
31380.775,12.78
31380.876,12.84
31380.979,12.887
31381.082,12.833
31381.190,12.873
31381.288,12.887
31381.391,12.793
31381.420,12.987
31381.518,12.867
31381.625,12.947
31381.721,12.84
31381.827,12.747
31381.924,12.813
31382.013,12.887
31382.111,12.813
31382.234,12.947
31382.334,12.867
31382.413,12.887
31382.516,12.887
31382.616,12.953
31382.721,12.907
31382.832,12.94
31382.927,12.94
31383.025,13.007
31383.138,12.873
31383.234,12.907
31383.334,12.927
31383.439,12.873
31383.549,12.907
31383.641,12.94
31383.761,12.967
31383.849,12.987
31383.949,12.92
31384.045,12.933
31384.146,12.933
31384.250,12.92
31384.364,12.967
31384.461,12.893
31384.565,12.96
31384.667,13.08
31384.766,12.94
31384.876,12.86
31384.908,12.987
31385.013,12.867
31385.109,12.907
31385.280,12.847
31385.307,12.947
31385.408,12.94
31385.508,12.94
31385.623,12.96
31385.702,12.887
31385.802,12.98
31385.900,12.867
31386.011,12.913
31386.101,12.86
31386.202,12.9
31386.305,12.88
31386.508,12.873
31386.513,12.92
31386.611,12.807
31676.714,12.827
31676.815,12.84
31676.927,12.913
31677.030,12.84
31677.131,12.813
31677.228,12.92
31677.327,12.853
31677.437,12.98
31677.533,12.767
31677.636,12.887
31677.738,12.787
31677.849,12.907
31677.945,12.847
31678.047,12.873
31678.106,12.92
31678.250,12.853
31678.315,12.987
31678.422,12.86
31678.496,12.86
31678.658,12.993
31678.729,12.907
31678.864,12.893
31678.905,12.833
31679.070,12.887
31679.096,13.007
31679.197,13.04
31679.299,13.073
31679.398,12.933
31679.513,12.887
31679.609,12.96
31679.706,12.947
31679.810,12.927
31679.912,12.82
31680.008,12.827
31680.094,12.94
31680.195,12.827
31680.299,12.807
31680.420,12.86
31680.496,12.9
31680.606,12.933
31680.702,12.813
31680.810,12.9
31680.915,12.913
31681.016,12.927
31681.116,12.9
31681.229,12.927
31681.326,12.793
31681.432,12.82
31681.535,12.887
31681.633,12.887
31681.733,12.887
31681.847,12.967
31681.935,12.933
31682.047,12.88
31682.146,12.787
31682.258,12.98
31682.285,12.96
31682.381,12.94
31682.552,12.84
31682.582,12.873
31682.680,12.933
31682.790,13.073
31682.947,12.987
31682.988,12.953
31683.084,12.84
31683.266,12.94
31683.369,12.847
31683.398,13.013
31683.496,12.933
31683.599,12.98
31683.685,12.947
31683.778,12.933
31683.883,12.907
31683.984,12.907
31684.097,12.873
31684.190,12.98
31684.292,12.98
31684.388,12.913
31684.496,12.88
31684.609,12.927
31684.680,12.84
31684.805,12.96
31684.905,12.9
31685.010,12.9
31685.111,12.953
31685.197,12.947
31685.319,12.973
31685.418,12.853
31685.523,12.92
31685.631,12.92
31685.728,12.973
31685.826,12.873
31685.934,12.94
31686.033,12.96
31686.136,12.947
31686.256,12.853
31686.271,12.927
31686.451,12.933
31686.479,12.86
31686.577,12.8
31686.670,13.0
31736.849,12.967
31736.878,12.967
31736.991,12.927
31737.084,12.847
31737.189,12.833
31737.285,12.84
31737.388,12.893
31737.489,12.9
31737.569,12.907
31737.670,12.893
31737.773,12.907
31737.883,12.973
31738.003,12.953
31738.119,12.807
31738.182,12.873
31738.285,12.967
31738.390,12.933
31738.506,12.867
31738.603,12.98
31738.699,12.873
31738.797,12.933
31738.900,12.993
31739.001,12.913
31739.104,12.933
31739.168,12.9
31739.273,12.88
31739.415,13.007
31739.513,12.92
31739.616,13.02
31739.724,12.913
31739.790,12.987
31739.932,12.913
31740.035,12.887
31740.062,12.96
31740.158,12.987
31740.342,12.92
31740.371,12.92
31740.538,12.887
31740.567,12.813
31740.668,12.84
31740.766,12.907
31740.871,12.993
31740.969,12.98
31741.074,12.92
31741.177,12.84
31741.255,12.933
31741.356,12.867
31741.469,12.947
31741.570,13.02
31741.665,12.853
31741.770,12.887
31741.881,12.907
31741.976,12.987
31742.074,12.98
31742.180,12.913
31742.285,12.893
31742.380,12.927
31742.503,12.967
31742.592,13.0
31742.687,12.893
31742.790,12.86
31742.915,12.8
31742.996,12.98
31743.057,12.98
31743.158,12.913
31743.309,12.9
31743.364,12.867
31743.471,12.947
31743.574,13.02
31743.650,12.913
31743.753,12.98
31743.918,13.0
31744.020,12.913
31744.048,12.933
31744.216,12.913
31744.266,13.0
31744.364,13.013
31744.464,12.933
31744.562,12.967
31744.660,12.907
31744.753,12.913
31744.859,13.0
31744.967,12.94
31745.077,12.933
31745.150,13.033
31745.248,13.0
31745.351,12.973
31745.452,12.973
31745.582,12.927
31745.658,12.853
31745.766,12.827
31745.863,13.033
31745.966,13.0
31746.067,12.947
31746.180,12.987
31746.273,12.973
31746.375,12.953
31746.486,12.973
31746.592,12.813
31796.712,12.993
31796.787,12.893
31796.888,12.933
31796.989,12.987
31797.092,12.913
31797.153,12.873
31797.297,12.767
31797.359,12.873
31797.462,12.893
31797.562,12.867
31797.648,13.047
31797.770,12.867
31797.869,12.96
31797.945,12.993
31798.043,12.847
31798.138,12.927
31798.241,12.987
31798.342,12.913
31798.452,12.947
31798.555,12.953
31798.653,12.893
31798.753,12.907
31798.861,12.86
31798.935,12.907
31799.037,12.907
31799.138,12.9
31799.243,12.987
31799.354,12.94
31799.449,12.993
31799.581,12.98
31799.677,12.813
31799.755,12.867
31799.856,12.793
31799.947,12.933
31800.070,12.9
31800.173,12.947
31800.266,12.953
31800.371,12.96
31800.471,12.973
31800.589,12.893
31800.677,12.86
31800.785,12.993
31800.890,12.92
31801.005,13.007
31801.084,12.987
31801.187,12.867
31801.290,12.867
31801.391,12.967
31801.503,12.947
31801.532,12.987
31801.628,12.967
31801.805,12.9
31801.834,12.96
31801.932,12.98
31802.030,13.007
31802.133,12.94
31802.236,12.933
31802.339,12.86
31802.427,12.947
31802.548,12.9
31802.621,12.92
31802.724,13.027
31802.839,12.94
31802.939,12.993
31803.035,12.893
31803.135,12.88
31803.229,12.927
31803.332,12.907
31803.456,12.94
31803.528,12.84
31803.638,12.753
31803.756,12.867
31803.827,12.96
31803.940,12.927
31804.032,12.993
31804.158,12.973
31804.263,13.08
31804.351,12.88
31804.472,12.993
31804.594,12.927
31804.675,12.92
31804.771,12.933
31804.873,12.96
31805.001,12.94
31805.018,12.987
31805.114,12.947
31805.283,12.953
31805.315,12.88
31805.489,12.94
31805.516,12.867
31805.616,12.987
31805.734,12.933
31805.824,12.887
31805.932,12.847
31806.028,12.887
31806.111,12.9
31806.229,12.82
31806.332,12.987
31806.435,12.953
31806.515,12.987
31806.623,12.907
31856.719,13.0
31856.837,12.913
31856.923,12.867
31857.025,12.933
31857.150,12.913
31857.248,12.887
31857.364,12.833
31857.437,12.907
31857.535,12.887
31857.646,12.92
31857.743,13.04
31857.842,12.887
31857.945,12.853
31858.049,12.92
31858.150,12.893
31858.271,12.953
31858.354,12.913
31858.452,13.02
31858.560,12.913
31858.675,12.807
31858.714,12.96
31858.817,12.953
31858.971,12.967
31859.087,12.88
31859.114,12.893
31859.212,12.9
31859.307,12.847
31859.410,13.033
31859.508,12.953
31859.616,12.92
31859.714,13.027
31859.815,12.92
31859.915,12.88
31860.018,12.9
31860.197,12.907
31860.199,12.873
31860.309,12.94
31860.403,12.927
31860.511,12.913
31860.619,12.973
31860.714,12.987
31860.812,12.927
31860.925,12.987
31861.028,12.947
31861.123,12.84
31861.224,12.947
31861.326,12.807
31861.427,12.973
31861.528,12.84
31861.631,12.907
31861.760,12.793
31861.837,12.833
31861.940,13.0
31862.050,12.92
31862.172,12.88
31862.248,12.933
31862.358,12.873
31862.444,12.873
31862.552,12.86
31862.657,12.847
31862.765,12.96
31862.861,12.953
31862.893,12.987
31863.086,12.913
31863.101,12.88
31863.204,12.96
31863.373,12.88
31863.405,12.82
31863.496,12.9
31863.603,12.913
31863.704,12.907
31863.820,12.88
31863.891,12.9
31863.988,12.92
31864.089,12.833
31864.192,12.853
31864.300,12.927
31864.398,12.827
31864.508,12.873
31864.601,12.967
31864.706,12.927
31864.807,12.947
31864.923,12.887
31865.011,12.94
31865.114,12.88
31865.204,12.867
31865.334,12.853
31865.434,12.767
31865.493,12.98
31865.626,12.92
31865.726,12.9
31865.831,12.84
31865.942,12.84
31866.033,12.92
31866.138,12.833
31866.239,12.993
31866.336,12.873
31866.445,12.88
31866.547,12.833
31866.650,12.94
31916.761,12.893
31916.849,12.913
31916.881,12.993
31916.981,12.933
31917.084,12.833
31917.195,12.94
31917.293,12.927
31917.391,12.987
31917.494,12.967
31917.596,13.027
31917.697,12.867
31917.775,12.833
31917.905,12.913
31917.983,12.913
31918.082,13.02
31918.229,12.987
31918.290,12.933
31918.391,12.94
31918.494,12.827
31918.598,12.947
31918.699,13.02
31918.800,12.993
31918.930,12.96
31919.008,12.96
31919.108,12.96
31919.174,12.947
31919.337,12.973
31919.413,12.907
31919.521,12.913
31919.596,12.88
31919.744,12.933
31919.824,12.893
31919.893,12.98
31919.971,12.847
31920.136,12.813
31920.175,12.88
31920.273,12.82
31920.373,12.9
31920.469,13.02
31920.638,12.973
31920.668,13.0
31920.770,12.953
31920.871,12.947
31920.973,12.913
31921.081,12.967
31921.170,12.913
31921.283,12.833
31921.383,12.907
31921.486,12.907
31921.584,12.953
31921.668,12.893
31921.768,12.847
31921.871,12.92
31921.976,13.053
31922.077,12.993
31922.180,12.92
31922.283,12.807
31922.395,12.933
31922.589,12.907
31922.592,12.993
31922.692,12.86
31922.814,12.907
31922.896,12.833
31923.006,12.893
31923.062,12.927
31923.204,12.92
31923.266,12.92
31923.418,12.96
31923.479,12.973
31923.613,12.92
31923.687,12.913
31923.827,12.84
31923.898,12.88
31924.023,12.833
31924.126,12.867
31924.226,12.82
31924.331,12.927
31924.432,12.887
31924.478,12.933
31924.562,12.953
31924.662,12.873
31924.763,12.973
31924.869,12.827
31924.969,12.8
31925.072,13.04
31925.173,12.807
31925.256,12.847
31925.363,12.807
31925.457,12.927
31925.579,12.893
31925.690,12.967
31925.763,12.907
31925.866,12.907
31925.991,12.94
31926.079,12.887
31926.175,12.987
31926.275,13.02
31926.383,12.867
31926.479,12.893
31926.582,12.913
31926.685,12.96
31976.798,12.96
31976.896,12.9
31976.993,12.887
31977.096,12.967
31977.197,12.953
31977.261,12.96
31977.366,12.927
31977.474,12.927
31977.613,12.92
31977.679,12.92
31977.832,12.9
31977.913,12.853
31978.018,12.927
31978.048,12.893
31978.150,12.847
31978.256,12.913
31978.353,12.887
31978.449,12.947
31978.550,12.913
31978.650,12.967
31978.748,12.92
31978.848,13.013
31978.962,12.973
31979.065,12.927
31979.143,12.94
31979.253,12.84
31979.348,12.827
31979.449,12.987
31979.552,12.947
31979.667,12.853
31979.765,12.98
31979.861,12.9
31979.962,12.86
31980.065,12.72
31980.168,12.953
31980.270,12.993
31980.400,12.92
31980.476,12.94
31980.577,12.973
31980.672,12.867
31980.793,13.073
31980.848,12.88
31980.986,12.847
31981.094,12.92
31981.190,12.807
31981.295,12.927
31981.396,12.927
31981.505,12.873
31981.599,12.967
31981.702,12.92
31981.829,12.967
31981.842,12.887
31981.937,12.94
31982.035,12.887
31982.138,12.887
31982.239,12.84
31982.341,12.973
31982.445,13.0
31982.562,12.967
31982.729,12.967
31982.753,12.92
31982.853,12.973
31982.932,12.867
31983.033,12.813
31983.136,12.907
31983.246,12.9
31983.351,12.92
31983.447,12.853
31983.547,12.86
31983.665,12.893
31983.751,12.88
31983.854,12.847
31983.956,13.047
31984.077,13.013
31984.160,12.907
31984.263,12.92
31984.364,12.913
31984.467,12.787
31984.570,12.873
31984.674,12.947
31984.736,12.887
31984.841,12.893
31984.979,12.887
31985.082,12.933
31985.184,12.787
31985.285,12.78
31985.398,12.92
31985.425,12.947
31985.525,12.867
31985.697,12.927
31985.724,12.913
31985.829,12.94
31985.937,12.84
31986.106,12.947
31986.133,12.847
31986.238,12.873
31986.322,12.793
31986.445,12.927
31986.540,12.973
31986.641,12.947
32276.719,12.9
32276.834,12.96
32276.927,12.913
32277.027,12.96
32277.131,12.933
32277.233,13.0
32277.341,12.967
32277.437,12.927
32277.550,12.8
32277.646,12.913
32277.751,12.873
32277.849,12.987
32277.949,12.967
32278.074,12.933
32278.123,12.9
32278.266,12.893
32278.368,12.9
32278.462,12.82
32278.564,12.933
32278.665,12.92
32278.770,12.893
32278.834,12.893
32278.932,12.887
32279.084,12.933
32279.113,12.9
32279.243,12.913
32279.342,12.947
32279.476,12.847
32279.589,12.88
32279.618,12.893
32279.714,12.927
32279.827,12.84
32279.915,13.06
32280.021,12.907
32280.118,12.847
32280.219,12.893
32280.326,13.08
32280.423,12.967
32280.521,12.92
32280.614,12.973
32280.714,12.907
32280.815,12.94
32280.913,12.927
32281.013,12.98
32281.133,12.887
32281.231,12.927
32281.329,12.94
32281.432,12.82
32281.532,12.84
32281.636,12.867
32281.751,12.92
32281.841,13.04
32281.945,12.933
32282.045,12.96
32282.163,12.947
32282.261,12.993
32282.359,12.953
32282.557,12.793
32282.560,12.92
32282.667,12.993
32282.788,12.933
32282.864,12.953
32282.967,12.893
32283.067,12.893
32283.172,12.873
32283.273,12.947
32283.302,12.913
32283.403,12.9
32283.589,12.987
32283.603,13.047
32283.709,12.807
32283.810,12.927
32283.913,13.02
32284.000,12.96
32284.099,12.98
32284.221,12.9
32284.322,12.867
32284.403,12.887
32284.501,12.807
32284.604,12.927
32284.734,12.867
32284.819,12.96
32284.915,12.993
32285.016,13.02
32285.099,12.933
32285.222,12.92
32285.322,12.9
32285.425,12.92
32285.537,13.1
32285.631,12.913
32285.731,12.893
32285.837,12.933
32285.937,12.933
32286.048,12.967
32286.160,13.073
32286.244,12.873
32286.348,12.82
32286.449,12.88
32286.528,12.94
32286.594,12.873
32336.756,12.92
32336.866,12.907
32336.896,12.913
32337.064,12.873
32337.092,12.94
32337.189,12.833
32337.310,12.8
32337.395,12.987
32337.496,12.987
32337.675,12.92
32337.704,12.873
32337.804,12.92
32337.905,12.987
32337.998,12.84
32338.087,12.82
32338.189,12.92
32338.292,12.9
32338.410,12.873
32338.508,12.907
32338.604,12.893
32338.701,13.047
32338.802,13.027
32338.905,13.08
32339.016,13.0
32339.109,12.98
32339.214,12.927
32339.315,12.953
32339.408,12.953
32339.511,12.92
32339.614,13.04
32339.733,13.06
32339.834,12.953
32339.930,12.913
32340.033,12.84
32340.136,13.013
32340.246,12.873
32340.299,12.993
32340.452,12.907
32340.570,12.867
32340.586,12.853
32340.682,12.94
32340.780,13.007
32340.954,12.96
32340.979,13.013
32341.079,12.873
32341.185,12.82
32341.305,12.913
32341.393,12.893
32341.491,12.847
32341.592,12.927
32341.695,12.873
32341.798,12.953
32341.876,12.847
32341.981,12.973
32342.084,12.933
32342.182,12.82
32342.287,12.967
32342.408,12.88
32342.489,12.88
32342.594,12.92
32342.702,12.993
32342.819,12.953
32342.900,12.973
32343.003,13.007
32343.104,12.907
32343.212,12.96
32343.310,12.887
32343.422,12.873
32343.515,12.907
32343.621,12.793
32343.729,12.933
32343.847,12.933
32343.925,12.893
32344.025,12.9
32344.123,12.9
32344.244,12.913
32344.334,12.88
32344.435,12.813
32344.538,12.933
32344.657,12.987
32344.743,12.973
32344.775,12.827
32344.873,12.813
32344.979,12.92
32345.076,12.887
32345.175,12.78
32345.278,12.873
32345.371,12.927
32345.469,12.767
32345.589,12.807
32345.674,12.927
32345.785,12.993
32345.883,12.94
32345.981,12.96
32346.082,12.82
32346.175,12.96
32346.288,12.907
32346.390,12.9
32346.494,12.913
32346.591,12.94
32346.689,12.98
32396.790,12.907
32396.891,12.873
32396.994,12.793
32397.092,12.853
32397.185,12.887
32397.304,12.833
32397.405,12.873
32397.508,12.94
32397.621,12.873
32397.719,12.847
32397.815,13.0
32397.876,12.833
32398.021,13.0
32398.091,12.853
32398.226,12.867
32398.332,12.94
32398.359,12.94
32398.459,12.92
32398.574,12.913
32398.655,12.927
32398.761,12.873
32398.875,12.893
32399.067,12.92
32399.070,12.947
32399.168,12.907
32399.263,12.893
32399.391,12.92
32399.469,12.9
32399.555,13.027
32399.658,12.98
32399.761,13.02
32399.866,12.747
32399.966,12.873
32400.067,13.033
32400.172,12.953
32400.273,12.953
32400.375,12.747
32400.493,12.88
32400.586,12.927
32400.684,12.853
32400.785,13.027
32400.907,12.94
32400.989,12.947
32401.092,12.9
32401.194,12.86
32401.305,12.86
32401.408,12.847
32401.505,12.92
32401.603,12.873
32401.707,12.833
32401.807,12.867
32401.910,12.86
32402.021,12.873
32402.050,12.873
32402.148,12.987
32402.331,12.893
32402.349,12.94
32402.445,12.927
32402.565,12.893
32402.652,13.06
32402.766,12.813
32402.864,12.773
32402.959,12.9
32403.064,12.807
32403.152,12.913
32403.246,12.867
32403.347,12.88
32403.447,12.88
32403.552,12.967
32403.652,12.82
32403.753,12.94
32403.888,12.833
32403.961,12.86
32404.060,12.92
32404.168,12.987
32404.277,13.06
32404.373,12.88
32404.469,12.887
32404.579,12.927
32404.675,12.993
32404.778,13.007
32404.903,12.793
32404.991,12.933
32405.084,12.967
32405.207,12.893
32405.290,12.98
32405.393,13.04
32405.496,12.88
32405.598,12.887
32405.638,12.967
32405.804,12.913
32405.905,12.853
32406.006,13.027
32406.047,12.893
32406.143,12.847
32406.244,12.947
32406.344,12.933
32406.449,12.933
32406.552,12.967
32406.655,12.96
32456.744,12.993
32456.853,12.967
32456.952,13.02
32457.030,12.733
32457.153,12.933
32457.236,12.907
32457.339,12.967
32457.440,12.807
32457.545,12.913
32457.646,12.927
32457.731,12.833
32457.849,12.873
32457.945,12.947
32458.045,12.96
32458.138,12.907
32458.255,12.833
32458.354,12.92
32458.454,12.947
32458.579,12.907
32458.658,12.827
32458.773,12.813
32458.873,12.867
32458.966,12.84
32459.072,12.86
32459.189,12.84
32459.283,12.813
32459.385,12.913
32459.516,12.947
32459.589,13.02
32459.694,12.933
32459.795,12.907
32459.827,12.84
32459.925,12.873
32460.104,12.913
32460.130,12.78
32460.229,12.84
32460.331,12.88
32460.439,12.88
32460.537,12.84
32460.638,12.96
32460.726,12.967
32460.827,12.867
32460.922,12.86
32461.025,12.88
32461.150,12.933
32461.239,12.873
32461.337,12.893
32461.444,12.913
32461.535,12.86
32461.648,12.96
32461.768,12.833
32461.844,12.88
32461.956,12.86
32462.052,13.007
32462.152,12.92
32462.253,12.9
32462.356,12.98
32462.459,12.98
32462.560,12.92
32462.665,12.987
32462.773,12.78
32462.878,12.893
32462.989,12.933
32463.035,12.86
32463.138,12.9
32463.278,12.94
32463.400,12.933
32463.425,12.973
32463.594,12.84
32463.619,12.94
32463.724,12.82
32463.817,12.88
32463.915,13.06
32464.018,12.887
32464.121,12.867
32464.234,12.907
32464.329,12.853
32464.429,12.9
32464.530,12.787
32464.608,12.887
32464.709,12.867
32464.826,12.88
32464.915,12.82
32465.018,12.827
32465.121,12.813
32465.238,12.973
32465.334,12.907
32465.432,12.933
32465.530,12.873
32465.633,12.913
32465.734,12.893
32465.837,12.88
32465.940,12.933
32466.042,12.893
32466.145,12.847
32466.246,12.98
32466.349,12.76
32466.462,12.927
32466.555,12.953
32466.687,12.787
32516.766,12.9
32516.864,12.927
32516.964,12.907
32517.076,12.847
32517.104,12.973
32517.271,12.933
32517.322,12.98
32517.476,13.0
32517.503,12.873
32517.601,12.94
32517.704,12.907
32517.807,12.88
32517.908,12.873
32518.010,12.927
32518.131,12.927
32518.216,12.947
32518.320,13.007
32518.396,12.933
32518.500,12.893
32518.596,12.84
32518.706,12.867
32518.807,13.047
32518.913,12.98
32519.013,12.94
32519.114,12.9
32519.239,12.913
32519.327,12.947
32519.425,12.92
32519.523,12.84
32519.648,12.96
32519.728,12.927
32519.831,12.933
32519.932,12.98
32520.040,12.967
32520.138,12.953
32520.239,12.953
32520.342,12.973
32520.447,12.933
32520.547,12.887
32520.650,12.96
32520.761,12.967
32520.881,13.047
32520.957,12.94
32521.072,12.88
32521.091,12.933
32521.265,12.913
32521.293,12.84
32521.390,12.98
32521.508,12.853
32521.604,12.84
32521.701,12.92
32521.810,12.887
32521.888,12.873
32522.006,13.013
32522.106,12.92
32522.187,12.933
32522.288,12.94
32522.383,13.027
32522.486,13.033
32522.589,13.093
32522.717,12.9
32522.810,12.873
32522.913,12.98
32523.003,13.02
32523.106,12.873
32523.211,12.907
32523.322,13.007
32523.418,12.94
32523.518,13.02
32523.646,12.913
32523.734,13.033
32523.829,12.82
32523.927,12.9
32524.030,13.007
32524.131,12.907
32524.234,12.807
32524.337,12.9
32524.381,12.96
32524.543,12.92
32524.643,12.967
32524.748,12.92
32524.790,12.973
32524.885,12.893
32524.983,12.9
32525.081,12.86
32525.190,12.927
32525.285,12.96
32525.396,12.967
32525.481,12.9
32525.591,12.933
32525.692,12.8
32525.795,12.9
32525.896,13.02
32525.976,13.047
32526.077,12.853
32526.180,12.927
32526.288,12.92
32526.385,12.993
32526.513,12.953
32526.599,12.993
32526.699,12.873
32576.780,12.98
32576.902,12.893
32577.010,12.967
32577.077,12.92
32577.212,12.933
32577.322,12.953
32577.390,12.9
32577.511,13.0
32577.606,13.02
32577.704,12.86
32577.809,12.967
32577.930,12.98
32578.018,12.88
32578.126,13.053
32578.229,13.0
32578.329,12.893
32578.432,12.927
32578.535,12.953
32578.645,12.967
32578.675,13.0
32578.842,13.027
32578.871,12.98
32578.967,12.947
32579.074,12.867
32579.185,12.873
32579.353,12.933
32579.381,13.053
32579.464,13.033
32579.570,12.893
32579.665,12.927
32579.763,12.98
32579.866,12.887
32579.969,12.94
32580.070,13.047
32580.182,12.927
32580.275,12.927
32580.380,12.953
32580.479,12.893
32580.582,12.88
32580.695,12.913
32580.793,12.947
32580.888,12.873
32580.994,12.827
32581.077,12.913
32581.197,12.913
32581.300,12.967
32581.407,13.027
32581.505,12.86
32581.613,12.927
32581.731,12.86
32581.820,12.9
32581.918,12.893
32582.018,12.827
32582.141,12.867
32582.224,12.86
32582.329,12.853
32582.427,12.98
32582.467,12.913
32582.557,12.86
32582.660,12.893
32582.761,12.9
32582.859,12.913
32582.962,13.073
32583.065,12.98
32583.167,12.94
32583.270,12.86
32583.373,12.947
32583.474,12.953
32583.570,12.853
32583.660,12.8
32583.756,12.82
32583.861,12.907
32583.979,12.833
32584.065,12.913
32584.167,12.947
32584.268,12.96
32584.381,12.907
32584.479,12.893
32584.577,12.933
32584.687,12.853
32584.782,12.907
32584.883,12.94
32584.986,12.967
32585.098,12.88
32585.148,13.0
32585.293,12.9
32585.407,12.967
32585.447,12.947
32585.601,12.853
32585.702,12.913
32585.817,12.92
32585.846,12.967
32585.978,12.933
32586.113,12.913
32586.214,12.827
32586.244,12.813
32586.420,12.933
32586.447,12.887
32586.545,13.007
32586.658,12.92
32876.753,12.947
32876.920,12.907
32876.957,12.987
32877.057,12.907
32877.153,12.927
32877.248,12.913
32877.349,12.887
32877.447,12.853
32877.545,12.927
32877.655,12.8
32877.751,12.873
32877.854,12.827
32877.979,12.92
32878.065,12.973
32878.163,12.887
32878.263,13.047
32878.364,12.893
32878.467,12.987
32878.570,12.907
32878.674,12.84
32878.782,12.827
32878.876,12.913
32878.979,12.92
32879.082,12.927
32879.194,12.92
32879.288,12.947
32879.339,12.933
32879.491,12.86
32879.594,12.893
32879.695,12.867
32879.819,12.9
32879.863,12.947
32879.969,13.027
32880.106,12.873
32880.133,12.887
32880.251,12.887
32880.347,12.84
32880.437,12.873
32880.549,12.933
32880.645,12.88
32880.744,12.84
32880.848,12.88
32880.932,12.873
32881.054,12.96
32881.131,12.913
32881.234,12.893
32881.336,12.953
32881.437,12.833
32881.538,12.96
32881.653,12.973
32881.744,12.987
32881.849,13.0
32881.949,12.78
32882.065,12.907
32882.165,12.9
32882.261,12.947
32882.388,12.867
32882.474,12.887
32882.567,12.913
32882.665,12.92
32882.770,13.08
32882.871,12.96
32882.974,12.9
32883.079,12.92
32883.179,12.933
32883.280,13.027
32883.383,12.907
32883.491,12.927
32883.530,12.953
32883.690,12.98
32883.746,12.953
32883.827,13.007
32883.927,12.94
32884.021,12.947
32884.123,12.92
32884.226,12.887
32884.339,12.9
32884.435,12.887
32884.518,12.887
32884.636,12.88
32884.736,12.907
32884.839,12.84
32884.923,12.88
32885.028,12.787
32885.126,13.08
32885.221,12.933
32885.331,12.873
32885.440,12.887
32885.538,12.887
32885.636,12.767
32885.739,12.947
32885.841,12.92
32885.944,12.953
32886.087,12.96
32886.160,12.94
32886.260,12.86
32886.356,12.96
32886.476,12.893
32886.557,13.013
32886.660,12.893
32936.771,12.92
32936.869,12.727
32936.966,12.853
32937.067,12.987
32937.172,12.933
32937.275,12.993
32937.376,12.953
32937.489,12.933
32937.582,12.94
32937.677,12.893
32937.709,12.853
32937.814,12.9
32937.925,12.94
32938.021,12.94
32938.126,12.84
32938.223,12.833
32938.312,13.087
32938.410,12.987
32938.528,12.927
32938.606,12.953
32938.707,12.953
32938.820,13.033
32938.945,12.907
32939.016,12.927
32939.118,13.0
32939.219,12.893
32939.324,12.893
32939.425,12.96
32939.527,13.013
32939.630,12.96
32939.739,12.847
32939.804,12.9
32939.937,12.913
32940.047,12.913
32940.150,12.92
32940.250,12.9
32940.322,12.88
32940.449,12.907
32940.552,12.913
32940.653,12.98
32940.756,12.807
32940.859,12.887
32940.971,13.02
32941.067,12.893
32941.165,12.94
32941.209,12.987
32941.371,13.013
32941.400,12.973
32941.501,13.0
32941.601,12.993
32941.712,12.813
32941.883,12.913
32941.915,12.947
32942.011,13.013
32942.111,12.953
32942.212,12.947
32942.312,13.02
32942.396,12.827
32942.503,13.04
32942.608,12.833
32942.724,12.947
32942.804,12.847
32942.907,13.013
32943.008,13.027
32943.114,12.887
32943.217,12.96
32943.315,12.76
32943.418,12.833
32943.521,12.927
32943.623,12.887
32943.719,13.04
32943.829,12.953
32943.934,13.04
32943.996,12.927
32944.148,12.86
32944.204,12.993
32944.339,12.92
32944.442,12.933
32944.549,12.82
32944.657,12.907
32944.751,12.94
32944.853,12.887
32944.956,12.827
32945.057,12.82
32945.168,12.973
32945.195,12.947
32945.290,12.92
32945.396,12.973
32945.493,12.813
32945.673,12.933
32945.699,12.873
32945.798,12.92
32945.902,12.94
32945.986,12.907
32946.092,12.92
32946.190,12.907
32946.287,12.88
32946.398,12.873
32946.493,12.927
32946.592,12.887
32946.695,12.893
32996.800,12.973
32996.900,12.96
32997.001,12.84
32997.106,12.913
32997.207,13.0
32997.309,13.067
32997.420,12.887
32997.523,12.8
32997.619,12.927
32997.685,12.993
32997.824,12.967
32997.888,12.893
32998.025,12.953
32998.138,13.053
32998.236,12.927
32998.332,13.007
32998.435,13.007
32998.559,12.947
32998.643,12.933
32998.741,12.907
32998.854,12.893
32998.881,12.887
32999.050,12.853
32999.077,12.9
32999.180,12.893
32999.293,12.953
32999.386,12.947
32999.484,12.86
32999.596,12.913
32999.674,12.84
32999.795,12.833
32999.893,12.96
32999.972,12.873
33000.076,12.987
33000.177,12.92
33000.288,12.833
33000.420,12.9
33000.491,12.933
33000.589,12.893
33000.690,12.887
33000.810,12.893
33000.893,12.953
33000.996,13.007
33001.131,12.973
33001.204,12.927
33001.305,12.887
33001.405,12.913
33001.508,13.033
33001.611,12.973
33001.714,12.893
33001.824,12.807
33001.917,12.893
33002.021,12.947
33002.123,12.92
33002.234,12.887
33002.327,13.0
33002.430,12.927
33002.525,12.96
33002.646,12.907
33002.695,12.893
33002.847,12.767
33002.873,12.887
33002.967,12.84
33003.067,12.853
33003.170,12.893
33003.282,12.873
33003.375,12.953
33003.484,12.847
33003.584,12.853
33003.702,12.893
33003.765,12.873
33003.861,12.88
33003.966,12.933
33004.098,12.947
33004.173,12.873
33004.271,12.933
33004.376,12.847
33004.483,13.0
33004.579,12.9
33004.680,12.947
33004.805,12.88
33004.895,12.887
33004.998,12.987
33005.096,12.913
33005.195,13.013
33005.298,12.953
33005.408,12.98
33005.503,12.907
33005.609,13.0
33005.706,12.833
33005.810,12.927
33005.880,12.86
33006.013,12.94
33006.118,12.9
33006.228,12.913
33006.320,12.873
33006.425,13.013
33006.520,13.033
33006.552,12.92
33006.668,12.96
33056.756,12.947
33056.859,12.927
33056.966,12.993
33057.060,12.907
33057.163,12.927
33057.266,12.973
33057.380,12.833
33057.451,12.933
33057.550,12.927
33057.652,12.98
33057.755,12.933
33057.859,12.9
33057.969,12.873
33058.062,12.92
33058.163,12.987
33058.266,12.94
33058.369,12.987
33058.481,12.907
33058.572,12.993
33058.675,12.907
33058.778,13.02
33058.891,12.967
33058.994,13.02
33059.089,12.973
33059.187,12.88
33059.290,12.893
33059.393,12.94
33059.494,12.98
33059.596,12.907
33059.699,12.893
33059.802,12.787
33059.898,12.953
33059.951,12.887
33060.109,12.953
33060.165,12.853
33060.342,12.8
33060.344,12.953
33060.451,12.887
33060.552,12.907
33060.646,12.82
33060.753,12.973
33060.851,12.973
33060.952,12.927
33061.054,13.04
33061.143,13.04
33061.246,12.94
33061.342,12.893
33061.442,12.96
33061.543,12.947
33061.668,12.96
33061.748,13.02
33061.859,12.833
33062.055,12.853
33062.060,12.847
33062.158,12.953
33062.271,12.86
33062.388,12.947
33062.464,12.833
33062.574,13.007
33062.670,12.933
33062.771,13.027
33062.893,12.907
33062.981,12.74
33063.087,12.847
33063.209,13.033
33063.302,12.747
33063.395,13.0
33063.491,13.007
33063.589,12.927
33063.695,12.92
33063.797,12.907
33063.898,13.013
33064.000,12.84
33064.038,12.953
33064.136,12.973
33064.233,12.96
33064.331,12.933
33064.435,12.907
33064.538,12.947
33064.640,12.913
33064.729,12.967
33064.829,12.933
33064.951,12.86
33065.050,12.987
33065.140,12.94
33065.238,13.027
33065.336,12.933
33065.464,12.953
33065.549,12.967
33065.648,12.973
33065.744,12.953
33065.844,12.887
33065.947,12.98
33066.045,12.953
33066.155,12.94
33066.253,12.947
33066.349,13.0
33066.459,13.053
33066.567,12.94
33066.663,12.907
33116.765,12.913
33116.876,12.98
33117.001,12.927
33117.074,12.887
33117.175,12.913
33117.302,12.927
33117.388,12.9
33117.484,13.0
33117.591,12.94
33117.621,12.92
33117.788,12.933
33117.891,13.013
33117.918,13.007
33118.037,12.82
33118.123,12.853
33118.233,12.793
33118.334,12.88
33118.437,12.933
33118.533,12.887
33118.635,12.967
33118.734,12.913
33118.839,12.96
33118.918,12.94
33119.016,12.92
33119.138,12.927
33119.228,12.873
33119.326,12.96
33119.429,13.007
33119.550,12.993
33119.633,12.967
33119.736,12.86
33119.837,12.927
33119.942,12.813
33120.043,12.9
33120.146,12.987
33120.248,12.88
33120.354,12.907
33120.462,12.827
33120.582,13.113
33120.655,13.007
33120.768,12.987
33120.861,12.887
33120.978,12.82
33121.067,12.893
33121.179,12.967
33121.299,12.92
33121.375,12.933
33121.469,12.98
33121.577,12.973
33121.608,12.913
33121.712,12.947
33121.812,13.053
33121.917,12.92
33122.021,12.847
33122.116,12.873
33122.217,12.933
33122.319,12.967
33122.422,12.88
33122.528,12.9
33122.606,12.84
33122.706,12.913
33122.837,13.0
33122.935,12.96
33123.011,12.893
33123.114,12.92
33123.224,12.9
33123.329,12.86
33123.424,12.887
33123.523,12.96
33123.625,12.813
33123.731,12.873
33123.829,12.973
33123.932,12.96
33124.045,12.96
33124.143,12.907
33124.239,12.953
33124.353,13.007
33124.449,12.947
33124.549,12.92
33124.652,12.973
33124.763,12.86
33124.861,12.913
33124.957,12.913
33125.062,12.833
33125.163,12.82
33125.214,13.013
33125.388,12.847
33125.403,12.953
33125.503,12.873
33125.599,13.02
33125.697,12.913
33125.798,12.973
33125.912,12.913
33126.008,12.973
33126.121,12.993
33126.199,12.913
33126.315,12.973
33126.417,12.967
33126.494,13.1
33126.596,12.907
33126.697,12.927
33176.800,12.84
33176.903,12.907
33177.013,12.927
33177.109,12.907
33177.224,12.867
33177.312,12.967
33177.415,13.0
33177.515,12.933
33177.636,12.987
33177.729,12.96
33177.827,12.893
33177.930,13.007
33178.030,12.873
33178.131,12.973
33178.234,12.913
33178.337,12.96
33178.447,13.007
33178.545,12.933
33178.643,12.86
33178.748,12.867
33178.849,12.96
33178.952,12.913
33179.062,13.053
33179.165,12.973
33179.192,13.08
33179.361,12.953
33179.386,12.953
33179.498,12.953
33179.596,12.793
33179.692,12.927
33179.795,12.833
33179.907,12.933
33180.001,12.893
33180.101,12.96
33180.204,12.96
33180.283,13.027
33180.383,12.987
33180.486,12.867
33180.599,12.94
33180.701,12.953
33180.820,12.987
33180.900,13.0
33181.010,12.88
33181.106,12.853
33181.204,12.947
33181.314,12.887
33181.415,12.993
33181.511,12.993
33181.636,12.907
33181.723,12.873
33181.820,12.913
33181.920,12.953
33182.048,12.893
33182.126,12.893
33182.226,12.987
33182.329,12.86
33182.461,12.933
33182.535,12.88
33182.636,12.893
33182.748,12.873
33182.849,12.88
33182.878,12.933
33183.048,12.96
33183.150,12.867
33183.177,12.833
33183.275,12.933
33183.378,12.947
33183.494,13.013
33183.592,12.86
33183.674,12.933
33183.788,12.88
33183.908,12.813
33183.979,12.88
33184.101,13.007
33184.175,12.893
33184.302,13.027
33184.378,13.12
33184.481,13.073
33184.584,12.947
33184.687,12.88
33184.782,12.867
33184.883,12.973
33185.001,12.933
33185.121,12.967
33185.197,12.947
33185.307,12.827
33185.402,12.873
33185.498,13.06
33185.599,12.947
33185.719,12.973
33185.814,12.92
33185.913,12.947
33186.018,12.947
33186.128,12.907
33186.224,13.013
33186.322,13.007
33186.425,12.98
33186.528,12.933
33186.631,12.953
33476.734,12.9
33476.780,12.913
33476.864,12.987
33477.050,12.907
33477.077,12.873
33477.177,12.887
33477.273,12.987
33477.375,12.86
33477.474,12.78
33477.582,12.833
33477.682,12.847
33477.766,13.007
33477.905,13.013
33477.964,12.993
33478.065,12.847
33478.168,12.82
33478.271,12.933
33478.371,12.893
33478.474,12.98
33478.577,12.88
33478.684,12.807
33478.782,12.953
33478.883,12.913
33478.986,12.987
33479.153,12.987
33479.192,12.907
33479.256,12.933
33479.395,12.947
33479.461,12.92
33479.562,12.86
33479.739,12.927
33479.812,12.98
33479.908,12.873
33480.020,12.86
33480.131,12.907
33480.158,12.947
33480.317,13.02
33480.418,13.013
33480.454,12.927
33480.565,13.047
33480.726,12.96
33480.755,12.847
33480.853,13.047
33480.951,12.953
33481.072,12.92
33481.248,12.94
33481.251,12.88
33481.369,12.907
33481.469,13.007
33481.555,12.967
33481.648,13.08
33481.750,12.927
33481.854,12.947
33481.967,13.007
33482.067,13.08
33482.165,12.953
33482.263,12.993
33482.366,12.86
33482.469,12.98
33482.570,12.92
33482.674,12.98
33482.783,12.987
33482.881,12.94
33482.981,12.967
33483.087,12.807
33483.185,12.94
33483.287,12.973
33483.393,12.947
33483.501,12.913
33483.621,13.0
33483.697,13.027
33483.809,12.967
33483.905,12.987
33484.006,13.08
33484.128,12.853
33484.145,12.9
33484.244,12.947
33484.344,12.947
33484.442,12.993
33484.619,12.947
33484.646,12.907
33484.744,12.94
33484.863,13.0
33484.954,12.833
33485.052,12.94
33485.155,12.94
33485.256,12.987
33485.358,12.953
33485.456,12.88
33485.552,12.78
33485.643,12.933
33485.771,12.993
33485.848,12.953
33485.973,12.913
33486.052,12.973
33486.155,12.907
33486.256,12.92
33486.381,12.973
33486.464,12.92
33486.564,12.953
33486.665,12.873
33536.770,12.98
33536.871,12.933
33536.974,12.907
33537.076,12.947
33537.187,13.067
33537.285,12.96
33537.383,12.927
33537.484,12.913
33537.582,13.027
33537.692,12.993
33537.805,12.867
33537.905,12.913
33537.998,12.84
33538.101,12.793
33538.217,12.94
33538.243,12.993
33538.339,12.867
33538.440,12.82
33538.540,12.86
33538.646,12.88
33538.744,12.993
33538.842,13.027
33538.951,12.98
33539.045,12.967
33539.148,12.94
33539.226,12.887
33539.329,12.847
33539.430,12.96
33539.533,12.98
33539.643,13.0
33539.738,12.907
33539.839,12.873
33539.942,12.86
33540.054,12.913
33540.148,12.947
33540.251,12.947
33540.378,12.96
33540.425,12.893
33540.557,13.127
33540.660,12.993
33540.763,12.973
33540.873,12.98
33540.994,12.987
33541.042,12.793
33541.152,12.84
33541.275,12.907
33541.378,12.967
33541.481,12.867
33541.574,12.867
33541.682,12.933
33541.787,12.953
33541.891,12.893
33541.989,12.913
33542.020,12.907
33542.217,12.853
33542.229,12.88
33542.326,13.007
33542.425,12.993
33542.527,13.067
33542.626,12.933
33542.731,12.867
33542.834,12.953
33542.949,13.0
33543.016,12.973
33543.118,12.9
33543.222,12.927
33543.322,12.907
33543.430,12.993
33543.528,12.94
33543.628,12.98
33543.733,12.887
33543.836,13.02
33543.937,13.0
33544.054,12.873
33544.141,12.907
33544.244,12.953
33544.346,12.84
33544.464,12.96
33544.560,12.947
33544.657,12.947
33544.721,12.973
33544.820,13.073
33544.925,12.947
33545.064,12.927
33545.165,12.933
33545.268,12.853
33545.376,12.92
33545.473,12.973
33545.565,12.887
33545.670,12.847
33545.719,12.813
33545.815,12.973
33545.913,13.0
33546.011,13.1
33546.111,12.94
33546.300,13.0
33546.309,12.9
33546.418,12.987
33546.521,13.007
33546.623,12.953
33546.709,12.927
33596.807,13.027
33596.908,12.987
33597.013,12.96
33597.113,12.92
33597.212,12.973
33597.315,12.827
33597.418,12.893
33597.521,12.907
33597.623,12.94
33597.728,12.92
33597.827,12.953
33597.934,12.947
33598.043,12.96
33598.138,12.913
33598.236,13.067
33598.341,13.033
33598.462,12.9
33598.545,12.967
33598.648,12.867
33598.748,12.94
33598.873,12.96
33598.954,12.853
33599.057,12.833
33599.167,12.907
33599.266,12.947
33599.364,12.893
33599.464,12.993
33599.569,13.087
33599.604,12.993
33599.744,12.873
33599.802,12.9
33599.900,12.893
33600.003,12.8
33600.104,12.887
33600.211,12.947
33600.300,12.987
33600.413,12.967
33600.513,12.9
33600.594,12.967
33600.734,12.973
33600.809,12.913
33600.903,12.893
33601.003,13.02
33601.106,12.947
33601.207,12.873
33601.310,12.98
33601.413,12.933
33601.523,13.033
33601.621,13.033
33601.728,12.933
33601.822,13.033
33601.925,13.053
33602.028,12.993
33602.138,12.933
33602.231,12.9
33602.334,12.92
33602.435,12.933
33602.550,12.84
33602.645,12.887
33602.744,12.933
33602.800,12.8
33602.908,12.873
33603.015,13.053
33603.152,12.933
33603.256,12.847
33603.320,13.0
33603.425,12.94
33603.562,12.993
33603.606,12.993
33603.690,12.887
33603.793,12.913
33603.893,12.973
33603.998,12.92
33604.099,13.007
33604.199,12.967
33604.287,12.94
33604.405,12.967
33604.483,13.06
33604.587,12.98
33604.709,12.967
33604.798,13.013
33604.893,12.947
33604.996,12.933
33605.201,12.96
33605.202,12.907
33605.302,12.933
33605.405,13.0
33605.511,13.007
33605.611,12.987
33605.714,12.973
33605.817,12.84
33605.923,12.993
33606.028,12.9
33606.131,12.94
33606.224,12.993
33606.351,13.02
33606.430,12.953
33606.571,12.88
33606.643,12.913
33656.741,12.927
33656.849,12.967
33656.876,12.84
33656.981,12.927
33657.076,12.92
33657.250,12.873
33657.283,12.9
33657.378,12.847
33657.476,12.813
33657.582,12.973
33657.682,12.84
33657.785,13.0
33657.890,12.887
33657.989,12.867
33658.092,12.847
33658.194,12.887
33658.272,12.86
33658.386,12.96
33658.479,12.98
33658.579,12.887
33658.682,12.96
33658.795,12.933
33658.893,12.92
33658.989,13.013
33659.092,12.893
33659.196,13.02
33659.298,13.007
33659.503,12.947
33659.505,12.86
33659.571,12.913
33659.709,12.953
33659.810,12.96
33659.888,12.907
33660.013,12.887
33660.116,12.94
33660.223,12.907
33660.324,12.847
33660.432,13.053
33660.552,12.867
33660.633,12.9
33660.731,12.92
33660.834,12.893
33660.930,12.853
33660.974,12.953
33661.072,12.96
33661.170,12.827
33661.270,13.067
33661.369,12.833
33661.473,12.867
33661.574,12.967
33661.692,12.9
33661.783,12.96
33661.881,12.96
33661.967,12.933
33662.060,12.96
33662.173,12.86
33662.268,12.933
33662.368,12.893
33662.472,12.927
33662.574,12.867
33662.677,12.96
33662.795,12.953
33662.881,12.953
33662.984,12.947
33663.089,13.053
33663.206,12.907
33663.302,12.967
33663.398,12.92
33663.496,12.827
33663.562,12.9
33663.702,12.947
33663.773,12.92
33663.905,12.907
33664.008,12.92
33664.111,13.053
33664.212,12.973
33664.314,13.033
33664.418,13.087
33664.511,12.973
33664.557,13.08
33664.657,12.913
33664.755,12.96
33664.853,13.007
33664.956,13.0
33665.069,12.96
33665.163,13.053
33665.263,12.967
33665.368,12.913
33665.467,12.88
33665.570,12.847
33665.670,12.9
33665.773,12.9
33665.859,12.913
33665.956,12.927
33666.055,12.867
33666.157,12.893
33666.260,12.893
33666.363,12.827
33666.469,12.927
33666.577,12.953
33666.677,12.927
33716.775,13.073
33716.905,13.047
33716.978,12.967
33717.099,12.887
33717.206,12.807
33717.283,12.973
33717.386,12.94
33717.489,12.92
33717.591,13.013
33717.702,12.933
33717.802,12.98
33717.861,12.82
33717.974,12.927
33718.045,12.96
33718.147,12.867
33718.248,12.887
33718.425,12.893
33718.454,12.887
33718.616,12.933
33718.641,12.94
33718.820,12.947
33718.847,13.053
33718.947,12.96
33719.040,12.92
33719.155,12.893
33719.253,12.893
33719.356,12.913
33719.456,12.953
33719.562,12.947
33719.648,12.913
33719.744,12.907
33719.844,12.927
33719.947,12.913
33720.048,12.92
33720.150,12.853
33720.255,12.973
33720.364,12.86
33720.462,12.927
33720.562,12.893
33720.663,12.94
33720.792,12.98
33720.880,12.907
33720.972,12.927
33721.074,13.013
33721.182,12.98
33721.290,12.953
33721.388,12.793
33721.486,12.96
33721.584,12.953
33721.687,12.913
33721.790,13.033
33721.891,12.867
33721.993,12.987
33722.097,12.94
33722.199,12.953
33722.302,12.933
33722.403,12.987
33722.432,12.94
33722.530,12.933
33722.650,13.02
33722.741,12.993
33722.837,12.873
33722.940,12.953
33723.050,12.867
33723.128,13.007
33723.250,12.92
33723.327,12.92
33723.452,12.98
33723.540,12.993
33723.636,12.94
33723.734,12.907
33723.842,12.86
33723.949,12.953
33724.045,13.0
33724.148,12.827
33724.256,12.893
33724.376,12.98
33724.452,12.96
33724.555,12.913
33724.658,12.873
33724.760,12.947
33724.864,12.86
33724.966,12.9
33725.065,12.887
33725.170,12.987
33725.290,12.86
33725.373,13.0
33725.476,12.953
33725.579,12.973
33725.704,13.0
33725.783,12.853
33725.886,12.907
33725.989,12.86
33726.023,12.78
33726.121,12.953
33726.295,12.933
33726.324,12.94
33726.422,12.913
33726.523,12.947
33726.635,12.907
33776.807,12.78
33776.836,12.887
33776.934,12.88
33777.037,12.98
33777.126,12.873
33777.217,12.787
33777.329,12.88
33777.425,12.947
33777.538,12.82
33777.626,12.967
33777.729,12.973
33777.832,12.94
33777.935,12.76
33778.037,12.98
33778.138,13.047
33778.239,13.007
33778.344,12.913
33778.452,12.98
33778.550,12.927
33778.650,12.887
33778.753,13.06
33778.854,12.933
33778.966,12.913
33779.072,13.033
33779.170,13.033
33779.273,12.913
33779.378,12.947
33779.474,12.92
33779.572,12.953
33779.675,12.86
33779.719,12.953
33779.869,12.887
33779.913,12.94
33780.010,12.947
33780.109,12.913
33780.212,12.927
33780.312,12.847
33780.435,12.967
33780.522,12.907
33780.621,13.013
33780.726,12.913
33780.829,13.073
33780.927,12.907
33781.030,12.927
33781.109,13.007
33781.217,12.947
33781.312,12.96
33781.415,12.947
33781.540,12.927
33781.722,12.967
33781.726,12.947
33781.826,12.92
33781.949,12.947
33782.021,12.98
33782.103,12.96
33782.234,12.893
33782.305,12.933
33782.445,12.833
33782.543,12.947
33782.645,12.98
33782.751,12.907
33782.849,12.98
33782.952,12.927
33783.054,12.927
33783.155,12.927
33783.258,12.92
33783.375,12.96
33783.462,13.027
33783.565,13.067
33783.668,12.853
33783.785,13.033
33783.812,12.767
33783.908,12.84
33784.003,13.0
33784.109,12.893
33784.207,12.907
33784.305,12.887
33784.396,12.953
33784.511,12.927
33784.614,12.953
33784.717,12.893
33784.804,12.967
33784.898,12.953
33785.010,12.9
33785.106,12.993
33785.212,13.033
33785.305,13.027
33785.408,12.887
33785.513,12.867
33785.625,12.793
33785.726,12.84
33785.819,12.913
33785.922,12.827
33786.023,12.887
33786.089,12.887
33786.228,12.953
33786.331,13.053
33786.432,12.953
33786.545,12.933
33786.638,13.053
34076.751,12.96
34076.848,12.953
34076.946,12.867
34077.050,12.873
34077.091,12.98
34077.253,12.94
34077.354,12.86
34077.464,12.88
34077.491,12.993
34077.592,12.96
34077.787,12.84
34077.800,12.92
34077.897,12.973
34077.994,12.96
34078.094,12.993
34078.197,12.873
34078.285,12.92
34078.407,13.0
34078.518,12.94
34078.586,12.853
34078.685,12.867
34078.790,12.893
34078.893,12.86
34078.994,12.86
34079.096,12.9
34079.197,12.92
34079.305,12.82
34079.403,12.96
34079.506,12.94
34079.623,13.02
34079.709,12.953
34079.814,12.827
34079.920,12.88
34080.033,12.807
34080.131,12.833
34080.231,12.953
34080.332,12.887
34080.427,12.92
34080.528,12.98
34080.631,12.94
34080.734,12.853
34080.837,13.013
34080.939,12.907
34081.042,12.893
34081.143,12.893
34081.197,12.807
34081.305,12.887
34081.459,12.993
34081.476,12.92
34081.576,12.947
34081.680,13.073
34081.782,12.86
34081.896,12.927
34081.991,13.007
34082.089,12.913
34082.197,13.007
34082.273,12.887
34082.371,12.96
34082.493,12.833
34082.577,12.913
34082.680,12.84
34082.790,12.947
34082.893,12.867
34083.000,12.94
34083.097,12.953
34083.195,12.76
34083.299,12.913
34083.408,13.013
34083.506,12.987
34083.604,13.02
34083.709,12.973
34083.809,12.873
34083.908,12.987
34084.033,12.893
34084.119,12.973
34084.217,13.027
34084.319,13.02
34084.420,12.853
34084.522,12.853
34084.626,12.947
34084.731,13.007
34084.766,12.947
34084.932,12.92
34085.033,13.007
34085.064,12.993
34085.239,12.947
34085.266,12.9
34085.364,13.027
34085.467,13.033
34085.616,13.02
34085.674,13.007
34085.775,12.907
34085.869,12.88
34085.981,12.893
34086.082,12.887
34086.160,12.88
34086.283,12.94
34086.373,12.92
34086.469,13.027
34086.570,12.927
34086.674,12.973
34136.775,12.833
34136.878,12.98
34136.981,12.887
34137.082,12.927
34137.184,12.853
34137.315,12.96
34137.403,12.973
34137.500,12.847
34137.594,12.86
34137.707,13.0
34137.799,12.987
34137.903,12.947
34138.005,12.96
34138.119,12.94
34138.219,12.893
34138.315,12.927
34138.415,12.933
34138.518,12.807
34138.619,12.967
34138.722,12.967
34138.824,13.093
34138.925,13.02
34138.952,12.847
34139.055,12.847
34139.234,12.94
34139.260,12.933
34139.359,12.893
34139.462,12.96
34139.569,12.86
34139.667,12.953
34139.770,13.073
34139.871,13.04
34139.957,12.9
34140.054,12.9
34140.157,12.987
34140.278,12.953
34140.369,12.867
34140.464,12.8
34140.564,12.86
34140.668,12.867
34140.770,12.88
34140.880,12.887
34140.978,12.947
34141.082,12.907
34141.177,12.96
34141.280,12.913
34141.383,13.06
34141.486,12.833
34141.587,12.967
34141.690,13.04
34141.793,12.973
34141.905,13.007
34142.005,12.907
34142.119,12.9
34142.202,12.927
34142.305,12.907
34142.408,12.9
34142.535,12.947
34142.613,12.847
34142.641,12.907
34142.748,13.0
34142.853,12.867
34142.957,12.96
34143.055,12.9
34143.150,13.033
34143.251,12.9
34143.356,12.88
34143.454,12.973
34143.559,12.96
34143.638,12.913
34143.739,12.947
34143.842,12.993
34143.956,12.98
34144.045,12.913
34144.148,12.893
34144.250,12.987
34144.366,12.967
34144.464,13.0
34144.567,13.027
34144.663,13.0
34144.763,12.88
34144.866,12.833
34144.967,12.993
34145.069,13.007
34145.141,12.967
34145.241,12.96
34145.383,13.053
34145.488,12.953
34145.584,13.047
34145.684,12.873
34145.793,12.847
34145.832,12.933
34145.993,12.913
34146.092,12.82
34146.302,13.007
34146.304,12.88
34146.332,12.853
34146.437,12.953
34146.604,12.893
34146.635,12.913
34196.733,12.973
34196.834,13.0
34196.937,12.893
34197.040,12.92
34197.141,13.08
34197.263,12.94
34197.348,13.007
34197.447,12.887
34197.528,13.047
34197.631,12.94
34197.744,12.933
34197.842,12.94
34197.935,13.04
34198.048,12.94
34198.143,12.88
34198.244,12.893
34198.366,12.987
34198.449,12.993
34198.552,13.027
34198.655,13.04
34198.778,12.893
34198.859,12.913
34198.972,12.907
34199.074,13.02
34199.194,12.98
34199.268,13.04
34199.371,12.873
34199.473,12.84
34199.579,12.873
34199.679,12.84
34199.780,12.9
34199.886,12.82
34200.011,12.88
34200.089,12.92
34200.202,12.833
34200.219,12.953
34200.393,12.813
34200.422,12.887
34200.522,12.947
34200.638,12.84
34200.724,12.853
34200.829,12.98
34200.939,13.047
34201.035,12.993
34201.135,12.953
34201.221,12.893
34201.317,12.92
34201.418,12.913
34201.520,12.98
34201.623,12.953
34201.726,12.893
34201.829,12.867
34201.930,12.987
34202.042,12.973
34202.136,13.027
34202.239,12.947
34202.341,12.827
34202.452,12.987
34202.545,12.873
34202.648,12.86
34202.748,12.92
34202.864,12.88
34202.962,13.033
34203.025,12.933
34203.160,12.973
34203.261,12.907
34203.366,12.953
34203.484,12.907
34203.569,12.993
34203.672,12.94
34203.773,12.96
34203.878,12.987
34203.923,13.027
34204.082,12.867
34204.111,12.873
34204.207,12.807
34204.315,12.913
34204.413,12.893
34204.515,12.967
34204.618,12.893
34204.798,12.88
34204.807,13.007
34204.927,12.76
34205.025,12.887
34205.104,12.98
34205.207,12.927
34205.321,12.867
34205.418,12.987
34205.513,13.0
34205.618,12.913
34205.721,12.847
34205.827,12.92
34205.925,12.993
34206.025,12.907
34206.128,12.98
34206.239,12.853
34206.339,12.893
34206.452,12.913
34206.538,12.907
34206.641,12.9
34256.743,12.94
34256.864,12.94
34256.957,12.94
34257.055,12.96
34257.121,12.92
34257.224,12.987
34257.358,13.0
34257.462,12.993
34257.562,12.987
34257.597,12.907
34257.768,12.96
34257.797,12.793
34257.972,12.92
34258.008,12.987
34258.103,12.913
34258.199,12.953
34258.312,12.933
34258.408,12.98
34258.508,12.907
34258.613,12.887
34258.699,12.953
34258.795,12.98
34258.893,12.967
34258.996,12.947
34259.099,12.833
34259.199,12.907
34259.304,12.887
34259.405,12.893
34259.508,12.873
34259.611,13.02
34259.714,12.973
34259.827,12.867
34259.924,12.913
34260.018,12.96
34260.126,12.953
34260.224,12.86
34260.327,12.86
34260.447,12.86
34260.537,13.0
34260.633,12.927
34260.746,12.913
34260.861,12.98
34260.949,12.853
34261.047,12.873
34261.147,12.893
34261.273,12.953
34261.312,13.073
34261.422,12.833
34261.522,12.86
34261.594,12.987
34261.685,12.947
34261.785,12.867
34261.888,12.92
34261.991,12.96
34262.092,12.92
34262.194,12.927
34262.300,12.953
34262.400,12.947
34262.483,13.033
34262.587,12.94
34262.699,12.86
34262.788,12.953
34262.888,12.96
34262.989,12.813
34263.109,12.827
34263.199,12.94
34263.297,12.927
34263.403,12.847
34263.511,12.92
34263.608,12.953
34263.707,12.9
34263.810,12.953
34263.913,12.913
34264.016,13.0
34264.116,12.92
34264.219,12.98
34264.320,12.967
34264.424,12.953
34264.537,12.94
34264.628,12.98
34264.731,12.96
34264.832,12.973
34264.949,12.9
34264.979,12.987
34265.141,12.893
34265.271,12.82
34265.288,12.867
34265.440,12.967
34265.474,12.907
34265.574,12.92
34265.675,12.92
34265.780,13.053
34265.880,12.987
34266.067,12.893
34266.072,12.887
34266.190,12.887
34266.288,12.98
34266.373,12.88
34266.484,13.013
34266.582,12.827
34266.677,12.913
34316.785,13.007
34316.881,12.847
34317.013,12.967
34317.111,12.9
34317.197,12.88
34317.293,12.833
34317.393,12.913
34317.496,12.88
34317.599,12.867
34317.701,12.96
34317.804,12.853
34317.910,12.96
34318.018,12.96
34318.114,12.967
34318.214,12.907
34318.322,12.9
34318.420,12.833
34318.528,12.9
34318.599,12.867
34318.726,12.953
34318.836,13.027
34318.864,12.913
34318.972,12.913
34319.133,13.0
34319.163,12.907
34319.261,13.0
34319.378,12.88
34319.474,12.947
34319.579,12.907
34319.680,12.88
34319.782,12.833
34319.878,12.98
34319.978,12.873
34320.079,12.893
34320.158,12.887
34320.260,12.867
34320.361,12.84
34320.464,12.907
34320.574,12.887
34320.672,12.827
34320.783,12.953
34320.875,12.953
34320.976,12.94
34321.081,12.787
34321.194,12.973
34321.292,13.14
34321.391,12.973
34321.489,13.0
34321.592,12.887
34321.694,12.82
34321.795,13.04
34321.898,12.86
34322.001,12.967
34322.104,12.853
34322.206,12.927
34322.307,13.0
34322.364,12.913
34322.469,12.853
34322.621,12.867
34322.707,12.98
34322.820,12.847
34322.888,12.927
34323.033,12.98
34323.059,12.953
34323.155,12.933
34323.253,12.88
34323.356,13.013
34323.464,12.94
34323.560,12.873
34323.648,12.893
34323.766,13.02
34323.863,13.013
34323.947,12.86
34324.050,12.907
34324.162,12.907
34324.256,12.813
34324.356,12.933
34324.459,12.967
34324.567,12.893
34324.663,12.98
34324.766,12.967
34324.871,13.04
34324.969,13.04
34325.082,13.027
34325.192,12.893
34325.280,12.84
34325.380,12.9
34325.481,12.9
34325.606,12.947
34325.699,12.967
34325.798,12.947
34325.896,12.9
34326.003,12.92
34326.104,12.847
34326.207,12.867
34326.239,12.96
34326.407,13.073
34326.506,13.02
34326.608,13.027
34376.712,12.893
34376.814,12.927
34376.841,12.913
34376.940,12.92
34377.055,12.92
34377.150,12.907
34377.253,12.86
34377.351,12.98
34377.442,12.967
34377.540,12.9
34377.660,12.993
34377.736,12.82
34377.841,12.867
34377.940,12.92
34378.047,12.933
34378.147,12.973
34378.248,12.933
34378.351,12.94
34378.452,13.007
34378.555,12.853
34378.652,12.88
34378.768,12.94
34378.837,12.92
34378.966,12.9
34379.067,12.933
34379.163,12.947
34379.280,12.9
34379.378,12.973
34379.476,12.913
34379.604,12.96
34379.690,12.907
34379.810,12.947
34379.886,12.94
34379.989,12.867
34380.091,12.86
34380.194,12.94
34380.295,13.007
34380.339,12.94
34380.505,12.993
34380.533,12.98
34380.630,12.893
34380.731,12.86
34380.832,12.82
34380.932,12.907
34381.038,12.987
34381.141,13.0
34381.241,12.907
34381.344,12.813
34381.442,12.92
34381.525,12.873
34381.628,12.94
34381.729,12.887
34381.854,12.92
34381.935,12.933
34382.038,12.987
34382.141,12.893
34382.244,12.953
34382.344,13.007
34382.466,12.993
34382.549,12.973
34382.653,12.873
34382.753,12.973
34382.856,12.933
34382.959,12.953
34383.060,12.907
34383.170,12.933
34383.280,12.94
34383.366,12.913
34383.464,12.993
34383.572,12.787
34383.690,12.947
34383.719,12.873
34383.878,12.987
34383.981,12.88
34384.084,12.873
34384.196,12.933
34384.224,12.9
34384.391,12.913
34384.493,12.94
34384.523,12.967
34384.623,12.96
34384.802,12.873
34384.829,12.967
34384.927,12.913
34385.030,12.92
34385.116,12.92
34385.224,12.927
34385.342,12.86
34385.417,12.887
34385.527,13.073
34385.625,13.033
34385.724,12.973
34385.826,12.88
34385.939,12.973
34386.038,12.853
34386.133,12.887
34386.236,12.773
34386.337,12.927
34386.467,12.887
34386.542,12.873
34386.611,12.913
32276.714,13.047
32276.853,12.887
32276.925,13.04
32277.054,12.92
32277.155,13.027
32277.260,12.907
32277.366,12.913
32277.464,12.833
32277.516,12.84
32277.689,12.933
32277.773,12.893
32277.873,12.953
32277.974,12.827
32278.099,12.913
32278.104,12.96
32278.283,12.86
32278.307,12.9
32278.424,12.907
32278.516,12.893
32278.614,13.033
32278.716,12.84
32278.820,12.927
32278.924,12.947
32279.001,12.853
32279.126,12.94
32279.202,12.853
32279.307,12.94
32279.408,13.04
32279.525,12.947
32279.614,12.967
32279.716,12.88
32279.820,12.933
32279.937,12.88
32280.035,12.993
32280.133,12.913
32280.231,12.853
32280.332,12.867
32280.442,12.827
32280.535,12.887
32280.638,13.007
32280.702,12.927
32280.844,12.873
32280.945,12.88
32281.013,12.993
32281.116,12.973
32281.253,12.947
32281.364,12.933
32281.457,12.913
32281.569,12.867
32281.599,12.927
32281.775,12.907
32281.804,12.947
32281.898,12.907
32281.996,12.853
32282.099,13.02
32282.207,12.913
32282.304,12.9
32282.403,12.873
32282.506,12.88
32282.606,13.013
32282.711,12.92
32282.834,12.887
32282.891,12.947
32282.993,12.993
32283.094,12.913
32283.207,12.913
32283.300,12.887
32283.405,12.907
32283.506,13.013
32283.614,13.027
32283.709,12.887
32283.812,12.94
32283.937,12.853
32284.027,12.933
32284.126,12.86
32284.222,12.873
32284.347,12.98
32284.429,12.913
32284.530,12.88
32284.633,13.04
32284.739,12.827
32284.837,12.94
32284.935,12.993
32285.040,12.98
32285.148,12.967
32285.246,12.92
32285.349,13.007
32285.452,12.887
32285.548,12.9
32285.655,12.84
32285.684,12.893
32285.798,12.953
32285.893,12.953
32285.991,12.927
32286.094,13.0
32286.192,13.0
32286.293,12.933
32286.402,12.973
32286.479,12.947
32286.601,12.98
32286.689,13.007
32336.790,12.887
32336.898,12.867
32336.998,13.067
32337.077,12.833
32337.185,13.007
32337.288,13.053
32337.388,12.967
32337.478,12.953
32337.609,12.98
32337.709,13.02
32337.807,12.913
32337.908,13.007
32338.023,13.007
32338.123,13.007
32338.217,13.047
32338.320,12.86
32338.420,12.793
32338.532,12.94
32338.626,12.86
32338.729,12.973
32338.831,12.987
32338.969,12.9
32339.037,12.973
32339.138,13.013
32339.239,12.907
32339.271,12.887
32339.452,12.92
32339.547,13.02
32339.574,12.993
32339.674,12.927
32339.775,12.867
32339.883,12.907
32339.984,12.907
32340.082,12.94
32340.185,12.933
32340.273,12.933
32340.390,12.973
32340.467,12.887
32340.570,12.94
32340.690,12.953
32340.778,12.907
32340.878,12.893
32340.986,13.02
32341.084,12.94
32341.192,12.967
32341.287,12.98
32341.393,12.84
32341.493,12.86
32341.596,12.927
32341.697,12.9
32341.793,12.86
32341.893,12.847
32341.989,12.993
32342.091,12.98
32342.214,12.947
32342.312,12.9
32342.388,12.84
32342.523,12.933
32342.619,12.973
32342.722,12.98
32342.826,12.927
32342.925,12.933
32343.030,12.987
32343.131,12.86
32343.168,12.907
32343.266,12.967
32343.363,12.873
32343.540,12.967
32343.567,12.953
32343.746,13.04
32343.773,13.0
32343.859,12.96
32343.976,13.02
32344.077,12.927
32344.179,12.873
32344.270,13.027
32344.359,12.913
32344.464,12.967
32344.592,13.0
32344.655,13.007
32344.778,12.933
32344.861,13.04
32344.974,12.953
32345.067,12.9
32345.180,12.967
32345.278,12.933
32345.385,12.8
32345.481,12.893
32345.579,12.84
32345.699,12.92
32345.785,13.04
32345.905,12.973
32346.001,12.913
32346.106,12.88
32346.204,12.907
32346.305,12.92
32346.432,12.853
32346.451,12.9
32346.619,12.927
32396.714,12.98
32396.817,12.82
32396.869,12.82
32396.954,12.92
32397.050,12.927
32397.165,12.9
32397.255,12.947
32397.353,12.96
32397.454,12.807
32397.562,12.987
32397.673,12.987
32397.768,12.953
32397.869,12.933
32397.967,12.94
32398.045,12.927
32398.148,12.96
32398.268,12.947
32398.358,12.953
32398.462,12.973
32398.560,12.853
32398.660,12.847
32398.756,12.873
32398.864,13.027
32398.962,12.94
32399.048,12.933
32399.172,12.947
32399.270,13.033
32399.388,12.947
32399.483,12.993
32399.582,12.893
32399.685,12.88
32399.785,12.933
32399.890,13.12
32399.994,13.033
32400.109,13.033
32400.197,13.027
32400.295,12.94
32400.405,13.013
32400.518,13.0
32400.545,12.92
32400.641,12.933
32400.739,12.887
32400.842,12.833
32400.940,13.053
32401.038,12.98
32401.143,12.833
32401.244,12.933
32401.348,12.953
32401.449,12.913
32401.552,13.027
32401.657,12.96
32401.756,12.913
32401.834,12.96
32401.945,12.967
32402.048,13.04
32402.170,12.947
32402.246,12.887
32402.356,12.907
32402.452,12.973
32402.550,13.007
32402.655,12.987
32402.768,12.967
32402.868,12.887
32402.964,12.927
32403.045,12.987
32403.167,12.84
32403.268,12.84
32403.344,12.827
32403.483,12.933
32403.533,12.973
32403.636,12.807
32403.744,12.947
32403.853,12.893
32403.952,12.867
32404.077,13.067
32404.190,12.887
32404.288,12.92
32404.383,12.907
32404.489,13.007
32404.540,12.967
32404.628,12.933
32404.798,12.96
32404.848,12.853
32404.949,12.873
32405.045,12.867
32405.145,12.873
32405.251,12.82
32405.344,12.847
32405.447,12.88
32405.545,12.98
32405.626,12.873
32405.734,12.927
32405.832,13.04
32405.930,12.813
32406.035,12.833
32406.135,13.0
32406.238,12.88
32406.354,12.807
32406.444,12.92
32406.548,12.953
32406.646,13.107
32456.765,13.013
32456.863,13.027
32456.962,13.033
32457.055,12.96
32457.168,12.867
32457.265,12.92
32457.371,12.933
32457.466,12.92
32457.570,12.96
32457.672,12.927
32457.775,12.947
32457.876,12.867
32457.937,12.913
32458.038,13.033
32458.192,12.94
32458.292,12.947
32458.320,12.893
32458.422,12.947
32458.515,12.933
32458.626,12.88
32458.721,12.887
32458.822,12.847
32458.925,12.933
32459.035,12.953
32459.114,12.96
32459.236,12.953
32459.312,12.873
32459.413,12.94
32459.516,12.987
32459.626,12.873
32459.731,12.86
32459.829,12.967
32459.927,12.98
32460.030,12.953
32460.138,12.9
32460.234,12.82
32460.334,12.927
32460.440,12.927
32460.540,12.98
32460.641,13.033
32460.763,12.927
32460.851,13.013
32460.949,12.847
32461.059,12.82
32461.177,12.947
32461.256,12.973
32461.307,12.933
32461.413,12.973
32461.523,12.927
32461.621,12.807
32461.729,12.907
32461.866,12.987
32461.905,13.04
32462.003,12.96
32462.177,12.86
32462.204,12.92
32462.383,13.02
32462.410,12.96
32462.508,12.92
32462.626,12.947
32462.714,12.88
32462.815,12.92
32462.913,13.007
32463.010,13.007
32463.106,13.02
32463.204,12.84
32463.304,12.913
32463.407,12.987
32463.511,12.96
32463.613,12.86
32463.714,12.853
32463.817,12.76
32463.918,12.88
32464.021,12.953
32464.121,12.953
32464.226,12.987
32464.327,12.92
32464.440,12.893
32464.533,13.073
32464.643,12.9
32464.741,12.973
32464.851,12.853
32464.947,12.887
32465.045,12.9
32465.141,12.933
32465.250,12.927
32465.351,12.96
32465.403,13.027
32465.513,13.007
32465.658,12.953
32465.719,12.927
32465.795,13.04
32465.910,12.973
32466.008,13.007
32466.106,12.967
32466.194,12.973
32466.302,12.887
32466.408,12.833
32466.505,12.833
32466.613,12.9
32466.692,12.933
32516.814,12.927
32516.903,12.92
32517.011,12.967
32517.101,12.893
32517.197,12.953
32517.327,12.94
32517.425,13.06
32517.511,13.013
32517.609,12.933
32517.707,12.873
32517.815,13.007
32517.912,12.94
32518.016,12.967
32518.116,12.827
32518.228,12.98
32518.326,13.013
32518.424,12.953
32518.528,12.947
32518.628,13.027
32518.733,12.933
32518.849,12.967
32518.935,12.94
32519.038,12.947
32519.148,12.947
32519.244,12.98
32519.346,12.953
32519.449,12.9
32519.550,12.907
32519.584,12.98
32519.753,12.873
32519.782,13.007
32519.966,12.947
32519.994,13.067
32520.094,13.04
32520.195,12.953
32520.293,12.96
32520.472,12.987
32520.500,12.92
32520.599,12.913
32520.687,12.913
32520.800,12.973
32520.881,12.88
32521.008,12.893
32521.099,12.84
32521.195,12.967
32521.290,12.993
32521.393,13.02
32521.496,12.92
32521.599,12.953
32521.701,12.887
32521.802,12.84
32521.905,12.98
32522.008,12.9
32522.111,12.92
32522.199,12.893
32522.305,12.887
32522.408,12.853
32522.527,12.987
32522.623,12.907
32522.719,12.973
32522.836,12.92
32522.937,12.873
32523.035,12.94
32523.143,12.9
32523.172,12.947
32523.339,12.84
32523.451,12.987
32523.479,12.847
32523.670,12.833
32523.673,12.827
32523.771,12.887
32523.873,12.893
32523.994,12.927
32524.086,12.907
32524.180,12.94
32524.285,12.947
32524.386,13.033
32524.484,12.933
32524.567,12.947
32524.670,12.873
32524.773,12.94
32524.875,13.027
32524.976,12.78
32525.096,12.947
32525.184,12.913
32525.285,12.933
32525.386,12.867
32525.508,12.833
32525.592,12.873
32525.692,12.86
32525.795,12.887
32525.900,12.887
32526.000,12.84
32526.104,12.947
32526.206,12.887
32526.278,12.94
32526.420,13.033
32526.471,13.02
32526.616,13.047
32576.721,12.947
32576.820,12.993
32576.934,12.927
32577.021,12.947
32577.128,12.98
32577.233,12.973
32577.261,12.933
32577.369,12.847
32577.471,12.94
32577.565,12.94
32577.668,12.92
32577.778,12.94
32577.875,13.027
32577.974,13.007
32578.072,12.947
32578.177,12.953
32578.256,12.913
32578.358,12.9
32578.472,12.927
32578.592,12.973
32578.665,12.967
32578.773,13.08
32578.869,12.953
32578.981,12.907
32579.074,12.86
32579.207,12.947
32579.280,12.873
32579.364,12.953
32579.467,12.873
32579.584,12.953
32579.657,13.007
32579.763,13.013
32579.893,12.8
32580.018,12.827
32580.082,13.007
32580.209,12.92
32580.312,12.953
32580.410,12.933
32580.516,12.873
32580.609,12.927
32580.652,12.893
32580.817,12.98
32580.925,12.953
32581.023,12.96
32581.052,13.007
32581.150,13.047
32581.248,12.973
32581.369,12.893
32581.464,12.907
32581.562,12.947
32581.658,12.947
32581.760,12.933
32581.861,12.927
32581.966,12.947
32582.079,12.893
32582.146,13.04
32582.248,12.927
32582.351,12.947
32582.452,12.98
32582.560,12.873
32582.658,12.967
32582.760,12.967
32582.861,12.86
32582.964,12.92
32583.067,12.993
32583.182,12.88
32583.271,12.973
32583.373,12.873
32583.479,12.98
32583.592,12.993
32583.689,12.907
32583.787,12.987
32583.886,12.88
32583.945,12.94
32584.089,13.087
32584.194,12.933
32584.295,12.96
32584.398,12.967
32584.467,12.893
32584.603,12.907
32584.706,13.013
32584.807,12.853
32584.912,12.993
32584.937,12.833
32585.043,12.987
32585.138,12.9
32585.243,12.993
32585.353,12.913
32585.454,12.94
32585.552,12.933
32585.652,12.953
32585.756,12.867
32585.841,12.96
32585.939,12.92
32586.037,12.987
32586.141,12.82
32586.250,13.093
32586.354,12.973
32586.456,12.893
32586.557,12.92
32586.660,12.92
32876.761,13.027
32876.863,12.913
32876.971,12.973
32877.070,12.96
32877.172,13.02
32877.273,12.907
32877.371,12.893
32877.469,12.873
32877.591,12.927
32877.679,12.94
32877.777,13.0
32877.880,12.96
32878.003,12.967
32878.092,12.953
32878.190,12.933
32878.292,13.013
32878.327,13.027
32878.494,12.867
32878.596,12.98
32878.699,13.007
32878.739,12.893
32878.837,12.893
32878.932,12.88
32879.033,12.973
32879.133,12.967
32879.236,12.94
32879.337,12.933
32879.429,12.84
32879.543,12.833
32879.643,12.887
32879.723,12.86
32879.839,13.007
32879.932,13.053
32880.030,12.967
32880.131,12.907
32880.234,12.927
32880.341,12.933
32880.440,12.947
32880.543,12.88
32880.643,12.907
32880.780,13.027
32880.951,13.007
32880.954,12.853
32881.055,12.907
32881.157,12.947
32881.361,12.973
32881.364,13.007
32881.464,12.967
32881.577,12.847
32881.680,12.94
32881.775,12.86
32881.873,12.847
32881.976,12.873
32882.079,12.927
32882.182,12.88
32882.283,12.94
32882.386,13.007
32882.491,13.0
32882.518,12.927
32882.625,12.973
32882.736,12.967
32882.824,12.913
32882.922,12.88
32883.023,12.887
32883.128,12.967
32883.212,12.933
32883.317,12.92
32883.413,12.867
32883.516,12.987
32883.623,12.893
32883.726,12.947
32883.842,12.98
32883.929,12.98
32884.015,12.953
32884.116,12.987
32884.251,12.96
32884.329,12.92
32884.420,12.953
32884.535,12.993
32884.640,12.987
32884.711,12.88
32884.842,12.927
32884.945,13.04
32885.021,12.913
32885.150,12.92
32885.251,12.847
32885.356,12.98
32885.457,13.047
32885.560,12.94
32885.677,13.007
32885.766,13.027
32885.866,12.88
32885.969,12.927
32886.089,12.933
32886.165,12.913
32886.216,12.92
32886.322,12.913
32886.410,12.86
32886.511,13.04
32886.609,13.0
32936.712,12.92
32936.812,13.0
32936.915,12.933
32937.018,13.02
32937.121,12.927
32937.202,12.88
32937.302,12.96
32937.403,12.78
32937.513,12.9
32937.609,13.047
32937.711,12.92
32937.812,12.873
32937.925,12.933
32938.021,12.933
32938.119,12.873
32938.223,12.833
32938.324,12.9
32938.427,12.853
32938.530,12.94
32938.631,13.04
32938.734,12.86
32938.846,12.907
32938.940,12.873
32939.052,12.893
32939.150,13.013
32939.246,12.927
32939.300,12.907
32939.405,12.9
32939.508,13.0
32939.611,13.0
32939.766,12.967
32939.795,12.993
32939.898,12.98
32939.996,12.753
32940.111,12.773
32940.202,12.993
32940.298,12.88
32940.400,13.0
32940.570,13.013
32940.596,13.027
32940.697,13.007
32940.795,12.987
32940.895,12.94
32940.996,12.973
32941.094,12.82
32941.192,12.94
32941.302,12.92
32941.398,12.933
32941.508,12.9
32941.606,12.833
32941.704,12.833
32941.800,12.833
32941.925,12.787
32942.011,12.953
32942.113,13.04
32942.217,13.08
32942.337,12.907
32942.420,12.913
32942.523,13.067
32942.626,13.007
32942.728,12.813
32942.832,12.927
32942.932,12.933
32943.033,12.847
32943.138,12.887
32943.239,12.773
32943.300,12.987
32943.445,12.927
32943.548,13.007
32943.616,12.987
32943.761,12.907
32943.854,13.033
32943.881,12.847
32943.984,12.84
32944.084,12.833
32944.199,12.907
32944.297,12.873
32944.395,12.953
32944.496,12.913
32944.601,12.907
32944.699,12.933
32944.802,13.02
32944.878,12.867
32944.981,12.933
32945.082,12.927
32945.195,12.847
32945.299,12.973
32945.396,13.013
32945.494,12.987
32945.599,12.907
32945.709,12.947
32945.805,12.873
32945.903,12.913
32946.011,12.947
32946.106,12.787
32946.209,12.933
32946.334,12.867
32946.424,13.007
32946.520,12.893
32946.619,12.893
32996.721,12.887
32996.822,12.933
32996.927,12.86
32997.028,12.927
32997.138,12.933
32997.337,12.813
32997.442,12.907
32997.479,12.987
32997.650,12.867
32997.679,12.94
32997.849,12.913
32997.878,12.927
32997.984,13.04
32998.079,12.967
32998.175,12.847
32998.285,12.893
32998.383,12.827
32998.486,13.007
32998.584,12.873
32998.668,12.92
32998.780,12.94
32998.871,13.02
32998.976,12.967
32999.077,12.933
32999.179,12.787
32999.283,13.033
32999.385,12.907
32999.486,12.96
32999.589,13.013
32999.701,13.02
32999.795,12.967
32999.896,12.887
33000.011,12.933
33000.101,12.873
33000.202,12.88
33000.314,12.987
33000.422,12.873
33000.518,12.847
33000.614,12.993
33000.714,13.027
33000.817,12.827
33000.915,13.007
33001.021,12.927
33001.126,12.967
33001.226,12.947
33001.329,12.86
33001.432,12.84
33001.533,12.967
33001.560,12.947
33001.662,12.873
33001.765,12.92
33001.871,12.92
33001.973,12.867
33002.069,12.933
33002.172,12.893
33002.258,12.92
33002.356,12.92
33002.454,12.973
33002.557,12.947
33002.658,13.047
33002.761,12.973
33002.864,12.853
33002.967,12.907
33003.070,12.913
33003.201,12.987
33003.275,12.893
33003.385,12.927
33003.483,12.84
33003.582,12.853
33003.684,12.94
33003.795,12.84
33003.849,12.953
33003.956,12.867
33004.103,12.893
33004.163,12.953
33004.300,12.98
33004.437,12.893
33004.474,12.94
33004.579,12.947
33004.682,12.947
33004.788,12.873
33004.851,12.98
33005.025,12.88
33005.052,12.847
33005.155,12.92
33005.246,12.933
33005.348,12.947
33005.449,12.887
33005.550,13.027
33005.658,12.967
33005.756,12.893
33005.859,12.907
33005.945,12.967
33006.043,12.933
33006.165,12.913
33006.258,12.893
33006.347,12.913
33006.454,12.86
33006.552,12.927
33006.672,13.02
33056.768,12.887
33056.866,12.987
33056.964,13.007
33057.062,12.913
33057.167,12.847
33057.268,12.893
33057.371,12.88
33057.473,12.84
33057.577,12.94
33057.687,12.92
33057.780,12.807
33057.881,12.933
33057.940,12.88
33058.119,12.973
33058.148,12.947
33058.248,12.867
33058.395,12.867
33058.530,12.987
33058.535,12.953
33058.702,12.907
33058.736,12.887
33058.905,12.813
33059.010,12.867
33059.038,12.993
33059.136,13.04
33059.238,12.967
33059.342,12.887
33059.442,12.94
33059.565,12.873
33059.650,12.967
33059.755,12.947
33059.854,12.927
33059.932,12.953
33060.045,12.947
33060.168,12.887
33060.243,12.847
33060.344,12.96
33060.444,12.88
33060.540,12.86
33060.667,12.893
33060.755,12.873
33060.854,12.94
33060.962,12.953
33061.079,12.847
33061.160,12.947
33061.271,12.92
33061.375,13.013
33061.476,12.967
33061.572,12.927
33061.680,13.0
33061.770,12.993
33061.881,12.927
33062.001,12.927
33062.082,12.98
33062.217,12.973
33062.295,13.073
33062.391,13.0
33062.445,12.927
33062.528,12.94
33062.695,12.933
33062.722,12.92
33062.917,12.94
33062.940,12.893
33063.037,12.913
33063.135,12.913
33063.241,12.96
33063.332,13.073
33063.437,13.067
33063.525,12.973
33063.643,12.867
33063.726,13.0
33063.822,12.913
33063.925,12.947
33064.033,12.947
33064.135,12.94
33064.233,12.92
33064.342,12.853
33064.435,13.013
33064.538,12.973
33064.641,12.933
33064.755,12.927
33064.851,12.993
33064.949,12.947
33065.054,12.907
33065.153,12.8
33065.256,13.047
33065.359,12.873
33065.462,13.0
33065.562,12.9
33065.665,12.94
33065.777,12.973
33065.881,12.967
33066.000,13.007
33066.076,12.913
33066.180,13.007
33066.219,12.94
33066.317,12.853
33066.417,12.92
33066.515,12.993
33066.614,12.907
33116.722,12.853
33116.824,13.0
33116.918,12.873
33117.027,12.827
33117.125,12.967
33117.224,12.92
33117.327,12.84
33117.430,12.953
33117.540,13.027
33117.621,12.967
33117.826,12.927
33117.827,12.993
33117.925,12.907
33118.020,12.867
33118.131,13.08
33118.234,12.927
33118.337,12.94
33118.440,12.907
33118.516,12.96
33118.619,12.96
33118.724,13.0
33118.809,12.98
33118.934,13.02
33119.045,12.893
33119.163,12.947
33119.224,12.927
33119.351,12.867
33119.454,12.9
33119.557,13.033
33119.658,12.88
33119.761,12.88
33119.864,12.987
33119.969,12.827
33120.069,12.867
33120.173,12.807
33120.275,12.847
33120.302,12.973
33120.408,12.967
33120.506,12.927
33120.614,13.04
33120.712,12.987
33120.809,12.913
33120.913,12.827
33121.001,12.913
33121.119,13.02
33121.202,12.847
33121.324,12.973
33121.408,12.953
33121.505,12.94
33121.604,12.96
33121.706,12.98
33121.834,12.933
33121.935,12.893
33122.015,12.973
33122.116,12.86
33122.219,12.86
33122.322,12.947
33122.452,13.007
33122.528,12.9
33122.598,13.013
33122.731,12.953
33122.812,12.913
33122.935,13.013
33123.072,13.0
33123.160,12.927
33123.243,12.967
33123.364,12.9
33123.449,12.867
33123.550,12.967
33123.653,12.887
33123.758,12.873
33123.858,12.927
33123.896,13.0
33124.064,12.947
33124.089,13.04
33124.192,12.86
33124.290,12.907
33124.403,12.953
33124.503,12.827
33124.599,12.833
33124.790,12.88
33124.792,12.913
33124.912,12.927
33125.001,12.987
33125.097,12.987
33125.197,13.027
33125.293,12.947
33125.403,12.88
33125.496,12.907
33125.606,12.947
33125.736,12.94
33125.785,13.047
33125.907,12.913
33126.015,12.98
33126.109,12.953
33126.214,12.933
33126.283,12.873
33126.418,12.947
33126.521,12.887
33126.631,13.053
33176.724,12.993
33176.783,12.947
33176.900,12.92
33177.000,12.953
33177.133,12.833
33177.248,12.887
33177.344,12.92
33177.442,12.947
33177.545,12.873
33177.646,12.973
33177.750,12.913
33177.778,12.887
33177.954,12.933
33177.981,12.993
33178.081,12.967
33178.185,12.86
33178.363,12.927
33178.386,13.04
33178.494,12.967
33178.592,12.887
33178.675,13.0
33178.795,12.88
33178.875,12.827
33178.976,12.833
33179.087,12.987
33179.182,12.86
33179.285,12.913
33179.410,13.013
33179.489,13.033
33179.592,12.92
33179.694,12.893
33179.795,12.853
33179.900,12.94
33180.001,13.02
33180.104,12.893
33180.216,12.98
33180.314,12.887
33180.410,12.933
33180.513,13.02
33180.625,12.853
33180.746,12.853
33180.820,12.953
33180.924,12.9
33181.025,12.88
33181.136,12.927
33181.248,12.993
33181.266,12.98
33181.437,12.94
33181.494,12.96
33181.570,12.987
33181.672,12.94
33181.778,12.973
33181.885,12.907
33181.983,12.973
33182.087,12.913
33182.185,13.013
33182.282,12.927
33182.383,12.907
33182.484,12.907
33182.587,12.913
33182.670,12.92
33182.766,12.993
33182.878,12.927
33182.976,12.913
33183.084,12.967
33183.175,12.913
33183.278,12.92
33183.381,13.013
33183.496,12.967
33183.594,13.067
33183.690,12.947
33183.792,12.913
33183.900,12.893
33183.998,12.913
33184.099,12.92
33184.199,12.913
33184.302,12.913
33184.403,12.9
33184.508,12.9
33184.609,12.9
33184.711,12.947
33184.765,12.913
33184.869,12.927
33185.020,13.06
33185.121,12.887
33185.182,12.973
33185.334,12.887
33185.432,13.04
33185.459,12.96
33185.554,12.867
33185.660,12.86
33185.768,12.893
33185.871,12.833
33185.966,12.933
33186.067,12.98
33186.163,12.927
33186.261,12.953
33186.354,12.98
33186.462,12.973
33186.560,12.953
33186.657,12.847
33476.761,12.893
33476.869,12.84
33476.967,12.913
33477.067,12.947
33477.172,13.047
33477.271,12.913
33477.378,12.953
33477.496,12.94
33477.581,12.973
33477.682,12.96
33477.785,12.887
33477.907,12.847
33477.989,12.907
33478.099,12.84
33478.204,12.867
33478.299,12.84
33478.402,12.94
33478.511,12.827
33478.609,13.06
33478.711,12.867
33478.815,12.9
33478.920,12.84
33479.023,12.84
33479.118,12.873
33479.146,12.833
33479.241,12.933
33479.356,13.067
33479.447,12.987
33479.550,12.88
33479.648,13.033
33479.744,12.913
33479.891,12.887
33479.959,12.787
33480.067,13.053
33480.148,13.007
33480.244,12.92
33480.344,12.893
33480.445,12.94
33480.550,12.887
33480.653,12.987
33480.756,12.967
33480.858,12.94
33480.962,12.993
33481.060,12.847
33481.170,12.987
33481.266,12.933
33481.369,12.867
33481.469,12.933
33481.582,12.987
33481.679,12.973
33481.778,13.033
33481.880,12.973
33481.984,12.96
33482.084,12.987
33482.187,12.967
33482.290,12.947
33482.393,12.913
33482.494,12.853
33482.596,12.993
33482.640,12.893
33482.802,13.033
33482.905,13.007
33482.932,12.987
33483.033,12.947
33483.133,12.953
33483.238,13.04
33483.337,12.973
33483.444,12.88
33483.545,12.96
33483.645,12.94
33483.743,12.947
33483.832,12.86
33483.930,12.9
33484.030,12.947
33484.155,13.053
33484.236,12.853
33484.337,12.88
33484.440,12.893
33484.548,12.993
33484.675,12.887
33484.748,12.86
33484.849,12.847
33484.961,12.947
33485.087,12.867
33485.128,12.893
33485.229,13.013
33485.332,13.04
33485.464,12.973
33485.579,12.927
33485.670,12.933
33485.780,12.893
33485.905,12.96
33485.947,12.92
33486.081,13.013
33486.180,12.927
33486.283,12.907
33486.396,12.967
33486.420,12.92
33486.591,12.933
33486.692,12.96
33536.724,13.027
33536.820,12.9
33536.920,12.887
33537.025,12.933
33537.130,12.907
33537.231,12.967
33537.337,13.02
33537.418,12.927
33537.535,12.927
33537.640,12.853
33537.739,13.007
33537.829,12.98
33537.930,12.86
33538.030,13.0
33538.126,12.94
33538.231,12.967
33538.329,12.953
33538.452,13.033
33538.537,13.02
33538.638,13.033
33538.739,12.94
33538.844,12.907
33538.957,12.84
33539.028,12.907
33539.158,12.987
33539.231,12.993
33539.354,12.947
33539.452,12.88
33539.552,12.88
33539.667,13.06
33539.765,12.94
33539.866,12.927
33539.994,12.94
33540.077,12.907
33540.177,12.893
33540.228,12.853
33540.400,12.927
33540.483,12.987
33540.510,12.947
33540.687,12.887
33540.724,13.033
33540.817,12.913
33540.915,12.933
33541.018,12.927
33541.123,12.9
33541.224,12.987
33541.326,12.973
33541.427,12.92
33541.530,12.787
33541.609,12.933
33541.711,12.927
33541.827,13.067
33541.925,13.0
33542.021,12.987
33542.131,12.94
33542.239,12.927
33542.337,12.893
33542.435,13.013
33542.562,12.927
33542.641,13.027
33542.768,12.9
33542.820,12.94
33542.940,12.94
33543.021,12.973
33543.106,12.887
33543.209,12.98
33543.351,12.973
33543.452,12.92
33543.552,13.04
33543.667,12.933
33543.758,12.873
33543.859,12.927
33543.964,12.833
33544.077,13.04
33544.106,12.96
33544.201,12.913
33544.299,12.947
33544.400,13.04
33544.501,12.887
33544.609,12.98
33544.707,12.867
33544.807,12.94
33544.912,12.913
33545.011,13.013
33545.136,12.933
33545.195,12.96
33545.295,12.927
33545.396,12.88
33545.506,12.847
33545.603,12.933
33545.704,12.833
33545.805,12.827
33545.915,12.947
33546.011,12.927
33546.114,12.96
33546.209,12.987
33546.324,12.96
33546.420,12.92
33546.523,12.893
33546.626,12.98
33596.728,12.913
33596.831,12.847
33596.932,12.813
33597.040,12.853
33597.109,12.933
33597.239,12.88
33597.344,12.9
33597.476,13.053
33597.549,12.92
33597.650,13.0
33597.753,12.793
33597.856,12.92
33597.957,12.827
33598.077,12.833
33598.097,12.933
33598.192,13.027
33598.288,12.88
33598.408,12.987
33598.486,12.947
33598.597,12.887
33598.707,12.88
33598.787,12.88
33598.905,12.92
33599.000,12.96
33599.092,12.913
33599.201,12.933
33599.300,12.873
33599.425,12.987
33599.503,12.973
33599.604,12.96
33599.726,12.987
33599.800,12.887
33599.913,12.913
33600.011,12.94
33600.109,12.953
33600.211,12.993
33600.324,12.92
33600.420,12.933
33600.518,12.947
33600.619,12.913
33600.723,12.88
33600.834,12.853
33600.954,12.94
33601.030,13.02
33601.131,13.053
33601.236,12.98
33601.334,12.96
33601.439,12.94
33601.540,12.84
33601.643,13.033
33601.751,12.947
33601.848,12.96
33601.876,12.947
33601.974,12.867
33602.077,12.953
33602.187,13.013
33602.285,12.953
33602.385,12.9
33602.486,12.987
33602.574,12.873
33602.692,13.033
33602.793,12.913
33602.873,12.887
33602.974,12.753
33603.077,12.867
33603.180,12.893
33603.288,12.88
33603.386,12.973
33603.488,12.987
33603.621,12.86
33603.692,12.893
33603.793,12.807
33603.897,12.84
33604.001,12.973
33604.099,12.893
33604.202,12.887
33604.324,12.967
33604.408,12.9
33604.510,12.94
33604.614,12.827
33604.734,12.887
33604.827,12.907
33604.927,12.86
33605.023,12.967
33605.128,12.953
33605.226,12.98
33605.339,12.94
33605.366,12.96
33605.543,12.933
33605.572,12.86
33605.670,12.913
33605.768,12.913
33605.880,12.947
33605.976,12.987
33606.077,13.007
33606.185,12.96
33606.280,12.813
33606.361,12.853
33606.466,12.94
33606.572,12.827
33606.672,12.92
33656.766,12.893
33656.866,12.953
33656.969,12.9
33657.174,12.987
33657.175,12.92
33657.275,12.973
33657.376,13.02
33657.486,12.953
33657.586,12.953
33657.712,12.733
33657.787,12.947
33657.891,12.907
33657.993,12.907
33658.067,12.827
33658.197,12.847
33658.300,12.88
33658.402,12.993
33658.537,12.9
33658.611,12.987
33658.707,13.027
33658.815,12.953
33658.913,12.913
33659.016,12.953
33659.143,12.947
33659.157,12.86
33659.256,12.833
33659.354,12.96
33659.550,12.973
33659.552,12.933
33659.653,12.813
33659.873,12.973
33659.939,12.88
33659.967,12.84
33660.070,12.867
33660.168,12.847
33660.270,12.953
33660.373,12.893
33660.451,13.0
33660.552,13.007
33660.653,12.82
33660.766,12.893
33660.888,12.887
33660.976,12.887
33661.065,12.953
33661.168,12.8
33661.386,12.947
33661.388,13.013
33661.474,12.873
33661.587,12.907
33661.685,12.953
33661.750,12.973
33661.883,12.973
33661.986,12.853
33662.089,12.92
33662.190,12.98
33662.293,12.98
33662.391,12.993
33662.508,12.893
33662.604,12.927
33662.697,13.033
33662.815,12.953
33662.917,12.96
33662.947,12.94
33663.043,13.06
33663.143,12.88
33663.326,12.88
33663.354,12.853
33663.454,12.907
33663.548,13.0
33663.650,13.027
33663.755,12.927
33663.853,12.947
33663.957,12.98
33664.057,12.96
33664.160,12.887
33664.241,12.92
33664.353,12.88
33664.451,12.887
33664.547,12.947
33664.650,12.967
33664.751,12.893
33664.854,12.853
33664.956,12.967
33665.062,12.933
33665.160,12.973
33665.268,12.913
33665.390,12.987
33665.472,12.92
33665.570,12.907
33665.673,12.953
33665.798,12.987
33665.878,12.98
33665.979,12.96
33666.082,12.933
33666.190,12.953
33666.287,12.973
33666.347,12.933
33666.491,12.993
33666.597,13.013
33666.655,12.947
33716.798,12.893
33716.902,12.887
33717.003,13.027
33717.032,12.887
33717.133,12.873
33717.246,12.9
33717.337,12.947
33717.437,12.94
33717.540,12.94
33717.635,13.0
33717.731,12.967
33717.849,12.92
33718.028,12.847
33718.030,12.893
33718.130,12.993
33718.234,12.913
33718.334,12.953
33718.437,12.913
33718.542,12.847
33718.643,12.973
33718.744,12.853
33718.841,12.907
33718.951,12.993
33719.060,12.947
33719.153,12.893
33719.266,13.02
33719.368,12.893
33719.473,12.907
33719.572,13.0
33719.675,13.02
33719.795,12.94
33719.881,12.88
33719.983,12.813
33720.037,12.873
33720.163,13.0
33720.238,13.02
33720.344,13.013
33720.420,12.9
33720.599,12.893
33720.626,13.033
33720.723,12.94
33720.898,12.907
33720.939,12.873
33721.022,12.993
33721.123,12.947
33721.226,12.987
33721.334,12.927
33721.430,12.987
33721.518,13.013
33721.633,12.833
33721.714,12.887
33721.817,12.86
33721.918,12.853
33722.021,12.98
33722.123,12.92
33722.226,12.947
33722.329,12.98
33722.437,12.893
33722.533,12.887
33722.636,12.827
33722.739,12.847
33722.851,12.96
33722.947,12.993
33723.045,12.967
33723.148,12.98
33723.251,13.0
33723.353,12.9
33723.471,12.84
33723.559,12.913
33723.660,12.947
33723.761,12.933
33723.886,12.933
33723.967,12.967
33724.067,12.92
33724.180,12.873
33724.275,12.84
33724.327,12.973
33724.479,13.02
33724.581,12.833
33724.614,12.867
33724.714,13.047
33724.812,12.947
33724.913,12.993
33725.016,12.933
33725.126,12.893
33725.207,12.907
33725.309,12.9
33725.425,12.927
33725.525,12.927
33725.606,13.0
33725.719,12.933
33725.815,12.873
33725.913,12.9
33726.011,12.827
33726.126,12.867
33726.228,12.953
33726.326,12.84
33726.410,12.9
33726.520,12.913
33726.619,12.827
33776.712,12.987
33776.824,13.02
33776.905,12.993
33777.025,12.94
33777.101,12.927
33777.238,13.127
33777.334,12.853
33777.456,12.993
33777.557,12.92
33777.655,13.093
33777.748,12.873
33777.849,12.987
33777.952,13.107
33778.055,12.953
33778.104,12.933
33778.201,12.927
33778.307,12.907
33778.405,13.033
33778.501,12.953
33778.616,12.94
33778.709,12.827
33778.807,12.953
33778.907,12.9
33779.008,12.913
33779.113,12.853
33779.212,12.933
33779.319,12.84
33779.395,12.927
33779.496,12.973
33779.598,12.913
33779.717,13.0
33779.804,12.947
33779.905,12.987
33780.006,13.033
33780.111,13.027
33780.212,12.987
33780.315,12.913
33780.418,12.967
33780.522,12.987
33780.623,12.893
33780.743,12.92
33780.821,12.867
33780.891,12.907
33780.991,12.807
33781.098,13.007
33781.236,12.893
33781.334,12.933
33781.449,12.927
33781.525,12.873
33781.647,13.08
33781.744,13.007
33781.842,12.953
33781.893,13.1
33782.057,12.973
33782.155,13.033
33782.184,12.873
33782.292,13.08
33782.390,13.0
33782.494,12.96
33782.591,12.873
33782.704,12.94
33782.802,12.953
33782.903,12.973
33783.079,12.887
33783.082,12.867
33783.192,13.027
33783.293,13.013
33783.393,12.987
33783.501,12.973
33783.601,12.94
33783.699,12.947
33783.807,12.927
33783.903,12.873
33784.010,12.813
33784.128,12.933
33784.217,12.727
33784.315,12.92
33784.413,12.92
33784.513,12.913
33784.616,12.88
33784.719,12.893
33784.822,12.94
33784.932,12.96
33785.030,12.893
33785.131,12.973
33785.231,12.893
33785.342,13.08
33785.440,12.827
33785.538,12.913
33785.641,13.0
33785.741,13.007
33785.846,12.853
33785.908,12.967
33785.993,12.78
33786.074,12.927
33786.179,12.767
33786.278,13.007
33786.378,12.947
33786.481,12.98
33786.587,12.873
33786.701,12.94
34076.783,12.847
34076.878,12.96
34076.974,12.933
34077.074,12.993
34077.180,12.94
34077.280,12.933
34077.380,12.967
34077.483,13.007
34077.587,12.9
34077.719,12.933
34077.804,12.967
34077.893,12.953
34077.996,12.947
34078.098,12.887
34078.214,12.887
34078.315,13.04
34078.410,12.92
34078.508,12.907
34078.609,12.953
34078.714,13.02
34078.815,12.94
34078.918,13.013
34079.021,12.913
34079.123,12.973
34079.224,12.867
34079.327,12.887
34079.430,12.973
34079.532,12.94
34079.641,12.913
34079.662,12.973
34079.763,12.967
34079.863,12.867
34079.967,12.907
34080.076,12.967
34080.175,12.927
34080.273,12.907
34080.378,12.913
34080.469,12.933
34080.567,12.887
34080.687,12.893
34080.766,12.847
34080.871,12.8
34080.974,12.88
34081.072,12.88
34081.180,12.893
34081.280,12.967
34081.375,13.0
34081.486,12.96
34081.579,12.96
34081.660,12.933
34081.770,12.933
34081.891,12.927
34081.974,12.953
34082.055,12.953
34082.165,12.907
34082.265,12.967
34082.390,12.98
34082.469,12.94
34082.582,12.907
34082.707,13.027
34082.805,12.827
34082.900,13.0
34083.018,12.973
34083.116,12.933
34083.212,13.013
34083.315,12.893
34083.358,12.907
34083.452,12.953
34083.550,12.927
34083.652,12.973
34083.753,12.88
34083.935,12.92
34083.961,12.867
34084.050,12.853
34084.165,12.867
34084.266,13.06
34084.369,12.893
34084.462,12.893
34084.555,12.96
34084.652,12.913
34084.753,12.893
34084.858,12.947
34084.967,12.827
34085.065,13.0
34085.153,12.933
34085.285,12.967
34085.368,12.887
34085.449,12.98
34085.574,12.973
34085.657,12.973
34085.780,13.007
34085.945,12.893
34085.949,12.867
34086.054,12.94
34086.162,12.987
34086.300,12.82
34086.373,12.933
34086.496,12.967
34086.594,12.867
34086.692,12.8
34136.810,12.893
34136.907,12.927
34136.959,12.92
34137.109,12.98
34137.212,12.92
34137.241,12.853
34137.359,12.913
34137.445,12.833
34137.545,12.9
34137.662,12.913
34137.751,12.947
34137.853,13.0
34137.954,13.06
34138.055,12.853
34138.138,12.893
34138.236,12.933
34138.356,13.06
34138.461,13.04
34138.550,12.933
34138.655,12.913
34138.748,13.06
34138.851,13.06
34138.947,13.013
34139.055,12.86
34139.167,13.0
34139.265,12.92
34139.371,12.96
34139.471,12.993
34139.565,13.0
34139.680,12.967
34139.773,12.993
34139.873,12.887
34139.976,12.927
34140.079,12.993
34140.131,13.0
34140.297,12.973
34140.395,12.847
34140.494,12.927
34140.547,12.873
34140.709,12.88
34140.736,12.927
34140.834,13.027
34140.967,12.873
34141.035,12.88
34141.145,12.933
34141.229,12.873
34141.339,12.96
34141.449,12.907
34141.540,12.933
34141.638,13.033
34141.812,12.913
34141.831,12.92
34141.929,12.96
34142.025,12.987
34142.136,12.953
34142.246,12.853
34142.346,12.86
34142.442,12.9
34142.523,12.92
34142.643,12.967
34142.739,12.96
34142.837,12.787
34142.939,12.96
34143.059,12.94
34143.157,12.92
34143.239,12.933
34143.351,12.967
34143.449,12.927
34143.547,12.94
34143.648,13.033
34143.772,12.913
34143.869,12.947
34143.998,12.987
34144.070,12.88
34144.190,13.007
34144.219,12.967
34144.386,12.987
34144.479,12.893
34144.574,12.867
34144.626,12.947
34144.793,12.86
34144.821,12.847
34144.918,12.84
34145.018,12.933
34145.123,12.92
34145.224,12.947
34145.403,12.847
34145.444,12.853
34145.533,12.813
34145.633,13.02
34145.817,12.907
34145.829,13.013
34145.925,12.853
34146.027,12.927
34146.121,12.88
34146.223,12.9
34146.334,12.947
34146.435,12.9
34146.548,12.967
34146.641,12.92
34196.766,12.853
34196.844,12.967
34196.959,12.933
34197.065,13.073
34197.146,13.033
34197.248,12.987
34197.329,13.013
34197.410,12.98
34197.511,12.933
34197.614,12.907
34197.724,12.887
34197.824,12.913
34197.930,13.087
34198.065,12.94
34198.133,12.933
34198.206,12.907
34198.307,12.913
34198.408,12.987
34198.540,12.94
34198.616,12.867
34198.721,12.833
34198.819,13.04
34198.912,12.907
34199.013,12.98
34199.119,12.96
34199.202,13.047
34199.300,12.88
34199.420,12.92
34199.508,12.967
34199.606,12.847
34199.704,12.907
34199.800,13.073
34199.922,12.893
34200.018,13.02
34200.114,12.92
34200.221,12.907
34200.319,12.98
34200.422,12.987
34200.525,12.92
34200.633,12.973
34200.731,12.88
34200.832,12.907
34200.957,13.027
34201.001,12.86
34201.148,12.82
34201.248,12.893
34201.324,12.913
34201.446,12.94
34201.547,12.967
34201.645,12.933
34201.761,12.947
34201.856,12.893
34201.912,12.973
34202.022,12.96
34202.123,12.947
34202.228,12.833
34202.305,12.833
34202.471,12.88
34202.498,12.887
34202.614,12.947
34202.696,13.007
34202.795,12.873
34202.900,12.873
34202.998,12.92
34203.109,12.933
34203.209,12.927
34203.305,12.907
34203.415,12.78
34203.489,12.747
34203.598,13.0
34203.694,12.953
34203.812,12.953
34203.896,12.793
34204.033,12.813
34204.106,13.013
34204.204,12.953
34204.309,12.973
34204.408,12.847
34204.506,12.907
34204.631,12.96
34204.721,12.947
34204.817,12.993
34204.912,12.873
34205.013,12.893
34205.136,12.967
34205.236,12.947
34205.331,12.927
34205.435,13.1
34205.533,12.947
34205.587,13.02
34205.685,12.907
34205.851,12.727
34205.949,12.867
34206.043,12.88
34206.146,13.0
34206.197,12.967
34206.298,12.94
34206.393,12.893
34206.493,12.98
34206.592,12.933
34206.702,12.92
34256.881,12.9
34256.883,12.927
34256.984,13.007
34257.087,12.86
34257.204,12.873
34257.295,12.953
34257.393,12.96
34257.481,12.88
34257.594,12.967
34257.690,13.047
34257.787,13.067
34257.881,12.993
34258.030,12.913
34258.104,13.013
34258.202,12.993
34258.305,12.9
34258.415,12.96
34258.508,12.907
34258.609,12.967
34258.717,12.98
34258.817,12.82
34258.913,12.92
34259.043,12.953
34259.128,12.887
34259.229,12.9
34259.331,12.833
34259.408,13.053
34259.476,12.98
34259.630,13.007
34259.682,12.9
34259.777,12.98
34259.945,12.973
34260.047,12.893
34260.077,12.893
34260.182,12.993
34260.280,12.867
34260.380,12.887
34260.481,12.953
34260.582,12.94
34260.685,12.873
34260.768,12.9
34260.880,12.907
34260.974,12.84
34261.079,12.86
34261.179,12.953
34261.290,12.987
34261.378,13.08
34261.472,12.933
34261.616,12.927
34261.665,12.933
34261.795,12.86
34261.900,12.873
34261.981,12.987
34262.074,12.88
34262.197,12.9
34262.295,12.94
34262.393,13.027
34262.513,12.98
34262.609,12.927
34262.717,12.953
34262.814,12.96
34262.947,13.04
34263.022,13.013
34263.126,12.993
34263.226,12.9
34263.260,12.947
34263.425,12.907
34263.528,12.88
34263.631,12.913
34263.733,12.947
34263.761,12.933
34263.861,13.0
34263.962,12.92
34264.064,12.873
34264.185,12.853
34264.273,13.013
34264.373,12.927
34264.474,12.94
34264.579,13.013
34264.658,12.84
34264.758,12.96
34264.859,12.907
34264.966,12.933
34265.065,12.947
34265.167,12.993
34265.288,12.98
34265.371,12.8
34265.494,12.94
34265.555,12.873
34265.655,12.9
34265.768,12.893
34265.869,12.867
34265.969,12.987
34266.092,13.08
34266.153,13.067
34266.260,12.92
34266.391,12.827
34266.467,12.94
34266.591,13.02
34266.697,12.98
34316.805,12.833
34316.905,12.967
34317.001,12.92
34317.101,12.96
34317.150,12.993
34317.317,12.993
34317.413,12.94
34317.538,12.927
34317.548,12.86
34317.667,12.953
34317.761,12.933
34317.932,12.887
34317.957,12.933
34318.052,12.887
34318.148,12.867
34318.251,12.953
34318.349,12.847
34318.444,12.873
34318.548,12.893
34318.648,12.94
34318.751,12.94
34318.854,12.86
34318.964,12.98
34319.060,12.987
34319.168,12.927
34319.272,12.9
34319.376,12.973
34319.474,12.92
34319.579,12.993
34319.699,12.9
34319.787,13.113
34319.885,12.953
34319.988,12.9
34320.065,12.96
34320.185,12.987
34320.287,12.993
34320.337,12.933
34320.503,12.987
34320.555,12.967
34320.701,12.953
34320.758,12.967
34320.869,12.933
34320.945,12.98
34321.094,12.96
34321.212,12.907
34321.241,12.933
34321.337,12.8
34321.435,12.887
34321.538,12.873
34321.643,12.907
34321.746,12.887
34321.849,12.967
34321.949,12.907
34322.052,13.02
34322.136,12.9
34322.234,12.807
34322.342,12.947
34322.437,12.88
34322.540,12.96
34322.643,12.867
34322.753,12.913
34322.853,12.967
34322.951,12.927
34323.052,12.993
34323.153,13.02
34323.256,12.887
34323.375,12.947
34323.462,13.0
34323.562,12.953
34323.668,13.02
34323.739,12.96
34323.876,13.073
34323.974,12.96
34324.076,12.9
34324.179,12.987
34324.280,12.98
34324.332,13.007
34324.476,12.853
34324.548,13.02
34324.658,12.92
34324.782,12.987
34324.888,13.053
34324.989,12.887
34325.101,13.0
34325.126,12.947
34325.234,12.94
34325.332,13.013
34325.432,12.94
34325.535,12.893
34325.623,12.887
34325.741,12.96
34325.839,12.84
34325.946,12.973
34326.033,12.92
34326.128,12.873
34326.226,12.813
34326.334,12.873
34326.432,12.92
34326.533,12.86
34326.636,12.893
34376.739,12.96
34376.849,12.907
34376.952,12.933
34377.055,12.967
34377.123,13.033
34377.258,12.887
34377.354,12.973
34377.464,12.92
34377.562,12.987
34377.668,12.96
34377.788,12.813
34377.873,12.96
34377.972,12.92
34378.077,12.9
34378.275,12.907
34378.277,12.933
34378.331,12.92
34378.440,12.867
34378.521,12.94
34378.616,12.907
34378.751,13.033
34378.856,12.907
34378.993,12.893
34379.023,12.853
34379.133,13.02
34379.299,12.987
34379.324,12.867
34379.427,12.873
34379.528,12.907
34379.621,12.907
34379.734,12.74
34379.812,12.92
34379.913,13.007
34380.040,12.973
34380.119,12.953
34380.219,12.987
34380.322,13.007
34380.430,12.98
34380.528,12.987
34380.623,12.993
34380.724,12.993
34380.842,12.947
34380.937,13.027
34381.136,12.967
34381.145,13.06
34381.244,12.927
34381.346,12.84
34381.459,12.94
34381.552,12.92
34381.653,12.973
34381.748,12.94
34381.871,12.893
34381.964,13.007
34382.064,12.993
34382.165,13.02
34382.270,12.987
34382.371,12.96
34382.473,12.927
34382.560,12.8
34382.680,12.927
34382.780,12.867
34382.807,12.98
34382.986,13.0
34383.021,12.967
34383.116,13.033
34383.214,13.013
34383.322,12.993
34383.420,12.98
34383.523,12.987
34383.601,13.027
34383.709,12.913
34383.805,12.873
34383.907,12.92
34384.035,12.84
34384.121,12.873
34384.204,12.98
34384.310,13.007
34384.418,12.907
34384.516,12.953
34384.599,12.9
34384.766,12.82
34384.810,12.847
34384.937,12.88
34385.042,12.953
34385.143,12.867
34385.241,12.98
34385.349,12.953
34385.447,12.947
34385.547,12.827
34385.648,12.927
34385.741,12.94
34385.869,12.987
34385.959,13.02
34386.055,12.947
34386.158,12.973
34386.280,13.007
34386.354,13.06
34386.407,12.947
34386.491,12.94
34386.606,12.94
34386.699,12.887
34676.800,12.987
34676.900,12.98
34677.084,12.96
34677.111,12.92
34677.207,12.893
34677.312,13.033
34677.412,13.113
34677.489,12.92
34677.592,12.893
34677.707,12.873
34677.797,12.947
34677.900,12.993
34678.001,12.947
34678.118,13.013
34678.219,12.96
34678.315,12.893
34678.410,12.973
34678.513,12.88
34678.616,12.973
34678.719,12.893
34678.809,12.94
34678.930,12.82
34678.984,12.92
34679.092,12.993
34679.231,12.873
34679.305,12.927
34679.435,12.827
34679.543,12.96
34679.633,13.06
34679.736,12.933
34679.837,12.927
34679.886,12.973
34680.050,12.86
34680.148,12.973
34680.182,12.86
34680.280,12.893
34680.396,12.873
34680.491,12.947
34680.591,12.893
34680.697,12.953
34680.795,12.907
34680.895,12.813
34681.013,12.867
34681.077,12.967
34681.177,12.973
34681.287,12.873
34681.383,12.893
34681.496,12.86
34681.596,12.873
34681.690,13.007
34681.799,13.027
34681.903,12.927
34682.005,12.94
34682.118,12.993
34682.209,13.033
34682.285,12.953
34682.405,12.947
34682.528,12.813
34682.611,12.947
34682.712,13.0
34682.814,12.853
34682.922,12.893
34683.020,12.973
34683.140,12.927
34683.190,12.933
34683.334,12.98
34683.395,13.0
34683.530,12.847
34683.633,12.853
34683.706,13.033
34683.839,13.007
34683.954,12.953
34683.973,12.987
34684.069,12.967
34684.170,12.967
34684.273,13.02
34684.390,12.967
34684.555,12.913
34684.582,12.873
34684.689,12.927
34684.788,12.853
34684.886,12.973
34684.964,12.873
34685.067,12.933
34685.170,13.0
34685.280,12.96
34685.381,12.993
34685.478,12.947
34685.579,12.96
34685.684,12.98
34685.793,12.953
34685.886,12.92
34685.991,13.013
34686.094,12.913
34686.204,12.967
34686.300,13.013
34686.400,13.06
34686.503,12.96
34686.604,12.993
34686.706,12.933
34736.827,12.833
34736.861,12.873
34737.013,12.893
34737.116,12.873
34737.175,12.993
34737.263,12.953
34737.378,12.98
34737.525,12.933
34737.594,13.007
34737.670,12.893
34737.822,12.893
34737.875,12.907
34738.042,12.92
34738.067,12.873
34738.158,13.013
34738.258,12.96
34738.364,12.92
34738.489,12.873
34738.572,12.967
34738.670,12.92
34738.755,12.853
34738.856,12.887
34738.966,12.933
34739.070,12.853
34739.168,12.833
34739.268,12.853
34739.376,12.927
34739.467,13.133
34739.582,13.06
34739.680,13.053
34739.787,12.92
34739.883,12.92
34739.981,12.94
34740.086,12.86
34740.204,12.847
34740.288,12.9
34740.393,12.833
34740.496,13.06
34740.614,12.947
34740.709,12.88
34740.805,12.84
34740.905,12.953
34741.013,12.893
34741.108,12.987
34741.212,13.007
34741.304,12.96
34741.348,12.92
34741.447,12.967
34741.621,12.847
34741.717,12.84
34741.748,12.913
34741.849,13.007
34741.954,12.98
34742.064,12.947
34742.163,12.987
34742.246,12.887
34742.347,12.953
34742.452,12.88
34742.564,12.967
34742.660,12.873
34742.750,12.94
34742.858,12.907
34742.957,12.86
34743.055,12.967
34743.157,12.913
34743.255,12.753
34743.364,12.86
34743.466,12.973
34743.579,12.88
34743.675,12.967
34743.773,12.867
34743.876,13.0
34743.989,12.927
34744.084,12.94
34744.185,12.98
34744.288,12.993
34744.388,12.947
34744.488,13.0
34744.611,12.893
34744.704,12.947
34744.824,12.933
34744.898,12.867
34744.942,13.067
34745.104,12.973
34745.206,12.9
34745.236,12.913
34745.348,13.12
34745.440,12.9
34745.542,12.88
34745.640,12.847
34745.750,12.967
34745.854,12.867
34745.949,13.013
34746.035,13.02
34746.136,12.94
34746.234,12.887
34746.334,12.9
34746.449,12.867
34746.545,12.913
34746.648,12.873
34796.744,12.973
34796.861,13.087
34796.959,12.953
34797.055,12.88
34797.150,12.96
34797.255,13.04
34797.376,12.867
34797.474,12.96
34797.550,12.973
34797.665,13.02
34797.741,13.053
34797.890,13.1
34797.969,12.973
34798.094,12.867
34798.130,12.933
34798.236,12.96
34798.339,13.047
34798.447,12.96
34798.549,13.027
34798.699,13.027
34798.761,13.04
34798.891,12.96
34798.922,12.807
34799.022,12.86
34799.123,12.953
34799.224,12.927
34799.327,12.933
34799.437,13.04
34799.533,12.853
34799.633,12.933
34799.802,12.953
34799.839,12.867
34799.940,12.88
34800.045,12.907
34800.125,12.907
34800.223,12.893
34800.324,12.947
34800.420,12.82
34800.560,12.893
34800.633,13.113
34800.734,12.973
34800.859,12.96
34800.940,12.98
34801.042,12.973
34801.143,12.98
34801.246,13.0
34801.349,12.92
34801.461,12.993
34801.555,12.887
34801.665,13.0
34801.761,12.987
34801.863,12.84
34801.934,12.887
34802.065,12.9
34802.170,12.98
34802.302,12.88
34802.375,12.847
34802.476,12.947
34802.579,12.907
34802.697,12.88
34802.717,12.873
34802.815,12.913
34802.913,12.9
34803.013,12.927
34803.116,12.913
34803.219,13.027
34803.322,13.02
34803.432,12.953
34803.511,12.913
34803.630,12.953
34803.731,12.96
34803.822,12.947
34803.942,12.933
34804.015,12.927
34804.133,12.927
34804.226,12.853
34804.327,12.94
34804.424,12.98
34804.535,12.92
34804.626,12.98
34804.729,12.973
34804.832,12.92
34804.947,13.0
34805.045,12.953
34805.143,12.96
34805.244,12.973
34805.346,12.9
34805.446,12.933
34805.548,12.98
34805.650,12.98
34805.753,12.987
34805.854,12.86
34805.964,12.96
34806.057,12.927
34806.162,12.907
34806.266,12.987
34806.336,13.013
34806.464,12.847
34806.565,12.907
34806.665,12.94
34856.717,12.933
34856.812,12.913
34856.903,12.887
34856.998,12.98
34857.108,12.98
34857.217,12.92
34857.315,12.907
34857.415,12.893
34857.518,12.987
34857.621,13.027
34857.697,13.007
34857.804,12.947
34857.932,12.947
34858.006,13.02
34858.108,12.947
34858.212,12.96
34858.321,12.907
34858.417,12.94
34858.516,12.94
34858.621,12.973
34858.726,12.94
34858.824,12.96
34858.947,12.933
34859.032,13.107
34859.131,13.033
34859.234,12.853
34859.312,13.04
34859.445,12.98
34859.550,13.12
34859.648,12.987
34859.750,12.82
34859.849,12.987
34859.952,12.907
34860.055,12.96
34860.160,12.953
34860.268,12.953
34860.293,12.887
34860.464,12.84
34860.493,12.947
34860.597,12.893
34860.701,12.94
34860.807,12.993
34860.978,12.927
34861.010,12.9
34861.086,12.887
34861.194,12.933
34861.290,12.947
34861.391,12.92
34861.489,12.887
34861.589,12.953
34861.685,12.927
34861.815,12.893
34861.898,12.9
34862.022,12.947
34862.101,12.947
34862.184,12.893
34862.339,12.933
34862.393,12.94
34862.501,12.94
34862.582,13.067
34862.687,12.867
34862.807,12.953
34862.905,12.887
34863.003,12.953
34863.125,12.967
34863.221,12.82
34863.322,12.793
34863.425,12.887
34863.525,12.853
34863.646,12.933
34863.722,12.96
34863.841,12.867
34863.945,12.893
34864.048,13.033
34864.089,12.92
34864.180,12.94
34864.354,12.873
34864.381,12.933
34864.483,12.847
34864.584,12.94
34864.685,12.913
34864.788,13.027
34864.898,12.92
34864.976,12.913
34865.094,12.927
34865.195,12.993
34865.283,12.913
34865.378,12.907
34865.484,12.96
34865.604,12.887
34865.677,12.98
34865.788,12.973
34865.895,12.88
34865.974,12.993
34866.096,12.86
34866.180,12.913
34866.293,13.013
34866.383,12.913
34866.486,12.987
34866.571,12.92
34916.711,12.913
34916.783,12.993
34916.903,12.92
34916.979,12.933
34917.094,12.88
34917.212,12.907
34917.315,13.08
34917.366,12.887
34917.510,12.953
34917.641,12.96
34917.739,12.867
34917.768,12.94
34917.947,12.907
34917.974,12.833
34918.072,12.827
34918.180,12.96
34918.275,12.94
34918.381,12.967
34918.552,12.907
34918.579,12.927
34918.665,12.907
34918.766,12.847
34918.869,12.96
34918.962,13.053
34919.065,12.893
34919.165,13.007
34919.280,12.887
34919.376,13.02
34919.473,13.02
34919.577,12.967
34919.675,12.913
34919.802,12.927
34919.861,12.993
34919.969,12.867
34920.065,12.94
34920.172,12.88
34920.277,12.94
34920.361,13.067
34920.462,13.02
34920.609,12.953
34920.675,12.98
34920.805,12.973
34920.908,12.9
34921.011,13.0
34921.116,12.86
34921.224,12.907
34921.299,13.0
34921.444,13.0
34921.457,13.007
34921.555,12.967
34921.723,13.027
34921.756,12.973
34921.856,12.92
34921.957,13.007
34922.057,12.973
34922.175,12.847
34922.266,12.9
34922.369,12.907
34922.471,12.907
34922.565,12.847
34922.674,12.947
34922.753,12.953
34922.854,12.873
34922.956,12.853
34923.060,12.88
34923.163,12.94
34923.277,12.873
34923.364,13.02
34923.469,12.927
34923.552,12.947
34923.690,12.953
34923.775,12.993
34923.888,12.86
34923.984,12.9
34924.052,12.927
34924.185,12.98
34924.287,12.813
34924.390,12.827
34924.491,12.927
34924.594,12.953
34924.690,12.813
34924.800,12.933
34924.910,12.933
34925.003,12.92
34925.114,12.967
34925.209,12.947
34925.310,12.933
34925.413,12.88
34925.527,13.013
34925.555,12.933
34925.729,12.92
34925.849,12.887
34925.868,12.913
34925.952,12.933
34926.060,12.927
34926.140,13.08
34926.256,12.987
34926.342,12.993
34926.442,12.967
34926.549,12.953
34926.653,12.933
34976.753,13.047
34976.849,12.967
34976.952,13.02
34977.050,12.913
34977.155,12.98
34977.261,12.833
34977.364,12.893
34977.469,12.893
34977.567,13.04
34977.694,12.9
34977.736,13.08
34977.871,12.973
34977.973,13.013
34978.077,12.947
34978.177,12.98
34978.283,12.947
34978.358,12.967
34978.459,12.833
34978.560,12.92
34978.690,12.86
34978.793,12.893
34978.837,13.007
34978.989,12.86
34979.040,12.873
34979.202,13.013
34979.231,13.007
34979.408,12.96
34979.437,12.893
34979.550,13.007
34979.636,12.913
34979.739,12.82
34979.841,13.027
34979.937,12.96
34980.045,12.887
34980.155,12.827
34980.231,12.807
34980.334,12.913
34980.430,12.907
34980.543,12.933
34980.636,12.867
34980.741,12.98
34980.844,13.02
34980.944,12.907
34981.047,12.987
34981.180,12.92
34981.253,12.927
34981.364,12.887
34981.456,12.96
34981.559,12.967
34981.660,12.94
34981.775,12.933
34981.871,12.973
34981.974,12.933
34982.028,12.92
34982.173,12.887
34982.273,13.047
34982.326,12.82
34982.430,13.0
34982.538,12.953
34982.640,12.873
34982.770,12.967
34982.851,12.853
34982.927,12.9
34983.030,12.953
34983.199,13.02
34983.224,12.993
34983.329,12.927
34983.434,12.92
34983.530,13.013
34983.636,12.947
34983.731,12.867
34983.836,12.793
34984.006,12.94
34984.033,12.92
34984.126,12.867
34984.223,12.873
34984.322,12.92
34984.425,12.86
34984.525,13.0
34984.630,12.973
34984.763,12.933
34984.834,12.9
34984.935,12.993
34985.040,12.967
34985.141,12.947
34985.244,12.94
34985.353,12.887
34985.449,12.953
34985.550,12.993
34985.655,13.013
34985.772,12.96
34985.858,12.847
34985.962,12.913
34986.062,12.887
34986.187,13.04
34986.268,12.96
34986.373,12.94
34986.481,12.907
34986.508,12.913
34986.677,12.927
35276.780,12.953
35276.807,12.913
35276.984,12.853
35277.011,12.94
35277.111,12.96
35277.209,13.033
35277.317,12.867
35277.418,12.987
35277.523,13.08
35277.609,13.02
35277.726,12.953
35277.829,12.993
35277.905,12.893
35278.022,12.887
35278.116,12.907
35278.212,12.98
35278.309,12.887
35278.418,12.893
35278.525,12.967
35278.623,12.96
35278.724,13.007
35278.829,12.833
35278.925,12.893
35279.025,12.933
35279.136,12.98
35279.250,12.853
35279.349,12.913
35279.451,12.92
35279.545,12.947
35279.647,12.847
35279.744,12.993
35279.885,12.86
35279.959,12.953
35280.089,12.96
35280.184,12.907
35280.197,13.013
35280.366,13.033
35280.467,13.0
35280.569,13.013
35280.597,12.893
35280.724,12.94
35280.800,12.98
35280.918,12.94
35281.011,12.94
35281.116,12.92
35281.195,12.987
35281.310,12.927
35281.397,12.853
35281.505,12.8
35281.616,12.86
35281.697,12.887
35281.798,12.913
35281.896,12.92
35282.020,13.04
35282.106,12.92
35282.202,12.88
35282.302,13.007
35282.432,12.92
35282.506,12.907
35282.616,12.847
35282.719,12.96
35282.854,12.947
35282.927,12.827
35283.028,12.873
35283.128,12.933
35283.233,12.853
35283.332,12.907
35283.430,13.067
35283.538,12.94
35283.633,12.987
35283.746,12.94
35283.858,12.86
35283.947,12.947
35284.052,12.9
35284.153,12.927
35284.268,12.96
35284.297,12.887
35284.461,12.787
35284.486,12.84
35284.592,12.833
35284.692,12.793
35284.798,12.853
35284.896,12.753
35284.983,12.907
35285.103,12.853
35285.202,12.84
35285.283,12.853
35285.381,12.913
35285.484,12.98
35285.586,12.913
35285.695,12.987
35285.802,12.927
35285.923,12.793
35285.996,12.86
35286.108,12.853
35286.204,12.973
35286.304,12.927
35286.430,12.893
35286.538,12.94
35286.613,12.927
35336.712,12.847
35336.814,12.86
35336.918,12.887
35337.028,12.993
35337.131,13.013
35337.234,12.92
35337.283,12.94
35337.386,12.853
35337.494,12.94
35337.596,12.893
35337.699,12.913
35337.778,12.98
35337.949,12.927
35337.979,12.913
35338.146,12.887
35338.174,12.887
35338.292,12.9
35338.375,12.813
35338.476,12.98
35338.572,12.92
35338.679,12.947
35338.778,12.913
35338.873,12.953
35339.005,12.947
35339.070,12.933
35339.175,12.947
35339.272,12.987
35339.376,12.96
35339.479,12.8
35339.579,12.98
35339.682,12.96
35339.785,12.893
35339.888,12.787
35339.998,12.987
35340.106,13.007
35340.195,12.94
35340.297,12.913
35340.400,12.887
35340.516,12.84
35340.604,13.027
35340.707,13.0
35340.810,12.953
35340.910,12.873
35341.013,12.98
35341.111,13.093
35341.167,12.953
35341.324,12.967
35341.371,13.007
35341.525,12.973
35341.630,12.973
35341.690,12.94
35341.766,13.0
35341.863,12.933
35341.969,12.82
35342.074,13.027
35342.163,12.933
35342.282,13.0
35342.420,13.013
35342.473,12.84
35342.574,12.893
35342.677,12.973
35342.761,12.94
35342.881,12.96
35342.978,12.947
35343.062,12.833
35343.158,13.033
35343.265,13.033
35343.369,12.88
35343.483,12.973
35343.579,12.84
35343.675,13.013
35343.782,12.92
35343.891,12.88
35343.993,12.907
35344.087,12.933
35344.192,12.973
35344.299,13.007
35344.398,12.973
35344.518,12.96
35344.601,12.9
35344.707,12.88
35344.810,12.887
35344.881,12.887
35345.001,12.833
35345.109,12.92
35345.212,13.013
35345.342,13.0
35345.427,12.953
35345.452,12.887
35345.552,12.913
35345.652,12.86
35345.756,12.787
35345.853,12.867
35345.954,13.073
35346.055,12.987
35346.158,12.933
35346.263,12.933
35346.354,12.927
35346.456,12.913
35346.567,12.887
35346.670,12.893
35396.765,12.94
35396.861,12.927
35396.956,12.927
35397.054,12.893
35397.158,12.893
35397.251,12.933
35397.353,12.94
35397.464,12.893
35397.571,12.887
35397.670,13.007
35397.763,12.987
35397.873,12.947
35397.979,12.927
35398.087,13.0
35398.214,12.86
35398.283,13.013
35398.380,12.96
35398.489,12.993
35398.603,12.96
35398.699,12.873
35398.820,12.973
35398.898,13.013
35399.003,12.98
35399.104,13.067
35399.206,12.913
35399.292,12.88
35399.412,13.027
35399.513,12.84
35399.542,12.987
35399.658,12.887
35399.744,12.993
35399.844,12.82
35399.947,12.92
35400.052,13.0
35400.152,12.893
35400.253,12.887
35400.354,12.913
35400.439,12.887
35400.537,12.913
35400.658,13.06
35400.768,12.907
35400.847,12.867
35400.947,12.947
35401.042,12.947
35401.153,13.007
35401.253,12.88
35401.351,12.867
35401.449,12.88
35401.548,12.993
35401.652,12.913
35401.734,12.907
35401.878,12.94
35401.962,12.907
35402.067,12.933
35402.175,12.88
35402.278,12.973
35402.390,12.953
35402.442,12.887
35402.601,12.913
35402.628,12.927
35402.733,12.867
35402.831,12.887
35403.013,12.893
35403.097,12.847
35403.195,12.893
35403.226,12.9
35403.336,12.973
35403.432,12.9
35403.540,12.88
35403.641,12.9
35403.734,12.993
35403.837,13.027
35403.940,12.973
35404.043,13.027
35404.147,12.927
35404.226,12.9
35404.327,12.987
35404.437,12.993
35404.532,12.887
35404.633,12.927
35404.738,12.993
35404.849,12.973
35404.925,12.827
35405.027,12.973
35405.130,12.947
35405.229,12.88
35405.332,12.96
35405.452,13.013
35405.538,12.873
35405.641,12.853
35405.743,12.813
35405.821,12.853
35405.964,12.92
35406.023,12.847
35406.131,12.913
35406.239,13.007
35406.366,12.907
35406.476,12.873
35406.572,12.827
35406.660,12.933
35456.783,13.053
35456.881,12.927
35456.981,12.953
35457.084,12.927
35457.121,12.9
35457.217,12.953
35457.322,12.96
35457.423,12.92
35457.523,12.92
35457.626,12.9
35457.746,12.913
35457.834,12.94
35457.934,12.853
35458.038,13.0
35458.123,12.947
35458.248,12.973
35458.322,12.92
35458.454,12.913
35458.532,13.027
35458.628,12.953
35458.738,12.9
35458.849,12.88
35458.932,12.973
35459.037,13.107
35459.138,13.04
35459.261,12.867
35459.353,12.827
35459.447,13.033
35459.549,12.907
35459.650,12.92
35459.751,12.873
35459.856,12.84
35459.957,12.973
35460.059,12.913
35460.119,12.84
35460.221,12.953
35460.369,12.773
35460.469,12.893
35460.572,12.927
35460.641,13.027
35460.711,12.9
35460.817,12.913
35460.905,12.893
35461.006,12.913
35461.163,12.98
35461.214,12.907
35461.312,12.867
35461.422,13.04
35461.508,12.88
35461.613,12.867
35461.711,12.933
35461.832,12.88
35461.905,12.86
35462.006,12.887
35462.108,12.92
35462.209,12.933
35462.312,12.9
35462.417,12.813
35462.523,12.9
35462.631,12.933
35462.729,12.96
35462.826,12.98
35462.935,12.887
35463.030,12.92
35463.133,12.88
35463.229,12.86
35463.336,12.887
35463.447,12.827
35463.545,12.86
35463.625,12.933
35463.746,12.853
35463.854,13.007
35463.952,12.967
35464.064,13.02
35464.157,12.807
35464.256,12.773
35464.364,12.887
35464.462,13.06
35464.515,12.98
35464.616,12.947
35464.773,12.833
35464.800,12.913
35464.902,12.96
35465.003,12.853
35465.096,12.853
35465.194,12.813
35465.299,12.933
35465.408,12.933
35465.513,12.96
35465.633,12.86
35465.702,12.82
35465.795,12.84
35465.930,12.973
35466.011,12.92
35466.111,12.987
35466.197,12.967
35466.315,12.913
35466.388,12.913
35466.503,12.867
35466.614,12.98
35516.734,12.92
35516.827,12.993
35516.934,13.013
35517.033,12.84
35517.130,12.953
35517.253,12.907
35517.344,12.927
35517.435,13.0
35517.535,13.04
35517.638,12.953
35517.739,12.92
35517.836,12.913
35517.945,12.967
35518.035,12.853
35518.150,12.853
35518.253,13.027
35518.282,12.96
35518.457,12.953
35518.488,12.96
35518.586,13.0
35518.687,12.927
35518.795,12.933
35518.893,12.907
35519.000,12.94
35519.097,12.867
35519.185,12.98
35519.305,12.9
35519.402,12.873
35519.481,12.947
35519.596,12.907
35519.692,13.013
35519.799,12.88
35519.898,12.967
35519.984,12.907
35520.081,12.96
35520.190,12.907
35520.295,12.9
35520.391,12.94
35520.533,12.927
35520.609,12.953
35520.702,12.927
35520.799,12.893
35520.920,12.893
35521.020,12.907
35521.118,12.96
35521.224,12.907
35521.344,12.933
35521.432,12.933
35521.532,12.847
35521.631,12.987
35521.755,12.927
35521.837,13.007
35521.939,12.967
35522.043,12.98
35522.077,13.007
35522.172,12.94
35522.272,12.84
35522.380,12.993
35522.493,12.913
35522.591,12.993
35522.689,12.94
35522.785,12.98
35522.883,12.86
35522.969,12.92
35523.074,12.94
35523.182,12.987
35523.272,13.067
35523.405,12.96
35523.474,12.947
35523.592,13.04
35523.670,12.98
35523.768,12.913
35523.878,12.967
35523.986,12.867
35524.082,12.913
35524.202,12.847
35524.283,13.067
35524.397,13.093
35524.493,12.993
35524.591,12.94
35524.695,12.887
35524.795,12.987
35524.918,12.913
35525.018,12.967
35525.121,12.947
35525.219,12.887
35525.317,12.88
35525.430,12.887
35525.527,12.893
35525.625,12.973
35525.729,12.9
35525.822,12.973
35525.932,12.967
35526.033,12.88
35526.062,12.907
35526.168,12.88
35526.271,12.947
35526.366,12.96
35526.489,12.933
35526.574,13.0
35526.674,13.0
35576.775,12.913
35576.859,12.933
35576.979,12.893
35577.077,12.953
35577.173,12.867
35577.268,12.847
35577.364,12.907
35577.467,12.947
35577.591,12.953
35577.673,12.96
35577.778,12.867
35577.878,12.92
35578.003,12.913
35578.082,12.9
35578.185,13.013
35578.288,12.94
35578.395,12.94
35578.491,13.033
35578.589,12.953
35578.716,12.86
35578.812,12.887
35578.908,12.933
35579.003,12.927
35579.136,13.007
35579.211,12.913
35579.310,12.947
35579.429,13.02
35579.523,12.873
35579.549,12.86
35579.724,12.927
35579.748,12.913
35579.864,13.0
35579.962,12.853
35580.062,12.853
35580.163,12.92
35580.272,12.98
35580.366,13.033
35580.464,12.92
35580.555,12.92
35580.653,12.887
35580.753,12.92
35580.849,12.953
35580.949,12.907
35581.052,12.94
35581.153,12.967
35581.266,13.0
35581.359,12.967
35581.461,12.847
35581.565,12.88
35581.679,12.833
35581.775,12.96
35581.871,13.007
35581.967,12.88
35582.076,12.967
35582.158,12.853
35582.302,12.873
35582.368,12.927
35582.442,12.853
35582.543,12.92
35582.650,12.987
35582.805,13.073
35582.903,13.007
35583.000,13.04
35583.070,12.893
35583.175,12.92
35583.280,12.927
35583.407,12.82
35583.518,12.94
35583.543,13.0
35583.704,12.907
35583.755,12.92
35583.841,12.84
35583.954,13.027
35584.052,12.953
35584.153,12.94
35584.255,12.98
35584.334,12.907
35584.456,12.953
35584.574,12.88
35584.653,12.94
35584.751,12.893
35584.871,12.92
35584.976,12.86
35585.052,12.92
35585.150,13.047
35585.244,12.907
35585.354,13.013
35585.456,12.973
35585.552,12.96
35585.675,12.967
35585.761,12.947
35585.859,12.993
35585.967,13.033
35586.087,12.927
35586.174,12.94
35586.275,12.987
35586.376,13.047
35586.481,13.027
35586.582,12.94
35876.714,12.88
35876.778,12.92
35876.890,13.0
35876.991,12.98
35877.092,12.927
35877.190,12.907
35877.299,12.827
35877.405,12.947
35877.432,12.96
35877.638,12.887
35877.640,12.913
35877.739,12.947
35877.839,12.9
35877.925,12.94
35878.049,12.94
35878.147,12.94
35878.248,12.9
35878.326,12.86
35878.434,12.94
35878.533,12.913
35878.638,12.933
35878.734,13.027
35878.834,12.933
35878.935,12.813
35879.038,13.06
35879.121,13.093
35879.244,12.947
35879.326,12.78
35879.457,12.907
35879.550,12.847
35879.638,12.993
35879.787,12.847
35879.831,12.84
35879.952,12.853
35880.086,12.747
35880.148,13.0
35880.270,12.96
35880.366,12.92
35880.452,12.96
35880.567,13.02
35880.670,12.967
35880.775,13.007
35880.822,12.973
35880.925,12.887
35881.087,12.993
35881.116,13.073
35881.214,13.053
35881.315,12.933
35881.420,12.947
35881.522,12.933
35881.626,12.9
35881.729,12.98
35881.831,12.913
35881.924,12.92
35882.033,12.88
35882.119,12.987
35882.244,12.84
35882.334,12.88
35882.418,12.973
35882.521,12.98
35882.623,12.94
35882.728,12.893
35882.827,12.92
35882.930,13.073
35883.025,13.007
35883.116,12.853
35883.214,12.907
35883.337,13.013
35883.437,12.893
35883.530,12.913
35883.650,13.02
35883.726,12.833
35883.854,12.987
35883.910,12.96
35884.043,12.94
35884.147,12.78
35884.224,12.94
35884.329,13.027
35884.405,12.947
35884.535,12.84
35884.611,12.887
35884.766,12.953
35884.817,12.94
35884.981,12.933
35885.011,13.053
35885.109,12.847
35885.280,12.98
35885.312,13.013
35885.434,12.827
35885.500,12.933
35885.623,12.933
35885.723,12.92
35885.821,12.88
35885.918,12.953
35886.033,12.827
35886.106,12.92
35886.204,12.993
35886.302,12.913
35886.402,12.987
35886.500,12.94
35886.621,12.98
35936.714,12.953
35936.815,13.04
35936.908,12.84
35937.030,13.047
35937.114,12.933
35937.234,12.967
35937.329,13.007
35937.437,13.02
35937.503,12.94
35937.599,13.0
35937.707,12.987
35937.848,12.86
35937.915,12.907
35938.023,12.927
35938.146,12.887
35938.248,12.907
35938.347,12.92
35938.398,12.92
35938.538,12.933
35938.604,12.967
35938.692,12.913
35938.810,12.84
35938.907,12.887
35939.008,12.84
35939.108,12.827
35939.204,12.807
35939.302,13.067
35939.403,12.727
35939.501,12.9
35939.601,12.973
35939.709,12.967
35939.807,12.873
35939.908,12.993
35940.010,13.033
35940.098,12.96
35940.197,12.933
35940.295,12.86
35940.391,12.84
35940.511,13.007
35940.609,12.887
35940.707,12.907
35940.814,13.033
35940.907,13.04
35941.006,12.973
35941.113,12.987
35941.223,13.033
35941.322,12.953
35941.422,12.913
35941.523,12.907
35941.643,12.96
35941.741,12.907
35941.848,12.867
35941.927,12.773
35942.049,12.927
35942.145,12.967
35942.234,13.047
35942.285,12.913
35942.381,13.007
35942.486,13.027
35942.582,12.827
35942.697,12.973
35942.792,13.06
35942.898,12.92
35942.983,12.96
35943.082,12.967
35943.194,13.04
35943.282,12.84
35943.383,12.913
35943.481,12.88
35943.601,12.82
35943.682,12.92
35943.799,12.933
35943.891,12.96
35943.989,12.86
35944.096,13.0
35944.194,13.0
35944.297,13.047
35944.395,12.853
35944.513,12.927
35944.633,12.8
35944.709,12.98
35944.831,12.973
35944.913,12.92
35945.013,12.907
35945.116,13.067
35945.248,12.927
35945.324,13.007
35945.423,12.993
35945.521,12.933
35945.631,12.9
35945.731,12.867
35945.832,12.96
35945.935,12.933
35946.038,12.98
35946.141,12.967
35946.168,12.947
35946.305,12.98
35946.381,13.033
35946.479,12.88
35946.576,12.827
35946.670,12.947
35996.778,12.867
35996.885,12.933
35996.991,12.967
35997.065,13.033
35997.189,12.88
35997.266,12.9
35997.381,13.013
35997.478,12.967
35997.574,12.94
35997.677,13.0
35997.778,12.847
35997.885,12.993
35997.984,12.933
35998.094,13.013
35998.187,12.867
35998.285,13.007
35998.424,13.0
35998.506,13.027
35998.572,12.873
35998.702,12.893
35998.804,12.927
35998.905,12.96
35999.003,13.06
35999.104,12.98
35999.195,12.88
35999.327,12.887
35999.425,13.02
35999.520,12.92
35999.564,13.0
35999.724,12.96
35999.827,12.92
35999.932,12.84
36000.032,12.86
36000.060,12.893
36000.168,12.94
36000.263,13.007
36000.366,13.007
36000.469,12.92
36000.571,13.073
36000.668,13.007
36000.756,12.947
36000.875,12.947
36000.962,12.907
36001.065,12.92
36001.160,12.927
36001.268,12.807
36001.403,12.84
36001.498,12.947
36001.572,12.907
36001.652,12.973
36001.771,12.967
36001.859,12.927
36001.962,12.84
36002.062,12.947
36002.182,12.967
36002.251,12.873
36002.364,12.947
36002.505,12.813
36002.565,12.86
36002.685,12.947
36002.777,12.933
36002.915,12.987
36002.991,12.893
36003.113,13.06
36003.209,13.02
36003.307,12.98
36003.410,12.86
36003.513,12.907
36003.614,12.993
36003.650,12.953
36003.748,12.853
36003.847,12.933
36003.947,12.987
36004.049,12.887
36004.153,12.873
36004.256,13.02
36004.366,12.9
36004.444,12.987
36004.565,13.053
36004.665,12.94
36004.753,13.013
36004.875,12.913
36004.947,12.907
36005.050,12.813
36005.152,12.92
36005.253,12.967
36005.358,12.94
36005.444,12.887
36005.562,12.967
36005.663,12.853
36005.766,13.0
36005.881,12.973
36005.976,12.933
36006.072,12.9
36006.179,12.873
36006.266,12.913
36006.342,12.92
36006.486,12.94
36006.591,12.907
36006.662,12.947
36056.783,12.967
36056.920,13.067
36056.957,13.067
36057.087,12.96
36057.138,12.947
36057.280,13.013
36057.396,12.94
36057.447,12.94
36057.538,12.9
36057.650,12.867
36057.744,12.967
36057.842,12.9
36057.942,12.947
36058.043,12.993
36058.148,12.947
36058.248,12.853
36058.358,12.92
36058.440,12.873
36058.559,12.927
36058.643,12.907
36058.753,12.887
36058.842,12.94
36058.952,12.913
36059.048,12.9
36059.185,12.873
36059.246,12.853
36059.349,12.953
36059.452,13.02
36059.555,12.86
36059.657,12.96
36059.758,12.947
36059.853,12.967
36059.966,13.0
36060.076,12.84
36060.272,12.967
36060.273,12.92
36060.373,12.92
36060.474,12.98
36060.591,12.873
36060.685,13.013
36060.738,12.947
36060.912,12.987
36061.001,12.993
36061.028,12.94
36061.192,12.98
36061.295,12.867
36061.322,12.98
36061.498,12.96
36061.527,12.947
36061.626,12.927
36061.729,12.88
36061.831,12.88
36061.942,12.88
36062.104,12.807
36062.131,12.953
36062.229,12.88
36062.324,12.873
36062.427,12.873
36062.525,13.0
36062.626,12.947
36062.731,12.867
36062.837,12.927
36062.937,13.047
36063.038,12.94
36063.163,12.94
36063.251,12.933
36063.348,12.847
36063.445,12.973
36063.528,12.94
36063.650,13.08
36063.753,13.073
36063.856,13.013
36063.966,13.1
36064.062,12.927
36064.163,12.987
36064.265,13.04
36064.378,12.893
36064.473,12.907
36064.572,12.927
36064.675,12.887
36064.778,12.933
36064.873,12.993
36064.925,12.927
36065.016,12.947
36065.113,12.88
36065.214,12.94
36065.317,12.967
36065.415,12.907
36065.522,12.9
36065.623,12.9
36065.734,12.953
36065.815,12.913
36065.929,12.927
36066.015,12.92
36066.125,12.947
36066.211,12.98
36066.307,12.867
36066.425,13.067
36066.527,12.887
36066.631,12.933
36116.726,12.933
36116.837,12.973
36116.927,12.933
36117.030,12.9
36117.133,12.9
36117.248,13.0
36117.359,13.053
36117.445,12.947
36117.572,12.88
36117.648,12.94
36117.748,12.853
36117.849,12.947
36117.939,12.987
36118.052,12.92
36118.157,12.9
36118.251,12.833
36118.364,12.833
36118.464,12.94
36118.522,12.933
36118.625,12.96
36118.731,12.94
36118.873,13.0
36118.900,12.953
36119.000,12.92
36119.109,13.013
36119.214,12.933
36119.319,12.913
36119.410,12.893
36119.503,13.047
36119.616,12.907
36119.696,12.94
36119.820,13.027
36119.900,12.913
36120.000,12.92
36120.097,12.953
36120.238,12.86
36120.312,12.907
36120.410,12.873
36120.513,12.847
36120.626,12.933
36120.746,12.92
36120.819,12.94
36120.930,12.973
36121.025,12.907
36121.136,13.04
36121.246,12.92
36121.334,12.94
36121.434,12.94
36121.532,13.027
36121.663,13.02
36121.739,13.013
36121.842,12.967
36121.945,12.987
36122.050,12.933
36122.158,12.993
36122.256,12.867
36122.349,12.92
36122.388,12.993
36122.560,12.887
36122.587,12.927
36122.763,12.887
36122.790,12.96
36122.897,13.027
36122.998,12.987
36123.108,12.973
36123.206,12.907
36123.300,12.96
36123.391,12.947
36123.494,12.953
36123.592,12.927
36123.695,12.847
36123.821,12.893
36123.896,12.893
36123.984,12.867
36124.087,12.953
36124.199,12.92
36124.309,12.993
36124.413,12.853
36124.486,12.973
36124.598,12.96
36124.717,13.013
36124.846,12.933
36124.923,12.893
36125.018,13.04
36125.119,12.927
36125.223,13.067
36125.334,12.927
36125.432,13.087
36125.532,12.947
36125.631,12.773
36125.733,13.013
36125.837,13.047
36125.939,12.833
36126.045,12.873
36126.143,12.86
36126.246,12.933
36126.349,12.973
36126.391,12.973
36126.481,12.867
36126.577,12.827
36126.682,12.94
36176.785,12.947
36176.883,12.967
36176.986,12.94
36177.089,12.887
36177.196,12.927
36177.295,12.933
36177.373,12.987
36177.506,13.053
36177.584,13.027
36177.682,12.927
36177.780,12.9
36177.885,12.92
36177.986,13.06
36178.087,12.94
36178.192,12.927
36178.299,13.007
36178.405,12.987
36178.503,12.987
36178.597,13.053
36178.704,12.9
36178.800,13.093
36178.908,13.013
36179.011,12.853
36179.113,13.013
36179.214,12.947
36179.332,12.927
36179.422,12.873
36179.523,13.06
36179.626,12.927
36179.744,12.88
36179.772,13.007
36179.871,12.86
36179.967,13.067
36180.067,12.987
36180.165,12.933
36180.266,12.947
36180.371,12.993
36180.481,13.02
36180.584,13.053
36180.663,12.913
36180.772,12.927
36180.880,12.9
36180.981,12.867
36181.082,12.953
36181.168,12.933
36181.265,12.887
36181.359,12.967
36181.476,13.027
36181.581,12.867
36181.680,12.967
36181.807,12.913
36181.905,12.927
36181.991,12.973
36182.089,12.887
36182.192,12.833
36182.287,12.933
36182.391,12.92
36182.491,12.92
36182.594,12.907
36182.709,12.94
36182.802,12.873
36182.912,12.847
36183.008,12.96
36183.106,12.967
36183.209,12.94
36183.310,12.92
36183.418,12.88
36183.516,13.06
36183.618,12.887
36183.741,12.927
36183.760,12.933
36183.930,12.9
36183.957,12.973
36184.055,12.94
36184.157,13.02
36184.258,12.913
36184.358,12.92
36184.545,13.013
36184.572,12.967
36184.670,12.96
36184.778,12.9
36184.868,12.913
36184.949,12.887
36185.054,12.887
36185.153,13.013
36185.272,12.887
36185.349,12.9
36185.451,12.92
36185.550,12.833
36185.658,12.967
36185.750,12.88
36185.871,12.94
36185.947,12.94
36186.082,13.0
36186.179,13.013
36186.275,12.933
36186.383,13.013
36186.486,12.927
36186.587,12.82
36186.692,12.94
36476.795,12.927
36476.896,12.947
36476.998,12.973
36477.101,12.867
36477.202,12.933
36477.305,13.02
36477.415,12.947
36477.510,12.867
36477.614,12.793
36477.641,12.927
36477.741,12.86
36477.851,12.973
36477.949,12.9
36478.050,12.833
36478.153,12.987
36478.251,12.947
36478.354,12.92
36478.456,12.987
36478.542,12.84
36478.660,12.947
36478.739,12.88
36478.849,12.987
36478.954,12.887
36479.052,12.887
36479.158,12.913
36479.258,12.9
36479.375,12.833
36479.481,12.967
36479.589,13.047
36479.668,12.887
36479.751,12.933
36479.834,12.907
36479.989,12.847
36480.048,12.873
36480.168,12.82
36480.275,12.933
36480.356,12.847
36480.481,13.06
36480.576,13.027
36480.677,12.853
36480.771,12.947
36480.881,12.98
36480.930,12.953
36481.030,12.953
36481.196,12.96
36481.293,12.967
36481.403,12.98
36481.432,12.92
36481.597,12.907
36481.631,12.907
36481.731,12.96
36481.851,13.06
36481.947,12.96
36482.045,13.047
36482.143,13.06
36482.239,12.953
36482.332,12.96
36482.430,12.92
36482.528,12.987
36482.631,12.92
36482.739,12.96
36482.837,13.0
36482.929,12.873
36483.038,13.027
36483.141,12.96
36483.244,12.833
36483.347,12.853
36483.449,12.927
36483.530,13.013
36483.635,13.04
36483.741,13.08
36483.826,12.873
36483.934,12.927
36484.077,12.967
36484.141,12.927
36484.261,13.013
36484.400,12.9
36484.454,12.913
36484.577,12.947
36484.682,12.907
36484.768,13.0
36484.876,12.88
36484.984,13.0
36485.082,13.067
36485.190,13.027
36485.219,12.953
36485.317,12.933
36485.420,12.987
36485.530,12.94
36485.626,13.093
36485.729,13.033
36485.915,12.847
36485.917,12.967
36486.023,13.033
36486.119,12.827
36486.239,12.953
36486.327,12.84
36486.425,12.98
36486.523,13.007
36486.650,13.033
36536.734,13.0
36536.834,12.927
36536.940,12.9
36537.043,13.0
36537.138,12.893
36537.217,12.98
36537.351,12.847
36537.452,12.807
36537.527,12.913
36537.631,12.907
36537.753,12.96
36537.822,12.98
36537.956,12.967
36538.074,12.84
36538.160,12.873
36538.266,13.0
36538.364,12.867
36538.442,12.913
36538.562,12.907
36538.670,12.867
36538.773,12.98
36538.810,12.827
36538.972,12.88
36539.084,12.927
36539.111,12.96
36539.214,12.987
36539.309,12.893
36539.410,12.96
36539.518,12.913
36539.619,12.96
36539.722,12.833
36539.822,13.027
36539.913,13.007
36540.037,12.787
36540.104,13.0
36540.207,12.893
36540.324,12.933
36540.422,12.873
36540.522,12.933
36540.619,12.973
36540.719,13.047
36540.821,13.047
36540.932,12.96
36541.015,13.073
36541.109,12.967
36541.212,12.953
36541.320,12.967
36541.403,13.033
36541.506,12.907
36541.606,12.813
36541.712,12.907
36541.812,12.993
36541.913,12.907
36542.020,12.847
36542.162,12.973
36542.226,12.927
36542.348,12.947
36542.402,13.013
36542.554,12.9
36542.608,12.953
36542.756,13.033
36542.812,12.907
36542.895,12.98
36542.994,12.953
36543.116,12.967
36543.219,12.947
36543.305,12.887
36543.408,12.833
36543.511,12.92
36543.611,12.927
36543.712,12.933
36543.793,12.927
36543.893,12.933
36543.998,12.973
36544.099,13.067
36544.204,13.027
36544.298,12.913
36544.402,12.813
36544.510,13.04
36544.621,12.887
36544.689,12.82
36544.824,12.953
36544.927,12.88
36545.022,12.953
36545.131,12.967
36545.229,12.92
36545.329,12.907
36545.430,12.98
36545.540,13.0
36545.638,12.967
36545.736,12.98
36545.839,12.953
36545.942,12.96
36546.043,13.033
36546.160,12.993
36546.251,12.893
36546.361,12.893
36546.388,12.953
36546.488,12.913
36546.665,12.86
36596.795,13.067
36596.798,13.0
36596.895,12.887
36596.994,12.84
36597.092,13.027
36597.197,13.033
36597.295,12.973
36597.402,12.953
36597.481,12.967
36597.579,12.947
36597.682,12.907
36597.785,12.96
36597.888,12.973
36597.998,13.007
36598.092,12.92
36598.216,12.953
36598.299,12.907
36598.410,12.913
36598.489,12.86
36598.592,12.867
36598.690,12.993
36598.793,12.9
36598.895,12.873
36598.996,12.913
36599.098,12.967
36599.197,12.9
36599.283,12.94
36599.388,12.94
36599.494,12.9
36599.598,12.96
36599.724,12.927
36599.841,12.947
36599.927,12.987
36599.981,12.973
36600.141,12.92
36600.246,12.933
36600.273,12.967
36600.371,13.0
36600.571,12.873
36600.587,12.9
36600.677,12.96
36600.783,12.947
36600.885,12.913
36600.986,12.853
36601.086,12.913
36601.170,12.88
36601.373,12.94
36601.376,12.933
36601.473,12.893
36601.574,12.833
36601.677,12.92
36601.785,13.053
36601.890,12.92
36601.994,12.8
36602.087,12.927
36602.212,12.88
36602.285,12.873
36602.408,12.867
36602.496,12.9
36602.606,12.893
36602.733,12.913
36602.817,12.933
36602.905,12.987
36602.964,12.987
36603.070,12.82
36603.172,12.953
36603.273,12.927
36603.420,13.02
36603.486,12.973
36603.623,12.867
36603.694,12.987
36603.827,12.873
36603.929,13.047
36604.030,12.927
36604.133,13.0
36604.270,12.92
36604.272,12.9
36604.371,12.92
36604.469,13.033
36604.657,13.04
36604.658,13.007
36604.780,12.887
36604.876,12.953
36604.979,12.92
36605.077,12.927
36605.158,12.967
36605.260,12.98
36605.366,12.993
36605.464,12.967
36605.569,12.907
36605.670,12.947
36605.785,12.96
36605.905,12.847
36605.979,12.973
36606.082,12.887
36606.182,12.973
36606.283,12.92
36606.388,12.947
36606.494,12.973
36606.591,12.98
36606.695,12.927
36656.819,12.827
36656.930,12.827
36657.006,12.9
36657.059,12.96
36657.185,12.967
36657.273,12.947
36657.371,12.933
36657.479,12.893
36657.554,12.867
36657.655,12.86
36657.756,12.933
36657.932,12.853
36657.964,12.893
36658.049,12.86
36658.170,12.807
36658.255,13.027
36658.356,13.007
36658.454,12.933
36658.562,12.98
36658.655,13.027
36658.751,12.987
36658.853,12.94
36658.949,13.053
36659.059,12.94
36659.170,13.027
36659.258,12.94
36659.361,12.933
36659.459,12.967
36659.571,12.9
36659.697,12.907
36659.766,12.96
36659.873,12.947
36659.972,12.933
36660.074,12.967
36660.175,12.88
36660.278,12.907
36660.381,12.967
36660.493,12.88
36660.584,12.947
36660.696,13.013
36660.795,12.947
36660.903,12.967
36661.001,12.947
36661.097,12.907
36661.199,12.94
36661.253,12.913
36661.405,12.9
36661.457,12.96
36661.565,12.933
36661.638,12.907
36661.777,12.947
36661.839,12.933
36662.018,12.94
36662.047,12.98
36662.150,12.833
36662.248,12.893
36662.354,12.873
36662.437,12.987
36662.555,12.827
36662.658,12.98
36662.739,12.993
36662.839,12.94
36662.956,12.847
36663.065,12.94
36663.153,13.053
36663.256,12.927
36663.353,12.933
36663.454,13.033
36663.557,12.94
36663.655,12.98
36663.760,12.893
36663.871,12.92
36663.969,12.927
36664.065,12.867
36664.170,12.947
36664.272,12.96
36664.369,12.96
36664.476,13.007
36664.579,12.86
36664.687,12.913
36664.783,13.0
36664.903,12.853
36664.989,12.873
36665.091,12.907
36665.196,12.987
36665.270,12.92
36665.334,13.027
36665.501,12.86
36665.527,13.0
36665.709,13.053
36665.736,12.927
36665.837,12.987
36665.940,12.88
36666.028,12.887
36666.131,13.007
36666.233,12.907
36666.336,12.94
36666.430,12.967
36666.533,12.953
36666.633,13.027
36716.739,12.96
36716.864,13.0
36716.937,12.94
36717.045,12.927
36717.150,12.94
36717.248,12.987
36717.351,12.98
36717.451,12.953
36717.549,13.013
36717.645,13.02
36717.753,12.88
36717.842,13.033
36717.967,12.987
36718.064,12.92
36718.163,12.947
36718.266,12.893
36718.368,12.873
36718.469,12.907
36718.601,12.867
36718.675,12.913
36718.778,12.96
36718.880,12.88
36719.013,13.053
36719.015,13.047
36719.114,13.02
36719.214,12.92
36719.314,13.027
36719.424,13.047
36719.525,12.913
36719.626,12.94
36719.723,12.833
36719.831,12.92
36719.929,12.907
36720.048,12.947
36720.113,12.92
36720.216,12.98
36720.347,12.847
36720.417,12.953
36720.530,12.967
36720.609,12.893
36720.717,12.96
36720.827,12.987
36720.927,13.02
36721.023,12.933
36721.126,12.847
36721.241,12.98
36721.337,13.027
36721.442,12.98
36721.562,13.133
36721.636,13.007
36721.748,12.98
36721.851,12.953
36721.954,13.033
36722.055,12.96
36722.158,13.027
36722.253,12.98
36722.366,12.88
36722.464,12.907
36722.565,12.993
36722.668,12.967
36722.771,12.967
36722.873,12.887
36722.988,13.013
36723.003,13.0
36723.101,12.993
36723.204,13.04
36723.315,13.0
36723.423,12.887
36723.520,12.96
36723.618,12.96
36723.724,12.887
36723.822,13.013
36723.900,12.967
36723.998,12.96
36724.111,12.893
36724.212,12.873
36724.310,12.967
36724.474,13.02
36724.521,12.88
36724.599,12.92
36724.699,12.92
36724.824,12.933
36724.913,12.86
36725.030,12.873
36725.103,13.06
36725.209,13.033
36725.331,12.973
36725.427,12.967
36725.537,13.033
36725.650,13.013
36725.746,12.947
36725.844,13.047
36725.927,12.92
36726.052,12.78
36726.150,13.013
36726.253,12.92
36726.297,12.987
36726.457,13.067
36726.559,13.013
36726.663,12.893
36776.765,12.927
36776.793,12.927
36776.891,12.9
36777.003,12.867
36777.099,12.907
36777.199,13.033
36777.304,12.94
36777.398,13.013
36777.488,12.893
36777.611,13.02
36777.712,13.007
36777.812,12.973
36777.893,12.993
36777.994,12.953
36778.096,12.953
36778.202,12.927
36778.300,12.947
36778.403,12.973
36778.500,13.053
36778.608,12.993
36778.711,12.887
36778.812,12.86
36778.917,12.96
36779.013,12.98
36779.104,13.0
36779.187,12.793
36779.327,12.86
36779.390,12.947
36779.491,12.9
36779.647,12.827
36779.734,12.86
36779.797,12.88
36779.903,12.96
36780.010,12.887
36780.084,12.853
36780.182,13.007
36780.285,12.98
36780.385,12.907
36780.543,12.993
36780.631,13.007
36780.750,12.94
36780.802,12.807
36780.888,12.873
36780.989,12.94
36781.094,12.887
36781.199,12.92
36781.299,12.967
36781.396,12.96
36781.508,12.907
36781.582,12.967
36781.699,13.06
36781.810,12.893
36781.898,12.933
36781.994,12.927
36782.099,12.827
36782.175,12.927
36782.297,12.86
36782.405,13.04
36782.508,12.9
36782.611,12.9
36782.712,13.013
36782.787,12.987
36782.910,12.94
36782.984,12.853
36783.092,13.033
36783.174,13.027
36783.322,12.92
36783.378,12.94
36783.486,12.927
36783.643,12.907
36783.696,13.0
36783.797,12.96
36783.923,12.847
36783.974,12.813
36784.128,12.84
36784.179,12.88
36784.336,12.827
36784.380,12.887
36784.481,12.893
36784.577,12.927
36784.677,13.067
36784.775,12.933
36784.878,12.907
36784.981,12.973
36785.082,12.887
36785.190,12.787
36785.288,12.96
36785.371,13.0
36785.483,12.92
36785.572,12.947
36785.673,12.96
36785.777,12.893
36785.893,12.88
36785.991,13.027
36786.087,12.96
36786.219,12.907
36786.297,12.933
36786.391,12.927
36786.486,12.92
36786.584,12.987
36786.697,12.947
37076.802,12.973
37076.907,13.027
37077.003,13.033
37077.101,13.053
37077.217,12.9
37077.321,12.953
37077.363,12.887
37077.471,12.9
37077.577,12.88
37077.731,13.053
37077.760,12.987
37077.861,12.92
37077.959,12.947
37078.131,13.073
37078.158,12.98
37078.261,12.82
37078.435,12.953
37078.462,12.973
37078.564,12.98
37078.675,12.913
37078.790,12.92
37078.940,12.967
37078.967,12.987
37079.072,12.933
37079.160,12.92
37079.260,13.013
37079.359,12.847
37079.472,12.827
37079.572,12.967
37079.668,12.907
37079.771,12.927
37079.895,12.953
37079.978,12.92
37080.096,12.92
37080.174,12.953
37080.260,13.093
37080.396,12.987
37080.489,12.933
37080.584,12.893
37080.695,12.987
37080.793,12.993
37080.897,13.0
37080.998,13.0
37081.108,12.94
37081.204,13.02
37081.315,12.933
37081.410,13.047
37081.511,12.92
37081.613,12.973
37081.731,12.933
37081.750,12.88
37081.847,12.96
37081.945,12.947
37082.047,12.913
37082.167,12.933
37082.251,12.86
37082.354,12.933
37082.466,13.02
37082.560,12.927
37082.643,12.993
37082.763,12.94
37082.851,12.987
37082.947,13.02
37083.072,13.007
37083.148,13.02
37083.251,12.927
37083.353,12.92
37083.457,12.893
37083.569,12.973
37083.660,12.94
37083.763,12.873
37083.861,12.987
37083.957,12.947
37084.079,12.987
37084.177,12.96
37084.275,13.0
37084.376,12.867
37084.479,12.94
37084.577,13.107
37084.670,12.973
37084.788,12.913
37084.890,12.8
37084.991,12.96
37085.096,12.967
37085.190,13.06
37085.241,12.967
37085.407,12.993
37085.505,12.933
37085.606,12.927
37085.633,12.893
37085.736,12.913
37085.842,12.873
37085.937,12.867
37086.040,12.98
37086.141,12.967
37086.256,12.98
37086.349,12.867
37086.449,12.933
37086.530,13.047
37086.655,12.9
37136.760,12.947
37136.836,13.007
37136.947,12.933
37137.049,12.967
37137.143,12.88
37137.277,13.08
37137.336,12.953
37137.447,12.94
37137.542,12.967
37137.628,12.94
37137.729,12.86
37137.849,12.9
37137.930,12.987
37138.033,12.987
37138.135,13.067
37138.260,12.967
37138.347,12.993
37138.447,12.92
37138.565,12.84
37138.653,12.827
37138.753,12.913
37138.875,12.967
37138.924,12.86
37139.079,12.86
37139.165,12.907
37139.285,12.84
37139.386,12.987
37139.493,12.967
37139.523,12.94
37139.625,12.907
37139.729,12.873
37139.910,12.867
37139.935,12.86
37140.035,13.007
37140.136,13.0
37140.228,13.04
37140.324,12.873
37140.418,12.927
37140.552,12.993
37140.626,13.0
37140.729,13.0
37140.829,13.0
37140.940,12.96
37141.038,12.947
37141.136,12.9
37141.238,12.913
37141.329,13.107
37141.452,12.94
37141.545,12.913
37141.653,13.02
37141.751,13.04
37141.854,12.927
37141.949,12.987
37142.065,12.947
37142.168,12.953
37142.266,13.007
37142.317,12.953
37142.427,12.933
37142.532,12.947
37142.633,12.92
37142.787,13.033
37142.837,13.0
37142.940,13.047
37143.018,12.953
37143.123,12.987
37143.222,12.947
37143.380,12.933
37143.430,12.873
37143.515,12.893
37143.613,13.013
37143.711,12.98
37143.812,12.96
37143.932,12.94
37144.028,12.953
37144.109,13.0
37144.224,13.0
37144.310,13.08
37144.413,12.993
37144.515,12.9
37144.618,12.94
37144.716,12.987
37144.832,12.993
37144.932,12.953
37145.016,12.953
37145.136,12.9
37145.212,13.0
37145.327,12.98
37145.442,12.847
37145.547,12.92
37145.650,13.027
37145.751,12.953
37145.849,13.013
37145.949,12.94
37146.062,12.907
37146.155,13.007
37146.256,12.9
37146.359,13.027
37146.474,13.0
37146.503,13.113
37146.668,12.88
37196.768,12.84
37196.869,13.007
37196.973,12.967
37197.001,12.96
37197.099,12.9
37197.212,12.947
37197.312,12.88
37197.410,12.993
37197.508,12.913
37197.618,13.007
37197.717,12.893
37197.820,12.947
37197.923,13.027
37198.003,12.873
37198.109,12.953
37198.212,12.84
37198.336,12.947
37198.442,12.973
37198.501,12.887
37198.604,12.827
37198.707,12.953
37198.795,12.967
37198.918,12.913
37199.003,13.013
37199.118,13.02
37199.217,12.9
37199.337,12.973
37199.439,12.907
37199.537,13.04
37199.635,12.9
37199.739,12.973
37199.804,13.033
37199.949,12.873
37200.045,12.92
37200.148,13.007
37200.251,12.9
37200.347,12.88
37200.397,12.853
37200.498,12.98
37200.589,12.953
37200.756,12.927
37200.805,12.947
37200.886,12.933
37201.008,12.94
37201.101,12.987
37201.209,12.993
37201.288,13.073
37201.391,12.987
37201.491,12.993
37201.599,12.907
37201.702,13.027
37201.804,13.047
37201.883,12.96
37201.989,12.887
37202.084,12.86
37202.206,12.853
37202.322,12.92
37202.383,13.0
37202.506,12.94
37202.604,12.953
37202.702,12.853
37202.793,12.98
37202.915,12.953
37203.011,12.92
37203.116,12.9
37203.211,13.0
37203.307,12.92
37203.415,13.02
37203.511,12.94
37203.631,12.98
37203.684,13.007
37203.826,13.013
37203.920,12.987
37204.040,12.893
37204.148,12.993
37204.199,13.007
37204.275,12.887
37204.378,12.847
37204.481,12.887
37204.586,12.92
37204.695,13.0
37204.821,12.92
37204.885,12.907
37204.994,13.013
37205.087,12.96
37205.185,12.98
37205.282,12.967
37205.397,12.973
37205.476,13.007
37205.574,12.96
37205.680,13.013
37205.793,12.947
37205.890,13.033
37205.986,12.92
37206.099,12.933
37206.196,12.907
37206.293,12.88
37206.398,12.993
37206.505,12.98
37206.572,12.98
37256.723,12.96
37256.809,12.98
37256.903,12.88
37257.008,13.007
37257.087,12.98
37257.207,12.947
37257.275,12.947
37257.418,12.98
37257.525,12.913
37257.623,12.953
37257.724,13.033
37257.849,12.987
37257.925,12.893
37258.032,12.927
37258.136,12.86
37258.241,12.913
37258.268,12.887
37258.364,12.973
37258.486,12.8
37258.582,13.027
37258.680,13.013
37258.783,12.967
37258.864,12.893
37258.971,13.053
37259.074,12.913
37259.175,12.947
37259.293,12.9
37259.373,12.86
37259.498,12.933
37259.577,13.033
37259.660,12.953
37259.775,12.96
37259.883,12.94
37259.981,12.907
37260.074,12.887
37260.177,12.867
37260.293,12.867
37260.396,12.913
37260.491,13.02
37260.592,12.953
37260.696,12.927
37260.810,13.007
37260.905,12.953
37261.006,12.973
37261.103,13.02
37261.201,13.007
37261.309,12.827
37261.412,12.933
37261.516,12.947
37261.616,12.873
37261.719,12.907
37261.831,12.953
37261.866,13.0
37262.025,12.967
37262.054,12.907
37262.233,12.94
37262.255,12.927
37262.356,12.907
37262.459,12.947
37262.560,12.833
37262.668,12.973
37262.771,13.02
37262.854,13.06
37262.969,13.04
37263.060,12.947
37263.152,12.967
37263.253,12.94
37263.356,12.913
37263.471,12.947
37263.555,12.893
37263.652,12.827
37263.758,12.947
37263.869,12.907
37263.971,12.92
37264.072,12.887
37264.209,13.0
37264.268,13.02
37264.388,13.0
37264.481,12.887
37264.579,12.84
37264.687,13.027
37264.807,13.007
37264.905,12.987
37265.003,12.94
37265.101,13.027
37265.172,12.96
37265.305,13.007
37265.405,12.967
37265.516,12.953
37265.611,12.9
37265.712,12.967
37265.741,12.907
37265.908,12.893
37265.952,12.927
37266.050,12.873
37266.150,12.973
37266.251,12.94
37266.361,12.953
37266.454,13.033
37266.559,13.027
37266.641,12.967
37316.761,13.007
37316.839,12.947
37316.942,12.947
37317.055,12.953
37317.145,12.947
37317.239,12.987
37317.376,13.033
37317.461,12.94
37317.555,12.86
37317.663,12.94
37317.744,12.973
37317.861,12.86
37317.940,12.96
37318.072,13.1
37318.177,12.973
37318.273,13.033
37318.375,12.887
37318.454,12.913
37318.545,12.9
37318.648,13.013
37318.760,12.907
37318.893,12.9
37318.989,12.94
37319.033,13.04
37319.136,13.013
37319.288,12.993
37319.388,12.947
37319.440,13.073
37319.535,12.927
37319.630,12.967
37319.800,12.933
37319.832,13.0
37319.951,12.987
37320.047,12.967
37320.141,12.793
37320.241,12.807
37320.344,12.907
37320.447,12.92
37320.547,12.947
37320.626,12.947
37320.731,12.893
37320.832,12.967
37320.934,12.96
37321.055,12.933
37321.140,12.933
37321.248,12.947
37321.344,12.94
37321.466,12.993
37321.548,12.967
37321.650,13.033
37321.753,12.86
37321.856,12.967
37321.959,12.9
37322.079,13.007
37322.155,12.993
37322.266,12.907
37322.385,12.82
37322.481,13.06
37322.572,12.9
37322.631,12.907
37322.778,12.967
37322.839,12.947
37322.940,12.96
37323.045,12.98
37323.155,12.96
37323.304,12.86
37323.332,12.907
37323.435,13.0
37323.518,13.02
37323.626,12.9
37323.734,12.927
37323.832,12.947
37323.932,12.9
37324.040,13.073
37324.138,12.96
37324.239,12.92
37324.418,12.927
37324.420,12.873
37324.528,12.827
37324.621,12.92
37324.751,12.88
37324.826,12.92
37324.927,12.867
37325.038,13.013
37325.141,13.007
37325.239,12.96
37325.369,13.027
37325.467,13.02
37325.543,12.86
37325.653,12.933
37325.751,12.987
37325.875,12.92
37325.951,12.887
37326.055,12.987
37326.155,12.933
37326.266,12.953
37326.368,12.9
37326.464,12.94
37326.518,12.907
37326.616,13.033
37376.724,13.047
37376.871,13.013
37376.976,12.92
37377.040,12.92
37377.114,12.873
37377.212,12.94
37377.326,12.94
37377.413,12.94
37377.511,12.92
37377.616,12.967
37377.712,12.96
37377.824,13.0
37377.920,12.927
37378.037,12.913
37378.113,12.92
37378.209,12.993
37378.307,12.92
37378.408,12.913
37378.516,12.927
37378.614,12.953
37378.717,12.92
37378.820,12.94
37378.927,12.893
37379.033,12.867
37379.138,12.86
37379.229,12.833
37379.324,12.9
37379.432,12.987
37379.552,12.873
37379.648,12.96
37379.746,12.967
37379.847,12.993
37379.946,12.973
37380.048,12.973
37380.150,12.88
37380.241,12.86
37380.354,12.813
37380.459,12.893
37380.560,12.913
37380.652,12.973
37380.704,12.94
37380.800,12.913
37380.903,12.94
37381.001,12.92
37381.099,12.98
37381.199,12.913
37381.297,12.847
37381.412,12.873
37381.511,12.96
37381.609,12.933
37381.712,12.967
37381.802,12.907
37381.900,12.9
37382.001,12.98
37382.101,12.913
37382.214,13.02
37382.293,12.973
37382.393,12.947
37382.506,12.927
37382.604,12.947
37382.719,13.007
37382.822,12.987
37382.900,12.973
37383.025,12.947
37383.128,13.013
37383.226,13.013
37383.334,13.067
37383.430,12.953
37383.552,12.987
37383.660,12.927
37383.736,12.967
37383.837,12.987
37383.915,12.953
37384.050,13.013
37384.148,12.967
37384.246,13.06
37384.354,12.98
37384.452,12.96
37384.554,12.867
37384.655,12.947
37384.697,13.027
37384.793,12.987
37384.891,12.933
37384.989,12.947
37385.092,12.98
37385.196,13.04
37385.304,13.047
37385.388,12.887
37385.501,12.987
37385.601,12.993
37385.702,12.92
37385.799,12.9
37385.893,13.0
37385.986,12.88
37386.089,12.9
37386.192,12.893
37386.295,13.04
37386.398,13.047
37386.488,13.04
37386.592,13.0
37386.695,12.987
37676.799,13.02
37676.900,13.04
37677.000,13.027
37677.089,12.92
37677.223,12.867
37677.310,13.013
37677.410,12.947
37677.508,12.787
37677.608,12.927
37677.721,12.853
37677.822,12.927
37677.925,13.0
37678.028,12.92
37678.079,13.04
37678.175,12.98
37678.273,13.0
37678.373,12.973
37678.472,12.933
37678.650,13.04
37678.694,12.813
37678.782,12.907
37678.885,12.94
37678.981,12.827
37679.089,12.86
37679.192,12.913
37679.290,12.847
37679.390,13.033
37679.474,12.92
37679.572,12.953
37679.673,13.047
37679.797,12.88
37679.910,12.987
37679.984,12.853
37680.084,12.867
37680.209,13.02
37680.288,12.907
37680.398,12.98
37680.500,12.887
37680.601,12.94
37680.704,13.0
37680.809,13.027
37680.903,13.027
37681.013,12.88
37681.067,12.933
37681.170,12.847
37681.312,12.853
37681.378,13.007
37681.486,12.96
37681.633,12.973
37681.728,12.86
37681.824,12.893
37681.918,12.953
37682.045,12.94
37682.074,12.947
37682.231,12.94
37682.261,13.053
37682.369,13.047
37682.476,12.847
37682.572,13.033
37682.670,12.993
37682.783,12.987
37682.875,12.967
37682.976,12.86
37683.077,12.953
37683.177,12.92
37683.282,12.96
37683.369,12.853
37683.471,12.853
37683.565,13.013
37683.667,13.007
37683.770,12.967
37683.883,12.967
37683.979,13.06
37684.077,13.04
37684.179,12.94
37684.287,12.96
37684.393,13.013
37684.489,12.967
37684.587,12.947
37684.692,12.893
37684.793,12.967
37684.895,13.067
37685.008,12.953
37685.062,13.113
37685.163,12.98
37685.266,12.973
37685.369,12.853
37685.472,12.853
37685.579,12.993
37685.721,12.893
37685.787,12.913
37685.913,12.867
37685.967,12.92
37686.069,13.073
37686.158,13.073
37686.256,12.933
37686.354,12.947
37686.457,12.907
37686.554,12.907
37686.652,12.967
37736.780,12.887
37736.849,12.867
37736.961,13.093
37737.052,12.98
37737.150,12.913
37737.258,13.0
37737.356,13.04
37737.449,13.033
37737.560,13.073
37737.662,13.04
37737.758,12.947
37737.880,13.007
37737.967,12.933
37738.074,12.96
37738.206,13.1
37738.293,12.947
37738.378,12.933
37738.498,12.927
37738.616,13.013
37738.699,12.94
37738.795,13.06
37738.923,13.013
37738.981,12.967
37739.094,12.913
37739.197,13.08
37739.300,13.047
37739.407,12.92
37739.505,13.0
37739.606,12.907
37739.719,13.08
37739.741,12.847
37739.839,13.06
37739.939,12.9
37740.045,12.9
37740.153,13.007
37740.251,12.993
37740.348,12.98
37740.456,12.833
37740.555,12.947
37740.638,12.913
37740.736,12.913
37740.844,13.007
37740.944,12.933
37741.042,12.927
37741.141,13.033
37741.244,12.867
37741.347,13.02
37741.481,12.973
37741.562,12.967
37741.655,13.013
37741.775,12.94
37741.859,13.047
37741.969,12.96
37742.064,13.02
37742.192,13.053
37742.292,12.953
37742.383,13.093
37742.481,13.04
37742.603,12.953
37742.679,12.94
37742.783,12.96
37742.883,12.867
37742.979,12.947
37743.071,13.08
37743.190,12.973
37743.288,12.96
37743.397,12.94
37743.439,13.073
37743.599,12.987
37743.630,12.933
37743.728,12.92
37743.832,12.947
37743.930,13.06
37744.033,12.987
37744.128,12.993
37744.246,12.913
37744.344,12.953
37744.447,12.96
37744.528,12.973
37744.626,13.093
37744.726,12.98
37744.827,12.953
37744.934,12.893
37745.052,13.02
37745.153,12.96
37745.231,13.0
37745.341,13.007
37745.427,12.92
37745.532,12.953
37745.648,12.947
37745.756,12.953
37745.824,13.02
37745.935,12.993
37746.035,12.98
37746.153,12.953
37746.261,12.92
37746.380,12.853
37746.447,12.84
37746.579,13.013
37746.674,12.96
37796.775,13.087
37796.886,13.08
37796.981,13.007
37797.067,12.98
37797.116,13.06
37797.285,12.987
37797.388,12.953
37797.491,13.067
37797.520,13.08
37797.618,12.947
37797.719,12.953
37797.829,12.98
37797.930,12.927
37798.028,12.953
37798.130,13.027
37798.216,12.873
37798.312,12.887
37798.412,12.933
37798.513,12.98
37798.626,13.073
37798.721,13.027
37798.822,12.907
37798.930,13.127
37799.028,13.067
37799.130,12.933
37799.228,12.933
37799.368,12.993
37799.437,12.993
37799.547,12.933
37799.655,12.9
37799.756,12.9
37799.854,12.92
37799.929,13.007
37800.052,12.887
37800.119,12.94
37800.221,13.093
37800.327,12.913
37800.432,12.913
37800.540,12.867
37800.658,12.987
37800.790,13.027
37800.871,12.913
37800.966,13.0
37801.015,12.953
37801.113,13.0
37801.219,12.973
37801.315,12.92
37801.413,12.887
37801.501,12.78
37801.606,12.993
37801.702,12.9
37801.822,12.913
37801.898,12.893
37802.021,13.06
37802.101,12.98
37802.214,13.007
37802.307,12.867
37802.408,13.007
37802.508,13.027
37802.626,12.9
37802.748,12.953
37802.822,13.06
37802.923,13.073
37803.052,12.927
37803.133,12.94
37803.234,12.927
37803.327,13.007
37803.440,12.933
37803.535,12.853
37803.635,12.893
37803.739,12.813
37803.841,12.873
37803.917,13.06
37804.052,12.933
37804.155,12.913
37804.251,12.953
37804.351,12.907
37804.486,13.087
37804.560,13.067
37804.660,12.953
37804.785,12.953
37804.802,12.927
37804.973,12.94
37805.001,12.96
37805.099,13.0
37805.224,12.88
37805.298,12.987
37805.400,12.853
37805.523,12.98
37805.609,13.007
37805.709,12.907
37805.810,12.86
37805.890,12.84
37805.994,12.953
37806.092,12.973
37806.189,12.9
37806.300,12.92
37806.400,12.92
37806.501,12.92
37806.599,12.96
37856.714,12.94
37856.815,13.027
37856.913,12.873
37856.989,12.933
37857.123,13.007
37857.222,13.093
37857.298,12.927
37857.429,13.04
37857.527,12.82
37857.636,12.907
37857.763,13.093
37857.837,13.0
37857.935,12.92
37858.040,12.947
37858.141,12.973
37858.192,13.027
37858.347,13.027
37858.407,12.94
37858.486,12.953
37858.587,12.913
37858.696,13.02
37858.782,12.933
37858.897,13.053
37858.988,12.867
37859.087,13.067
37859.197,12.933
37859.295,12.96
37859.466,12.873
37859.489,12.953
37859.587,12.893
37859.679,13.04
37859.780,13.007
37859.876,12.98
37859.976,12.853
37860.094,12.98
37860.190,12.88
37860.300,13.013
37860.403,12.993
37860.500,12.947
37860.592,12.993
37860.711,12.873
37860.915,12.907
37860.918,12.92
37861.035,12.9
37861.119,12.96
37861.216,12.96
37861.315,12.92
37861.402,12.927
37861.518,13.013
37861.623,12.927
37861.726,13.007
37861.771,12.913
37861.923,12.96
37862.033,12.88
37862.145,12.973
37862.179,12.933
37862.270,12.933
37862.368,12.86
37862.472,13.04
37862.572,13.007
37862.672,13.027
37862.772,12.893
37862.873,12.993
37862.986,12.907
37863.087,12.933
37863.182,12.853
37863.288,12.953
37863.393,13.0
37863.476,13.047
37863.581,12.82
37863.670,12.96
37863.766,12.9
37863.876,12.947
37863.978,12.967
37864.082,12.96
37864.179,12.967
37864.277,12.94
37864.386,12.9
37864.483,12.92
37864.577,12.933
37864.711,12.927
37864.783,12.973
37864.902,12.907
37864.998,13.02
37865.089,13.013
37865.212,13.02
37865.309,12.947
37865.407,13.073
37865.513,12.88
37865.611,12.98
37865.702,12.86
37865.812,12.987
37865.923,12.973
37866.018,12.967
37866.071,12.953
37866.224,12.98
37866.275,12.947
37866.368,12.873
37866.466,12.993
37866.574,12.84
37866.674,12.9
37916.768,12.933
37916.866,12.927
37916.957,12.953
37917.052,12.94
37917.174,12.96
37917.256,12.88
37917.376,12.9
37917.452,13.007
37917.550,13.007
37917.655,12.953
37917.763,13.027
37917.861,12.933
37917.967,12.967
37918.070,12.88
37918.170,12.973
37918.253,12.987
37918.383,13.007
37918.462,12.913
37918.584,12.82
37918.687,12.96
37918.795,12.947
37918.893,12.94
37918.989,12.86
37919.082,12.94
37919.185,12.96
37919.305,13.007
37919.402,13.0
37919.498,12.967
37919.601,12.807
37919.652,12.953
37919.744,12.94
37919.856,12.947
37919.954,12.967
37920.059,13.087
37920.147,12.907
37920.246,12.913
37920.347,12.947
37920.447,12.873
37920.548,12.92
37920.658,12.98
37920.756,12.907
37920.851,12.94
37920.957,12.953
37921.052,12.953
37921.150,12.907
37921.248,12.973
37921.359,12.8
37921.457,12.92
37921.559,12.947
37921.662,12.913
37921.746,12.867
37921.849,12.94
37921.956,12.84
37922.059,12.907
37922.145,12.987
37922.273,13.067
37922.369,12.913
37922.496,13.0
37922.567,12.98
37922.674,13.047
37922.817,13.007
37922.890,12.927
37923.022,12.9
37923.094,13.02
37923.207,12.907
37923.302,12.893
37923.398,13.04
37923.501,12.86
37923.601,12.967
37923.706,12.893
37923.734,12.873
37923.832,13.073
37923.942,13.073
37924.043,13.013
37924.138,12.98
37924.320,12.967
37924.348,12.913
37924.447,12.98
37924.549,12.927
37924.633,12.967
37924.738,13.013
37924.866,12.907
37924.940,12.927
37925.069,12.927
37925.148,13.013
37925.275,12.987
37925.369,12.887
37925.457,13.013
37925.533,12.987
37925.633,12.973
37925.734,12.973
37925.842,13.013
37925.946,13.04
37926.048,12.967
37926.126,12.953
37926.231,12.947
37926.342,12.887
37926.472,13.027
37926.577,13.013
37926.675,13.007
37976.773,12.887
37976.881,12.867
37976.983,13.12
37977.084,12.947
37977.204,13.0
37977.266,13.147
37977.391,13.12
37977.496,12.973
37977.523,12.987
37977.638,12.96
37977.739,12.927
37977.834,12.86
37977.939,12.807
37978.033,12.947
37978.131,13.0
37978.236,12.94
37978.337,12.92
37978.425,12.9
37978.522,12.873
37978.619,13.0
37978.724,12.853
37978.824,12.913
37978.927,12.86
37979.043,12.94
37979.133,12.973
37979.231,12.933
37979.347,12.953
37979.454,12.973
37979.554,12.98
37979.650,13.06
37979.748,13.02
37979.849,12.96
37979.952,12.94
37980.055,12.887
37980.145,12.953
37980.260,13.067
37980.322,12.933
37980.424,12.94
37980.557,12.907
37980.631,12.987
37980.738,12.9
37980.814,12.887
37980.972,12.893
37981.071,12.747
37981.173,13.027
37981.292,13.033
37981.320,13.087
37981.415,12.94
37981.521,12.873
37981.614,12.88
37981.729,12.96
37981.824,12.86
37981.922,12.98
37982.025,12.967
37982.128,13.02
37982.233,12.947
37982.307,12.927
37982.418,13.04
37982.520,12.927
37982.616,13.013
37982.719,12.887
37982.827,12.927
37982.929,12.933
37983.023,12.953
37983.128,13.033
37983.239,12.887
37983.339,13.033
37983.452,12.88
37983.535,12.913
37983.657,12.913
37983.741,12.947
37983.819,12.953
37983.903,12.867
37984.008,12.847
37984.108,12.8
37984.212,12.933
37984.317,13.1
37984.418,12.98
37984.530,12.84
37984.603,12.893
37984.753,12.953
37984.805,12.96
37984.969,12.92
37984.998,12.927
37985.175,12.973
37985.207,12.967
37985.315,13.087
37985.410,13.033
37985.511,12.907
37985.702,12.927
37985.704,12.927
37985.798,12.98
37985.895,12.933
37986.025,12.987
37986.094,12.987
37986.199,13.007
37986.302,12.987
37986.408,12.913
37986.508,13.06
37986.609,12.893
35876.712,12.907
35876.812,12.9
35876.915,13.007
35877.016,12.98
35877.126,12.933
35877.219,13.0
35877.324,12.9
35877.427,13.113
35877.540,13.007
35877.635,12.96
35877.734,12.927
35877.831,12.953
35877.910,12.987
35878.049,12.94
35878.099,13.0
35878.206,12.96
35878.305,12.98
35878.405,13.04
35878.513,12.933
35878.597,13.027
35878.699,12.933
35878.797,12.927
35878.900,12.973
35878.989,12.88
35879.160,12.92
35879.187,12.947
35879.307,12.953
35879.400,13.033
35879.498,12.987
35879.594,12.993
35879.697,12.953
35879.785,13.047
35879.886,13.06
35880.003,12.913
35880.111,12.92
35880.201,13.047
35880.305,12.96
35880.400,13.053
35880.510,12.94
35880.611,12.94
35880.709,12.987
35880.815,12.9
35880.918,12.913
35881.021,12.953
35881.118,12.92
35881.217,12.953
35881.319,13.0
35881.423,13.013
35881.538,12.94
35881.626,13.0
35881.729,13.067
35881.826,13.047
35881.903,12.887
35882.037,12.98
35882.138,12.993
35882.239,12.92
35882.342,13.013
35882.446,12.9
35882.548,12.94
35882.577,12.98
35882.673,13.047
35882.777,12.967
35882.888,13.033
35883.057,13.04
35883.094,13.007
35883.190,12.867
35883.288,12.92
35883.375,12.98
35883.494,12.873
35883.571,12.993
35883.675,12.853
35883.785,12.927
35883.885,12.993
35883.981,12.94
35884.111,12.98
35884.185,12.84
35884.288,12.887
35884.375,13.067
35884.476,12.907
35884.584,12.867
35884.707,12.987
35884.773,13.0
35884.876,12.953
35884.998,12.893
35885.108,13.027
35885.212,12.98
35885.319,13.08
35885.415,12.973
35885.518,12.967
35885.623,12.927
35885.729,12.94
35885.824,12.84
35885.923,12.847
35886.042,12.94
35886.072,13.007
35886.174,12.853
35886.278,13.027
35886.447,12.893
35886.474,12.94
35886.571,12.987
35886.685,12.967
35936.773,13.02
35936.876,13.053
35936.974,12.98
35937.077,13.007
35937.174,13.007
35937.266,12.9
35937.359,12.953
35937.464,13.013
35937.565,12.927
35937.668,12.927
35937.787,12.94
35937.878,13.0
35937.984,13.013
35938.079,12.92
35938.199,12.913
35938.290,12.96
35938.388,12.953
35938.494,12.92
35938.589,12.947
35938.670,13.06
35938.777,12.987
35938.859,13.027
35938.964,13.02
35939.065,13.033
35939.172,13.007
35939.300,12.973
35939.398,12.927
35939.511,12.933
35939.623,13.053
35939.716,13.0
35939.812,13.007
35939.920,13.053
35940.010,12.987
35940.128,12.887
35940.157,12.92
35940.255,12.913
35940.359,12.773
35940.459,12.92
35940.559,12.927
35940.660,12.927
35940.765,12.893
35940.871,12.98
35940.969,12.94
35941.050,12.993
35941.163,12.84
35941.263,13.053
35941.359,12.967
35941.461,12.92
35941.559,13.02
35941.662,12.88
35941.773,13.0
35941.871,12.88
35941.967,12.927
35942.089,12.993
35942.163,12.947
35942.288,13.02
35942.383,13.067
35942.462,13.027
35942.584,12.933
35942.643,12.947
35942.746,13.02
35942.851,12.907
35942.957,12.98
35943.062,12.927
35943.167,13.007
35943.299,13.027
35943.342,12.893
35943.503,13.067
35943.598,13.02
35943.709,12.98
35943.805,12.913
35943.905,12.96
35943.957,13.02
35944.055,12.933
35944.148,12.9
35944.246,13.013
35944.349,12.913
35944.440,12.973
35944.560,12.993
35944.660,12.993
35944.768,12.973
35944.837,13.027
35944.940,13.007
35945.040,12.94
35945.143,12.813
35945.244,12.993
35945.348,12.973
35945.459,13.007
35945.560,12.94
35945.660,12.967
35945.765,12.98
35945.871,12.88
35945.969,13.073
35946.098,13.007
35946.170,12.867
35946.260,12.9
35946.381,12.88
35946.476,12.92
35946.577,12.933
35946.679,12.967
35996.783,12.933
35996.881,12.927
35996.986,13.027
35997.087,13.027
35997.199,12.973
35997.293,12.94
35997.408,12.933
35997.437,12.847
35997.535,13.04
35997.630,12.973
35997.731,13.02
35997.837,12.907
35997.940,12.913
35998.038,12.86
35998.143,12.973
35998.243,12.913
35998.344,12.913
35998.444,12.873
35998.533,12.887
35998.658,13.08
35998.729,13.06
35998.832,12.893
35998.932,13.0
35999.035,12.953
35999.136,12.913
35999.248,13.02
35999.342,12.86
35999.437,12.96
35999.545,13.02
35999.660,12.96
35999.756,12.907
35999.854,12.867
35999.964,12.813
36000.060,12.927
36000.145,12.94
36000.226,12.967
36000.327,12.953
36000.427,12.987
36000.538,13.053
36000.690,12.94
36000.741,12.96
36000.851,12.887
36000.972,12.887
36001.060,12.967
36001.184,12.84
36001.282,12.96
36001.331,12.907
36001.483,12.967
36001.535,13.0
36001.621,12.927
36001.719,12.907
36001.817,12.847
36001.920,12.927
36002.016,12.967
36002.119,13.073
36002.217,12.953
36002.319,12.98
36002.415,13.007
36002.528,13.0
36002.626,12.967
36002.729,13.033
36002.827,12.907
36002.925,12.98
36003.035,13.0
36003.140,12.86
36003.231,12.907
36003.334,12.947
36003.442,13.013
36003.538,12.933
36003.648,12.88
36003.744,12.987
36003.848,12.913
36003.954,12.92
36004.050,12.88
36004.153,12.987
36004.256,13.02
36004.390,12.913
36004.464,12.853
36004.564,12.927
36004.667,12.913
36004.707,12.967
36004.873,12.847
36004.974,12.94
36005.074,12.967
36005.179,13.013
36005.288,12.98
36005.386,12.96
36005.424,13.047
36005.511,12.88
36005.609,12.847
36005.714,13.033
36005.817,13.007
36005.910,12.973
36006.023,12.92
36006.119,13.013
36006.207,12.827
36006.304,12.913
36006.424,13.013
36006.528,12.873
36006.614,13.02
36056.712,12.94
36056.817,12.927
36056.920,12.953
36057.027,12.947
36057.123,12.947
36057.226,12.987
36057.332,13.013
36057.430,12.927
36057.533,12.84
36057.630,13.007
36057.739,12.847
36057.839,12.86
36057.947,12.993
36058.050,13.0
36058.147,12.993
36058.248,13.027
36058.366,12.947
36058.397,12.94
36058.500,13.007
36058.598,13.013
36058.702,12.96
36058.804,12.94
36058.903,12.933
36059.000,13.007
36059.101,12.88
36059.199,12.927
36059.305,12.94
36059.405,13.0
36059.515,12.967
36059.614,12.933
36059.717,13.02
36059.802,12.92
36059.915,12.833
36059.998,12.793
36060.103,12.947
36060.202,13.047
36060.327,13.013
36060.410,13.0
36060.508,12.907
36060.640,12.993
36060.711,12.94
36060.819,12.98
36060.940,13.013
36061.027,12.92
36061.123,12.867
36061.219,12.853
36061.324,12.913
36061.425,12.88
36061.521,13.06
36061.631,13.04
36061.743,12.96
36061.839,12.953
36061.937,12.907
36062.042,13.007
36062.141,12.96
36062.243,12.953
36062.344,13.047
36062.452,12.953
36062.584,12.96
36062.586,12.887
36062.775,13.0
36062.793,12.98
36062.961,12.907
36062.989,12.973
36063.089,13.087
36063.189,12.973
36063.292,12.887
36063.393,12.873
36063.510,13.107
36063.603,12.873
36063.699,12.953
36063.804,12.847
36063.888,12.973
36063.988,12.88
36064.089,12.88
36064.190,12.973
36064.300,12.947
36064.402,12.867
36064.479,12.813
36064.589,12.94
36064.721,12.98
36064.792,12.847
36064.883,12.927
36065.023,12.987
36065.094,13.04
36065.219,13.053
36065.315,13.007
36065.418,12.987
36065.513,12.92
36065.586,12.847
36065.726,12.993
36065.827,12.873
36065.925,12.86
36065.974,13.007
36066.138,12.927
36066.239,13.06
36066.339,12.92
36066.451,12.967
36066.545,12.947
36066.572,12.933
36116.750,13.02
36116.778,13.007
36116.886,12.807
36116.984,12.953
36117.089,13.04
36117.187,12.913
36117.273,13.0
36117.393,12.967
36117.489,12.973
36117.592,12.887
36117.677,12.967
36117.783,12.913
36117.878,12.987
36117.989,12.927
36118.113,12.96
36118.192,12.987
36118.293,13.007
36118.410,13.067
36118.474,12.953
36118.579,12.98
36118.699,12.913
36118.785,12.933
36118.869,13.053
36118.991,13.047
36119.084,12.9
36119.207,12.92
36119.300,12.9
36119.434,12.973
36119.508,13.053
36119.609,13.007
36119.712,13.0
36119.829,12.92
36119.925,12.98
36120.020,12.993
36120.128,13.013
36120.170,13.04
36120.268,12.993
36120.430,13.027
36120.538,12.987
36120.567,12.987
36120.665,12.913
36120.766,12.88
36120.883,12.92
36120.981,12.973
36121.079,12.92
36121.175,12.96
36121.273,13.02
36121.381,12.927
36121.461,13.013
36121.596,12.973
36121.665,12.907
36121.768,12.907
36121.869,13.007
36121.969,13.027
36122.076,13.0
36122.175,13.04
36122.280,12.873
36122.388,12.94
36122.483,12.873
36122.587,12.947
36122.697,13.0
36122.790,12.947
36122.871,12.94
36122.974,12.873
36123.109,12.913
36123.160,12.987
36123.266,12.993
36123.373,13.027
36123.478,12.927
36123.599,13.053
36123.692,13.04
36123.815,12.96
36123.910,12.94
36123.961,12.96
36124.059,13.067
36124.229,13.033
36124.256,12.96
36124.354,12.947
36124.462,12.94
36124.565,13.013
36124.660,13.047
36124.766,13.007
36124.871,12.98
36124.949,12.9
36125.067,12.967
36125.170,12.927
36125.272,12.987
36125.383,12.847
36125.457,12.84
36125.550,12.94
36125.660,12.86
36125.760,12.94
36125.864,12.913
36125.967,12.887
36126.104,12.887
36126.177,12.893
36126.273,12.94
36126.376,12.867
36126.508,12.933
36126.579,12.853
36126.687,12.867
36176.785,12.84
36176.888,12.84
36176.989,12.893
36177.109,12.92
36177.195,12.933
36177.298,12.933
36177.400,12.98
36177.476,12.993
36177.562,13.013
36177.663,13.053
36177.765,12.98
36177.842,12.993
36177.940,13.027
36178.043,13.0
36178.148,13.0
36178.285,13.02
36178.358,12.887
36178.457,12.953
36178.596,12.987
36178.646,12.94
36178.746,12.9
36178.849,12.92
36178.947,12.96
36179.060,12.893
36179.155,13.02
36179.275,12.893
36179.356,12.913
36179.452,12.907
36179.549,12.987
36179.647,12.933
36179.751,12.933
36179.846,12.927
36179.964,12.933
36180.050,13.06
36180.160,12.927
36180.256,13.007
36180.354,13.087
36180.466,13.013
36180.591,12.933
36180.660,13.007
36180.783,13.027
36180.866,12.993
36180.989,12.907
36181.087,12.987
36181.195,12.98
36181.290,13.007
36181.388,12.927
36181.437,12.867
36181.587,12.947
36181.638,12.98
36181.731,13.0
36181.829,12.933
36181.932,12.887
36182.028,13.067
36182.128,12.953
36182.229,12.907
36182.351,13.06
36182.446,13.14
36182.548,13.007
36182.646,13.04
36182.741,12.947
36182.841,12.953
36182.947,12.953
36183.033,12.927
36183.143,13.02
36183.229,12.947
36183.329,12.933
36183.437,12.98
36183.530,12.973
36183.625,12.933
36183.739,12.947
36183.836,13.04
36183.954,12.96
36184.049,13.107
36184.160,12.853
36184.256,12.96
36184.353,13.0
36184.459,12.893
36184.569,13.087
36184.663,12.933
36184.761,12.92
36184.871,12.947
36184.967,12.933
36185.018,12.98
36185.192,12.933
36185.283,12.947
36185.381,12.927
36185.430,12.907
36185.522,12.913
36185.623,12.907
36185.722,12.927
36185.817,12.947
36185.929,13.013
36186.037,13.0
36186.135,12.96
36186.231,12.98
36186.322,12.967
36186.420,12.98
36186.516,12.973
36186.633,12.92
36476.731,12.967
36476.832,12.947
36476.930,12.973
36477.032,12.88
36477.111,12.98
36477.216,12.947
36477.317,13.027
36477.442,13.007
36477.527,12.94
36477.635,12.913
36477.731,13.033
36477.836,12.987
36477.912,12.853
36478.013,12.973
36478.136,13.073
36478.244,12.9
36478.327,13.1
36478.447,13.013
36478.565,12.887
36478.658,12.813
36478.755,12.967
36478.869,12.967
36478.913,12.887
36479.072,13.06
36479.165,12.907
36479.280,12.947
36479.310,13.047
36479.405,12.98
36479.525,12.98
36479.628,12.887
36479.709,12.967
36479.805,13.007
36479.927,12.98
36480.008,12.893
36480.106,12.88
36480.224,12.913
36480.341,12.96
36480.422,13.053
36480.522,13.007
36480.643,12.907
36480.709,12.933
36480.819,12.96
36480.940,13.0
36481.011,12.953
36481.109,12.873
36481.209,13.073
36481.332,12.893
36481.440,13.013
36481.530,12.92
36481.613,13.0
36481.734,13.007
36481.851,12.927
36481.925,12.907
36482.045,12.94
36482.099,12.913
36482.199,13.0
36482.300,13.027
36482.402,13.033
36482.518,13.027
36482.657,13.02
36482.709,12.967
36482.807,12.98
36482.910,12.96
36483.001,13.067
36483.158,12.84
36483.211,12.927
36483.302,12.953
36483.402,12.973
36483.500,13.06
36483.614,12.98
36483.712,12.947
36483.812,12.88
36483.910,12.9
36484.013,12.853
36484.104,12.887
36484.201,12.947
36484.300,12.953
36484.427,12.887
36484.503,12.887
36484.592,12.987
36484.712,12.88
36484.795,12.967
36484.903,12.84
36485.001,12.887
36485.116,12.933
36485.207,12.933
36485.307,12.96
36485.410,13.013
36485.508,13.02
36485.628,13.02
36485.704,12.973
36485.802,12.973
36485.900,12.927
36486.042,12.887
36486.141,12.933
36486.190,12.947
36486.336,12.927
36486.386,12.993
36486.548,12.867
36486.587,12.973
36536.736,12.893
36536.788,12.807
36536.891,12.96
36537.000,12.987
36537.101,13.047
36537.187,12.98
36537.285,12.973
36537.388,13.007
36537.489,13.007
36537.591,12.927
36537.689,12.96
36537.804,13.04
36537.900,12.84
36538.000,12.853
36538.099,13.0
36538.219,12.927
36538.290,12.867
36538.388,13.06
36538.494,13.073
36538.596,12.953
36538.692,13.0
36538.790,12.993
36538.903,12.927
36539.006,13.033
36539.106,12.98
36539.211,12.94
36539.307,12.86
36539.420,12.873
36539.525,12.913
36539.619,12.847
36539.726,12.913
36539.824,12.94
36540.032,12.907
36540.033,12.893
36540.131,13.0
36540.236,12.92
36540.336,13.013
36540.439,13.047
36540.540,12.933
36540.626,12.967
36540.673,12.96
36540.775,12.953
36540.876,12.967
36540.996,12.86
36541.077,12.98
36541.192,12.9
36541.271,13.0
36541.386,12.913
36541.488,12.933
36541.584,12.987
36541.685,12.96
36541.775,13.067
36541.873,13.027
36541.969,12.947
36542.069,12.913
36542.170,12.98
36542.290,12.84
36542.386,12.96
36542.489,12.973
36542.586,12.98
36542.680,12.907
36542.834,13.013
36542.900,13.013
36542.998,12.927
36543.101,12.973
36543.204,12.98
36543.315,13.04
36543.410,12.94
36543.511,12.927
36543.614,12.953
36543.717,13.0
36543.817,13.067
36543.935,13.027
36544.025,12.88
36544.125,12.867
36544.228,12.873
36544.348,12.927
36544.373,13.027
36544.535,12.913
36544.562,12.86
36544.670,12.853
36544.777,12.747
36544.875,12.853
36544.972,12.86
36545.062,13.0
36545.160,12.913
36545.278,13.04
36545.381,12.96
36545.479,12.947
36545.576,12.913
36545.679,12.953
36545.773,12.927
36545.873,12.887
36545.971,12.84
36546.074,12.927
36546.185,12.967
36546.260,13.007
36546.361,12.987
36546.467,12.82
36546.576,13.093
36546.655,13.087
36596.777,12.993
36596.875,12.873
36596.986,13.0
36597.086,13.0
36597.179,12.993
36597.287,12.953
36597.383,12.94
36597.503,12.927
36597.611,12.987
36597.701,12.98
36597.821,13.007
36597.913,13.06
36598.022,13.02
36598.052,13.173
36598.239,12.947
36598.315,12.98
36598.420,13.0
36598.461,12.873
36598.559,12.927
36598.653,12.867
36598.766,12.84
36598.864,12.833
36598.962,12.953
36599.082,12.927
36599.155,12.907
36599.253,12.953
36599.349,12.96
36599.449,12.88
36599.560,12.88
36599.658,13.033
36599.756,13.02
36599.861,12.933
36599.959,12.887
36600.059,12.887
36600.184,13.0
36600.272,12.953
36600.371,12.973
36600.469,12.92
36600.550,12.867
36600.685,12.96
36600.780,12.98
36600.878,12.973
36600.988,13.02
36601.082,12.92
36601.177,12.853
36601.287,13.013
36601.398,12.96
36601.494,12.853
36601.545,12.94
36601.697,12.953
36601.790,12.98
36601.842,12.94
36601.937,12.987
36602.045,12.987
36602.145,12.993
36602.241,12.947
36602.344,12.993
36602.452,12.913
36602.555,12.887
36602.658,12.873
36602.756,13.047
36602.842,12.92
36602.940,12.887
36603.049,12.813
36603.170,12.98
36603.236,13.0
36603.358,13.067
36603.454,12.887
36603.535,12.84
36603.633,12.887
36603.753,12.867
36603.859,12.887
36603.947,12.907
36604.049,12.92
36604.167,12.987
36604.270,12.987
36604.366,12.927
36604.464,12.927
36604.560,13.0
36604.663,12.893
36604.760,13.013
36604.883,13.093
36604.959,12.96
36605.067,12.88
36605.189,13.053
36605.285,12.987
36605.331,13.067
36605.425,12.873
36605.594,12.88
36605.628,12.933
36605.788,12.913
36605.841,12.88
36605.935,12.927
36606.032,12.953
36606.131,13.0
36606.234,12.993
36606.331,12.933
36606.432,12.96
36606.543,12.913
36606.641,12.927
36656.748,12.98
36656.846,12.827
36656.942,12.92
36657.043,12.973
36657.138,12.953
36657.236,12.873
36657.332,12.967
36657.430,12.967
36657.533,13.02
36657.647,13.0
36657.741,12.933
36657.839,12.873
36657.945,13.08
36658.042,12.86
36658.141,12.933
36658.270,13.013
36658.324,12.96
36658.425,13.007
36658.533,13.04
36658.653,12.993
36658.741,12.98
36658.861,12.947
36658.949,12.933
36659.074,12.927
36659.170,12.913
36659.224,13.0
36659.315,12.987
36659.420,12.907
36659.516,12.9
36659.682,12.933
36659.783,12.9
36659.834,12.98
36659.929,12.993
36660.027,13.007
36660.130,12.94
36660.226,12.96
36660.327,12.953
36660.427,13.047
36660.518,12.907
36660.614,12.733
36660.734,12.9
36660.842,12.987
36660.952,12.887
36661.025,13.007
36661.121,12.927
36661.212,12.967
36661.324,13.013
36661.422,12.913
36661.542,13.067
36661.621,13.073
36661.741,13.047
36661.837,12.947
36661.945,12.953
36662.030,13.033
36662.150,13.02
36662.246,13.013
36662.354,13.047
36662.412,13.013
36662.522,13.067
36662.623,12.827
36662.729,12.947
36662.805,12.927
36662.905,12.993
36663.008,13.053
36663.165,12.973
36663.251,12.993
36663.305,12.8
36663.483,13.007
36663.511,12.987
36663.606,12.967
36663.704,12.953
36663.805,13.04
36663.907,12.84
36664.003,12.887
36664.125,12.927
36664.221,13.033
36664.317,12.893
36664.420,13.0
36664.516,13.06
36664.606,12.907
36664.701,12.92
36664.800,12.907
36664.946,12.853
36665.018,12.88
36665.114,12.953
36665.212,12.9
36665.320,13.007
36665.415,13.007
36665.535,12.947
36665.619,12.94
36665.733,13.093
36665.832,12.92
36665.922,12.953
36666.030,12.853
36666.126,12.96
36666.246,12.867
36666.378,12.887
36666.449,12.907
36666.508,12.987
36666.618,12.913
36666.695,12.98
36716.821,12.993
36716.898,13.0
36717.032,12.993
36717.092,12.907
36717.204,13.107
36717.314,12.953
36717.420,13.0
36717.505,12.96
36717.591,12.993
36717.697,12.973
36717.795,13.033
36717.903,12.98
36718.003,12.893
36718.106,13.053
36718.190,12.927
36718.295,13.0
36718.393,12.94
36718.489,12.847
36718.604,12.993
36718.699,12.907
36718.798,13.027
36718.891,12.907
36718.994,12.867
36719.111,12.98
36719.209,12.913
36719.293,12.947
36719.403,12.953
36719.523,12.973
36719.619,12.907
36719.731,12.873
36719.827,12.987
36719.925,12.887
36720.028,12.947
36720.140,13.013
36720.236,12.94
36720.332,13.04
36720.440,13.0
36720.493,12.973
36720.646,12.807
36720.765,12.973
36720.783,13.0
36720.947,13.027
36721.045,12.993
36721.098,12.947
36721.192,12.953
36721.288,12.913
36721.383,12.987
36721.500,12.987
36721.603,13.013
36721.699,12.92
36721.795,12.973
36721.890,12.973
36721.989,12.867
36722.084,12.933
36722.187,12.933
36722.278,12.893
36722.381,13.04
36722.479,12.953
36722.601,12.9
36722.690,12.98
36722.787,12.953
36722.876,13.127
36722.988,13.013
36723.108,12.92
36723.207,12.98
36723.336,12.96
36723.398,12.913
36723.518,12.92
36723.614,13.06
36723.704,12.967
36723.817,13.007
36723.915,12.907
36724.013,12.98
36724.072,12.967
36724.234,12.893
36724.329,12.893
36724.439,12.853
36724.533,13.013
36724.631,12.967
36724.684,13.067
36724.775,12.987
36724.875,12.953
36724.974,13.047
36725.070,13.067
36725.175,13.0
36725.292,12.973
36725.386,12.947
36725.484,12.907
36725.587,12.94
36725.674,12.987
36725.770,12.947
36725.871,12.927
36725.981,12.933
36726.084,13.033
36726.165,12.967
36726.275,13.04
36726.378,12.913
36726.474,13.033
36726.582,13.1
36726.684,12.973
36776.782,13.013
36776.878,12.873
36777.011,12.82
36777.101,13.06
36777.197,12.947
36777.295,13.08
36777.390,13.007
36777.518,12.933
36777.616,13.107
36777.714,12.84
36777.815,12.933
36777.912,12.993
36777.964,13.027
36778.114,13.04
36778.163,12.933
36778.326,12.933
36778.425,12.9
36778.525,13.06
36778.577,13.06
36778.668,12.953
36778.766,12.98
36778.873,12.893
36778.974,12.96
36779.071,12.84
36779.170,13.027
36779.258,12.987
36779.378,12.98
36779.456,12.86
36779.584,12.913
36779.672,12.907
36779.766,12.953
36779.863,12.9
36779.959,12.847
36780.062,12.967
36780.160,13.0
36780.261,13.033
36780.364,12.987
36780.462,12.88
36780.565,12.913
36780.685,12.987
36780.773,13.0
36780.856,13.0
36780.956,13.013
36781.098,12.96
36781.160,12.973
36781.261,13.033
36781.369,12.913
36781.491,12.987
36781.576,13.08
36781.699,13.0
36781.790,12.987
36781.856,13.12
36782.006,13.053
36782.059,12.94
36782.157,13.027
36782.255,13.013
36782.354,12.973
36782.449,12.98
36782.548,12.98
36782.648,12.893
36782.748,13.027
36782.844,12.887
36782.959,12.927
36783.062,12.933
36783.160,12.88
36783.260,12.967
36783.348,12.927
36783.445,13.0
36783.543,13.0
36783.650,12.907
36783.746,12.953
36783.864,12.98
36783.962,12.913
36784.062,12.96
36784.158,12.953
36784.260,12.96
36784.363,12.893
36784.476,12.967
36784.569,12.893
36784.665,13.033
36784.773,12.967
36784.893,13.053
36784.989,13.027
36785.098,12.92
36785.187,13.04
36785.282,13.04
36785.376,12.92
36785.479,12.94
36785.601,13.033
36785.697,12.993
36785.793,12.96
36785.900,13.02
36785.962,13.02
36786.040,13.0
36786.150,12.973
36786.246,12.927
36786.349,12.887
36786.451,12.893
36786.611,13.0
36786.638,13.007
37076.743,12.973
37076.851,12.98
37076.935,12.933
37077.050,12.907
37077.153,12.98
37077.246,12.987
37077.347,12.947
37077.442,12.9
37077.540,13.033
37077.635,12.967
37077.741,12.94
37077.841,12.887
37077.937,12.873
37078.035,13.087
37078.143,13.007
37078.263,12.927
37078.361,12.887
37078.496,13.007
37078.569,12.887
37078.663,13.06
37078.773,12.933
37078.864,13.02
37078.962,12.967
37079.082,12.933
37079.182,12.993
37079.280,12.887
37079.376,12.967
37079.427,12.867
37079.532,12.847
37079.690,12.88
37079.788,12.907
37079.839,12.973
37079.957,12.833
37080.033,12.853
37080.135,12.927
37080.243,12.953
37080.324,12.9
37080.427,12.9
37080.525,12.927
37080.631,13.02
37080.729,12.907
37080.839,13.007
37080.937,12.893
37081.043,12.96
37081.143,13.0
37081.243,13.027
37081.344,13.06
37081.432,13.047
37081.530,12.987
37081.623,12.873
37081.726,13.053
37081.844,12.9
37081.944,12.92
37082.043,12.94
37082.148,12.987
37082.265,12.967
37082.364,12.973
37082.452,12.933
37082.560,12.913
37082.657,12.907
37082.778,12.873
37082.863,12.88
37082.966,13.073
37083.040,12.987
37083.180,12.98
37083.263,12.92
37083.383,13.127
37083.479,12.993
37083.570,12.973
37083.621,13.0
37083.717,12.947
37083.883,12.94
37083.917,12.907
37084.028,12.907
37084.126,12.953
37084.223,12.98
37084.334,12.92
37084.432,12.987
37084.535,12.94
37084.653,13.053
37084.724,13.007
37084.826,12.94
37084.927,12.993
37085.018,12.98
37085.131,12.967
37085.214,13.053
37085.314,12.967
37085.430,13.013
37085.521,12.953
37085.630,12.907
37085.726,13.02
37085.824,13.067
37085.945,12.993
37086.052,13.007
37086.138,12.933
37086.233,13.027
37086.354,13.047
37086.452,12.92
37086.559,12.993
37086.653,12.84
37136.751,13.067
37136.856,13.0
37136.924,12.907
37137.008,12.913
37137.173,13.027
37137.268,12.987
37137.364,12.94
37137.418,12.973
37137.510,12.92
37137.616,12.967
37137.712,12.967
37137.807,12.86
37137.930,12.847
37138.006,12.98
37138.106,12.927
37138.202,12.913
37138.327,13.04
37138.408,12.967
37138.506,12.94
37138.623,12.873
37138.717,12.933
37138.837,12.82
37138.910,12.993
37139.023,13.047
37139.101,12.973
37139.219,12.987
37139.315,12.893
37139.430,12.913
37139.508,12.833
37139.631,12.96
37139.721,13.0
37139.864,12.92
37139.920,12.96
37140.003,12.86
37140.111,12.947
37140.234,12.84
37140.315,12.94
37140.437,12.84
37140.542,12.82
37140.643,12.907
37140.694,12.933
37140.798,12.993
37140.900,12.967
37141.052,12.847
37141.131,12.913
37141.206,12.96
37141.361,13.0
37141.410,12.98
37141.503,13.0
37141.592,13.007
37141.702,12.98
37141.799,12.967
37141.896,12.973
37142.003,12.973
37142.111,12.953
37142.212,12.92
37142.310,12.827
37142.393,12.9
37142.513,12.927
37142.609,12.933
37142.707,12.96
37142.807,12.92
37142.905,12.973
37143.001,12.96
37143.104,12.967
37143.216,12.973
37143.312,12.847
37143.407,12.92
37143.516,12.987
37143.613,13.0
37143.707,12.96
37143.839,12.927
37143.930,12.967
37144.027,12.967
37144.123,12.88
37144.231,12.86
37144.344,12.96
37144.445,12.947
37144.540,12.907
37144.643,12.987
37144.739,12.887
37144.792,12.887
37144.881,13.127
37144.991,12.947
37145.089,12.947
37145.192,13.0
37145.354,13.053
37145.405,12.927
37145.496,12.967
37145.598,13.013
37145.701,12.953
37145.782,13.013
37145.881,12.953
37146.011,12.987
37146.087,12.933
37146.197,12.893
37146.297,12.94
37146.413,12.973
37146.479,12.913
37146.582,12.82
37146.682,12.84
37196.788,12.967
37196.891,13.0
37196.989,12.853
37197.077,12.98
37197.180,12.913
37197.304,12.907
37197.400,12.993
37197.515,13.06
37197.603,13.047
37197.723,12.913
37197.820,12.967
37197.927,12.867
37198.022,12.98
37198.119,12.94
37198.219,12.96
37198.273,12.98
37198.434,12.887
37198.530,13.027
37198.616,12.933
37198.682,12.973
37198.775,12.907
37198.873,12.907
37198.986,12.94
37199.084,13.0
37199.180,12.92
37199.282,12.933
37199.380,13.033
37199.478,12.94
37199.574,13.007
37199.679,12.953
37199.788,12.927
37199.869,12.967
37199.989,12.967
37200.087,12.96
37200.182,12.92
37200.285,12.96
37200.388,13.033
37200.478,12.84
37200.570,12.88
37200.673,12.907
37200.783,12.94
37200.881,12.967
37200.964,12.867
37201.086,12.927
37201.190,12.967
37201.300,12.92
37201.396,12.827
37201.491,12.88
37201.604,12.867
37201.699,12.907
37201.797,13.007
37201.925,12.933
37202.015,12.893
37202.067,12.947
37202.223,12.86
37202.312,12.92
37202.363,13.007
37202.527,12.953
37202.625,12.94
37202.660,13.1
37202.766,12.893
37202.864,12.987
37202.964,12.907
37203.074,12.753
37203.172,12.967
37203.266,12.953
37203.366,13.06
37203.459,12.993
37203.559,12.933
37203.680,12.953
37203.761,12.973
37203.875,12.993
37203.978,12.933
37204.097,12.873
37204.173,13.04
37204.270,12.987
37204.356,12.913
37204.496,12.98
37204.562,13.053
37204.665,12.907
37204.768,12.913
37204.863,12.86
37204.974,12.993
37205.074,12.98
37205.153,13.013
37205.260,12.96
37205.366,12.993
37205.486,13.013
37205.574,12.987
37205.677,12.953
37205.800,12.927
37205.903,12.84
37206.011,12.96
37206.108,13.033
37206.206,12.953
37206.258,13.02
37206.359,12.987
37206.452,13.02
37206.550,12.8
37206.701,12.94
37256.771,12.9
37256.866,12.927
37256.962,12.973
37257.070,12.867
37257.167,13.0
37257.263,12.993
37257.369,12.867
37257.472,12.92
37257.582,12.94
37257.680,12.933
37257.744,13.073
37257.864,13.16
37257.952,12.973
37258.048,12.953
37258.152,12.873
37258.251,12.973
37258.364,12.893
37258.462,13.007
37258.545,12.953
37258.670,13.027
37258.768,13.04
37258.854,12.973
37258.986,12.953
37259.082,13.053
37259.179,12.973
37259.273,12.867
37259.380,13.033
37259.501,12.88
37259.594,12.873
37259.682,13.06
37259.790,13.027
37259.844,12.967
37260.003,12.98
37260.045,13.0
37260.143,12.88
37260.239,12.927
37260.412,12.987
37260.457,12.9
37260.549,12.927
37260.647,12.86
37260.748,12.873
37260.848,12.98
37260.942,12.953
37261.045,12.993
37261.148,12.92
37261.244,12.987
37261.341,13.047
37261.442,12.98
37261.549,12.98
37261.645,12.96
37261.743,13.06
37261.839,12.987
37261.952,13.073
37262.049,13.027
37262.150,12.94
37262.251,12.973
37262.363,13.013
37262.459,12.947
37262.557,12.947
37262.660,12.893
37262.778,12.953
37262.875,12.913
37262.984,13.053
37263.074,12.887
37263.172,12.967
37263.266,12.9
37263.369,12.94
37263.491,13.04
37263.589,12.94
37263.685,13.04
37263.788,12.86
37263.891,12.907
37263.986,13.067
37264.038,13.02
37264.135,13.027
37264.236,12.953
37264.337,13.0
37264.474,12.953
37264.550,12.94
37264.631,12.893
37264.728,12.76
37264.846,12.88
37264.942,13.033
37265.038,13.12
37265.135,12.907
37265.234,12.927
37265.329,12.92
37265.427,12.98
37265.626,13.033
37265.630,12.92
37265.724,12.92
37265.846,12.993
37265.924,12.88
37266.030,12.887
37266.150,12.893
37266.246,13.007
37266.337,13.007
37266.459,12.947
37266.554,12.967
37266.660,13.027
37316.748,13.073
37316.871,12.873
37316.967,13.04
37317.072,13.053
37317.167,12.947
37317.231,12.92
37317.337,13.093
37317.418,12.867
37317.547,12.933
37317.621,12.987
37317.724,12.92
37317.878,12.913
37317.929,12.907
37318.035,12.887
37318.130,13.013
37318.229,13.0
37318.326,12.987
37318.422,12.973
37318.523,12.953
37318.621,13.0
37318.717,12.867
37318.839,12.847
37318.934,12.94
37319.030,13.04
37319.126,12.987
37319.231,12.92
37319.322,12.933
37319.422,13.02
37319.516,12.967
37319.616,12.967
37319.734,13.067
37319.832,12.993
37319.930,13.013
37320.037,13.033
37320.133,13.0
37320.234,12.98
37320.334,12.933
37320.434,13.04
37320.511,12.913
37320.614,12.887
37320.746,12.993
37320.822,12.927
37320.924,12.973
37321.027,12.887
37321.135,12.887
37321.212,12.927
37321.310,12.947
37321.408,13.0
37321.506,12.98
37321.616,12.853
37321.719,12.987
37321.805,12.907
37321.907,13.027
37322.008,12.98
37322.109,12.893
37322.207,12.947
37322.304,13.033
37322.425,12.887
37322.540,12.973
37322.611,12.973
37322.802,12.973
37322.802,13.013
37322.908,12.94
37323.016,12.893
37323.114,12.973
37323.207,12.993
37323.317,12.967
37323.417,13.02
37323.513,12.927
37323.608,13.013
37323.709,12.947
37323.831,12.953
37323.927,13.067
37324.010,13.02
37324.143,12.953
37324.241,12.967
37324.337,12.853
37324.446,12.933
37324.498,12.967
37324.601,13.087
37324.702,12.973
37324.836,13.0
37324.912,12.92
37325.015,12.92
37325.155,12.933
37325.224,12.967
37325.300,12.94
37325.407,13.06
37325.503,12.933
37325.660,12.993
37325.711,12.907
37325.802,13.027
37325.908,12.967
37326.003,12.913
37326.125,13.027
37326.214,12.907
37326.298,12.987
37326.396,12.987
37326.493,13.0
37326.606,13.013
37326.704,12.947
37376.800,13.0
37376.893,12.98
37376.994,12.86
37377.091,12.907
37377.209,12.94
37377.319,13.0
37377.397,13.007
37377.516,12.96
37377.613,13.027
37377.706,12.967
37377.826,12.953
37377.924,12.853
37378.016,12.907
37378.121,12.807
37378.216,13.047
37378.339,12.88
37378.430,12.893
37378.532,12.9
37378.626,12.987
37378.702,12.987
37378.788,12.907
37378.912,12.973
37378.989,12.887
37379.087,13.013
37379.212,13.047
37379.295,12.933
37379.390,12.887
37379.494,12.9
37379.592,12.933
37379.684,12.98
37379.780,12.873
37379.888,12.913
37380.016,12.96
37380.168,12.893
37380.196,12.92
37380.280,12.867
37380.400,12.967
37380.498,12.88
37380.626,12.86
37380.699,13.007
37380.790,12.98
37380.888,13.0
37380.993,12.9
37381.097,13.013
37381.192,12.94
37381.278,12.907
37381.380,12.933
37381.503,12.967
37381.599,12.953
37381.729,12.887
37381.817,12.973
37381.913,13.0
37382.013,12.913
37382.109,12.853
37382.209,12.913
37382.329,13.1
37382.427,13.02
37382.530,12.9
37382.631,12.993
37382.726,12.907
37382.782,12.94
37382.878,12.993
37382.976,13.013
37383.140,13.0
37383.241,12.96
37383.271,12.893
37383.395,13.067
37383.488,12.973
37383.587,12.94
37383.685,12.907
37383.790,12.98
37383.886,13.033
37383.974,12.94
37384.071,12.907
37384.192,12.947
37384.300,12.867
37384.385,12.873
37384.481,13.02
37384.581,12.927
37384.675,13.027
37384.782,12.98
37384.878,13.06
37384.974,13.033
37385.077,12.893
37385.196,12.92
37385.293,12.887
37385.403,12.953
37385.494,13.087
37385.596,13.013
37385.672,12.9
37385.814,12.873
37385.869,12.9
37385.979,12.987
37386.087,12.913
37386.195,12.94
37386.315,12.88
37386.366,12.96
37386.503,12.987
37386.570,13.02
37386.672,12.96
37676.763,12.993
37676.871,12.953
37676.972,12.967
37677.067,12.887
37677.165,13.013
37677.266,13.0
37677.371,12.947
37677.466,12.987
37677.562,13.0
37677.675,12.887
37677.772,13.007
37677.875,12.94
37677.974,12.927
37678.064,13.033
37678.162,12.92
37678.258,12.907
37678.378,12.953
37678.474,12.947
37678.572,12.967
37678.670,12.987
37678.778,12.987
37678.871,12.973
37678.969,13.007
37679.079,12.98
37679.190,13.007
37679.285,12.96
37679.386,12.86
37679.489,13.013
37679.582,13.027
37679.702,13.06
37679.812,12.913
37679.893,13.073
37680.011,13.033
37680.106,12.807
37680.197,12.913
37680.317,12.967
37680.413,12.96
37680.462,13.033
37680.618,12.967
37680.675,12.84
37680.760,12.907
37680.859,12.907
37680.967,12.787
37681.070,12.88
37681.150,12.947
37681.251,12.893
37681.349,12.94
37681.454,12.933
37681.555,12.933
37681.650,12.887
37681.768,13.0
37681.866,12.933
37681.954,12.913
37682.057,12.887
37682.155,12.88
37682.251,12.94
37682.386,12.973
37682.474,13.027
37682.554,12.92
37682.674,12.787
37682.766,12.947
37682.864,12.9
37682.988,12.947
37683.081,13.02
37683.190,12.973
37683.297,12.953
37683.386,12.953
37683.488,12.847
37683.597,12.873
37683.697,12.887
37683.795,12.947
37683.898,12.873
37683.994,12.987
37684.045,12.913
37684.223,12.913
37684.239,13.0
37684.405,13.007
37684.501,12.86
37684.554,12.973
37684.660,12.88
37684.751,12.907
37684.849,12.833
37684.957,12.947
37685.038,13.007
37685.158,12.967
37685.263,12.947
37685.349,12.973
37685.447,13.013
37685.550,12.893
37685.648,13.093
37685.736,12.933
37685.856,12.84
37685.937,12.947
37686.060,12.953
37686.147,12.867
37686.244,12.907
37686.351,12.853
37686.442,12.927
37686.555,12.84
37686.640,12.973
37736.758,12.933
37736.864,12.96
37736.962,12.993
37737.059,12.947
37737.163,12.927
37737.275,12.847
37737.373,13.007
37737.469,12.787
37737.574,12.967
37737.696,13.0
37737.793,12.933
37737.898,12.907
37737.937,12.993
37738.028,12.98
37738.128,12.947
37738.231,12.947
37738.334,12.88
37738.430,12.987
37738.530,12.88
37738.631,12.973
37738.748,13.073
37738.844,12.947
37738.940,12.98
37739.045,12.973
37739.141,12.913
37739.231,12.927
37739.329,12.913
37739.437,12.84
37739.535,12.967
37739.630,12.973
37739.734,12.9
37739.824,12.867
37739.944,12.913
37740.040,12.873
37740.147,12.88
37740.244,12.847
37740.339,12.947
37740.471,12.893
37740.560,12.98
37740.638,12.793
37740.744,12.953
37740.837,12.867
37740.930,13.013
37741.028,13.067
37741.128,12.947
37741.244,12.98
37741.364,12.867
37741.456,12.893
37741.579,12.987
37741.687,12.973
37741.783,12.907
37741.878,12.967
37741.984,12.993
37742.082,12.987
37742.133,12.953
37742.226,13.053
37742.332,12.853
37742.430,12.967
37742.533,12.98
37742.628,12.94
37742.719,12.907
37742.815,12.86
37742.937,12.987
37743.043,12.867
37743.128,12.973
37743.223,12.993
37743.321,12.973
37743.457,12.973
37743.530,12.953
37743.628,13.033
37743.724,12.947
37743.822,12.98
37743.918,12.867
37744.042,12.993
37744.146,12.947
37744.234,12.907
37744.332,12.987
37744.432,12.94
37744.582,12.913
37744.653,12.887
37744.709,13.0
37744.812,12.947
37744.920,12.927
37745.028,12.98
37745.131,12.987
37745.251,13.08
37745.339,12.987
37745.462,12.993
37745.511,13.067
37745.616,12.947
37745.712,12.933
37745.812,12.947
37745.907,12.96
37746.006,12.947
37746.128,12.927
37746.219,12.86
37746.317,12.78
37746.418,13.007
37746.523,12.987
37746.619,12.86
37796.719,12.927
37796.807,13.04
37796.903,13.013
37797.023,13.013
37797.109,12.873
37797.207,13.113
37797.305,13.0
37797.425,12.92
37797.523,12.967
37797.621,12.967
37797.717,12.993
37797.819,12.893
37797.918,13.027
37798.018,12.927
37798.126,12.893
37798.233,13.02
37798.300,13.007
37798.403,12.887
37798.508,12.92
37798.608,12.873
37798.717,13.027
37798.819,12.96
37798.967,13.033
37799.015,12.94
37799.135,12.913
37799.260,12.88
37799.358,12.913
37799.454,12.927
37799.505,13.053
37799.598,12.9
37799.778,12.887
37799.807,13.007
37799.902,13.0
37800.000,12.893
37800.113,12.993
37800.209,12.953
37800.305,12.993
37800.393,12.907
37800.508,13.033
37800.608,12.953
37800.707,13.047
37800.804,12.94
37800.902,12.927
37800.996,12.98
37801.094,12.927
37801.199,12.9
37801.297,12.907
37801.415,13.027
37801.496,12.933
37801.609,12.813
37801.706,12.867
37801.827,13.013
37801.908,13.14
37802.028,12.98
37802.125,12.96
37802.229,12.88
37802.304,12.933
37802.418,12.98
37802.538,12.787
37802.643,12.913
37802.692,12.9
37802.800,12.987
37802.903,13.047
37802.989,13.093
37803.111,12.833
37803.187,12.907
37803.290,12.833
37803.449,12.893
37803.500,12.96
37803.604,13.013
37803.699,13.02
37803.788,12.893
37803.885,12.993
37803.983,13.02
37804.091,12.887
37804.187,12.853
37804.302,12.867
37804.400,12.907
37804.479,12.933
37804.599,13.033
37804.696,12.92
37804.802,12.853
37804.891,13.007
37804.993,13.1
37805.089,12.953
37805.184,12.88
37805.304,13.06
37805.402,12.853
37805.498,12.967
37805.606,12.94
37805.707,12.853
37805.798,12.92
37805.907,12.9
37806.018,13.027
37806.116,12.927
37806.214,12.893
37806.317,12.947
37806.410,12.933
37806.533,13.093
37806.641,13.007
37856.731,13.0
37856.834,13.06
37856.932,12.953
37856.983,13.027
37857.079,13.047
37857.177,12.927
37857.275,12.9
37857.375,12.927
37857.484,13.007
37857.582,13.047
37857.680,12.993
37857.792,12.967
37857.888,12.86
37857.986,13.04
37858.111,12.96
37858.179,12.94
37858.280,12.933
37858.386,13.027
37858.478,12.993
37858.591,12.98
37858.679,12.993
37858.775,12.987
37858.888,12.973
37858.984,12.9
37859.079,12.973
37859.190,12.907
37859.283,12.96
37859.402,12.853
37859.498,12.987
37859.579,12.993
37859.714,12.98
37859.810,13.007
37859.903,12.96
37860.018,12.947
37860.114,13.007
37860.214,12.953
37860.315,12.973
37860.425,12.9
37860.525,12.947
37860.621,12.973
37860.728,12.807
37860.827,12.86
37860.923,12.953
37860.976,12.887
37861.074,13.02
37861.170,12.933
37861.266,12.86
37861.364,12.867
37861.476,12.967
37861.579,12.907
37861.679,12.927
37861.785,12.987
37861.866,12.867
37861.967,12.913
37862.062,12.9
37862.180,12.92
37862.275,12.967
37862.400,12.92
37862.464,12.873
37862.564,12.92
37862.663,12.973
37862.768,12.92
37862.913,12.953
37862.974,13.033
37863.077,13.02
37863.153,12.96
37863.280,12.9
37863.363,13.047
37863.486,12.893
37863.591,12.887
37863.692,13.047
37863.785,12.907
37863.908,12.993
37863.991,12.953
37864.103,12.987
37864.197,12.993
37864.250,12.953
37864.402,12.98
37864.456,12.88
37864.616,12.893
37864.726,13.093
37864.766,13.013
37864.859,12.953
37864.957,13.0
37865.052,12.84
37865.160,12.913
37865.261,12.88
37865.356,12.993
37865.459,12.94
37865.552,12.94
37865.648,13.033
37865.770,12.953
37865.858,12.933
37865.952,12.993
37866.052,12.907
37866.170,12.953
37866.288,12.933
37866.361,13.02
37866.459,12.92
37866.562,12.9
37866.674,12.92
37916.772,12.987
37916.869,12.967
37916.974,13.02
37917.062,13.047
37917.143,12.993
37917.251,12.96
37917.368,12.973
37917.479,12.913
37917.582,12.88
37917.665,13.007
37917.799,12.993
37917.893,13.047
37917.991,12.927
37918.101,13.033
37918.199,12.92
37918.297,12.987
37918.349,12.973
37918.452,12.913
37918.543,12.867
37918.643,13.033
37918.812,12.933
37918.846,12.873
37918.942,12.993
37919.038,12.96
37919.160,12.86
37919.261,12.9
37919.356,12.967
37919.454,12.967
37919.543,13.0
37919.641,12.987
37919.739,12.993
37919.834,13.107
37919.940,12.987
37920.038,12.953
37920.158,12.88
37920.239,12.86
37920.351,12.92
37920.449,12.947
37920.552,13.007
37920.650,13.027
37920.748,13.007
37920.869,12.947
37920.973,12.92
37921.064,12.987
37921.160,12.933
37921.258,12.993
37921.386,12.86
37921.481,13.0
37921.577,12.913
37921.633,12.953
37921.736,12.867
37921.846,12.947
37921.949,13.0
37922.049,13.0
37922.150,12.907
37922.253,12.867
37922.341,12.893
37922.442,12.973
37922.576,13.007
37922.625,12.993
37922.726,12.913
37922.903,12.94
37922.930,13.013
37923.038,13.0
37923.138,13.027
37923.244,12.933
37923.342,12.993
37923.437,12.867
37923.545,12.953
37923.633,12.873
37923.731,12.867
37923.824,12.827
37923.935,12.973
37924.035,12.973
37924.130,12.987
37924.251,12.927
37924.349,12.92
37924.447,13.08
37924.543,13.06
37924.650,12.847
37924.761,12.86
37924.859,12.88
37924.952,12.933
37925.060,13.007
37925.157,13.093
37925.278,12.88
37925.407,12.96
37925.481,12.92
37925.579,12.887
37925.674,12.987
37925.766,12.967
37925.817,12.933
37925.920,12.847
37926.022,12.987
37926.119,13.067
37926.263,13.02
37926.315,12.987
37926.486,12.887
37926.528,12.967
37926.616,13.013
37976.726,12.967
37976.824,12.953
37976.920,12.913
37977.016,12.96
37977.114,12.933
37977.222,12.887
37977.334,13.047
37977.432,12.993
37977.530,12.86
37977.633,12.833
37977.729,13.013
37977.826,12.94
37977.924,12.92
37978.025,12.92
37978.121,13.04
37978.241,12.947
37978.329,13.007
37978.437,12.853
37978.530,12.86
37978.652,13.0
37978.736,13.12
37978.856,13.007
37978.949,12.993
37979.059,12.98
37979.146,12.933
37979.265,12.893
37979.364,12.96
37979.471,13.0
37979.565,12.98
37979.663,12.953
37979.714,13.04
37979.819,12.973
37979.910,12.96
37980.008,12.907
37980.104,12.92
37980.209,12.94
37980.319,12.833
37980.415,12.873
37980.528,12.887
37980.604,13.02
37980.707,13.013
37980.805,12.96
37980.918,13.087
37981.011,13.033
37981.118,12.987
37981.221,12.947
37981.304,12.947
37981.402,12.967
37981.516,12.993
37981.631,12.94
37981.717,12.953
37981.817,13.027
37981.913,13.067
37982.011,12.947
37982.111,12.887
37982.233,12.98
37982.329,12.973
37982.435,12.94
37982.528,12.993
37982.648,13.027
37982.736,12.973
37982.847,13.053
37982.947,12.98
37983.040,12.853
37983.146,12.88
37983.197,12.973
37983.361,13.04
37983.493,12.947
37983.496,12.893
37983.596,12.953
37983.694,13.027
37983.798,13.0
37983.903,13.02
37984.001,13.087
37984.096,13.02
37984.204,12.94
37984.312,12.88
37984.410,12.98
37984.508,12.94
37984.597,13.007
37984.699,12.927
37984.795,12.967
37984.937,12.907
37985.008,12.96
37985.111,12.933
37985.212,12.88
37985.305,12.873
37985.402,12.927
37985.503,13.06
37985.604,13.007
37985.717,12.92
37985.790,12.92
37985.910,12.973
37985.986,12.96
37986.106,13.013
37986.223,12.933
37986.321,13.02
37986.408,13.02
37986.542,12.927
37986.636,12.98
38276.734,13.027
38276.846,12.947
38276.940,12.98
38277.038,12.993
38277.091,12.92
38277.239,12.853
38277.290,12.98
38277.388,12.953
38277.486,13.0
38277.594,12.933
38277.690,12.973
38277.792,12.993
38277.905,12.993
38277.998,12.86
38278.096,12.913
38278.192,12.893
38278.307,12.933
38278.380,13.033
38278.500,13.02
38278.614,12.94
38278.697,13.02
38278.783,12.94
38278.878,12.9
38278.981,12.987
38279.092,12.9
38279.180,12.933
38279.275,12.867
38279.393,12.833
38279.488,12.993
38279.591,12.973
38279.692,12.92
38279.798,12.973
38279.873,12.907
38279.981,13.033
38280.126,12.9
38280.189,13.02
38280.295,12.9
38280.413,12.827
38280.520,13.1
38280.621,13.027
38280.673,12.927
38280.819,12.907
38280.932,12.953
38281.033,12.98
38281.084,12.92
38281.229,13.02
38281.280,12.92
38281.378,12.933
38281.473,12.933
38281.576,12.993
38281.672,12.92
38281.771,12.953
38281.873,12.927
38281.988,12.927
38282.084,13.0
38282.182,12.927
38282.288,13.067
38282.378,12.96
38282.474,12.987
38282.571,12.927
38282.685,12.953
38282.783,12.987
38282.881,12.933
38282.976,13.013
38283.092,12.987
38283.190,13.053
38283.277,12.987
38283.391,13.04
38283.479,13.027
38283.582,12.907
38283.685,12.94
38283.802,12.953
38283.866,13.0
38283.969,12.927
38284.079,13.073
38284.182,12.953
38284.283,12.933
38284.407,13.033
38284.505,12.94
38284.599,13.007
38284.723,12.993
38284.822,13.08
38284.863,12.96
38284.964,12.98
38285.062,13.0
38285.160,12.927
38285.278,12.907
38285.371,12.927
38285.471,12.96
38285.640,12.947
38285.668,12.847
38285.763,12.92
38285.859,12.873
38285.964,12.973
38286.065,13.1
38286.163,13.0
38286.258,12.973
38286.371,12.933
38286.469,12.867
38286.567,13.02
38286.663,12.9
38336.771,12.927
38336.866,13.0
38336.962,12.973
38337.065,12.933
38337.177,12.88
38337.273,12.94
38337.371,13.073
38337.478,13.013
38337.599,12.967
38337.670,12.913
38337.753,12.887
38337.859,12.88
38337.959,13.02
38338.069,13.06
38338.212,12.96
38338.304,12.86
38338.405,12.893
38338.456,12.967
38338.604,12.987
38338.653,13.047
38338.755,12.973
38338.847,12.9
38338.956,12.953
38339.047,12.893
38339.170,13.02
38339.271,12.947
38339.347,12.887
38339.446,12.987
38339.565,12.987
38339.662,12.873
38339.751,12.927
38339.849,12.947
38339.947,12.92
38340.050,13.02
38340.147,12.98
38340.266,12.94
38340.373,12.907
38340.464,12.92
38340.560,13.067
38340.657,13.027
38340.763,13.06
38340.861,12.993
38340.954,13.047
38341.074,12.96
38341.177,12.993
38341.273,12.94
38341.366,13.02
38341.476,13.107
38341.589,12.953
38341.685,13.013
38341.780,12.947
38341.886,12.94
38341.986,13.0
38342.038,12.92
38342.160,12.92
38342.270,12.993
38342.348,12.88
38342.498,12.98
38342.549,12.987
38342.641,12.9
38342.739,12.953
38342.841,12.887
38342.946,12.993
38343.055,12.98
38343.152,12.98
38343.250,13.007
38343.336,13.04
38343.457,13.073
38343.555,13.107
38343.650,12.96
38343.773,12.86
38343.869,12.753
38343.945,12.94
38344.050,13.0
38344.138,13.1
38344.238,12.98
38344.334,12.94
38344.459,12.927
38344.555,12.98
38344.655,12.947
38344.751,12.96
38344.851,12.86
38344.951,13.027
38345.072,13.06
38345.150,12.94
38345.256,12.927
38345.376,12.96
38345.473,12.92
38345.562,13.047
38345.685,12.987
38345.780,12.873
38345.886,13.0
38345.930,12.973
38346.033,12.92
38346.192,12.953
38346.299,12.98
38346.324,13.033
38346.442,12.933
38346.535,12.933
38346.646,13.027
38396.739,12.973
38396.841,12.987
38396.942,12.913
38397.077,13.0
38397.131,13.0
38397.231,12.98
38397.356,13.067
38397.442,12.927
38397.540,13.0
38397.636,13.033
38397.726,12.987
38397.834,13.013
38397.932,12.993
38398.028,12.98
38398.136,13.0
38398.234,12.933
38398.334,12.993
38398.432,12.913
38398.552,12.933
38398.650,12.933
38398.748,12.967
38398.841,13.007
38398.962,12.98
38399.060,13.013
38399.157,12.973
38399.261,12.893
38399.358,12.927
38399.479,12.893
38399.560,12.94
38399.674,13.027
38399.773,12.94
38399.869,12.973
38399.972,13.027
38400.049,12.907
38400.123,13.027
38400.219,12.987
38400.320,12.847
38400.417,12.973
38400.522,12.94
38400.684,12.9
38400.712,12.947
38400.832,12.913
38400.930,13.04
38401.033,12.913
38401.126,12.933
38401.226,12.947
38401.324,12.94
38401.427,12.993
38401.530,12.933
38401.609,12.907
38401.712,12.92
38401.822,12.847
38401.922,12.94
38402.025,13.173
38402.133,13.013
38402.212,13.087
38402.337,12.96
38402.435,12.973
38402.545,13.027
38402.641,12.953
38402.739,12.94
38402.834,12.86
38402.937,12.947
38403.052,12.96
38403.153,12.933
38403.244,13.0
38403.349,12.98
38403.469,12.98
38403.569,13.047
38403.604,13.007
38403.761,13.053
38403.812,13.013
38403.907,13.013
38404.018,12.847
38404.116,12.78
38404.212,12.907
38404.310,12.973
38404.408,12.92
38404.506,12.993
38404.606,12.92
38404.707,12.98
38404.820,13.033
38404.918,12.9
38405.011,12.867
38405.118,12.973
38405.236,12.94
38405.310,12.947
38405.442,12.94
38405.496,12.907
38405.599,12.933
38405.706,12.98
38405.807,13.133
38405.905,13.02
38406.010,12.953
38406.113,12.887
38406.223,12.853
38406.320,13.007
38406.408,12.887
38406.543,12.927
38406.626,12.853
38456.746,12.873
38456.844,13.0
38456.930,12.953
38457.054,12.967
38457.152,12.98
38457.244,13.06
38457.348,12.913
38457.398,12.92
38457.494,13.013
38457.592,13.013
38457.697,12.98
38457.793,13.013
38457.891,12.907
38457.989,12.927
38458.108,12.98
38458.204,13.02
38458.307,13.027
38458.405,12.92
38458.503,13.107
38458.599,12.913
38458.702,12.933
38458.792,12.96
38458.888,12.907
38459.008,13.013
38459.116,13.02
38459.206,13.02
38459.302,12.987
38459.400,12.92
38459.506,12.893
38459.604,12.947
38459.699,12.913
38459.820,13.027
38459.920,13.013
38460.016,12.987
38460.113,12.86
38460.219,13.027
38460.329,12.96
38460.427,13.0
38460.481,13.02
38460.630,12.853
38460.695,12.927
38460.799,12.94
38460.900,12.92
38461.033,13.02
38461.087,13.0
38461.189,13.007
38461.320,13.093
38461.395,13.04
38461.543,12.973
38461.594,12.953
38461.690,12.933
38461.793,12.993
38461.907,13.08
38461.988,12.913
38462.082,12.96
38462.179,12.953
38462.299,12.887
38462.390,12.867
38462.494,12.96
38462.586,13.067
38462.682,12.927
38462.790,12.947
38462.880,13.013
38462.998,12.993
38463.096,12.913
38463.202,12.927
38463.299,12.947
38463.396,12.927
38463.494,13.02
38463.596,12.953
38463.694,12.98
38463.839,12.96
38463.903,12.873
38464.003,12.813
38464.099,12.893
38464.219,12.98
38464.305,12.987
38464.425,12.92
38464.520,12.913
38464.628,12.927
38464.719,12.907
38464.770,13.0
38464.932,12.953
38465.040,12.933
38465.069,12.96
38465.234,12.987
38465.327,12.887
38465.434,12.98
38465.486,12.96
38465.584,12.827
38465.679,12.847
38465.780,12.92
38465.881,12.927
38465.978,12.933
38466.067,12.98
38466.168,12.993
38466.268,12.987
38466.376,12.933
38466.467,13.067
38466.584,12.913
38466.668,12.933
38516.771,12.953
38516.878,12.88
38516.974,12.973
38517.072,12.96
38517.201,12.96
38517.273,13.0
38517.391,12.873
38517.489,12.98
38517.582,12.94
38517.663,13.033
38517.766,12.98
38517.873,13.0
38517.979,12.987
38518.099,12.913
38518.189,13.007
38518.327,12.953
38518.393,12.953
38518.516,12.927
38518.611,12.933
38518.717,12.92
38518.812,13.06
38518.903,13.067
38519.040,12.907
38519.060,12.927
38519.165,12.94
38519.263,12.987
38519.359,13.027
38519.474,13.053
38519.570,12.98
38519.670,12.927
38519.775,12.933
38519.863,12.893
38519.969,12.94
38520.084,12.987
38520.167,12.98
38520.263,12.927
38520.359,12.947
38520.456,12.96
38520.559,13.02
38520.660,13.1
38520.755,12.927
38520.876,12.973
38520.969,13.007
38521.067,13.053
38521.185,12.98
38521.288,12.973
38521.386,12.86
38521.484,12.987
38521.582,13.04
38521.680,13.0
38521.800,12.98
38521.898,12.967
38521.978,13.0
38522.084,13.007
38522.206,13.06
38522.304,12.98
38522.347,12.98
38522.513,13.113
38522.609,12.927
38522.714,13.053
38522.753,12.987
38522.849,12.947
38522.946,12.98
38523.126,12.86
38523.153,13.007
38523.250,13.04
38523.361,13.1
38523.451,12.933
38523.543,13.02
38523.643,12.907
38523.750,12.94
38523.864,12.993
38523.962,13.047
38524.043,12.973
38524.143,12.973
38524.250,12.967
38524.344,12.927
38524.454,12.933
38524.550,12.933
38524.658,12.907
38524.755,13.033
38524.851,12.973
38524.962,12.94
38525.060,12.973
38525.158,12.88
38525.261,12.887
38525.380,12.927
38525.478,12.92
38525.572,12.88
38525.670,12.987
38525.788,12.98
38525.888,12.973
38525.984,12.96
38526.092,12.82
38526.187,12.873
38526.241,12.973
38526.388,12.993
38526.434,12.847
38526.599,12.96
38526.699,12.92
38576.800,12.94
38576.849,12.98
38576.947,12.92
38577.043,12.873
38577.148,12.88
38577.248,12.753
38577.349,12.953
38577.451,13.013
38577.537,12.993
38577.633,13.053
38577.741,12.967
38577.903,13.027
38577.929,13.033
38578.030,13.08
38578.136,12.993
38578.234,13.027
38578.339,12.947
38578.451,12.927
38578.548,12.973
38578.641,13.173
38578.761,13.02
38578.856,12.953
38578.962,12.887
38579.049,12.987
38579.170,13.04
38579.266,12.853
38579.373,12.927
38579.471,12.967
38579.567,12.98
38579.697,13.027
38579.741,12.947
38579.888,12.933
38579.981,12.927
38580.072,12.92
38580.131,12.993
38580.228,13.02
38580.324,12.88
38580.430,13.013
38580.533,13.06
38580.631,12.98
38580.731,12.933
38580.822,12.88
38580.944,12.947
38581.040,13.0
38581.143,12.92
38581.239,12.987
38581.337,13.007
38581.427,12.887
38581.557,13.06
38581.636,12.967
38581.738,12.933
38581.817,12.993
38581.920,12.933
38582.023,12.88
38582.131,12.98
38582.233,13.007
38582.339,12.98
38582.435,12.86
38582.530,12.96
38582.636,13.0
38582.750,12.96
38582.848,13.087
38582.940,12.953
38583.048,13.047
38583.143,12.86
38583.265,12.893
38583.371,13.0
38583.462,12.94
38583.559,12.88
38583.679,12.907
38583.758,12.88
38583.812,12.967
38583.976,12.973
38584.074,12.907
38584.177,13.033
38584.211,13.0
38584.331,13.04
38584.422,12.947
38584.523,12.907
38584.621,12.913
38584.785,12.933
38584.842,13.013
38584.913,12.953
38585.011,12.833
38585.111,12.893
38585.209,13.007
38585.321,13.033
38585.423,12.807
38585.506,13.0
38585.619,13.013
38585.714,12.86
38585.812,12.953
38585.942,12.993
38586.030,12.9
38586.125,12.967
38586.226,12.867
38586.310,12.953
38586.432,12.98
38586.542,12.907
38586.640,12.94
38876.748,12.973
38876.844,13.013
38876.939,12.867
38877.047,12.96
38877.158,12.993
38877.253,13.067
38877.351,13.033
38877.459,12.973
38877.555,13.007
38877.606,12.907
38877.701,13.013
38877.807,13.047
38877.903,12.947
38878.003,13.007
38878.099,13.007
38878.209,13.093
38878.307,13.047
38878.407,12.993
38878.518,12.973
38878.599,12.94
38878.719,12.913
38878.819,13.0
38878.908,13.02
38879.030,13.013
38879.101,12.9
38879.209,13.06
38879.317,12.96
38879.440,13.04
38879.500,12.96
38879.619,12.907
38879.701,12.987
38879.805,13.053
38879.910,12.967
38880.006,12.873
38880.092,13.067
38880.196,12.96
38880.319,13.033
38880.423,13.02
38880.537,12.933
38880.635,12.92
38880.733,13.027
38880.837,13.033
38880.937,12.86
38881.038,12.993
38881.133,13.08
38881.255,13.08
38881.351,12.987
38881.457,12.96
38881.496,12.987
38881.592,12.947
38881.690,12.953
38881.787,12.953
38881.893,12.96
38881.989,13.047
38882.104,12.953
38882.216,12.887
38882.307,12.867
38882.403,12.987
38882.501,12.953
38882.589,12.933
38882.685,12.907
38882.809,12.94
38882.903,12.887
38883.000,12.953
38883.094,13.047
38883.190,13.013
38883.295,12.993
38883.408,13.12
38883.503,13.027
38883.599,12.947
38883.706,12.927
38883.802,12.92
38883.903,12.913
38884.000,12.947
38884.121,12.993
38884.219,12.973
38884.315,12.907
38884.410,12.92
38884.533,12.953
38884.631,12.913
38884.726,13.007
38884.788,13.093
38884.891,12.887
38884.998,13.007
38885.099,12.947
38885.177,12.933
38885.310,12.86
38885.388,12.947
38885.520,12.907
38885.594,12.947
38885.675,13.047
38885.837,12.967
38885.891,12.927
38885.986,12.953
38886.109,13.067
38886.177,12.893
38886.275,12.953
38886.371,12.96
38886.493,12.94
38886.603,13.027
38886.687,12.927
38936.783,13.013
38936.880,12.967
38936.972,12.973
38937.082,12.98
38937.177,13.027
38937.295,13.0
38937.381,12.92
38937.501,12.927
38937.598,12.88
38937.704,12.913
38937.788,12.887
38937.907,12.907
38938.003,12.98
38938.116,12.953
38938.212,12.953
38938.309,13.007
38938.410,12.947
38938.513,13.0
38938.611,13.027
38938.731,12.987
38938.812,12.987
38938.920,13.013
38938.974,12.927
38939.065,12.967
38939.177,12.987
38939.272,13.04
38939.373,12.907
38939.469,13.027
38939.565,12.967
38939.663,12.927
38939.780,13.027
38939.876,12.967
38939.976,12.893
38940.079,12.92
38940.190,12.86
38940.277,12.933
38940.378,13.06
38940.481,13.033
38940.606,12.94
38940.679,13.04
38940.758,13.08
38940.868,12.947
38940.967,12.94
38941.076,12.993
38941.173,12.9
38941.278,12.973
38941.381,13.02
38941.459,12.953
38941.567,12.967
38941.687,12.947
38941.790,13.08
38941.885,13.027
38942.006,13.087
38942.116,12.94
38942.206,12.913
38942.302,13.08
38942.395,13.013
38942.498,12.973
38942.554,12.973
38942.717,12.887
38942.814,13.067
38942.920,12.98
38943.018,12.933
38943.067,12.98
38943.163,12.98
38943.266,12.893
38943.363,12.96
38943.466,13.007
38943.628,12.833
38943.657,12.927
38943.751,12.84
38943.871,13.067
38943.951,13.04
38944.062,13.0
38944.160,13.02
38944.256,12.947
38944.364,13.013
38944.457,12.913
38944.552,12.987
38944.650,13.027
38944.753,12.973
38944.854,12.887
38944.961,12.893
38945.057,12.94
38945.146,12.973
38945.266,12.987
38945.359,13.047
38945.469,13.04
38945.589,13.087
38945.685,12.967
38945.790,12.953
38945.902,12.9
38945.998,12.987
38946.094,12.933
38946.201,12.96
38946.299,12.98
38946.398,12.98
38946.451,13.047
38946.550,13.007
38946.643,13.1
38996.810,13.013
38996.861,12.973
38996.940,12.88
38997.052,12.973
38997.148,12.9
38997.261,12.847
38997.363,12.92
38997.459,13.007
38997.538,12.967
38997.650,12.927
38997.751,13.007
38997.847,12.88
38997.942,12.927
38998.040,12.9
38998.155,12.867
38998.258,13.013
38998.334,12.94
38998.440,12.98
38998.542,12.967
38998.643,12.887
38998.744,12.973
38998.851,12.953
38998.957,12.933
38999.043,12.953
38999.167,13.013
38999.265,13.027
38999.366,12.94
38999.467,12.973
38999.576,12.873
38999.673,12.913
38999.768,13.007
38999.876,12.893
38999.996,13.0
39000.091,12.88
39000.199,12.94
39000.285,12.967
39000.337,12.853
39000.430,12.953
39000.636,12.993
39000.636,12.98
39000.741,12.92
39000.839,12.933
39000.937,13.0
39001.047,12.967
39001.141,12.927
39001.246,12.987
39001.329,12.947
39001.427,12.853
39001.548,12.88
39001.672,12.88
39001.766,12.947
39001.841,12.987
39001.935,12.813
39002.038,12.947
39002.125,12.98
39002.233,12.973
39002.334,12.94
39002.447,12.86
39002.547,12.96
39002.641,12.913
39002.739,13.04
39002.846,13.127
39002.944,12.987
39003.064,13.0
39003.148,13.06
39003.233,12.887
39003.332,13.04
39003.434,12.96
39003.530,13.06
39003.648,13.04
39003.772,12.953
39003.820,12.94
39003.923,13.007
39004.084,13.007
39004.182,12.98
39004.287,12.973
39004.381,12.94
39004.432,12.847
39004.525,12.807
39004.633,12.933
39004.729,12.947
39004.827,12.947
39004.930,12.927
39005.021,12.933
39005.141,13.027
39005.239,12.967
39005.315,12.987
39005.417,12.927
39005.516,12.993
39005.636,13.02
39005.717,12.907
39005.824,12.94
39005.920,12.973
39006.015,13.033
39006.125,13.12
39006.219,12.993
39006.341,12.973
39006.447,12.993
39006.535,13.02
39006.630,12.953
39056.751,12.92
39056.834,13.013
39056.954,12.933
39057.052,12.947
39057.147,12.993
39057.251,12.893
39057.348,12.94
39057.467,12.927
39057.550,13.007
39057.663,13.027
39057.760,12.907
39057.810,12.953
39057.918,12.96
39058.065,12.96
39058.143,12.887
39058.217,12.92
39058.307,12.92
39058.407,12.927
39058.510,12.913
39058.606,12.973
39058.719,12.927
39058.812,12.813
39058.910,12.907
39059.021,12.96
39059.116,12.96
39059.241,12.913
39059.326,12.893
39059.418,12.973
39059.513,12.94
39059.611,12.907
39059.712,13.013
39059.824,12.887
39059.920,12.987
39060.015,12.967
39060.121,13.047
39060.214,13.013
39060.334,12.98
39060.432,12.973
39060.535,13.007
39060.631,12.973
39060.750,13.04
39060.856,12.88
39060.946,12.88
39061.042,12.927
39061.135,12.953
39061.224,13.007
39061.359,12.893
39061.459,12.96
39061.555,12.92
39061.660,13.06
39061.758,12.973
39061.856,12.887
39061.910,12.94
39062.008,13.067
39062.111,12.98
39062.217,12.88
39062.344,12.887
39062.396,12.987
39062.518,12.98
39062.601,12.92
39062.695,12.953
39062.809,12.947
39062.908,12.96
39063.003,12.98
39063.104,12.867
39063.201,12.9
39063.300,12.9
39063.395,12.94
39063.500,13.027
39063.601,13.0
39063.699,12.973
39063.798,13.033
39063.912,12.927
39064.008,12.893
39064.104,12.92
39064.207,13.02
39064.327,12.94
39064.424,12.98
39064.532,12.92
39064.618,13.0
39064.736,12.927
39064.832,12.893
39064.945,12.987
39065.042,13.033
39065.138,12.96
39065.189,13.067
39065.292,12.787
39065.451,12.96
39065.505,12.853
39065.587,12.887
39065.709,13.053
39065.792,12.94
39065.902,12.887
39066.003,13.02
39066.099,12.953
39066.202,12.98
39066.283,12.947
39066.391,12.933
39066.489,12.987
39066.592,12.927
39066.696,12.927
39116.780,12.893
39116.902,12.927
39116.981,12.987
39117.079,12.987
39117.196,13.053
39117.295,12.973
39117.391,13.08
39117.486,12.933
39117.587,12.867
39117.711,13.033
39117.798,13.02
39117.908,12.947
39118.006,13.033
39118.104,13.013
39118.211,12.98
39118.317,12.98
39118.413,12.913
39118.516,13.06
39118.619,12.993
39118.761,12.96
39118.824,12.887
39118.942,12.827
39119.033,13.047
39119.131,12.947
39119.182,12.907
39119.354,12.953
39119.380,12.94
39119.479,12.9
39119.579,12.947
39119.680,13.02
39119.788,12.98
39119.871,13.027
39119.976,12.887
39120.069,12.98
39120.187,13.0
39120.285,12.973
39120.412,12.92
39120.489,12.927
39120.587,12.967
39120.709,12.947
39120.780,12.88
39120.869,12.947
39120.988,13.013
39121.069,12.94
39121.192,12.947
39121.290,12.893
39121.386,12.927
39121.483,12.893
39121.584,12.947
39121.704,12.967
39121.802,12.993
39121.881,12.987
39121.989,13.04
39122.111,12.98
39122.207,12.927
39122.320,13.027
39122.415,12.98
39122.513,12.9
39122.621,12.9
39122.663,12.867
39122.824,12.993
39122.920,13.0
39123.028,12.853
39123.123,12.987
39123.219,12.947
39123.271,12.933
39123.376,12.847
39123.472,12.947
39123.572,12.9
39123.675,13.047
39123.782,12.867
39123.864,13.007
39123.964,12.927
39124.087,12.98
39124.177,12.927
39124.273,12.973
39124.363,13.027
39124.479,12.887
39124.574,13.053
39124.672,12.853
39124.758,13.007
39124.866,13.053
39124.962,12.953
39125.060,12.973
39125.192,12.947
39125.266,12.92
39125.386,12.88
39125.484,12.98
39125.574,12.953
39125.697,13.013
39125.793,12.913
39125.890,12.953
39125.994,13.047
39126.094,13.04
39126.214,12.94
39126.292,12.96
39126.403,12.987
39126.503,12.933
39126.555,13.013
39126.706,12.913
39176.824,12.947
39176.851,12.973
39176.951,13.067
39177.052,13.007
39177.148,12.987
39177.251,12.94
39177.351,12.913
39177.462,12.933
39177.559,12.96
39177.658,12.953
39177.768,12.92
39177.849,12.933
39177.964,12.973
39178.065,12.993
39178.153,12.913
39178.250,12.987
39178.358,12.953
39178.464,12.94
39178.547,13.0
39178.655,13.027
39178.753,12.96
39178.864,12.92
39178.971,12.92
39179.067,13.04
39179.163,12.96
39179.278,12.92
39179.371,12.853
39179.472,12.947
39179.565,13.013
39179.692,13.1
39179.788,13.053
39179.885,13.027
39179.967,12.933
39180.079,12.987
39180.199,13.033
39180.297,12.907
39180.403,12.947
39180.501,12.8
39180.599,12.807
39180.650,12.987
39180.751,13.013
39180.844,12.9
39180.942,12.967
39181.045,13.02
39181.141,13.047
39181.243,12.96
39181.339,12.967
39181.437,12.98
39181.537,13.013
39181.636,12.973
39181.756,13.02
39181.844,13.067
39181.940,13.033
39182.037,13.06
39182.141,12.993
39182.243,12.987
39182.339,12.893
39182.434,13.04
39182.543,12.927
39182.648,12.953
39182.793,12.973
39182.866,12.933
39182.952,12.927
39183.072,12.893
39183.168,13.007
39183.275,12.993
39183.366,12.993
39183.467,12.993
39183.562,12.86
39183.692,12.907
39183.783,12.993
39183.878,12.967
39183.976,13.013
39184.043,12.833
39184.197,12.993
39184.250,13.0
39184.329,12.9
39184.435,12.913
39184.540,12.853
39184.635,12.98
39184.748,13.047
39184.824,13.0
39184.925,12.933
39185.025,12.927
39185.136,12.873
39185.234,12.953
39185.331,12.987
39185.429,13.047
39185.523,13.007
39185.623,12.973
39185.744,12.933
39185.848,12.953
39185.937,13.02
39186.035,12.893
39186.130,13.04
39186.233,12.887
39186.354,12.847
39186.449,13.0
39186.548,12.953
39186.653,12.993
39476.748,12.96
39476.844,12.993
39476.951,12.993
39477.062,12.933
39477.155,12.933
39477.258,13.047
39477.361,13.04
39477.459,12.873
39477.555,13.02
39477.685,12.973
39477.787,12.993
39477.873,13.027
39477.969,13.013
39478.023,12.98
39478.116,13.02
39478.214,13.0
39478.378,13.107
39478.420,13.053
39478.528,12.827
39478.625,12.88
39478.726,12.933
39478.836,12.953
39478.932,13.02
39479.028,12.973
39479.126,12.893
39479.241,12.987
39479.319,12.887
39479.422,12.98
39479.523,13.0
39479.628,12.913
39479.714,12.893
39479.822,12.8
39479.910,13.04
39480.030,13.033
39480.128,13.047
39480.217,13.0
39480.329,12.92
39480.425,12.927
39480.547,12.96
39480.626,12.973
39480.739,12.893
39480.841,12.96
39480.959,13.047
39481.035,12.973
39481.158,13.04
39481.253,12.933
39481.359,12.98
39481.469,12.967
39481.567,12.973
39481.663,12.927
39481.771,13.013
39481.869,12.987
39481.967,12.887
39482.067,12.9
39482.119,13.013
39482.212,12.847
39482.310,12.913
39482.408,12.98
39482.508,12.9
39482.606,12.793
39482.706,13.0
39482.805,13.067
39482.903,12.98
39483.001,12.94
39483.099,12.88
39483.223,12.993
39483.314,13.033
39483.442,13.06
39483.582,12.947
39483.611,12.987
39483.704,13.047
39483.810,12.927
39483.896,13.02
39484.006,13.007
39484.101,13.04
39484.226,12.847
39484.300,12.86
39484.434,12.927
39484.530,13.127
39484.628,13.033
39484.736,12.993
39484.832,12.973
39484.934,12.887
39485.037,12.947
39485.148,12.987
39485.248,13.053
39485.339,12.927
39485.447,12.927
39485.498,12.973
39485.658,12.987
39485.771,13.02
39485.849,12.98
39485.900,12.98
39486.005,13.073
39486.101,12.947
39486.207,12.867
39486.307,12.967
39486.405,12.953
39486.506,12.953
39486.613,12.96
39486.709,13.113
39536.807,12.88
39536.920,12.92
39537.023,12.867
39537.097,12.913
39537.194,12.947
39537.288,12.92
39537.388,13.107
39537.488,12.933
39537.606,12.913
39537.697,13.087
39537.804,12.993
39537.888,12.92
39537.993,12.96
39538.116,12.967
39538.211,13.1
39538.309,12.98
39538.408,12.907
39538.530,12.913
39538.626,12.92
39538.709,13.08
39538.846,12.973
39538.942,12.927
39539.035,12.807
39539.148,12.893
39539.246,12.973
39539.342,12.967
39539.446,13.06
39539.486,12.9
39539.582,12.993
39539.679,12.947
39539.856,12.947
39539.888,13.053
39539.988,12.967
39540.092,12.96
39540.182,12.907
39540.295,13.027
39540.391,12.913
39540.486,12.907
39540.594,12.947
39540.694,12.993
39540.795,12.907
39540.915,12.86
39540.996,12.873
39541.076,12.867
39541.175,12.993
39541.283,12.987
39541.400,12.973
39541.491,12.947
39541.589,12.887
39541.694,12.847
39541.788,12.92
39541.908,12.98
39542.043,12.953
39542.096,12.973
39542.214,12.967
39542.310,12.98
39542.400,12.953
39542.522,12.893
39542.619,12.94
39542.668,12.96
39542.822,13.08
39542.897,13.047
39542.971,12.933
39543.092,13.047
39543.168,12.967
39543.271,12.913
39543.381,12.953
39543.533,12.893
39543.586,12.967
39543.673,12.913
39543.770,12.947
39543.878,13.027
39543.976,13.087
39544.074,12.92
39544.168,12.947
39544.268,13.007
39544.364,12.94
39544.486,12.947
39544.592,12.86
39544.680,12.967
39544.780,13.06
39544.880,13.0
39544.962,13.033
39545.092,13.0
39545.190,12.993
39545.283,12.98
39545.393,12.96
39545.498,12.967
39545.592,12.933
39545.692,12.853
39545.805,12.887
39545.903,13.027
39546.001,13.0
39546.104,12.94
39546.201,13.08
39546.302,12.933
39546.400,12.993
39546.547,13.067
39546.621,12.927
39596.716,13.093
39596.795,12.993
39596.866,12.88
39596.957,12.993
39597.057,12.967
39597.163,12.9
39597.322,12.993
39597.373,12.987
39597.467,13.073
39597.554,12.947
39597.673,12.993
39597.773,12.953
39597.854,12.913
39597.964,12.92
39598.065,12.933
39598.163,12.873
39598.265,12.907
39598.351,13.007
39598.471,12.967
39598.555,12.96
39598.677,12.953
39598.766,12.907
39598.861,13.02
39598.966,12.913
39599.071,13.04
39599.168,12.893
39599.288,12.973
39599.369,13.06
39599.476,13.06
39599.574,12.927
39599.695,12.9
39599.780,13.147
39599.856,12.947
39600.000,13.087
39600.103,13.0
39600.195,12.947
39600.246,12.947
39600.405,13.047
39600.513,12.96
39600.611,12.947
39600.711,13.0
39600.743,12.887
39600.908,12.98
39601.011,12.887
39601.062,13.02
39601.155,12.873
39601.255,12.92
39601.371,12.98
39601.457,13.02
39601.597,12.9
39601.648,13.067
39601.748,13.053
39601.849,12.973
39601.940,13.02
39602.050,13.0
39602.155,12.967
39602.241,12.947
39602.351,12.9
39602.449,12.947
39602.552,12.933
39602.650,12.92
39602.765,13.067
39602.861,12.94
39602.957,12.873
39603.043,12.913
39603.155,12.907
39603.275,13.04
39603.371,13.087
39603.481,12.9
39603.581,13.02
39603.685,12.893
39603.751,13.087
39603.897,13.027
39603.996,13.033
39604.089,12.987
39604.190,12.993
39604.288,13.013
39604.383,12.967
39604.435,12.9
39604.538,12.873
39604.638,13.027
39604.734,12.94
39604.836,12.92
39604.945,12.913
39605.040,12.933
39605.146,13.087
39605.248,12.967
39605.334,13.027
39605.429,12.933
39605.576,12.98
39605.641,12.973
39605.741,13.02
39605.841,12.953
39606.027,12.807
39606.028,12.967
39606.131,12.847
39606.238,12.88
39606.351,13.02
39606.442,13.053
39606.543,13.047
39606.636,13.047
39656.739,13.04
39656.856,13.06
39656.954,13.087
39657.050,12.873
39657.155,12.94
39657.258,12.907
39657.353,13.067
39657.456,13.113
39657.567,12.953
39657.665,13.02
39657.785,12.953
39657.890,12.987
39657.986,12.973
39658.082,12.973
39658.189,13.013
39658.273,12.967
39658.327,13.067
39658.425,12.96
39658.523,12.933
39658.623,12.993
39658.724,12.973
39658.822,12.827
39658.949,12.967
39659.042,12.993
39659.140,12.867
39659.241,12.993
39659.336,13.0
39659.434,13.06
39659.533,12.913
39659.658,12.967
39659.736,12.847
39659.858,13.087
39659.937,13.113
39660.023,13.013
39660.126,12.947
39660.226,12.947
39660.329,13.013
39660.437,12.987
39660.530,13.013
39660.633,12.953
39660.714,12.94
39660.822,12.913
39660.940,12.933
39661.038,12.933
39661.141,12.947
39661.261,12.96
39661.356,12.947
39661.459,13.02
39661.565,13.04
39661.663,12.953
39661.761,12.9
39661.812,12.913
39661.913,12.94
39662.010,13.007
39662.175,12.953
39662.275,12.853
39662.329,12.873
39662.473,13.033
39662.523,13.02
39662.623,12.913
39662.724,12.933
39662.820,13.007
39662.927,12.933
39663.008,12.967
39663.108,12.973
39663.263,12.953
39663.334,13.053
39663.420,12.913
39663.516,12.98
39663.619,12.973
39663.711,12.933
39663.807,12.94
39663.908,12.953
39664.011,12.96
39664.119,13.107
39664.221,13.047
39664.322,13.033
39664.403,13.06
39664.527,12.947
39664.616,13.053
39664.741,12.953
39664.822,12.96
39664.946,12.9
39665.042,12.96
39665.140,12.927
39665.236,12.893
39665.358,12.8
39665.454,12.947
39665.545,12.907
39665.648,13.06
39665.699,12.933
39665.864,13.04
39665.905,12.98
39666.001,12.947
39666.098,13.1
39666.197,13.12
39666.298,12.973
39666.400,12.9
39666.513,12.913
39666.609,12.987
39666.709,13.007
39716.810,13.013
39716.907,12.94
39717.008,13.0
39717.097,13.02
39717.194,13.033
39717.314,12.92
39717.398,12.987
39717.501,12.933
39717.592,12.993
39717.712,12.96
39717.812,12.953
39717.908,13.0
39718.003,12.927
39718.116,13.0
39718.224,13.073
39718.302,12.853
39718.407,12.867
39718.522,12.98
39718.597,12.953
39718.701,12.92
39718.800,13.02
39718.900,12.967
39718.998,12.96
39719.099,12.993
39719.187,13.013
39719.312,12.92
39719.423,12.9
39719.547,12.98
39719.650,12.987
39719.702,13.06
39719.851,13.0
39719.903,13.073
39720.005,12.96
39720.092,12.86
39720.189,12.96
39720.288,13.053
39720.405,12.967
39720.501,12.953
39720.601,12.98
39720.684,12.987
39720.800,13.06
39720.896,12.98
39720.993,13.053
39721.094,12.98
39721.190,12.98
39721.288,13.027
39721.381,13.0
39721.486,13.067
39721.604,13.027
39721.702,12.98
39721.785,13.007
39721.920,13.06
39722.016,12.933
39722.113,12.927
39722.222,13.007
39722.320,13.027
39722.415,12.947
39722.520,12.973
39722.631,13.013
39722.685,12.933
39722.793,13.033
39722.932,12.893
39723.028,12.9
39723.082,12.893
39723.256,13.0
39723.273,12.933
39723.440,12.88
39723.540,12.94
39723.635,12.987
39723.692,13.013
39723.797,12.853
39723.888,12.9
39723.991,13.013
39724.071,12.98
39724.195,12.927
39724.292,12.887
39724.385,12.867
39724.479,12.947
39724.576,12.92
39724.675,12.967
39724.770,13.08
39724.888,12.98
39724.988,12.953
39725.092,12.947
39725.180,12.82
39725.273,12.84
39725.393,13.107
39725.494,12.953
39725.579,13.02
39725.699,12.827
39725.793,12.96
39725.935,12.953
39725.994,13.033
39726.116,12.92
39726.196,12.92
39726.305,12.92
39726.400,12.94
39726.520,12.953
39726.614,12.92
39726.709,12.94
39776.831,12.853
39776.883,13.0
39776.984,13.047
39777.067,12.88
39777.173,13.027
39777.342,13.04
39777.371,12.893
39777.476,12.847
39777.579,12.98
39777.667,13.013
39777.766,13.0
39777.864,12.973
39777.976,12.927
39778.071,12.98
39778.157,12.92
39778.280,12.967
39778.400,12.947
39778.474,12.987
39778.572,12.927
39778.668,13.013
39778.770,12.967
39778.881,13.033
39778.978,12.987
39779.076,13.04
39779.180,12.893
39779.277,12.973
39779.368,13.02
39779.503,12.94
39779.577,12.94
39779.695,12.847
39779.790,12.953
39779.881,12.947
39779.984,12.973
39780.087,13.107
39780.177,12.993
39780.271,13.033
39780.393,13.007
39780.451,13.027
39780.555,12.9
39780.653,12.9
39780.751,12.833
39780.917,12.913
39781.018,12.873
39781.116,12.933
39781.168,12.96
39781.260,12.973
39781.366,12.933
39781.466,12.973
39781.567,13.027
39781.670,12.96
39781.775,12.96
39781.853,13.027
39781.954,13.007
39782.077,12.933
39782.157,13.013
39782.261,12.98
39782.356,12.887
39782.451,12.973
39782.543,12.913
39782.650,12.94
39782.751,12.88
39782.856,12.98
39782.942,12.967
39783.064,12.94
39783.177,12.9
39783.263,12.967
39783.385,12.947
39783.481,12.967
39783.589,13.093
39783.687,13.027
39783.785,12.907
39783.883,12.9
39783.981,12.967
39784.101,12.987
39784.201,13.033
39784.283,12.887
39784.398,12.947
39784.498,12.96
39784.618,13.0
39784.648,13.093
39784.744,12.98
39784.841,13.047
39784.937,13.053
39785.040,12.847
39785.141,12.893
39785.243,12.82
39785.339,12.933
39785.452,12.907
39785.555,12.867
39785.652,12.98
39785.751,12.9
39785.842,12.893
39785.939,12.867
39786.033,12.96
39786.141,12.927
39786.239,12.96
39786.393,13.0
39786.452,12.993
39786.555,13.013
39786.652,12.947
40076.751,13.033
40076.854,12.947
40076.962,12.833
40077.037,12.907
40077.133,13.007
40077.263,13.133
40077.332,12.94
40077.437,12.98
40077.540,12.9
40077.646,13.067
40077.756,13.013
40077.876,13.02
40077.969,13.073
40078.060,12.947
40078.182,12.913
40078.236,12.933
40078.391,13.093
40078.489,12.98
40078.537,13.073
40078.633,12.973
40078.739,12.86
40078.837,12.873
40078.932,12.86
40079.030,12.913
40079.126,13.007
40079.224,13.013
40079.344,12.967
40079.427,12.993
40079.543,13.0
40079.643,12.927
40079.743,12.86
40079.839,12.953
40079.935,12.92
40080.032,12.947
40080.126,12.913
40080.229,12.993
40080.327,12.953
40080.446,12.967
40080.530,12.973
40080.638,13.053
40080.734,12.947
40080.856,12.987
40080.989,12.933
40081.062,12.967
40081.157,12.94
40081.265,13.013
40081.349,12.92
40081.472,12.947
40081.567,12.92
40081.675,12.933
40081.726,13.087
40081.836,13.027
40081.937,12.947
40082.023,12.893
40082.114,12.993
40082.217,13.073
40082.329,12.96
40082.430,12.987
40082.516,12.973
40082.614,12.947
40082.733,12.987
40082.837,13.067
40082.934,12.927
40083.033,13.027
40083.125,13.013
40083.226,13.033
40083.322,12.973
40083.420,12.987
40083.513,13.02
40083.633,12.913
40083.726,12.947
40083.859,13.053
40083.957,12.947
40084.030,12.9
40084.126,12.893
40084.217,13.033
40084.337,12.98
40084.435,13.013
40084.532,12.953
40084.641,12.833
40084.734,12.9
40084.854,12.993
40084.940,12.933
40085.052,12.967
40085.148,12.933
40085.241,13.1
40085.349,13.04
40085.447,12.993
40085.565,12.94
40085.674,12.893
40085.753,12.933
40085.807,13.127
40085.903,13.067
40086.060,12.96
40086.111,12.98
40086.212,13.047
40086.312,12.88
40086.408,12.98
40086.515,12.913
40086.619,12.987
40086.702,12.967
40136.802,13.047
40136.903,12.947
40137.013,12.893
40137.119,12.847
40137.199,12.913
40137.322,12.953
40137.422,12.927
40137.511,12.82
40137.599,12.947
40137.719,12.947
40137.819,13.0
40137.922,13.073
40138.021,12.96
40138.118,12.913
40138.216,13.007
40138.314,13.02
40138.435,12.893
40138.530,12.967
40138.621,12.96
40138.723,13.02
40138.842,13.007
40138.937,13.033
40139.050,12.88
40139.147,13.007
40139.244,12.92
40139.295,12.78
40139.396,12.927
40139.557,12.893
40139.653,13.073
40139.760,13.047
40139.859,12.9
40139.974,12.913
40140.003,12.973
40140.109,12.953
40140.207,12.967
40140.288,12.947
40140.393,12.987
40140.496,12.933
40140.601,12.92
40140.701,12.913
40140.790,12.947
40140.888,12.92
40141.008,12.893
40141.098,13.02
40141.190,13.013
40141.300,13.067
40141.396,12.94
40141.488,12.927
40141.601,12.92
40141.743,13.033
40141.817,12.98
40141.945,12.973
40142.001,12.94
40142.119,13.0
40142.216,12.88
40142.307,12.967
40142.425,12.913
40142.525,12.887
40142.621,12.913
40142.724,12.98
40142.822,12.933
40142.944,12.94
40143.023,13.0
40143.135,13.02
40143.185,12.94
40143.344,13.147
40143.391,12.86
40143.481,13.08
40143.646,12.953
40143.680,12.98
40143.783,13.093
40143.880,12.993
40143.998,13.053
40144.096,12.933
40144.196,12.94
40144.297,12.827
40144.396,13.007
40144.494,12.993
40144.584,13.02
40144.680,13.0
40144.782,12.88
40144.886,12.94
40145.018,12.9
40145.121,12.96
40145.175,12.993
40145.280,13.007
40145.381,12.993
40145.494,12.873
40145.597,12.947
40145.677,12.96
40145.802,13.133
40145.898,12.967
40145.983,12.96
40146.104,12.96
40146.197,13.007
40146.332,12.927
40146.420,12.98
40146.516,13.067
40146.614,13.04
40196.711,12.893
40196.834,12.853
40196.932,13.0
40197.032,13.033
40197.135,12.92
40197.168,13.02
40197.266,12.973
40197.369,12.987
40197.483,12.96
40197.579,13.087
40197.675,13.013
40197.773,12.927
40197.869,12.947
40197.988,12.92
40198.084,13.007
40198.170,12.9
40198.283,13.0
40198.383,13.067
40198.481,13.053
40198.579,13.08
40198.675,12.94
40198.773,12.967
40198.866,12.84
40198.973,12.807
40199.070,12.907
40199.189,13.053
40199.271,13.0
40199.385,12.887
40199.479,12.98
40199.599,13.06
40199.684,12.973
40199.804,12.92
40199.898,12.887
40200.005,12.953
40200.089,12.973
40200.209,13.02
40200.307,12.993
40200.418,12.9
40200.513,12.98
40200.611,13.067
40200.709,12.973
40200.812,12.973
40200.861,12.927
40201.023,12.973
40201.108,12.987
40201.174,12.913
40201.268,12.8
40201.366,12.92
40201.478,12.967
40201.574,12.913
40201.674,12.98
40201.760,12.873
40201.866,13.007
40201.961,12.907
40202.071,12.953
40202.175,12.92
40202.255,12.96
40202.351,12.933
40202.469,12.973
40202.579,12.94
40202.667,12.873
40202.763,12.92
40202.863,12.927
40202.969,12.967
40203.065,13.027
40203.189,13.007
40203.285,12.973
40203.381,12.973
40203.476,12.907
40203.571,12.96
40203.682,13.047
40203.793,12.867
40203.890,12.967
40203.986,12.947
40204.092,12.827
40204.190,12.98
40204.310,12.927
40204.417,12.9
40204.494,12.9
40204.614,12.96
40204.709,12.887
40204.800,12.947
40204.851,12.98
40204.949,12.867
40205.047,12.947
40205.150,12.88
40205.246,12.973
40205.344,13.0
40205.461,12.92
40205.550,12.973
40205.655,12.927
40205.756,13.04
40205.856,12.98
40205.979,12.893
40206.052,13.007
40206.146,12.96
40206.253,13.013
40206.344,12.96
40206.442,13.013
40206.542,12.953
40206.665,13.007
40256.751,12.92
40256.859,12.9
40256.957,12.94
40257.057,12.94
40257.150,12.973
40257.273,12.94
40257.356,13.0
40257.457,13.0
40257.581,13.04
40257.674,12.853
40257.793,12.947
40257.888,13.06
40257.984,12.893
40258.092,12.973
40258.133,12.953
40258.295,12.987
40258.391,12.98
40258.503,12.98
40258.555,12.88
40258.699,12.993
40258.751,13.033
40258.851,13.073
40258.944,12.96
40259.040,12.987
40259.138,12.98
40259.239,12.973
40259.339,12.907
40259.432,12.973
40259.560,13.007
40259.641,13.073
40259.738,13.007
40259.836,12.887
40259.929,12.987
40260.043,12.98
40260.138,12.993
40260.241,12.953
40260.341,12.847
40260.439,13.02
40260.538,12.947
40260.636,12.96
40260.756,12.92
40260.853,12.96
40260.954,13.04
40261.045,12.92
40261.167,12.933
40261.260,12.9
40261.336,12.88
40261.427,13.013
40261.533,12.96
40261.641,12.92
40261.766,12.953
40261.853,12.967
40261.973,13.007
40262.023,12.927
40262.177,12.913
40262.226,12.867
40262.322,12.907
40262.500,13.16
40262.587,12.913
40262.640,12.96
40262.731,12.847
40262.831,12.907
40262.937,12.887
40263.033,13.033
40263.131,13.0
40263.238,12.887
40263.334,12.953
40263.430,12.987
40263.527,12.967
40263.630,13.02
40263.728,12.873
40263.824,13.0
40263.920,13.013
40264.016,13.007
40264.136,12.92
40264.231,12.96
40264.351,13.02
40264.425,12.967
40264.528,12.987
40264.625,13.06
40264.751,12.96
40264.836,12.98
40264.917,12.92
40265.023,12.94
40265.123,13.067
40265.231,13.04
40265.353,12.927
40265.442,13.013
40265.576,12.973
40265.672,13.033
40265.770,12.913
40265.878,13.047
40265.978,13.0
40266.074,12.98
40266.177,12.973
40266.222,13.027
40266.315,12.947
40266.413,12.867
40266.518,12.947
40266.614,12.94
40316.712,12.893
40316.810,12.907
40316.910,12.987
40317.010,12.993
40317.108,12.933
40317.226,12.867
40317.317,12.933
40317.415,13.02
40317.513,13.02
40317.606,13.08
40317.714,13.033
40317.812,12.853
40317.908,13.047
40318.016,12.907
40318.126,12.933
40318.226,13.013
40318.324,12.973
40318.425,13.02
40318.571,12.913
40318.643,12.987
40318.750,13.04
40318.841,13.007
40318.939,13.053
40319.055,12.96
40319.136,12.967
40319.256,13.007
40319.310,13.0
40319.420,12.847
40319.523,12.96
40319.601,13.053
40319.706,13.113
40319.804,13.0
40319.900,12.927
40320.021,12.913
40320.116,12.967
40320.219,13.033
40320.295,13.033
40320.418,12.987
40320.508,12.933
40320.611,13.02
40320.707,13.007
40320.805,13.033
40320.902,13.02
40320.998,13.033
40321.116,13.04
40321.217,12.967
40321.322,13.087
40321.412,12.927
40321.506,12.88
40321.599,12.9
40321.712,12.873
40321.812,13.047
40321.910,12.893
40322.003,12.893
40322.126,13.047
40322.221,12.907
40322.319,12.987
40322.425,12.86
40322.537,12.94
40322.628,12.953
40322.726,12.927
40322.836,13.053
40322.934,12.947
40323.030,12.993
40323.158,13.027
40323.250,12.94
40323.347,13.053
40323.442,12.98
40323.496,12.94
40323.597,12.96
40323.689,13.047
40323.787,13.033
40323.896,13.007
40323.998,13.107
40324.106,12.947
40324.201,13.007
40324.285,12.953
40324.408,12.907
40324.506,12.973
40324.674,12.973
40324.697,13.013
40324.799,12.953
40324.897,13.067
40324.996,12.913
40325.084,12.98
40325.194,12.933
40325.290,13.053
40325.381,12.893
40325.503,13.127
40325.599,12.953
40325.697,12.92
40325.800,13.047
40325.898,13.027
40326.018,13.0
40326.099,12.987
40326.214,13.04
40326.310,12.913
40326.405,12.907
40326.508,12.94
40326.630,12.913
40376.724,12.96
40376.832,12.967
40376.918,12.947
40377.040,12.933
40377.136,12.947
40377.246,13.04
40377.342,12.913
40377.373,12.94
40377.540,13.06
40377.638,12.933
40377.690,12.88
40377.785,12.967
40377.881,13.0
40378.052,13.0
40378.082,12.933
40378.180,13.02
40378.304,12.913
40378.381,13.047
40378.506,12.9
40378.577,12.927
40378.675,13.047
40378.793,12.94
40378.890,12.847
40378.984,12.913
40379.084,12.88
40379.179,12.967
40379.277,13.04
40379.407,12.967
40379.478,12.973
40379.599,12.973
40379.697,13.007
40379.773,13.02
40379.888,12.907
40379.994,12.933
40380.069,12.993
40380.177,12.873
40380.277,12.993
40380.386,12.953
40380.508,12.993
40380.619,12.953
40380.716,12.967
40380.766,12.94
40380.920,12.933
40380.973,12.993
40381.062,12.84
40381.270,12.9
40381.368,13.02
40381.462,12.887
40381.584,13.027
40381.677,12.96
40381.775,13.013
40381.871,12.947
40381.979,13.0
40382.065,12.78
40382.160,12.98
40382.261,12.9
40382.371,12.887
40382.467,12.827
40382.564,12.913
40382.662,12.913
40382.760,12.94
40382.880,13.053
40382.976,12.88
40383.082,13.027
40383.165,13.033
40383.287,12.973
40383.383,12.967
40383.493,12.98
40383.589,12.88
40383.690,13.007
40383.785,13.04
40383.881,12.967
40383.957,13.013
40384.065,12.967
40384.182,12.993
40384.273,12.893
40384.381,13.047
40384.503,13.08
40384.584,13.04
40384.717,13.02
40384.814,12.973
40384.920,12.947
40384.964,12.913
40385.062,13.033
40385.158,12.96
40385.261,12.993
40385.354,12.973
40385.451,12.98
40385.567,12.86
40385.655,12.973
40385.750,12.88
40385.869,13.0
40385.967,12.887
40386.069,12.933
40386.167,13.013
40386.263,12.987
40386.353,12.907
40386.459,12.88
40386.557,12.927
40386.653,12.913
40676.758,12.907
40676.866,12.973
40676.962,12.853
40677.060,12.913
40677.168,12.9
40677.265,12.98
40677.386,12.96
40677.493,12.98
40677.582,12.927
40677.680,12.9
40677.778,12.987
40677.876,12.94
40677.994,12.94
40678.092,13.047
40678.189,12.953
40678.297,12.947
40678.344,12.973
40678.505,13.093
40678.594,13.073
40678.707,12.973
40678.802,12.9
40678.854,12.973
40679.006,13.067
40679.057,13.02
40679.150,12.94
40679.248,12.913
40679.354,12.94
40679.444,13.013
40679.560,12.92
40679.658,13.02
40679.741,12.967
40679.837,12.913
40679.939,12.9
40680.035,12.913
40680.158,12.873
40680.256,12.913
40680.381,12.993
40680.437,13.067
40680.538,12.987
40680.650,12.913
40680.744,12.987
40680.869,12.98
40680.964,12.933
40681.062,12.94
40681.167,13.007
40681.253,12.907
40681.375,12.94
40681.471,12.867
40681.579,12.993
40681.675,13.0
40681.772,12.933
40681.848,12.967
40681.972,12.853
40682.092,12.887
40682.190,12.927
40682.268,12.98
40682.339,12.987
40682.432,13.047
40682.528,13.04
40682.636,12.94
40682.739,12.94
40682.837,12.973
40682.932,12.973
40683.030,12.953
40683.146,12.873
40683.244,13.013
40683.339,12.987
40683.440,13.007
40683.543,13.007
40683.643,12.953
40683.763,13.007
40683.848,12.96
40683.967,12.893
40684.028,12.953
40684.145,12.947
40684.241,13.08
40684.339,12.913
40684.437,12.933
40684.543,12.973
40684.636,12.947
40684.756,12.94
40684.842,13.093
40684.940,13.047
40685.043,12.993
40685.119,12.927
40685.256,12.96
40685.331,12.973
40685.434,12.94
40685.542,12.913
40685.668,12.84
40685.763,12.96
40685.883,13.007
40685.966,13.027
40686.018,12.92
40686.184,12.973
40686.280,13.047
40686.383,13.027
40686.484,12.967
40686.533,12.873
40686.628,12.927
40736.726,12.987
40736.824,12.94
40736.923,12.973
40737.020,12.967
40737.114,13.06
40737.236,13.067
40737.332,13.027
40737.415,12.88
40737.530,12.98
40737.626,12.887
40737.721,13.007
40737.827,12.993
40737.922,13.073
40738.021,12.887
40738.150,12.987
40738.217,13.02
40738.339,12.973
40738.434,13.02
40738.516,12.987
40738.631,12.953
40738.729,12.927
40738.812,12.84
40738.908,12.98
40739.011,13.067
40739.109,13.007
40739.217,12.867
40739.324,12.98
40739.452,12.9
40739.535,12.953
40739.663,13.02
40739.761,12.94
40739.809,12.913
40739.986,12.94
40740.015,13.007
40740.172,13.04
40740.223,12.973
40740.315,12.867
40740.413,12.98
40740.511,12.973
40740.611,13.067
40740.723,12.967
40740.807,12.833
40740.912,13.073
40741.035,12.987
40741.118,13.047
40741.221,12.88
40741.314,13.013
40741.415,12.94
40741.505,12.98
40741.606,13.0
40741.699,13.0
40741.824,13.073
40741.913,12.827
40742.033,12.993
40742.130,12.947
40742.211,12.98
40742.331,12.913
40742.412,12.927
40742.518,12.94
40742.621,12.947
40742.699,12.993
40742.805,12.787
40742.903,12.953
40743.038,13.007
40743.111,12.96
40743.212,13.033
40743.295,12.907
40743.393,12.98
40743.523,12.96
40743.601,12.993
40743.729,13.047
40743.805,12.94
40743.908,12.913
40744.072,13.013
40744.101,12.987
40744.216,12.98
40744.299,13.047
40744.397,12.967
40744.508,13.047
40744.613,13.02
40744.707,12.987
40744.793,12.987
40744.891,12.98
40745.011,12.96
40745.094,12.933
40745.201,12.847
40745.298,13.013
40745.395,12.98
40745.500,12.96
40745.609,12.933
40745.706,12.967
40745.802,12.987
40745.913,13.0
40746.011,12.993
40746.106,12.893
40746.236,12.88
40746.324,12.98
40746.424,13.02
40746.518,12.867
40746.614,12.88
40796.739,12.927
40796.837,13.013
40796.932,12.94
40797.040,12.847
40797.133,12.927
40797.185,12.947
40797.339,13.013
40797.381,12.973
40797.548,12.927
40797.601,12.84
40797.748,12.973
40797.800,12.967
40797.895,12.96
40797.993,12.907
40798.098,12.96
40798.199,13.007
40798.295,13.007
40798.378,13.027
40798.481,12.847
40798.608,12.913
40798.687,12.86
40798.807,12.88
40798.900,12.96
40798.979,12.9
40799.081,12.907
40799.182,13.06
40799.285,12.913
40799.388,12.967
40799.489,13.013
40799.599,12.933
40799.694,12.927
40799.780,12.913
40799.908,12.973
40799.986,13.02
40800.111,12.887
40800.207,12.993
40800.321,12.913
40800.418,12.987
40800.516,12.947
40800.614,13.033
40800.711,12.973
40800.817,12.853
40800.915,12.88
40800.973,12.867
40801.128,12.993
40801.180,13.013
40801.273,13.007
40801.380,12.947
40801.479,13.047
40801.577,13.047
40801.675,13.02
40801.772,13.007
40801.875,12.953
40801.971,13.033
40802.089,13.06
40802.187,12.993
40802.282,13.027
40802.386,12.96
40802.483,12.92
40802.572,12.847
40802.668,13.007
40802.766,13.0
40802.873,12.993
40802.969,13.007
40803.065,13.053
40803.187,12.9
40803.271,13.033
40803.373,13.08
40803.474,12.973
40803.582,13.02
40803.679,12.893
40803.783,12.893
40803.893,13.047
40803.996,12.893
40804.072,12.9
40804.172,12.933
40804.280,12.86
40804.388,12.88
40804.510,13.0
40804.608,12.98
40804.704,12.993
40804.827,12.973
40804.918,13.087
40805.016,13.02
40805.125,13.027
40805.221,12.967
40805.272,12.92
40805.371,13.027
40805.469,12.827
40805.567,12.967
40805.663,12.92
40805.763,12.787
40805.859,12.887
40805.956,13.0
40806.079,12.907
40806.158,13.04
40806.271,12.933
40806.366,12.887
40806.461,12.84
40806.570,12.907
40806.658,12.92
40856.751,13.0
40856.893,13.02
40856.966,12.993
40857.064,12.94
40857.172,13.033
40857.260,12.993
40857.375,12.96
40857.454,12.86
40857.577,13.0
40857.665,12.893
40857.790,13.1
40857.886,12.94
40857.994,12.947
40858.104,12.9
40858.201,12.953
40858.300,12.993
40858.408,12.887
40858.503,12.953
40858.601,12.907
40858.650,12.96
40858.755,12.933
40858.847,13.047
40859.013,13.06
40859.065,12.98
40859.150,13.06
40859.244,12.913
40859.364,12.947
40859.464,12.84
40859.543,12.927
40859.652,12.993
40859.744,13.06
40859.856,13.04
40859.956,12.913
40860.050,13.027
40860.145,13.093
40860.244,12.973
40860.342,12.98
40860.462,12.973
40860.567,12.987
40860.643,12.827
40860.746,12.92
40860.854,12.96
40860.951,12.933
40861.048,12.94
40861.147,12.933
40861.273,12.853
40861.371,12.947
40861.467,13.007
40861.560,12.9
40861.672,13.0
40861.780,12.907
40861.922,12.987
40861.996,12.96
40862.084,12.867
40862.135,13.053
40862.295,13.02
40862.405,12.987
40862.489,13.007
40862.540,12.973
40862.640,13.013
40862.738,13.0
40862.841,12.987
40862.937,12.98
40863.035,12.987
40863.141,12.973
40863.251,12.953
40863.351,12.98
40863.447,13.013
40863.533,13.127
40863.657,12.96
40863.755,12.96
40863.834,12.993
40863.944,12.947
40864.040,13.073
40864.136,13.06
40864.241,12.973
40864.351,12.913
40864.449,13.02
40864.545,13.153
40864.655,13.06
40864.751,13.027
40864.851,12.953
40864.949,12.9
40865.070,13.007
40865.167,12.88
40865.265,12.993
40865.344,12.92
40865.479,12.993
40865.576,12.993
40865.672,12.873
40865.783,12.993
40865.876,13.06
40865.974,12.973
40866.025,12.933
40866.126,12.987
40866.229,13.02
40866.322,12.993
40866.491,12.967
40866.552,13.053
40866.625,13.047
40916.728,12.94
40916.839,13.02
40916.920,12.96
40917.021,12.953
40917.126,12.853
40917.221,12.953
40917.334,12.933
40917.437,13.007
40917.550,12.88
40917.638,12.913
40917.734,12.953
40917.829,12.893
40917.918,13.033
40918.030,13.013
40918.126,12.907
40918.329,12.973
40918.332,13.087
40918.427,13.06
40918.548,12.947
40918.653,13.047
40918.741,12.893
40918.834,12.96
40918.957,12.96
40919.042,12.86
40919.162,12.933
40919.258,12.907
40919.354,13.087
40919.464,12.96
40919.562,13.013
40919.638,13.027
40919.761,13.1
40919.866,12.98
40919.964,12.94
40920.016,12.867
40920.123,13.0
40920.219,12.98
40920.317,12.9
40920.413,12.94
40920.513,12.993
40920.609,13.14
40920.731,12.947
40920.829,12.913
40920.925,12.947
40921.025,13.0
40921.125,13.0
40921.224,12.847
40921.317,13.04
40921.420,13.053
40921.522,12.967
40921.614,12.987
40921.712,13.0
40921.819,13.0
40921.959,13.013
40922.011,12.967
40922.128,12.973
40922.224,12.973
40922.327,12.98
40922.440,12.933
40922.537,12.98
40922.633,12.94
40922.739,12.913
40922.839,12.96
40922.913,12.98
40923.033,13.027
40923.155,13.02
40923.251,12.98
40923.347,13.0
40923.444,12.987
40923.565,13.04
40923.660,12.907
40923.756,12.9
40923.866,13.107
40923.966,13.033
40924.062,12.913
40924.113,13.007
40924.212,13.0
40924.315,12.907
40924.410,12.9
40924.576,12.947
40924.601,12.927
40924.719,12.92
40924.815,12.933
40924.900,12.893
40925.013,13.073
40925.111,13.013
40925.234,13.033
40925.310,12.953
40925.405,12.953
40925.505,13.0
40925.606,12.96
40925.707,12.907
40925.817,12.947
40925.895,12.967
40926.005,12.96
40926.108,12.947
40926.224,13.007
40926.305,13.02
40926.413,12.973
40926.516,12.913
40926.594,12.92
40926.704,12.893
40976.829,12.88
40976.913,13.02
40977.033,13.033
40977.123,13.08
40977.241,12.967
40977.292,13.013
40977.472,13.08
40977.489,12.973
40977.589,12.92
40977.755,13.0
40977.847,13.007
40977.952,12.947
40978.005,13.007
40978.099,13.033
40978.209,13.0
40978.309,12.92
40978.670,12.88
40978.697,12.893
40978.793,12.96
40978.890,12.913
40978.988,12.933
40979.084,12.893
40979.202,12.96
40979.310,13.073
40979.383,12.96
40979.503,12.953
40979.601,12.913
40979.699,12.947
40979.800,12.967
40979.945,13.027
40979.996,13.04
40980.114,13.013
40980.209,12.967
40980.329,12.993
40980.412,12.96
40980.525,13.053
40980.621,13.007
40980.717,13.147
40980.824,13.007
40980.900,12.913
40980.998,12.847
40981.099,12.92
40981.204,12.913
40981.282,13.013
40981.383,12.927
40981.483,12.927
40981.581,12.94
40981.692,13.067
40981.844,13.133
40981.883,12.98
40981.991,12.967
40982.082,12.967
40982.177,12.98
40982.275,13.0
40982.395,13.0
40982.493,12.96
40982.592,13.02
40982.685,12.953
40982.782,12.78
40982.878,12.88
40982.984,12.933
40983.094,12.967
40983.192,12.92
40983.287,13.04
40983.397,12.967
40983.494,12.927
40983.591,12.913
40983.684,12.993
40983.787,12.993
40983.907,12.947
40984.005,12.913
40984.087,12.927
40984.221,12.947
40984.315,13.0
40984.369,12.973
40984.479,12.947
40984.623,12.96
40984.721,12.987
40984.822,13.007
40984.866,12.92
40984.984,12.96
40985.131,12.927
40985.234,12.873
40985.292,12.94
40985.369,12.847
40985.471,13.033
40985.582,13.053
40985.680,13.047
40985.765,13.02
40985.871,12.907
40985.984,12.987
40986.079,12.947
40986.177,12.873
40986.293,13.053
40986.371,12.947
40986.469,13.113
40986.565,12.933
40986.662,12.88
41276.773,12.933
41276.869,12.973
41276.969,13.02
41277.071,13.1
41277.190,12.993
41277.288,12.893
41277.398,12.98
41277.484,12.953
41277.584,12.96
41277.682,12.967
41277.807,12.887
41277.903,13.02
41278.000,12.96
41278.098,12.973
41278.202,12.913
41278.298,12.967
41278.418,13.007
41278.498,12.953
41278.611,12.927
41278.702,12.953
41278.821,12.967
41278.910,13.06
41278.962,12.967
41279.055,12.967
41279.150,13.047
41279.256,12.86
41279.363,12.98
41279.467,12.873
41279.567,13.0
41279.668,12.907
41279.753,13.047
41279.858,12.86
41279.969,12.907
41280.067,12.96
41280.163,12.88
41280.272,13.02
41280.364,12.967
41280.459,12.953
41280.557,12.887
41280.653,12.907
41280.766,13.007
41280.866,12.887
41280.959,13.067
41281.072,12.993
41281.158,12.913
41281.278,12.807
41281.375,12.94
41281.483,12.987
41281.577,12.973
41281.675,12.987
41281.805,12.92
41281.893,12.953
41281.991,12.9
41282.089,12.973
41282.184,12.993
41282.307,12.867
41282.403,13.02
41282.457,12.98
41282.609,13.027
41282.712,13.073
41282.761,12.947
41282.908,12.9
41282.949,13.0
41283.045,13.0
41283.143,13.12
41283.244,12.993
41283.348,13.013
41283.457,12.913
41283.562,12.96
41283.667,12.867
41283.739,12.987
41283.859,12.96
41283.937,12.913
41284.054,12.987
41284.153,12.9
41284.250,12.827
41284.378,12.973
41284.457,13.067
41284.537,13.007
41284.638,12.927
41284.758,12.907
41284.869,13.093
41284.954,12.907
41285.033,13.067
41285.158,12.92
41285.243,12.98
41285.346,12.853
41285.483,12.96
41285.569,13.047
41285.670,13.047
41285.790,12.907
41285.896,12.873
41285.988,12.907
41286.089,12.987
41286.185,13.06
41286.302,12.92
41286.405,12.98
41286.432,12.913
41286.530,12.98
41286.704,12.973
41336.731,12.913
41336.827,12.92
41336.951,12.793
41337.037,12.893
41337.214,12.887
41337.244,12.907
41337.342,12.873
41337.446,12.927
41337.547,12.907
41337.648,12.953
41337.731,12.987
41337.829,12.933
41337.932,12.933
41338.050,12.873
41338.138,12.913
41338.258,12.967
41338.342,13.027
41338.445,12.927
41338.554,12.96
41338.652,13.02
41338.788,13.06
41338.854,13.033
41338.976,12.98
41339.059,12.92
41339.160,12.973
41339.223,12.953
41339.322,12.82
41339.430,12.94
41339.538,12.92
41339.660,12.967
41339.748,12.853
41339.888,12.84
41339.962,12.947
41340.084,13.027
41340.180,13.027
41340.302,12.96
41340.329,13.02
41340.423,13.027
41340.522,13.007
41340.626,12.967
41340.726,13.007
41340.849,12.96
41340.920,13.067
41341.016,12.913
41341.131,13.027
41341.233,13.073
41341.344,12.887
41341.418,12.913
41341.516,13.02
41341.619,12.933
41341.729,12.867
41341.822,12.84
41341.927,12.893
41342.028,12.933
41342.138,12.973
41342.236,12.98
41342.336,12.94
41342.437,12.92
41342.538,12.913
41342.650,12.94
41342.726,12.953
41342.829,12.947
41342.908,12.893
41343.013,13.027
41343.114,12.9
41343.222,12.86
41343.329,12.987
41343.435,12.973
41343.567,12.967
41343.606,13.06
41343.758,12.893
41343.810,12.773
41343.976,13.047
41344.006,12.947
41344.170,12.827
41344.272,13.047
41344.322,13.013
41344.418,13.047
41344.513,13.007
41344.611,12.94
41344.714,12.987
41344.817,12.953
41344.920,12.993
41345.035,12.933
41345.103,12.973
41345.202,12.88
41345.304,12.92
41345.402,12.953
41345.511,13.007
41345.611,12.96
41345.712,12.907
41345.815,12.9
41345.918,13.073
41346.021,12.98
41346.138,13.027
41346.224,12.867
41346.322,12.88
41346.440,13.04
41346.505,12.96
41346.638,13.073
41396.734,12.947
41396.834,12.987
41396.942,12.88
41397.030,12.993
41397.150,12.9
41397.204,12.947
41397.312,12.96
41397.412,13.0
41397.516,13.027
41397.652,12.967
41397.702,12.96
41397.795,12.853
41397.897,13.053
41398.000,13.007
41398.104,12.96
41398.204,12.92
41398.309,12.993
41398.410,12.96
41398.493,13.033
41398.599,12.987
41398.711,12.867
41398.807,13.047
41398.905,13.013
41398.994,12.913
41399.130,13.087
41399.202,13.007
41399.300,12.867
41399.393,12.813
41399.489,12.94
41399.609,12.907
41399.707,12.913
41399.812,12.94
41399.920,13.0
41400.018,13.013
41400.114,13.013
41400.226,13.0
41400.322,12.947
41400.420,12.92
41400.523,12.86
41400.619,13.02
41400.738,12.973
41400.837,12.9
41400.886,12.867
41401.033,13.027
41401.084,13.113
41401.246,12.96
41401.283,12.96
41401.383,12.947
41401.548,12.907
41401.604,13.02
41401.696,12.913
41401.793,12.907
41401.890,13.013
41402.062,12.967
41402.131,12.927
41402.182,12.987
41402.283,12.94
41402.386,12.873
41402.491,12.967
41402.589,13.127
41402.697,13.1
41402.800,12.947
41402.898,12.96
41402.994,12.94
41403.096,12.94
41403.192,12.92
41403.288,13.04
41403.386,13.0
41403.491,12.98
41403.599,12.92
41403.697,12.987
41403.795,12.98
41403.900,12.927
41403.994,12.913
41404.116,12.9
41404.222,12.987
41404.310,12.893
41404.407,12.887
41404.527,12.893
41404.609,13.12
41404.729,12.953
41404.824,13.087
41404.878,13.04
41405.028,13.0
41405.079,13.02
41405.239,13.027
41405.290,12.987
41405.375,13.06
41405.469,12.973
41405.570,13.007
41405.668,13.093
41405.788,13.027
41405.886,13.02
41405.994,13.027
41406.084,13.073
41406.177,13.007
41406.275,13.127
41406.381,13.007
41406.473,12.913
41406.569,12.927
41406.685,13.007
41456.795,12.993
41456.880,13.013
41456.976,12.947
41457.072,12.933
41457.187,12.887
41457.282,12.927
41457.378,12.953
41457.500,12.94
41457.599,12.98
41457.692,13.04
41457.793,12.953
41457.898,13.053
41458.011,12.98
41458.108,13.0
41458.204,12.947
41458.310,13.02
41458.408,12.907
41458.508,12.927
41458.560,12.793
41458.729,12.88
41458.761,12.933
41458.924,12.953
41459.000,12.987
41459.065,13.02
41459.160,12.947
41459.258,13.007
41459.369,12.92
41459.472,12.947
41459.570,12.98
41459.665,12.953
41459.760,12.86
41459.866,12.9
41459.976,12.887
41460.076,12.967
41460.172,12.927
41460.268,12.993
41460.366,13.027
41460.471,13.013
41460.572,13.113
41460.699,12.947
41460.758,12.933
41460.883,12.973
41460.966,13.027
41461.065,13.1
41461.175,12.893
41461.277,12.947
41461.356,12.92
41461.478,12.873
41461.577,12.967
41461.687,12.973
41461.783,13.02
41461.900,13.047
41461.986,13.04
41462.106,12.953
41462.202,12.92
41462.307,12.98
41462.349,13.02
41462.508,13.04
41462.606,12.933
41462.719,12.953
41462.748,12.88
41462.913,13.007
41463.015,12.953
41463.111,12.88
41463.217,12.94
41463.263,12.94
41463.359,12.98
41463.457,12.967
41463.554,12.893
41463.652,12.98
41463.748,12.98
41463.847,12.98
41463.945,12.993
41464.043,13.047
41464.147,12.96
41464.256,12.96
41464.356,12.94
41464.452,13.013
41464.557,13.013
41464.653,13.067
41464.753,13.0
41464.854,12.9
41464.973,12.993
41465.070,12.9
41465.168,13.02
41465.246,13.007
41465.381,12.953
41465.474,12.933
41465.577,13.02
41465.685,12.92
41465.782,12.947
41465.878,13.053
41465.984,13.02
41466.096,12.967
41466.197,12.987
41466.293,13.0
41466.395,13.0
41466.445,12.92
41466.559,12.913
41466.636,12.98
41516.741,12.847
41516.841,12.82
41516.942,12.98
41517.052,12.907
41517.150,12.973
41517.236,12.913
41517.339,13.027
41517.452,13.06
41517.555,13.033
41517.650,12.953
41517.748,12.987
41517.844,12.987
41517.942,12.927
41518.037,12.893
41518.133,13.007
41518.233,12.96
41518.331,12.933
41518.449,13.013
41518.555,12.913
41518.645,13.04
41518.744,13.04
41518.864,12.927
41518.942,12.907
41519.062,12.967
41519.163,12.88
41519.258,13.053
41519.361,12.973
41519.456,12.96
41519.579,12.9
41519.660,13.067
41519.772,13.02
41519.866,13.053
41519.986,13.013
41520.027,12.893
41520.187,12.867
41520.285,12.86
41520.393,12.98
41520.484,12.907
41520.540,12.967
41520.631,12.88
41520.731,13.053
41520.829,13.093
41520.925,12.987
41521.025,12.907
41521.128,12.947
41521.241,12.893
41521.408,12.993
41521.437,13.02
41521.543,12.927
41521.638,12.86
41521.741,12.953
41521.864,12.907
41521.940,12.927
41522.040,13.0
41522.121,13.033
41522.229,12.98
41522.329,12.947
41522.432,12.98
41522.535,12.987
41522.618,12.893
41522.739,12.907
41522.826,12.967
41522.967,13.02
41523.033,12.953
41523.158,12.993
41523.251,12.853
41523.332,12.86
41523.500,12.973
41523.574,12.947
41523.668,12.953
41523.770,12.94
41523.869,13.02
41523.972,12.987
41524.022,13.0
41524.121,12.933
41524.214,12.9
41524.312,13.093
41524.479,13.02
41524.530,12.96
41524.623,13.047
41524.722,12.953
41524.827,13.007
41524.924,12.98
41525.022,12.993
41525.121,12.92
41525.214,12.94
41525.329,12.953
41525.427,12.953
41525.540,13.0
41525.623,12.98
41525.719,12.927
41525.815,13.02
41525.908,12.987
41526.020,12.973
41526.116,13.013
41526.236,12.947
41526.317,12.913
41526.437,13.027
41526.533,13.113
41526.641,12.967
41526.709,12.967
41576.809,12.947
41576.908,12.86
41577.052,12.96
41577.121,12.787
41577.228,12.92
41577.351,12.967
41577.452,12.833
41577.550,13.0
41577.670,12.96
41577.750,12.927
41577.809,12.96
41577.898,12.887
41578.065,12.94
41578.111,12.847
41578.214,12.947
41578.310,12.92
41578.410,12.98
41578.503,12.933
41578.599,12.96
41578.719,12.893
41578.817,12.827
41578.915,13.04
41579.013,13.06
41579.108,13.053
41579.238,12.953
41579.315,12.913
41579.398,12.913
41579.496,12.947
41579.625,12.927
41579.714,12.973
41579.810,12.94
41579.910,13.027
41580.003,13.047
41580.106,13.013
41580.209,12.907
41580.315,12.94
41580.408,12.9
41580.516,12.86
41580.592,13.013
41580.699,12.94
41580.802,12.98
41580.905,12.96
41581.015,12.88
41581.140,12.973
41581.190,12.9
41581.288,12.9
41581.462,12.98
41581.491,12.907
41581.653,12.9
41581.753,12.993
41581.788,12.987
41581.897,13.047
41581.998,12.907
41582.094,12.967
41582.204,12.973
41582.302,12.96
41582.398,12.927
41582.521,12.987
41582.616,12.98
41582.690,12.98
41582.785,13.02
41582.888,13.067
41582.998,12.947
41583.094,12.98
41583.190,13.073
41583.300,13.027
41583.397,12.967
41583.494,12.98
41583.591,13.007
41583.697,13.127
41583.812,13.04
41583.910,13.033
41583.991,13.007
41584.099,13.033
41584.219,13.027
41584.317,13.0
41584.427,12.987
41584.501,12.96
41584.582,12.993
41584.695,13.033
41584.817,13.04
41584.937,13.027
41584.994,13.067
41585.138,13.053
41585.201,13.1
41585.305,12.853
41585.380,12.987
41585.484,13.06
41585.591,12.887
41585.689,12.967
41585.785,13.04
41585.895,12.913
41585.974,13.08
41586.077,12.96
41586.196,12.96
41586.293,13.033
41586.388,12.947
41586.486,12.973
41586.591,13.02
41586.689,13.06
39476.783,12.98
39476.880,12.987
39476.976,12.88
39477.092,13.06
39477.190,13.04
39477.322,12.92
39477.396,12.84
39477.493,12.96
39477.587,12.98
39477.682,13.02
39477.805,12.927
39477.902,12.913
39477.998,13.033
39478.104,12.853
39478.201,12.907
39478.297,13.0
39478.405,13.0
39478.513,13.0
39478.631,12.933
39478.729,13.027
39478.812,12.993
39478.932,12.987
39479.028,12.92
39479.136,12.887
39479.229,12.953
39479.280,12.993
39479.380,13.067
39479.474,12.953
39479.572,13.027
39479.673,12.94
39479.768,12.96
39479.871,12.98
39479.984,12.92
39480.081,12.94
39480.185,13.02
39480.285,12.92
39480.381,12.96
39480.466,12.953
39480.565,12.967
39480.677,12.98
39480.780,12.967
39480.881,12.987
39480.974,12.92
39481.070,12.96
39481.168,12.9
39481.273,12.973
39481.381,12.98
39481.479,13.0
39481.570,13.027
39481.709,12.927
39481.798,13.013
39481.896,13.087
39481.994,12.973
39482.086,13.013
39482.212,12.947
39482.309,12.947
39482.407,12.933
39482.513,12.98
39482.609,12.953
39482.709,12.913
39482.760,12.913
39482.859,12.953
39483.021,13.0
39483.119,12.94
39483.224,13.033
39483.315,12.933
39483.366,12.947
39483.464,13.007
39483.570,12.987
39483.668,12.927
39483.771,12.9
39483.868,12.9
39483.954,13.0
39484.050,12.967
39484.170,12.9
39484.251,12.92
39484.351,12.92
39484.493,12.987
39484.567,12.987
39484.650,12.98
39484.761,12.927
39484.869,13.047
39484.966,12.993
39485.060,12.907
39485.158,12.9
39485.278,12.873
39485.381,12.947
39485.469,13.067
39485.589,12.953
39485.687,12.9
39485.795,13.087
39485.893,12.907
39485.945,12.927
39486.119,12.9
39486.163,12.967
39486.293,13.013
39486.344,12.867
39486.484,13.053
39486.599,12.953
39486.653,12.953
39536.751,12.953
39536.854,12.967
39536.959,12.913
39537.055,12.947
39537.155,12.973
39537.255,12.993
39537.356,12.94
39537.452,12.833
39537.549,12.88
39537.657,13.06
39537.753,12.98
39537.864,12.933
39537.957,12.9
39538.045,12.9
39538.141,12.887
39538.241,12.973
39538.347,12.867
39538.442,12.887
39538.538,12.887
39538.658,12.987
39538.760,12.84
39538.853,12.887
39538.949,12.98
39539.059,12.947
39539.170,12.927
39539.268,12.96
39539.361,12.94
39539.471,12.933
39539.567,13.067
39539.687,13.013
39539.793,12.967
39539.834,12.867
39539.988,12.893
39540.084,12.993
39540.184,12.947
39540.234,12.94
39540.358,12.92
39540.466,13.073
39540.572,12.98
39540.694,12.907
39540.744,12.987
39540.896,12.987
39540.937,13.067
39541.035,13.027
39541.133,13.02
39541.229,12.887
39541.334,12.813
39541.435,12.953
39541.545,12.867
39541.630,12.86
39541.739,13.02
39541.837,12.927
39541.934,12.947
39542.043,13.04
39542.138,12.98
39542.239,13.0
39542.337,12.98
39542.435,12.947
39542.530,13.02
39542.653,12.88
39542.746,12.953
39542.848,12.987
39542.942,12.92
39543.062,12.907
39543.146,12.853
39543.266,12.913
39543.364,12.92
39543.469,12.98
39543.555,12.94
39543.675,12.873
39543.772,13.073
39543.881,12.92
39543.979,13.033
39544.077,12.847
39544.128,12.92
39544.228,13.04
39544.349,12.993
39544.432,12.98
39544.532,12.9
39544.619,12.993
39544.739,12.887
39544.824,12.907
39544.940,12.987
39545.016,12.907
39545.123,13.033
39545.219,12.907
39545.329,13.047
39545.427,12.98
39545.525,12.913
39545.619,12.973
39545.717,13.04
39545.815,12.933
39545.935,12.973
39546.043,12.933
39546.114,12.96
39546.234,13.027
39546.332,13.02
39546.423,13.053
39546.542,12.993
39546.643,12.893
39596.736,12.967
39596.847,13.093
39596.944,12.993
39597.038,12.987
39597.143,13.113
39597.256,13.053
39597.353,13.02
39597.447,13.013
39597.555,12.98
39597.631,12.973
39597.775,12.907
39597.880,12.96
39597.969,12.987
39598.018,12.907
39598.109,12.92
39598.266,12.867
39598.322,12.94
39598.415,13.013
39598.520,13.033
39598.618,12.98
39598.728,12.92
39598.824,12.887
39598.925,12.947
39599.006,12.967
39599.118,13.027
39599.206,12.92
39599.310,12.907
39599.422,12.987
39599.545,12.933
39599.606,12.78
39599.716,12.88
39599.817,12.88
39599.925,12.933
39600.021,12.953
39600.130,12.967
39600.226,13.033
39600.322,12.907
39600.417,12.887
39600.518,12.933
39600.638,13.067
39600.734,12.953
39600.827,13.02
39600.949,12.96
39601.049,12.867
39601.145,13.033
39601.255,12.887
39601.351,12.893
39601.454,12.927
39601.554,12.953
39601.601,13.027
39601.761,12.94
39601.859,12.893
39601.966,12.88
39602.062,12.947
39602.116,13.047
39602.206,13.027
39602.314,13.047
39602.410,12.973
39602.506,12.987
39602.604,12.947
39602.704,12.92
39602.799,12.98
39602.897,12.927
39602.993,13.093
39603.094,12.927
39603.212,13.047
39603.312,12.987
39603.391,13.0
39603.506,13.0
39603.604,13.013
39603.699,13.06
39603.804,12.967
39603.898,12.873
39604.018,12.993
39604.126,13.04
39604.219,13.02
39604.307,12.953
39604.429,12.94
39604.538,12.867
39604.636,12.953
39604.731,13.06
39604.832,12.84
39604.896,12.993
39604.994,12.98
39605.096,12.953
39605.229,13.067
39605.307,13.007
39605.418,12.9
39605.494,12.98
39605.597,12.993
39605.750,13.1
39605.802,13.073
39605.962,12.913
39606.003,12.947
39606.084,12.987
39606.182,12.9
39606.285,12.96
39606.400,13.007
39606.494,12.893
39606.594,12.987
39606.701,12.913
39656.788,12.967
39656.885,13.0
39656.983,12.973
39657.089,12.873
39657.185,12.933
39657.282,12.973
39657.378,12.98
39657.503,12.927
39657.599,12.94
39657.695,13.067
39657.807,13.02
39657.913,13.047
39658.010,12.98
39658.106,12.933
39658.214,12.953
39658.288,12.987
39658.408,12.86
39658.537,12.853
39658.609,13.053
39658.728,13.0
39658.824,13.027
39658.917,13.06
39659.042,13.073
39659.136,12.9
39659.231,13.013
39659.341,12.973
39659.439,12.94
39659.538,12.967
39659.591,12.933
39659.687,12.98
39659.785,13.047
39659.881,12.867
39660.050,12.927
39660.077,12.867
39660.195,12.913
39660.273,13.013
39660.398,12.967
39660.481,13.047
39660.582,12.86
39660.692,12.887
39660.787,12.967
39660.880,12.807
39660.976,13.027
39661.074,12.92
39661.180,13.06
39661.273,13.007
39661.393,13.033
39661.476,13.02
39661.589,12.967
39661.690,12.933
39661.788,12.993
39661.888,12.927
39662.008,12.96
39662.104,12.92
39662.211,12.82
39662.273,12.987
39662.418,12.96
39662.513,12.947
39662.623,13.013
39662.719,12.92
39662.815,12.98
39662.866,12.927
39663.016,13.027
39663.067,12.927
39663.165,12.887
39663.261,12.947
39663.361,12.92
39663.527,12.933
39663.579,12.88
39663.680,12.92
39663.780,13.073
39663.875,13.0
39663.974,12.967
39664.072,12.967
39664.179,12.907
39664.280,13.007
39664.359,13.053
39664.461,13.007
39664.571,13.093
39664.673,13.007
39664.785,12.933
39664.863,12.94
39664.962,12.933
39665.074,12.853
39665.162,12.96
39665.263,12.873
39665.385,12.913
39665.489,12.853
39665.589,12.967
39665.685,12.953
39665.783,13.053
39665.890,12.967
39665.998,13.013
39666.094,13.007
39666.194,13.127
39666.298,12.96
39666.396,12.953
39666.515,12.98
39666.621,12.993
39716.711,13.013
39716.810,13.127
39716.859,12.92
39716.961,12.993
39717.057,12.993
39717.153,12.94
39717.251,13.107
39717.359,12.987
39717.449,12.967
39717.552,12.88
39717.652,12.867
39717.748,12.92
39717.848,12.86
39718.040,13.0
39718.048,12.96
39718.160,12.913
39718.256,12.92
39718.361,13.02
39718.459,13.007
39718.543,13.027
39718.650,12.967
39718.756,13.027
39718.871,13.027
39718.961,12.96
39719.057,12.92
39719.163,12.9
39719.263,12.967
39719.369,12.9
39719.451,12.893
39719.584,12.873
39719.679,12.92
39719.778,12.907
39719.873,13.06
39720.000,13.067
39720.094,13.02
39720.192,12.94
39720.248,13.027
39720.339,12.98
39720.503,13.047
39720.601,13.04
39720.709,12.927
39720.805,12.927
39720.900,12.893
39720.954,12.907
39721.057,12.94
39721.148,13.033
39721.246,12.967
39721.344,13.033
39721.445,12.873
39721.547,12.993
39721.641,12.96
39721.765,12.967
39721.844,13.133
39721.942,12.947
39722.038,12.92
39722.135,13.007
39722.246,13.0
39722.342,12.92
39722.440,12.953
39722.545,13.053
39722.643,13.033
39722.761,12.947
39722.869,12.987
39722.961,13.033
39723.042,12.913
39723.150,12.873
39723.251,13.007
39723.354,13.067
39723.435,13.007
39723.545,12.953
39723.646,12.967
39723.753,12.873
39723.875,13.0
39723.971,13.087
39724.086,12.913
39724.182,12.88
39724.231,12.887
39724.388,12.993
39724.440,13.027
39724.530,12.953
39724.626,12.953
39724.729,12.833
39724.832,12.947
39724.930,12.86
39725.027,12.927
39725.143,12.987
39725.239,12.893
39725.342,12.94
39725.442,13.007
39725.537,13.033
39725.625,12.907
39725.724,12.98
39725.834,12.947
39725.932,12.913
39726.028,12.847
39726.128,12.9
39726.222,13.0
39726.342,12.893
39726.437,13.033
39726.543,13.0
39726.631,12.987
39776.756,12.96
39776.849,13.087
39776.957,12.953
39777.052,13.027
39777.148,12.98
39777.280,13.093
39777.348,13.0
39777.469,12.96
39777.565,12.92
39777.646,12.967
39777.756,12.987
39777.878,13.0
39777.969,13.02
39778.013,12.907
39778.118,12.88
39778.214,13.013
39778.383,12.92
39778.422,12.887
39778.518,12.92
39778.648,13.02
39778.793,13.033
39778.822,13.067
39778.932,12.973
39779.013,12.96
39779.116,12.92
39779.243,12.953
39779.327,12.96
39779.410,12.913
39779.523,13.027
39779.619,13.013
39779.716,12.987
39779.812,12.98
39779.920,12.94
39780.016,13.12
39780.113,12.967
39780.219,12.967
39780.332,12.96
39780.429,12.853
39780.527,12.967
39780.631,12.973
39780.726,12.993
39780.849,12.94
39780.954,12.913
39781.035,12.88
39781.155,12.92
39781.250,12.987
39781.341,12.86
39781.461,12.96
39781.559,12.907
39781.653,12.973
39781.758,12.86
39781.809,12.88
39781.902,12.98
39782.023,12.973
39782.106,12.92
39782.207,12.773
39782.302,12.947
39782.440,13.007
39782.518,13.02
39782.603,12.907
39782.706,12.96
39782.815,13.013
39782.910,12.967
39783.013,12.94
39783.109,13.033
39783.202,12.947
39783.300,12.953
39783.423,13.02
39783.498,12.987
39783.616,12.933
39783.719,13.02
39783.814,12.94
39783.902,13.04
39784.006,13.047
39784.126,13.013
39784.197,12.86
39784.329,12.993
39784.427,13.067
39784.525,12.96
39784.631,12.94
39784.739,13.073
39784.837,13.027
39784.935,13.047
39785.042,12.98
39785.136,12.927
39785.234,13.107
39785.390,13.02
39785.393,13.0
39785.554,13.027
39785.652,12.847
39785.697,12.927
39785.802,12.973
39785.896,13.02
39785.993,12.947
39786.099,12.953
39786.204,12.9
39786.302,12.96
39786.398,12.92
39786.494,12.987
39786.611,13.053
39786.707,13.027
40076.788,13.027
40076.903,12.887
40076.998,13.0
40077.096,13.0
40077.202,13.013
40077.307,13.013
40077.403,12.933
40077.500,12.98
40077.587,13.033
40077.711,12.907
40077.807,12.987
40077.900,13.02
40077.998,13.067
40078.099,12.987
40078.202,12.98
40078.305,13.033
40078.383,13.027
40078.491,13.067
40078.592,12.987
40078.696,12.953
40078.797,13.0
40078.900,12.973
40079.003,13.013
40079.108,13.073
40079.182,12.893
40079.280,12.987
40079.381,13.02
40079.543,12.96
40079.638,12.973
40079.692,13.04
40079.800,12.973
40079.900,12.893
40079.984,12.987
40080.081,13.04
40080.180,13.067
40080.275,13.053
40080.397,13.013
40080.476,12.907
40080.579,12.98
40080.699,12.987
40080.797,13.007
40080.878,12.987
40080.989,12.867
40081.084,12.973
40081.182,12.96
40081.288,13.013
40081.385,12.913
40081.505,13.053
40081.613,12.913
40081.701,12.96
40081.798,13.04
40081.898,12.967
40081.991,12.94
40082.116,12.847
40082.212,13.047
40082.309,12.987
40082.417,12.88
40082.515,12.907
40082.609,12.98
40082.685,13.013
40082.829,13.013
40082.927,12.98
40083.023,12.867
40083.126,12.953
40083.177,13.007
40083.275,12.927
40083.369,12.933
40083.474,12.92
40083.576,12.967
40083.741,12.92
40083.770,13.04
40083.881,12.953
40083.986,12.92
40084.072,12.953
40084.214,12.92
40084.270,12.873
40084.369,12.947
40084.474,12.94
40084.574,12.907
40084.684,12.993
40084.768,12.967
40084.864,13.027
40084.964,12.96
40085.071,12.98
40085.175,12.993
40085.287,13.013
40085.376,13.02
40085.462,12.853
40085.582,13.073
40085.699,12.927
40085.768,12.873
40085.888,12.947
40085.984,13.027
40086.092,13.087
40086.212,13.087
40086.309,13.007
40086.390,12.993
40086.498,12.967
40086.616,13.04
40136.714,13.053
40136.758,13.033
40136.923,12.94
40137.021,12.8
40137.126,12.9
40137.168,12.96
40137.272,13.04
40137.422,12.913
40137.537,12.927
40137.564,12.927
40137.660,12.96
40137.758,12.887
40137.859,12.933
40137.972,12.953
40138.071,12.947
40138.173,12.94
40138.261,12.973
40138.356,12.96
40138.456,12.833
40138.550,12.947
40138.663,12.987
40138.761,12.94
40138.859,12.953
40138.962,12.92
40139.076,12.973
40139.170,13.02
40139.268,12.973
40139.373,12.98
40139.498,13.14
40139.594,12.96
40139.670,12.92
40139.766,12.913
40139.849,13.02
40139.949,12.98
40140.065,13.033
40140.158,12.967
40140.261,12.893
40140.432,12.96
40140.466,12.947
40140.567,12.98
40140.673,13.0
40140.748,13.007
40140.847,13.047
40140.959,13.08
40141.062,12.887
40141.212,12.993
40141.248,12.933
40141.344,12.933
40141.462,12.933
40141.557,13.02
40141.655,12.847
40141.751,12.98
40141.856,13.0
40141.947,12.987
40142.045,12.987
40142.141,12.88
40142.272,12.9
40142.363,13.06
40142.456,12.987
40142.552,12.913
40142.638,12.947
40142.750,12.96
40142.869,12.94
40142.966,12.953
40143.050,12.973
40143.170,12.94
40143.268,13.047
40143.371,12.893
40143.459,12.953
40143.579,13.027
40143.677,12.907
40143.783,12.913
40143.834,12.967
40143.942,13.073
40144.045,12.993
40144.155,13.073
40144.253,12.933
40144.356,12.907
40144.432,13.02
40144.589,13.087
40144.641,13.067
40144.744,12.987
40144.841,12.953
40144.944,13.033
40145.035,13.0
40145.153,13.007
40145.234,12.927
40145.354,12.88
40145.449,12.967
40145.547,12.987
40145.646,13.02
40145.744,12.94
40145.841,13.033
40145.945,13.02
40146.038,12.893
40146.135,13.067
40146.231,13.033
40146.327,12.96
40146.452,12.887
40146.545,12.933
40146.641,12.973
40196.750,13.073
40196.847,13.007
40196.946,13.007
40197.049,12.86
40197.160,13.007
40197.263,12.947
40197.364,12.967
40197.467,13.0
40197.570,13.02
40197.680,12.927
40197.783,13.087
40197.876,13.1
40197.979,12.947
40198.082,13.053
40198.192,12.947
40198.221,12.947
40198.391,13.007
40198.518,12.9
40198.535,12.933
40198.631,12.947
40198.729,13.027
40198.831,13.0
40198.934,12.98
40199.035,12.987
40199.135,12.973
40199.253,13.067
40199.327,13.007
40199.430,12.953
40199.530,12.84
40199.619,12.953
40199.716,13.013
40199.839,13.053
40199.935,13.06
40200.030,12.953
40200.131,12.927
40200.228,13.04
40200.327,13.08
40200.449,12.947
40200.523,12.987
40200.645,13.047
40200.722,12.913
40200.856,13.067
40200.952,12.953
40201.052,12.88
40201.168,12.893
40201.263,12.887
40201.361,12.987
40201.456,13.013
40201.565,12.98
40201.665,12.893
40201.768,13.033
40201.871,12.96
40201.973,12.867
40202.077,12.967
40202.192,12.96
40202.211,12.907
40202.383,12.98
40202.413,12.9
40202.508,13.0
40202.626,12.98
40202.717,12.98
40202.826,12.973
40202.927,12.98
40203.025,12.927
40203.109,12.94
40203.211,12.993
40203.319,13.06
40203.417,12.967
40203.518,13.027
40203.619,13.013
40203.714,12.94
40203.822,12.953
40203.905,13.047
40204.028,12.927
40204.109,12.893
40204.214,12.967
40204.321,13.013
40204.442,13.033
40204.506,13.013
40204.626,12.96
40204.711,12.933
40204.841,12.947
40204.937,12.9
40205.035,13.067
40205.131,12.92
40205.246,13.033
40205.339,13.04
40205.462,12.867
40205.545,13.033
40205.665,13.06
40205.719,13.013
40205.868,12.933
40205.956,13.027
40206.008,12.973
40206.113,12.953
40206.207,12.887
40206.302,12.967
40206.403,12.94
40206.501,13.013
40206.603,13.027
40256.716,13.007
40256.815,12.88
40256.915,12.967
40257.001,13.06
40257.097,13.007
40257.194,13.08
40257.339,12.96
40257.415,12.96
40257.510,13.04
40257.608,13.02
40257.704,13.12
40257.814,12.993
40257.913,13.087
40258.013,13.053
40258.116,13.047
40258.214,12.973
40258.307,13.1
40258.440,13.0
40258.513,12.927
40258.619,12.967
40258.695,12.933
40258.844,12.94
40258.907,12.987
40259.033,13.013
40259.116,13.067
40259.244,12.96
40259.341,13.027
40259.393,13.02
40259.543,12.973
40259.587,12.913
40259.751,12.98
40259.849,13.04
40259.956,13.027
40259.984,12.913
40260.096,12.92
40260.192,13.0
40260.300,12.967
40260.400,12.887
40260.494,12.927
40260.598,12.98
40260.689,13.073
40260.787,13.007
40260.886,12.953
40260.984,13.04
40261.084,12.98
40261.182,12.933
40261.282,12.92
40261.403,12.913
40261.500,13.013
40261.599,12.96
40261.696,13.047
40261.788,13.033
40261.908,13.093
40262.006,12.927
40262.114,13.033
40262.199,12.92
40262.320,13.0
40262.396,13.013
40262.528,13.107
40262.582,12.993
40262.690,12.953
40262.793,13.08
40262.898,12.967
40262.998,12.9
40263.104,12.94
40263.217,12.953
40263.280,13.1
40263.442,12.947
40263.540,12.96
40263.587,12.98
40263.680,12.92
40263.782,12.947
40263.954,12.933
40263.996,13.007
40264.089,12.947
40264.190,12.927
40264.285,12.92
40264.393,12.973
40264.489,12.933
40264.587,12.933
40264.687,13.04
40264.775,13.007
40264.873,13.08
40264.967,13.08
40265.091,13.067
40265.189,12.887
40265.283,12.92
40265.383,13.013
40265.491,13.107
40265.589,13.0
40265.682,13.047
40265.790,12.96
40265.903,12.913
40266.001,12.98
40266.103,12.947
40266.201,12.873
40266.277,12.973
40266.398,12.933
40266.525,13.033
40266.616,13.047
40266.709,13.067
40316.807,12.973
40316.937,13.033
40316.964,12.907
40317.062,12.947
40317.194,12.98
40317.302,12.973
40317.410,12.973
40317.462,12.953
40317.564,12.847
40317.675,12.88
40317.772,12.933
40317.869,12.953
40317.971,12.953
40318.072,12.973
40318.170,12.98
40318.273,12.86
40318.363,12.913
40318.479,12.893
40318.581,12.913
40318.675,12.873
40318.773,13.027
40318.871,12.987
40318.969,12.94
40319.065,13.073
40319.168,12.887
40319.285,13.04
40319.380,13.027
40319.464,13.0
40319.579,12.947
40319.697,12.9
40319.792,12.973
40319.900,12.887
40320.000,13.013
40320.097,12.987
40320.201,13.0
40320.265,13.08
40320.412,13.027
40320.532,12.967
40320.611,13.027
40320.709,12.967
40320.805,12.933
40320.908,12.933
40320.959,12.933
40321.064,13.033
40321.153,13.0
40321.256,12.967
40321.373,12.967
40321.467,13.02
40321.565,12.9
40321.672,12.973
40321.763,13.027
40321.859,13.04
40321.957,12.987
40322.060,13.073
40322.170,12.987
40322.268,13.133
40322.369,13.013
40322.449,12.793
40322.570,12.927
40322.665,12.86
40322.773,12.833
40322.849,12.933
40322.969,13.033
40323.067,12.92
40323.155,12.907
40323.275,12.973
40323.373,13.047
40323.462,13.007
40323.576,12.94
40323.673,12.927
40323.793,12.933
40323.876,12.84
40323.993,13.0
40324.089,13.007
40324.187,13.033
40324.287,12.92
40324.408,12.953
40324.501,12.847
40324.609,12.907
40324.697,13.007
40324.748,12.853
40324.842,13.02
40325.023,12.953
40325.050,12.94
40325.148,12.927
40325.244,13.0
40325.344,12.927
40325.457,13.013
40325.540,12.893
40325.662,12.893
40325.748,13.12
40325.846,13.067
40325.944,12.973
40326.038,12.947
40326.150,13.007
40326.244,13.04
40326.342,13.107
40326.449,12.993
40326.537,12.873
40326.658,13.027
40376.734,12.94
40376.859,12.967
40376.946,12.9
40377.055,12.847
40377.136,12.973
40377.243,12.987
40377.366,12.893
40377.461,12.853
40377.550,13.027
40377.684,12.907
40377.778,13.067
40377.876,12.973
40377.988,12.993
40378.082,12.94
40378.177,12.9
40378.229,12.973
40378.334,12.9
40378.494,12.827
40378.587,12.96
40378.697,13.02
40378.795,12.947
40378.848,12.86
40378.939,12.907
40379.043,12.993
40379.148,13.067
40379.244,12.98
40379.341,13.08
40379.427,12.953
40379.528,12.88
40379.646,12.98
40379.756,12.987
40379.839,12.967
40379.937,12.98
40380.035,12.96
40380.170,12.987
40380.241,12.813
40380.339,12.913
40380.437,12.893
40380.535,12.94
40380.633,12.94
40380.744,13.02
40380.821,13.047
40380.927,12.907
40381.048,13.007
40381.143,12.833
40381.244,13.013
40381.366,12.887
40381.462,13.007
40381.559,12.927
40381.660,13.033
40381.758,12.967
40381.878,13.013
40381.962,12.973
40382.074,13.0
40382.121,12.893
40382.285,13.027
40382.371,13.04
40382.423,12.907
40382.520,12.887
40382.616,12.98
40382.945,12.867
40383.030,13.0
40383.131,12.833
40383.234,12.987
40383.331,12.933
40383.430,12.933
40383.530,12.933
40383.633,12.913
40383.717,12.86
40383.821,12.993
40383.917,12.98
40384.020,12.94
40384.119,12.933
40384.236,12.96
40384.312,13.02
40384.435,13.033
40384.533,12.96
40384.648,12.9
40384.741,12.993
40384.837,12.86
40384.944,12.96
40385.013,13.033
40385.111,13.0
40385.217,13.053
40385.324,12.873
40385.427,13.08
40385.535,13.04
40385.650,12.933
40385.771,12.92
40385.866,13.047
40385.964,12.827
40386.072,12.913
40386.168,13.013
40386.217,13.0
40386.310,12.96
40386.420,12.833
40386.515,12.92
40386.613,12.973
40386.709,12.887
40676.810,12.887
40676.905,12.987
40677.003,13.067
40677.104,13.033
40677.219,12.913
40677.320,12.993
40677.415,13.053
40677.516,12.88
40677.613,12.907
40677.709,12.967
40677.802,12.933
40677.910,13.007
40678.005,12.947
40678.126,12.873
40678.209,13.007
40678.320,12.907
40678.413,12.973
40678.538,12.94
40678.646,12.947
40678.721,12.907
40678.802,13.007
40678.900,12.913
40679.006,12.913
40679.109,12.933
40679.214,12.953
40679.354,12.94
40679.427,12.993
40679.548,13.027
40679.599,12.967
40679.702,12.907
40679.795,12.953
40679.961,13.04
40680.043,13.007
40680.109,12.953
40680.207,13.047
40680.302,12.967
40680.413,12.993
40680.515,12.993
40680.611,12.913
40680.709,12.973
40680.810,12.973
40680.893,12.96
40681.011,12.98
40681.109,12.907
40681.192,13.013
40681.293,12.94
40681.410,12.98
40681.515,13.013
40681.611,12.953
40681.712,13.06
40681.807,12.94
40681.898,12.953
40682.021,13.007
40682.119,12.86
40682.214,12.987
40682.320,12.933
40682.415,13.013
40682.511,12.96
40682.616,13.073
40682.726,12.973
40682.824,12.867
40682.918,12.947
40683.030,12.893
40683.126,13.08
40683.246,12.927
40683.353,13.08
40683.395,13.047
40683.548,13.027
40683.601,12.907
40683.684,13.06
40683.785,12.967
40683.888,12.933
40683.991,12.907
40684.087,12.86
40684.202,12.973
40684.304,12.973
40684.388,12.947
40684.483,12.98
40684.598,13.087
40684.694,12.813
40684.792,13.113
40684.891,12.953
40684.986,12.92
40685.082,12.953
40685.192,12.96
40685.280,13.093
40685.400,12.92
40685.494,12.96
40685.603,12.973
40685.699,13.06
40685.795,13.053
40685.888,12.987
40685.989,13.013
40686.113,12.967
40686.207,12.94
40686.292,12.987
40686.402,12.94
40686.522,12.973
40686.618,12.933
40736.729,12.873
40736.826,12.947
40736.924,13.033
40737.030,13.007
40737.136,13.04
40737.234,12.887
40737.331,12.927
40737.439,12.887
40737.535,12.927
40737.587,13.02
40737.689,12.98
40737.787,13.06
40737.883,13.0
40737.984,12.88
40738.082,12.967
40738.177,13.0
40738.285,13.013
40738.371,13.193
40738.498,13.02
40738.586,12.927
40738.685,12.987
40738.785,13.047
40738.891,12.967
40738.969,12.96
40739.070,12.993
40739.175,13.053
40739.273,12.893
40739.393,13.053
40739.479,13.007
40739.601,13.053
40739.684,13.013
40739.770,12.887
40739.888,13.08
40739.984,13.02
40740.079,12.987
40740.202,12.9
40740.300,12.973
40740.405,13.04
40740.501,12.96
40740.599,13.047
40740.702,12.947
40740.817,12.98
40740.915,12.933
40740.967,12.987
40741.116,13.053
40741.167,13.013
40741.263,13.027
40741.361,12.98
40741.462,12.887
40741.626,12.987
40741.680,13.08
40741.773,13.013
40741.873,12.867
40741.969,13.033
40742.072,13.027
40742.174,12.913
40742.261,12.947
40742.358,12.933
40742.457,12.933
40742.569,12.88
40742.665,12.98
40742.761,12.993
40742.858,13.053
40742.978,13.04
40743.072,12.933
40743.172,12.927
40743.273,13.033
40743.366,12.993
40743.467,13.007
40743.572,13.087
40743.689,12.987
40743.777,13.013
40743.856,12.933
40743.959,12.933
40744.067,12.933
40744.187,13.06
40744.307,12.953
40744.376,12.88
40744.511,13.02
40744.608,12.927
40744.704,12.98
40744.814,12.967
40744.913,12.913
40745.008,12.96
40745.059,13.0
40745.160,12.867
40745.256,12.88
40745.354,12.967
40745.449,12.92
40745.548,12.913
40745.670,13.0
40745.765,12.993
40745.848,12.88
40745.962,12.873
40746.059,12.94
40746.153,12.913
40746.260,13.027
40746.353,12.9
40746.451,12.92
40746.547,12.993
40746.653,13.013
40796.751,13.013
40796.878,13.0
40796.956,12.96
40797.062,13.067
40797.162,13.013
40797.260,12.94
40797.368,12.973
40797.459,12.967
40797.582,13.047
40797.685,12.96
40797.773,12.953
40797.893,12.973
40797.988,12.933
40798.097,13.08
40798.192,12.96
40798.248,13.007
40798.351,12.96
40798.459,12.847
40798.562,12.88
40798.667,12.953
40798.741,13.0
40798.837,12.933
40798.940,12.893
40799.038,13.087
40799.155,12.887
40799.236,12.947
40799.341,13.007
40799.435,12.98
40799.548,12.94
40799.657,12.967
40799.739,13.053
40799.841,13.047
40799.937,13.02
40800.033,12.967
40800.136,12.933
40800.256,12.953
40800.354,13.033
40800.437,13.067
40800.533,12.953
40800.648,12.98
40800.738,12.967
40800.844,12.987
40800.957,13.027
40801.062,12.88
40801.160,13.013
40801.256,12.933
40801.361,12.98
40801.469,13.027
40801.567,13.067
40801.663,12.873
40801.772,12.973
40801.868,12.827
40801.964,12.967
40802.096,12.92
40802.184,13.047
40802.280,13.053
40802.332,12.953
40802.427,12.987
40802.528,12.913
40802.623,13.127
40802.790,13.1
40802.832,12.953
40802.939,12.913
40803.035,13.033
40803.131,12.833
40803.224,12.933
40803.344,12.96
40803.440,12.92
40803.611,12.94
40803.640,13.027
40803.734,12.973
40803.831,12.927
40803.932,13.013
40804.038,12.88
40804.125,12.987
40804.226,13.0
40804.322,12.987
40804.432,12.853
40804.533,12.907
40804.638,12.98
40804.741,12.993
40804.842,12.953
40804.939,12.973
40805.045,12.953
40805.145,12.993
40805.226,13.013
40805.329,13.027
40805.437,12.967
40805.555,12.947
40805.641,13.12
40805.768,13.047
40805.848,13.107
40805.967,13.0
40806.065,12.953
40806.182,13.02
40806.278,12.873
40806.375,13.02
40806.476,12.893
40806.528,12.973
40806.621,12.927
40856.719,12.953
40856.822,13.027
40856.918,12.953
40857.021,12.967
40857.118,12.987
40857.243,12.947
40857.314,12.933
40857.432,12.98
40857.530,12.98
40857.618,12.96
40857.712,12.973
40857.832,12.993
40857.908,12.9
40858.016,12.933
40858.121,12.927
40858.221,12.98
40858.327,12.98
40858.420,13.113
40858.515,12.993
40858.636,12.92
40858.744,12.967
40858.827,13.0
40858.946,12.94
40859.043,12.867
40859.155,13.08
40859.255,13.0
40859.349,13.0
40859.447,12.98
40859.549,13.087
40859.647,12.94
40859.766,12.96
40859.854,13.04
40859.962,12.853
40860.062,13.02
40860.111,13.087
40860.214,12.907
40860.310,12.88
40860.410,12.973
40860.508,13.0
40860.606,13.053
40860.702,12.973
40860.824,12.933
40860.922,12.84
40861.018,12.96
40861.116,13.04
40861.212,12.987
40861.317,12.96
40861.412,13.013
40861.508,12.96
40861.604,12.853
40861.707,12.953
40861.802,12.927
40861.923,12.96
40862.022,12.847
40862.121,12.88
40862.217,12.96
40862.315,12.96
40862.420,12.993
40862.530,12.98
40862.618,12.967
40862.719,12.947
40862.831,12.853
40862.927,12.92
40863.003,13.027
40863.101,12.933
40863.209,13.1
40863.315,12.987
40863.422,12.88
40863.537,12.887
40863.628,13.007
40863.748,13.053
40863.802,12.933
40863.957,13.053
40864.057,12.94
40864.106,12.893
40864.199,13.053
40864.307,12.973
40864.405,12.967
40864.501,12.833
40864.672,13.0
40864.699,12.993
40864.798,12.947
40864.891,12.967
40864.991,12.873
40865.097,12.973
40865.196,12.953
40865.292,12.933
40865.403,12.973
40865.501,12.973
40865.599,12.833
40865.694,12.953
40865.797,12.927
40865.891,12.973
40866.015,13.087
40866.098,13.0
40866.185,12.933
40866.307,13.013
40866.403,12.953
40866.506,12.927
40866.626,12.907
40916.723,12.92
40916.831,12.967
40916.917,12.98
40916.991,12.853
40917.099,13.007
40917.241,12.96
40917.297,13.0
40917.397,12.993
40917.501,12.9
40917.609,12.96
40917.685,12.893
40917.792,12.96
40917.895,12.98
40917.979,13.007
40918.097,12.953
40918.180,12.913
40918.300,12.98
40918.400,12.973
40918.494,12.96
40918.591,13.013
40918.695,13.013
40918.793,12.993
40918.886,12.887
40918.981,12.887
40919.079,12.88
40919.177,12.94
40919.295,12.907
40919.403,13.04
40919.494,12.92
40919.591,12.953
40919.690,12.953
40919.785,12.987
40919.905,12.9
40920.003,12.82
40920.101,12.973
40920.207,12.893
40920.305,12.947
40920.403,13.1
40920.503,12.987
40920.616,12.893
40920.712,12.92
40920.807,12.967
40920.915,12.96
40921.011,13.053
40921.131,12.94
40921.239,13.033
40921.329,12.92
40921.403,12.953
40921.479,13.027
40921.571,12.973
40921.675,13.08
40921.770,13.067
40921.868,12.993
40921.974,12.913
40922.079,12.84
40922.185,12.913
40922.270,12.907
40922.368,13.053
40922.476,12.873
40922.581,12.873
40922.665,12.867
40922.782,12.9
40922.878,12.847
40922.974,12.927
40923.077,12.893
40923.165,13.04
40923.285,12.98
40923.381,12.947
40923.491,13.067
40923.587,13.007
40923.684,12.96
40923.777,13.0
40923.881,12.94
40924.005,13.007
40924.101,12.873
40924.187,12.907
40924.288,12.973
40924.410,13.0
40924.513,12.973
40924.616,12.953
40924.668,12.98
40924.815,12.933
40924.915,12.86
40924.959,13.033
40925.062,13.04
40925.155,13.007
40925.327,12.973
40925.356,12.98
40925.522,13.013
40925.574,12.907
40925.675,12.967
40925.771,12.967
40925.866,12.96
40925.964,12.9
40926.064,12.933
40926.184,13.0
40926.256,13.033
40926.354,13.0
40926.456,12.973
40926.565,13.047
40926.695,12.987
40976.751,12.92
40976.863,12.9
40976.961,12.947
40977.064,13.127
40977.163,13.06
40977.248,13.0
40977.369,13.007
40977.457,13.053
40977.579,13.14
40977.677,12.8
40977.778,12.947
40977.873,12.88
40977.994,12.833
40978.091,12.987
40978.187,13.06
40978.290,13.0
40978.388,12.88
40978.486,12.967
40978.564,13.02
40978.647,12.847
40978.810,12.9
40978.905,12.953
40978.957,12.9
40979.049,12.873
40979.150,12.927
40979.244,13.027
40979.351,12.953
40979.454,13.0
40979.550,12.86
40979.650,13.013
40979.761,12.847
40979.856,13.007
40979.961,12.913
40980.060,12.933
40980.150,13.06
40980.244,12.98
40980.342,12.873
40980.449,13.0
40980.549,12.98
40980.645,13.013
40980.741,13.06
40980.864,12.973
40980.957,13.013
40981.049,13.0
40981.163,12.94
40981.253,12.947
40981.359,12.987
40981.435,12.987
40981.572,12.993
40981.643,13.067
40981.746,12.92
40981.849,12.893
40981.952,12.96
40982.052,12.927
40982.160,13.033
40982.280,13.013
40982.366,12.96
40982.489,12.987
40982.540,12.987
40982.633,12.947
40982.734,12.867
40982.898,12.92
40982.949,13.033
40983.048,13.013
40983.145,12.893
40983.241,13.0
40983.339,12.987
40983.435,12.933
40983.538,12.907
40983.631,12.933
40983.736,12.86
40983.849,12.887
40983.947,12.907
40984.027,12.9
40984.172,13.013
40984.244,12.92
40984.341,12.92
40984.440,12.993
40984.538,12.96
40984.638,12.94
40984.758,12.993
40984.837,12.933
40984.949,12.927
40985.069,12.94
40985.165,12.967
40985.256,12.933
40985.349,12.873
40985.469,13.04
40985.572,12.953
40985.658,12.92
40985.778,13.053
40985.875,12.887
40985.984,12.933
40986.079,12.933
40986.135,13.007
40986.241,12.907
40986.342,12.993
40986.446,12.913
40986.523,12.953
40986.626,12.807
41276.722,12.913
41276.837,12.867
41276.935,12.847
41277.043,12.987
41277.128,12.933
41277.224,13.027
41277.329,13.14
41277.434,13.02
41277.530,12.973
41277.636,12.9
41277.731,12.987
41277.821,13.08
41277.918,12.98
41278.015,13.053
41278.145,12.987
41278.238,12.993
41278.334,12.973
41278.430,12.907
41278.523,12.933
41278.650,13.0
41278.748,12.98
41278.844,12.893
41278.949,12.987
41279.047,12.9
41279.145,12.913
41279.248,12.913
41279.363,12.867
41279.459,12.993
41279.557,12.927
41279.658,13.02
41279.751,13.0
41279.871,12.88
41279.984,13.067
41280.074,12.98
41280.170,12.887
41280.219,12.933
41280.314,12.953
41280.417,12.933
41280.515,12.953
41280.613,12.907
41280.717,12.967
41280.829,12.933
41280.925,12.973
41281.023,12.88
41281.106,12.96
41281.209,13.107
41281.342,12.973
41281.498,12.92
41281.527,12.973
41281.623,12.967
41281.712,13.007
41281.821,12.953
41281.918,13.06
41282.016,12.987
41282.111,12.847
41282.204,12.927
41282.327,13.06
41282.425,12.98
41282.525,13.033
41282.625,12.887
41282.746,12.953
41282.841,13.093
41282.934,12.953
41283.035,12.86
41283.157,12.92
41283.253,13.08
41283.359,13.033
41283.454,13.013
41283.554,12.94
41283.658,12.933
41283.699,12.947
41283.859,12.893
41283.897,12.96
41284.001,12.94
41284.097,12.973
41284.263,13.113
41284.315,13.013
41284.415,12.987
41284.511,12.9
41284.608,12.92
41284.704,12.993
41284.807,12.973
41284.907,12.913
41285.006,12.9
41285.128,13.007
41285.207,12.98
41285.302,12.993
41285.398,13.0
41285.494,13.1
41285.609,13.007
41285.714,13.0
41285.812,12.953
41285.912,12.867
41286.013,12.887
41286.114,12.893
41286.256,12.9
41286.329,12.947
41286.405,12.907
41286.528,12.973
41286.641,12.867
41336.739,12.953
41336.837,13.04
41336.935,12.953
41337.035,12.92
41337.089,13.0
41337.189,12.973
41337.292,12.907
41337.449,12.953
41337.557,13.033
41337.584,12.947
41337.744,12.92
41337.797,12.867
41337.898,12.98
41337.986,12.953
41338.089,12.953
41338.197,12.82
41338.300,12.953
41338.403,12.973
41338.503,12.833
41338.597,12.927
41338.694,12.973
41338.802,13.0
41338.881,13.013
41339.001,12.947
41339.121,12.98
41339.192,12.92
41339.293,12.927
41339.393,12.98
41339.489,13.087
41339.606,12.94
41339.704,12.967
41339.800,13.027
41339.913,12.907
41340.018,12.907
41340.111,13.013
41340.216,12.993
41340.321,13.06
41340.418,12.987
41340.528,13.047
41340.640,12.94
41340.731,12.973
41340.827,12.94
41340.929,12.967
41341.055,12.873
41341.133,12.853
41341.239,12.913
41341.339,12.96
41341.375,12.913
41341.543,12.947
41341.643,12.973
41341.741,13.06
41341.783,12.967
41341.881,12.973
41341.978,13.033
41342.155,12.94
41342.182,12.94
41342.283,12.98
41342.383,13.027
41342.476,12.893
41342.572,12.973
41342.668,12.873
41342.770,12.873
41342.890,12.853
41342.984,12.907
41343.082,12.933
41343.180,12.887
41343.287,12.9
41343.390,12.94
41343.474,13.007
41343.579,13.067
41343.670,12.887
41343.793,12.98
41343.891,12.987
41343.991,13.007
41344.086,13.007
41344.207,12.953
41344.315,12.933
41344.400,12.96
41344.520,12.873
41344.618,12.913
41344.726,12.94
41344.820,12.96
41344.918,12.98
41345.016,13.067
41345.121,12.98
41345.219,12.953
41345.271,12.913
41345.364,12.92
41345.466,12.933
41345.633,13.007
41345.660,13.0
41345.758,13.033
41345.876,13.027
41345.972,12.893
41346.070,12.833
41346.177,12.867
41346.275,12.993
41346.378,13.067
41346.478,12.953
41346.565,13.08
41346.663,12.993
41396.756,12.887
41396.888,12.88
41396.976,13.0
41397.074,13.027
41397.175,13.013
41397.255,12.887
41397.386,13.02
41397.483,13.02
41397.579,13.027
41397.692,12.947
41397.788,12.953
41397.888,12.987
41397.991,12.987
41398.057,12.953
41398.167,12.987
41398.273,12.993
41398.375,12.98
41398.494,12.933
41398.584,13.007
41398.724,12.893
41398.815,12.973
41398.913,12.953
41399.008,12.913
41399.060,12.987
41399.153,12.953
41399.251,12.953
41399.418,13.06
41399.459,12.94
41399.574,13.02
41399.663,12.953
41399.768,13.067
41399.853,12.94
41399.949,12.873
41400.079,12.887
41400.150,13.007
41400.265,12.973
41400.361,12.98
41400.457,13.027
41400.562,12.96
41400.655,12.893
41400.751,12.973
41400.844,13.053
41400.949,13.007
41401.070,12.86
41401.167,12.967
41401.263,12.887
41401.366,12.927
41401.464,12.873
41401.584,12.947
41401.665,12.88
41401.766,13.0
41401.888,12.96
41401.984,13.04
41402.074,13.02
41402.150,12.953
41402.256,13.007
41402.361,12.98
41402.466,12.987
41402.538,13.053
41402.646,12.893
41402.810,12.94
41402.839,13.067
41403.000,12.98
41403.054,12.967
41403.136,12.86
41403.244,12.96
41403.342,12.953
41403.439,13.06
41403.550,12.973
41403.635,12.94
41403.756,13.007
41403.869,12.98
41403.947,12.92
41404.042,12.933
41404.138,12.953
41404.238,13.007
41404.351,12.98
41404.447,12.987
41404.543,12.913
41404.648,12.927
41404.746,12.94
41404.839,13.027
41404.974,12.92
41405.062,13.0
41405.155,13.04
41405.277,12.947
41405.339,13.02
41405.474,12.913
41405.571,12.973
41405.665,13.007
41405.775,12.867
41405.875,12.953
41405.974,13.04
41406.077,13.007
41406.185,12.987
41406.283,12.84
41406.390,12.86
41406.486,12.847
41406.538,12.953
41406.628,12.973
41456.726,12.933
41456.834,13.027
41456.932,12.927
41457.032,12.933
41457.128,12.907
41457.241,12.873
41457.337,12.993
41457.435,13.073
41457.545,12.973
41457.628,12.873
41457.734,12.9
41457.834,12.853
41457.937,12.973
41458.038,13.0
41458.121,12.92
41458.226,12.86
41458.326,12.953
41458.440,13.013
41458.538,12.96
41458.648,12.853
41458.731,13.0
41458.849,13.0
41458.947,13.033
41459.059,13.007
41459.155,12.967
41459.253,12.913
41459.349,12.88
41459.452,13.0
41459.574,12.993
41459.668,13.033
41459.756,12.927
41459.861,12.967
41459.981,12.907
41460.077,13.04
41460.119,12.933
41460.214,12.92
41460.381,12.933
41460.486,13.06
41460.528,13.0
41460.623,12.953
41460.719,13.0
41460.826,13.06
41460.922,12.96
41461.018,13.06
41461.116,12.967
41461.221,12.853
41461.315,12.86
41461.413,12.96
41461.533,13.033
41461.611,12.933
41461.717,12.887
41461.815,13.0
41461.922,13.033
41462.025,12.98
41462.128,12.96
41462.212,12.987
41462.324,12.887
41462.429,12.98
41462.525,13.02
41462.611,12.987
41462.734,12.847
41462.831,13.04
41462.951,12.98
41463.060,12.907
41463.148,12.947
41463.244,13.007
41463.366,12.913
41463.440,13.047
41463.562,12.953
41463.658,13.007
41463.758,12.98
41463.863,12.967
41463.959,12.913
41464.010,12.813
41464.108,12.953
41464.207,12.967
41464.305,12.987
41464.402,13.067
41464.574,12.953
41464.601,12.94
41464.723,13.013
41464.821,12.967
41464.918,12.953
41465.022,12.9
41465.119,13.04
41465.216,13.027
41465.307,12.947
41465.405,12.933
41465.500,13.08
41465.631,13.007
41465.717,12.853
41465.815,12.94
41465.913,12.927
41466.001,13.047
41466.118,13.073
41466.201,12.993
41466.314,13.027
41466.417,12.92
41466.500,12.86
41466.623,12.96
41466.704,13.04
41516.824,12.907
41516.917,12.973
41517.020,12.98
41517.145,12.98
41517.231,12.953
41517.336,12.9
41517.418,12.967
41517.491,12.973
41517.592,12.987
41517.692,13.067
41517.795,13.04
41517.951,12.98
41517.998,12.953
41518.097,12.967
41518.204,13.047
41518.304,12.987
41518.403,13.053
41518.498,12.833
41518.594,12.92
41518.692,13.033
41518.810,13.013
41518.907,13.02
41519.006,12.88
41519.109,12.947
41519.204,12.947
41519.305,12.933
41519.397,12.98
41519.494,13.067
41519.586,12.967
41519.690,12.96
41519.809,12.92
41519.907,12.953
41520.003,12.993
41520.091,13.04
41520.199,13.033
41520.304,12.92
41520.408,12.96
41520.494,13.013
41520.618,12.973
41520.738,13.12
41520.820,13.067
41520.939,12.96
41521.038,13.033
41521.143,12.993
41521.233,12.88
41521.329,13.073
41521.381,13.027
41521.555,12.96
41521.579,13.047
41521.744,12.993
41521.795,12.94
41521.947,13.067
41521.998,12.98
41522.089,12.913
41522.192,12.947
41522.295,12.867
41522.391,13.013
41522.489,12.967
41522.584,12.98
41522.682,12.927
41522.778,12.847
41522.898,13.067
41522.981,12.913
41523.089,13.06
41523.177,13.04
41523.275,12.92
41523.391,12.947
41523.489,13.027
41523.584,13.0
41523.714,13.087
41523.805,12.913
41523.900,12.96
41523.998,12.993
41524.082,12.92
41524.194,13.0
41524.314,12.947
41524.410,13.147
41524.520,13.027
41524.616,13.013
41524.709,13.047
41524.817,12.887
41524.932,13.013
41524.984,12.947
41525.130,12.953
41525.229,13.0
41525.293,13.033
41525.369,13.0
41525.478,13.02
41525.577,12.933
41525.682,12.933
41525.768,13.013
41525.888,12.933
41525.981,12.947
41526.077,12.94
41526.175,13.04
41526.288,13.007
41526.378,13.013
41526.476,13.033
41526.572,12.913
41526.680,12.887
41576.805,12.92
41576.878,12.96
41576.976,12.973
41577.070,12.98
41577.173,13.093
41577.265,12.973
41577.391,12.873
41577.479,13.02
41577.577,12.98
41577.699,12.947
41577.778,12.953
41577.897,12.96
41577.994,12.907
41578.089,12.98
41578.201,12.993
41578.290,13.0
41578.408,12.953
41578.501,13.093
41578.606,12.973
41578.704,12.953
41578.824,12.993
41578.861,13.007
41579.013,13.04
41579.067,12.933
41579.158,13.027
41579.322,12.973
41579.422,12.947
41579.472,12.987
41579.564,12.96
41579.663,12.893
41579.765,12.893
41579.871,13.0
41579.964,12.973
41580.055,12.973
41580.155,12.96
41580.260,12.987
41580.361,13.033
41580.474,12.993
41580.594,13.087
41580.697,13.073
41580.773,12.913
41580.859,13.08
41580.957,12.96
41581.065,13.067
41581.152,12.913
41581.273,12.927
41581.371,12.887
41581.478,13.06
41581.574,13.02
41581.694,12.92
41581.800,12.92
41581.873,12.927
41581.993,13.0
41582.091,13.053
41582.180,13.027
41582.302,12.853
41582.398,13.047
41582.491,12.94
41582.604,12.92
41582.701,13.147
41582.753,12.973
41582.905,12.907
41582.944,12.967
41583.109,12.993
41583.160,12.967
41583.315,12.98
41583.344,12.947
41583.466,12.933
41583.565,12.953
41583.662,12.933
41583.761,12.953
41583.858,12.92
41583.954,12.96
41584.047,12.92
41584.150,12.96
41584.253,12.92
41584.373,12.967
41584.462,12.953
41584.542,12.953
41584.665,12.993
41584.741,13.02
41584.851,13.04
41584.956,12.947
41585.060,12.933
41585.152,12.92
41585.246,12.973
41585.347,12.867
41585.476,12.833
41585.560,12.907
41585.680,12.987
41585.778,12.973
41585.888,12.987
41585.984,13.093
41586.084,13.007
41586.184,13.067
41586.275,12.933
41586.398,13.007
41586.493,13.033
41586.577,13.007
41586.694,13.013
41876.746,13.067
41876.844,12.993
41876.946,12.98
41877.043,13.0
41877.141,12.973
41877.236,12.94
41877.337,13.007
41877.432,12.953
41877.552,12.96
41877.655,13.06
41877.734,13.007
41877.832,13.0
41877.952,12.86
41878.074,12.887
41878.150,12.92
41878.246,13.053
41878.351,13.067
41878.452,12.94
41878.535,12.967
41878.636,13.067
41878.746,12.913
41878.849,12.96
41878.949,13.08
41879.045,12.987
41879.152,12.993
41879.238,12.9
41879.363,13.033
41879.457,12.98
41879.562,12.96
41879.662,12.9
41879.783,13.013
41879.886,12.947
41879.974,13.053
41880.071,13.033
41880.125,12.973
41880.271,12.947
41880.390,13.0
41880.488,12.973
41880.584,12.94
41880.690,12.933
41880.734,13.08
41880.829,13.06
41880.929,12.967
41881.037,13.013
41881.133,12.973
41881.231,13.053
41881.400,13.0
41881.427,13.06
41881.525,12.967
41881.621,12.96
41881.723,13.0
41881.831,13.08
41881.934,13.027
41882.035,13.0
41882.136,12.973
41882.226,12.927
41882.322,12.973
41882.459,12.94
41882.543,13.013
41882.638,13.02
41882.736,13.007
41882.829,13.073
41882.940,12.933
41883.035,13.013
41883.155,12.913
41883.261,12.98
41883.359,13.007
41883.456,13.06
41883.560,13.173
41883.648,12.927
41883.771,12.873
41883.864,12.973
41883.973,12.92
41884.067,13.047
41884.170,13.12
41884.222,13.047
41884.321,12.973
41884.417,12.88
41884.515,13.04
41884.614,12.953
41884.709,12.913
41884.832,13.047
41884.925,12.96
41885.032,12.993
41885.111,13.047
41885.229,12.92
41885.331,13.033
41885.423,12.94
41885.520,12.967
41885.619,13.04
41885.721,13.04
41885.810,12.993
41885.905,12.94
41886.015,12.98
41886.133,13.02
41886.222,12.9
41886.317,12.973
41886.407,12.953
41886.516,12.867
41886.636,12.973
41936.733,13.027
41936.829,13.033
41936.940,13.073
41937.035,13.127
41937.130,12.993
41937.238,12.947
41937.351,13.0
41937.444,12.933
41937.540,12.92
41937.647,13.0
41937.744,12.947
41937.864,13.08
41937.972,12.98
41938.060,13.073
41938.111,12.953
41938.204,12.98
41938.300,13.02
41938.405,13.027
41938.510,12.993
41938.606,12.993
41938.707,12.953
41938.820,12.98
41938.917,12.933
41939.018,13.047
41939.101,12.98
41939.197,12.987
41939.317,12.96
41939.413,12.947
41939.511,12.947
41939.606,12.933
41939.702,12.913
41939.807,12.967
41939.905,13.047
41939.998,13.007
41940.101,12.987
41940.219,13.107
41940.305,13.013
41940.408,13.047
41940.518,13.053
41940.592,13.033
41940.696,12.967
41940.798,12.94
41940.910,12.847
41941.001,12.913
41941.101,12.973
41941.202,13.027
41941.304,12.913
41941.408,12.94
41941.511,13.06
41941.591,13.007
41941.692,13.067
41941.819,12.947
41941.897,12.88
41942.030,12.88
41942.106,12.867
41942.190,13.067
41942.288,13.06
41942.405,12.967
41942.511,12.887
41942.604,12.973
41942.702,13.073
41942.785,12.973
41942.908,12.98
41943.005,12.947
41943.116,13.02
41943.201,12.933
41943.299,12.987
41943.393,12.96
41943.486,13.027
41943.594,12.96
41943.694,12.82
41943.788,12.887
41943.896,12.953
41943.991,12.92
41944.113,12.987
41944.219,13.047
41944.307,13.06
41944.402,13.027
41944.523,13.107
41944.606,12.907
41944.726,12.9
41944.822,12.98
41944.920,13.073
41945.023,13.013
41945.116,12.987
41945.239,12.98
41945.322,13.007
41945.435,12.98
41945.530,13.0
41945.581,12.873
41945.690,13.007
41945.783,12.973
41945.880,13.067
41945.976,13.02
41946.079,12.933
41946.180,12.933
41946.275,12.993
41946.395,13.053
41946.491,12.96
41946.574,12.993
41946.677,12.94
41996.792,12.94
41996.891,12.947
41996.988,12.913
41997.084,12.893
41997.182,12.993
41997.277,13.04
41997.380,13.06
41997.488,12.993
41997.592,13.013
41997.690,12.947
41997.785,12.993
41997.893,12.973
41997.981,12.907
41998.103,13.007
41998.196,12.92
41998.307,12.947
41998.403,12.98
41998.501,13.067
41998.596,12.913
41998.721,12.813
41998.829,12.84
41998.930,12.967
41998.996,12.993
41999.136,13.0
41999.236,13.033
41999.268,12.947
41999.444,13.027
41999.469,12.933
41999.567,13.027
41999.674,13.0
41999.780,12.94
41999.875,12.94
41999.971,12.913
42000.071,12.947
42000.175,12.88
42000.282,12.973
42000.378,12.94
42000.467,13.013
42000.584,12.96
42000.663,12.967
42000.766,12.92
42000.878,12.913
42000.974,13.0
42001.072,12.92
42001.175,13.04
42001.275,12.993
42001.381,12.987
42001.483,13.087
42001.567,13.0
42001.687,12.94
42001.805,12.993
42001.903,12.96
42002.005,12.92
42002.057,13.053
42002.180,13.007
42002.268,12.913
42002.359,12.94
42002.469,13.06
42002.571,12.98
42002.714,12.927
42002.780,12.967
42002.854,12.98
42002.988,13.047
42003.108,13.0
42003.158,12.873
42003.319,13.033
42003.427,12.98
42003.522,12.973
42003.621,12.913
42003.655,12.927
42003.775,12.94
42003.864,12.94
42003.962,12.967
42004.065,12.973
42004.175,13.007
42004.270,13.033
42004.373,12.98
42004.452,13.02
42004.554,12.907
42004.657,12.873
42004.758,12.84
42004.876,12.92
42004.973,12.913
42005.067,12.873
42005.168,12.94
42005.270,13.06
42005.375,12.94
42005.474,12.94
42005.579,12.98
42005.680,12.887
42005.782,12.96
42005.890,12.893
42005.981,12.913
42006.074,12.953
42006.195,12.933
42006.290,12.973
42006.391,12.987
42006.494,12.973
42006.545,12.933
42056.714,13.027
42056.805,13.053
42056.903,12.94
42056.954,13.087
42057.045,12.9
42057.148,12.98
42057.256,12.98
42057.361,12.973
42057.449,12.933
42057.557,12.9
42057.641,13.013
42057.751,12.893
42057.869,12.867
42057.942,12.853
42058.065,12.873
42058.147,12.967
42058.277,13.02
42058.351,13.127
42058.449,12.913
42058.552,12.94
42058.640,12.967
42058.758,12.92
42058.858,12.993
42058.964,13.007
42059.060,13.027
42059.158,12.953
42059.255,12.947
42059.354,12.973
42059.476,13.127
42059.572,12.973
42059.653,12.933
42059.783,12.993
42059.881,12.993
42059.978,13.04
42060.069,12.913
42060.189,12.887
42060.282,12.993
42060.390,13.053
42060.500,13.007
42060.598,12.98
42060.692,12.953
42060.800,13.013
42060.898,12.847
42060.961,12.813
42061.038,13.06
42061.148,12.967
42061.246,12.9
42061.346,12.987
42061.447,13.06
42061.538,13.007
42061.652,13.08
42061.729,12.993
42061.832,12.993
42061.942,12.907
42062.067,12.887
42062.145,12.967
42062.226,13.033
42062.331,12.853
42062.429,12.94
42062.540,12.92
42062.638,12.993
42062.750,12.947
42062.849,12.953
42062.962,12.967
42063.050,12.94
42063.147,13.007
42063.244,12.94
42063.346,12.933
42063.464,12.927
42063.562,12.98
42063.638,12.953
42063.766,12.947
42063.858,13.047
42063.978,12.94
42064.064,12.987
42064.175,12.96
42064.273,12.967
42064.322,12.813
42064.479,12.98
42064.532,12.953
42064.631,12.913
42064.724,12.96
42064.824,12.967
42064.925,12.953
42065.028,12.98
42065.126,12.893
42065.234,12.993
42065.337,12.94
42065.417,12.94
42065.533,12.96
42065.626,12.927
42065.724,13.067
42065.834,13.067
42065.925,13.007
42066.020,12.933
42066.119,12.907
42066.231,12.887
42066.332,12.867
42066.430,12.893
42066.525,13.013
42066.636,13.087
42116.750,12.96
42116.846,13.047
42116.942,13.04
42117.048,12.953
42117.145,12.933
42117.241,12.933
42117.373,12.873
42117.442,12.933
42117.562,13.02
42117.660,12.94
42117.736,13.013
42117.873,13.033
42117.969,12.98
42118.067,12.847
42118.175,12.953
42118.275,13.027
42118.369,13.04
42118.423,12.933
42118.513,12.98
42118.609,13.12
42118.729,13.027
42118.885,12.933
42118.912,12.933
42119.011,12.947
42119.121,13.067
42119.211,13.033
42119.322,13.02
42119.418,12.927
42119.511,12.98
42119.616,12.96
42119.714,12.9
42119.809,12.987
42119.907,12.987
42120.013,13.02
42120.106,13.06
42120.226,13.027
42120.317,12.993
42120.410,12.967
42120.518,12.967
42120.603,12.967
42120.724,13.08
42120.809,12.933
42120.927,13.067
42121.047,13.013
42121.119,13.013
42121.244,12.98
42121.339,12.933
42121.459,12.947
42121.555,12.913
42121.650,13.033
42121.748,13.027
42121.854,12.993
42121.952,12.947
42122.003,13.04
42122.096,12.967
42122.209,12.967
42122.304,13.053
42122.402,13.027
42122.516,12.993
42122.619,12.913
42122.697,12.94
42122.812,12.907
42122.908,12.953
42123.006,12.96
42123.103,13.047
42123.199,12.947
42123.295,12.887
42123.391,13.053
42123.515,13.0
42123.619,13.02
42123.712,13.047
42123.810,12.913
42123.908,12.993
42124.008,13.04
42124.108,12.92
42124.206,12.953
42124.321,12.98
42124.423,12.953
42124.518,12.96
42124.616,12.933
42124.722,13.033
42124.831,13.107
42124.907,13.007
42125.027,13.1
42125.133,12.973
42125.192,13.033
42125.302,12.993
42125.408,13.06
42125.518,13.033
42125.638,12.987
42125.690,12.973
42125.785,12.92
42125.886,12.987
42126.052,12.987
42126.104,13.02
42126.192,13.02
42126.298,13.02
42126.395,12.967
42126.491,13.007
42126.589,12.987
42126.684,12.927
42176.807,13.033
42176.886,12.973
42176.994,13.04
42177.091,13.147
42177.187,13.007
42177.295,12.933
42177.388,12.927
42177.483,12.893
42177.603,12.94
42177.680,13.033
42177.800,13.027
42177.896,12.887
42177.996,12.887
42178.098,12.913
42178.192,12.98
42178.312,13.04
42178.405,12.94
42178.506,12.967
42178.603,13.013
42178.724,12.94
42178.807,12.76
42178.927,13.033
42179.022,12.947
42179.131,13.027
42179.244,13.053
42179.295,12.94
42179.376,12.927
42179.543,13.04
42179.597,12.98
42179.675,12.953
42179.805,12.967
42179.891,13.013
42179.991,12.967
42180.123,12.88
42180.177,12.973
42180.280,12.973
42180.378,12.987
42180.476,12.887
42180.601,13.087
42180.692,12.993
42180.788,12.967
42180.913,12.92
42180.971,12.987
42181.077,12.867
42181.175,12.987
42181.273,12.933
42181.381,12.94
42181.478,12.94
42181.572,12.873
42181.706,12.94
42181.795,13.0
42181.896,13.013
42181.991,13.02
42182.084,12.913
42182.211,12.873
42182.307,13.033
42182.405,13.033
42182.508,13.013
42182.603,12.94
42182.722,13.033
42182.810,13.073
42182.923,13.053
42183.018,12.96
42183.114,12.98
42183.219,12.947
42183.270,13.06
42183.430,12.953
42183.543,13.007
42183.621,12.953
42183.672,12.987
42183.768,12.947
42183.866,13.02
42183.976,13.04
42184.072,12.96
42184.168,12.993
42184.277,12.947
42184.375,13.047
42184.479,12.907
42184.560,12.88
42184.668,13.007
42184.770,12.98
42184.873,13.093
42184.976,13.033
42185.060,12.96
42185.158,12.967
42185.268,12.96
42185.378,13.0
42185.479,13.013
42185.577,13.007
42185.674,12.927
42185.790,12.947
42185.888,12.947
42185.984,13.02
42186.079,12.953
42186.180,12.927
42186.299,13.0
42186.396,13.013
42186.481,12.973
42186.589,13.007
42186.709,12.993
42476.810,12.967
42476.918,13.02
42477.015,13.087
42477.111,12.993
42477.217,12.973
42477.256,13.0
42477.353,12.933
42477.520,12.873
42477.628,13.0
42477.655,12.967
42477.751,12.973
42477.866,13.053
42477.952,12.953
42478.064,12.887
42478.160,12.94
42478.261,12.933
42478.366,12.887
42478.462,12.927
42478.559,12.947
42478.653,12.947
42478.756,13.02
42478.849,12.98
42478.949,12.987
42479.054,13.013
42479.165,12.867
42479.263,13.033
42479.359,12.967
42479.464,13.06
42479.565,13.053
42479.663,12.94
42479.763,13.013
42479.847,13.04
42479.952,13.02
42480.055,13.067
42480.174,13.007
42480.265,13.02
42480.388,12.893
42480.473,12.96
42480.592,12.927
42480.687,12.96
42480.810,13.033
42480.898,12.993
42481.003,12.98
42481.103,13.073
42481.201,13.02
42481.304,12.973
42481.354,12.913
42481.451,13.027
42481.550,13.013
42481.650,13.013
42481.748,12.84
42481.847,12.96
42481.947,13.053
42482.038,12.98
42482.158,12.873
42482.258,12.993
42482.361,12.953
42482.451,12.96
42482.552,12.907
42482.652,12.913
42482.751,12.967
42482.849,12.987
42482.947,12.96
42483.062,12.993
42483.165,13.04
42483.261,13.073
42483.359,12.953
42483.464,12.96
42483.574,12.973
42483.670,12.893
42483.766,12.973
42483.876,12.893
42483.939,12.973
42484.047,12.833
42484.155,12.907
42484.261,12.9
42484.388,12.933
42484.484,12.973
42484.586,12.867
42484.675,13.007
42484.731,13.0
42484.895,13.013
42484.935,12.927
42485.038,12.947
42485.140,12.867
42485.236,12.98
42485.351,12.893
42485.444,12.993
42485.543,12.973
42485.643,13.04
42485.741,12.967
42485.837,13.167
42485.932,12.953
42486.037,13.007
42486.138,13.04
42486.244,12.947
42486.344,12.953
42486.447,12.86
42486.543,13.0
42486.641,13.04
42536.739,13.027
42536.841,12.973
42536.939,12.88
42537.035,12.94
42537.140,12.907
42537.250,12.987
42537.346,12.98
42537.464,12.94
42537.552,12.873
42537.672,12.953
42537.768,13.027
42537.875,12.96
42537.957,13.06
42538.030,12.933
42538.133,13.027
42538.287,12.82
42538.383,12.987
42538.440,12.833
42538.549,12.953
42538.677,12.98
42538.724,12.98
42538.817,13.02
42538.918,12.953
42539.025,12.927
42539.121,12.987
42539.222,12.993
42539.344,13.0
42539.442,12.9
42539.516,12.947
42539.636,13.013
42539.736,13.02
42539.837,12.973
42539.915,12.84
42540.033,13.06
42540.123,13.12
42540.223,12.947
42540.321,12.927
42540.413,12.96
42540.538,13.127
42540.636,13.027
42540.731,13.007
42540.815,12.9
42540.949,13.04
42541.045,13.067
42541.141,13.04
42541.251,12.873
42541.344,12.927
42541.437,12.98
42541.550,13.027
42541.662,13.047
42541.758,12.953
42541.817,13.013
42541.961,12.947
42542.028,13.06
42542.108,12.967
42542.207,13.02
42542.309,12.967
42542.408,12.973
42542.518,13.08
42542.621,13.08
42542.716,13.027
42542.827,13.073
42542.908,12.867
42543.022,12.947
42543.104,12.953
42543.224,12.98
42543.324,13.067
42543.412,12.94
42543.508,12.987
42543.606,13.033
42543.706,13.02
42543.822,13.007
42543.920,12.967
42544.016,12.987
42544.121,13.033
42544.212,12.88
42544.310,12.933
42544.427,13.0
42544.510,13.007
42544.630,13.033
42544.726,12.88
42544.822,12.907
42544.925,12.827
42545.023,12.827
42545.143,12.96
42545.226,12.993
42545.337,13.013
42545.454,12.913
42545.506,12.913
42545.616,12.9
42545.717,13.0
42545.826,12.993
42545.900,12.947
42546.050,12.967
42546.103,13.0
42546.197,12.92
42546.298,13.04
42546.396,13.02
42546.501,12.92
42546.599,13.133
42546.695,13.087
42596.807,12.947
42596.905,12.967
42597.006,12.9
42597.109,13.027
42597.192,12.867
42597.310,13.027
42597.429,13.073
42597.530,12.993
42597.604,12.96
42597.701,12.96
42597.804,12.92
42597.910,12.86
42598.006,12.913
42598.101,12.98
42598.207,12.953
42598.307,13.047
42598.427,13.007
42598.532,12.9
42598.606,12.88
42598.726,12.94
42598.824,13.013
42598.944,13.027
42599.040,12.98
42599.138,13.14
42599.233,13.0
42599.334,12.913
42599.432,12.96
42599.491,12.96
42599.608,12.947
42599.706,13.013
42599.788,12.867
42599.891,13.093
42600.047,13.013
42600.098,12.987
42600.197,12.927
42600.302,12.967
42600.393,12.993
42600.486,13.013
42600.582,12.893
42600.696,12.913
42600.780,12.98
42600.902,12.927
42600.998,12.987
42601.104,13.007
42601.190,12.947
42601.290,12.933
42601.386,12.993
42601.498,12.967
42601.596,13.04
42601.694,13.0
42601.790,13.007
42601.881,13.027
42602.001,12.967
42602.099,13.047
42602.207,12.947
42602.292,12.953
42602.413,13.067
42602.510,12.933
42602.619,13.14
42602.716,13.007
42602.812,12.933
42602.908,12.887
42603.010,13.027
42603.131,12.973
42603.228,13.013
42603.317,12.993
42603.429,13.0
42603.530,12.913
42603.623,12.953
42603.677,12.947
42603.777,12.867
42603.875,12.993
42603.973,13.06
42604.092,12.967
42604.190,12.96
42604.287,12.947
42604.385,13.0
42604.479,12.96
42604.592,12.993
42604.670,13.027
42604.780,12.94
42604.876,12.893
42604.979,13.0
42605.081,13.027
42605.184,12.92
42605.271,12.887
42605.388,13.0
42605.467,12.927
42605.570,12.887
42605.672,12.88
42605.775,12.9
42605.881,13.027
42605.967,12.913
42606.069,13.033
42606.167,12.86
42606.266,12.96
42606.371,12.993
42606.484,12.987
42606.586,13.107
42606.682,12.927
42656.802,12.98
42656.891,13.007
42657.028,13.0
42657.126,13.047
42657.222,12.953
42657.319,12.853
42657.424,13.04
42657.525,13.007
42657.621,12.953
42657.672,13.0
42657.768,12.907
42657.866,13.033
42657.969,12.873
42658.087,12.927
42658.182,12.933
42658.280,12.98
42658.375,12.96
42658.479,12.94
42658.577,12.873
42658.675,13.0
42658.768,12.953
42658.866,12.913
42658.962,12.953
42659.059,12.953
42659.157,13.087
42659.283,13.007
42659.378,13.007
42659.476,12.953
42659.555,12.867
42659.668,12.84
42659.773,13.0
42659.858,13.067
42659.973,13.08
42660.069,13.073
42660.192,13.04
42660.292,12.927
42660.378,12.913
42660.500,12.82
42660.596,13.04
42660.702,12.993
42660.800,13.033
42660.851,13.027
42661.028,12.933
42661.116,13.08
42661.212,13.013
42661.310,12.96
42661.361,12.893
42661.456,12.92
42661.554,12.893
42661.650,12.927
42661.763,12.927
42661.866,13.047
42661.962,12.86
42662.067,12.96
42662.153,12.96
42662.248,13.033
42662.346,12.973
42662.466,13.06
42662.565,12.96
42662.658,12.86
42662.756,12.96
42662.864,13.027
42662.954,13.0
42663.052,12.933
42663.152,12.933
42663.248,13.093
42663.359,12.94
42663.464,13.04
42663.565,12.94
42663.643,12.947
42663.751,13.02
42663.873,13.027
42663.969,13.06
42664.077,13.0
42664.172,12.973
42664.292,12.98
42664.383,13.0
42664.478,12.973
42664.599,13.027
42664.702,12.907
42664.795,13.107
42664.897,12.933
42664.994,13.013
42665.114,13.027
42665.141,13.1
42665.238,13.02
42665.408,12.913
42665.437,12.94
42665.550,12.953
42665.646,12.92
42665.741,13.053
42665.851,13.04
42665.947,13.007
42666.043,12.953
42666.172,12.92
42666.248,12.887
42666.344,13.06
42666.440,12.993
42666.540,12.973
42666.653,13.04
42716.748,13.02
42716.846,12.947
42716.951,13.027
42717.049,12.953
42717.145,13.007
42717.299,12.98
42717.347,13.08
42717.469,13.06
42717.565,13.04
42717.653,13.033
42717.756,12.98
42717.876,13.02
42717.954,13.013
42718.079,13.0
42718.172,12.94
42718.266,12.96
42718.378,13.0
42718.489,13.027
42718.587,12.947
42718.645,12.907
42718.790,13.04
42718.863,13.073
42718.937,12.887
42719.032,13.013
42719.136,12.953
42719.241,13.033
42719.339,13.087
42719.427,12.907
42719.523,13.093
42719.635,12.927
42719.744,12.927
42719.847,12.88
42719.930,13.02
42720.028,12.953
42720.125,12.927
42720.239,12.94
42720.334,12.96
42720.430,13.013
42720.528,12.993
42720.631,12.94
42720.724,12.933
42720.844,12.953
42720.949,12.967
42721.040,13.02
42721.133,12.853
42721.258,12.94
42721.361,12.933
42721.459,13.0
42721.555,13.093
42721.650,13.047
42721.753,12.933
42721.851,12.94
42721.971,13.013
42722.050,13.013
42722.116,13.007
42722.278,12.987
42722.373,13.053
42722.420,12.98
42722.525,13.06
42722.628,13.127
42722.721,12.92
42722.883,12.94
42722.935,12.987
42723.027,12.94
42723.125,12.973
42723.223,12.927
42723.324,12.94
42723.422,12.973
42723.522,13.0
42723.611,13.067
42723.731,12.96
42723.810,12.96
42723.913,13.027
42724.025,12.967
42724.111,12.893
42724.211,13.0
42724.309,12.987
42724.410,12.94
42724.513,12.933
42724.625,13.047
42724.724,12.94
42724.807,13.0
42724.930,13.047
42725.035,12.993
42725.131,12.853
42725.253,12.813
42725.359,12.88
42725.452,12.893
42725.548,12.96
42725.643,12.933
42725.744,12.893
42725.866,12.933
42725.964,12.927
42726.059,12.9
42726.163,12.847
42726.261,12.96
42726.310,12.9
42726.405,12.967
42726.511,12.893
42726.609,13.053
42726.707,12.92
42776.805,12.987
42776.910,13.007
42777.010,12.88
42777.106,12.973
42777.222,12.967
42777.317,12.913
42777.415,12.9
42777.516,12.94
42777.611,12.973
42777.706,12.973
42777.805,13.007
42777.900,13.093
42778.001,13.007
42778.119,13.06
42778.217,13.053
42778.302,12.967
42778.415,13.047
42778.506,12.973
42778.619,12.94
42778.712,12.94
42778.831,12.9
42778.929,13.067
42779.037,12.94
42779.121,12.913
42779.243,13.033
42779.339,12.92
42779.447,12.94
42779.540,12.987
42779.660,13.027
42779.770,12.98
42779.815,13.013
42779.913,12.9
42780.013,12.953
42780.101,12.913
42780.222,13.007
42780.295,13.013
42780.407,12.92
42780.506,12.953
42780.606,13.027
42780.692,12.987
42780.792,12.967
42780.897,13.0
42780.998,12.893
42781.106,12.94
42781.204,12.947
42781.309,12.9
42781.407,13.047
42781.503,13.007
42781.608,13.007
42781.697,12.98
42781.793,13.12
42781.893,12.96
42781.989,12.987
42782.109,12.853
42782.209,12.913
42782.305,13.02
42782.413,13.007
42782.510,13.007
42782.608,12.967
42782.709,13.0
42782.822,13.007
42782.922,12.993
42783.018,12.96
42783.125,12.98
42783.217,12.987
42783.344,13.0
42783.446,12.933
42783.533,12.947
42783.582,12.927
42783.744,13.053
42783.832,13.133
42783.883,12.967
42783.981,12.86
42784.106,13.007
42784.184,13.007
42784.288,13.027
42784.393,13.027
42784.496,12.927
42784.596,13.1
42784.679,13.013
42784.780,12.993
42784.888,13.053
42784.994,12.973
42785.089,13.007
42785.192,13.02
42785.280,12.933
42785.393,12.94
42785.491,12.9
42785.584,12.847
42785.694,12.88
42785.793,13.047
42785.891,13.0
42785.988,12.92
42786.086,12.88
42786.206,12.893
42786.302,13.02
42786.383,12.98
42786.496,12.927
42786.616,12.907
42786.709,12.92
43076.822,13.027
43076.920,13.02
43077.016,12.947
43077.121,12.953
43077.229,12.933
43077.324,13.0
43077.424,12.98
43077.532,12.92
43077.628,13.007
43077.687,12.933
43077.780,13.06
43077.881,13.1
43077.976,13.073
43078.071,12.9
43078.170,12.86
43078.266,12.907
43078.366,13.0
43078.473,13.107
43078.592,12.98
43078.679,12.973
43078.766,12.947
43078.868,12.92
43078.981,12.987
43079.079,13.007
43079.185,12.933
43079.263,12.973
43079.369,12.913
43079.479,13.013
43079.574,13.04
43079.690,12.98
43079.778,12.987
43079.896,12.973
43079.993,12.94
43080.079,12.867
43080.199,13.053
43080.295,13.007
43080.386,12.927
43080.496,12.973
43080.596,13.107
43080.716,12.993
43080.795,12.833
43080.905,12.96
43080.957,13.007
43081.116,12.967
43081.163,12.94
43081.324,12.927
43081.422,13.007
43081.530,12.9
43081.619,12.933
43081.672,13.053
43081.763,12.893
43081.861,13.0
43081.967,12.993
43082.062,12.913
43082.165,13.007
43082.266,12.987
43082.354,12.947
43082.469,13.047
43082.570,13.067
43082.655,12.993
43082.753,12.953
43082.873,12.84
43082.957,12.927
43083.069,12.973
43083.165,12.98
43083.261,12.927
43083.368,12.94
43083.478,13.067
43083.576,12.967
43083.655,13.013
43083.780,12.973
43083.861,13.033
43083.981,12.9
43084.054,12.973
43084.150,13.073
43084.253,12.967
43084.356,12.953
43084.481,12.96
43084.567,12.887
43084.674,13.027
43084.793,12.947
43084.881,12.86
43085.003,12.893
43085.065,12.967
43085.155,12.96
43085.255,12.98
43085.353,12.907
43085.447,12.88
43085.616,13.067
43085.646,13.053
43085.744,12.907
43085.869,12.967
43085.964,12.84
43086.043,12.987
43086.163,13.033
43086.260,13.033
43086.348,12.9
43086.444,13.02
43086.547,13.013
43086.645,13.047
43136.746,12.987
43136.841,12.913
43136.961,13.007
43137.043,12.947
43137.157,12.967
43137.251,12.913
43137.349,12.94
43137.454,13.013
43137.574,12.94
43137.662,13.047
43137.738,12.94
43137.842,13.033
43137.946,12.973
43138.047,13.06
43138.190,12.947
43138.261,13.1
43138.381,12.887
43138.457,12.98
43138.581,12.987
43138.665,12.96
43138.787,13.033
43138.839,12.947
43138.998,12.953
43139.045,13.04
43139.199,12.913
43139.248,13.007
43139.349,12.993
43139.445,13.033
43139.540,12.94
43139.641,12.88
43139.738,12.987
43139.837,13.047
43139.932,12.993
43140.050,13.047
43140.130,12.987
43140.251,12.853
43140.351,12.933
43140.447,12.867
43140.543,13.087
43140.638,13.007
43140.741,13.027
43140.837,13.007
43140.934,12.98
43141.055,13.013
43141.153,12.987
43141.251,13.007
43141.349,13.087
43141.452,12.987
43141.565,13.033
43141.662,12.907
43141.758,12.953
43141.864,12.947
43141.961,13.033
43142.079,12.953
43142.187,12.9
43142.278,12.907
43142.373,12.98
43142.425,12.92
43142.571,12.96
43142.621,13.047
43142.788,13.047
43142.885,13.087
43142.924,13.053
43143.038,12.98
43143.141,12.913
43143.241,12.973
43143.339,12.987
43143.435,13.073
43143.565,12.967
43143.619,13.047
43143.723,13.02
43143.832,13.033
43143.937,13.107
43144.025,12.993
43144.138,12.993
43144.217,12.98
43144.336,12.9
43144.435,12.92
43144.533,12.953
43144.630,12.86
43144.723,13.04
43144.829,13.007
43144.927,13.093
43145.047,12.9
43145.131,13.027
43145.244,13.02
43145.347,12.947
43145.442,13.013
43145.540,13.153
43145.660,12.96
43145.761,12.907
43145.864,12.84
43145.949,13.0
43146.070,12.933
43146.168,13.08
43146.273,12.973
43146.371,12.967
43146.467,13.047
43146.518,12.96
43146.621,12.787
43196.716,12.98
43196.814,12.907
43196.915,12.947
43197.011,13.047
43197.108,13.027
43197.229,12.987
43197.332,12.927
43197.413,13.013
43197.508,12.98
43197.606,13.0
43197.724,12.927
43197.827,13.0
43197.923,12.967
43198.020,13.047
43198.111,12.98
43198.207,12.967
43198.324,12.98
43198.435,12.947
43198.527,13.027
43198.614,13.027
43198.716,12.927
43198.817,12.92
43198.920,12.873
43199.023,12.953
43199.101,13.0
43199.207,12.947
43199.315,13.007
43199.435,12.953
43199.538,12.927
43199.625,13.0
43199.748,13.007
43199.834,12.953
43199.949,13.053
43200.000,13.04
43200.162,12.927
43200.272,12.867
43200.310,13.16
43200.400,12.947
43200.498,12.987
43200.685,12.973
43200.712,12.853
43200.810,12.9
43200.907,12.947
43201.008,12.933
43201.119,13.0
43201.216,13.06
43201.315,12.973
43201.403,12.9
43201.501,12.907
43201.599,12.987
43201.697,12.9
43201.810,12.86
43201.905,13.007
43202.001,12.94
43202.111,13.033
43202.202,13.013
43202.300,13.027
43202.400,13.0
43202.522,13.013
43202.608,12.96
43202.692,13.08
43202.799,12.98
43202.908,12.953
43203.038,12.92
43203.135,12.993
43203.212,13.013
43203.324,12.993
43203.442,13.0
43203.540,12.94
43203.650,13.033
43203.702,12.94
43203.853,12.993
43203.947,12.873
43203.991,12.993
43204.087,13.007
43204.253,12.907
43204.359,12.947
43204.449,13.013
43204.506,12.987
43204.599,13.007
43204.682,13.027
43204.797,13.013
43204.897,13.007
43204.994,12.9
43205.087,12.993
43205.184,13.04
43205.283,13.067
43205.418,12.987
43205.501,13.053
43205.628,13.027
43205.702,12.907
43205.785,12.993
43205.886,13.053
43205.986,13.013
43206.087,12.973
43206.194,13.007
43206.293,13.04
43206.395,12.933
43206.521,12.993
43206.579,12.94
43206.679,12.973
43256.782,13.08
43256.907,12.987
43256.989,12.933
43257.099,12.96
43257.229,13.033
43257.324,13.033
43257.376,13.053
43257.532,12.94
43257.626,12.927
43257.734,13.047
43257.787,12.94
43257.878,12.913
43257.989,12.913
43258.086,12.86
43258.180,12.993
43258.285,12.973
43258.380,12.887
43258.481,12.947
43258.601,12.973
43258.675,12.94
43258.793,13.04
43258.891,13.067
43258.991,13.007
43259.116,12.907
43259.192,12.9
43259.288,12.98
43259.386,12.933
43259.491,13.02
43259.587,12.967
43259.684,12.953
43259.780,13.047
43259.898,12.933
43259.994,13.02
43260.092,12.947
43260.195,12.913
43260.305,13.0
43260.408,12.967
43260.500,12.993
43260.608,12.933
43260.704,12.94
43260.798,13.027
43260.930,13.027
43261.020,13.12
43261.116,12.973
43261.212,12.98
43261.263,12.96
43261.425,12.973
43261.479,13.08
43261.564,12.953
43261.665,12.973
43261.772,13.0
43261.871,12.973
43261.981,13.0
43262.079,12.907
43262.160,13.007
43262.266,12.88
43262.361,12.867
43262.467,12.987
43262.564,13.087
43262.660,13.013
43262.766,12.84
43262.878,12.9
43262.973,12.967
43263.070,12.867
43263.175,13.02
43263.273,13.08
43263.369,12.927
43263.459,12.993
43263.572,12.98
43263.675,12.9
43263.768,13.0
43263.871,13.053
43263.981,12.907
43264.076,12.867
43264.196,12.98
43264.282,13.007
43264.400,12.967
43264.503,12.913
43264.606,12.973
43264.695,13.013
43264.815,12.947
43264.913,12.973
43265.018,12.953
43265.114,12.92
43265.212,12.913
43265.307,12.927
43265.364,12.893
43265.464,13.013
43265.557,12.96
43265.655,13.093
43265.755,12.84
43265.851,12.947
43265.973,12.92
43266.074,12.92
43266.153,12.96
43266.250,12.867
43266.351,12.973
43266.467,13.013
43266.548,13.013
43266.667,12.927
43316.748,13.107
43316.854,12.92
43316.957,12.947
43317.064,13.067
43317.202,12.94
43317.253,13.02
43317.353,12.82
43317.457,12.907
43317.557,12.94
43317.668,12.98
43317.751,12.933
43317.873,12.833
43317.983,12.867
43318.079,12.947
43318.175,13.073
43318.282,12.973
43318.393,12.9
43318.491,12.933
43318.584,13.007
43318.692,12.913
43318.744,13.013
43318.905,12.88
43319.015,12.84
43319.099,12.947
43319.150,13.02
43319.244,12.993
43319.341,12.94
43319.447,12.907
43319.543,12.907
43319.647,12.933
43319.751,12.927
43319.861,12.887
43319.957,12.907
43320.052,13.027
43320.141,13.027
43320.256,12.967
43320.354,13.0
43320.452,12.973
43320.554,12.987
43320.648,12.913
43320.743,12.993
43320.853,12.913
43320.946,12.873
43321.042,13.013
43321.163,12.94
43321.265,13.007
43321.361,12.927
43321.464,12.933
43321.550,12.953
43321.646,12.947
43321.751,12.993
43321.837,12.967
43321.959,13.053
43322.040,13.0
43322.143,12.94
43322.246,13.007
43322.349,13.06
43322.427,13.053
43322.532,12.953
43322.690,12.94
43322.728,12.927
43322.888,12.947
43322.937,13.053
43323.033,13.08
43323.130,13.1
43323.226,12.993
43323.334,13.02
43323.425,13.013
43323.538,13.113
43323.641,12.92
43323.748,12.907
43323.839,13.0
43323.939,12.887
43324.042,13.113
43324.133,12.953
43324.224,13.087
43324.326,13.013
43324.422,12.887
43324.530,12.887
43324.641,12.973
43324.739,12.98
43324.837,12.953
43324.940,12.927
43325.035,13.013
43325.157,13.0
43325.263,12.98
43325.339,12.947
43325.459,12.9
43325.557,12.873
43325.647,12.98
43325.766,13.013
43325.863,13.007
43325.952,13.06
43326.067,12.94
43326.163,13.08
43326.285,12.987
43326.366,12.973
43326.479,12.973
43326.533,12.92
43326.616,12.993
43376.778,13.033
43376.829,12.893
43376.925,12.92
43377.028,12.947
43377.125,12.9
43377.217,13.06
43377.337,13.02
43377.429,12.88
43377.535,12.893
43377.636,12.987
43377.733,13.04
43377.837,12.92
43377.924,12.947
43378.025,12.847
43378.123,12.92
43378.231,13.013
43378.327,12.847
43378.425,12.86
43378.521,13.0
43378.641,12.953
43378.736,13.007
43378.834,12.94
43378.939,12.993
43379.049,12.88
43379.147,12.893
43379.243,12.987
43379.351,13.08
43379.446,12.993
43379.542,12.94
43379.641,13.027
43379.765,13.047
43379.861,13.0
43379.957,12.947
43380.040,12.967
43380.174,12.96
43380.270,12.927
43380.366,12.967
43380.408,13.0
43380.508,12.967
43380.609,13.0
43380.714,13.04
43380.822,12.86
43380.905,12.847
43381.025,12.933
43381.109,13.047
43381.234,13.067
43381.319,12.913
43381.415,13.013
43381.535,12.973
43381.601,12.9
43381.724,12.92
43381.800,13.0
43381.918,12.867
43382.015,13.0
43382.111,12.887
43382.246,12.953
43382.312,13.047
43382.413,13.027
43382.537,13.093
43382.619,12.933
43382.726,12.94
43382.822,13.04
43382.918,13.027
43383.025,12.947
43383.123,12.94
43383.241,12.907
43383.349,12.873
43383.440,13.013
43383.538,13.053
43383.636,13.06
43383.760,13.02
43383.856,12.967
43383.952,12.953
43384.049,12.907
43384.153,13.027
43384.201,12.96
43384.295,12.987
43384.396,12.973
43384.506,12.993
43384.601,12.933
43384.701,12.987
43384.819,13.0
43384.893,13.0
43385.011,12.927
43385.094,12.967
43385.209,12.92
43385.305,12.907
43385.408,12.907
43385.491,13.0
43385.597,13.073
43385.694,13.08
43385.807,12.927
43385.920,13.0
43386.011,13.067
43386.106,12.927
43386.202,13.0
43386.287,12.98
43386.400,12.8
43386.520,12.967
43386.616,12.933
43676.726,12.847
43676.824,13.033
43676.923,13.0
43677.023,12.9
43677.136,12.847
43677.234,12.9
43677.329,12.987
43677.435,12.993
43677.533,12.907
43677.586,12.913
43677.760,12.967
43677.832,12.933
43677.885,12.84
43677.983,12.9
43678.084,12.98
43678.189,13.0
43678.283,12.86
43678.381,12.993
43678.494,12.92
43678.599,12.913
43678.701,12.94
43678.778,13.0
43678.886,13.047
43678.993,12.867
43679.084,12.947
43679.182,13.027
43679.320,13.04
43679.376,13.007
43679.496,13.06
43679.596,12.967
43679.695,12.98
43679.777,12.953
43679.890,13.013
43680.008,12.893
43680.096,13.013
43680.192,12.933
43680.278,12.833
43680.400,12.887
43680.493,12.947
43680.614,12.84
43680.707,13.053
43680.810,13.08
43680.905,12.907
43681.022,12.953
43681.108,12.873
43681.229,13.013
43681.327,12.92
43681.381,12.96
43681.527,12.96
43681.579,12.973
43681.672,13.107
43681.768,12.94
43681.869,12.96
43682.037,12.967
43682.087,12.98
43682.168,13.007
43682.282,12.98
43682.381,13.0
43682.479,12.967
43682.582,12.96
43682.679,12.92
43682.775,12.993
43682.871,13.08
43682.974,12.94
43683.077,13.013
43683.180,12.9
43683.272,12.907
43683.386,12.987
43683.469,12.92
43683.567,12.92
43683.684,12.98
43683.778,12.993
43683.878,13.007
43684.006,12.947
43684.087,12.88
43684.165,12.893
43684.271,13.007
43684.386,13.06
43684.481,12.947
43684.601,12.933
43684.697,12.967
43684.765,13.073
43684.910,12.867
43685.008,12.98
43685.059,12.933
43685.226,12.967
43685.322,12.993
43685.418,12.88
43685.520,12.987
43685.619,12.933
43685.670,12.9
43685.766,12.927
43685.869,12.973
43685.967,12.913
43686.064,12.92
43686.168,12.92
43686.277,12.947
43686.373,12.913
43686.474,12.927
43686.581,13.0
43686.663,12.98
43736.761,12.94
43736.859,12.933
43736.969,12.933
43737.067,12.973
43737.165,13.013
43737.266,12.993
43737.356,12.993
43737.476,12.96
43737.574,13.013
43737.682,12.94
43737.770,13.033
43737.890,13.047
43737.986,13.0
43738.092,12.98
43738.187,12.967
43738.278,12.993
43738.353,13.073
43738.464,12.947
43738.562,12.88
43738.662,12.987
43738.783,12.913
43738.847,12.96
43738.947,12.953
43739.052,12.967
43739.152,12.947
43739.307,13.027
43739.359,12.98
43739.464,13.02
43739.614,13.02
43739.660,13.007
43739.753,12.973
43739.851,13.093
43739.954,12.88
43740.052,12.873
43740.147,12.833
43740.253,12.96
43740.344,12.947
43740.466,12.9
43740.560,13.0
43740.658,12.913
43740.758,12.947
43740.854,12.92
43740.952,12.913
43741.057,12.98
43741.155,12.933
43741.246,12.987
43741.356,12.947
43741.469,12.927
43741.565,12.953
43741.663,13.0
43741.768,12.98
43741.859,12.947
43741.981,13.033
43742.091,12.973
43742.182,12.94
43742.271,12.893
43742.349,12.9
43742.476,12.98
43742.559,13.067
43742.663,13.02
43742.739,12.933
43742.868,13.013
43742.942,13.04
43743.043,12.98
43743.148,13.053
43743.244,13.013
43743.336,13.033
43743.456,13.147
43743.604,12.927
43743.655,13.053
43743.751,12.967
43743.849,12.86
43743.951,12.92
43744.050,12.873
43744.147,12.953
43744.244,13.007
43744.341,12.953
43744.437,12.913
43744.533,12.927
43744.663,12.967
43744.751,12.867
43744.847,12.907
43744.944,13.0
43745.035,12.98
43745.147,13.073
43745.239,12.927
43745.359,13.013
43745.467,12.913
43745.565,12.907
43745.662,12.88
43745.766,12.947
43745.854,12.913
43745.976,13.027
43746.072,13.06
43746.177,12.993
43746.278,13.04
43746.376,13.027
43746.437,12.973
43746.527,13.007
43746.623,13.0
43796.726,13.053
43796.829,12.887
43796.927,12.967
43797.030,13.027
43797.131,12.887
43797.236,13.073
43797.342,12.96
43797.442,12.94
43797.530,12.96
43797.628,12.98
43797.736,13.027
43797.832,12.987
43798.015,12.847
43798.042,12.927
43798.140,13.033
43798.233,12.993
43798.339,13.073
43798.424,12.987
43798.523,13.033
43798.619,13.027
43798.722,13.073
43798.842,13.073
43798.937,12.88
43799.030,12.98
43799.143,12.9
43799.239,13.047
43799.359,13.0
43799.440,12.98
43799.552,12.9
43799.648,12.82
43799.768,12.893
43799.851,12.9
43799.949,12.927
43800.071,12.96
43800.177,12.933
43800.265,12.993
43800.317,13.1
43800.478,12.933
43800.587,12.907
43800.616,12.833
43800.712,12.907
43800.878,12.933
43800.912,12.96
43801.025,12.887
43801.130,12.933
43801.229,12.987
43801.326,12.993
43801.432,12.96
43801.513,12.993
43801.646,13.007
43801.729,12.94
43801.826,12.913
43801.927,13.027
43802.013,13.007
43802.114,12.913
43802.212,13.013
43802.310,13.06
43802.425,12.967
43802.521,13.08
43802.640,13.02
43802.750,12.94
43802.842,13.093
43802.937,12.967
43803.033,12.9
43803.125,12.953
43803.228,12.987
43803.351,13.087
43803.447,13.113
43803.552,13.027
43803.646,13.1
43803.763,12.973
43803.817,12.933
43803.944,12.907
43804.064,13.04
43804.157,13.08
43804.263,12.967
43804.363,13.087
43804.413,12.893
43804.510,12.953
43804.609,13.027
43804.707,12.92
43804.805,12.98
43804.908,13.047
43805.016,12.947
43805.114,13.1
43805.214,13.053
43805.322,12.987
43805.405,13.02
43805.506,13.033
43805.609,13.08
43805.712,13.087
43805.812,13.02
43805.918,13.107
43806.001,12.967
43806.101,13.133
43806.219,13.013
43806.315,13.093
43806.425,12.98
43806.513,12.947
43806.606,12.993
43856.728,13.047
43856.812,13.0
43856.930,13.0
43857.025,12.92
43857.125,13.013
43857.228,13.033
43857.324,12.9
43857.445,13.073
43857.528,13.013
43857.641,13.04
43857.690,12.913
43857.851,12.98
43857.895,13.047
43857.989,12.9
43858.153,13.0
43858.263,12.92
43858.305,12.927
43858.397,13.0
43858.494,12.92
43858.599,12.933
43858.697,12.967
43858.804,12.913
43858.908,12.98
43858.996,12.993
43859.092,12.993
43859.196,12.933
43859.300,12.973
43859.388,13.013
43859.484,13.047
43859.587,13.113
43859.731,12.973
43859.800,12.9
43859.898,13.007
43859.996,13.053
43860.101,12.967
43860.212,12.833
43860.309,12.947
43860.405,12.993
43860.511,12.98
43860.609,13.067
43860.712,13.013
43860.805,12.98
43860.927,12.96
43861.025,12.887
43861.121,13.027
43861.214,12.967
43861.337,12.933
43861.434,12.887
43861.530,13.02
43861.638,12.913
43861.734,12.9
43861.785,12.94
43861.878,12.987
43861.984,12.933
43862.079,12.973
43862.179,12.94
43862.277,13.007
43862.396,12.933
43862.491,12.927
43862.594,13.007
43862.695,13.067
43862.792,12.887
43862.891,13.0
43862.993,12.953
43863.082,13.007
43863.184,13.027
43863.287,13.06
43863.407,13.04
43863.494,12.973
43863.574,13.047
43863.684,12.86
43863.773,12.913
43863.890,12.82
43863.986,13.033
43864.081,12.9
43864.184,13.013
43864.305,12.94
43864.405,12.92
43864.508,12.96
43864.594,13.0
43864.717,12.907
43864.815,12.807
43864.920,12.953
43865.016,13.06
43865.113,12.9
43865.207,13.12
43865.268,13.053
43865.427,12.967
43865.525,12.987
43865.618,13.047
43865.724,13.147
43865.775,12.98
43865.876,13.033
43865.979,12.913
43866.077,12.987
43866.174,12.973
43866.273,12.967
43866.371,12.907
43866.467,12.947
43866.567,12.893
43866.667,12.92
43916.783,13.013
43916.869,13.02
43916.967,13.013
43917.082,13.013
43917.177,13.0
43917.263,13.04
43917.366,13.033
43917.469,12.96
43917.572,12.953
43917.677,13.027
43917.773,12.967
43917.859,12.967
43917.981,13.033
43918.070,13.087
43918.185,13.047
43918.295,13.04
43918.393,12.893
43918.489,13.04
43918.596,13.073
43918.696,12.88
43918.815,12.96
43918.920,13.02
43919.008,12.933
43919.106,12.927
43919.158,12.907
43919.258,13.033
43919.420,12.973
43919.518,12.973
43919.567,13.053
43919.655,12.96
43919.763,13.04
43919.863,12.967
43919.959,12.953
43920.052,12.953
43920.153,12.953
43920.273,12.847
43920.434,13.027
43920.484,13.04
43920.557,12.887
43920.658,12.927
43920.756,12.92
43920.869,12.947
43920.967,12.913
43921.064,13.0
43921.168,12.88
43921.263,12.893
43921.361,12.973
43921.454,13.0
43921.557,13.0
43921.680,12.967
43921.778,13.007
43921.858,12.927
43921.966,12.9
43922.086,13.047
43922.182,13.08
43922.295,12.933
43922.391,13.027
43922.488,13.1
43922.594,12.96
43922.704,12.953
43922.802,13.013
43922.898,13.04
43923.006,13.06
43923.104,12.993
43923.201,12.933
43923.251,12.973
43923.354,12.913
43923.452,13.013
43923.550,13.06
43923.662,12.973
43923.744,12.987
43923.856,12.84
43923.961,12.893
43924.065,12.953
43924.152,12.893
43924.275,13.053
43924.363,12.98
43924.457,12.96
43924.543,13.027
43924.641,12.887
43924.761,12.9
43924.842,12.933
43924.962,13.027
43925.062,12.86
43925.167,12.96
43925.251,12.933
43925.354,12.953
43925.447,13.047
43925.577,13.08
43925.675,13.013
43925.771,13.08
43925.868,13.073
43925.972,13.0
43926.070,13.033
43926.163,12.907
43926.270,12.947
43926.380,13.133
43926.476,12.953
43926.597,13.033
43926.680,12.92
43976.731,12.88
43976.895,12.953
43977.003,12.94
43977.091,13.0
43977.141,12.873
43977.239,12.98
43977.336,12.933
43977.439,12.947
43977.535,12.947
43977.635,12.967
43977.739,13.04
43977.851,12.993
43977.947,12.867
43978.045,12.993
43978.130,12.94
43978.229,13.02
43978.349,13.06
43978.427,13.0
43978.543,13.08
43978.640,12.973
43978.741,12.907
43978.842,12.9
43978.952,12.933
43979.042,13.02
43979.133,12.96
43979.253,12.933
43979.349,12.96
43979.442,12.973
43979.543,12.92
43979.623,13.013
43979.723,13.067
43979.824,13.0
43979.944,12.927
43980.038,12.9
43980.138,12.933
43980.246,13.0
43980.356,13.08
43980.479,13.027
43980.577,12.913
43980.628,13.053
43980.728,12.893
43980.829,12.92
43980.924,12.933
43981.089,12.967
43981.121,13.027
43981.239,12.967
43981.332,13.033
43981.437,13.027
43981.537,12.973
43981.633,12.887
43981.734,13.007
43981.820,12.96
43981.918,12.947
43982.038,12.993
43982.150,12.86
43982.234,12.953
43982.334,13.013
43982.432,12.953
43982.516,12.947
43982.631,12.967
43982.726,12.973
43982.824,12.98
43982.932,13.0
43983.035,12.973
43983.133,12.92
43983.251,12.927
43983.315,13.007
43983.422,13.107
43983.548,12.94
43983.640,12.973
43983.761,13.013
43983.861,12.973
43983.957,13.087
43984.055,13.0
43984.175,13.013
43984.272,12.973
43984.356,12.987
43984.469,12.993
43984.516,12.893
43984.611,12.96
43984.722,13.06
43984.817,13.053
43984.915,13.113
43985.011,13.027
43985.118,12.933
43985.214,12.947
43985.312,13.04
43985.413,12.94
43985.525,13.007
43985.696,12.9
43985.724,12.933
43985.824,12.913
43985.913,12.967
43986.011,13.013
43986.116,13.08
43986.214,12.96
43986.312,13.013
43986.415,13.02
43986.523,13.033
43986.625,12.9
44276.721,12.947
44276.815,13.013
44276.927,12.927
44277.037,12.927
44277.131,12.853
44277.228,12.853
44277.339,13.033
44277.439,13.047
44277.538,12.987
44277.635,13.013
44277.755,12.92
44277.853,12.947
44277.949,12.98
44278.001,12.933
44278.099,12.88
44278.261,12.953
44278.358,12.98
44278.398,12.993
44278.506,12.9
44278.603,12.92
44278.704,13.047
44278.812,13.053
44278.917,13.02
44279.016,13.027
44279.175,13.007
44279.207,12.993
44279.305,12.907
44279.400,12.927
44279.498,12.893
44279.616,12.887
44279.714,12.947
44279.795,12.993
44279.910,13.02
44280.008,13.02
44280.092,12.973
44280.195,13.02
44280.305,12.9
44280.403,12.933
44280.505,12.867
44280.611,12.84
44280.714,13.067
44280.790,13.067
44280.893,13.007
44280.998,12.98
44281.101,12.933
44281.226,13.013
44281.312,12.987
44281.430,13.013
44281.523,13.093
44281.643,12.967
44281.748,12.947
44281.847,12.96
44281.946,13.127
44282.042,13.047
44282.097,13.047
44282.190,13.033
44282.287,12.907
44282.395,12.947
44282.486,12.98
44282.587,12.953
44282.706,12.973
44282.807,12.98
44282.891,12.947
44282.991,13.033
44283.084,12.947
44283.197,12.953
44283.295,12.947
44283.402,12.927
44283.498,12.853
44283.587,12.967
44283.692,12.98
44283.797,12.973
44283.881,13.067
44284.001,12.933
44284.111,12.893
44284.187,12.98
44284.292,12.84
44284.402,12.867
44284.498,12.833
44284.577,12.893
44284.679,12.827
44284.787,12.987
44284.888,13.027
44285.011,13.027
44285.096,13.047
44285.222,13.007
44285.299,13.02
44285.425,12.933
44285.476,12.927
44285.628,12.96
44285.682,12.94
44285.842,12.813
44285.935,12.96
44285.986,12.967
44286.077,12.987
44286.182,13.013
44286.278,12.993
44286.375,12.94
44286.481,12.947
44286.592,12.92
44286.687,12.92
44336.787,12.893
44336.873,12.973
44336.986,12.947
44337.082,13.033
44337.177,12.993
44337.285,13.1
44337.381,13.02
44337.476,12.953
44337.584,12.96
44337.668,12.94
44337.792,13.013
44337.888,12.96
44337.998,12.993
44338.094,12.987
44338.195,13.067
44338.293,13.093
44338.386,12.867
44338.508,12.9
44338.604,12.933
44338.685,13.02
44338.821,12.993
44338.917,13.027
44339.022,12.907
44339.123,12.827
44339.223,12.98
44339.319,13.033
44339.423,12.927
44339.462,12.98
44339.626,12.987
44339.723,12.927
44339.834,12.947
44339.861,12.92
44339.981,13.033
44340.072,13.053
44340.180,12.88
44340.277,12.947
44340.376,13.007
44340.474,12.94
44340.565,12.94
44340.662,12.907
44340.758,13.053
44340.893,13.04
44340.974,13.013
44341.072,12.92
44341.168,12.973
44341.260,12.933
44341.375,12.907
44341.459,13.08
44341.570,13.073
44341.667,13.013
44341.771,12.987
44341.878,12.893
44341.994,13.107
44342.060,13.08
44342.180,12.993
44342.271,12.98
44342.405,13.0
44342.503,12.947
44342.599,12.953
44342.687,12.927
44342.800,12.907
44342.897,13.067
44343.018,12.98
44343.099,13.007
44343.217,12.973
44343.315,12.887
44343.413,12.953
44343.508,13.02
44343.559,13.027
44343.658,12.993
44343.758,12.993
44343.856,13.027
44343.959,12.973
44344.057,12.873
44344.158,12.9
44344.268,12.893
44344.368,13.027
44344.462,12.927
44344.567,13.067
44344.655,13.013
44344.765,13.027
44344.861,13.047
44344.967,12.92
44345.062,12.847
44345.158,12.993
44345.255,12.953
44345.354,13.013
44345.454,13.107
44345.555,12.993
44345.670,12.953
44345.760,12.873
44345.869,13.013
44345.947,12.987
44346.055,12.913
44346.177,12.913
44346.298,12.967
44346.405,12.893
44346.494,13.06
44346.589,13.053
44346.689,13.06
44396.741,12.847
44396.842,12.893
44397.005,12.993
44397.101,12.987
44397.140,12.887
44397.243,13.06
44397.341,12.927
44397.464,12.973
44397.554,12.947
44397.650,12.947
44397.750,12.967
44397.844,13.0
44397.942,12.973
44398.035,12.953
44398.160,13.147
44398.243,12.987
44398.371,13.053
44398.444,12.98
44398.542,12.953
44398.650,12.953
44398.746,12.96
44398.844,12.947
44398.940,12.94
44399.048,12.907
44399.148,12.947
44399.239,13.033
44399.349,12.907
44399.459,12.993
44399.557,12.973
44399.653,12.973
44399.756,12.967
44399.876,12.947
44399.971,12.907
44400.079,12.993
44400.165,13.027
44400.265,13.027
44400.383,12.933
44400.491,12.92
44400.591,12.94
44400.690,12.967
44400.787,12.813
44400.886,13.14
44400.984,12.933
44401.035,13.0
44401.133,12.947
44401.228,12.967
44401.327,13.013
44401.425,12.92
44401.550,12.913
44401.648,12.88
44401.746,12.96
44401.832,13.013
44401.940,12.933
44402.037,12.953
44402.136,13.02
44402.228,12.94
44402.329,12.947
44402.427,12.94
44402.525,12.993
44402.652,12.967
44402.744,13.02
44402.839,12.927
44402.939,13.0
44403.042,12.933
44403.138,13.107
44403.233,12.987
44403.354,12.967
44403.456,12.953
44403.550,13.12
44403.647,12.873
44403.756,13.12
44403.866,13.0
44403.962,12.967
44404.062,13.02
44404.165,13.04
44404.268,13.027
44404.319,12.9
44404.418,12.94
44404.584,13.013
44404.680,12.833
44404.734,12.927
44404.873,12.993
44404.925,13.033
44405.023,13.033
44405.123,12.893
44405.224,12.787
44405.334,12.98
44405.427,12.913
44405.538,12.993
44405.614,12.913
44405.714,12.887
44405.821,13.027
44405.927,12.927
44406.027,12.933
44406.121,12.86
44406.216,12.887
44406.327,13.013
44406.418,12.927
44406.518,12.973
44406.636,12.96
44456.738,13.007
44456.836,12.973
44456.934,12.887
44457.030,12.887
44457.131,12.98
44457.228,12.907
44457.349,12.927
44457.432,12.987
44457.543,12.9
44457.660,12.94
44457.758,12.993
44457.842,13.08
44457.962,12.967
44458.059,13.027
44458.165,12.92
44458.209,12.987
44458.373,13.133
44458.423,12.913
44458.576,12.993
44458.670,12.947
44458.721,13.0
44458.810,12.913
44458.924,13.067
44459.018,12.887
44459.119,13.093
44459.224,12.987
44459.314,12.953
44459.408,12.913
44459.506,12.993
44459.635,13.06
44459.699,12.973
44459.800,12.993
44459.922,12.973
44460.001,12.92
44460.111,12.933
44460.209,12.92
44460.324,12.94
44460.413,13.02
44460.511,13.067
44460.606,12.96
44460.712,12.947
44460.810,13.0
44460.930,12.973
44461.030,12.967
44461.148,13.0
44461.244,12.987
44461.344,12.993
44461.439,12.933
44461.543,12.933
44461.638,13.007
44461.758,12.98
44461.839,13.0
44461.949,12.94
44462.045,12.987
44462.098,12.98
44462.251,13.04
44462.302,12.993
44462.397,13.067
44462.494,13.04
44462.599,12.933
44462.695,12.947
44462.800,12.94
44462.903,12.94
44463.011,12.913
44463.114,13.027
44463.190,13.08
44463.310,13.013
44463.402,13.04
44463.505,13.06
44463.609,12.96
44463.702,13.06
44463.795,13.04
44463.893,12.987
44464.000,12.973
44464.106,12.853
44464.202,12.927
44464.300,12.893
44464.403,13.067
44464.498,12.987
44464.619,12.96
44464.714,13.04
44464.824,12.973
44464.923,13.093
44465.023,13.027
44465.119,13.033
44465.239,13.013
44465.337,13.047
44465.432,13.08
44465.513,12.933
44465.648,13.04
44465.746,12.953
44465.844,13.0
44465.883,12.967
44465.984,12.9
44466.082,12.933
44466.250,12.967
44466.295,12.967
44466.390,13.06
44466.486,13.013
44466.592,12.947
44466.689,12.987
44516.788,13.06
44516.885,12.873
44516.986,12.833
44517.084,12.933
44517.179,12.987
44517.277,13.0
44517.388,13.007
44517.484,12.947
44517.582,12.9
44517.722,13.073
44517.773,12.98
44517.878,13.02
44517.998,12.993
44518.087,13.06
44518.187,12.88
44518.273,12.967
44518.395,12.933
44518.498,12.993
44518.574,12.947
44518.719,12.967
44518.824,13.073
44518.910,13.113
44519.013,12.967
44519.106,12.967
44519.234,13.06
44519.332,13.1
44519.429,12.927
44519.525,12.967
44519.626,12.86
44519.748,13.007
44519.775,13.033
44519.873,12.98
44519.972,12.873
44520.074,12.98
44520.179,12.927
44520.293,12.96
44520.388,13.033
44520.484,13.067
44520.589,12.993
44520.684,13.013
44520.780,12.913
44520.878,13.02
44520.974,12.953
44521.071,12.953
44521.173,12.94
44521.271,13.0
44521.366,13.033
44521.484,12.987
44521.581,12.84
44521.687,13.1
44521.785,13.0
44521.886,13.06
44521.981,13.007
44522.079,12.993
44522.199,13.047
44522.295,13.0
44522.385,13.047
44522.498,12.94
44522.565,12.933
44522.665,13.1
44522.768,13.007
44522.910,13.007
44522.978,12.94
44523.079,12.92
44523.180,12.96
44523.280,12.96
44523.388,12.953
44523.464,13.007
44523.565,12.993
44523.670,12.987
44523.766,12.94
44523.871,12.967
44523.969,12.92
44524.072,12.953
44524.170,12.893
44524.275,12.993
44524.359,13.053
44524.478,13.067
44524.557,13.02
44524.674,12.993
44524.793,13.107
44524.864,12.947
44524.961,13.007
44525.070,12.98
44525.160,12.973
44525.258,13.04
44525.354,12.88
44525.456,12.993
44525.577,12.933
44525.677,13.013
44525.771,13.047
44525.873,12.893
44525.994,13.127
44526.092,12.98
44526.173,12.973
44526.283,13.033
44526.403,12.967
44526.501,12.96
44526.584,12.893
44526.704,13.06
44576.799,13.02
44576.907,13.073
44576.998,12.933
44577.050,13.0
44577.152,13.007
44577.319,13.04
44577.347,12.947
44577.445,13.12
44577.611,13.133
44577.712,13.153
44577.761,13.007
44577.856,12.887
44577.956,12.887
44578.057,12.973
44578.155,12.98
44578.251,12.9
44578.344,12.94
44578.446,13.02
44578.552,13.107
44578.653,13.013
44578.746,12.907
44578.856,12.993
44578.945,13.007
44579.043,13.053
44579.157,13.053
44579.246,12.893
44579.351,12.86
44579.456,12.933
44579.560,13.127
44579.663,12.98
44579.748,12.987
44579.858,12.987
44579.959,12.827
44580.082,12.94
44580.182,12.967
44580.283,12.94
44580.383,12.933
44580.481,12.993
44580.584,13.027
44580.696,12.913
44580.790,12.947
44580.888,12.94
44580.994,12.973
44581.087,13.073
44581.138,12.96
44581.234,13.027
44581.342,12.98
44581.442,12.927
44581.540,13.007
44581.640,13.04
44581.748,12.98
44581.846,12.92
44581.930,12.94
44582.054,12.96
44582.136,12.96
44582.234,12.913
44582.329,13.04
44582.442,12.967
44582.538,12.94
44582.635,13.027
44582.731,13.053
44582.831,12.98
44582.952,13.027
44583.048,12.933
44583.155,13.12
44583.244,13.067
44583.344,12.987
44583.442,13.033
44583.567,13.047
44583.631,12.98
44583.729,13.053
44583.842,13.06
44583.959,12.953
44584.079,12.96
44584.177,12.94
44584.256,12.96
44584.369,12.927
44584.423,12.893
44584.525,12.967
44584.626,12.98
44584.723,12.967
44584.888,12.933
44584.991,12.973
44585.037,12.947
44585.128,13.02
44585.226,12.933
44585.322,12.907
44585.430,13.007
44585.533,12.92
44585.631,12.86
44585.728,13.093
44585.841,12.847
44585.939,13.087
44586.018,13.033
44586.119,13.02
44586.236,13.0
44586.334,12.973
44586.430,13.027
44586.530,12.933
44586.628,12.967
44876.724,13.073
44876.829,13.007
44876.942,12.987
44877.025,12.987
44877.146,13.007
44877.241,12.88
44877.334,12.987
44877.437,12.953
44877.518,13.033
44877.626,13.027
44877.746,13.087
44877.834,12.947
44877.947,12.993
44878.040,12.907
44878.160,12.933
44878.212,13.013
44878.369,12.987
44878.423,12.92
44878.577,13.02
44878.668,12.867
44878.712,13.0
44878.810,12.887
44878.976,12.907
44879.079,12.98
44879.131,12.987
44879.233,13.08
44879.327,12.933
44879.427,12.953
44879.525,12.893
44879.630,12.94
44879.724,12.94
44879.815,13.08
44879.912,12.933
44880.010,12.907
44880.138,12.96
44880.226,12.913
44880.324,12.947
44880.422,12.94
44880.511,12.927
44880.616,12.933
44880.736,12.953
44880.832,13.033
44880.918,12.967
44881.038,12.933
44881.131,12.993
44881.239,12.967
44881.349,12.973
44881.445,12.967
44881.543,13.02
44881.652,13.053
44881.748,12.94
44881.805,12.973
44881.920,12.927
44882.000,12.987
44882.099,12.987
44882.202,13.033
44882.304,13.047
44882.457,12.967
44882.510,12.887
44882.611,12.893
44882.711,12.907
44882.810,13.027
44882.912,12.913
44883.008,13.04
44883.103,13.067
44883.204,12.967
44883.302,13.04
44883.398,12.967
44883.513,12.853
44883.609,12.927
44883.712,13.02
44883.812,13.02
44883.903,12.987
44884.001,12.987
44884.099,12.913
44884.194,12.933
44884.314,12.94
44884.415,13.053
44884.513,12.92
44884.616,12.947
44884.707,12.953
44884.829,12.933
44884.915,12.993
44885.028,12.933
44885.126,12.88
44885.221,12.907
44885.327,13.047
44885.423,13.047
44885.543,12.9
44885.598,12.933
44885.702,13.013
44885.812,13.04
44885.893,13.073
44886.037,12.933
44886.087,12.993
44886.187,12.947
44886.293,12.94
44886.454,12.96
44886.506,13.053
44886.587,12.967
44886.684,12.96
44936.804,13.073
44936.898,12.907
44936.994,12.887
44937.119,12.807
44937.190,12.88
44937.302,12.92
44937.398,12.92
44937.488,12.98
44937.599,12.867
44937.696,12.907
44937.790,12.92
44937.898,12.993
44938.000,13.047
44938.094,13.06
44938.194,12.993
44938.292,13.047
44938.413,12.907
44938.508,13.013
44938.589,12.887
44938.704,12.973
44938.802,12.907
44938.922,12.947
44939.027,13.047
44939.123,12.973
44939.219,13.067
44939.326,12.953
44939.440,12.9
44939.537,13.053
44939.636,13.027
44939.736,12.933
44939.834,12.84
44939.886,12.907
44939.988,13.0
44940.086,12.907
44940.180,12.933
44940.277,12.98
44940.381,13.02
44940.489,12.987
44940.587,13.013
44940.684,13.093
44940.799,12.913
44940.878,12.933
44940.998,12.953
44941.072,12.98
44941.211,12.86
44941.283,13.06
44941.380,12.933
44941.473,13.007
44941.574,13.0
44941.668,12.96
44941.790,12.987
44941.898,12.96
44941.986,12.993
44942.106,13.1
44942.201,13.073
44942.283,12.84
44942.405,12.867
44942.501,12.933
44942.596,12.92
44942.702,13.027
44942.799,13.033
44942.920,12.927
44943.001,12.967
44943.111,13.047
44943.209,13.033
44943.329,12.96
44943.369,12.96
44943.532,12.927
44943.628,12.993
44943.736,12.853
44943.829,12.96
44943.949,13.047
44943.986,13.1
44944.072,13.06
44944.170,13.007
44944.266,12.867
44944.381,12.98
44944.471,13.02
44944.584,12.967
44944.665,13.013
44944.766,13.013
44944.861,13.047
44944.973,13.047
44945.074,12.86
44945.175,12.927
44945.260,12.853
44945.368,13.067
44945.464,12.987
44945.572,12.9
44945.670,12.927
44945.773,12.987
44945.873,12.98
44945.959,12.94
44946.079,12.947
44946.163,13.02
44946.332,12.86
44946.381,12.967
44946.501,12.907
44946.598,12.907
44946.687,12.933
44996.809,12.973
44996.905,12.94
44997.003,12.86
44997.114,12.967
44997.158,12.927
44997.256,13.02
44997.353,12.887
44997.459,13.027
44997.557,12.973
44997.652,12.953
44997.822,13.02
44997.873,12.973
44997.949,12.933
44998.069,12.927
44998.168,12.9
44998.271,13.02
44998.437,13.0
44998.464,12.987
44998.554,12.88
44998.652,12.92
44998.750,12.98
44998.881,13.073
44998.964,12.947
44999.060,12.993
44999.158,13.013
44999.256,12.927
44999.361,13.0
44999.457,13.007
44999.554,12.913
44999.667,12.893
44999.758,12.967
44999.881,13.013
44999.981,13.013
45000.067,12.96
45000.187,12.893
45000.280,12.933
45000.395,12.927
45000.447,12.953
45000.554,12.96
45000.653,12.973
45000.790,12.9
45000.873,12.94
45001.000,12.96
45001.049,13.013
45001.141,13.093
45001.305,12.933
45001.356,12.973
45001.452,12.92
45001.549,13.047
45001.646,12.947
45001.744,12.86
45001.844,12.833
45001.945,12.98
45002.045,12.973
45002.143,12.913
45002.258,12.907
45002.359,12.927
45002.457,12.9
45002.581,12.913
45002.655,12.813
45002.755,12.867
45002.848,13.053
45002.944,12.927
45003.035,12.987
45003.158,13.073
45003.253,12.933
45003.359,12.913
45003.459,12.793
45003.555,13.06
45003.660,12.993
45003.771,12.987
45003.864,12.913
45003.964,12.973
45004.071,13.16
45004.162,13.02
45004.282,13.013
45004.393,12.96
45004.483,12.973
45004.582,13.033
45004.679,12.96
45004.731,12.98
45004.829,13.007
45004.929,12.993
45005.092,12.953
45005.133,12.927
45005.244,12.947
45005.344,13.013
45005.442,13.02
45005.525,12.987
45005.630,12.967
45005.746,12.92
45005.907,12.933
45005.939,13.013
45006.035,13.04
45006.136,13.053
45006.229,13.027
45006.342,12.993
45006.423,12.973
45006.528,12.947
45006.638,13.02
45056.736,13.007
45056.832,12.987
45056.927,12.973
45057.035,12.967
45057.133,12.867
45057.253,12.94
45057.332,12.807
45057.442,13.08
45057.549,12.973
45057.645,12.92
45057.748,12.98
45057.849,13.0
45057.952,12.94
45058.069,12.907
45058.157,13.08
45058.268,13.013
45058.361,13.02
45058.479,12.92
45058.516,12.967
45058.621,12.987
45058.719,13.12
45058.829,12.96
45058.922,12.9
45059.020,13.013
45059.119,12.94
45059.229,12.9
45059.331,12.953
45059.432,12.913
45059.540,12.927
45059.621,12.973
45059.719,13.04
45059.822,13.067
45059.929,13.1
45060.057,13.067
45060.111,13.013
45060.219,12.953
45060.317,13.047
45060.415,12.947
45060.533,13.033
45060.641,13.053
45060.733,12.953
45060.829,12.84
45060.925,12.987
45061.023,13.02
45061.145,12.967
45061.241,12.893
45061.337,12.96
45061.447,13.0
45061.550,12.86
45061.643,12.98
45061.744,12.887
45061.858,13.007
45061.956,12.94
45062.054,12.973
45062.153,12.94
45062.207,13.033
45062.369,12.953
45062.479,12.947
45062.508,12.933
45062.606,12.953
45062.704,12.84
45062.866,13.013
45062.917,13.007
45063.015,12.92
45063.114,12.993
45063.212,12.987
45063.324,12.9
45063.425,12.973
45063.523,13.0
45063.616,12.867
45063.741,12.887
45063.812,13.0
45063.910,13.027
45064.016,12.953
45064.114,12.947
45064.199,12.94
45064.314,12.967
45064.403,13.073
45064.511,12.933
45064.614,13.033
45064.726,13.08
45064.820,12.933
45064.898,13.02
45065.001,12.98
45065.101,12.973
45065.209,12.973
45065.327,12.973
45065.427,13.113
45065.513,13.033
45065.613,12.933
45065.717,12.96
45065.810,12.947
45065.927,12.967
45066.045,12.94
45066.097,13.0
45066.202,12.933
45066.305,12.993
45066.459,12.947
45066.564,12.987
45066.592,12.927
45066.690,12.853
45116.792,12.873
45116.890,12.82
45117.003,12.92
45117.103,12.927
45117.197,12.933
45117.302,12.967
45117.396,12.947
45117.493,13.02
45117.591,12.907
45117.692,12.967
45117.810,13.0
45117.930,12.873
45117.991,13.0
45118.104,12.973
45118.201,12.973
45118.300,12.92
45118.402,12.893
45118.498,12.967
45118.619,12.813
45118.726,13.04
45118.807,12.967
45118.927,12.973
45119.023,13.013
45119.136,13.087
45119.234,12.993
45119.331,12.993
45119.425,12.967
45119.530,12.907
45119.581,13.027
45119.741,12.993
45119.829,13.073
45119.942,13.0
45119.991,13.027
45120.084,12.947
45120.197,12.973
45120.342,12.993
45120.396,12.973
45120.491,12.953
45120.587,12.96
45120.687,12.987
45120.809,13.027
45120.878,12.98
45120.998,12.987
45121.099,12.907
45121.197,12.96
45121.298,13.053
45121.388,12.993
45121.486,12.987
45121.587,12.987
45121.689,13.013
45121.783,12.953
45121.883,12.947
45121.984,13.06
45122.072,12.967
45122.192,12.98
45122.277,12.893
45122.373,12.913
45122.486,12.927
45122.611,12.993
45122.714,13.02
45122.812,13.053
45122.910,13.02
45123.006,13.033
45123.081,13.113
45123.229,12.993
45123.324,12.993
45123.420,12.973
45123.474,13.033
45123.572,12.907
45123.668,12.973
45123.834,12.907
45123.871,13.053
45123.979,12.967
45124.072,12.867
45124.174,13.0
45124.287,12.973
45124.385,12.927
45124.484,13.007
45124.650,12.9
45124.679,12.867
45124.800,12.94
45124.869,12.887
45124.974,13.067
45125.076,12.92
45125.174,12.993
45125.270,12.927
45125.369,12.887
45125.467,12.913
45125.562,13.04
45125.675,12.907
45125.778,12.993
45125.876,12.967
45125.994,12.973
45126.076,12.927
45126.187,12.967
45126.280,13.047
45126.402,12.947
45126.486,12.933
45126.655,12.9
45126.680,12.853
45176.778,12.92
45176.905,12.96
45176.969,12.953
45177.113,12.86
45177.223,12.92
45177.317,13.067
45177.415,12.927
45177.489,12.987
45177.570,13.18
45177.660,12.9
45177.761,12.913
45177.871,13.047
45177.961,13.027
45178.072,12.98
45178.168,12.987
45178.280,12.967
45178.364,13.013
45178.464,12.88
45178.560,13.06
45178.674,12.893
45178.793,13.02
45178.866,13.013
45178.961,12.893
45179.060,13.113
45179.158,12.987
45179.251,12.807
45179.383,12.873
45179.474,12.993
45179.571,12.907
45179.667,13.04
45179.763,13.013
45179.886,12.94
45179.986,13.027
45180.081,13.113
45180.187,12.96
45180.287,13.053
45180.403,12.94
45180.488,13.02
45180.599,13.06
45180.697,13.06
45180.795,12.993
45180.898,12.92
45180.949,13.04
45181.109,13.06
45181.221,13.08
45181.246,13.013
45181.349,13.007
45181.447,13.007
45181.550,12.96
45181.657,12.947
45181.760,12.967
45181.861,12.847
45181.957,12.993
45182.052,13.147
45182.150,12.94
45182.243,12.94
45182.349,12.98
45182.449,13.067
45182.545,12.947
45182.645,13.013
45182.760,12.967
45182.858,12.913
45182.952,12.907
45183.057,12.84
45183.141,12.98
45183.263,12.987
45183.361,12.973
45183.471,12.927
45183.567,12.98
45183.663,12.927
45183.761,13.18
45183.863,12.98
45183.983,13.04
45184.082,13.02
45184.165,13.027
45184.273,12.993
45184.369,12.913
45184.491,13.0
45184.598,12.953
45184.695,13.04
45184.795,13.067
45184.896,13.02
45184.935,12.887
45185.035,12.84
45185.136,12.933
45185.231,12.987
45185.331,13.0
45185.430,13.0
45185.547,13.04
45185.655,12.9
45185.748,12.947
45185.849,12.907
45185.949,12.873
45186.045,12.973
45186.141,13.0
45186.239,12.893
45186.339,12.933
45186.437,12.927
45186.533,12.993
45186.638,12.993
45186.661,12.927
45186.760,13.027
45186.864,12.96
45186.966,12.853
45187.070,12.973
45187.173,12.947
45187.251,12.993
45187.360,12.98
45187.462,13.027
45187.582,12.84
45187.673,12.987
45187.781,13.06
45187.901,12.887
45187.994,12.953
45188.085,12.96
45188.201,13.1
45188.296,13.0
45188.350,12.98
45188.499,12.88
45188.611,12.853
45188.709,12.893
45188.760,13.033
45188.910,13.04
45188.962,12.953
45189.055,12.96
45189.152,13.027
45189.258,13.193
45189.360,13.067
45189.456,13.02
45189.558,12.893
45189.646,12.987
45189.766,12.947
45189.862,12.9
45189.970,13.0
45190.057,13.053
45190.156,12.947
45190.259,12.993
45190.359,12.96
45190.456,12.94
45190.552,12.98
45190.647,13.013
45190.750,13.02
45190.869,13.02
45190.966,12.987
45191.071,13.013
45191.160,12.94
45191.262,12.92
45191.382,13.047
45191.482,13.007
45191.575,13.0
45191.652,12.96
45191.757,13.013
45191.861,12.993
45191.966,13.027
45192.086,12.987
45192.139,13.087
45192.299,13.04
45192.395,12.967
45192.446,12.973
45192.540,13.1
45192.645,13.02
45192.741,13.013
45192.909,13.013
45192.953,13.013
45193.050,12.98
45193.152,12.947
45193.251,13.087
45193.346,12.967
45193.443,12.933
45193.542,13.027
45193.644,13.013
45193.739,13.033
45193.833,13.013
45193.930,12.987
45194.050,12.913
45194.138,12.967
45194.241,12.927
45194.341,13.013
45194.449,13.02
45194.552,13.013
45194.650,12.967
45194.747,12.94
45194.859,13.053
45194.958,13.007
45195.058,12.94
45195.161,12.967
45195.254,12.907
45195.376,13.047
45195.481,13.013
45195.570,12.94
45195.690,12.96
45195.786,13.0
45195.870,13.053
45195.988,13.04
45196.088,12.913
45196.185,12.887
45196.285,12.953
45196.337,12.947
45196.429,13.04
45196.529,13.033
45196.635,12.847
45246.732,12.887
45246.830,12.867
45246.951,12.94
45247.023,13.06
45247.153,12.947
45247.231,12.953
45247.341,12.953
45247.463,13.067
45247.532,13.013
45247.627,12.98
45247.729,12.967
45247.826,13.06
45247.923,13.053
45248.018,13.093
45248.121,12.853
45248.243,12.973
45248.337,13.067
45248.430,12.98
45248.527,12.833
45248.652,12.967
45248.745,12.967
45248.859,12.94
45248.956,12.887
45249.051,13.067
45249.157,13.02
45249.266,13.027
45249.369,12.887
45249.465,13.047
45249.567,13.1
45249.667,12.973
45249.765,12.96
45249.814,12.92
45249.915,13.027
45250.011,13.0
45250.177,13.093
45250.230,13.047
45250.321,12.907
45250.484,12.967
45250.514,13.06
45250.630,12.993
45250.718,12.993
45250.824,13.013
45250.922,13.013
45251.046,13.027
45251.120,12.98
45251.216,13.0
45251.313,13.093
45251.407,12.947
45251.524,12.973
45251.622,12.993
45251.729,12.96
45251.808,12.927
45251.927,12.913
45252.025,12.907
45252.115,12.993
45252.218,13.053
45252.320,13.087
45252.424,12.947
45252.524,13.04
45252.606,12.88
45252.710,12.987
45252.833,12.94
45252.921,13.093
45253.042,12.953
45253.122,12.953
45253.225,13.033
45253.302,13.033
45253.399,12.98
45253.500,12.907
45253.658,13.007
45253.709,13.04
45253.811,13.033
45253.904,12.92
45254.002,12.933
45254.100,13.073
45254.201,12.86
45254.301,12.987
45254.417,12.96
45254.515,12.967
45254.612,12.893
45254.715,12.933
45254.813,12.927
45254.906,12.927
45255.003,12.9
45255.104,13.033
45255.201,12.773
45255.305,12.987
45255.403,12.967
45255.512,13.007
45255.611,12.92
45255.707,12.98
45255.814,12.953
45255.912,12.987
45256.006,12.973
45256.162,12.967
45256.212,13.053
45256.331,13.02
45256.427,12.973
45256.518,12.833
45306.643,13.08
45306.741,12.98
45306.797,12.947
45306.903,12.96
45307.009,12.953
45307.112,12.967
45307.216,12.947
45307.291,12.973
45307.388,13.073
45307.495,12.993
45307.626,12.953
45307.701,12.92
45307.805,13.02
45307.890,12.993
45307.998,12.9
45308.102,13.027
45308.273,13.06
45308.299,12.96
45308.384,12.94
45308.507,12.967
45308.588,12.9
45308.685,12.993
45308.785,12.933
45308.884,12.987
45309.002,13.0
45309.088,13.007
45309.194,12.953
45309.290,12.96
45309.387,13.067
45309.515,13.02
45309.611,12.947
45309.710,12.973
45309.812,12.933
45309.897,13.04
45310.018,12.873
45310.115,12.947
45310.224,12.98
45310.322,12.92
45310.418,12.913
45310.516,12.933
45310.614,13.02
45310.690,13.147
45310.792,13.02
45310.914,12.98
45310.978,12.96
45311.080,13.02
45311.180,13.093
45311.284,12.987
45311.381,12.867
45311.482,12.94
45311.583,12.953
45311.674,13.033
45311.789,13.1
45311.891,13.053
45312.062,13.007
45312.091,13.04
45312.207,13.007
45312.290,12.92
45312.411,12.993
45312.480,12.993
45312.583,12.987
45312.680,12.993
45312.776,12.98
45312.874,13.02
45312.971,12.967
45313.087,13.0
45313.191,13.04
45313.289,12.98
45313.387,12.913
45313.488,12.913
45313.598,12.987
45313.697,12.987
45313.795,13.013
45313.901,12.953
45313.998,12.967
45314.119,12.927
45314.224,12.953
45314.314,12.967
45314.410,12.86
45314.505,12.88
45314.607,12.9
45314.727,13.027
45314.825,13.04
45314.924,13.0
45315.027,12.927
45315.076,13.047
45315.169,12.9
45315.268,12.967
45315.373,13.06
45315.471,12.987
45315.568,12.96
45315.738,12.913
45315.788,12.887
45315.870,12.987
45315.972,12.96
45316.060,12.947
45316.183,12.98
45316.303,13.02
45316.374,13.02
45316.468,13.04
45316.566,12.947
45366.666,13.013
45366.796,13.033
45366.885,13.113
45366.982,12.92
45367.078,12.967
45367.168,13.067
45367.276,12.967
45367.374,13.0
45367.494,12.94
45367.600,12.993
45367.698,12.967
45367.795,12.927
45367.897,12.953
45367.986,12.973
45368.108,13.047
45368.203,12.993
45368.310,12.907
45368.411,13.127
45368.509,12.92
45368.606,12.92
45368.659,13.007
45368.760,12.873
45368.857,12.98
45368.953,12.96
45369.059,12.88
45369.160,13.007
45369.263,12.933
45369.370,12.913
45369.475,12.993
45369.570,13.053
45369.667,13.06
45369.761,12.973
45369.853,12.907
45369.951,12.873
45370.050,12.913
45370.150,12.92
45370.267,12.993
45370.365,13.033
45370.471,12.993
45370.547,12.913
45370.649,12.867
45370.754,12.92
45370.853,13.027
45370.946,12.933
45371.066,12.887
45371.155,12.933
45371.276,13.08
45371.371,12.96
45371.491,12.92
45371.575,12.88
45371.689,13.04
45371.784,12.84
45371.878,12.973
45371.985,13.08
45372.107,12.953
45372.203,13.007
45372.310,13.02
45372.398,13.0
45372.450,13.007
45372.542,12.98
45372.643,12.94
45372.744,12.953
45372.846,12.94
45372.943,12.96
45373.043,13.007
45373.157,13.007
45373.255,13.047
45373.357,13.007
45373.437,12.947
45373.559,12.987
45373.659,12.953
45373.738,12.88
45373.849,13.133
45373.945,13.013
45374.043,13.087
45374.146,12.947
45374.239,12.987
45374.361,12.873
45374.459,13.053
45374.558,13.027
45374.654,12.96
45374.750,13.02
45374.881,12.967
45374.971,12.96
45375.067,12.993
45375.163,12.967
45375.258,12.967
45375.360,12.98
45375.436,13.02
45375.535,13.047
45375.685,13.007
45375.742,12.993
45375.851,12.907
45375.950,12.993
45376.030,13.047
45376.129,12.893
45376.239,12.913
45376.367,13.087
45376.444,13.033
45376.540,12.973
45426.646,12.947
45426.743,12.96
45426.847,13.007
45426.928,12.967
45427.031,13.073
45427.147,13.04
45427.245,12.853
45427.346,12.927
45427.455,12.913
45427.543,12.96
45427.638,12.933
45427.733,12.973
45427.845,12.987
45427.928,13.067
45428.023,12.987
45428.142,12.973
45428.233,12.987
45428.354,13.013
45428.451,13.013
45428.557,13.067
45428.647,13.073
45428.744,13.067
45428.841,12.94
45428.968,12.98
45429.063,13.027
45429.161,13.033
45429.261,12.887
45429.358,12.947
45429.434,12.967
45429.540,12.953
45429.660,12.993
45429.772,13.033
45429.823,13.04
45429.975,12.993
45430.027,13.013
45430.116,12.953
45430.281,12.913
45430.332,12.953
45430.419,12.973
45430.520,12.88
45430.617,12.94
45430.737,12.907
45430.814,12.953
45430.934,13.047
45431.015,12.967
45431.154,12.847
45431.222,12.94
45431.320,12.92
45431.417,12.96
45431.513,12.993
45431.615,12.973
45431.735,12.993
45431.834,12.92
45431.933,12.913
45432.037,12.953
45432.134,12.92
45432.233,12.893
45432.344,13.013
45432.443,13.013
45432.536,12.973
45432.644,12.967
45432.714,13.08
45432.820,12.933
45432.930,12.98
45433.060,12.993
45433.156,12.967
45433.255,13.0
45433.347,12.94
45433.470,12.94
45433.565,12.94
45433.662,12.993
45433.775,12.98
45433.873,12.887
45433.969,12.907
45434.022,13.0
45434.121,12.927
45434.215,12.867
45434.311,12.8
45434.411,12.94
45434.507,12.893
45434.625,12.927
45434.722,12.98
45434.804,12.973
45434.942,13.007
45435.012,12.96
45435.114,13.04
45435.215,12.953
45435.312,13.013
45435.408,13.033
45435.504,12.967
45435.610,12.867
45435.706,12.893
45435.827,12.94
45435.908,12.987
45436.020,12.887
45436.112,12.94
45436.232,12.967
45436.318,13.007
45436.439,13.02
45436.534,12.98
45486.642,12.96
45486.727,12.973
45486.848,13.033
45486.944,12.96
45487.053,12.96
45487.109,12.953
45487.211,12.92
45487.315,13.033
45487.401,13.027
45487.501,13.06
45487.597,12.933
45487.699,12.947
45487.799,12.973
45487.912,12.913
45487.996,12.967
45488.111,13.007
45488.212,13.067
45488.309,12.9
45488.408,12.993
45488.503,12.98
45488.600,12.993
45488.695,12.887
45488.797,12.96
45488.890,12.887
45489.010,12.953
45489.106,12.84
45489.214,12.927
45489.295,12.953
45489.389,12.773
45489.509,12.987
45489.602,12.92
45489.721,12.907
45489.817,13.013
45489.910,12.967
45490.018,13.007
45490.114,13.027
45490.209,12.927
45490.317,12.967
45490.428,13.12
45490.525,13.04
45490.617,13.007
45490.729,12.973
45490.824,12.933
45490.899,12.96
45490.997,12.98
45491.106,12.933
45491.183,13.04
45491.287,13.033
45491.386,13.033
45491.485,12.88
45491.588,13.0
45491.692,13.013
45491.787,13.04
45491.899,12.947
45492.002,12.92
45492.085,13.027
45492.203,12.993
45492.294,12.96
45492.393,12.933
45492.558,13.013
45492.587,12.94
45492.682,13.067
45492.782,12.993
45492.889,12.96
45492.995,12.993
45493.091,13.08
45493.191,13.1
45493.301,12.98
45493.400,12.953
45493.496,12.993
45493.593,12.887
45493.716,13.027
45493.812,12.887
45493.910,12.98
45493.997,12.993
45494.105,12.913
45494.227,12.933
45494.325,13.02
45494.427,12.94
45494.521,13.053
45494.616,12.92
45494.728,13.02
45494.773,13.067
45494.933,12.933
45495.029,12.927
45495.138,12.847
45495.238,12.96
45495.334,12.9
45495.385,13.0
45495.485,12.933
45495.583,12.907
45495.680,12.987
45495.775,12.96
45495.889,13.02
45495.986,13.0
45496.087,12.973
45496.198,12.973
45496.276,13.0
45496.375,12.907
45496.473,12.94
45496.589,12.92
45786.687,12.893
45786.783,12.98
45786.879,13.087
45786.975,13.053
45787.096,12.887
45787.216,12.913
45787.300,13.033
45787.393,12.933
45787.489,12.973
45787.587,12.993
45787.685,12.953
45787.786,13.033
45787.868,13.06
45787.971,12.967
45788.077,12.92
45788.181,12.867
45788.301,13.0
45788.405,12.933
45788.514,13.047
45788.564,12.98
45788.724,13.087
45788.813,13.067
45788.866,13.093
45788.961,12.92
45789.137,12.993
45789.163,12.9
45789.261,12.993
45789.359,13.027
45789.457,12.927
45789.572,12.967
45789.668,12.88
45789.770,12.967
45789.872,13.007
45789.962,13.047
45790.058,13.06
45790.155,12.973
45790.263,12.96
45790.362,12.947
45790.458,12.947
45790.554,12.853
45790.676,12.907
45790.773,12.96
45790.870,12.967
45790.973,12.973
45791.061,12.94
45791.183,13.013
45791.278,13.027
45791.385,13.04
45791.483,12.933
45791.581,12.867
45791.676,12.84
45791.801,13.033
45791.896,12.947
45791.995,13.0
45792.051,13.0
45792.170,12.907
45792.269,12.98
45792.370,13.007
45792.448,12.98
45792.575,13.02
45792.650,12.967
45792.757,13.047
45792.860,12.887
45793.014,12.94
45793.064,12.987
45793.223,12.953
45793.248,12.887
45793.366,12.947
45793.465,13.013
45793.547,12.947
45793.661,12.927
45793.757,12.94
45793.859,13.027
45793.953,12.967
45794.052,13.12
45794.147,12.973
45794.243,13.08
45794.353,12.94
45794.451,13.047
45794.554,13.167
45794.649,12.98
45794.762,13.02
45794.861,13.047
45794.965,12.953
45795.062,13.04
45795.182,12.96
45795.279,12.927
45795.384,13.013
45795.478,12.967
45795.574,12.967
45795.671,13.12
45795.795,13.113
45795.891,12.96
45795.987,12.927
45796.038,12.98
45796.189,12.873
45796.293,12.92
45796.387,12.96
45796.438,12.933
45796.541,12.993
45796.636,12.953
45846.734,12.947
45846.854,12.94
45846.950,12.913
45847.046,12.993
45847.147,13.047
45847.246,12.98
45847.342,12.933
45847.435,12.993
45847.532,12.96
45847.633,12.967
45847.730,13.0
45847.844,13.02
45847.958,13.0
45848.035,12.853
45848.133,12.92
45848.233,13.04
45848.333,12.9
45848.440,13.02
45848.544,12.967
45848.628,12.947
45848.733,13.013
45848.853,12.96
45848.974,13.053
45849.060,13.007
45849.146,12.927
45849.268,13.02
45849.363,12.887
45849.471,13.033
45849.568,12.987
45849.688,12.94
45849.796,13.027
45849.887,12.953
45849.986,12.927
45850.079,12.913
45850.131,13.02
45850.223,12.987
45850.390,12.827
45850.488,13.0
45850.530,13.033
45850.637,12.933
45850.735,13.007
45850.836,12.927
45850.944,12.913
45851.041,13.007
45851.141,12.933
45851.222,12.94
45851.356,12.94
45851.428,13.013
45851.527,13.033
45851.631,12.993
45851.739,12.953
45851.835,12.747
45851.926,12.98
45852.020,12.96
45852.117,12.94
45852.218,13.027
45852.336,12.953
45852.429,12.96
45852.540,12.947
45852.619,13.047
45852.745,12.967
45852.847,13.04
45852.932,13.0
45853.051,13.067
45853.137,12.873
45853.256,12.993
45853.344,12.96
45853.471,13.033
45853.560,12.92
45853.680,12.973
45853.774,12.967
45853.881,12.967
45853.978,13.013
45854.074,13.007
45854.128,13.0
45854.228,12.96
45854.322,12.913
45854.418,13.04
45854.517,12.907
45854.628,12.967
45854.724,13.013
45854.836,12.927
45854.910,12.867
45855.009,13.047
45855.129,13.0
45855.227,12.88
45855.309,12.893
45855.418,12.913
45855.516,12.973
45855.620,12.947
45855.720,13.013
45855.824,12.973
45855.946,13.067
45856.042,13.0
45856.133,13.007
45856.232,12.96
45856.356,13.053
45856.454,13.02
45856.504,13.133
45856.603,13.087
45906.707,12.967
45906.818,12.953
45906.941,12.987
45907.023,13.027
45907.157,12.94
45907.230,12.96
45907.349,13.013
45907.402,12.96
45907.564,13.013
45907.659,13.073
45907.761,12.927
45907.811,12.973
45907.905,12.967
45908.008,13.007
45908.108,12.98
45908.205,12.94
45908.317,12.953
45908.409,12.88
45908.510,12.933
45908.614,12.927
45908.715,12.853
45908.817,12.94
45908.901,12.88
45909.004,13.06
45909.103,13.033
45909.202,12.987
45909.305,12.927
45909.419,12.86
45909.518,12.913
45909.593,12.973
45909.723,12.933
45909.826,13.013
45909.925,12.96
45910.031,13.027
45910.133,13.02
45910.235,12.98
45910.311,12.967
45910.453,12.953
45910.497,13.04
45910.605,13.033
45910.753,13.08
45910.818,13.0
45910.933,12.973
45911.023,12.987
45911.147,13.073
45911.256,12.973
45911.357,12.987
45911.450,12.96
45911.558,12.88
45911.598,12.947
45911.694,13.047
45911.793,13.067
45911.970,12.927
45912.003,12.94
45912.102,12.887
45912.198,12.987
45912.288,12.92
45912.400,12.9
45912.484,12.933
45912.606,12.947
45912.701,12.98
45912.798,12.98
45912.894,13.047
45912.991,13.007
45913.096,13.02
45913.196,13.053
45913.298,13.02
45913.390,12.927
45913.504,13.007
45913.604,12.92
45913.707,12.973
45913.810,12.88
45913.912,13.007
45914.015,12.827
45914.096,12.893
45914.228,12.953
45914.326,12.88
45914.384,12.913
45914.539,12.9
45914.592,12.953
45914.737,13.027
45914.804,12.987
45914.908,13.0
45915.028,13.08
45915.081,12.953
45915.228,12.987
45915.280,12.86
45915.441,12.92
45915.493,12.873
45915.642,13.06
45915.694,13.08
45915.787,13.027
45915.886,13.033
45915.987,12.88
45916.086,13.027
45916.188,12.94
45916.287,12.893
45916.377,12.953
45916.472,12.947
45916.592,12.947
45966.672,13.08
45966.795,12.94
45966.916,12.907
45966.989,12.94
45967.090,13.027
45967.201,12.927
45967.297,12.94
45967.396,12.953
45967.503,13.04
45967.578,13.033
45967.688,12.9
45967.802,12.94
45967.914,12.967
45968.010,12.947
45968.106,13.053
45968.213,12.953
45968.315,12.973
45968.421,12.9
45968.507,12.96
45968.630,13.08
45968.687,12.953
45968.790,12.907
45968.866,12.993
45968.975,12.873
45969.073,12.867
45969.180,12.907
45969.272,12.953
45969.376,12.92
45969.469,12.893
45969.570,12.913
45969.666,12.98
45969.772,12.913
45969.895,13.027
45969.963,13.053
45970.075,12.94
45970.168,12.98
45970.274,12.98
45970.374,13.013
45970.461,12.873
45970.577,12.933
45970.675,13.007
45970.782,12.933
45970.878,12.933
45970.976,12.953
45971.074,12.967
45971.182,13.08
45971.274,12.973
45971.395,12.96
45971.503,13.013
45971.599,12.993
45971.697,12.927
45971.790,13.013
45971.888,13.02
45972.009,12.867
45972.105,13.04
45972.159,13.04
45972.310,12.92
45972.406,12.96
45972.457,13.073
45972.624,13.02
45972.721,12.947
45972.815,12.92
45972.867,12.887
45973.016,12.96
45973.068,12.947
45973.161,12.953
45973.314,12.887
45973.363,13.0
45973.469,12.947
45973.571,12.973
45973.653,12.847
45973.757,12.98
45973.861,12.9
45973.970,12.933
45974.050,13.04
45974.164,12.947
45974.261,12.927
45974.357,12.88
45974.461,13.013
45974.559,13.013
45974.655,13.14
45974.752,12.967
45974.877,12.953
45974.974,12.96
45975.071,13.007
45975.152,13.087
45975.291,12.933
45975.388,12.993
45975.448,12.967
45975.588,13.053
45975.685,13.067
45975.782,12.867
45975.888,12.94
45975.999,13.013
45976.099,13.04
45976.197,13.053
45976.299,12.927
45976.395,13.073
45976.446,13.007
45976.545,12.907
46026.646,12.887
46026.744,13.08
46026.846,13.1
46026.943,12.973
46027.056,12.98
46027.156,12.94
46027.284,13.027
46027.359,12.913
46027.438,13.04
46027.541,13.013
46027.645,12.867
46027.747,12.953
46027.857,13.0
46027.957,13.04
46028.039,12.953
46028.136,12.967
46028.236,12.86
46028.336,13.033
46028.460,12.947
46028.547,12.993
46028.649,13.107
46028.754,13.047
46028.871,12.98
46028.936,12.98
46029.057,12.927
46029.144,12.913
46029.263,12.913
46029.355,12.967
46029.478,13.02
46029.566,12.913
46029.672,12.947
46029.794,13.013
46029.889,12.993
46029.997,13.06
46030.094,12.907
46030.188,13.053
46030.240,12.98
46030.390,12.88
46030.441,13.033
46030.535,13.06
46030.635,13.0
46030.732,13.053
46030.830,12.94
46030.950,12.973
46031.034,13.013
46031.149,12.973
46031.227,12.94
46031.347,12.947
46031.446,12.973
46031.543,12.953
46031.641,12.953
46031.732,12.96
46031.837,12.827
46031.934,12.987
46032.030,12.967
46032.136,12.96
46032.245,12.927
46032.343,12.92
46032.441,13.007
46032.547,13.04
46032.645,12.987
46032.739,13.073
46032.871,13.053
46032.954,13.007
46033.046,12.96
46033.123,12.987
46033.236,12.953
46033.327,12.907
46033.437,13.033
46033.543,12.913
46033.649,12.94
46033.769,12.947
46033.821,12.88
46033.973,13.007
46034.085,12.893
46034.183,12.887
46034.280,13.013
46034.383,13.073
46034.434,13.007
46034.531,13.013
46034.630,12.873
46034.732,12.993
46034.834,12.88
46034.939,12.967
46035.036,12.86
46035.121,13.007
46035.216,13.02
46035.336,12.967
46035.444,12.847
46035.527,13.0
46035.625,13.073
46035.719,12.887
46035.811,12.887
46035.917,12.98
46036.016,13.153
46036.135,13.013
46036.221,12.98
46036.341,13.04
46036.437,13.007
46036.545,13.04
46036.631,12.813
46086.751,12.94
46086.845,13.033
46086.956,12.993
46087.053,13.093
46087.151,13.033
46087.245,13.033
46087.347,12.887
46087.469,12.853
46087.526,13.073
46087.646,12.96
46087.713,12.94
46087.810,13.027
46087.917,12.96
46088.016,13.013
46088.115,12.973
46088.282,12.96
46088.306,13.0
46088.406,12.853
46088.527,12.92
46088.624,12.92
46088.722,12.98
46088.817,13.0
46088.923,13.013
46089.020,12.92
46089.118,12.86
46089.209,12.973
46089.310,12.973
46089.408,12.9
46089.522,12.847
46089.619,12.96
46089.717,13.04
46089.814,12.973
46089.923,13.053
46090.017,12.933
46090.113,12.947
46090.225,12.913
46090.334,12.92
46090.430,12.933
46090.531,12.947
46090.633,13.047
46090.729,12.953
46090.851,13.02
46090.954,12.967
46091.043,13.06
46091.140,13.107
46091.260,12.96
46091.342,13.007
46091.462,12.893
46091.517,13.007
46091.618,12.993
46091.721,13.047
46091.800,13.033
46091.897,12.933
46092.004,12.92
46092.106,12.987
46092.209,12.993
46092.313,13.027
46092.394,13.047
46092.493,13.04
46092.598,12.967
46092.706,13.167
46092.791,12.947
46092.891,12.927
46093.012,13.02
46093.098,12.973
46093.204,12.927
46093.299,12.973
46093.388,13.007
46093.528,12.98
46093.617,13.053
46093.714,12.927
46093.811,12.813
46093.901,12.947
46094.007,12.933
46094.128,12.907
46094.226,13.027
46094.331,12.947
46094.431,12.993
46094.525,12.913
46094.630,12.98
46094.744,12.98
46094.840,13.013
46094.938,12.98
46095.041,12.933
46095.137,12.9
46095.188,12.953
46095.364,13.067
46095.387,12.973
46095.489,12.96
46095.589,12.98
46095.689,12.933
46095.791,12.92
46095.889,12.967
46095.988,12.907
46096.100,13.0
46096.181,13.02
46096.305,13.013
46096.404,13.013
46096.491,12.853
46096.587,12.947
46386.689,13.027
46386.791,12.973
46386.879,12.96
46386.978,12.887
46387.076,12.927
46387.203,12.973
46387.288,12.933
46387.393,13.02
46387.495,12.893
46387.587,12.973
46387.679,13.107
46387.802,12.987
46387.887,13.113
46388.006,13.02
46388.124,12.993
46388.221,12.947
46388.306,13.0
46388.420,13.04
46388.517,13.007
46388.638,13.0
46388.723,12.94
46388.821,13.007
46388.873,12.993
46389.039,12.94
46389.077,12.973
46389.175,12.893
46389.273,13.0
46389.370,12.933
46389.476,12.94
46389.574,12.927
46389.750,12.893
46389.777,13.033
46389.872,12.913
46389.966,12.927
46390.148,12.987
46390.191,12.947
46390.291,12.947
46390.389,12.973
46390.487,12.933
46390.581,12.98
46390.679,12.967
46390.772,13.113
46390.880,12.9
46390.966,12.853
46391.087,12.907
46391.187,12.913
46391.290,12.94
46391.376,12.933
46391.480,13.02
46391.581,13.02
46391.665,12.98
46391.772,12.98
46391.880,13.027
46391.991,12.96
46392.113,12.947
46392.210,12.893
46392.305,12.92
46392.416,12.853
46392.511,13.0
46392.609,13.007
46392.660,12.9
46392.763,12.913
46392.927,12.987
46393.025,13.013
46393.126,12.987
46393.224,12.92
46393.273,12.96
46393.374,12.98
46393.474,12.913
46393.575,13.02
46393.675,12.887
46393.772,12.933
46393.858,12.96
46393.978,13.02
46394.076,13.08
46394.154,13.047
46394.254,12.927
46394.374,12.987
46394.471,12.947
46394.553,12.973
46394.666,12.947
46394.762,12.827
46394.881,13.0
46394.968,13.007
46395.062,12.927
46395.165,13.04
46395.289,12.913
46395.370,12.987
46395.480,13.047
46395.557,12.953
46395.699,12.987
46395.762,12.993
46395.870,13.007
46395.990,12.9
46396.095,12.96
46396.193,12.967
46396.313,12.867
46396.395,12.973
46396.527,12.907
46396.555,13.053
46446.649,12.933
46446.759,12.993
46446.865,12.927
46446.957,12.96
46447.057,12.98
46447.150,13.127
46447.245,12.967
46447.363,12.98
46447.459,13.027
46447.560,13.06
46447.657,13.013
46447.755,12.88
46447.860,12.827
46447.954,12.973
46448.053,12.867
46448.150,13.013
46448.250,12.933
46448.348,13.027
46448.443,12.947
46448.563,12.94
46448.665,12.947
46448.762,12.933
46448.858,12.98
46448.963,12.98
46449.075,13.027
46449.173,13.033
46449.262,12.973
46449.375,12.907
46449.448,12.86
46449.548,12.933
46449.653,13.02
46449.757,12.887
46449.860,12.88
46449.961,12.913
46450.037,12.967
46450.138,12.92
46450.244,12.913
46450.391,12.993
46450.435,12.94
46450.541,12.873
46450.634,12.947
46450.754,13.0
46450.850,12.973
46450.951,12.987
46451.050,13.013
46451.212,12.907
46451.240,12.893
46451.337,12.94
46451.434,13.02
46451.534,13.02
46451.640,13.007
46451.739,12.913
46451.834,12.947
46451.947,13.007
46452.044,13.093
46452.141,12.98
46452.238,13.027
46452.340,13.0
46452.436,13.02
46452.559,12.967
46452.641,12.893
46452.752,13.027
46452.845,12.967
46452.966,13.04
46453.048,13.0
46453.169,13.06
46453.269,12.98
46453.372,12.893
46453.459,12.913
46453.585,12.953
46453.681,13.013
46453.786,13.02
46453.880,12.96
46453.982,12.88
46454.032,12.94
46454.185,13.08
46454.229,13.073
46454.324,13.0
46454.423,13.04
46454.532,13.113
46454.624,13.06
46454.726,12.973
46454.843,12.993
46454.924,13.04
46455.021,13.093
46455.129,13.073
46455.232,13.06
46455.323,12.993
46455.424,12.96
46455.520,12.987
46455.622,12.973
46455.719,12.947
46455.828,12.967
46455.945,13.013
46456.034,12.907
46456.130,13.027
46456.248,13.0
46456.326,12.9
46456.446,12.927
46456.545,12.927
46506.640,13.04
46506.749,12.88
46506.847,12.94
46506.943,13.08
46507.048,13.067
46507.161,12.947
46507.254,13.0
46507.352,12.98
46507.459,13.067
46507.580,13.053
46507.676,12.953
46507.783,12.987
46507.873,12.907
46507.923,13.047
46508.017,13.047
46508.117,12.94
46508.219,12.953
46508.315,13.087
46508.416,12.9
46508.519,13.073
46508.631,12.887
46508.732,12.913
46508.833,12.993
46508.911,13.0
46509.030,12.98
46509.129,12.98
46509.225,12.94
46509.322,13.1
46509.416,13.033
46509.513,12.833
46509.622,13.08
46509.711,12.953
46509.810,12.927
46509.912,12.987
46510.032,12.9
46510.121,13.053
46510.219,13.053
46510.310,12.92
46510.403,13.107
46510.544,13.04
46510.642,13.013
46510.739,12.953
46510.832,13.02
46510.930,13.04
46511.054,12.98
46511.159,13.013
46511.255,12.947
46511.354,12.987
46511.404,12.88
46511.502,12.953
46511.600,12.947
46511.766,12.887
46511.869,13.02
46511.965,13.007
46512.018,12.967
46512.109,13.073
46512.216,13.047
46512.316,12.94
46512.416,12.927
46512.512,13.04
46512.598,12.96
46512.719,12.947
46512.818,12.907
46512.895,12.953
46512.998,12.913
46513.141,12.9
46513.212,12.98
46513.295,12.933
46513.411,12.967
46513.509,12.96
46513.605,13.08
46513.706,13.02
46513.801,13.02
46513.924,12.96
46514.032,12.993
46514.109,12.953
46514.212,13.013
46514.316,12.947
46514.416,12.94
46514.495,12.947
46514.599,12.927
46514.706,12.933
46514.805,12.933
46514.911,12.96
46514.989,12.993
46515.088,12.98
46515.228,13.04
46515.352,12.913
46515.447,12.993
46515.501,12.9
46515.597,12.973
46515.694,12.933
46515.791,12.98
46515.890,13.033
46515.996,13.12
46516.094,12.98
46516.194,12.86
46516.303,12.98
46516.404,13.053
46516.506,12.987
46516.604,12.86
46566.691,12.993
46566.791,12.947
46566.888,13.033
46566.993,13.013
46567.088,12.987
46567.193,12.993
46567.290,12.973
46567.395,13.013
46567.484,13.027
46567.607,12.927
46567.716,12.967
46567.803,12.947
46567.899,12.947
46568.018,13.033
46568.103,13.007
46568.223,13.053
46568.299,13.033
46568.420,13.1
46568.524,12.973
46568.620,12.967
46568.741,12.98
46568.831,12.86
46568.937,12.853
46569.034,12.853
46569.086,12.94
46569.239,12.993
46569.337,12.88
46569.387,13.0
46569.486,12.933
46569.578,12.933
46569.680,12.947
46569.781,13.047
46569.878,13.027
46569.992,12.907
46570.095,12.893
46570.173,13.02
46570.291,12.927
46570.381,12.827
46570.482,13.013
46570.584,12.987
46570.688,12.947
46570.792,12.987
46570.878,13.047
46570.975,12.907
46571.083,12.9
46571.180,12.953
46571.291,12.893
46571.393,13.007
46571.503,12.933
46571.603,12.947
46571.701,13.06
46571.805,13.147
46571.901,13.02
46571.995,12.973
46572.128,12.98
46572.218,12.907
46572.316,13.0
46572.411,13.013
46572.495,13.073
46572.629,12.947
46572.727,12.94
46572.822,13.027
46572.932,12.92
46573.029,13.0
46573.077,13.053
46573.171,13.053
46573.280,13.033
46573.374,13.133
46573.476,12.98
46573.571,12.973
46573.683,12.807
46573.852,12.953
46573.883,13.033
46573.966,12.813
46574.078,12.967
46574.177,12.927
46574.278,12.967
46574.374,13.02
46574.472,12.913
46574.570,12.907
46574.667,12.847
46574.769,12.987
46574.867,12.953
46574.987,12.927
46575.068,13.04
46575.182,12.993
46575.279,13.007
46575.373,13.027
46575.480,12.967
46575.578,12.967
46575.658,12.92
46575.758,12.953
46575.869,13.007
46575.973,12.993
46576.099,12.92
46576.187,12.913
46576.312,12.993
46576.408,13.013
46576.508,13.127
46576.611,13.007
46626.714,13.02
46626.762,12.98
46626.858,13.007
46626.952,12.947
46627.071,12.96
46627.164,12.98
46627.274,13.047
46627.372,13.013
46627.467,13.02
46627.563,12.947
46627.665,13.02
46627.786,13.047
46627.854,13.033
46627.952,12.987
46628.052,12.873
46628.150,12.967
46628.249,12.907
46628.377,12.933
46628.469,13.06
46628.564,12.96
46628.660,12.98
46628.766,13.053
46628.866,13.02
46628.961,12.967
46629.083,12.98
46629.181,12.873
46629.277,13.007
46629.374,13.02
46629.478,12.947
46629.594,12.973
46629.690,13.06
46629.742,12.933
46629.890,13.033
46629.964,13.073
46630.041,12.913
46630.163,12.947
46630.270,12.987
46630.346,12.92
46630.442,12.88
46630.545,12.887
46630.643,13.067
46630.753,13.053
46630.838,13.06
46630.948,12.98
46631.048,12.953
46631.146,12.913
46631.243,12.913
46631.339,12.94
46631.461,13.067
46631.559,12.987
46631.638,12.927
46631.752,12.953
46631.848,12.973
46631.943,12.967
46632.051,12.973
46632.157,13.06
46632.253,13.093
46632.350,12.96
46632.462,12.973
46632.562,13.047
46632.660,13.113
46632.755,12.993
46632.857,13.073
46632.951,12.96
46633.070,13.1
46633.156,12.987
46633.266,12.953
46633.362,12.927
46633.481,12.873
46633.567,13.027
46633.687,12.947
46633.784,12.92
46633.889,13.033
46633.975,12.9
46634.097,13.007
46634.192,12.98
46634.300,12.967
46634.330,12.9
46634.432,12.833
46634.540,12.947
46634.647,12.793
46634.741,12.987
46634.843,12.907
46634.945,12.967
46635.037,13.027
46635.132,12.913
46635.234,12.987
46635.358,12.987
46635.432,13.013
46635.529,12.953
46635.640,12.993
46635.726,13.013
46635.838,13.007
46635.936,13.093
46636.051,13.033
46636.137,12.927
46636.255,12.993
46636.351,12.967
46636.460,13.013
46636.550,12.987
46686.647,12.953
46686.764,12.987
46686.846,13.007
46686.967,13.007
46687.063,13.08
46687.158,12.9
46687.268,12.9
46687.364,12.94
46687.460,12.933
46687.563,13.067
46687.677,13.007
46687.741,12.973
46687.817,13.033
46687.974,12.933
46688.028,12.867
46688.120,12.92
46688.216,12.8
46688.323,12.927
46688.421,12.893
46688.523,12.927
46688.624,13.033
46688.736,12.933
46688.836,12.947
46688.932,12.927
46689.033,12.933
46689.125,12.867
46689.225,12.88
46689.327,12.933
46689.426,12.893
46689.514,13.14
46689.612,13.0
46689.715,12.933
46689.822,12.947
46689.920,12.893
46690.022,12.88
46690.135,12.853
46690.229,12.907
46690.313,12.987
46690.435,12.98
46690.524,12.947
46690.646,12.913
46690.742,12.9
46690.871,12.953
46690.960,13.007
46691.056,12.96
46691.160,13.04
46691.237,12.967
46691.369,12.893
46691.473,12.973
46691.577,12.94
46691.606,12.953
46691.782,12.907
46691.806,12.973
46691.908,12.953
46692.071,12.987
46692.123,12.92
46692.207,12.927
46692.386,12.987
46692.422,13.02
46692.518,13.007
46692.618,13.027
46692.710,13.007
46692.803,12.933
46692.901,12.853
46693.001,12.967
46693.121,12.92
46693.205,12.96
46693.308,12.993
46693.403,13.013
46693.512,12.953
46693.624,12.987
46693.722,13.073
46693.833,12.88
46693.930,12.993
46694.027,12.88
46694.127,12.887
46694.223,13.02
46694.333,13.02
46694.434,12.94
46694.546,12.98
46694.640,12.893
46694.742,13.013
46694.839,12.94
46694.957,12.867
46695.053,12.927
46695.151,12.893
46695.254,13.007
46695.363,12.973
46695.392,12.953
46695.562,12.967
46695.647,13.0
46695.713,13.027
46695.809,13.007
46695.893,13.007
46696.017,12.96
46696.101,12.973
46696.200,12.98
46696.310,12.847
46696.390,12.92
46696.498,12.907
46696.599,13.007
46986.794,12.947
46986.797,12.92
46986.892,12.96
46986.989,12.947
46987.089,13.12
46987.189,13.087
46987.312,13.047
46987.407,13.033
46987.507,12.913
46987.603,13.047
46987.701,13.007
46987.821,13.06
46987.921,12.973
46988.019,12.993
46988.116,13.007
46988.222,12.9
46988.335,12.96
46988.433,12.907
46988.530,12.933
46988.633,12.973
46988.726,13.013
46988.823,12.893
46988.979,12.973
46988.983,12.993
46989.146,12.913
46989.244,12.873
46989.323,12.96
46989.394,12.887
46989.495,13.0
46989.589,12.96
46989.692,12.98
46989.792,12.947
46989.887,12.907
46989.989,12.953
46990.107,12.88
46990.178,13.0
46990.297,12.873
46990.377,12.933
46990.494,12.94
46990.582,13.027
46990.690,13.007
46990.793,12.98
46990.899,12.96
46990.977,12.933
46991.077,12.967
46991.178,13.02
46991.286,12.92
46991.392,12.913
46991.488,12.973
46991.597,13.027
46991.674,13.02
46991.780,12.973
46991.897,12.927
46991.987,12.98
46992.106,12.913
46992.196,12.88
46992.314,12.927
46992.411,12.92
46992.529,12.94
46992.631,12.933
46992.671,12.96
46992.832,12.933
46992.929,12.973
46993.044,12.907
46993.070,12.98
46993.236,13.0
46993.333,13.0
46993.435,13.0
46993.483,12.88
46993.583,12.953
46993.682,13.02
46993.787,13.007
46993.885,13.053
46993.985,13.053
46994.102,12.84
46994.176,13.02
46994.273,12.953
46994.370,12.933
46994.469,13.007
46994.578,12.913
46994.675,13.013
46994.772,12.927
46994.879,13.033
46994.978,12.973
46995.069,13.027
46995.228,12.98
46995.274,12.867
46995.393,12.86
46995.490,13.007
46995.582,13.047
46995.690,13.013
46995.763,12.993
46995.911,12.987
46995.967,12.973
46996.069,12.893
46996.175,12.913
46996.314,12.96
46996.389,12.927
46996.517,13.0
46996.611,12.973
47046.717,13.107
47046.820,13.013
47046.858,13.06
47046.961,13.04
47047.067,12.907
47047.172,12.907
47047.269,13.0
47047.366,13.013
47047.476,13.007
47047.574,13.007
47047.655,12.947
47047.776,12.927
47047.875,12.967
47047.955,12.893
47048.054,12.887
47048.157,12.953
47048.258,13.1
47048.362,13.013
47048.465,12.98
47048.566,12.933
47048.661,12.927
47048.771,12.947
47048.883,12.913
47048.976,13.053
47049.077,13.06
47049.181,12.927
47049.291,12.92
47049.386,13.047
47049.489,12.987
47049.614,12.927
47049.692,12.987
47049.794,12.967
47049.900,12.993
47049.981,12.913
47050.101,12.947
47050.204,12.967
47050.307,12.947
47050.350,12.967
47050.513,12.987
47050.614,13.007
47050.725,13.013
47050.756,12.987
47050.843,13.053
47050.947,13.067
47051.048,12.907
47051.151,12.907
47051.252,13.08
47051.361,12.987
47051.475,12.96
47051.560,13.033
47051.658,12.98
47051.746,13.007
47051.886,12.867
47051.954,12.913
47052.061,13.0
47052.145,12.927
47052.253,12.96
47052.350,12.973
47052.447,12.94
47052.565,12.973
47052.670,12.933
47052.768,12.973
47052.868,12.94
47052.969,12.9
47053.065,12.953
47053.169,13.007
47053.289,13.06
47053.382,12.933
47053.487,12.92
47053.585,13.033
47053.700,13.04
47053.796,13.007
47053.893,12.953
47053.991,12.973
47054.092,12.98
47054.189,12.953
47054.240,12.98
47054.341,12.907
47054.439,12.86
47054.535,13.027
47054.635,13.027
47054.807,12.94
47054.835,12.953
47054.954,12.973
47055.051,12.907
47055.151,13.007
47055.246,12.993
47055.343,13.067
47055.442,13.053
47055.538,12.98
47055.644,12.98
47055.747,13.013
47055.861,13.02
47055.929,12.94
47056.051,13.0
47056.129,13.027
47056.232,12.873
47056.342,12.947
47056.428,13.0
47056.546,13.053
47056.630,12.947
47106.751,12.953
47106.835,12.98
47106.963,12.907
47107.074,12.933
47107.171,12.913
47107.268,13.033
47107.376,13.0
47107.471,12.933
47107.570,12.933
47107.665,12.9
47107.723,13.02
47107.887,13.033
47107.986,13.073
47108.066,13.093
47108.130,12.947
47108.229,12.913
47108.326,13.047
47108.433,13.007
47108.536,12.98
47108.632,12.98
47108.730,13.027
47108.848,12.947
47108.919,13.027
47109.039,13.0
47109.121,13.1
47109.237,12.873
47109.334,13.067
47109.433,12.867
47109.536,12.86
47109.635,13.02
47109.731,12.9
47109.829,12.94
47109.917,12.933
47110.038,12.987
47110.134,12.927
47110.230,13.027
47110.340,12.993
47110.436,12.967
47110.533,12.927
47110.638,12.933
47110.752,13.04
47110.853,13.073
47110.949,13.007
47111.052,12.933
47111.146,12.953
47111.266,13.053
47111.374,13.033
47111.421,12.96
47111.535,13.0
47111.635,13.087
47111.712,12.92
47111.810,13.14
47111.915,12.973
47112.017,12.933
47112.109,12.907
47112.227,12.98
47112.329,12.993
47112.412,12.907
47112.510,12.873
47112.614,12.947
47112.740,13.033
47112.819,13.02
47112.927,12.993
47113.050,12.953
47113.106,12.967
47113.211,13.04
47113.326,12.927
47113.423,13.113
47113.521,13.013
47113.622,13.02
47113.717,12.96
47113.813,13.06
47113.947,13.013
47114.015,12.887
47114.135,12.947
47114.230,13.0
47114.313,12.98
47114.423,13.027
47114.542,12.933
47114.639,12.94
47114.730,13.013
47114.850,13.02
47114.946,12.987
47115.048,12.867
47115.162,13.04
47115.258,12.92
47115.354,12.947
47115.461,12.94
47115.558,12.967
47115.609,12.827
47115.704,13.073
47115.807,12.973
47115.906,12.987
47116.016,13.02
47116.109,12.98
47116.212,12.96
47116.309,13.007
47116.406,13.02
47116.522,12.907
47116.601,13.007
47166.699,12.92
47166.800,12.92
47166.910,13.0
47167.006,13.027
47167.103,12.987
47167.202,13.007
47167.298,13.033
47167.396,13.06
47167.497,12.9
47167.622,13.02
47167.701,12.913
47167.806,13.02
47167.890,12.927
47168.008,12.867
47168.099,12.887
47168.219,12.927
47168.314,12.92
47168.424,12.887
47168.520,13.06
47168.639,13.04
47168.732,13.033
47168.834,12.913
47168.928,12.887
47169.049,13.073
47169.091,12.92
47169.253,12.953
47169.346,13.0
47169.398,12.92
47169.487,12.86
47169.587,12.933
47169.752,12.94
47169.871,12.933
47169.900,12.9
47169.999,13.033
47170.099,12.927
47170.195,12.947
47170.285,12.9
47170.403,12.92
47170.501,12.86
47170.586,13.033
47170.682,12.9
47170.804,12.94
47170.898,13.0
47170.998,12.86
47171.097,13.06
47171.199,12.86
47171.295,12.887
47171.386,13.06
47171.489,12.973
47171.590,13.067
47171.708,13.04
47171.795,12.927
47171.898,13.007
47172.001,12.987
47172.080,13.073
47172.180,12.953
47172.282,12.953
47172.399,13.013
47172.490,13.013
47172.595,13.0
47172.704,13.04
47172.804,13.027
47172.879,12.933
47172.983,12.92
47173.134,12.9
47173.178,12.94
47173.337,13.027
47173.386,12.973
47173.477,12.907
47173.573,12.907
47173.693,12.947
47173.789,13.087
47173.895,13.047
47173.970,12.947
47174.090,12.893
47174.186,12.973
47174.277,12.893
47174.374,12.96
47174.470,12.98
47174.604,12.867
47174.687,12.913
47174.783,12.947
47174.883,12.827
47174.973,13.0
47175.084,12.993
47175.181,13.08
47175.300,13.033
47175.383,12.927
47175.504,13.027
47175.600,12.993
47175.706,13.04
47175.789,12.993
47175.910,12.973
47176.005,13.0
47176.118,12.98
47176.215,12.987
47176.313,12.987
47176.409,12.82
47176.511,12.953
47176.630,12.98
47226.729,12.993
47226.809,12.96
47226.922,12.833
47226.971,13.047
47227.135,12.927
47227.176,12.973
47227.274,12.933
47227.371,13.033
47227.469,12.847
47227.599,12.967
47227.675,13.033
47227.774,13.033
47227.879,13.027
47227.980,12.907
47228.059,12.967
47228.162,13.067
47228.280,12.973
47228.374,12.893
47228.475,12.993
47228.563,12.96
47228.669,12.86
47228.760,13.053
47228.863,12.953
47228.969,12.913
47229.074,12.893
47229.157,13.007
47229.279,13.06
47229.385,12.98
47229.468,13.08
47229.597,12.853
47229.695,13.027
47229.793,13.013
47229.891,13.02
47230.010,12.933
47230.115,13.047
47230.202,12.947
47230.299,12.953
47230.350,13.007
47230.500,12.94
47230.552,12.96
47230.717,12.98
47230.814,12.993
47230.852,12.907
47230.958,12.853
47231.058,12.907
47231.163,12.947
47231.265,13.053
47231.362,12.973
47231.459,12.913
47231.558,12.993
47231.655,12.94
47231.750,12.827
47231.848,12.92
47231.954,13.1
47232.059,12.973
47232.147,13.027
47232.268,12.967
47232.365,13.053
47232.463,13.0
47232.561,12.967
47232.657,12.867
47232.758,13.033
47232.878,13.06
47232.974,12.987
47233.056,12.987
47233.188,12.847
47233.283,12.887
47233.379,12.94
47233.469,12.993
47233.589,13.027
47233.675,13.007
47233.792,13.047
47233.881,12.947
47233.999,13.0
47234.058,13.0
47234.204,12.96
47234.268,12.893
47234.343,13.0
47234.447,12.907
47234.552,13.047
47234.654,12.92
47234.794,12.92
47234.849,13.073
47234.941,13.073
47235.038,12.96
47235.157,12.987
47235.262,13.013
47235.343,12.947
47235.441,13.06
47235.537,12.867
47235.654,12.873
47235.756,12.873
47235.854,12.967
47235.950,13.013
47236.040,12.893
47236.137,12.927
47236.235,13.047
47236.364,12.92
47236.455,12.953
47236.552,12.953
47286.651,13.02
47286.755,13.007
47286.848,13.013
47286.968,12.927
47287.065,12.973
47287.173,12.94
47287.259,12.94
47287.379,12.92
47287.469,12.94
47287.535,12.98
47287.640,12.933
47287.748,12.987
47287.878,12.96
47287.929,12.887
47288.028,12.927
47288.129,12.933
47288.228,12.933
47288.340,12.933
47288.443,13.093
47288.543,12.907
47288.639,12.92
47288.734,12.913
47288.842,13.033
47288.936,12.967
47289.048,12.927
47289.145,12.967
47289.242,12.913
47289.332,12.9
47289.428,13.047
47289.524,13.02
47289.622,12.927
47289.741,12.88
47289.839,12.9
47289.936,13.007
47290.040,12.92
47290.126,12.973
47290.270,12.993
47290.333,12.86
47290.452,13.013
47290.547,13.0
47290.644,13.073
47290.741,12.907
47290.842,12.987
47290.959,13.053
47291.057,12.893
47291.141,13.0
47291.274,13.073
47291.372,13.013
47291.468,12.887
47291.578,12.9
47291.675,13.027
47291.733,13.007
47291.840,12.907
47291.923,13.12
47292.022,12.913
47292.120,12.947
47292.289,12.92
47292.315,12.92
47292.429,12.973
47292.530,12.96
47292.612,12.933
47292.718,13.1
47292.844,13.0
47292.925,12.913
47293.018,13.0
47293.133,12.907
47293.232,12.987
47293.349,12.993
47293.422,12.92
47293.516,12.913
47293.616,12.913
47293.713,12.853
47293.825,12.907
47293.925,12.94
47294.017,12.993
47294.126,12.827
47294.220,12.98
47294.341,13.0
47294.449,12.907
47294.528,12.993
47294.650,13.04
47294.748,12.913
47294.862,12.987
47294.957,13.04
47295.054,12.94
47295.148,12.947
47295.253,12.907
47295.304,13.013
47295.468,12.847
47295.553,13.02
47295.617,12.907
47295.703,13.033
47295.804,13.02
47295.919,12.96
47296.013,13.0
47296.110,12.973
47296.287,12.94
47296.305,12.967
47296.413,12.973
47296.524,12.96
47296.600,12.873
47586.721,12.96
47586.811,13.033
47586.921,12.927
47587.022,13.047
47587.108,13.047
47587.200,12.907
47587.318,13.06
47587.397,13.013
47587.503,12.967
47587.623,12.92
47587.717,12.9
47587.825,12.893
47587.922,13.127
47588.019,12.973
47588.125,13.0
47588.234,12.873
47588.334,12.92
47588.433,12.94
47588.535,12.913
47588.633,12.907
47588.727,12.987
47588.860,12.893
47588.951,13.073
47589.048,12.993
47589.145,12.947
47589.196,13.047
47589.295,12.927
47589.457,12.92
47589.554,13.027
47589.594,12.88
47589.702,12.88
47589.802,12.913
47589.903,12.973
47590.010,12.92
47590.118,13.047
47590.202,12.98
47590.375,12.887
47590.402,13.0
47590.498,12.873
47590.596,13.14
47590.697,12.933
47590.801,13.0
47590.900,12.867
47590.998,12.9
47591.110,12.927
47591.205,12.953
47591.302,12.913
47591.399,12.933
47591.505,12.933
47591.600,13.033
47591.722,12.98
47591.800,13.02
47591.910,13.033
47592.029,12.893
47592.128,13.093
47592.209,12.973
47592.330,12.927
47592.422,12.94
47592.540,12.967
47592.624,12.933
47592.721,12.913
47592.843,12.967
47592.946,13.053
47593.043,12.987
47593.141,12.973
47593.190,12.98
47593.294,12.893
47593.385,12.98
47593.506,13.02
47593.588,13.107
47593.684,12.947
47593.782,12.873
47593.879,12.907
47594.004,12.867
47594.076,12.867
47594.181,12.973
47594.286,12.947
47594.418,13.013
47594.519,12.973
47594.576,12.993
47594.784,12.987
47594.786,13.013
47594.882,13.007
47594.979,13.007
47595.075,12.973
47595.199,13.053
47595.296,13.027
47595.393,13.013
47595.474,12.933
47595.607,12.887
47595.705,12.98
47595.800,12.94
47595.910,12.967
47596.004,13.033
47596.100,13.0
47596.209,13.067
47596.322,13.013
47596.421,12.953
47596.516,12.98
47596.621,12.973
47646.672,12.887
47646.833,12.98
47646.944,13.053
47647.022,13.013
47647.141,13.007
47647.169,13.013
47647.271,12.953
47647.376,12.86
47647.482,12.933
47647.578,13.033
47647.682,12.973
47647.786,13.087
47647.865,13.053
47647.968,13.013
47648.070,12.993
47648.206,13.053
47648.285,13.047
47648.382,13.067
47648.483,13.027
47648.573,12.96
47648.670,12.933
47648.786,13.053
47648.870,13.0
47648.992,12.993
47649.088,12.847
47649.194,12.913
47649.291,13.013
47649.393,12.907
47649.490,12.967
47649.585,12.9
47649.684,12.987
47649.806,12.953
47649.889,13.0
47650.000,12.873
47650.095,12.9
47650.215,12.927
47650.322,12.967
47650.417,12.84
47650.516,12.92
47650.619,12.987
47650.659,12.94
47650.757,12.953
47650.855,13.033
47650.954,12.947
47651.123,12.887
47651.176,13.0
47651.270,12.933
47651.354,12.993
47651.469,12.967
47651.565,12.973
47651.661,13.027
47651.770,13.0
47651.870,13.087
47651.965,12.94
47652.063,12.92
47652.183,12.967
47652.267,12.987
47652.364,12.96
47652.457,12.933
47652.570,12.967
47652.665,12.907
47652.765,13.013
47652.871,12.98
47652.969,12.987
47653.068,12.987
47653.168,13.0
47653.252,12.933
47653.370,13.047
47653.455,13.033
47653.577,13.027
47653.664,12.96
47653.792,12.96
47653.873,12.9
47653.969,13.033
47654.092,12.967
47654.183,12.913
47654.293,12.947
47654.400,12.98
47654.452,12.98
47654.605,13.047
47654.706,12.96
47654.758,13.073
47654.847,13.04
47654.945,12.98
47655.053,13.047
47655.150,12.947
47655.247,13.033
47655.343,12.847
47655.465,12.9
47655.562,13.027
47655.658,12.987
47655.765,12.947
47655.853,12.88
47655.947,12.933
47656.047,13.067
47656.159,13.0
47656.262,12.98
47656.365,12.987
47656.460,13.007
47656.571,12.9
47706.666,12.96
47706.763,12.953
47706.867,13.073
47706.958,12.913
47707.077,12.987
47707.174,13.12
47707.285,12.907
47707.382,12.933
47707.481,13.1
47707.611,13.107
47707.693,13.193
47707.793,12.92
47707.891,12.96
47708.015,12.973
47708.096,12.953
47708.208,13.027
47708.235,13.0
47708.337,12.9
47708.504,12.933
47708.533,12.893
47708.705,13.007
47708.744,12.98
47708.843,13.007
47708.978,12.907
47709.040,12.953
47709.150,13.007
47709.239,12.907
47709.348,12.907
47709.438,13.007
47709.535,13.033
47709.631,13.013
47709.729,12.933
47709.852,12.813
47709.947,12.86
47710.051,12.873
47710.148,12.927
47710.246,12.98
47710.342,13.033
47710.451,13.033
47710.541,12.913
47710.656,12.94
47710.762,12.947
47710.866,13.053
47710.953,13.0
47711.074,12.873
47711.168,12.993
47711.277,13.053
47711.372,12.993
47711.475,13.06
47711.571,12.96
47711.689,12.987
47711.787,13.02
47711.889,13.133
47711.986,12.973
47712.029,13.12
47712.122,12.98
47712.288,13.2
47712.351,13.0
47712.433,12.967
47712.532,13.053
47712.630,12.953
47712.748,13.073
47712.818,12.993
47712.940,12.9
47713.037,12.907
47713.139,12.913
47713.218,13.067
47713.340,13.0
47713.527,12.98
47713.529,12.933
47713.630,12.88
47713.735,13.033
47713.849,12.887
47713.939,13.02
47714.035,13.073
47714.132,12.853
47714.216,13.007
47714.327,13.033
47714.431,12.987
47714.535,13.053
47714.636,12.953
47714.716,12.98
47714.816,12.98
47714.925,12.96
47715.034,12.987
47715.153,12.927
47715.239,12.887
47715.340,13.013
47715.458,12.987
47715.534,13.027
47715.650,12.833
47715.712,12.92
47715.810,12.98
47715.975,13.027
47716.027,12.973
47716.120,13.047
47716.217,12.973
47716.319,12.967
47716.423,12.953
47716.530,13.0
47716.626,12.947
47766.722,12.92
47766.813,12.847
47766.911,12.967
47767.011,13.007
47767.107,13.047
47767.225,13.02
47767.309,12.967
47767.405,12.993
47767.525,12.987
47767.613,13.007
47767.711,12.987
47767.829,12.987
47767.911,12.98
47768.032,13.06
47768.128,12.96
47768.224,13.047
47768.329,13.027
47768.423,12.927
47768.546,12.96
47768.629,13.027
47768.701,13.033
47768.811,12.947
47768.915,13.04
47769.020,13.1
47769.125,12.94
47769.200,12.987
47769.362,13.007
47769.405,13.0
47769.565,13.013
47769.662,13.06
47769.773,12.927
47769.799,12.933
47769.917,13.02
47770.010,12.953
47770.122,12.96
47770.214,13.0
47770.310,12.993
47770.408,13.08
47770.511,12.867
47770.611,12.927
47770.708,12.953
47770.801,12.927
47770.901,13.033
47771.001,13.127
47771.099,12.96
47771.200,12.933
47771.312,12.927
47771.406,13.02
47771.502,13.02
47771.611,13.04
47771.709,12.987
47771.829,12.913
47771.935,12.973
47772.026,12.867
47772.125,12.84
47772.200,12.867
47772.314,13.02
47772.439,12.947
47772.536,12.933
47772.672,13.027
47772.724,13.04
47772.846,12.973
47772.942,12.913
47773.002,13.08
47773.107,12.98
47773.191,13.007
47773.288,13.04
47773.450,13.08
47773.501,13.0
47773.596,12.98
47773.700,12.967
47773.796,12.86
47773.892,13.0
47774.011,13.073
47774.096,13.107
47774.274,13.04
47774.304,13.013
47774.398,13.0
47774.506,12.92
47774.591,12.987
47774.688,12.987
47774.789,13.027
47774.899,12.987
47775.001,12.927
47775.097,12.947
47775.200,13.007
47775.284,12.867
47775.405,12.86
47775.498,12.8
47775.609,12.947
47775.694,13.033
47775.814,12.98
47775.911,13.053
47776.022,12.933
47776.120,12.94
47776.217,13.06
47776.312,12.947
47776.410,12.987
47776.532,12.98
47776.629,12.853
47826.713,13.067
47826.776,13.007
47826.941,13.067
47827.038,12.973
47827.080,12.953
47827.187,13.08
47827.281,12.967
47827.377,12.96
47827.495,12.9
47827.586,13.0
47827.688,13.013
47827.859,13.02
47827.886,12.967
47828.002,13.007
47828.107,13.027
47828.206,13.007
47828.294,12.873
47828.390,12.98
47828.488,12.907
47828.588,12.847
47828.685,12.953
47828.780,12.94
47828.880,12.913
47828.986,12.893
47829.085,12.987
47829.185,12.88
47829.287,12.96
47829.398,12.933
47829.495,12.86
47829.589,12.993
47829.696,12.9
47829.792,13.0
47829.912,12.907
47830.020,12.973
47830.097,12.96
47830.217,12.973
47830.317,12.967
47830.405,12.987
47830.526,12.953
47830.626,12.993
47830.719,12.953
47830.824,12.96
47830.921,13.067
47830.973,12.993
47831.067,13.053
47831.170,13.013
47831.271,12.973
47831.370,12.98
47831.534,13.04
47831.561,13.127
47831.683,13.013
47831.778,12.913
47831.880,12.96
47832.000,12.96
47832.067,12.94
47832.164,12.96
47832.269,13.02
47832.373,12.94
47832.471,13.06
47832.562,13.087
47832.662,13.013
47832.765,12.973
47832.873,12.853
47832.964,12.953
47833.073,12.9
47833.160,12.987
47833.261,12.92
47833.369,12.953
47833.468,13.027
47833.572,13.033
47833.695,13.013
47833.806,13.02
47833.901,13.007
47833.997,13.033
47834.106,12.96
47834.203,13.027
47834.297,13.0
47834.430,13.013
47834.521,13.007
47834.619,13.02
47834.715,13.047
47834.765,12.92
47834.858,12.92
47834.954,12.987
47835.050,13.04
47835.167,13.0
47835.253,13.007
47835.377,13.013
47835.468,12.947
47835.556,12.96
47835.654,12.947
47835.750,13.033
47835.869,12.92
47835.992,12.98
47836.062,12.96
47836.165,12.953
47836.269,12.953
47836.353,12.987
47836.447,13.067
47836.568,13.027
47886.679,12.94
47886.775,12.92
47886.864,13.067
47886.959,13.013
47887.069,12.853
47887.164,12.933
47887.284,12.893
47887.370,13.0
47887.448,12.807
47887.553,12.98
47887.655,12.967
47887.756,12.98
47887.864,13.067
47887.965,12.987
47888.043,12.873
47888.196,13.04
47888.292,12.98
47888.344,12.933
47888.493,13.067
47888.543,13.04
47888.639,13.053
47888.759,12.987
47888.840,13.06
47888.949,13.067
47889.053,13.0
47889.153,12.893
47889.254,12.927
47889.353,13.02
47889.473,12.94
47889.542,12.993
47889.643,12.933
47889.743,13.087
47889.839,12.987
47889.943,13.02
47890.052,12.927
47890.149,12.927
47890.245,12.973
47890.354,13.047
47890.451,12.927
47890.548,13.0
47890.644,12.927
47890.746,12.887
47890.868,12.927
47890.965,13.06
47891.055,12.973
47891.157,12.847
47891.279,13.0
47891.375,13.0
47891.482,12.94
47891.540,12.94
47891.652,12.993
47891.753,13.013
47891.858,13.0
47891.933,12.867
47892.084,13.0
47892.191,13.04
47892.289,12.993
47892.340,12.813
47892.435,13.0
47892.540,12.98
47892.638,12.933
47892.734,12.96
47892.832,13.007
47892.945,12.96
47893.043,12.98
47893.144,13.007
47893.252,12.98
47893.334,12.92
47893.430,13.013
47893.526,12.953
47893.641,12.993
47893.738,12.973
47893.834,12.98
47893.930,12.993
47894.031,13.027
47894.126,13.007
47894.245,13.067
47894.353,13.127
47894.442,12.987
47894.562,13.067
47894.656,13.053
47894.765,12.973
47894.862,13.147
47894.940,12.88
47895.040,13.02
47895.120,12.92
47895.227,13.007
47895.335,13.053
47895.458,13.0
47895.542,12.927
47895.618,12.933
47895.717,12.96
47895.822,12.973
47895.916,12.993
47896.083,12.947
47896.132,13.033
47896.233,12.92
47896.326,13.013
47896.423,12.98
47896.523,12.967
47896.625,12.88
48186.725,12.913
48186.825,12.987
48186.949,13.013
48187.028,12.92
48187.124,12.86
48187.231,12.933
48187.315,12.833
48187.414,12.867
48187.510,12.96
48187.630,13.073
48187.730,13.1
48187.827,13.013
48187.924,12.927
48188.027,12.94
48188.141,13.053
48188.235,12.98
48188.331,13.053
48188.439,13.027
48188.537,12.993
48188.633,12.953
48188.763,12.88
48188.857,12.927
48188.953,13.033
48189.049,13.02
48189.143,13.013
48189.268,13.033
48189.364,12.953
48189.424,12.967
48189.524,12.953
48189.611,12.907
48189.731,12.893
48189.806,12.973
48189.913,13.033
48190.016,12.947
48190.114,12.987
48190.249,12.86
48190.324,12.907
48190.403,13.047
48190.504,13.073
48190.626,12.98
48190.709,13.007
48190.812,12.98
48190.914,12.947
48191.013,12.86
48191.100,12.987
48191.221,13.087
48191.335,12.913
48191.420,12.9
48191.508,12.987
48191.610,13.033
48191.703,12.967
48191.814,13.007
48191.934,12.933
48192.031,12.987
48192.121,12.993
48192.216,12.94
48192.335,12.993
48192.438,12.987
48192.527,12.967
48192.624,12.987
48192.744,13.093
48192.849,13.02
48192.945,12.947
48193.042,12.953
48193.137,12.98
48193.196,12.893
48193.355,13.04
48193.451,13.007
48193.503,13.073
48193.595,13.033
48193.692,12.86
48193.858,12.947
48193.908,13.013
48194.009,12.96
48194.104,12.907
48194.202,12.927
48194.323,12.96
48194.391,12.953
48194.512,12.98
48194.595,12.933
48194.711,13.033
48194.799,12.993
48194.902,13.047
48195.012,12.96
48195.094,13.073
48195.192,13.013
48195.301,12.893
48195.390,12.973
48195.507,12.98
48195.606,13.0
48195.704,13.093
48195.814,13.013
48195.910,13.047
48196.005,13.04
48196.114,12.96
48196.225,13.013
48196.322,12.907
48196.419,12.873
48196.525,12.993
48196.619,13.173
48246.740,13.013
48246.847,12.953
48246.926,13.04
48247.046,13.047
48247.144,13.067
48247.234,13.067
48247.286,12.933
48247.384,12.893
48247.483,12.947
48247.584,12.953
48247.701,13.007
48247.794,12.94
48247.891,12.927
48248.001,12.887
48248.098,12.9
48248.194,12.973
48248.293,12.86
48248.385,12.987
48248.480,12.967
48248.599,12.993
48248.684,13.0
48248.793,13.04
48248.891,12.967
48248.999,12.98
48249.097,12.907
48249.188,12.987
48249.308,13.0
48249.384,13.0
48249.492,13.027
48249.597,13.02
48249.679,12.92
48249.788,13.007
48249.902,12.98
48250.022,13.0
48250.115,12.987
48250.224,13.0
48250.321,13.087
48250.418,12.927
48250.523,12.96
48250.632,13.127
48250.729,12.9
48250.827,12.967
48250.934,13.047
48251.031,13.08
48251.082,12.947
48251.174,12.92
48251.283,13.02
48251.447,13.053
48251.474,12.98
48251.575,12.893
48251.674,12.967
48251.769,13.033
48251.890,12.993
48251.965,12.98
48252.085,13.007
48252.255,12.967
48252.284,12.973
48252.408,12.887
48252.479,12.887
48252.577,13.007
48252.670,12.967
48252.772,13.02
48252.865,13.093
48252.985,12.967
48253.113,13.0
48253.183,12.953
48253.279,12.933
48253.399,13.08
48253.479,13.033
48253.602,12.927
48253.698,13.007
48253.791,13.007
48253.868,13.027
48253.968,12.96
48254.075,13.027
48254.202,12.973
48254.308,13.007
48254.406,13.027
48254.525,12.92
48254.609,13.04
48254.660,13.027
48254.818,12.993
48254.872,13.0
48254.966,13.08
48255.064,12.987
48255.161,12.92
48255.259,12.967
48255.368,12.907
48255.467,12.967
48255.565,12.933
48255.669,13.107
48255.756,12.98
48255.865,13.073
48255.961,12.913
48256.058,13.053
48256.154,12.953
48256.276,12.973
48256.372,12.9
48256.471,13.033
48256.569,13.027
48306.666,13.027
48306.772,13.0
48306.882,12.86
48306.981,13.0
48307.077,13.047
48307.182,13.087
48307.268,12.987
48307.381,12.927
48307.454,13.007
48307.553,12.907
48307.662,12.86
48307.767,12.9
48307.883,13.007
48307.974,12.94
48308.095,13.08
48308.147,12.973
48308.309,13.007
48308.407,12.92
48308.503,13.06
48308.554,12.993
48308.654,12.933
48308.822,12.827
48308.846,12.92
48309.019,12.967
48309.047,13.02
48309.172,12.967
48309.264,12.98
48309.367,12.96
48309.449,13.033
48309.550,12.98
48309.648,12.94
48309.749,12.92
48309.846,13.02
48309.945,12.953
48310.147,12.887
48310.149,12.987
48310.247,12.947
48310.345,13.007
48310.448,12.987
48310.556,12.953
48310.653,12.867
48310.773,12.927
48310.856,12.993
48310.978,12.9
48311.075,12.887
48311.182,13.007
48311.252,12.973
48311.365,13.0
48311.440,13.033
48311.593,12.953
48311.644,12.94
48311.788,13.107
48311.857,12.987
48311.961,12.907
48312.036,13.013
48312.139,13.013
48312.237,12.98
48312.334,12.893
48312.447,13.04
48312.597,12.94
48312.650,12.953
48312.738,13.013
48312.836,13.033
48312.955,12.927
48313.042,13.033
48313.145,12.887
48313.243,12.973
48313.338,13.053
48313.430,13.0
48313.552,13.0
48313.631,13.02
48313.754,13.0
48313.843,13.007
48313.939,13.067
48314.036,13.02
48314.129,12.94
48314.231,12.86
48314.354,13.127
48314.454,12.947
48314.556,12.967
48314.651,13.087
48314.748,12.947
48314.859,12.953
48314.971,13.02
48315.067,13.04
48315.164,12.867
48315.267,13.053
48315.363,12.987
48315.483,12.94
48315.590,12.94
48315.666,13.067
48315.787,13.067
48315.882,12.973
48315.972,13.08
48316.025,13.007
48316.122,12.927
48316.288,13.067
48316.382,13.0
48316.433,12.887
48316.533,12.933
48316.634,12.94
48366.742,13.1
48366.849,13.053
48366.952,13.027
48367.030,12.973
48367.128,13.0
48367.304,12.993
48367.330,12.987
48367.426,12.907
48367.539,13.013
48367.628,13.06
48367.729,12.873
48367.817,12.94
48367.933,12.913
48368.030,12.947
48368.122,12.92
48368.232,12.907
48368.327,13.0
48368.447,12.96
48368.532,12.887
48368.645,12.96
48368.741,13.007
48368.859,13.013
48368.942,12.813
48369.063,13.027
48369.160,12.893
48369.265,12.94
48369.353,12.98
48369.473,12.94
48369.570,12.827
48369.676,13.007
48369.773,12.987
48369.870,12.9
48369.921,13.013
48370.025,13.02
48370.117,13.053
48370.214,13.007
48370.314,12.907
48370.414,12.953
48370.511,12.973
48370.631,12.92
48370.736,12.933
48370.815,12.92
48370.911,12.973
48371.013,12.94
48371.127,13.073
48371.218,13.02
48371.322,13.013
48371.428,12.967
48371.512,12.92
48371.622,13.04
48371.717,13.1
48371.813,12.98
48371.934,13.013
48372.032,12.933
48372.127,13.02
48372.219,13.02
48372.343,12.96
48372.437,13.013
48372.533,13.013
48372.641,12.987
48372.740,13.02
48372.842,13.007
48372.942,12.927
48373.055,13.007
48373.157,12.953
48373.253,13.027
48373.351,12.947
48373.400,12.953
48373.566,12.98
48373.676,13.147
48373.765,13.087
48373.862,12.987
48373.959,13.127
48374.012,12.913
48374.109,13.073
48374.207,13.067
48374.311,12.9
48374.411,13.053
48374.497,13.033
48374.617,13.107
48374.715,13.06
48374.812,12.9
48374.905,13.02
48375.001,12.92
48375.099,12.847
48375.213,13.007
48375.309,12.967
48375.406,13.067
48375.514,13.047
48375.597,12.947
48375.718,13.067
48375.802,13.06
48375.926,13.027
48376.020,13.093
48376.114,12.933
48376.248,13.053
48376.338,12.867
48376.434,12.86
48376.527,12.96
48376.616,13.02
48426.725,12.98
48426.845,12.92
48426.941,13.02
48427.053,13.02
48427.150,13.087
48427.247,12.933
48427.351,12.893
48427.395,12.96
48427.558,12.94
48427.592,13.067
48427.688,13.013
48427.855,12.987
48427.909,12.933
48428.005,12.96
48428.085,12.893
48428.207,13.06
48428.375,13.087
48428.465,12.993
48428.497,12.92
48428.593,12.933
48428.689,13.007
48428.784,13.02
48428.893,12.993
48428.988,12.993
48429.086,12.987
48429.192,13.12
48429.300,13.02
48429.388,13.06
48429.488,13.007
48429.601,12.973
48429.702,13.0
48429.804,12.987
48429.924,12.84
48430.012,13.013
48430.112,12.933
48430.203,12.913
48430.335,12.967
48430.431,13.04
48430.527,12.987
48430.625,13.0
48430.726,12.953
48430.844,12.96
48430.940,12.993
48431.026,13.1
48431.139,13.107
48431.235,13.033
48431.284,12.927
48431.437,12.82
48431.491,13.007
48431.586,12.98
48431.681,12.92
48431.784,12.96
48431.885,12.953
48431.982,13.013
48432.081,12.893
48432.196,12.913
48432.293,12.993
48432.399,12.947
48432.497,12.973
48432.584,12.947
48432.683,12.947
48432.778,12.907
48432.885,12.94
48432.982,13.127
48433.079,12.967
48433.176,12.967
48433.300,12.927
48433.395,12.893
48433.489,12.94
48433.599,12.953
48433.711,12.933
48433.790,12.987
48433.911,13.0
48434.009,12.86
48434.068,12.993
48434.170,12.907
48434.277,12.913
48434.383,12.98
48434.488,13.053
48434.596,12.887
48434.712,12.92
48434.768,13.02
48434.931,12.973
48435.028,12.907
48435.069,12.993
48435.173,13.007
48435.269,13.08
48435.364,13.007
48435.485,13.027
48435.581,13.027
48435.675,12.987
48435.772,13.02
48435.895,13.033
48435.964,12.973
48436.084,13.0
48436.172,12.92
48436.284,12.88
48436.380,12.853
48436.474,12.907
48436.578,12.987
48486.676,12.953
48486.775,12.993
48486.875,12.947
48486.975,12.893
48487.073,12.893
48487.193,13.133
48487.274,12.933
48487.389,13.06
48487.485,12.973
48487.604,12.953
48487.691,13.113
48487.764,13.04
48487.912,12.993
48488.008,13.033
48488.101,13.02
48488.193,12.987
48488.315,13.027
48488.420,12.96
48488.514,12.987
48488.574,12.987
48488.676,12.92
48488.782,12.953
48488.859,12.92
48488.961,13.0
48489.061,13.127
48489.157,12.92
48489.267,13.06
48489.370,13.067
48489.479,12.987
48489.557,12.94
48489.655,13.013
48489.758,12.94
48489.869,12.973
48489.991,12.987
48490.061,12.92
48490.157,12.953
48490.257,13.027
48490.354,13.047
48490.452,13.02
48490.550,12.947
48490.673,13.013
48490.771,13.0
48490.866,13.007
48490.958,12.993
48491.060,12.9
48491.184,12.98
48491.279,13.087
48491.385,12.913
48491.482,12.86
48491.579,12.927
48491.684,12.98
48491.797,12.973
48491.894,13.04
48491.989,12.927
48492.096,12.933
48492.191,12.987
48492.244,13.087
48492.417,13.12
48492.503,13.113
48492.552,13.013
48492.653,13.04
48492.747,13.02
48492.850,12.993
48492.947,13.053
48493.044,13.02
48493.154,12.947
48493.262,13.04
48493.360,13.007
48493.457,12.92
48493.546,13.053
48493.650,12.907
48493.746,12.953
48493.845,13.053
48493.956,13.073
48494.052,12.947
48494.156,12.913
48494.257,12.907
48494.341,12.973
48494.446,13.027
48494.551,12.947
48494.667,13.013
48494.765,12.987
48494.859,13.087
48494.961,13.033
48495.064,12.987
48495.156,13.033
48495.279,12.987
48495.370,13.093
48495.473,13.0
48495.575,13.04
48495.667,13.04
48495.795,12.92
48495.894,12.947
48495.990,13.04
48496.093,12.94
48496.136,12.933
48496.239,12.993
48496.332,13.06
48496.505,12.967
48496.534,13.02
48496.630,12.993
48786.740,12.987
48786.828,12.933
48786.941,13.007
48787.039,13.027
48787.136,12.88
48787.229,12.907
48787.334,13.013
48787.436,13.047
48787.536,12.867
48787.642,12.913
48787.741,12.98
48787.827,12.947
48787.932,12.973
48788.036,13.027
48788.132,12.94
48788.243,13.033
48788.343,12.887
48788.440,12.92
48788.535,13.08
48788.667,12.907
48788.743,13.073
48788.865,13.013
48788.961,12.973
48789.047,12.94
48789.167,12.96
48789.264,13.06
48789.356,12.96
48789.469,13.033
48789.567,13.027
48789.662,13.027
48789.768,12.92
48789.879,12.933
48789.975,12.94
48790.026,13.02
48790.180,13.073
48790.232,13.08
48790.325,12.927
48790.423,12.98
48790.528,12.973
48790.626,13.02
48790.724,12.947
48790.821,12.987
48790.917,12.847
48791.039,12.887
48791.136,12.907
48791.239,12.9
48791.324,12.933
48791.426,12.98
48791.524,12.973
48791.616,12.993
48791.719,13.02
48791.816,13.033
48791.934,12.92
48792.017,13.04
48792.138,13.067
48792.235,13.12
48792.340,12.953
48792.448,12.927
48792.539,13.067
48792.662,13.12
48792.754,13.04
48792.845,13.027
48792.965,13.033
48793.017,12.953
48793.169,12.993
48793.221,13.007
48793.327,13.013
48793.442,12.94
48793.542,12.973
48793.663,12.927
48793.714,12.973
48793.812,12.987
48793.912,12.947
48794.009,12.933
48794.179,12.947
48794.222,12.947
48794.318,12.953
48794.415,12.933
48794.516,12.887
48794.614,13.053
48794.710,13.027
48794.807,12.9
48794.914,13.013
48795.014,12.993
48795.109,13.053
48795.206,12.993
48795.319,12.98
48795.415,12.993
48795.522,12.88
48795.604,13.02
48795.713,13.02
48795.819,13.1
48795.915,13.053
48796.016,12.927
48796.122,13.053
48796.220,13.073
48796.340,13.0
48796.427,13.107
48796.523,12.967
48846.645,12.973
48846.751,13.127
48846.841,13.053
48846.936,13.007
48847.060,12.873
48847.138,12.98
48847.257,12.853
48847.355,13.013
48847.454,12.913
48847.556,13.04
48847.607,12.94
48847.698,12.98
48847.798,13.06
48847.902,12.96
48847.999,12.98
48848.096,13.007
48848.222,12.94
48848.295,13.0
48848.413,12.92
48848.510,13.013
48848.612,13.06
48848.714,12.933
48848.809,12.88
48848.903,12.987
48849.000,12.987
48849.096,12.98
48849.214,13.0
48849.325,12.993
48849.412,13.08
48849.492,13.013
48849.613,12.967
48849.691,13.0
48849.803,12.953
48849.902,13.02
48850.010,12.853
48850.092,12.9
48850.199,12.98
48850.323,12.98
48850.426,13.02
48850.512,12.893
48850.644,13.007
48850.764,13.073
48850.838,13.027
48850.934,12.993
48850.986,12.913
48851.086,13.06
48851.253,12.953
48851.351,13.08
48851.448,12.92
48851.540,13.0
48851.596,12.893
48851.690,12.887
48851.788,12.987
48851.897,12.947
48852.002,12.92
48852.099,12.993
48852.196,13.047
48852.288,12.92
48852.397,12.933
48852.493,12.893
48852.594,12.96
48852.699,12.953
48852.793,12.907
48852.900,13.007
48852.999,12.933
48853.088,12.96
48853.184,12.9
48853.284,12.933
48853.384,13.007
48853.504,13.007
48853.602,13.0
48853.697,12.98
48853.803,12.967
48853.896,12.967
48854.015,12.947
48854.103,12.973
48854.214,12.907
48854.311,12.973
48854.427,12.973
48854.510,12.98
48854.632,13.033
48854.729,13.06
48854.787,13.047
48854.888,12.933
48854.991,12.86
48855.074,12.94
48855.248,13.0
48855.275,12.927
48855.380,12.88
48855.489,12.96
48855.640,12.993
48855.691,12.98
48855.776,12.96
48855.873,12.967
48855.990,12.947
48856.088,12.953
48856.208,13.06
48856.279,12.98
48856.378,13.04
48856.480,12.973
48856.577,12.987
48906.674,12.967
48906.787,12.887
48906.884,13.107
48906.981,12.987
48907.085,13.007
48907.183,13.02
48907.279,12.98
48907.409,12.92
48907.480,13.053
48907.599,13.013
48907.695,13.013
48907.788,12.94
48907.912,12.973
48908.010,12.993
48908.103,12.953
48908.213,13.02
48908.308,12.993
48908.406,13.087
48908.513,12.993
48908.623,12.973
48908.718,13.047
48908.769,13.093
48908.922,12.973
48909.020,13.08
48909.072,12.947
48909.166,12.933
48909.271,12.993
48909.367,12.967
48909.467,12.973
48909.586,13.0
48909.677,12.927
48909.776,12.94
48909.872,13.007
48909.981,12.96
48910.063,12.933
48910.161,12.973
48910.257,13.013
48910.372,13.067
48910.462,12.947
48910.559,12.967
48910.660,12.96
48910.761,13.007
48910.859,12.92
48910.955,12.993
48911.057,13.033
48911.179,13.073
48911.274,12.92
48911.371,13.093
48911.495,12.973
48911.591,12.953
48911.686,12.953
48911.786,12.953
48911.888,13.08
48912.008,12.927
48912.105,12.913
48912.191,12.96
48912.301,12.98
48912.352,12.967
48912.513,13.0
48912.555,12.953
48912.651,12.853
48912.818,12.953
48912.922,12.98
48912.966,13.073
48913.057,12.933
48913.155,13.1
48913.257,12.987
48913.356,13.06
48913.480,12.96
48913.572,13.047
48913.657,13.007
48913.751,13.073
48913.849,12.967
48913.968,12.973
48914.068,13.013
48914.193,12.96
48914.261,13.027
48914.359,12.92
48914.462,12.953
48914.558,12.82
48914.647,12.987
48914.760,12.953
48914.870,13.02
48914.956,12.993
48915.077,13.02
48915.171,12.967
48915.262,13.047
48915.364,13.02
48915.494,12.98
48915.584,13.053
48915.655,12.987
48915.762,12.94
48915.906,12.967
48915.974,13.06
48916.074,12.973
48916.177,12.92
48916.299,12.927
48916.389,13.013
48916.442,13.02
48916.539,13.013
48966.646,12.947
48966.741,13.1
48966.905,13.033
48967.009,13.1
48967.061,13.087
48967.154,12.933
48967.249,12.873
48967.358,12.993
48967.460,12.92
48967.557,13.033
48967.719,12.973
48967.748,13.027
48967.845,13.02
48967.939,12.953
48968.036,12.92
48968.136,13.047
48968.257,13.053
48968.352,12.873
48968.436,13.02
48968.546,12.84
48968.666,12.96
48968.763,12.967
48968.846,12.94
48968.968,13.027
48969.064,13.02
48969.169,13.04
48969.256,13.06
48969.376,13.02
48969.435,13.053
48969.580,13.027
48969.642,13.02
48969.743,12.98
48969.854,12.92
48969.962,12.967
48970.083,12.953
48970.135,12.893
48970.228,13.007
48970.383,12.873
48970.434,12.927
48970.539,12.967
48970.639,13.073
48970.741,12.987
48970.838,12.993
48970.936,12.927
48971.030,13.0
48971.127,13.047
48971.246,13.02
48971.344,13.0
48971.442,12.927
48971.523,13.02
48971.668,12.993
48971.741,13.027
48971.830,13.033
48971.926,12.92
48972.044,13.067
48972.129,13.133
48972.245,12.967
48972.347,12.96
48972.442,12.933
48972.548,12.953
48972.645,12.987
48972.740,12.947
48972.844,12.993
48972.957,12.96
48973.045,13.0
48973.120,12.96
48973.259,13.067
48973.323,12.913
48973.428,13.0
48973.534,12.993
48973.638,13.08
48973.739,12.967
48973.820,12.973
48973.990,12.953
48974.048,13.167
48974.124,13.027
48974.222,12.98
48974.356,12.913
48974.430,12.94
48974.532,13.067
48974.635,12.92
48974.730,12.927
48974.822,13.0
48974.922,12.993
48975.015,12.993
48975.122,13.013
48975.216,13.047
48975.314,12.92
48975.417,12.96
48975.527,12.953
48975.631,12.913
48975.727,12.987
48975.827,12.98
48975.924,12.953
48976.021,12.953
48976.116,13.033
48976.220,12.987
48976.340,13.053
48976.437,12.88
48976.518,12.94
49026.649,13.027
49026.745,13.0
49026.842,12.993
49026.955,13.08
49027.054,12.953
49027.148,13.04
49027.254,12.96
49027.368,12.96
49027.466,12.907
49027.564,13.22
49027.666,12.967
49027.763,13.007
49027.814,13.087
49027.906,12.987
49028.013,12.92
49028.110,13.033
49028.207,13.007
49028.314,13.067
49028.418,13.06
49028.515,13.027
49028.624,13.0
49028.724,12.88
49028.810,13.027
49028.911,13.007
49029.013,12.947
49029.115,12.967
49029.202,12.98
49029.324,12.98
49029.410,12.96
49029.504,12.9
49029.621,12.873
49029.707,12.96
49029.828,12.947
49029.915,12.987
49030.012,13.053
49030.133,13.047
49030.238,13.02
49030.337,12.993
49030.433,12.993
49030.533,12.94
49030.630,13.053
49030.724,12.993
49030.844,13.013
49030.962,13.007
49031.035,12.993
49031.156,12.993
49031.249,13.0
49031.296,13.013
49031.399,13.0
49031.499,13.007
49031.665,12.94
49031.704,13.02
49031.796,12.94
49031.894,13.107
49032.076,12.973
49032.104,13.007
49032.200,12.927
49032.308,13.047
49032.400,13.007
49032.512,13.007
49032.609,12.96
49032.704,13.087
49032.797,12.953
49032.894,13.013
49033.036,13.06
49033.109,13.053
49033.209,12.9
49033.309,12.96
49033.392,12.98
49033.501,12.907
49033.603,13.02
49033.700,12.8
49033.805,12.86
49033.910,12.987
49034.005,13.007
49034.090,12.98
49034.211,13.0
49034.299,13.0
49034.419,12.92
49034.506,13.02
49034.616,13.007
49034.740,12.847
49034.836,12.867
49034.935,12.987
49035.041,13.16
49035.136,13.047
49035.188,13.033
49035.340,12.98
49035.384,12.94
49035.550,12.893
49035.645,13.007
49035.750,12.967
49035.802,12.98
49035.893,12.92
49035.989,12.94
49036.098,13.153
49036.195,12.953
49036.290,13.06
49036.394,13.053
49036.482,13.0
49036.578,12.987
49086.688,12.94
49086.809,12.947
49086.894,12.873
49086.997,13.007
49087.093,13.033
49087.178,13.02
49087.290,12.973
49087.385,13.013
49087.477,12.98
49087.588,13.067
49087.710,13.047
49087.807,12.88
49087.911,12.94
49087.994,13.013
49088.115,12.86
49088.212,13.013
49088.323,12.893
49088.419,13.013
49088.517,12.96
49088.613,12.933
49088.721,13.08
49088.773,12.993
49088.874,13.033
49088.989,13.053
49089.129,13.06
49089.181,13.053
49089.286,13.06
49089.430,13.073
49089.480,13.04
49089.578,12.927
49089.677,12.98
49089.809,13.06
49089.885,12.967
49089.983,12.927
49090.087,12.913
49090.185,12.927
49090.305,12.927
49090.379,13.013
49090.485,12.98
49090.588,12.993
49090.688,12.873
49090.768,13.0
49090.886,12.953
49090.974,13.0
49091.073,13.007
49091.169,12.913
49091.289,12.973
49091.384,12.987
49091.481,12.927
49091.588,13.02
49091.680,12.96
49091.800,13.047
49091.896,13.033
49091.998,12.94
49092.097,13.0
49092.214,13.02
49092.322,13.02
49092.411,13.02
49092.508,13.047
49092.604,13.027
49092.706,12.967
49092.827,12.913
49092.923,13.033
49093.020,13.02
49093.125,12.987
49093.174,12.98
49093.266,12.94
49093.363,13.093
49093.474,13.04
49093.573,12.913
49093.669,12.92
49093.840,12.92
49093.870,12.987
49093.964,12.96
49094.061,13.02
49094.159,13.033
49094.269,13.013
49094.368,12.96
49094.465,12.993
49094.571,12.913
49094.659,12.98
49094.758,12.953
49094.860,12.987
49094.958,13.047
49095.065,12.88
49095.167,12.887
49095.265,12.96
49095.375,13.013
49095.455,13.007
49095.559,13.02
49095.664,12.933
49095.786,13.02
49095.899,12.96
49095.997,12.993
49096.084,12.887
49096.205,13.06
49096.299,13.007
49096.409,13.027
49096.506,12.973
49096.606,12.84
49386.658,13.047
49386.756,12.96
49386.857,12.973
49386.953,12.967
49387.050,13.087
49387.156,13.033
49387.257,13.02
49387.363,13.0
49387.467,12.907
49387.545,13.013
49387.647,12.973
49387.767,13.067
49387.859,12.973
49387.955,12.927
49388.054,12.947
49388.156,13.007
49388.245,12.993
49388.346,12.993
49388.464,12.967
49388.544,13.033
49388.649,13.013
49388.751,13.1
49388.844,12.967
49388.953,12.9
49389.045,12.913
49389.152,13.047
49389.253,12.98
49389.374,13.053
49389.471,12.98
49389.547,13.007
49389.678,12.98
49389.784,13.027
49389.879,12.967
49389.998,13.02
49390.086,12.94
49390.181,12.993
49390.300,13.047
49390.406,12.967
49390.493,12.887
49390.545,12.967
49390.638,12.993
49390.795,12.927
49390.848,13.067
49390.945,12.98
49391.041,13.013
49391.142,12.96
49391.252,12.993
49391.350,12.933
49391.454,13.033
49391.536,13.007
49391.633,12.92
49391.753,13.027
49391.849,13.027
49391.945,12.98
49392.042,12.953
49392.141,12.967
49392.245,12.913
49392.353,12.913
49392.434,12.94
49392.554,12.927
49392.655,12.967
49392.753,12.973
49392.852,12.907
49392.945,12.953
49393.048,12.913
49393.171,12.993
49393.268,13.007
49393.355,12.913
49393.457,13.12
49393.577,13.013
49393.675,13.113
49393.783,12.927
49393.876,13.053
49393.993,12.96
49394.047,12.96
49394.128,12.94
49394.227,12.987
49394.369,12.913
49394.493,12.94
49394.593,13.007
49394.686,13.173
49394.737,13.027
49394.840,12.893
49394.935,12.92
49395.038,12.98
49395.135,12.953
49395.223,12.967
49395.343,12.933
49395.440,12.973
49395.552,12.84
49395.634,12.94
49395.731,12.993
49395.830,12.967
49395.920,12.993
49396.029,13.0
49396.127,13.04
49396.222,12.993
49396.334,13.007
49396.432,13.0
49396.551,12.927
49446.655,12.96
49446.745,13.0
49446.843,13.027
49446.962,12.973
49447.043,12.953
49447.165,12.98
49447.265,13.053
49447.361,13.02
49447.415,13.013
49447.567,12.913
49447.628,12.987
49447.733,13.053
49447.837,12.993
49447.942,13.02
49448.018,12.94
49448.124,12.9
49448.216,13.073
49448.327,13.093
49448.429,12.98
49448.514,12.94
49448.636,12.9
49448.716,13.027
49448.814,12.887
49448.927,12.953
49449.023,12.987
49449.127,12.993
49449.227,13.027
49449.312,12.993
49449.432,13.047
49449.531,12.967
49449.624,12.973
49449.721,12.987
49449.818,13.0
49449.916,12.973
49450.032,13.08
49450.126,12.927
49450.222,12.88
49450.329,13.033
49450.443,12.973
49450.539,13.0
49450.632,12.987
49450.741,13.007
49450.838,13.093
49450.958,12.967
49451.066,12.927
49451.139,12.92
49451.258,12.967
49451.355,12.933
49451.476,13.033
49451.504,12.993
49451.665,12.987
49451.761,12.887
49451.869,12.893
49451.966,12.94
49452.064,13.0
49452.115,12.96
49452.218,12.953
49452.312,12.967
49452.413,13.067
49452.551,12.967
49452.603,12.987
49452.706,12.98
49452.803,12.953
49452.903,12.987
49453.015,13.04
49453.112,12.98
49453.198,13.033
49453.312,12.927
49453.407,12.933
49453.507,12.947
49453.606,12.927
49453.706,12.96
49453.801,12.9
49453.920,12.987
49454.004,13.033
49454.119,13.0
49454.218,12.9
49454.312,12.92
49454.441,13.0
49454.540,13.013
49454.635,13.007
49454.739,12.92
49454.802,12.913
49454.946,12.92
49455.042,13.02
49455.152,12.9
49455.249,13.06
49455.345,12.893
49455.396,13.013
49455.500,13.1
49455.591,13.033
49455.757,12.953
49455.850,13.02
49455.955,13.047
49456.007,12.92
49456.101,12.907
49456.210,13.007
49456.309,12.94
49456.410,13.013
49456.577,13.04
49456.595,12.967
49506.693,13.027
49506.793,12.987
49506.897,13.02
49506.989,13.1
49507.101,12.987
49507.204,12.973
49507.286,12.96
49507.396,12.947
49507.494,12.913
49507.602,13.0
49507.692,12.94
49507.790,13.007
49507.911,13.007
49508.009,13.047
49508.116,12.98
49508.214,13.067
49508.310,12.993
49508.415,12.907
49508.528,12.933
49508.623,13.053
49508.722,13.067
49509.051,12.98
49509.163,12.893
49509.182,12.967
49509.285,12.987
49509.383,13.0
49509.484,12.98
49509.587,13.0
49509.683,13.007
49509.784,13.027
49509.885,13.047
49509.992,13.027
49510.091,12.94
49510.188,13.033
49510.277,12.953
49510.397,13.113
49510.480,12.993
49510.577,13.047
49510.687,12.94
49510.784,12.947
49510.881,12.973
49510.986,13.04
49511.094,13.02
49511.196,13.127
49511.274,13.073
49511.399,12.98
49511.480,12.973
49511.583,12.967
49511.689,12.987
49511.791,13.067
49511.877,13.033
49511.998,13.007
49512.088,12.947
49512.197,13.053
49512.317,12.933
49512.415,13.087
49512.526,13.0
49512.625,13.06
49512.720,13.113
49512.825,13.073
49512.868,13.08
49513.031,13.127
49513.129,13.0
49513.236,13.047
49513.333,12.987
49513.430,12.96
49513.482,13.087
49513.584,13.013
49513.679,12.98
49513.776,12.973
49513.874,13.0
49513.987,12.967
49514.085,13.007
49514.183,12.867
49514.295,12.947
49514.374,12.86
49514.471,12.94
49514.570,12.953
49514.663,13.12
49514.775,12.973
49514.877,12.907
49514.984,13.0
49515.074,12.993
49515.170,13.027
49515.273,13.067
49515.397,13.047
49515.484,12.953
49515.582,12.947
49515.665,12.907
49515.782,12.92
49515.873,12.967
49515.995,13.027
49516.088,13.013
49516.204,13.02
49516.300,13.073
49516.394,13.027
49516.501,12.9
49516.613,12.967
49566.711,12.98
49566.762,12.927
49566.912,13.02
49566.964,12.953
49567.060,12.933
49567.160,12.933
49567.259,12.927
49567.357,12.84
49567.477,13.027
49567.579,12.993
49567.671,12.933
49567.772,12.96
49567.870,13.053
49567.970,12.96
49568.057,12.92
49568.157,12.953
49568.252,12.987
49568.366,13.0
49568.462,12.98
49568.562,13.013
49568.656,12.927
49568.773,12.927
49568.870,13.06
49568.967,13.087
49569.072,13.053
49569.160,12.94
49569.280,12.953
49569.378,13.053
49569.484,13.0
49569.581,12.92
49569.676,13.027
49569.774,12.98
49569.876,12.94
49569.996,13.027
49570.093,13.013
49570.174,12.953
49570.308,12.92
49570.358,13.04
49570.506,12.973
49570.567,12.933
49570.670,12.973
49570.746,12.92
49570.848,12.913
49570.957,13.053
49571.055,13.1
49571.154,13.027
49571.294,13.033
49571.348,12.96
49571.444,12.947
49571.565,12.933
49571.645,12.953
49571.760,12.867
49571.860,13.0
49571.956,12.927
49572.051,13.027
49572.149,12.967
49572.245,12.887
49572.380,12.94
49572.440,12.967
49572.560,12.973
49572.658,12.96
49572.754,12.953
49572.858,13.0
49572.955,12.947
49573.051,12.967
49573.159,12.887
49573.280,12.98
49573.377,13.033
49573.482,12.913
49573.574,13.04
49573.670,12.907
49573.792,12.953
49573.869,13.027
49573.989,13.0
49574.085,12.947
49574.184,12.98
49574.289,13.0
49574.340,13.107
49574.440,12.993
49574.596,12.993
49574.699,12.9
49574.750,13.06
49574.842,12.993
49574.952,12.98
49575.055,12.947
49575.150,13.053
49575.246,13.007
49575.342,12.94
49575.433,12.88
49575.537,12.993
49575.640,12.953
49575.731,12.927
49575.876,12.867
49575.946,12.993
49576.055,12.86
49576.146,12.973
49576.240,12.853
49576.336,12.947
49576.446,12.967
49576.544,12.927
49626.639,13.053
49626.759,12.96
49626.859,13.027
49626.956,12.947
49627.053,12.913
49627.159,13.0
49627.270,12.967
49627.370,12.967
49627.469,12.913
49627.572,12.907
49627.667,12.92
49627.762,13.12
49627.894,12.94
49627.981,12.967
49628.077,13.113
49628.128,12.867
49628.275,12.853
49628.328,12.94
49628.427,12.953
49628.526,12.92
49628.628,12.96
49628.738,13.013
49628.833,12.893
49628.931,12.98
49629.042,13.04
49629.140,12.94
49629.236,12.907
49629.334,13.027
49629.430,12.913
49629.535,12.8
49629.636,12.867
49629.730,12.993
49629.826,13.1
49629.928,13.093
49630.039,13.113
49630.142,12.94
49630.224,13.0
49630.328,13.02
49630.426,12.96
49630.531,12.933
49630.642,12.927
49630.738,12.96
49630.835,12.927
49630.945,13.007
49631.029,12.98
49631.145,13.04
49631.244,12.933
49631.365,13.027
49631.463,12.947
49631.567,12.967
49631.653,12.893
49631.774,13.007
49631.871,13.013
49631.979,12.933
49632.075,12.987
49632.173,12.987
49632.225,12.973
49632.326,12.947
49632.428,12.907
49632.530,13.08
49632.626,13.047
49632.718,12.953
49632.837,12.98
49632.916,12.947
49633.039,12.993
49633.113,13.0
49633.225,12.913
49633.323,13.033
49633.430,12.94
49633.526,12.873
49633.623,12.927
49633.709,13.027
49633.818,12.94
49633.913,13.0
49634.008,12.987
49634.140,12.92
49634.213,12.88
49634.333,12.893
49634.432,13.013
49634.521,13.02
49634.644,12.953
49634.725,13.093
49634.805,13.08
49634.910,13.087
49635.010,13.133
49635.120,13.067
49635.246,12.953
49635.348,12.96
49635.442,13.013
49635.517,12.987
49635.655,12.98
49635.753,13.013
49635.802,12.98
49635.904,12.94
49636.006,13.027
49636.103,12.913
49636.202,12.887
49636.320,12.893
49636.416,12.867
49636.513,13.073
49636.614,13.007
49686.713,12.973
49686.797,13.013
49686.905,12.933
49687.002,12.98
49687.104,13.06
49687.201,12.933
49687.298,12.94
49687.415,12.767
49687.513,12.913
49687.610,13.053
49687.707,13.12
49687.815,13.027
49687.921,13.08
49688.002,12.927
49688.123,13.033
49688.226,12.98
49688.315,12.973
49688.392,12.947
49688.496,13.047
49688.621,13.0
49688.708,12.913
49688.827,13.027
49688.916,12.987
49689.025,12.92
49689.145,12.967
49689.241,13.027
49689.354,13.08
49689.450,13.013
49689.548,12.88
49689.652,13.007
49689.699,12.9
49689.799,12.913
49689.893,12.98
49689.990,12.993
49690.088,12.98
49690.208,13.02
49690.302,12.973
49690.388,13.04
49690.516,13.033
49690.594,13.053
49690.694,13.047
49690.790,12.927
49690.888,12.953
49690.987,12.96
49691.125,12.94
49691.205,12.973
49691.301,12.933
49691.399,12.993
49691.491,12.987
49691.606,13.04
49691.708,12.853
49691.807,12.953
49691.902,12.907
49692.000,12.927
49692.104,12.967
49692.183,12.967
49692.285,12.967
49692.394,12.94
49692.515,12.953
49692.609,12.927
49692.733,13.067
49692.829,13.107
49692.927,13.08
49693.029,13.027
49693.078,13.093
49693.242,12.993
49693.328,13.067
49693.441,13.047
49693.540,12.947
49693.590,12.907
49693.740,13.06
49693.792,13.007
49693.885,12.953
49693.982,12.947
49694.087,12.98
49694.189,12.94
49694.285,12.967
49694.382,12.987
49694.474,12.893
49694.595,12.927
49694.674,12.953
49694.798,13.02
49694.886,12.96
49694.986,12.96
49695.084,12.947
49695.188,13.06
49695.285,13.053
49695.383,12.953
49695.477,13.027
49695.601,12.953
49695.699,12.933
49695.795,12.993
49695.901,13.067
49695.989,12.947
49696.110,13.073
49696.205,12.933
49696.312,13.087
49696.408,13.033
49696.506,13.093
49696.635,12.98
49986.705,13.027
49986.827,13.007
49986.926,12.96
49987.001,12.913
49987.066,13.033
49987.232,12.927
49987.329,12.973
49987.371,12.9
49987.473,13.067
49987.569,12.96
49987.666,12.933
49987.784,13.06
49987.864,12.96
49987.967,13.007
49988.149,12.973
49988.176,12.973
49988.265,13.067
49988.376,12.973
49988.473,12.933
49988.573,12.933
49988.679,12.953
49988.780,12.9
49988.881,12.94
49988.960,12.86
49989.069,12.947
49989.178,13.107
49989.276,13.047
49989.363,13.067
49989.485,12.947
49989.579,12.947
49989.689,13.08
49989.784,13.087
49989.902,12.987
49989.987,13.013
49990.108,13.02
49990.204,12.933
49990.309,12.987
49990.392,12.987
49990.514,12.933
49990.610,13.02
49990.722,13.087
49990.820,12.927
49990.918,13.033
49991.014,13.02
49991.115,13.08
49991.167,12.913
49991.260,12.927
49991.355,12.94
49991.463,13.053
49991.565,13.013
49991.668,12.88
49991.780,13.06
49991.855,13.08
49991.986,13.193
49992.055,12.9
49992.172,13.053
49992.268,12.987
49992.362,13.0
49992.468,12.98
49992.559,12.947
49992.670,13.047
49992.766,12.88
49992.850,13.007
49992.952,12.927
49993.054,13.0
49993.157,13.007
49993.249,12.987
49993.368,13.02
49993.453,12.967
49993.574,12.913
49993.656,12.907
49993.774,12.84
49993.866,12.947
49993.989,13.06
49994.071,12.96
49994.190,13.0
49994.284,13.02
49994.396,13.007
49994.497,12.94
49994.548,13.04
49994.720,13.127
49994.746,13.053
49994.845,12.993
49994.942,13.033
49995.043,12.947
49995.150,13.02
49995.248,13.08
49995.344,12.96
49995.454,13.0
49995.550,12.993
49995.649,12.953
49995.745,12.947
49995.875,13.087
49995.946,13.0
49996.044,12.973
49996.139,13.027
49996.258,13.013
49996.355,13.027
49996.452,13.027
49996.558,13.013
50046.639,13.0
50046.741,13.02
50046.843,13.193
50046.945,12.987
50047.049,13.14
50047.155,12.967
50047.257,13.067
50047.335,12.967
50047.441,13.033
50047.547,13.133
50047.664,12.967
50047.770,12.973
50047.892,12.98
50047.988,12.993
50048.073,12.96
50048.194,12.98
50048.288,13.033
50048.395,13.007
50048.486,13.027
50048.539,13.053
50048.632,13.107
50048.807,12.92
50048.837,13.047
50048.933,12.927
50049.032,12.947
50049.131,13.093
50049.243,13.12
50049.345,12.987
50049.440,12.987
50049.530,12.967
50049.630,12.973
50049.749,12.98
50049.867,13.013
50049.943,12.947
50050.043,13.04
50050.138,13.027
50050.234,12.96
50050.346,12.973
50050.447,12.827
50050.542,12.913
50050.644,13.02
50050.742,12.96
50050.837,12.94
50050.968,13.0
50051.061,13.133
50051.144,12.993
50051.247,12.967
50051.351,13.007
50051.428,12.973
50051.535,13.067
50051.637,13.027
50051.740,12.94
50051.847,13.06
50051.954,12.933
50052.070,12.88
50052.183,12.927
50052.279,12.987
50052.328,13.04
50052.483,12.987
50052.536,12.94
50052.628,12.98
50052.726,13.007
50052.830,12.92
50052.931,12.953
50053.027,12.96
50053.124,13.013
50053.217,13.0
50053.338,12.987
50053.417,12.907
50053.542,12.927
50053.625,13.02
50053.725,12.993
50053.823,12.853
50053.932,12.98
50054.034,12.973
50054.132,13.0
50054.227,12.967
50054.319,13.047
50054.440,13.06
50054.541,12.993
50054.642,13.0
50054.728,13.093
50054.849,13.093
50054.943,12.953
50055.054,12.92
50055.151,12.94
50055.248,12.953
50055.402,12.953
50055.454,13.027
50055.547,13.073
50055.624,12.933
50055.744,13.0
50055.826,13.04
50055.933,12.993
50056.040,13.0
50056.113,12.96
50056.269,12.98
50056.319,12.88
50056.427,13.0
50056.522,13.133
50056.609,13.007
50106.729,12.98
50106.823,12.98
50106.920,12.92
50107.039,12.927
50107.107,12.92
50107.217,12.887
50107.311,12.933
50107.406,12.92
50107.526,13.04
50107.620,13.0
50107.718,13.02
50107.813,13.033
50107.909,12.9
50108.020,13.033
50108.115,12.933
50108.211,12.967
50108.322,13.147
50108.430,13.073
50108.527,13.06
50108.623,13.013
50108.729,13.007
50108.823,13.073
50108.944,13.067
50109.053,13.06
50109.140,13.02
50109.234,12.953
50109.354,13.047
50109.439,12.987
50109.562,13.067
50109.659,13.0
50109.754,13.013
50109.859,13.0
50109.908,13.047
50110.008,12.913
50110.156,12.92
50110.196,12.907
50110.306,13.02
50110.410,12.96
50110.524,12.933
50110.598,12.92
50110.704,13.013
50110.807,13.047
50110.916,12.96
50111.035,13.013
50111.135,13.007
50111.213,12.967
50111.304,12.907
50111.399,12.967
50111.495,12.973
50111.627,12.94
50111.716,13.073
50111.810,12.947
50111.905,13.04
50111.998,13.02
50112.107,13.0
50112.203,12.94
50112.326,12.973
50112.430,13.027
50112.525,13.04
50112.623,12.92
50112.729,12.98
50112.839,12.933
50112.934,13.013
50113.031,12.967
50113.140,13.02
50113.237,12.933
50113.329,13.033
50113.463,12.96
50113.553,12.993
50113.651,12.967
50113.747,13.0
50113.798,13.047
50113.888,13.02
50113.989,12.927
50114.089,12.953
50114.198,12.967
50114.306,12.92
50114.402,12.947
50114.499,13.013
50114.589,13.013
50114.686,12.96
50114.790,13.027
50114.894,12.98
50115.000,13.033
50115.095,13.1
50115.202,13.027
50115.301,13.053
50115.387,13.107
50115.490,12.993
50115.588,13.0
50115.688,13.027
50115.782,13.02
50115.910,12.947
50115.987,13.033
50116.105,12.98
50116.206,12.973
50116.326,12.907
50116.404,13.0
50116.513,12.933
50116.606,13.0
50166.729,12.96
50166.820,12.927
50166.937,13.067
50167.029,12.96
50167.140,13.0
50167.229,13.067
50167.281,12.967
50167.440,13.0
50167.550,13.04
50167.579,12.96
50167.674,13.033
50167.773,12.993
50167.873,13.04
50167.990,13.02
50168.085,13.027
50168.181,13.067
50168.295,13.007
50168.391,13.027
50168.556,12.953
50168.609,12.927
50168.714,12.98
50168.792,13.013
50168.916,12.933
50168.983,12.927
50169.089,13.047
50169.188,12.98
50169.286,12.993
50169.388,13.04
50169.483,13.0
50169.580,12.947
50169.712,12.847
50169.804,12.973
50169.883,13.08
50170.006,12.967
50170.077,12.987
50170.211,12.927
50170.308,13.027
50170.405,13.047
50170.515,12.96
50170.611,12.973
50170.706,12.973
50170.814,12.913
50170.927,13.073
50170.978,13.053
50171.082,13.067
50171.226,12.987
50171.292,12.953
50171.368,13.027
50171.470,12.967
50171.574,12.96
50171.675,12.94
50171.776,12.967
50171.884,12.987
50171.979,12.98
50172.075,13.087
50172.195,13.14
50172.283,12.973
50172.372,12.947
50172.468,13.02
50172.565,12.9
50172.674,12.933
50172.772,12.913
50172.868,12.907
50172.964,12.92
50173.063,12.987
50173.183,12.947
50173.280,12.987
50173.387,13.113
50173.474,13.06
50173.569,13.04
50173.689,12.987
50173.799,13.06
50173.894,13.147
50173.992,13.073
50174.089,12.927
50174.190,12.98
50174.310,13.033
50174.410,12.9
50174.510,13.02
50174.611,12.92
50174.707,12.94
50174.810,12.993
50174.856,12.96
50174.952,13.093
50175.053,12.893
50175.154,12.973
50175.321,12.973
50175.371,12.94
50175.463,12.993
50175.561,12.887
50175.658,12.987
50175.755,12.947
50175.856,12.993
50175.983,12.907
50176.054,13.013
50176.163,12.927
50176.257,13.0
50176.348,13.0
50176.469,12.947
50176.549,12.913
50226.670,13.06
50226.768,12.96
50226.849,12.927
50226.969,13.0
50227.061,13.02
50227.157,13.0
50227.260,13.02
50227.346,12.88
50227.446,13.073
50227.568,13.087
50227.649,12.973
50227.755,12.853
50227.859,12.947
50227.981,12.973
50228.096,13.087
50228.178,13.013
50228.299,12.853
50228.397,12.967
50228.494,13.12
50228.601,13.067
50228.696,13.007
50228.801,13.007
50228.852,13.08
50228.952,13.0
50229.044,13.0
50229.142,13.007
50229.240,12.987
50229.359,12.96
50229.454,12.987
50229.556,13.053
50229.657,13.02
50229.753,13.053
50229.850,13.073
50229.953,13.02
50230.047,12.987
50230.143,12.94
50230.239,12.94
50230.337,12.947
50230.439,12.907
50230.557,12.973
50230.653,12.907
50230.737,12.967
50230.839,13.033
50230.961,12.973
50231.035,12.933
50231.147,12.933
50231.270,13.007
50231.348,13.073
50231.471,12.873
50231.539,12.973
50231.639,13.067
50231.751,12.96
50231.854,12.893
50231.977,12.873
50232.064,12.927
50232.207,13.007
50232.297,13.013
50232.393,12.967
50232.488,12.953
50232.538,13.0
50232.628,12.927
50232.796,12.92
50232.846,12.94
50232.942,12.887
50233.042,12.92
50233.142,12.98
50233.240,12.967
50233.332,12.987
50233.435,12.88
50233.539,12.853
50233.636,13.0
50233.745,12.893
50233.840,12.967
50233.937,13.087
50234.044,12.987
50234.232,12.98
50234.235,12.953
50234.334,12.92
50234.433,12.98
50234.547,12.98
50234.645,12.987
50234.742,13.027
50234.848,12.953
50234.936,12.987
50235.033,13.0
50235.150,12.9
50235.245,12.94
50235.325,13.013
50235.428,12.907
50235.534,13.06
50235.631,12.953
50235.746,13.007
50235.882,12.96
50235.970,13.053
50236.018,12.967
50236.179,13.033
50236.268,13.08
50236.322,13.027
50236.419,13.013
50236.585,13.06
50236.616,12.973
50286.796,12.933
50286.825,13.007
50286.921,13.053
50287.032,13.047
50287.132,12.967
50287.230,13.053
50287.327,12.953
50287.422,13.08
50287.521,13.067
50287.624,12.907
50287.718,12.967
50287.832,12.94
50287.929,13.02
50288.026,12.973
50288.129,12.847
50288.229,12.92
50288.325,12.96
50288.418,12.913
50288.520,13.0
50288.643,12.927
50288.742,12.98
50288.820,13.127
50288.909,12.913
50289.053,12.873
50289.107,12.953
50289.212,12.98
50289.356,13.067
50289.421,12.94
50289.525,13.027
50289.633,12.96
50289.754,13.007
50289.808,13.02
50289.967,13.08
50290.063,13.027
50290.115,13.04
50290.208,13.027
50290.315,13.06
50290.412,13.047
50290.510,13.107
50290.609,13.013
50290.720,12.947
50290.818,12.987
50290.917,12.947
50291.025,13.013
50291.105,12.987
50291.215,12.96
50291.311,13.047
50291.421,13.0
50291.518,12.98
50291.613,12.907
50291.711,13.027
50291.805,12.967
50291.910,13.04
50292.031,12.947
50292.129,12.987
50292.208,13.007
50292.327,12.953
50292.426,13.047
50292.513,12.893
50292.635,12.92
50292.732,12.947
50292.826,12.973
50292.934,13.053
50293.026,12.933
50293.148,13.0
50293.231,12.953
50293.332,12.94
50293.453,13.04
50293.552,12.96
50293.641,13.0
50293.761,13.0
50293.856,12.987
50293.965,13.027
50294.006,13.007
50294.097,13.047
50294.195,12.987
50294.292,13.02
50294.402,13.02
50294.499,13.047
50294.595,12.953
50294.704,13.0
50294.791,12.973
50294.900,12.813
50294.996,12.967
50295.092,12.92
50295.236,12.973
50295.304,12.887
50295.406,13.04
50295.505,12.967
50295.603,12.993
50295.698,12.96
50295.804,13.007
50295.903,13.06
50296.002,13.047
50296.099,12.967
50296.215,13.027
50296.307,13.02
50296.407,12.933
50296.488,13.093
50296.590,13.007
50586.699,12.887
50586.820,13.02
50586.904,13.013
50587.010,13.02
50587.136,12.973
50587.232,12.947
50587.345,12.993
50587.439,13.02
50587.537,13.107
50587.589,13.073
50587.693,13.02
50587.852,12.907
50587.882,12.86
50588.053,12.907
50588.081,13.027
50588.201,12.973
50588.296,13.02
50588.400,13.04
50588.479,12.947
50588.598,12.973
50588.696,13.013
50588.785,12.967
50588.882,12.987
50589.000,12.913
50589.111,12.98
50589.179,12.987
50589.300,12.827
50589.395,12.947
50589.486,12.947
50589.594,13.087
50589.691,12.993
50589.811,12.993
50589.895,13.033
50589.989,13.067
50590.108,12.907
50590.213,12.993
50590.303,13.0
50590.422,12.953
50590.501,13.007
50590.625,12.98
50590.682,13.02
50590.780,12.993
50590.881,12.867
50590.995,12.947
50591.071,13.013
50591.186,13.093
50591.316,13.04
50591.402,12.933
50591.478,12.987
50591.609,13.1
50591.685,12.953
50591.786,12.933
50591.891,13.033
50591.970,12.953
50592.073,13.013
50592.170,12.913
50592.349,12.927
50592.377,12.88
50592.487,13.027
50592.588,13.107
50592.686,13.033
50592.787,13.067
50592.884,12.973
50592.980,13.007
50593.079,13.013
50593.189,13.013
50593.283,13.067
50593.383,12.98
50593.480,12.947
50593.590,13.053
50593.690,13.113
50593.786,12.893
50593.890,12.88
50594.004,12.82
50594.100,12.933
50594.196,12.92
50594.301,13.073
50594.396,12.953
50594.516,13.033
50594.624,12.893
50594.716,12.94
50594.814,12.94
50594.910,12.973
50594.961,13.1
50595.122,12.98
50595.219,12.907
50595.270,12.873
50595.359,12.913
50595.478,12.927
50595.568,13.027
50595.665,12.953
50595.774,12.88
50595.946,13.033
50595.974,13.067
50596.138,12.96
50596.165,12.98
50596.259,13.093
50596.379,12.98
50596.461,12.993
50596.574,12.967
50646.676,12.993
50646.776,12.907
50646.873,13.073
50646.976,13.047
50647.055,13.093
50647.167,12.973
50647.269,12.94
50647.373,12.993
50647.470,12.847
50647.575,13.027
50647.675,12.973
50647.766,12.947
50647.865,13.053
50647.970,12.947
50648.072,12.96
50648.172,12.987
50648.274,13.02
50648.375,13.007
50648.495,12.927
50648.583,13.007
50648.685,12.847
50648.755,12.92
50648.854,13.113
50648.949,12.953
50649.057,13.093
50649.154,13.08
50649.250,13.013
50649.349,13.047
50649.447,12.893
50649.568,12.967
50649.732,13.06
50649.770,12.96
50649.846,12.973
50649.966,12.927
50650.063,13.053
50650.159,13.013
50650.261,12.987
50650.361,13.04
50650.456,12.967
50650.549,12.987
50650.645,13.067
50650.763,13.033
50650.873,12.847
50650.966,12.993
50651.065,12.893
50651.160,12.967
50651.253,13.027
50651.374,12.947
50651.471,12.933
50651.566,12.96
50651.675,12.98
50651.765,13.02
50651.887,13.047
50651.978,12.92
50652.087,12.967
50652.183,12.987
50652.280,12.94
50652.386,13.053
50652.506,13.02
50652.601,12.953
50652.658,13.047
50652.802,12.96
50652.868,12.98
50652.942,12.98
50653.097,12.94
50653.147,12.88
50653.247,12.96
50653.354,13.007
50653.444,12.98
50653.538,13.0
50653.643,12.987
50653.739,13.02
50653.838,12.92
50653.935,12.953
50654.124,12.973
50654.153,12.947
50654.248,12.947
50654.332,13.093
50654.452,12.94
50654.550,12.933
50654.633,13.0
50654.754,13.02
50654.848,13.093
50654.958,13.013
50655.058,12.887
50655.154,13.033
50655.283,13.0
50655.359,13.033
50655.460,12.927
50655.554,12.933
50655.647,13.007
50655.757,13.067
50655.879,12.967
50655.973,13.0
50656.085,13.007
50656.182,13.073
50656.280,13.12
50656.334,13.073
50656.432,13.053
50656.591,13.04
50706.646,13.007
50706.797,12.993
50706.859,12.98
50706.934,12.94
50707.037,12.993
50707.143,13.08
50707.225,13.033
50707.324,12.98
50707.424,12.907
50707.523,12.973
50707.633,13.127
50707.739,12.98
50707.855,12.947
50707.926,13.02
50708.023,13.033
50708.123,13.133
50708.222,13.113
50708.334,12.967
50708.430,12.92
50708.524,13.027
50708.633,13.053
50708.729,13.033
50708.851,13.033
50708.958,13.033
50709.036,12.933
50709.155,13.0
50709.253,13.053
50709.343,13.027
50709.464,13.007
50709.562,12.973
50709.655,12.907
50709.761,13.013
50709.858,13.067
50709.978,13.007
50710.060,12.893
50710.169,12.947
50710.222,12.953
50710.315,13.08
50710.426,13.007
50710.523,12.94
50710.620,13.013
50710.715,13.06
50710.817,13.087
50710.917,13.027
50711.015,12.987
50711.132,12.987
50711.229,12.953
50711.325,12.913
50711.423,13.033
50711.530,12.973
50711.618,12.947
50711.713,12.947
50711.833,12.94
50711.920,12.92
50712.029,13.033
50712.110,13.007
50712.264,13.0
50712.321,13.08
50712.420,13.027
50712.526,13.027
50712.631,13.08
50712.742,13.007
50712.838,12.947
50712.935,12.987
50713.044,12.953
50713.132,13.027
50713.210,13.033
50713.312,13.013
50713.414,13.107
50713.521,12.92
50713.624,12.94
50713.745,12.973
50713.835,13.02
50713.934,13.14
50714.009,13.033
50714.145,13.033
50714.267,12.987
50714.318,13.093
50714.418,12.9
50714.519,12.973
50714.624,13.013
50714.703,12.987
50714.804,12.967
50714.905,13.0
50715.014,13.033
50715.110,12.94
50715.205,13.08
50715.312,12.947
50715.411,13.02
50715.508,13.027
50715.613,13.04
50715.709,13.013
50715.809,12.987
50715.909,12.967
50716.009,12.987
50716.101,13.02
50716.226,13.167
50716.307,13.087
50716.421,12.947
50716.516,13.033
50716.614,13.067
50766.718,13.06
50766.839,13.127
50766.939,13.053
50767.042,13.027
50767.131,13.0
50767.228,13.047
50767.349,12.907
50767.453,13.02
50767.549,13.013
50767.647,12.953
50767.696,13.02
50767.825,12.96
50767.899,12.907
50767.998,13.033
50768.104,13.0
50768.223,13.06
50768.299,12.887
50768.406,12.887
50768.512,13.027
50768.606,13.007
50768.709,12.953
50768.811,12.987
50768.903,12.993
50769.001,12.987
50769.099,13.0
50769.199,13.013
50769.290,12.993
50769.405,12.953
50769.505,12.907
50769.614,13.127
50769.694,13.027
50769.791,13.0
50769.896,13.0
50770.002,12.973
50770.105,12.92
50770.202,12.967
50770.310,12.987
50770.396,13.007
50770.514,13.087
50770.611,13.007
50770.717,13.013
50770.829,12.953
50770.923,12.987
50771.021,12.913
50771.128,13.053
50771.222,12.887
50771.345,13.073
50771.452,12.967
50771.544,12.927
50771.641,13.08
50771.738,13.007
50771.790,12.913
50771.884,13.007
50771.988,13.027
50772.085,12.993
50772.187,13.02
50772.365,12.927
50772.390,12.987
50772.485,13.073
50772.580,13.013
50772.699,12.847
50772.796,12.973
50772.892,13.06
50772.987,12.993
50773.083,12.987
50773.181,13.053
50773.288,13.033
50773.395,12.947
50773.483,13.033
50773.577,13.007
50773.701,13.087
50773.786,13.093
50773.890,12.953
50773.997,13.02
50774.093,13.033
50774.181,13.04
50774.302,13.047
50774.395,13.033
50774.501,12.98
50774.624,13.047
50774.719,13.047
50774.804,12.967
50774.924,12.873
50775.023,13.007
50775.127,12.973
50775.215,12.987
50775.335,12.96
50775.433,12.973
50775.539,12.96
50775.634,13.007
50775.731,12.927
50775.783,12.987
50775.886,13.06
50775.981,12.947
50776.152,13.033
50776.180,12.947
50776.275,12.94
50776.372,13.007
50776.467,12.993
50776.597,12.987
50826.676,13.06
50826.771,12.973
50826.869,13.013
50826.989,13.033
50827.066,12.98
50827.184,13.0
50827.282,13.007
50827.376,12.907
50827.471,12.887
50827.590,13.02
50827.700,12.893
50827.788,12.987
50827.883,12.96
50827.988,12.967
50828.111,13.0
50828.163,12.94
50828.309,13.153
50828.364,13.1
50828.469,12.94
50828.569,12.987
50828.673,12.973
50828.804,12.993
50828.886,13.067
50828.963,13.013
50829.087,12.96
50829.168,13.027
50829.298,13.053
50829.420,12.96
50829.470,12.947
50829.560,13.007
50829.677,13.0
50829.760,13.127
50829.880,13.02
50829.975,13.033
50830.072,13.007
50830.176,13.053
50830.271,12.92
50830.359,12.787
50830.478,12.887
50830.578,12.96
50830.674,12.727
50830.768,12.98
50830.865,13.033
50830.963,12.973
50831.077,12.953
50831.163,13.04
50831.257,13.1
50831.374,13.04
50831.461,13.013
50831.583,13.0
50831.678,13.073
50831.789,13.087
50831.888,12.987
50831.984,13.027
50832.080,12.907
50832.178,12.86
50832.301,13.02
50832.397,13.12
50832.477,12.853
50832.589,13.0
50832.711,13.013
50832.810,12.953
50832.915,13.033
50833.014,13.02
50833.111,13.02
50833.211,12.947
50833.253,13.06
50833.349,13.0
50833.447,12.993
50833.624,12.927
50833.648,13.013
50833.769,12.973
50833.865,12.987
50833.947,12.973
50834.065,13.013
50834.164,13.047
50834.266,13.033
50834.353,13.013
50834.454,12.98
50834.557,13.033
50834.682,13.06
50834.747,13.02
50834.852,13.013
50834.949,13.0
50835.054,12.94
50835.162,12.94
50835.261,12.987
50835.379,12.873
50835.461,12.973
50835.581,13.093
50835.677,13.0
50835.785,12.973
50835.875,13.013
50835.994,12.92
50836.089,13.047
50836.173,12.96
50836.292,13.047
50836.388,12.98
50836.478,13.04
50836.588,13.013
50886.639,13.027
50886.801,13.007
50886.894,12.953
50886.998,12.98
50887.048,12.973
50887.141,13.007
50887.255,13.027
50887.349,12.993
50887.447,13.0
50887.549,12.927
50887.646,13.073
50887.744,13.033
50887.842,12.96
50887.939,13.013
50888.057,13.027
50888.155,12.913
50888.252,12.973
50888.357,12.913
50888.445,13.04
50888.777,12.98
50888.847,12.94
50888.940,13.04
50889.045,12.973
50889.160,12.94
50889.234,13.033
50889.350,13.08
50889.460,12.993
50889.557,13.053
50889.656,13.06
50889.756,13.007
50889.870,13.073
50889.970,13.14
50890.056,13.14
50890.170,12.953
50890.242,13.093
50890.342,13.027
50890.442,12.98
50890.574,13.007
50890.632,12.987
50890.728,12.98
50890.830,12.98
50890.930,12.967
50891.048,12.96
50891.132,13.027
50891.228,13.08
50891.344,13.073
50891.445,13.08
50891.544,12.947
50891.674,13.053
50891.732,13.053
50891.833,12.98
50891.935,13.0
50892.032,13.06
50892.126,12.913
50892.238,12.96
50892.339,13.047
50892.424,12.993
50892.543,13.0
50892.638,13.073
50892.738,12.953
50892.840,13.027
50892.941,12.82
50893.040,13.013
50893.141,12.907
50893.228,12.913
50893.327,12.973
50893.450,13.047
50893.526,12.993
50893.638,12.913
50893.739,12.827
50893.838,12.98
50893.962,13.007
50894.083,12.933
50894.132,12.98
50894.280,12.953
50894.378,13.053
50894.475,12.98
50894.572,13.007
50894.629,12.893
50894.723,13.1
50894.821,13.047
50894.917,12.913
50895.019,12.887
50895.117,12.98
50895.222,12.987
50895.340,13.0
50895.417,13.033
50895.514,13.027
50895.634,12.913
50895.731,13.153
50895.822,13.193
50895.923,13.08
50896.021,12.94
50896.119,13.08
50896.231,13.12
50896.331,12.993
50896.443,12.96
50896.513,13.013
50896.618,12.933
48786.728,12.967
48786.823,13.06
48786.913,13.02
48787.034,13.02
48787.118,12.967
48787.246,13.007
48787.340,12.94
48787.431,12.993
48787.553,13.107
48787.657,13.053
48787.758,13.013
48787.858,12.867
48787.962,12.933
48788.066,13.02
48788.167,12.913
48788.281,12.987
48788.373,12.96
48788.474,13.067
48788.502,12.893
48788.692,13.08
48788.720,12.94
48788.816,12.967
48788.919,12.933
48789.015,12.973
48789.115,13.027
48789.215,13.08
48789.302,13.06
48789.406,13.093
48789.502,12.973
48789.609,12.987
48789.707,12.98
48789.817,13.027
48789.915,12.953
48790.010,12.893
48790.118,13.007
48790.216,13.007
48790.318,12.973
48790.419,12.907
48790.531,13.027
48790.635,13.007
48790.732,13.127
48790.852,12.993
48790.942,13.087
48791.036,13.033
48791.094,12.96
48791.240,13.053
48791.352,12.927
48791.407,12.967
48791.515,13.007
48791.657,13.033
48791.720,12.9
48791.844,12.953
48791.896,12.993
48792.050,12.98
48792.171,12.987
48792.198,13.073
48792.367,13.02
48792.393,12.98
48792.506,13.027
48792.614,13.113
48792.690,13.013
48792.802,12.967
48792.902,12.947
48793.008,12.98
48793.101,12.887
48793.197,13.053
48793.293,12.993
48793.391,12.98
48793.494,12.973
48793.588,12.92
48793.698,13.1
48793.800,13.073
48793.905,13.073
48794.005,13.073
48794.107,13.067
48794.210,13.093
48794.311,13.067
48794.413,13.013
48794.527,12.96
48794.620,13.007
48794.724,12.96
48794.823,13.133
48794.939,13.08
48795.036,13.047
48795.133,12.98
48795.233,13.02
48795.335,13.013
48795.438,13.093
48795.539,12.967
48795.643,12.933
48795.746,12.973
48795.847,12.98
48795.951,12.933
48796.052,13.013
48796.080,13.053
48796.260,12.953
48796.288,13.073
48796.389,13.007
48796.516,13.04
48796.589,13.007
48846.695,13.073
48846.800,13.053
48846.896,13.093
48846.980,13.08
48847.099,13.093
48847.190,13.093
48847.285,13.027
48847.383,12.98
48847.487,13.047
48847.589,12.94
48847.685,13.02
48847.784,12.933
48847.904,12.927
48848.002,12.96
48848.107,12.907
48848.211,12.973
48848.313,13.007
48848.411,13.04
48848.520,13.047
48848.621,13.027
48848.724,12.973
48848.826,12.96
48848.937,13.0
48849.031,12.98
48849.129,12.967
48849.228,12.953
48849.348,13.053
48849.432,13.013
48849.534,12.947
48849.637,12.993
48849.673,12.967
48849.771,12.953
48849.875,13.027
48849.974,12.987
48850.071,13.1
48850.176,13.027
48850.275,13.047
48850.377,13.113
48850.478,13.08
48850.581,12.993
48850.684,13.067
48850.776,13.0
48850.866,12.96
48850.967,13.067
48851.071,12.927
48851.186,12.973
48851.283,12.913
48851.379,12.887
48851.479,12.913
48851.584,12.993
48851.684,12.96
48851.780,13.047
48851.876,12.993
48851.991,13.007
48852.094,13.06
48852.190,12.927
48852.299,12.94
48852.395,12.953
48852.510,12.993
48852.612,13.007
48852.703,12.953
48852.810,13.047
48852.915,13.1
48853.025,13.1
48853.122,12.967
48853.219,12.953
48853.316,12.98
48853.424,13.08
48853.552,13.027
48853.632,13.04
48853.660,13.08
48853.836,13.06
48853.864,13.007
48853.963,12.953
48854.083,13.007
48854.170,12.907
48854.269,12.927
48854.371,12.947
48854.475,13.007
48854.576,13.02
48854.655,12.993
48854.756,13.047
48854.862,13.047
48854.969,13.02
48855.071,12.94
48855.186,12.9
48855.274,12.973
48855.379,12.947
48855.484,12.94
48855.552,12.927
48855.689,12.953
48855.780,13.073
48855.872,13.113
48855.974,13.1
48856.059,13.007
48856.181,13.06
48856.286,12.967
48856.373,13.1
48856.497,13.04
48856.593,13.073
48906.701,13.06
48906.804,13.02
48906.909,12.9
48907.024,12.947
48907.112,12.993
48907.213,13.073
48907.316,13.093
48907.433,12.927
48907.460,12.873
48907.555,12.847
48907.652,12.907
48907.757,13.053
48907.856,12.953
48907.956,12.907
48908.065,12.82
48908.148,12.847
48908.246,12.933
48908.363,12.96
48908.464,13.02
48908.545,13.067
